gene_name,baseMean,log2FoldChange,lfcSE,stat,pvalue,padj,significant
SFRP1,22524.44090026641,-6.356138632544355,0.16083280348335982,-39.52016314384508,0.0,0.0,True
ECRG4,707.050275999622,-6.012318124948575,0.1558168177004126,-38.585810015119144,0.0,0.0,True
PDE1C,644.5007311036368,-4.411585560882881,0.11499143202454605,-38.364471884663416,0.0,0.0,True
CARMN,1742.520125375576,-4.195883496833373,0.10325183908233505,-40.63737299136622,0.0,0.0,True
FAM107A,1349.2506106175597,-4.665110506320308,0.1225395060820454,-38.07025713974086,0.0,0.0,True
SYNM,9512.451031756644,-4.777310896703693,0.1261662320874443,-37.865210188670744,0.0,0.0,True
SPRY2,1612.1961831943195,-3.30657162458193,0.08349687560977931,-39.60114196410313,0.0,0.0,True
DMD,2998.508822066286,-4.317489168232002,0.11213677741039287,-38.50199076464503,0.0,0.0,True
ADAMTS9-AS2,137.49361812586696,-4.3707792937470495,0.11588082764276299,-37.71788122899219,0.0,0.0,True
CRYAB,12080.593219739303,-5.324718136644108,0.14169622736330714,-37.57840441998223,4.843446597664234e-309,1.6152410058550454e-305,True
PAMR1,1576.7151462017987,-4.29789946441613,0.11522247382325898,-37.300878221107496,1.5881734411218617e-304,4.814908735270269e-301,True
NRG2,174.0460278061729,-4.565994057183569,0.12309694560512906,-37.0926673666655,3.688392209432629e-301,1.0250349316030729e-297,True
C2orf88,427.4593801253676,-3.812001364394815,0.10301880134894845,-37.002967560093104,1.0259512159995699e-299,2.6318805463361275e-296,True
MYH11,12693.209532893403,-4.569636507055751,0.12375528582169393,-36.92477841827026,1.850250089576743e-298,4.407427874092485e-295,True
LINC02613,325.31280435056175,-4.795116074193414,0.130900171255058,-36.63185485716566,8.901046049580936e-294,1.978939898049831e-290,True
OSR1,751.4159337876104,-4.855069814451081,0.1327719559181535,-36.566982695080284,9.579611069523151e-293,1.9966903097345473e-289,True
KCNMB1,914.7984036342567,-3.754554401424911,0.10443451240700406,-35.95128004038161,4.833567448540406e-283,9.482037696551413e-280,True
KLHL29,651.9957366167289,-3.4372142445025893,0.09780935268275132,-35.141979271157595,1.541299190654399e-270,2.8555992616185305e-267,True
TSLP,90.83358154479247,-4.876917608391491,0.13899928078514878,-35.08591973169806,1.1052884705769572e-269,1.940013958172155e-266,True
ANGPTL7,179.0091909117797,-7.243685423581287,0.20799166462191127,-34.82680633740256,9.558333498069693e-266,1.593804319135631e-262,True
ATOH8,590.8927787527724,-4.479239070881873,0.1292663484665394,-34.65123850111171,4.2791683989471205e-263,6.795523187451787e-260,True
TRPM3,34.96078849598395,-4.018849277854587,0.11645232242377469,-34.510683807831946,5.546475276817658e-261,8.407700182117821e-258,True
GIPC2,246.42511930318634,-3.4465731317528916,0.09989114631141095,-34.503289420747954,7.160176167862423e-261,1.0381944131393215e-257,True
C10orf90,92.13818536986417,-5.7446275697400315,0.16804354664678348,-34.18535066874578,3.9917957728024963e-256,5.546766551132935e-253,True
KCNJ16,185.2487958156256,-6.9836235128757504,0.20516393090117546,-34.03923624489171,5.857044525027815e-254,7.813063114606105e-251,True
EPHB1,467.5739470419265,-3.700230528807988,0.10872282180128305,-34.033613803466615,7.093492681926898e-254,9.098495671137697e-251,True
CX3CL1,8892.821400002013,-3.8881654358827724,0.11466635445138998,-33.90851182533291,4.990474847933712e-252,6.163975766805235e-249,True
CAVIN2,2643.141696811188,-4.807096100627736,0.14190174376048847,-33.87622994077848,1.4918342564993863e-251,1.776827879285644e-248,True
MIR145,38.868497330312756,-5.078767777221864,0.15003213493182874,-33.85119980815805,3.484614919164115e-251,4.007186997903589e-248,True
SLC6A2,35.46878907326875,-5.814359887397233,0.17231822217110498,-33.74199091738429,1.4011618342082313e-249,1.5575782003003436e-246,True
SCN4B,1247.0807440191027,-3.2907425523516314,0.09807521744942159,-33.553252676178886,8.071375834433673e-247,8.682977829113825e-244,True
BOC,2025.9497234325972,-2.9459551451922574,0.08804415233729285,-33.459975103246464,1.8429145447458788e-245,1.920604911022822e-242,True
VEGFD,650.8278469373664,-5.622396831267515,0.16813552878375967,-33.439671388541086,3.6368207814484926e-245,3.6752829163795693e-242,True
S100B,1500.2241742815017,-5.467180494446978,0.16512016327766374,-33.11031424583469,2.1115479419962916e-240,2.0711180093421863e-237,True
CMTM5,21.86311611619119,-5.597390936028108,0.17069113937282443,-32.792510241567136,7.52927458465069e-236,7.174107946386167e-233,True
NSG1,310.27413818744066,-4.464991491062386,0.13677925888678588,-32.64377601839561,9.820515298275142e-234,9.097343463393825e-231,True
CNN1,4373.3609598136045,-4.229290839154787,0.13010617833868418,-32.50645659689861,8.642631463443559e-232,7.789813964172412e-229,True
AQP1,12394.731734960817,-2.7298837504425277,0.08424415148548507,-32.40443048337754,2.3773283657465624e-230,2.0863558860337397e-227,True
ITIH5,7144.519947127349,-4.782764987922364,0.14765070969674415,-32.39242803333324,3.5085667188375624e-230,3.0001843976029195e-227,True
SOX10,2372.9125712732457,-6.696798014497001,0.20683919268147094,-32.376833073458975,5.816654488319053e-230,4.849490263273802e-227,True
TSHZ2,2128.3701412570817,-3.172555221874881,0.09819230040826916,-32.309612960322376,5.1260207022215965e-229,4.169455229228976e-226,True
HPSE2,209.83881318896164,-5.338751674515054,0.1654217300659808,-32.273581423586954,1.6427540496584904e-228,1.3043858286204998e-225,True
AL109809.4,82.58253728810706,-4.275629097910326,0.13301943846067765,-32.142889395629645,1.1102813917464086e-226,8.61087770543046e-224,True
CYYR1,1838.876694692399,-2.4605152138557673,0.0767065462224194,-32.076991274267804,9.231730697529578e-226,6.997022432543497e-223,True
FMO2,3655.930166597706,-4.613294749016888,0.1449871404654014,-31.818647738057635,3.574729571647267e-222,2.6491923663303264e-219,True
TNXB,6069.196436865477,-4.921298479798473,0.15506731529179216,-31.736529845364274,4.871452346959709e-221,3.531697050407811e-218,True
FAT2,1411.9810885685768,-4.899927113878438,0.1548304188331455,-31.647057153277434,8.324264847244198e-220,5.906508689164824e-217,True
CAV1,17391.958110480984,-3.754201420033705,0.11863052148282173,-31.64616806120448,8.562048876910364e-220,5.9486618332517445e-217,True
MEF2C-AS1,37.69382206603494,-3.0396355310055974,0.09613624944007977,-31.617995799806557,2.0892195093935493e-219,1.4219057432401116e-216,True
PPP1R14A,440.02978571939866,-3.679560972435857,0.11652941997486702,-31.576240345394854,7.826077610104706e-219,5.2198372443876366e-216,True
ACTG2,5344.250367316962,-4.751064509119589,0.15089539422140538,-31.48581528040849,1.3584557377235802e-217,8.882968705361505e-215,True
LYVE1,1977.9818503852703,-5.41796911097948,0.17312415936473813,-31.295280397953576,5.409898342219123e-215,3.469513457974337e-212,True
CXCL2,565.6252698042769,-5.045071740849038,0.1613011142385722,-31.277352079460105,9.485015327117845e-215,5.968222191397226e-212,True
EGFR,5021.860080174517,-3.7003404395127,0.11832443475194189,-31.272834282032957,1.0926072598123636e-214,6.747659168052317e-212,True
AC036108.3,120.71964726075849,-4.023344454817114,0.12866641019188096,-31.269578818722596,1.2098216831194527e-214,7.335698783700114e-212,True
PROS1,2263.25193970264,-2.542951180494275,0.0814017766281593,-31.2395046622925,3.0999538678469974e-214,1.8460778846219556e-211,True
FOXC1,853.1699666707252,-2.8368519347779815,0.0912738468445959,-31.080665851720312,4.3961756696519863e-212,2.572071270302177e-209,True
CAV2,4774.884871915038,-3.3835646727146513,0.10938600889541199,-30.93233501141634,4.39100902151118e-210,2.5247544803168332e-207,True
MAML2,2329.939799350047,-2.6226981077866967,0.08526587858554083,-30.75905803463388,9.252036686866542e-208,5.229596126615463e-205,True
FHL1,25901.912548627985,-5.4980487806464415,0.17923197179149533,-30.67560282739314,1.2043088702506819e-206,6.693749418998333e-204,True
SPHKAP,99.39171323088917,-7.486376272976107,0.24414759993770255,-30.663321183113634,1.7558918039624727e-206,9.599546847597458e-204,True
ANXA1,18044.59298114348,-2.9635342091270207,0.09702133153294595,-30.545181789436487,6.552269862244013e-205,3.4684388513646923e-202,True
NDRG2,9873.801313606786,-3.044240833480772,0.09966302287852709,-30.54533913938375,6.5208197591036655e-205,3.4684388513646923e-202,True
IL34,576.3849182950203,-3.1998125817022003,0.10483380219375414,-30.522718004525842,1.3019571759625485e-204,6.784214040808599e-202,True
MAMDC2,891.0647265704708,-3.9340296350452215,0.12893696589347822,-30.511262676177253,1.8474852137458528e-204,9.478736060493915e-202,True
LINC01354,60.743315657798945,-3.8255596664349576,0.12551562169741645,-30.478753279470876,4.984152895506632e-204,2.51843204412501e-201,True
RACGAP1,3243.8143395696648,2.2188955896061238,0.07288361364086235,30.444368476840936,1.4222206629361882e-203,7.079050281829692e-201,True
HS3ST4,96.11129774719907,-6.968249248156147,0.22953559393120146,-30.358033491941715,1.9682707710655392e-202,9.652920874156569e-200,True
ITPRIPL1,289.53632081140853,-3.1245709547727434,0.10294743004443456,-30.35113118825894,2.4275895731241377e-202,1.1732997778857517e-199,True
HSPB6,1029.2401840460714,-5.49178239143219,0.18094604519174234,-30.350386412771474,2.4831497305010733e-202,1.18300800517829e-199,True
ALKAL2,79.09459755839372,-5.205971649987077,0.17159250793532166,-30.33915473715999,3.492856079481459e-202,1.6406092590792562e-199,True
ABCA10,442.47831025985744,-4.148495215469217,0.13741211270547216,-30.190171257762863,3.18800834744688e-200,1.4766234774861944e-197,True
TCEAL5,64.15644316610387,-5.003046219389746,0.1658678918430316,-30.16283720615656,7.280112610299653e-200,3.325814732066892e-197,True
TTYH1,393.14769148611083,-4.020732894027362,0.1339678405175883,-30.01267228383435,6.706528408212646e-198,3.022378593047075e-195,True
RYR3,260.17155150540094,-2.942866674593594,0.09838404237175306,-29.9120325171607,1.372545225978391e-196,6.103068098820448e-194,True
USP44,55.752577097537056,-3.1474202758360623,0.10540464799009981,-29.860355647045903,6.441858510825537e-196,2.8267044668094845e-193,True
LINC02884,336.0898324439424,-4.779139204774776,0.1601904752451982,-29.834103416320524,1.4115183092057328e-195,6.113340791389868e-193,True
PTX3,240.42931509522282,-4.370577954409101,0.14659521908098333,-29.813918774490666,2.578810382004916e-195,1.1025736849933582e-192,True
LINC02580,60.64173477117565,-3.4002042680668745,0.11416628532387676,-29.7829105888913,6.503634934025623e-195,2.745439511580006e-192,True
CNTNAP3P2,25.75775568072361,-4.492418015648951,0.15105051021319152,-29.7411641265454,2.2560950071678397e-194,9.404814049255037e-192,True
LOXL4,712.5368150761961,-3.549336532714285,0.11973845872795658,-29.642410386944327,4.248405948101925e-193,1.7491369131265567e-190,True
P3H2,673.8598697963591,-2.5419401625779976,0.08582738029567241,-29.61689094809955,9.056975454075593e-193,3.683427736804475e-190,True
ADAMTS9-AS1,111.73995898860566,-4.217507023744969,0.14263278679431776,-29.56898703680791,3.744105536961537e-192,1.5043635608690399e-189,True
TACR1,421.3699406949947,-4.336120719703719,0.14678717761303472,-29.540187298476067,8.778621266110308e-192,3.4852171500418173e-189,True
MYOM1,698.1059582136892,-3.9899567329570473,0.13525560043414334,-29.499382799308027,2.931908093967524e-191,1.1503082708908582e-188,True
HSPB7,2824.640405879332,-5.758180409913116,0.19525051200331653,-29.491243586676525,3.7284678380139e-191,1.445821789882855e-188,True
SLC7A14-AS1,17.334700759416805,-4.87293434527125,0.16529384418231216,-29.480434491538645,5.1298600026080514e-191,1.9663873704250104e-188,True
NPR1,2579.6789810299288,-3.986255059831501,0.13539793678343218,-29.441032518888974,1.6399055814812992e-190,6.214683095093164e-188,True
RHOXF1-AS1,210.5518708375837,-4.770500867258964,0.1624247225644806,-29.37053418924656,1.306698989615992e-189,4.896303888168957e-187,True
PDE2A,1517.2415003703618,-3.412230075835433,0.11635170087244599,-29.32686028867074,4.7150562943662205e-189,1.747137915120212e-186,True
AUXG01000058.1,980.290666882395,-4.626092164471668,0.15794980077489115,-29.288369733778513,1.458709901634775e-188,5.345771045012979e-186,True
STARD9,1009.301360511796,-2.4753315457730323,0.08455464581175605,-29.274932465377024,2.1629556744544613e-188,7.840479216019764e-186,True
GPIHBP1,827.6459038517146,-4.286472094063609,0.14663376745546483,-29.23250332066578,7.494226311357296e-188,2.6873650887898328e-185,True
LMOD1,2850.272243963126,-3.0536955653312146,0.10465683200280367,-29.17817697032343,3.669381656855931e-187,1.3018107327073238e-184,True
RHOJ,1227.3663587476738,-2.013481998717862,0.0692284369140606,-29.08460870230792,5.620476564532731e-186,1.9730239257958113e-183,True
PTN,3654.28596648452,-4.324287010005218,0.14872354062669416,-29.076009028452745,7.219550233124496e-186,2.507966465879884e-183,True
MASP1,175.71248695160398,-5.237126347969102,0.1801527064769804,-29.070483871072415,8.479203463599955e-186,2.9151851165731433e-183,True
IRX1,592.9536648956271,-4.6105459487627165,0.15863654451877565,-29.06358029134345,1.0365884051526345e-185,3.5274680330035927e-183,True
CLCA4,75.7490304439541,-6.134432709452438,0.21110721289461115,-29.05837571980483,1.2060656705901264e-185,4.0627357624757705e-183,True
AC005682.1,54.663331803559096,-3.61305251132024,0.12443845429375758,-29.034855277059542,2.3901608065992945e-185,7.970947273927987e-183,True
IL17B,96.8992488994861,-4.341676492436903,0.1496212966756085,-29.01777079134678,3.926888862354017e-185,1.296612046244001e-182,True
LRRTM2,66.20185754700447,-3.01398430297608,0.10397631726787333,-28.987219226193375,9.535007369357391e-185,3.1174800074578394e-182,True
LINC02202,91.76649382642078,-3.615635422268573,0.1249162236431959,-28.944482284351494,3.2929003017871247e-184,1.0661643899446488e-181,True
GSN,61575.38484413388,-2.96983900562108,0.10272300688426687,-28.91113778403173,8.649504528265096e-184,2.7735800626260836e-181,True
SOD3,2135.69630104613,-3.6399553535986877,0.1264677846131923,-28.781680368100567,3.637114086263476e-182,1.155182072979054e-179,True
FGF2,1304.4811767756955,-4.010526166227213,0.13943232213298937,-28.763245887865274,6.185668578393384e-182,1.9460930322720845e-179,True
CLEC3B,1032.00464584983,-4.249711046788773,0.14782285687990288,-28.7486734899286,9.410103260582698e-182,2.9328741461417976e-179,True
TNS1,30341.352080020166,-3.2746611217679558,0.11394732792618133,-28.738375715921876,1.2656053643808363e-181,3.90802530525338e-179,True
LIMS2,1970.6491507751712,-2.4949111014330887,0.08686917806263651,-28.72032586326704,2.1270538733601547e-181,6.507809139696128e-179,True
RGMA,1148.6041904310907,-3.168738598477027,0.11044898515049052,-28.689612622148697,5.141926871985405e-181,1.5588919932167387e-178,True
PPP1R12B,5756.788950227259,-2.1968985457341685,0.07659711033430691,-28.681219645830485,6.543523522766804e-181,1.9659456392860374e-178,True
ROCR,154.79222484671413,-6.588838987211785,0.2300848535497073,-28.63656118845015,2.356805341558506e-180,7.017598333538804e-178,True
LDLRAD2,84.62459320625699,-3.3762480723087758,0.11794954522896259,-28.62451114800683,3.329179948427692e-180,9.825205495585408e-178,True
TRPM6,78.49199397867042,-3.805548505135942,0.13305636637368523,-28.601025331235643,6.524335226821722e-180,1.9085969778884e-177,True
SPAG5,2021.6143169145657,2.8390233196984864,0.09996015333978224,28.401550266216024,1.9349117832745877e-177,5.611075918297759e-175,True
ADAM33,723.4839105795035,-3.6965026094500892,0.1303093118413013,-28.367140898970582,5.144655359647508e-177,1.4790440654214202e-174,True
CLDN11,869.0287720428847,-3.460892026463181,0.12202692740072166,-28.361707536059072,6.003025993821738e-177,1.711067639897104e-174,True
ITGA7,3853.915670759586,-4.286095292267719,0.1513696544234746,-28.315419682975943,2.2323150709533358e-176,6.308938584849389e-174,True
KCNIP2,2128.217518305901,-5.514900041688919,0.19517459510938887,-28.256239182143563,1.1930471794214613e-175,3.343439528279522e-173,True
TCEAL7,197.5705580458522,-2.684674897763229,0.09514369911990485,-28.217054020359956,3.61232834959957e-175,1.0038961510899672e-172,True
PLAC9,895.7433614993278,-3.9223813259292952,0.1392112501177192,-28.175749607969674,1.1593557612762355e-174,3.195318618413321e-172,True
SCARA5,2339.662216718016,-6.308490430991323,0.22413649347374026,-28.14575321144846,2.7010701687531463e-174,7.383441726044973e-172,True
BTNL9,2370.6229515483524,-4.3465106141040275,0.15469058868994368,-28.098093432277377,1.033589930968448e-173,2.80237322015177e-171,True
CLDN19,180.5860977481389,-5.845433751926326,0.20826562640011265,-28.067203661809675,2.463546226621439e-173,6.625548638032126e-171,True
MIR99AHG,491.75755410984067,-2.972409569127447,0.10599682163213481,-28.042440550182576,4.939217899978731e-173,1.3177438219711255e-170,True
SPX,732.986393387839,-6.853719546106204,0.24449199647237665,-28.032490408660696,6.530854147833105e-173,1.7285512299689383e-170,True
CAPN11,221.31573584193507,-3.3605797010729295,0.11997979161755228,-28.009547739381954,1.2431473047098033e-172,3.2643873594304904e-170,True
LINC02660,29.9337197455904,-5.269051776834096,0.1882073713668406,-27.995990478842778,1.818060116419901e-172,4.7367567830068186e-170,True
ACTA2-AS1,288.0263589516915,-3.7194986454361603,0.1331251445793035,-27.939865584299376,8.753632308096699e-172,2.2629835956799753e-169,True
TIMELESS,3539.242153620219,1.865364557543537,0.06679284647470515,27.92760985639325,1.2332704664178683e-171,3.1637182141976533e-169,True
AC096921.2,72.92733060361704,-2.7493927088913064,0.0984641826733645,-27.922769825976967,1.411991620174943e-171,3.594542636733906e-169,True
RASSF9,323.8899864589562,-2.993226522162035,0.10742677032558334,-27.86294806304167,7.506283129878048e-171,1.8964169401386592e-168,True
MYOC,518.7539762332543,-8.251724289999057,0.2967807275237226,-27.80411099753595,3.8686553726524665e-170,9.700435189668203e-168,True
KCNJ2-AS1,36.771434316365514,-2.9903574338036902,0.10759393694621197,-27.792992046555753,5.271930867520246e-170,1.3120419589621843e-167,True
AOC3,11467.951331884604,-4.2794504494141234,0.15410272187629911,-27.77011591559889,9.961747019653302e-170,2.460846676729022e-167,True
MRAS,4218.933327277229,-2.804731846116368,0.10101320752846782,-27.765991346487343,1.1172237091248377e-169,2.7395804026179567e-167,True
ABCA9,1123.8717528737816,-4.061855624750791,0.14639521813730313,-27.745821731289084,1.9569703451805666e-169,4.763722922731877e-167,True
LPL,21935.093663648917,-5.320344441434745,0.19179087216174107,-27.74034228776014,2.2787138502458868e-169,5.506726680568846e-167,True
LINC01537,61.51237865389517,-4.096785362803126,0.1476958743121731,-27.73798104978934,2.4331697906766962e-169,5.8376819675738945e-167,True
ALDH1A2,435.64275737728866,-3.687524501511591,0.13295887403046766,-27.73432407878688,2.693271596538976e-169,6.415565319498451e-167,True
CHRDL1,6995.462673182319,-5.453023182548302,0.19673488254746582,-27.71762237554726,4.28203543739142e-169,1.0127773035572091e-166,True
ALDH1L1,1294.8905995294947,-5.9291849607858715,0.2139477434201545,-27.71323906484038,4.8359207992237636e-169,1.1357262164317838e-166,True
ECT2,3642.870901297348,2.158860732797418,0.07790287854785284,27.712207469603452,4.9763515243564746e-169,1.1605338950053432e-166,True
LGI4,359.4964519248357,-2.995544000172105,0.10812235588160934,-27.70513068964326,6.055941701086272e-169,1.4024972207605978e-166,True
BMX,183.7099864869762,-3.352497243902458,0.12108989048972446,-27.686020941500043,1.0288055615340566e-168,2.3661818394206382e-166,True
LRRN4CL,482.17193120911094,-3.990510595861245,0.14415317274177744,-27.682433344769134,1.136379779150212e-168,2.5956937845808504e-166,True
DST,26722.415311836914,-2.714755831198941,0.09814273737087811,-27.661301324212815,2.0408609010717317e-168,4.629977563934774e-166,True
CNTNAP3B,95.48032551691632,-4.2430011953211695,0.15353706347192161,-27.635028958966096,4.223660593220799e-168,9.517220075900029e-166,True
HOXA4,13.616431162989187,-3.1516591995641043,0.11406688717095667,-27.6299220372393,4.864692055338237e-168,1.08880949901661e-165,True
LTBP4,5168.867938219695,-2.4405157371828365,0.08834886944065472,-27.62362158830078,5.790924455486192e-168,1.2874769311067267e-165,True
LEP,7160.425416967503,-7.685048154191457,0.2782475367043987,-27.61946518993196,6.496399924360276e-168,1.434757887930403e-165,True
TEPP,27.439221677484007,-4.566460645301791,0.1653508282965008,-27.61679933718498,6.993424241231702e-168,1.534366480400237e-165,True
WIF1,713.0628261483735,-7.378382121422104,0.2673903906730842,-27.594043685896825,1.31178228432715e-167,2.859256692812165e-165,True
CNTNAP3,137.07032895055593,-4.110316774155614,0.14906687745389977,-27.573642410446052,2.3045144260880356e-167,4.990470882831812e-165,True
KRT14,17227.43734962082,-6.150008462233079,0.22312507396191536,-27.563053999403078,3.0868713506970826e-167,6.641553075767549e-165,True
ITM2A,2651.6840242925837,-2.970360832279513,0.10795521439608363,-27.51475089828798,1.1694537587437252e-166,2.500007269252852e-164,True
LEPR,1981.1547131160007,-3.3177395201271893,0.12067886744076198,-27.492299111572112,2.170275730203165e-166,4.609969766021997e-164,True
PCARE,11.265045059754664,-5.012324409050122,0.1824276899821988,-27.47567767557229,3.429041429263802e-166,7.237664723070793e-164,True
FAM13C,244.78959192515313,-2.7019255053877442,0.09834679509437338,-27.47344743461118,3.646021639325932e-166,7.64724375156481e-164,True
PEAR1,841.9805320088506,-2.351424727959964,0.08558975459636946,-27.473203294588092,3.670591470337194e-166,7.650659684017193e-164,True
ANKRD53,112.56169873214195,-3.272295331687703,0.11911941366449691,-27.470713891391476,3.93075677828504e-166,8.142037751492411e-164,True
IGSF10,876.6790560913197,-4.096355496973708,0.14915027037025916,-27.464619988986147,4.648007004197241e-166,9.568295406356407e-164,True
ARHGAP20,496.0679566283915,-3.336661943696424,0.12158633390735875,-27.442738311681918,8.482167455280478e-166,1.7354098310806663e-163,True
JAM2,1742.3592006278989,-2.3762451995974523,0.08662265107574332,-27.432145865861926,1.1347309543768534e-165,2.3074477193605904e-163,True
CHST3,2031.5048479700647,-2.3446004296468304,0.08550331689246037,-27.42116346896451,1.534194297455709e-165,3.100839128839421e-163,True
ENPP2,4822.1303614580875,-3.2973668569425407,0.12025382577877969,-27.420057828417153,1.5814828341066014e-165,3.1771609057000635e-163,True
AL603840.1,19.89524214024313,-4.7276049819424735,0.1724917981552521,-27.407708844726457,2.219641688828447e-165,4.432504831182029e-163,True
RDH5,207.38443532845105,-4.61005579259338,0.1682924283094736,-27.39312658865395,3.3116166092519682e-165,6.573756089401422e-163,True
ADAMTS5,2702.6563677448703,-3.3509543760130245,0.1223436144524886,-27.389695743494215,3.6383747441486807e-165,7.179654398971264e-163,True
PALMD,4383.82720916229,-3.2815078987900006,0.11993820373768563,-27.359988698571133,8.214041507721282e-165,1.611353354358806e-162,True
GPAM,12787.75166642341,-4.379160239930188,0.16008354252607124,-27.35546809389852,9.296921701188853e-165,1.8131172035844857e-162,True
SNCA,145.64921386546678,-2.452981918794937,0.08979878416799555,-27.316426848340154,2.7067593160404916e-164,5.248123048292695e-162,True
MEIS2,675.5557944239308,-2.2880031879847564,0.08376633449010527,-27.314113741661,2.8835428243396246e-164,5.55857049993654e-162,True
OR2S1P,23.500144260678738,-4.161936891109937,0.15240114970665472,-27.309091165787986,3.308112186205924e-164,6.340358235504676e-162,True
LHFPL6,3998.0727951639587,-2.363104395217436,0.0865581869858687,-27.300761227857407,4.154243278271517e-164,7.916563376404389e-162,True
PLAGL1,1195.6386327627918,-2.497614341279896,0.09150597883179339,-27.294548106752885,4.923210815637328e-164,9.32864531197098e-162,True
ADCYAP1R1,353.85275201468073,-3.4979986733292705,0.12823059926550107,-27.27897002248796,7.5353534132938e-164,1.4197542428244912e-161,True
HIF3A,295.6344805112899,-5.145598621786072,0.18880128398424337,-27.254044639948024,1.4881897718277343e-163,2.78818206183613e-161,True
CLDN5,1413.7835892061937,-3.432478594375801,0.12599860205244906,-27.242195853466484,2.0561829070982313e-163,3.830818087643515e-161,True
ABCA8,2392.4818047625454,-4.698098337260155,0.17265834424967366,-27.21037525105906,4.895780576386649e-163,9.070521468995463e-161,True
MYLK,13096.436691912715,-2.7533656464910616,0.10121271128943529,-27.20375347536472,5.863669112309226e-163,1.0803729349524882e-160,True
AC015656.1,8.406648100313326,-4.836458669304139,0.17787722994049196,-27.189869501128133,8.558153848793661e-163,1.5595949328055727e-160,True
RELN,544.7194404520726,-4.353461924873673,0.16013581438636396,-27.18606041725281,9.493292145485591e-163,1.7206076073902118e-160,True
HOXA2,62.903961954291,-3.3823576862164058,0.1245508035025747,-27.15645014804329,2.1247101268036753e-162,3.8301058388527444e-160,True
F10,274.22054838363493,-3.2921589388479737,0.1212340709360114,-27.155393804977557,2.186626939954026e-162,3.920528054867033e-160,True
IL33,1776.4943716817374,-3.8837927266747805,0.14308372033738703,-27.143498348497758,3.0214962844448085e-162,5.3884427588208516e-160,True
LDB2,1476.528413600368,-2.2964577714139063,0.08463148173690789,-27.13479339228464,3.827902990646996e-162,6.79025195931312e-160,True
CD300LG,1683.831854127171,-6.029575233690854,0.22223167146498554,-27.131934858532812,4.1370535657001414e-162,7.299820072091746e-160,True
GDF10,308.0795662715738,-4.887452011302415,0.18038246049955747,-27.094940371513584,1.1295363119209364e-161,1.9825740245395427e-159,True
LINC02188,295.7634771531809,-5.869573179874242,0.21678763442656457,-27.075221312323155,1.928274549656352e-161,3.3668077464130723e-159,True
DIPK2B,2230.591185361221,-2.347775947792167,0.08674848603461703,-27.064172011662375,2.6016188286889935e-161,4.518822204059857e-159,True
TMEM220,345.27858826925717,-2.6408158930860277,0.0978178873776607,-26.997269762024402,1.591111993311071e-160,2.749326106991239e-158,True
FGFBP2,201.89420517629856,-5.456057828203454,0.20222263810071409,-26.980450257434295,2.5067670516725894e-160,4.265212979909652e-158,True
ADGRD2,156.00125659767787,-7.191140399865179,0.26653119969655553,-26.980482615364572,2.504576523154977e-160,4.265212979909652e-158,True
PLPP3,5013.925060418791,-2.1132185958187426,0.07832324702495556,-26.980732746504028,2.487707819263041e-160,4.265212979909652e-158,True
PHYHIP,229.36192326372594,-3.4749508057171736,0.12906591873918197,-26.923845114676617,1.1550382229392506e-159,1.9552979541523386e-157,True
WDR86,307.70120714498387,-3.2000827816586495,0.11903618066160669,-26.883278376981625,3.445354800250329e-159,5.802986728967082e-157,True
TSPAN7,963.2709926372846,-3.1088687308432226,0.11566892441870948,-26.877303013464886,4.0465638207494615e-159,6.781349590863005e-157,True
MAP1LC3C,135.26666701913845,-4.662779197905223,0.17363263229157552,-26.854279269781344,7.517801966189266e-159,1.253555888852229e-156,True
PGM5P4,8.93716654377901,-4.324986409208049,0.16108462714246927,-26.849156781316378,8.627990809285632e-159,1.4315167437754555e-156,True
SLC2A4,749.9046824589055,-4.8851587956896205,0.18197137963115256,-26.845753467339797,9.454666206520005e-159,1.5609092243625526e-156,True
CORO2B,480.3188594106422,-2.718460099943245,0.10137372459222951,-26.81621999071365,2.0905627966048584e-158,3.4343930396047005e-156,True
BBOX1,621.0178652163206,-5.12236702862606,0.19116798770879698,-26.795108794202914,3.6844392635239324e-158,6.02315514702253e-156,True
AC008459.1,69.74495370229613,-8.021522666630078,0.2994119948989643,-26.790919546616415,4.12273525561323e-158,6.70678527021686e-156,True
DNASE1L3,189.3329170951471,-3.805498654043,0.14205785758834324,-26.788371432931317,4.414412493948343e-158,7.146419527217637e-156,True
S1PR1,2608.8141343750244,-2.4809896980506325,0.0926273041693009,-26.78464757557845,4.878132831602792e-158,7.858978347880267e-156,True
GPR17,47.21754289821246,-3.607662810237035,0.13472760464653954,-26.77745826255731,5.915450205083797e-158,9.484343696602863e-156,True
RBMS3-AS3,35.40570002288803,-3.5467295834155372,0.13267400051450495,-26.73266479989636,1.9642370966153343e-157,3.1342269346901806e-155,True
ROPN1,123.48093813011533,-6.610152984439512,0.24730077168356024,-26.729204844122748,2.1548494338223594e-157,3.4220035127877077e-155,True
CCL14,63.11860442352615,-4.502224747443566,0.1685216389055285,-26.716003812231303,3.0678574939282525e-157,4.8488141973939956e-155,True
USHBP1,222.86526103289032,-2.3138414554877293,0.0867209411091635,-26.681461546584092,7.725328332660387e-157,1.2152451630466569e-154,True
CDC20P1,37.56814323897713,-2.903550601553139,0.10889049309650681,-26.66486778583873,1.2033961951666953e-156,1.8841342588081746e-154,True
AP001528.2,627.2266952277398,-3.794833164077933,0.1423334915968614,-26.661561671136667,1.3144561648461333e-156,2.0484018056754063e-154,True
ANGPTL1,625.4699823274327,-3.755673184874547,0.14103594726229393,-26.629191052192333,3.117906590162287e-156,4.836235668619633e-154,True
CA3,482.25777078297074,-5.209782673052874,0.19573278244834544,-26.61681200198415,4.3370437716546534e-156,6.69611447874588e-154,True
AC007461.1,20.84793551415836,-5.341802064715219,0.20085386084085086,-26.595466187965712,7.659316059567308e-156,1.1770992224447473e-153,True
FREM1,631.5188974658222,-3.8401908153354363,0.14446783001566704,-26.581632844620014,1.1070125016441873e-155,1.693475225565688e-153,True
PCOLCE2,2579.803173345802,-5.849125155368269,0.22019346759588845,-26.56357256747923,1.7900638012776158e-155,2.7258830004021557e-153,True
HSD17B13,155.5850550082564,-5.5080959088117645,0.2075308622806794,-26.54109296458387,3.254313636797555e-155,4.933095703343712e-153,True
COL17A1,6652.143149149842,-5.115814628453194,0.1931479234219263,-26.48651115589702,1.386275107860394e-154,2.0918954104993793e-152,True
AC097713.1,33.843300845173786,-7.266479315393879,0.27456951598071977,-26.464989346829494,2.4528166029671864e-154,3.6846387789348063e-152,True
AVPR2,155.51466369439456,-3.561436611360205,0.13457815427767986,-26.463705275759445,2.537723664373314e-154,3.795091770546442e-152,True
SORBS1,14625.032763073355,-3.9419895318503135,0.14899852922573045,-26.456566734818303,3.066151731937044e-154,4.564870272695021e-152,True
STAB2,108.76006525376587,-3.737516569976315,0.14129080358583768,-26.45265279212373,3.401146647254451e-154,5.041103979523941e-152,True
LINC00092,33.09117906059954,-3.848920348132431,0.14555819827076227,-26.442484132517247,4.452351293628618e-154,6.569976251823929e-152,True
PLIN4,41962.68913420172,-6.092485793338463,0.2304957735245225,-26.432093309903067,5.862226232690635e-154,8.612307605022026e-152,True
AC104407.1,74.88766891634306,-8.005642333107742,0.30315829062928284,-26.407466266187136,1.124698394271684e-153,1.6450687171301047e-151,True
SPARCL1,25575.56279975733,-2.185325205095737,0.0827755238612127,-26.400620656412972,1.3478695151336797e-153,1.962886482977864e-151,True
KLF15,478.00162322391213,-4.284711272988188,0.16242125669379004,-26.38023716973253,2.3099464552683595e-153,3.3493219276845445e-151,True
INSYN2B,548.1826338423847,-4.872958879683875,0.18495835571187638,-26.346248921432085,5.666379290731708e-153,8.180436492061113e-151,True
NGFR,1500.595633532664,-3.6032905487001963,0.13678793082494806,-26.34216722900388,6.310619120000984e-153,9.071242975556587e-151,True
HTR2A,68.28606480552915,-4.07418417877869,0.15476435098833405,-26.32508166616353,9.902681094858855e-153,1.4173584198817508e-150,True
MT1M,212.9580996778273,-3.5131649830834446,0.1337664312138426,-26.26342761187375,5.021385480738034e-152,7.156332666544132e-150,True
GPR146,114.38055343153326,-3.004246081841141,0.11441090207609533,-26.258389955207242,5.732722843411525e-152,8.135343578933232e-150,True
LINC00377,8.940379719437159,-5.446871138019526,0.20755760110243923,-26.24269652900471,8.66028542990289e-152,1.2237790627196249e-149,True
NIPSNAP3B,478.8351582027472,-3.2670850800786098,0.1245644171041083,-26.228076653287342,1.27160048346222e-151,1.7893082077207415e-149,True
ANGPT4,93.95216448207233,-3.947586301951905,0.15055386216557257,-26.220425335953998,1.5545985094147172e-151,2.1783321718685464e-149,True
FAM110D,295.574555566109,-2.863907415760182,0.10924396844828067,-26.21570285700524,1.7598193778362818e-151,2.455573909266199e-149,True
RERGL,211.93277692088458,-4.721181386245873,0.18010618940511508,-26.21332116258626,1.8733658374398906e-151,2.6031198880326214e-149,True
SOX17,402.3509227444496,-2.7825592073958716,0.10632741757957696,-26.169724335807974,5.878277215665715e-151,8.134218542125973e-149,True
RSPO3,425.8937087517786,-3.1916317784611477,0.1220002933018497,-26.16085332323343,7.416552961812044e-151,1.0220439038159911e-148,True
AC136621.1,7.894374673410911,-5.781253035736163,0.22099425940303197,-26.160195524322504,7.545473334224594e-151,1.0355308239631934e-148,True
SMYD1,403.9568102952929,-6.939402573243184,0.26538570609376344,-26.148365996740697,1.0286080729591959e-150,1.40586273053755e-148,True
FAM126A,1827.6585555943584,-2.379422759834814,0.09104299034694885,-26.135156048447573,1.4535977145533332e-150,1.9786134768424128e-148,True
KLHL33,44.49104322557228,-3.309616500569365,0.12671508315160093,-26.11856787885122,2.2435771744785166e-150,3.0415063086050427e-148,True
GPRASP1,761.1372367803779,-2.4322533602559533,0.09319650714878006,-26.09811713622565,3.8297041677743836e-150,5.170720821502345e-148,True
HOXA5,414.57723467178596,-3.1482679673096703,0.12068606845082033,-26.086424122703043,5.198300091664857e-150,6.990246361166585e-148,True
EBF1,2220.042741648324,-3.242687027560321,0.12455816998508372,-26.03351532820885,2.067980427855787e-149,2.769681899139062e-147,True
CCNB1,3161.387243692125,2.448219885499941,0.09404669610463195,26.031960578138396,2.1535258763633764e-149,2.8727173780336894e-147,True
OCA2,30.881430063423736,-5.064946083709008,0.1945918627744339,-26.028560554868463,2.353115437886956e-149,3.1264560453423144e-147,True
EBF3,571.1259686576423,-3.1365481438930876,0.12054565628136986,-26.019586608512547,2.9731518834453093e-149,3.9345889746435566e-147,True
DTL,2018.6022767808965,3.043562086968373,0.11712704395925735,25.98513532047369,7.291858825821707e-149,9.611707509182928e-147,True
AL109809.1,21.4792635029114,-4.303580467935577,0.1656356166289673,-25.982216600043387,7.867257929375108e-149,1.0329337979792538e-146,True
JPH2,999.8698441238812,-3.7297614590717614,0.14367254360491144,-25.960154706582777,1.3964663281002802e-148,1.826304140228088e-146,True
ALX4,354.24030530043564,-4.3547702713664895,0.16776296015327666,-25.957876919838284,1.4816577815592286e-148,1.9301486467663562e-146,True
RNASE7,52.190343851483156,-4.6772583047485305,0.18029719902797514,-25.941935481886222,2.2421896435761244e-148,2.909524607922964e-146,True
BMP2,263.5872699989202,-3.346278506726843,0.12899438047253006,-25.94127352268224,2.28108369239831e-148,2.948521707666327e-146,True
AC036108.2,23.492474541041457,-4.9260137582700905,0.18993443307750563,-25.935338203052183,2.661343096767479e-148,3.426761812127361e-146,True
ID4,2928.0563628041523,-3.675271132784084,0.14178077669274347,-25.922210461216842,3.742380774224778e-148,4.80017909383162e-146,True
CLEC1A,238.63496352863018,-2.105188540297805,0.08145637657394365,-25.84436760929058,2.815006212554518e-147,3.596844528064392e-145,True
ADRB2,439.78479062899663,-3.175129794643112,0.12287996939224004,-25.839278853560845,3.211260465861923e-147,4.087493331146156e-145,True
PLK4,721.5286697791638,1.9910744298750327,0.07705994827312246,25.83799333498248,3.3198817975985293e-147,4.20968585810317e-145,True
DPP6,97.85065636981115,-4.9080102053480035,0.19000620359506235,-25.830789271532744,4.0001017544687164e-147,5.053007326127925e-145,True
RNF150,1772.5621788973242,-3.396193412986004,0.1315272483236736,-25.82121542319777,5.124042259780579e-147,6.448365483827266e-145,True
CYRIA,1147.3026803228317,-2.0723271670986576,0.08030691087783219,-25.805091298446396,7.773969608685115e-147,9.746395206016537e-145,True
STAC,157.987676153449,-3.0735669436783057,0.11912776153279515,-25.80059344800306,8.732153743261835e-147,1.0906688958203706e-144,True
STAC2,4145.037439308138,-6.206338087811305,0.24097705104957765,-25.754892678699257,2.841287295434304e-146,3.535600373710396e-144,True
SYN2,416.42258335455165,-4.102091812768169,0.15941936286657676,-25.731452811044935,5.1995994037159105e-146,6.446150205000814e-144,True
MME,5860.805060456131,-3.8138723893160464,0.14823908557709675,-25.727846164650774,5.706004758997173e-146,7.047761211399878e-144,True
AC134043.3,102.38236970332122,-3.8601962143507107,0.15005828973419916,-25.724644877589522,6.196596855902891e-146,7.625472640129355e-144,True
TNMD,299.37678932235633,-5.584840162059347,0.21715424663554078,-25.718309674287063,7.295054085965935e-146,8.944219070326396e-144,True
OXTR,4935.303631454738,-4.594834742754312,0.17887683541524368,-25.687142396542782,1.6272711433436232e-145,1.9878338959474905e-143,True
LINC00968,119.9451155104436,-4.715041506985366,0.18371765685008282,-25.66460724476217,2.9048717412338204e-145,3.535568164175426e-143,True
PLA2G4A,483.685823255837,-2.708496816988371,0.10558245074081803,-25.652907258585444,3.923762256362514e-145,4.758310817724854e-143,True
TGFBR2,12856.684849497491,-2.4222644206397597,0.09444108346045535,-25.648418377728774,4.4033613599745346e-145,5.320568767890969e-143,True
IGFBP6,2102.692921132632,-3.5023064652906712,0.13670370701499887,-25.619689046957625,9.20673025510413e-145,1.1084304955865257e-142,True
CADM3-AS1,81.70577224764635,-4.058319300462252,0.1584359058372679,-25.614896314163897,1.0411366360749744e-144,1.2489520027505151e-142,True
SCN5A,59.982173364432576,-3.3860652972170637,0.13227231155129412,-25.599199541500226,1.557173278198578e-144,1.8612964750768596e-142,True
DEPP1,8922.274441022371,-3.0898918295143427,0.12072288663215935,-25.59491340634682,1.7380287334130407e-144,2.0700542939496964e-142,True
SPRY1,3893.7626403068616,-2.2973359531759665,0.0898002611108477,-25.582731327920968,2.3748902531954862e-144,2.818512991239013e-142,True
ADRA1A,146.06683634623712,-5.211700710885175,0.2037704738825893,-25.576329149080305,2.7981695757747084e-144,3.309083588032296e-142,True
ACVR1C,1624.4996409090456,-5.421750579034937,0.21201392963809612,-25.572614913981198,3.0774455116476864e-144,3.626492239149777e-142,True
AL160412.1,12.051032217313082,-5.865105532545373,0.229396119389547,-25.567588275482535,3.500225925285663e-144,4.110177266984211e-142,True
LIPE,8420.575248145633,-4.8208683648323145,0.18891035572398857,-25.51934406325477,1.2025566016612512e-143,1.4071600038175813e-141,True
MAB21L1,193.39134761570136,-3.3042827511465274,0.12954608980468507,-25.506618965715994,1.664628905149611e-143,1.9410387887354678e-141,True
RBMS3,1661.0663633826468,-2.50534355829704,0.0982592184371829,-25.497287665672875,2.1126295112755722e-143,2.4548460477884692e-141,True
PTGFR,319.4317155139607,-3.6807325567987763,0.14443180933345146,-25.48422382704508,2.9489566588072937e-143,3.414748458839043e-141,True
AC012368.1,76.94951491431812,-2.8050635095916348,0.11028043693665929,-25.43573082869405,1.0155149489343152e-142,1.1718480287892898e-140,True
TMEM100,505.8051737811664,-4.526778856689016,0.17812103637496782,-25.414060847701116,1.7633272881533055e-142,2.0277655769870546e-140,True
PRCD,59.86391347639832,-2.2199285890708302,0.08737360001389602,-25.40731512399363,2.0935907652939124e-142,2.399283794906759e-140,True
PDK4,13356.19531509605,-4.129533578220241,0.16258494836607124,-25.399236643494888,2.5713153093526075e-142,2.9366710360137025e-140,True
PDE9A-AS1,23.273952040952505,-3.9690827866036473,0.15633361967662546,-25.388542751160344,3.3750053465611646e-142,3.841401136603013e-140,True
KRT17,13540.89187614256,-5.257756738351795,0.20711722982736558,-25.385414543899568,3.654413009232141e-142,4.145272770234104e-140,True
TPT1-AS1,806.95840678325,-2.0847385243031575,0.08217384613064303,-25.369854551882153,5.427195513192369e-142,6.135306548117028e-140,True
KRT5,21347.58389487626,-5.606967250177989,0.22126927975536959,-25.340016727025674,1.1578290336326296e-141,1.3044743392775193e-139,True
ABCB5,112.09220276743376,-4.4763290738518275,0.1767109352756364,-25.331364280708392,1.442103608996236e-141,1.6192832746267834e-139,True
KIF11,2406.949247617001,2.4253696304030306,0.09583500072543352,25.307764512379922,2.6236538151328876e-141,2.9361151369418343e-139,True
NKAPL,54.86585867185559,-3.0075382340411507,0.11886993442601776,-25.301084320131274,3.107658432017097e-141,3.466130469877531e-139,True
GLYAT,493.6445690706256,-6.811769126463368,0.2693849099439206,-25.28637973033238,4.5103873221357996e-141,5.0138968935302254e-139,True
GAS1RR,125.03660370245946,-2.7089762744573593,0.10717182881395552,-25.27694361883098,5.72770936817278e-141,6.345959459109437e-139,True
AP003071.4,29.977010669314325,-3.2045255827592563,0.12681123311326603,-25.2700451220833,6.8205281763753e-141,7.53171503820993e-139,True
AQP7,2418.109272899207,-5.789966238230957,0.22934047590694168,-25.24615951603904,1.248071577536451e-140,1.3736613544311254e-138,True
AL133482.1,175.91817945451237,-3.337071903839116,0.13223780508600272,-25.23538485585725,1.6388354705635254e-140,1.7978132930204936e-138,True
SYNE3,2588.3580266740732,-3.303362771943024,0.13098327907785146,-25.219728771484117,2.434081135348249e-140,2.6614482551714345e-138,True
GPR12,56.05534940535486,-5.457383352979694,0.2165334640670793,-25.20341775573805,3.674586620893101e-140,4.004698994123008e-138,True
LINC02587,100.76078378956073,-4.652801056656857,0.18461457659544345,-25.202782697125848,3.7339669986008166e-140,4.0561584832683595e-138,True
CPA1,44.54609090001065,-5.438632344272064,0.21593735655119067,-25.186157833615823,5.68018404840293e-140,6.150274604876276e-138,True
PLIN1,22689.187077527025,-5.949842168444266,0.23631674412555093,-25.177404125385287,7.083471634459301e-140,7.64487687823894e-138,True
CCDC178,60.992019485076746,-3.6039068526608027,0.14324892278502527,-25.15835220673326,1.1450290728285754e-139,1.2317927274116181e-137,True
GYPC,2055.001365711919,-2.4563049342923544,0.09771823806122693,-25.136606871209825,1.9800704145469245e-139,2.1232594294123918e-137,True
CA4,439.55246655900396,-6.334940161569342,0.2521715919869128,-25.121545657284475,2.8927403504395395e-139,3.09198711367975e-137,True
SVEP1,5513.798331772415,-3.504166097910054,0.13965346709082369,-25.091866109067798,6.101522766644129e-139,6.500948330505273e-137,True
PYGM,232.50035120367386,-3.6241673500040816,0.14456286634740817,-25.069835992976337,1.0611603025814727e-138,1.127026590152533e-136,True
OVCH2,62.89382609944923,-5.080644223247873,0.20271359834082736,-25.063164310791134,1.2546591923380475e-138,1.3283056954057634e-136,True
MAGI2-AS3,1299.8360237252505,-2.4209365928192983,0.09662525505066655,-25.054905071659093,1.543667510628444e-138,1.6291065763274677e-136,True
ROBO3,376.9840371797616,-2.4662033530440812,0.09843550942709502,-25.05400101444736,1.579088393116757e-138,1.6612308776672154e-136,True
APCDD1L-DT,212.39869433086577,-4.216030212433528,0.1684615991914529,-25.02665433943852,3.1352410674096675e-138,3.287960828837893e-136,True
MRGPRF,365.89806336054914,-2.803380624285818,0.11206622350382162,-25.01539301170632,4.1575446123456835e-138,4.34639358235474e-136,True
ABCB1,540.5946017593601,-2.6378524689309377,0.10558524658590485,-24.98315393699217,9.320009185342202e-138,9.712905822561784e-136,True
HOXA-AS2,122.92213039365673,-2.5269998860442326,0.10119031288931724,-24.972745057210023,1.2092331425934048e-137,1.2562839897927557e-135,True
HBB,5133.7663076366325,-5.429341822933589,0.21752496758403678,-24.95962593735849,1.678741784221394e-137,1.7386447131055673e-135,True
GPD1,14358.535227212951,-6.022098688415971,0.24129268768993806,-24.957651000822658,1.7637022982814699e-137,1.8209816701358742e-135,True
GPM6B,1442.8271826440036,-2.789849429853885,0.11183496927390066,-24.946127744901727,2.352321075426058e-137,2.421220850135297e-135,True
INMT,522.0881369557293,-3.189811030096574,0.12791304104990392,-24.937340273632483,2.9297834125834384e-137,3.0063183700383106e-135,True
TMEM71,178.5703324158313,-2.730265518547611,0.10956226182790325,-24.919762270299064,4.544081155091627e-137,4.6484835104647446e-135,True
RBP4,4812.302041077633,-5.7732873435644425,0.23170664899571466,-24.916364586806562,4.946227438606336e-137,5.044395683488768e-135,True
PAK3,386.50917291511155,-3.452798803776334,0.13870182724002508,-24.89367928658378,8.710341614096125e-137,8.856133612454014e-135,True
AC107959.1,138.04128200586325,-2.1958553562400582,0.08837370721689607,-24.84738306667116,2.7598960538086138e-136,2.7975615045125674e-134,True
LINC01140,124.05960212838313,-2.8777856036662133,0.11597870165291449,-24.81305241955945,6.4818672654798526e-136,6.5504179223178065e-134,True
VSIR,2672.530214277581,-2.1099975518174268,0.08516159495104955,-24.776397776841105,1.6108127700521187e-135,1.6180420201345816e-133,True
CCNE2,458.0699131499782,2.6580584270797103,0.10729556180660312,24.773237423098426,1.7422253207890964e-135,1.7447889556455128e-133,True
AC025470.2,51.15193219697394,-5.32040613636424,0.2147692112146626,-24.77266693058008,1.767063190881956e-135,1.76436498062043e-133,True
ERG,1457.96580363975,-1.9619655587219322,0.07923403993007838,-24.76164992285269,2.3224491913357372e-135,2.3119808382643432e-133,True
LRRC8C-DT,107.90044829908386,-2.097307479483766,0.08476019370661743,-24.74401470510118,3.596114828098323e-135,3.569250994114613e-133,True
AL031587.5,37.09486995355398,-2.100615528549469,0.08490825270765985,-24.739827538106503,3.989321989595335e-135,3.947771484599847e-133,True
PER1,4380.813826747004,-2.6712053331349925,0.10806261484458964,-24.71905142196114,6.674140336872075e-135,6.585085979122688e-133,True
AC007906.2,325.009620100809,-3.666260215706291,0.1483358233243112,-24.715946111618855,7.207492689130517e-135,7.090344356631669e-133,True
SHE,844.9256612166816,-2.3552877791900357,0.09530094232482693,-24.71421291053129,7.523468274794265e-135,7.37941598517982e-133,True
CRHBP,146.84043315031377,-3.9697824836947757,0.16066449625869098,-24.708523514136587,8.66116719590398e-135,8.470418323055772e-133,True
GGTA1,808.2618720289834,-2.51198620034838,0.10169534559578314,-24.70109310934424,1.0409470425621188e-134,1.0150451146901784e-132,True
KIT,6527.600789833846,-4.011648159851208,0.16241089107844045,-24.70061048993125,1.0534510639751923e-134,1.0242431350585623e-132,True
EMCN,1731.7840675025973,-2.240269713484531,0.09071043096721626,-24.6969360590315,1.1536994866192268e-134,1.1184512842809475e-132,True
SCHIP1,43.70822587946906,-2.444408099773309,0.09903449499473559,-24.68239071551026,1.653146710506517e-134,1.5979939028603433e-132,True
PTGS2,492.0727364759223,-4.002770897409933,0.162197256124189,-24.678413143716476,1.8239587529066899e-134,1.7580115737192256e-132,True
LVRN,412.69950207814304,-5.131233743068568,0.20795323794526618,-24.674940355673243,1.9874380931202722e-134,1.910059739696483e-132,True
POLQ,520.1418312804788,2.5662184835942803,0.10404072595651134,24.66551881488169,2.5084339841625157e-134,2.403843820052751e-132,True
KLB,988.175667474532,-4.692351167252734,0.19026934386825442,-24.661624788603852,2.761728122920831e-134,2.6327123973184987e-132,True
LINC00842,18.514641820724165,-5.4189880332664515,0.21973379022705328,-24.661605425669638,2.763049383973956e-134,2.6327123973184987e-132,True
AC016735.1,7.285642741765747,-4.834977438714,0.19610514440365226,-24.655026024008542,3.250594279458135e-134,3.0884350035797535e-132,True
GABRP,6125.297813480233,-5.280272245598958,0.21423607601907782,-24.64697983512706,3.9650156380835916e-134,3.7565143896150477e-132,True
EOGT,1755.7085223002891,-1.536931999535741,0.06236981414041491,-24.64224113407814,4.457040113669152e-134,4.210703420701205e-132,True
SAMD5,953.2498012435361,-3.9626479964655172,0.160998550521095,-24.612942064632488,9.18191881870842e-134,8.649938154946528e-132,True
TOP2A,10923.212121156494,3.406096205291484,0.13839263810380872,24.611830888985306,9.436922192608204e-134,8.865124456374395e-132,True
SNHG26,154.90891886106323,-3.0996274772898142,0.12597768029239306,-24.60457654161917,1.1284613651108057e-133,1.057108372614614e-131,True
SEMA3G,4165.086901386542,-3.1958206439932844,0.12997633760619198,-24.587711139208448,1.709776036820781e-133,1.5971798613987738e-131,True
NRN1,1472.7552077963746,-2.820561919715231,0.11477127014746985,-24.575504968195307,2.309208044726572e-133,2.1511111475862136e-131,True
PRRG3,192.14456828616775,-3.6699199649837704,0.14934465672916128,-24.573493590997526,2.4264148432481103e-133,2.2539974542473882e-131,True
DSG1,265.325313201914,-5.81492983924248,0.23667267590363023,-24.569502233583727,2.676875697485691e-133,2.4797535454291754e-131,True
TAMALIN,535.6477088609166,-2.158329220047429,0.08786933351026228,-24.56294060538603,3.1459344323066227e-133,2.9061985424651954e-131,True
CCDC8,1506.456726944323,-2.8339418904413614,0.11539748618909819,-24.558090336538793,3.544626868903076e-133,3.265463023509632e-131,True
RNF186,20.717669155654757,-5.9540601954719685,0.24246151113160594,-24.556723117345243,3.665862888797971e-133,3.3678474236507855e-131,True
ADCY4,965.5224622291164,-2.1922252915884117,0.08928078315070571,-24.554279367016093,3.892962571480083e-133,3.5666595823156397e-131,True
MT1X,785.9908440609285,-2.8250907639508736,0.11515532331638947,-24.532871625820817,6.5894002046469905e-133,6.020545408897876e-131,True
GFAP,150.11305066021202,-4.022626094928092,0.16397871022339108,-24.531392456057237,6.833312938109629e-133,6.226342982869345e-131,True
AC093535.2,197.4246530449024,-2.4214459093182246,0.09881338928955188,-24.505240906398686,1.2988504310925365e-132,1.1802551233380109e-130,True
PROX1,285.37933795929547,-3.4167456659236053,0.13944292435630484,-24.502825666457838,1.3781760868371908e-132,1.2455499815700127e-130,True
NCAPG,1045.0392974361937,2.8341615305330303,0.11566646415056082,24.50288034087267,1.3763279483256341e-132,1.2455499815700127e-130,True
KLHL31,678.5864562018879,-4.19427303437627,0.17123727581184578,-24.493925253663253,1.7145809533758097e-132,1.5453935193008076e-130,True
CA6,56.89408203358494,-6.9510783062066785,0.2840437497921734,-24.471857984175262,2.9456739241061326e-132,2.6478512047173965e-130,True
MMRN2,3670.7897443239062,-2.128922837276138,0.0870005280488375,-24.470228917243734,3.065678594436028e-132,2.7483149313399757e-130,True
ESPL1,1290.9336374897587,2.7248391597895703,0.11136631776056134,24.46735435437491,3.2894590061416686e-132,2.9410232813892364e-130,True
C1QTNF9,26.86228934500225,-4.051224935194029,0.16573120355641335,-24.444551468034383,5.750683655070119e-132,5.127795433500893e-130,True
HLF,1377.0692161574182,-3.638817085839512,0.14894696683034156,-24.43028658639498,8.153908856976274e-132,7.251325505901381e-130,True
AL136985.3,20.91076656904495,-2.9347368267448104,0.12014722856977851,-24.42617163691286,9.01767234637181e-132,7.998147741466848e-130,True
ROPN1B,186.73075707703973,-4.425203482927377,0.18149389401761237,-24.382106664690056,2.647904279420288e-131,2.342306626376318e-129,True
MFAP4,6939.163345951685,-3.4167256585382653,0.14015781282090461,-24.37770388800373,2.948474021047197e-131,2.601287304970978e-129,True
ZNF367,715.3557704718955,2.0311327882991734,0.08335640381701018,24.366847600072315,3.8432722309315113e-131,3.3817753464204474e-129,True
MEOX2,692.2292790418369,-3.306947864202287,0.13575391734181896,-24.359870631766903,4.556669327692768e-131,3.9989569844533195e-129,True
FAM180B,77.49778345256472,-5.080017861303071,0.20859909057458423,-24.353020175256805,5.385580122659114e-131,4.714008176130152e-129,True
YPEL4,75.62996804401891,-2.2209258989907115,0.09119964449705334,-24.352352591269906,5.474001141347815e-131,4.778860315780321e-129,True
AP005264.1,14.107819192205017,-4.342741772123085,0.1784120405167055,-24.341080117383974,7.206035883598635e-131,6.274519338959031e-129,True
CXCL3,43.13258917549016,-3.396958810274465,0.13968253261271957,-24.319138168068527,1.2300843479074451e-130,1.068283409332432e-128,True
FANCI,2652.2526540271515,2.1254087157977546,0.08742732978865334,24.31057566250409,1.5153248070171124e-130,1.3125861555639918e-128,True
SGO2,837.3598070558584,1.6442207939736215,0.06764303929155166,24.30731692712362,1.6404651644330641e-130,1.4173024033336336e-128,True
GNAL,476.11881852470805,-2.674357207223609,0.1100705128029354,-24.296763403034575,2.12099392506454e-130,1.8277267805420502e-128,True
BMP6,403.36747141376594,-2.8179494859517087,0.11610838113827375,-24.26999203955661,4.067720185153069e-130,3.4962474343987036e-128,True
PTCH2,240.84298713236407,-2.154996556667232,0.08879403999994788,-24.2696081478948,4.105860854728578e-130,3.519957677232477e-128,True
TPPP2,7.683815941205823,-4.499220671716199,0.18542366062066037,-24.264544539009517,4.643657788182448e-130,3.9708036814896536e-128,True
EDNRB,1309.9495111798385,-2.492210907982067,0.10272694678409124,-24.260537142412396,5.118680071623781e-130,4.365802089733541e-128,True
CACHD1,1698.1434127659118,-2.4821473207237768,0.10236152707370223,-24.24883050969515,6.8026912772921605e-130,5.78732018893919e-128,True
EMILIN3,138.839218016561,-4.761559290382835,0.19638245189812828,-24.246358288941487,7.223685859563201e-130,6.129839687800845e-128,True
CERS2,10079.882466931253,1.5710489165366834,0.06479555103070815,24.24624671826814,7.24328687642516e-130,6.130872437611743e-128,True
KPNA2,9803.696338646996,2.229557334853284,0.09196760548378347,24.24285511322157,7.865156640983106e-130,6.640382501775838e-128,True
APCDD1,2609.611861422672,-2.7650904915436487,0.11410523756710418,-24.23280955808471,1.0037599501310633e-129,8.453128933565866e-128,True
TMOD1,343.49126667788045,-3.846336709718787,0.15889114510010297,-24.207369814696452,1.8606996481312937e-129,1.5630345734390557e-127,True
PTPN14,5177.192907851937,-2.0857704757294147,0.0862517681451486,-24.18235035158213,3.412091887620795e-129,2.859041516589595e-127,True
HAS3,1091.7947358396984,-3.513947871740954,0.14545747220420713,-24.15790552724399,6.166725745636735e-129,5.154239019830563e-127,True
PLPP1,2244.8890871569993,-1.9041606859169609,0.078858170787853,-24.14665045984392,8.09679221669066e-129,6.75049809086042e-127,True
KNTC1,2114.7675474496414,1.5106289374823676,0.0625647949317362,24.14503138914783,8.420158142287243e-129,7.0025898724971895e-127,True
CAPZA3,9.420470709553323,-5.534317796779314,0.22926308820910535,-24.139593686933136,9.60354004513721e-129,7.966877038937333e-127,True
AC090004.2,99.9588534415617,-3.5593409553182545,0.1475925790635226,-24.115988607979702,1.699034435135746e-128,1.4059826148223818e-126,True
FAM13A,2350.6277351900967,-2.5770922036890833,0.10686770920136764,-24.114788488945198,1.7490119757107733e-128,1.4437574350984795e-126,True
CUBN,193.97613253942933,-2.1831396514344785,0.09056784746187192,-24.105018642002687,2.2144519578043537e-128,1.823450823230059e-126,True
HCAR2,390.61687033485305,-3.9056444780893123,0.16208980844300222,-24.095558601777885,2.782600264609729e-128,2.2856388232628043e-126,True
KIF18A,529.9195922500109,2.408937974975896,0.09999036053345058,24.091702061320348,3.054034231924711e-128,2.5024321277753608e-126,True
LINC01198,39.852809916638414,-6.686151379727438,0.2776437297831977,-24.08176617187941,3.8814066924132006e-128,3.1725743084629367e-126,True
AC079848.2,15.568488553047338,-3.0942339565106196,0.1285008495968836,-24.079482479823703,4.1012215933874877e-128,3.344049851292893e-126,True
AC024909.1,84.11526841724783,-3.342923474811404,0.13891633245860088,-24.064294065693424,5.915212890260483e-128,4.8113764555438255e-126,True
CD34,7940.435434019641,-2.2064441460781494,0.09169887860302192,-24.061844372494175,6.275016282167064e-128,5.091618442676141e-126,True
TP63,2158.282643966892,-4.14557820487247,0.17230443465581324,-24.059614096140184,6.621556951767066e-128,5.3597646306912595e-126,True
ARHGAP11A,1015.5164273316345,2.304734688213522,0.09579563204025589,24.05887031722919,6.741322329001418e-128,5.443495359560975e-126,True
SPAAR,135.71535718834815,-2.9703361522503977,0.12350467680913403,-24.050394114554862,8.268881072174967e-128,6.66084335449186e-126,True
ABCA6,974.3972849033463,-3.00314663217879,0.12490112328820226,-24.04419234284386,9.601237896780731e-128,7.715462231800979e-126,True
KIF15,747.17931569785,2.4567773871839926,0.10222242735694193,24.03364360156874,1.237786352322814e-127,9.922821409522481e-126,True
AOC4P,28.725803447163475,-3.651493471024747,0.15198260243598133,-24.02573329116958,1.4974069879493515e-127,1.1975305909142188e-125,True
ZFP36,17504.12245437379,-2.8926714839586603,0.12045908668671067,-24.013725851017817,1.9990030550310864e-127,1.5948505474218108e-125,True
GRIN2B,70.65581057497839,-4.708084468352558,0.19606132215232383,-24.013326119951163,2.018317260715203e-127,1.6064167619950193e-125,True
UBE2T,1411.0734321882594,2.759108402997018,0.11499120368218319,23.994082283221772,3.2058793900184565e-127,2.5455445661363217e-125,True
FBLN5,4919.615392955796,-2.496343831988217,0.10404355207944474,-23.993258420109292,3.2699940055909057e-127,2.590285750414516e-125,True
DES,685.0570985950592,-5.460707261256583,0.22772172843155478,-23.979737457938192,4.525239169613068e-127,3.576118508706782e-125,True
EDAR,36.587544764436565,-4.545679376531902,0.18973602257901862,-23.957914341957817,7.641945636869902e-127,6.024852128699157e-125,True
GRIA4,308.06752758099014,-5.19495184516349,0.21707265368470763,-23.931857638360206,1.4277165803147943e-126,1.1229462320027848e-124,True
MOB3B,962.1239152249,-2.3077907718793726,0.09647661387033339,-23.920727306838238,1.8642289195745806e-126,1.462827535032769e-124,True
ADAMTS9,1366.7534585814135,-2.109878680224665,0.08821352353120307,-23.91785970864608,1.996823990137007e-126,1.5631944424196957e-124,True
AL450332.1,14.92862615927006,-4.165679549018897,0.17417211393143647,-23.91702928207401,2.03695123033905e-126,1.5908732220275638e-124,True
TMEM132C,1129.4138353832896,-5.741409452688524,0.24008420921901588,-23.914148587135713,2.1824928792869708e-126,1.700559696993953e-124,True
CENPI,380.88875539885703,2.195274537765353,0.09181225207792981,23.910474779575328,2.3832618663652644e-126,1.8526666662334548e-124,True
ADH4,33.27157900464406,-5.134116018605319,0.21489143246783338,-23.891673854302375,3.738245103857554e-126,2.899226417873153e-124,True
CKMT2,202.42836965103317,-2.82439388803949,0.11823361009120278,-23.888248746365907,4.0575723275922056e-126,3.1395818921780156e-124,True
AL021408.1,6.584536732611966,-3.0628945280809052,0.1282311943614265,-23.885720969329608,4.310574855354468e-126,3.3276240937781517e-124,True
SCN4A,559.9792800969357,-4.0324136653485665,0.1688716529369673,-23.87857047182275,5.114802888181206e-126,3.939343222123673e-124,True
ARHGEF15,1373.3225941358414,-2.163569609321025,0.0906158789345734,-23.876274608373755,5.403538312123449e-126,4.152133621451726e-124,True
CENPE,1308.9999437179365,2.5013916581647426,0.10477991218174013,23.872816898587335,5.869383231346088e-126,4.499725549015189e-124,True
CIT,1411.089672623712,2.082607078020295,0.08724185119424525,23.871651615729014,6.035242921524367e-126,4.616268719952204e-124,True
AL109741.1,18.893782913030755,-2.6969732248480844,0.11307885763256278,-23.850375581362876,1.0035937604578826e-125,7.658775358697924e-124,True
NPY2R,248.86635062615113,-7.742797723569314,0.32508330359167675,-23.81788802446376,2.179854961034944e-125,1.6559449452290284e-123,True
EME1,253.30896342010786,2.8008570614578048,0.1176062279635893,23.815550502350487,2.3048791697104194e-125,1.7469412597880176e-123,True
FABP7,357.7185377532678,-6.312136712490725,0.2652505319391758,-23.796886160206274,3.597132235690078e-125,2.7201987058509844e-123,True
ETS2,4087.632097716378,-1.792855223094865,0.07535832723039142,-23.791069799275224,4.132055080862444e-125,3.117644907051621e-123,True
SCN2B,167.93341600058676,-3.973415797447384,0.16712504360313754,-23.77510702036274,6.044132054805057e-125,4.5295676381054796e-123,True
CCDC69,4069.2485921968396,-3.1811433045688813,0.13392620583296383,-23.75295622528487,1.0241098916874434e-124,7.657632461409092e-123,True
COL6A6,609.5822834430929,-3.961123107781241,0.1667728956272823,-23.75160000000169,1.0576972878679283e-124,7.891084307182895e-123,True
CDK1,2720.970525716333,2.734016170424008,0.11513578525721571,23.74601575275801,1.20797777550181e-124,8.992154204287915e-123,True
LINC01589,13.478590191268188,-3.284330810939161,0.13834475619231132,-23.740190097076418,1.3875107900039626e-124,1.0305589607091794e-122,True
GNG11,2842.4160043666884,-2.318241601230453,0.09766672381018307,-23.73624824086446,1.5238643756316272e-124,1.129318956954203e-122,True
AKAP12,5444.286716575778,-3.0142399738975603,0.1270113186142051,-23.732057951884332,1.6835057090442134e-124,1.2448610175369283e-122,True
WDHD1,1053.4943464795515,1.5401779426636943,0.06490244209243355,23.730662406665452,1.7402958647250592e-124,1.2840072299273451e-122,True
RASL12,655.337734245475,-1.8931901337958057,0.07982910131361083,-23.71553860237454,2.4929679122304314e-124,1.835275649116394e-122,True
PNMA8C,55.6583861912722,-4.520558120448711,0.19078853283554165,-23.69407664739159,4.150080108801555e-124,3.0484806508463225e-122,True
POLR3K,1588.0281554696712,1.6305630610350053,0.06883096979079019,23.689380899194887,4.639355854016914e-124,3.4003929313320896e-122,True
AC092376.2,72.10730374631235,-2.244802076916087,0.094764951582151,-23.688104509504083,4.782030706875003e-124,3.497279430780142e-122,True
RAD51AP1,687.1536948462198,2.1653980906220904,0.09143893267794188,23.681357898706715,5.6121887650334025e-124,4.095424138404791e-122,True
LINC01697,112.67902635496547,-5.346774852624481,0.2258173711375016,-23.67742935670257,6.160337771617422e-124,4.485613632001516e-122,True
LINC01152,244.71037757386787,-4.9847280539107865,0.21058165279132135,-23.671236253665786,7.134982954307042e-124,5.183977048871145e-122,True
MMRN1,1156.794023941013,-4.02656548755211,0.17024439292771723,-23.65167755781372,1.1343226479855054e-123,8.223592606014917e-122,True
HOXA3,184.08417474498276,-2.7174590116782573,0.11492916509609917,-23.64464241436042,1.34004115001517e-123,9.693933256367875e-122,True
CCDC82,962.3940832297616,-1.7971765096066956,0.0760186417048183,-23.641260476412654,1.4517966407297714e-123,1.0479646357510204e-121,True
BRIP1,790.8853656532433,2.509757580750596,0.10619026517175224,23.63453539447624,1.702422347758472e-123,1.226222092341194e-121,True
THSD1,484.7521419002375,-1.6787354655769242,0.07109087363522892,-23.61393776352511,2.7718757099458043e-123,1.9922259278229013e-121,True
CDO1,1133.5053473402984,-4.152121167210123,0.17592172531157424,-23.60209439656369,3.667911854701978e-123,2.630563278332393e-121,True
LINC00506,38.444381104877365,-2.1965066293010476,0.09307245671309905,-23.599964015905368,3.857393300286449e-123,2.760519510112721e-121,True
EGFLAM,1042.063751271524,-2.148419736773596,0.09106594960745347,-23.59191054433099,4.666274245173389e-123,3.33223939619459e-121,True
PPARG,2134.519668301526,-3.505538263678424,0.148681681546709,-23.577472538721214,6.563256196876419e-123,4.6768810023425575e-121,True
LINC01197,87.61600582342068,-2.4646604651794166,0.10456117599304277,-23.57146848982847,7.563113173259313e-123,5.377873373454687e-121,True
AC009951.6,32.8500762939538,-4.104482987919803,0.17426871111903236,-23.552609998453942,1.1803840363121937e-122,8.375452601484117e-121,True
SOX8,162.52517140615907,-3.574889726660012,0.1518497488121213,-23.542282780349577,1.5059989881318933e-122,1.0663176274991616e-120,True
SIK2,6164.0019152658715,-2.5571643371084773,0.10881798780778316,-23.4994635411332,4.1305737017950567e-122,2.9184428470585453e-120,True
LINC01186,14.981883339710217,-5.014429836075779,0.21349019067093122,-23.487869959350515,5.426442484235575e-122,3.825928761242541e-120,True
AC004554.1,11.08210065909134,-3.2010563448398774,0.1364463027247222,-23.460191158846918,1.040401356829808e-121,7.319903976564825e-120,True
TPX2,4466.3418090167115,2.852824422258244,0.12162810256140086,23.455306480819825,1.1669547663498332e-121,8.19300515852644e-120,True
CAVIN1,26957.21688773656,-2.27421072384012,0.09699610162596001,-23.446413677634347,1.4380949963239464e-121,1.0075426477396488e-119,True
GPX3,19280.27875035434,-3.9679995786969497,0.16936980987403827,-23.428021686084335,2.2147916392795104e-121,1.548450448183069e-119,True
HSD11B1-AS1,118.71654161186945,-5.1459365888352195,0.2196770524457548,-23.425007444079366,2.377143884541491e-121,1.6584805733383717e-119,True
ETV3L,22.224415288280124,-5.102226936615643,0.21783947781701846,-23.421957249187994,2.553527288737238e-121,1.7778200741565376e-119,True
LINC01819,238.95019094541018,-4.749059213867638,0.20281521345931697,-23.41569516835215,2.9576429944465864e-121,2.0548840879541505e-119,True
POC1A,733.3738331661938,2.0051541949185765,0.0857225303966661,23.391215654041876,5.250588055333849e-121,3.640371331753192e-119,True
CADM3,254.71699758123538,-4.096272822365058,0.17518557713087163,-23.38247753869004,6.4434835898812016e-121,4.4581687601441535e-119,True
GINS1,1224.47457183137,2.3791442275296655,0.10180328319733495,23.370014726518644,8.627323303341728e-121,5.956782708967769e-119,True
CREB5,740.3993810576023,-2.626610513081691,0.11245777405736551,-23.35641564221108,1.1860725777901954e-120,8.172383139819263e-119,True
AC110772.2,17.92036974237343,-3.7814201513266346,0.16204026962665524,-23.336298810407555,1.898683538505852e-120,1.3055504603223022e-118,True
NCAPH,1036.186965262287,2.516715410885808,0.10785115346889629,23.3350810810903,1.953513055355256e-120,1.340487795947375e-118,True
ANGPT1,718.7804502330924,-3.385524160832212,0.14508727227125734,-23.334398033912898,1.9849569210947992e-120,1.359267522825266e-118,True
CKAP2L,672.9489019398512,2.8947952505053833,0.12414666975560029,23.317542518089162,2.9431735796117707e-120,2.0113093382473964e-118,True
CES1,3360.1231888398215,-4.398024674540171,0.18867406728518119,-23.31017048512846,3.496190761105947e-120,2.3843449016793913e-118,True
AC016995.1,11.041845318622064,-4.886631004686043,0.20966004691789064,-23.307402037355253,3.729676567293686e-120,2.538387425360758e-118,True
SOX7,430.00691463639197,-2.375430643560789,0.10192170959426664,-23.30642463727289,3.8157738217164376e-120,2.5916953397234516e-118,True
LINC00598,120.90267531206267,-3.8364114564760863,0.164608921305162,-23.306218314643555,3.834200439251174e-120,2.5989176920444593e-118,True
CDC6,1956.890511773949,3.0419252302433955,0.1305224478747795,23.30576295321824,3.875183586619189e-120,2.6213691162304938e-118,True
CDC14B,1182.4278919291332,-2.1673072976448786,0.09307561203648462,-23.285447715297515,6.22589795806477e-120,4.20298524298587e-118,True
PDE7B,284.9405393922667,-2.0421654017720363,0.08772401701870926,-23.279433286057742,7.163549894473566e-120,4.826206574359574e-118,True
AC009806.1,9.90458675244723,-2.753343337034141,0.11829445913034824,-23.275336455110228,7.881707127020743e-120,5.299335705222072e-118,True
CFAP20DC,306.6729802436602,2.553238398887999,0.10970135220756659,23.27444783047889,8.046725216076686e-120,5.399401191769445e-118,True
EGR1,35541.34787004633,-3.391144636482427,0.1457185379616952,-23.271882108602075,8.542788802257653e-120,5.72075228446768e-118,True
CFI,175.08927097687092,-2.127953574997788,0.09159530236207596,-23.232125667165697,2.1567940656377128e-119,1.4414213485962342e-117,True
CAVIN2-AS1,8.77056316570729,-5.087532973741721,0.21908335979867596,-23.22190502472141,2.735888717059083e-119,1.8247830565040668e-117,True
ACSM5,412.88808800385704,-3.710951317515184,0.15989168856140024,-23.209157091928116,3.680149764731033e-119,2.449686916247809e-117,True
AC105001.1,28.515152375852924,-2.0600108025085384,0.08877858078442123,-23.20391680410853,4.156973814540538e-119,2.761572106396661e-117,True
FLVCR1,1693.6520110142399,1.7479867392447814,0.07534636775929171,23.199349765990807,4.622548707845249e-119,3.0647589832590697e-117,True
FAM3D,118.66553234063964,-4.594475409523251,0.1980484371993995,-23.198746097134975,4.6878623494816085e-119,3.1018952677155192e-117,True
STIL,956.4103395257973,1.9297350541383755,0.08322855424142585,23.185973512656272,6.307577946804702e-119,4.1653745930295054e-117,True
CSRNP1,4085.0304659045264,-2.172316825320432,0.09372034120963386,-23.17871229748715,7.466271958274799e-119,4.9208044177175146e-117,True
DNA2,561.999737515585,1.805353159636544,0.07800988065552855,23.14262173542498,1.72503047463063e-118,1.1346753707782422e-116,True
PARPBP,326.6917527017593,1.8137413901239248,0.07846688987819844,23.11473530987829,3.291759189510589e-118,2.1609621498226107e-116,True
AL583785.1,56.0670514617417,-3.2877257254850356,0.14226736550660385,-23.109486239361225,3.7171806832969153e-118,2.435447123914908e-116,True
C22orf23,118.73373166419789,-1.957951255997047,0.08472567006474456,-23.109303880404195,3.7329080468928243e-118,2.4409558912907608e-116,True
MPZ,119.12804888889282,-3.011971276979974,0.13035948422155547,-23.105118089151908,4.112742179620876e-118,2.6840672983987595e-116,True
CENPK,372.0053411536166,2.1965723303060165,0.09509324465811454,23.099141670928123,4.722865572170024e-118,3.07622742121676e-116,True
KIF23,1619.216700017268,2.340054187500798,0.1013205115061836,23.09556231719166,5.130708269283013e-118,3.3353604302596333e-116,True
INPP1,812.7182280812574,-1.5144654894030112,0.06557651714876707,-23.094631359687654,5.242426310632061e-118,3.401355545394331e-116,True
AURKA,1659.6054583381783,2.7370173290060964,0.11856216557723911,23.08508212278752,6.538363932535902e-118,4.233939782255142e-116,True
GIMAP8,1391.1193962026448,-2.0782808696248343,0.09002804628519469,-23.084815847732244,6.578754282896594e-118,4.251838693417025e-116,True
CDKN1C,1476.9063879789117,-2.558913303137249,0.11085964297334745,-23.082460257899758,6.94708855038574e-118,4.481208047714005e-116,True
FAM72A,82.69941174968031,2.6839907614408722,0.11635842278810919,23.066579084940575,1.0028778305727527e-117,6.456558450148789e-116,True
ZWINT,2678.7632980463645,2.423493648308858,0.10509474122304467,23.06008483493412,1.1652472260237905e-117,7.487443109955181e-116,True
NUF2,967.2832598397576,2.9696358786579724,0.12879877903577355,23.056397746077728,1.268849224906798e-117,8.137471692580156e-116,True
AKR1B15,352.456763335252,-5.281545032965876,0.2291383898901503,-23.04958604054897,1.4850299472578854e-117,9.505616835144573e-116,True
EXO1,793.668225013192,2.880956897989173,0.1250481165411068,23.03878681005261,1.905532128724709e-117,1.2150591005896812e-115,True
LIFR,5026.6140864391555,-2.6875834578648194,0.11670777136764594,-23.028316164127176,2.4263555281611883e-117,1.5442085974932723e-115,True
BNC1,80.66835658768917,-3.80770241845348,0.16534961324457984,-23.028190654557193,2.4333916986970672e-117,1.5457367573304476e-115,True
TRIM29,4927.786766801883,-4.430190021149885,0.19242953639684607,-23.022401363653113,2.7810725810135237e-117,1.7632317396239544e-115,True
NEK2,1608.6042854476657,3.391493618308595,0.14733095697569323,23.019558739906415,2.9695180781972205e-117,1.8791358328235126e-115,True
KIF14,735.4267056388991,3.080338399463087,0.1338166209981269,23.01910163690506,3.0009882900562145e-117,1.8954537591872104e-115,True
TRIP13,1148.634875786293,2.3333132882943977,0.10139427047199745,23.012279465424037,3.512239813119684e-117,2.214171749106396e-115,True
RUNX1T1,613.7226020043882,-2.1699008828529336,0.09432834302349422,-23.003699771472505,4.280316569250549e-117,2.6932882503384257e-115,True
CCDC3,2813.7021643303074,-3.163554844573174,0.13762819296101703,-22.986241238154207,6.399640507946264e-117,4.011684422922931e-115,True
AC092164.1,109.81221295414709,-2.1657569657529363,0.09425448219841377,-22.977761006567643,7.779578196056107e-117,4.867563851037057e-115,True
FAM171A1,1301.5491966394104,-2.1406824184073177,0.09318785971074625,-22.97168778263568,8.946801711580738e-117,5.58739494905442e-115,True
NOTCH4,2040.5276238648867,-1.8148505982964998,0.07900623038293794,-22.9709807631631,9.093573553891275e-117,5.668440830817199e-115,True
CNKSR2,137.3565707101732,-3.207420363448357,0.13966321549987637,-22.965391080024194,1.0341814063727636e-116,6.434499201702481e-115,True
PLSCR4,2277.5606899315435,-2.2509854453516076,0.09801847500988449,-22.964909881781075,1.04569513667098e-116,6.494019946525235e-115,True
ABCD2,526.7877678427718,-4.387304243182948,0.19106096630309913,-22.96284964990143,1.096454906528592e-116,6.79659380628662e-115,True
NMUR1,142.18959704954852,-3.876977716691616,0.16886270241891377,-22.959348992731556,1.1884060880303201e-116,7.352904383993162e-115,True
NFIB,9578.38592352629,-2.4173250305481684,0.10533525142691412,-22.94887037152426,1.512244837853742e-116,9.33923205510823e-115,True
LINC02185,84.75049676366082,-2.882636578098574,0.1256272990599954,-22.94594088759262,1.6176046290800023e-116,9.971441178408317e-115,True
TNNT3,219.99461851103334,-4.3202145260113864,0.18830353775984013,-22.942821879009685,1.7378445477045704e-116,1.0692874136789615e-114,True
BUB1,1483.3910427169913,2.7023185549469786,0.11782436484912107,22.93514213641133,2.0733063144776053e-116,1.2733460825324797e-114,True
FAM162B,76.13980648395223,-2.432907327917864,0.10609388104690906,-22.9316460469776,2.246725121175689e-116,1.377316839450148e-114,True
HEPACAM,159.65276408459607,-6.171169321677754,0.2692419648296679,-22.92053293245671,2.9000756465773517e-116,1.7745802337194148e-114,True
AC015849.5,75.09565394472683,3.689207657381566,0.1609944457749748,22.915123808296137,3.283589990192238e-116,2.0055758714820683e-114,True
SMC4,3705.7761506321076,1.7519536875209933,0.07645783069444201,22.91398633218545,3.3704677893795665e-116,2.0548762396347195e-114,True
E2F7,344.1655136946797,2.855526719531417,0.12463563923917377,22.910996701767683,3.60990484827218e-116,2.1968378975370242e-114,True
ATAD2,6098.318157854716,2.2755903103588433,0.09935441630373675,22.90376608325218,4.261539177413286e-116,2.588671585201378e-114,True
DDR2,7828.740474927823,-2.9288086290863027,0.12798760383565042,-22.88353357132306,6.778168059958056e-116,4.109911393300749e-114,True
PCDH9,420.0172291137549,-3.8614372839046,0.16882949989153073,-22.871816160004553,8.866536372380983e-116,5.366426887160316e-114,True
DEPDC1B,367.94223242511544,2.6337567577936345,0.11515564457930628,22.871277976997455,8.976560146143471e-116,5.4231758027851196e-114,True
CCND2-AS1,20.096548823312382,-2.370676475427858,0.10365571025861882,-22.870678996005818,9.100616181234135e-116,5.488181718408267e-114,True
AP001528.1,204.36547659034727,-3.3272414882010075,0.14548520479575425,-22.869964632294398,9.250808642551468e-116,5.568686235026154e-114,True
DACT2,107.07176381869273,-4.801316677081135,0.2099709916911381,-22.86657141736868,9.998706510935424e-116,6.008051593390729e-114,True
PRDM16-DT,39.68989444566501,-3.1364152975805593,0.13722826764943494,-22.85546084129609,1.2896280772214458e-115,7.73521704087374e-114,True
ROBO4,1754.7043257731584,-2.105588549830019,0.09218400611209294,-22.841148249401176,1.7896075749736319e-115,1.0714833575905862e-113,True
CENPF,6481.127753656492,2.741554448966932,0.12008998690839015,22.829167689545244,2.353955257590465e-115,1.4068468438240935e-113,True
TMEM88,176.15708220777825,-2.4159350409396545,0.10585563729647292,-22.82292282812748,2.715334189088132e-115,1.6199227168497337e-113,True
TAL1,271.9911144037445,-2.2653642611583837,0.09928686357327166,-22.816354345674256,3.1553271390825844e-115,1.8790536564511627e-113,True
NMT2,1503.1083177755734,-2.181682476272034,0.09567379138197299,-22.80334504108625,4.247797560387989e-115,2.5251301397750278e-113,True
SRL,83.07032207975078,-2.3544214695218266,0.10326270625428381,-22.80030763210948,4.553024789512858e-115,2.701758428922852e-113,True
C8orf88,40.58727669472915,-2.553069554104259,0.11201675442057393,-22.791854373128857,5.52267522193647e-115,3.271326749136045e-113,True
KLK5,1046.8270382563735,-5.5016289998583865,0.24140615773466198,-22.789928191912242,5.771003396689928e-115,3.412361565181071e-113,True
MYCT1,982.956671459831,-2.085138777346668,0.0914948465724309,-22.789685490056435,5.803073562035712e-115,3.425251331333256e-113,True
PREX2,1186.5849048503526,-2.6240186589302597,0.11515496918277733,-22.786846955473894,6.191621885978793e-115,3.6481342451502965e-113,True
LRRC2,117.25297696763239,-3.112630251692963,0.1369297551405717,-22.731584150556213,2.183150312973391e-114,1.2840543172372067e-112,True
SRPX,2296.9247602563173,-2.8688212643877185,0.12624366200077633,-22.724477561258297,2.566643958025403e-114,1.506954390073753e-112,True
AC093110.1,80.90920003659151,-2.8987687488270906,0.1275932167506404,-22.718831162413984,2.9187115387738365e-114,1.7106522162841596e-112,True
HOXA7,84.00612488701836,-3.1095965418098235,0.1369030211001168,-22.71386355700496,3.268090781038019e-114,1.9120624466111737e-112,True
CIP2A,681.7427471252181,1.9503849134462068,0.08592338543912303,22.699116235684873,4.570912417607373e-114,2.6603029356856596e-112,True
PTCHD1,377.214442267925,-4.549759385473739,0.20045564376882646,-22.697087993794305,4.7866897340824185e-114,2.7810333787789997e-112,True
TNFRSF10D,311.5210993271187,-2.450199433485166,0.10798206354411319,-22.690800240951152,5.5223804455060475e-114,3.2028846169944553e-112,True
AC109587.1,64.9778405090319,-1.5362910083129053,0.06771701196702333,-22.686928493847965,6.03046752546225e-114,3.4914941233791766e-112,True
GLP2R,69.11596040452136,-4.756118198215507,0.20968778890471573,-22.681903524562106,6.760073064440632e-114,3.9071347768809474e-112,True
HMMR,856.0254545693767,2.743034951025542,0.12094395968445129,22.68021452400148,7.024585433546801e-114,4.052991342964572e-112,True
SGO1,263.89339684901313,2.838020290651304,0.12518500053999626,22.670609724881253,8.7375595657609e-114,5.032623039007949e-112,True
AC055874.1,5.460479052868938,-5.530707154317659,0.24415232476516222,-22.652690936436365,1.3124594370111587e-113,7.546415476704333e-112,True
LINC02538,5.913838793179244,-3.2062971858183764,0.14156830515337637,-22.64841118458433,1.446330653286473e-113,8.301838374604232e-112,True
AL161668.4,6.788047262672459,-4.206881295077127,0.18580465192960102,-22.6414207146496,1.6949205662500268e-113,9.71201133399865e-112,True
G0S2,4554.263425220627,-4.586090334804563,0.20258762158854843,-22.63756442197058,1.8498601878719417e-113,1.0581644494912759e-111,True
EPHA2,1207.204264325721,-1.8077903534475557,0.07988389621340329,-22.630222599786464,2.1849811518510192e-113,1.2477215142650623e-111,True
VWF,20430.984054894256,-2.3294916085720025,0.10296689377114765,-22.623695085427048,2.5334762435760287e-113,1.4442546879831962e-111,True
BUB1B,986.4007397773814,2.6322840107495145,0.11636731739231083,22.620475144883308,2.725292940025915e-113,1.5509521204253284e-111,True
ASPA,334.0897400915002,-3.5832390096452107,0.15843648088650264,-22.61624967681588,2.999168800861648e-113,1.7039059683123528e-111,True
AF001548.3,11.18858875016029,-4.994760814887488,0.22087972369590342,-22.61303451177816,3.2258181619557416e-113,1.8295545898479936e-111,True
PDE9A,563.9106972767021,-2.231607804116134,0.09870169464886423,-22.60961994680213,3.485267796764195e-113,1.973347975454824e-111,True
SLC16A7,1621.9148379357193,-3.51293952707783,0.15539532689807725,-22.606468271609888,3.743185401372331e-113,2.115787965260438e-111,True
FABP4,32594.428387853273,-5.529626705666349,0.24462938413646182,-22.604098543541085,3.949582035411516e-113,2.2286736260395713e-111,True
ACKR1,2806.3197603933463,-3.830813412808928,0.16962550451161218,-22.583947053473192,6.232648854825301e-113,3.511023761141368e-111,True
SAA1,10287.242462201413,-4.997329577744564,0.2214189103506532,-22.569569915372053,8.628105286052296e-113,4.84408557549761e-111,True
MAD2L1,1554.062686431249,2.1708215838130585,0.09632273083991605,22.53696053760004,1.8027766090949987e-112,1.0104335653228423e-110,True
AC099541.2,16.42380775232327,-3.608401446327456,0.16013384865323824,-22.533658415599987,1.9423301056525668e-112,1.0868249445202592e-110,True
MIR100HG,1165.791095546493,-2.1226918357045266,0.09423343160028695,-22.525889163289932,2.314679731451841e-112,1.2930025856647812e-110,True
TMPRSS5,35.79661130196893,-2.3303017598433042,0.10349121169597567,-22.51690478500717,2.8349079046043993e-112,1.580958924927293e-110,True
AC093535.1,31.79508836534661,-2.668421662931967,0.11854751230859858,-22.50930121574908,3.3653292687272297e-112,1.873628811064848e-110,True
FOXO1,2317.090352230474,-1.9995823702217868,0.08886720796780137,-22.500789840795733,4.0773668892239667e-112,2.266268473145501e-110,True
CSN3,133.4187439849836,-10.282465947846939,0.4569901592484723,-22.50040999735447,4.1124334374234157e-112,2.2819557854348335e-110,True
PHF24,44.1302000505199,-3.056486222251755,0.13587794320193344,-22.494351549827282,4.714214816444263e-112,2.6072031494792657e-110,True
PALM2AKAP2,8653.108894201336,-2.13521744674777,0.09496638288790656,-22.48392938444408,5.962140321268603e-112,3.291910886986534e-110,True
AQP7P1,58.276284706697695,-5.771189053723456,0.25707734139216504,-22.449232680213736,1.3019967730331486e-111,7.165064419782586e-110,True
GYG2,5501.6670864448615,-4.182813417191614,0.1864710003854639,-22.431441932231298,1.9423899255168472e-111,1.0671624650092476e-109,True
FOXM1,1986.306741909994,2.7396344027118134,0.12219528778112146,22.42013135252072,2.504452512000676e-111,1.3737004411630022e-109,True
TMEM273,660.0400678676205,-2.1421893194803157,0.09556298843329704,-22.41651663055267,2.716289419752472e-111,1.4874472226490178e-109,True
BHMT2,868.4479604668502,-3.508473802803045,0.15667627921487737,-22.39313966596862,4.590839534885021e-111,2.5098345516209925e-109,True
MEOX1,777.3642959381325,-3.6009234189804795,0.16090839873021318,-22.378716383959315,6.3444678006534414e-111,3.462874904811647e-109,True
AL117335.1,26.782528936601416,-2.821777891053291,0.12609701229761666,-22.377833063905392,6.471382185752166e-111,3.526374583540016e-109,True
ANKRD35,283.21823488798066,-2.6488236963297993,0.1185547296995968,-22.34262355488975,1.424278963801357e-110,7.735876085311313e-109,True
MFGE8,11114.890075756293,-2.1420906973758815,0.09594022094104994,-22.327347971108804,2.0047650211697913e-110,1.0871042063575832e-108,True
ACACB,8577.167208292258,-3.583339687810553,0.1605541260175717,-22.318577396250642,2.4392812011020712e-110,1.320577739862873e-108,True
MTFR2,213.25077051358048,2.4055813897261955,0.10779608835572808,22.316036012250787,2.5819209461255143e-110,1.395534548336139e-108,True
KY,160.09256955211612,-4.251334141626195,0.19067263985650115,-22.296508533294123,3.994789466691337e-110,2.1522170262470015e-108,True
SLC7A10,453.0296491812785,-5.554821594934674,0.24934640382693005,-22.277528408992996,6.103421325229109e-110,3.2776650205324564e-108,True
AL356218.2,67.47638629582484,-5.717521709382852,0.2569329859631718,-22.252968757395703,1.0556849360197468e-109,5.660134554875006e-108,True
FANCD2,1267.7059450195295,1.7557220289627191,0.07891428445015516,22.248469224500038,1.1670848257448815e-109,6.247369478935161e-108,True
VIT,672.1936570230699,-3.7459261250400044,0.16837616464357893,-22.247365789388503,1.1961494068398278e-109,6.392690155240612e-108,True
AP002026.1,103.13418675379484,-2.094444751496611,0.09419651570606428,-22.234843144646934,1.5812027736376327e-109,8.437045007686626e-108,True
SLC50A1,5691.7437920641305,1.8847505842049366,0.08478018088773386,22.231028106683663,1.7214659195269829e-109,9.17079344254079e-108,True
PHKG1,119.6811392265615,-2.223108293575538,0.10000109308361854,-22.230839934085797,1.728696903613544e-109,9.194627278884861e-108,True
AC024337.2,17.149587609445344,-2.942920190688481,0.13238599272661716,-22.22984569648346,1.7674090801646817e-109,9.385561371721652e-108,True
ARAP3,1172.9785264937018,-1.6007456508758628,0.07202144063259135,-22.225959892164234,1.9271882478873426e-109,1.0217774384546103e-107,True
AC124852.1,172.45747753456735,-3.1779189019644103,0.1430721060712768,-22.212008959882155,2.629156274512838e-109,1.391741787281407e-107,True
TINAGL1,2880.2987673487914,-2.60989032700245,0.11750215684841338,-22.211424853838256,2.6635589410549984e-109,1.4077183379594793e-107,True
LRIG3,1691.6702512756365,-1.984847414500944,0.0893783185330231,-22.20725839418865,2.922339074107684e-109,1.5420424965572332e-107,True
PLXNA4,2245.1492774857006,-3.7672056520614325,0.1697096316292866,-22.197948436365177,3.59486803946704e-109,1.8939218680598153e-107,True
PGM5P4-AS1,8.573045189492149,-4.459366084234925,0.20095202847029917,-22.19119716372518,4.1772446685671413e-109,2.197270227950246e-107,True
AKR1C1,2204.361190623078,-4.436404098012461,0.2000577513373009,-22.17561713233798,5.906004474819688e-109,3.0968450193516004e-107,True
HBA2,823.6578625444233,-4.940275648968294,0.22279452132057864,-22.17413435341949,6.103830821174753e-109,3.195551869000892e-107,True
SAA2,792.7951114688431,-4.853001079808964,0.21893990127342808,-22.165905125480908,7.328188976676101e-109,3.830529375911776e-107,True
MAP7D3,917.4315100750439,-2.325758915286762,0.1049377719284511,-22.1632199021008,7.778518360388496e-109,4.059558823170516e-107,True
CEROX1,197.95885293309993,-3.324279358646442,0.15005551469363843,-22.153663365411614,9.617202108351935e-109,5.0113136423660733e-107,True
LMNB1,3823.2889420482084,2.2563663322103475,0.10188290840303169,22.146661963010924,1.1234061806385193e-108,5.844691531687049e-107,True
MICU3,215.6840247175818,-2.5140915000447994,0.1135490229459872,-22.141022747863694,1.2731483247483828e-108,6.613430448914924e-107,True
RGN,193.40077998679732,-3.3248771489531954,0.15021989280379472,-22.13340115543742,1.5076566129253162e-108,7.819415300847025e-107,True
MCM10,765.5434003208713,2.6945697971912383,0.12174563320053708,22.132783955813792,1.528435774642463e-108,7.914876498222283e-107,True
IGF1,340.53563528220064,-3.2102674906726096,0.14507010214319108,-22.129077206438605,1.6593823764318482e-108,8.579650057616388e-107,True
PLCZ1,14.42073211716435,-4.973122562266198,0.22479478641058062,-22.12294440487132,1.901068239791644e-108,9.81404407566742e-107,True
SHANK3,2127.173821147414,-1.796138625561823,0.0812085658344755,-22.117600613989758,2.1401216465065532e-108,1.103105359958996e-106,True
PBK,895.814246108388,3.0080193146518934,0.13601745574257545,22.114950601228895,2.2695700788852547e-108,1.1680230333448204e-106,True
KLK7,589.1860580756102,-5.363175265288952,0.2426608486508775,-22.101526863961034,3.0555827653302405e-108,1.5701175599537472e-106,True
SACS-AS1,6.919292303629201,-4.432900401785144,0.2008565043509894,-22.069986810279303,6.140944542802247e-108,3.15068245473711e-106,True
WDR76,1014.2466811022753,1.6294949845547195,0.07384753656531666,22.065664751233296,6.756817991429269e-108,3.4613382979443116e-106,True
MRGPRF-AS1,6.804388115701657,-3.848259686445444,0.17445587185501404,-22.05864236913526,7.891592445859409e-108,4.0364527067019233e-106,True
SLC17A7,150.1261074954992,-3.1686884257937225,0.14365382350799433,-22.057807779946668,8.038521581270463e-108,4.105308670961542e-106,True
AL158828.1,6.610608116885361,-4.421125392293854,0.2005950695448572,-22.040050148417027,1.190054305297485e-107,6.06836712956664e-106,True
MEG3,1508.61382107731,-2.4281513310511866,0.11017209134898623,-22.039622751279737,1.2013405001587906e-107,6.116565548060383e-106,True
HELLS,1094.1508876063617,1.9217690188815593,0.08721907703836788,22.033815125516274,1.3657196450148423e-107,6.942893969756093e-106,True
AC009242.1,15.69253779949738,-3.1859195404447416,0.14460493515303685,-22.031886650846673,1.4251234867105848e-107,7.23385740613566e-106,True
NAALAD2,206.41867294008884,-2.9388139567293967,0.1334347087707133,-22.024359207612836,1.6827245533419834e-107,8.52844698015225e-106,True
PGM5P3-AS1,15.62133030763543,-4.443191261177688,0.20188409823433456,-22.008624255389876,2.3810806845057865e-107,1.2049569005703107e-105,True
FOXCUT,20.46536522339984,-3.4852859369441758,0.15836691926089783,-22.007663931394813,2.432045953303988e-107,1.2288833408596166e-105,True
AP005264.6,13.295848606658128,-4.83688525123277,0.21992660605823025,-21.993179169745847,3.346983238783718e-107,1.6886315284447538e-105,True
MGAM2,266.45223553875707,-4.996578535687689,0.2272828374388772,-21.98396760613925,4.100159053730563e-107,2.0592801849828396e-105,True
FRMD1,139.40416549005073,-4.575585695907197,0.20817429771201917,-21.979589921503646,4.515217671363018e-107,2.264330738680982e-105,True
AL138716.1,15.278330587787138,-4.787435032575445,0.21786153127942437,-21.97466897648482,5.03203581324168e-107,2.519720155192144e-105,True
TXNIP,64464.82676028775,-2.141366600519527,0.09746690839717509,-21.97019107032219,5.553442897002e-107,2.7766381884875513e-105,True
SCN3A,138.0795237917571,-3.665869586444741,0.16709123735632297,-21.939328743058226,1.0950586465179247e-106,5.4669327548991425e-105,True
AC092155.1,13.634706816862918,-5.06703580640917,0.23107166694702372,-21.92841672610107,1.3918672077744863e-106,6.927967091353932e-105,True
KIRREL1,4029.0688612005933,-1.8365580184202397,0.08380275389096019,-21.915246613612172,1.8588489482922395e-106,9.2385623810131e-105,True
CSRNP3,405.734313662978,-2.9774442895022624,0.13588565141740128,-21.91139578347693,2.0228692704782e-106,1.0038789776960936e-104,True
EPAS1,17108.035259638324,-2.052831986033892,0.09369452500191096,-21.909839299489732,2.093194158516481e-106,1.0372352450574462e-104,True
CABP1,65.14553287794367,-2.5700852834445675,0.11732441733240068,-21.90580053053291,2.2872618885606376e-106,1.1317195359289124e-104,True
FHL5,251.96297612287398,-2.9555588796102588,0.13495625100238756,-21.90012583824643,2.590642749758814e-106,1.2799310379512103e-104,True
PCNA,7387.140567310799,1.5115213348757377,0.069054779708686,21.888728647781235,3.326628640477747e-106,1.6411203924747396e-104,True
COL14A1,10164.452062759196,-2.730507299231629,0.12478424471226013,-21.881827353508477,3.8702153479468477e-106,1.906466937055826e-104,True
KLF9,4887.496587164944,-1.8885836203457198,0.08638281561757509,-21.86295511258464,5.852977182236652e-106,2.874682416059059e-104,True
ESCO2,486.29834499886914,2.672791552797076,0.1222621125980593,21.861159569391425,6.087798429337548e-106,2.9856174973526156e-104,True
ITGA9,1449.308572526038,-1.8004055893617237,0.08240735531078304,-21.847632199478433,8.186900850503859e-106,4.009177040579342e-104,True
LINC01497,10.557930774352963,-5.281215654599255,0.2418183812765659,-21.83959559533718,9.761541093529942e-106,4.773279089855279e-104,True
TRPA1,429.85533751887937,5.622826677096083,0.257564025038107,21.83079207689885,1.1835202165828194e-105,5.778801713443696e-104,True
PICSAR,18.21777398670032,-3.7609680702355344,0.1723103122159156,-21.826714964817697,1.29392147178586e-105,6.308623854179334e-104,True
ENPP6,59.796747061239046,-2.6367394738423133,0.12089903709798372,-21.80943320256012,1.8880056651259205e-105,9.191693565880922e-104,True
ICAM2,354.75734305542414,-1.91669428922298,0.08795226473096926,-21.792438149100715,2.7368440373218543e-105,1.3304812215837684e-103,True
PLK1,1327.251342575574,2.641792715454218,0.12126712430797605,21.78490444570112,3.2261812210510807e-105,1.566083224757387e-103,True
MESTIT1,28.19298111160634,-3.1306496402420643,0.14375444498898793,-21.777758875434305,3.7707196805285116e-105,1.8277577125864148e-103,True
NAALADL1,195.84386541824773,-1.7170533314115386,0.07885777481099006,-21.774052533526987,4.08836169074997e-105,1.976443263295413e-103,True
MCAM,13292.436461018326,-2.4045651098788055,0.11043264853371797,-21.774041841843797,4.089315576700456e-105,1.976443263295413e-103,True
PDZD2,3718.7782133716323,-3.0383374704931034,0.1395635282860596,-21.770282736514833,4.438841425876097e-105,2.1422709509629804e-103,True
EGR2,2506.389384997009,-2.736856135404286,0.12586002836193488,-21.745236919333326,7.663590333103751e-105,3.693252514720766e-103,True
AL356489.2,56.0456024067537,-3.8853474204612395,0.17877453963146575,-21.733225706919328,9.955700584906112e-105,4.790947457518527e-103,True
PGM5-AS1,21.07859325252583,-4.755807203093773,0.21882876414405508,-21.733007640453625,1.0003095208475446e-104,4.806818762355154e-103,True
KANK3,283.99852193199,-2.3709876910230316,0.10914853227550587,-21.722579695696993,1.2552862431333572e-104,6.023387183058177e-103,True
PXDC1,1978.578691797077,-1.846443403486877,0.0850097091983443,-21.720382540996145,1.3167805893346001e-104,6.3093844646148825e-103,True
ZFP36L2,8168.138453344861,-1.8699826980375185,0.08612399981742645,-21.71267825462913,1.55714412800742e-104,7.450387306301211e-103,True
TTK,831.6403520051487,2.4591973032709986,0.1132717474360397,21.7105973813957,1.6292634822360093e-104,7.784284794998377e-103,True
PGAP4,298.4458776816014,-2.471253360678926,0.11382918140966879,-21.71019179857701,1.6437036641050634e-104,7.84204198773101e-103,True
TESC,258.96164356401596,-2.8388048594999327,0.1307950352914343,-21.704224882653822,1.8715198256219348e-104,8.903468568425948e-103,True
F3,2301.2834586220984,-2.7347609644284243,0.12601080177039858,-21.70259157156519,1.939197444040302e-104,9.212292815000005e-103,True
SH3TC2,167.1557080884702,-2.308840779106866,0.10641583547491403,-21.69640231458918,2.2185681019942484e-104,1.0524470502618235e-102,True
DCT,80.74568412836072,-4.5992463391241785,0.21221044745565604,-21.673043878224924,3.685683034063467e-104,1.7459352770310021e-102,True
LRRC70,36.3937757518224,-2.245729808217737,0.10363637596055582,-21.669320134008405,3.9961240649807583e-104,1.8903083892630256e-102,True
KANK1,4230.221771817065,-2.161648582670217,0.09979686533954694,-21.660485780945773,4.8410244552878574e-104,2.286732642484345e-102,True
NEIL3,220.81780765024303,2.9057769397883813,0.13417379987722466,21.656813345431846,5.2426924930531874e-104,2.4729639597005765e-102,True
AC009159.3,21.514420796756628,-2.1735348439467046,0.10046905815085592,-21.633872994838935,8.623079865841662e-104,4.056009738306821e-102,True
ERCC6L,408.2816310228634,2.4462119578266655,0.11314028756685418,21.62105126682843,1.1385425669704276e-103,5.340261050055807e-102,True
LINC01235,353.8612636297505,-2.8755933143828964,0.13311940795746416,-21.601608349262936,1.7346959441322173e-103,8.125052674278837e-102,True
PRNP,7171.6773199932695,-1.8175347831203894,0.08423262990786988,-21.57756186775045,2.918572948067124e-103,1.3650980258778474e-101,True
IFFO2,2865.276556617313,-2.0343250584695025,0.0942826567158916,-21.57687457407648,2.9622715315970176e-103,1.3835965449191728e-101,True
EMP1,18091.224135265395,-2.212724369043216,0.10255393289953862,-21.576201969853184,3.0056681656169826e-103,1.401902484687563e-101,True
RAD54B,178.11814258446825,2.0587807497569237,0.09544735925122061,21.56980314497905,3.451597306765796e-103,1.6076441142923538e-101,True
RMI2,1050.64819169229,2.44152237916277,0.11321308087604535,21.56572686009616,3.7694973390205595e-103,1.7532631347140397e-101,True
GRIK1,63.3175350117729,-3.3983584248715255,0.15766416764920374,-21.554411985561188,4.813448225549832e-103,2.23570591746325e-101,True
GSTM5,996.8243748569985,-4.016052077110348,0.18633094565608546,-21.553328476756896,4.927430118118801e-103,2.2854640752314866e-101,True
ADH1A,45.922775388920336,-5.528410690745048,0.25654475208347644,-21.549498268224845,5.352378022648907e-103,2.4791174260738663e-101,True
SNORC,264.68403871874034,-3.0880374580451218,0.14331694400219824,-21.546911145396432,5.659912060698495e-103,2.6179252054401407e-101,True
ASPM,1912.2353026862677,2.9658339596716248,0.13766346750480388,21.544088736310016,6.015557373919739e-103,2.7785709537790774e-101,True
FKBP4,18907.624573910816,1.7271498549905981,0.08020692003550829,21.533676324012617,7.531559283126016e-103,3.473996826182151e-101,True
CIDEC,6023.0897409493755,-6.0157640349362955,0.27962763023301473,-21.513482161699603,1.1642788508897917e-102,5.3629192539121083e-101,True
CCNA2,1259.8551942279116,2.495045486881972,0.11599687618743501,21.50959205875787,1.2661287815614999e-102,5.82401775673027e-101,True
ARMT1,9814.59697947116,2.46523567518935,0.1146309613250341,21.505844901703448,1.3726323496156178e-102,6.305222620844523e-101,True
SLC7A3,100.2030618587647,-4.7804272680916915,0.22246789552015675,-21.48816689668627,2.008871906028457e-102,9.215112681450208e-101,True
KCNAB1,421.45819041930633,-2.081384902760687,0.09689614054407696,-21.480575914309902,2.365554888555304e-102,1.0836385986048192e-100,True
EDN3,297.5006413259527,-6.029594389026277,0.28072380837834066,-21.47874248307431,2.4607817604825556e-102,1.1257148275765808e-100,True
ADAMTS3,184.32920291190408,-2.289267861268077,0.10667133561304382,-21.46094682429517,3.60879682569405e-102,1.6486269224667243e-100,True
DIAPH3,617.8817146971884,2.2431250677217593,0.10456231672600359,21.452518822815225,4.3258251397503335e-102,1.97348758666941e-100,True
LINC01554,59.66199206473223,-3.780354497934276,0.17626476797896373,-21.447022801433814,4.8683079372506054e-102,2.217939909827465e-100,True
LINC01485,90.80941081333481,-4.560940591812951,0.21268864957424713,-21.444212471812136,5.1714140707571394e-102,2.3528170238155506e-100,True
AL049775.1,12.612576149942928,-2.5269143732999266,0.11791251383896088,-21.430417273191736,6.955404095551907e-102,3.160160370334612e-100,True
CDC25C,385.2998543761332,2.8740219111578167,0.1341531979591502,21.423431978363716,8.081010377635333e-102,3.666579797057969e-100,True
FLRT2,1355.0995829537378,-2.390224532218434,0.11160994236287754,-21.415874622057366,9.504298456171272e-102,4.306506103462714e-100,True
TWIST2,502.45666402956834,-2.942658863123872,0.13756199273406913,-21.391510871847686,1.6028233639488238e-101,7.242893816304786e-100,True
AASS,1041.5024174158716,-1.9907220678516377,0.09311880957979017,-21.378302373441098,2.1272799922520132e-101,9.59981873634809e-100,True
FOS,32026.017658606936,-3.2740262646423326,0.15328244114277484,-21.359434519918317,3.186451702769025e-101,1.436013213995192e-99,True
LINC00924,53.39538162714712,-2.66670811710687,0.12484965356038955,-21.35935536110229,3.1918556406833925e-101,1.4365073382071585e-99,True
CBX7,2304.152737744232,-1.769332383812466,0.08288172923818264,-21.347676985935223,4.098091426892537e-101,1.8418766980517413e-99,True
FOSB,13329.430638578524,-4.240626273182554,0.19870084609746974,-21.34176253634259,4.650801254112027e-101,2.087477402737308e-99,True
NGF-AS1,23.923618440961963,-5.7116860626094,0.26776653400521605,-21.330843616544467,5.873897769319749e-101,2.6329115149065093e-99,True
KNL1,942.9017216245699,2.5691310463885495,0.12048729360183771,21.32283803202103,6.97007509538839e-101,3.120067575249764e-99,True
SLC19A3,3022.4285860543914,-5.324770891671977,0.24976248269261117,-21.31933841410963,7.511273952286183e-101,3.357821381163431e-99,True
PAK5,89.58651140058618,-4.790629861432816,0.22479986549557465,-21.31064380697827,9.04431780299201e-101,4.037737006853823e-99,True
LGR4-AS1,16.18544871018397,-3.5336770709152248,0.1658866294524107,-21.30175941593268,1.09336423408187e-100,4.874679658074369e-99,True
LINCR-0003,7.2649761737112994,-5.357950181017591,0.2518107602430893,-21.277685575649002,1.8274300083685337e-100,8.136577216165852e-99,True
SOSTDC1,514.2533208239638,-4.525797129142448,0.21274686724008854,-21.273155218943867,2.012761911362341e-100,8.949812930936362e-99,True
E2F8,440.6325148291616,3.106302575418023,0.14605282540644338,21.26834976847345,2.2298812705160361e-100,9.902038680484591e-99,True
CASQ2,310.569989389344,-3.4140507897428343,0.16052729038508978,-21.267728257001345,2.2596179884918433e-100,1.0020744720507245e-98,True
LINC00987,67.49044378471874,-2.163352009972017,0.10181091400645635,-21.24872398095579,3.387468964168443e-100,1.500248372988757e-98,True
TRDN,176.8037111111599,-5.418043665607661,0.2550324047799602,-21.24453035794531,3.703876160493793e-100,1.6382037941154843e-98,True
AL136366.1,22.59470821213078,-3.589515098410348,0.16910409296751097,-21.2266600732129,5.417875956819585e-100,2.393122454092402e-98,True
POLE2,401.0891750551901,1.699245618512116,0.08005596406778244,21.22572175976027,5.527107820448605e-100,2.4381417818008005e-98,True
DPYSL2,7410.700582298546,-1.6186218639183654,0.07626914884364917,-21.22249806716108,5.919404827224344e-100,2.6043038467428052e-98,True
FXYD2,11.062225299820778,-2.7570848383146873,0.12993849293244056,-21.21838399147964,6.460659677660622e-100,2.8386895861700147e-98,True
LINC01028,11.706067311331,-5.903194585802087,0.2782150130916259,-21.218102215993497,6.499488179275366e-100,2.851992516982292e-98,True
FNDC4,548.0374760992099,-2.2924120748648145,0.10804570799141641,-21.217058201395037,6.645393345308296e-100,2.912184266395353e-98,True
DSC3,1551.4172320470705,-4.242050558274962,0.20002472090816606,-21.20763143182958,8.120000515163062e-100,3.553725684779172e-98,True
COL25A1,150.3522543927788,-3.320379309713465,0.15658903857045492,-21.20441724418347,8.694070676688565e-100,3.799981166407431e-98,True
RND3,3536.4067314765766,-2.0952971135359717,0.0988292653372425,-21.201180706808177,9.313052290241487e-100,4.0651960841264834e-98,True
AP001360.1,14.999203334629712,-5.4121753843228255,0.25528022690375685,-21.20091888810201,9.365006356899467e-100,4.082530679689416e-98,True
MYO1H,30.61100198794526,-2.3685325880960715,0.11173005212669572,-21.198706552202143,9.815718393910506e-100,4.2734254924088964e-98,True
RAD51,606.7350175950302,2.266012102873713,0.10698414532074758,21.180821663621426,1.435074568050591e-99,6.231549709624892e-98,True
MEDAG,1107.5469743054905,-2.959790866747307,0.13975389617094705,-21.178592853875713,1.5046000552065161e-99,6.524955427969064e-98,True
AP003555.2,18.292423841017946,-3.4144000599933517,0.16131878509756944,-21.165545338865783,1.984532856182315e-99,8.595089119587537e-98,True
PRR11,1337.9899954009595,2.424082642748337,0.11462945192172597,21.147118843450524,2.933181661412031e-99,1.2687247111080393e-97,True
LINC00032,4.457244514909755,-3.535779733630001,0.16729485726240856,-21.13501748642513,3.7904821053795355e-99,1.6374195302111675e-97,True
CXCL1,89.37139124562135,-3.356610670904611,0.15882154779044844,-21.134479027577378,3.833962150023336e-99,1.654059556806316e-97,True
AC093496.1,11.1148141468287,-5.745747242139219,0.27224777400469397,-21.104845625074432,7.178878148505908e-99,3.089140740316433e-97,True
SYNPO,8633.897308705224,-2.3077196242206077,0.10934836019021008,-21.10429109505034,7.263576944622163e-99,3.121559633069646e-97,True
LRIG2-DT,32.688179507043834,-2.2779723300028345,0.10795297591126202,-21.101524166182703,7.701331050139606e-99,3.305427145316676e-97,True
AC103740.1,47.824999674847554,-2.4103295257204946,0.1143013067632215,-21.087506293463143,1.0357956623874139e-98,4.4399421008943276e-97,True
SKA1,481.07509516283983,2.692972642484218,0.127732735511353,21.08286988220701,1.1424195230237956e-98,4.890699444585437e-97,True
ANXA8L1,102.53607681839519,-4.172027137330276,0.19798332426838686,-21.07261888215728,1.4186426552225106e-98,6.065424860130194e-97,True
HASPIN,158.91356704692848,2.0987443450611662,0.09960825687566187,21.06998366291028,1.4998311595105312e-98,6.404336663062318e-97,True
MRGPRX3,46.13821845386459,-4.965075527126419,0.23564781757799308,-21.069898198752092,1.5025404432245044e-98,6.4077009259711e-97,True
FGF1,1626.626116138286,-2.352062748298266,0.11171264125197738,-21.054580054131815,2.0761511414357053e-98,8.831321991803487e-97,True
KIF4A,1593.5030196614148,2.9063020048885195,0.13810008609806565,21.044896400895347,2.5467349216610376e-98,1.0819243681843814e-96,True
AC012363.2,3.4870877453783398,-3.889671489536146,0.18488558240901198,-21.038262902140442,2.929129431988795e-98,1.2427930970406405e-96,True
CAPN6,636.9191980436848,-4.0558002996443285,0.19281503642220427,-21.034668119779838,3.159762578871282e-98,1.3389443741140837e-96,True
C6orf99,80.70055569814777,2.5944165083568134,0.1234020028089369,21.024103736579896,3.947804095569324e-98,1.6707527764358043e-96,True
ADAMTS1,6447.2404303434,-2.777496999572955,0.1321301469143708,-21.020918120774958,4.2218777674162146e-98,1.7844791085622732e-96,True
A2M,49568.67861523001,-1.6364210740345364,0.07784811195419772,-21.020690585242868,4.2421650054548785e-98,1.7907843135052498e-96,True
AC068733.3,20.595460503974483,-2.9561402509034305,0.14063986719395083,-21.0192195846341,4.3756881026471525e-98,1.8448144441868507e-96,True
RNFT2,401.8714415892655,2.0606396704826184,0.09805089719275308,21.016020551364416,4.680717357263776e-98,1.970924787214516e-96,True
FGFBP1,117.94509480793738,-5.936231560572017,0.2825021920895401,-21.01304601095098,4.983342601889165e-98,2.095706083611624e-96,True
LINC00933,55.41914083952328,-1.982572549074011,0.0944225225871972,-20.99681828817004,7.012765922209795e-98,2.9454500093170587e-96,True
RAB7B,626.9036843352695,-1.9159961268289611,0.0912529093233553,-20.996548395400918,7.052709298876962e-98,2.9585006592232425e-96,True
TLE4,1062.5223099404143,-1.8617774824822788,0.08870534620831215,-20.988334548744714,8.383202960617936e-98,3.5122039639905475e-96,True
EHD2,10742.74261818595,-2.1121138181384307,0.10067542020019205,-20.979438813749315,1.0107919030997115e-97,4.229472920510951e-96,True
ISM1,1336.1853610177652,-2.6326445567466332,0.12554811589423268,-20.969208004399608,1.253329957423298e-97,5.231201595758394e-96,True
ALDH3A1,109.18206359030548,-4.396644294184729,0.20972873798169225,-20.963480429508536,1.413631934074082e-97,5.89290142117957e-96,True
EPB41L2,6146.242529603461,-1.9455719568946899,0.09280829875455093,-20.963340380154175,1.4177977607521595e-97,5.901523162012187e-96,True
CLSPN,655.4411832021195,2.442362209939505,0.11650661589370724,20.963292008822496,1.4192394302479156e-97,5.901523162012187e-96,True
DTX1,770.5262462322454,-2.90215826659693,0.13848428487936348,-20.956589183567363,1.633835449762453e-97,6.7854020441006285e-96,True
FTOP1,31.704347548107158,-2.5867126569707524,0.12346293996044491,-20.951328858680053,1.8246803680364324e-97,7.568565372344152e-96,True
DPT,2558.9262843263127,-3.7646580614120015,0.179798977581126,-20.93815055045779,2.4061968347026064e-97,9.968230837328848e-96,True
CMA1,89.78368443972337,-3.831570889876483,0.18311748462365943,-20.92411272332118,3.230195533126502e-97,1.3348672965828465e-95,True
OXCT1-AS1,28.251850176219694,-2.7986590318219866,0.13380194220393635,-20.916430551930002,3.794760641773711e-97,1.5662310970607857e-95,True
FP325317.1,67.91346964218987,-6.6349682401848185,0.3172300262605704,-20.91532229277346,3.883956285759374e-97,1.601063759873787e-95,True
TMEM252,17.134368520557242,-3.596386413032731,0.172042615639588,-20.904044033873557,4.919545045361697e-97,2.0254556508366325e-95,True
DGAT2,6066.41746826903,-3.7319840928124948,0.17853739590678006,-20.903094692615994,5.01837354577559e-97,2.063597279630951e-95,True
FEN1,2293.8084874523975,1.6008026683432017,0.07662178937390307,20.89226421653402,6.296246229628622e-97,2.5858807329049867e-95,True
TBC1D31,817.5743369279044,1.6426703606235016,0.07863407087246749,20.890058754400027,6.593823487689408e-97,2.704765307391809e-95,True
AC016924.1,21.61513523635164,-4.745430046458072,0.22725717159538114,-20.88132142604964,7.917178970603871e-97,3.243611811924674e-95,True
B3GALT1,74.24954048141252,-3.8387765629631847,0.18392984717217192,-20.870873444318182,9.851721794684165e-97,4.031227854367144e-95,True
LINC01985,4.095770971655447,-4.363146634851643,0.20911717276688688,-20.86460225681922,1.123249474590078e-96,4.5849751197190344e-95,True
PTH1R,237.8442388141776,-2.8471900005874238,0.13648990351154414,-20.860077759133386,1.2347065109815552e-96,5.03376863505182e-95,True
CDCA8,1188.5906237124977,2.3108715065762655,0.11089830847621418,20.837752516954833,1.968666319224758e-96,7.996717792914306e-95,True
NUP210,7470.937828947954,1.9187182536470788,0.09208926976417435,20.835416097452008,2.067108849777554e-96,8.386376281171734e-95,True
MAGOH2P,22.544815709355763,-2.112072672796088,0.10141875034381612,-20.825268164279535,2.55491974099392e-96,1.0352857647922992e-94,True
SENCR,39.254618741032395,-2.07518662741664,0.09967225148098376,-20.820103856212782,2.8456811486067974e-96,1.1517065609816517e-94,True
HRCT1,195.2362839609376,-3.554895718511178,0.17081159533036985,-20.81179390448048,3.384409273059603e-96,1.368080786027451e-94,True
XPNPEP2,195.31301347415067,-3.57244050594118,0.17165925243837848,-20.811231874749073,3.4243201286654866e-96,1.3825381594535752e-94,True
FAM83D,1155.532590244545,2.87911406151358,0.13837564218988702,20.806509122195756,3.7787906249391034e-96,1.5238076003759872e-94,True
MEG9,12.07976510693457,-2.6647734064856934,0.12811287371038493,-20.80020008379287,4.310073967117992e-96,1.7359499605002166e-94,True
LINC01488,291.2186604168109,5.458634864259471,0.2624506032239579,20.798713347217703,4.44575421459147e-96,1.7884373619108675e-94,True
AKR1C3,2179.853416537677,-3.0369576577401425,0.14605691005777838,-20.792974851643496,5.010627083772008e-96,2.013245814659189e-94,True
NPR2,736.281235229449,-1.9511126733188193,0.09388507998593977,-20.781924812877808,6.307833921144795e-96,2.531407381904426e-94,True
CASP4LP,189.22517306149564,-1.9450703645419194,0.0936368135726494,-20.77249631132322,7.676333425906104e-96,3.073205803367859e-94,True
PRKCA,673.1816372316509,-1.921624386722274,0.09252793438677298,-20.768045882119825,8.42153337621977e-96,3.367502596685289e-94,True
COX7A1,972.8649048347837,-2.976639660832805,0.14333900863867693,-20.766431197638568,8.70939088623907e-96,3.4784368462896615e-94,True
AP000851.1,86.33851898638835,-4.947661722475141,0.23830779270409655,-20.761644704663865,9.621673776423073e-96,3.838196157535084e-94,True
IQGAP3,2091.2536499524244,2.765399014399227,0.13341218036363112,20.72823490974959,1.9273007229836677e-95,7.660733231320898e-94,True
MYOCD,93.66320051821559,-3.1453728080416745,0.15177487524677177,-20.723936046250028,2.107337928673083e-95,8.366382450395077e-94,True
BRCA1,1464.1862645744245,1.6961007766785001,0.08187314367576944,20.716204368496303,2.4743997526763427e-95,9.811980660166867e-94,True
KCTD12,8924.275335682541,-1.7869463389832367,0.08627306871455959,-20.712678540454753,2.662333057913329e-95,1.0544672820469313e-93,True
SGK1,4974.578237577885,-1.9133452028512856,0.0924282464016257,-20.700870971167017,3.401672095425084e-95,1.3456982527915913e-93,True
AC044810.2,17.18367336318884,-4.644280622304986,0.22437988499698056,-20.6982930861538,3.588564311116637e-95,1.4179506067704827e-93,True
TMEM97,2918.3677043950092,2.0299279897927422,0.09808242717428849,20.696143522077026,3.752212193950667e-95,1.4808582775865182e-93,True
PABPC1P4,137.96838659555814,-1.807156522641332,0.08735602492119139,-20.68725682368979,4.511609579564817e-95,1.7784594310745518e-93,True
CAPN3,144.79881678512885,-2.057822880557674,0.09961106192776492,-20.65857788013492,8.173623022068288e-95,3.2144121953178693e-93,True
FXYD6,352.29714541721546,-1.641836255117511,0.07947985118713076,-20.657263829695673,8.39907121611775e-95,3.299182873808137e-93,True
EPB42,25.80437185052634,-5.822478191468358,0.28187051136161423,-20.656570860648305,8.520449739062101e-95,3.3429232746821415e-93,True
AC002066.1,13.723598221427846,-4.127957224058646,0.19984749310360794,-20.655536679254556,8.704856314233501e-95,3.4112603198986257e-93,True
LRRC3B,52.79257069173048,-4.261236457703722,0.20630536638165584,-20.65499571068172,8.802898003283143e-95,3.445631989571473e-93,True
AC005906.2,10.644266844854618,-4.126805558454539,0.19984421878907038,-20.65011228976435,9.739321558919979e-95,3.807697944530157e-93,True
CDH5,4332.834055538432,-1.8434675163778473,0.0892998265174974,-20.643573322246468,1.1150627019517216e-94,4.3543590219423845e-93,True
IL11RA,663.8079218199292,-1.6993520767890935,0.082321009002482,-20.642993779848563,1.1285145836308878e-94,4.401734836199588e-93,True
AC108477.1,8.922202660105137,-2.99565706255173,0.14512352160163358,-20.642119413108354,1.1491167066821646e-94,4.476856664853213e-93,True
SPC25,444.5613212761674,2.3586142239443926,0.11427748051127935,20.639361433170503,1.216591762957696e-94,4.734202882482638e-93,True
EZH2,1373.807035119578,1.8923854778953402,0.09176918912773119,20.621141974583402,1.7732328856664059e-94,6.892254487656057e-93,True
SHISA3,32.20256194865995,-3.6737449473526986,0.1782302069238405,-20.612358649858525,2.1261482929496202e-94,8.244758072276382e-93,True
SMIM10L2A,397.3627426601798,-2.9677562479882806,0.14398003928896555,-20.612275581006358,2.1298004340783607e-94,8.24932806923104e-93,True
EGFEM1P,9.886828475988526,-4.302362527661511,0.20873973461387962,-20.611133455831443,2.180653456747486e-94,8.436497926806487e-93,True
CDCA5,1627.3351442664757,2.4932212594574232,0.1209965783203768,20.605717071236754,2.438807865640822e-94,9.424310951478073e-93,True
TESMIN,2294.921234047122,2.415920710922798,0.11731963689897679,20.592637130330807,3.1949689683783257e-94,1.2332062514635274e-92,True
LINC01366,13.709534110194385,-2.527510218295498,0.12282711241160356,-20.57778749878616,4.340450748901859e-94,1.673406844221134e-92,True
HMGB3P10,13.686161226463122,-3.2754427954014544,0.1591788126264448,-20.57712795664677,4.3998999606758886e-94,1.6943679421314113e-92,True
AC006059.4,7.717939884810077,-4.343439868625921,0.21108304984286647,-20.57692397309611,4.418450399020904e-94,1.6995490467929424e-92,True
GNG12-AS1,57.778037826669035,-2.2546829442485685,0.10957525356414656,-20.57657062986993,4.450768563803874e-94,1.7100078437130807e-92,True
PLEKHF2,6744.07599270702,1.7914681686568437,0.0870664425400346,20.575874198984263,4.515158978318336e-94,1.732750710793305e-92,True
PRRT3,984.2396276548213,2.084209811205663,0.1013301287932024,20.56851043246162,5.255554378156415e-94,2.0145687696222793e-92,True
BLM,513.4751593731564,1.9047220591769787,0.09264661171141672,20.559003982897543,6.393193733353579e-94,2.4478371735201895e-92,True
PI16,2436.600339173039,-4.795796121145449,0.23327093366920754,-20.558909958092688,6.405593219558971e-94,2.4497721132921115e-92,True
LINC00640,23.136731562167707,-3.1084881802998465,0.15120159104490974,-20.558567927876943,6.450901045947923e-94,2.4642737569452154e-92,True
ATP1A2,2369.7482357764716,-4.826690367457443,0.23482229814482097,-20.554650923655892,6.993140918117579e-94,2.6683553372803564e-92,True
BACH2,443.2948035969014,-2.1744633072822497,0.10581586689670151,-20.549501422173122,7.775767232893888e-94,2.9635892737117516e-92,True
LINC00445,11.661423399570873,-4.662254667019442,0.2269375174880543,-20.544221681039836,8.668970149885928e-94,3.300245268590706e-92,True
NDN,1428.2408661318923,-2.1386829627363344,0.10410701141676527,-20.543121290598524,8.867646006643728e-94,3.3720310909414104e-92,True
Z97989.1,71.54279948877287,-1.7969627222479887,0.08748156360917704,-20.541044856901514,9.25500285803154e-94,3.511320708902091e-92,True
SYT13,4314.944824556123,5.271009335846382,0.25662513001292964,20.53972397629496,9.510150058869254e-94,3.60402266265035e-92,True
LUARIS,20.66784289708905,-3.8323218980009877,0.1866401633653473,-20.533211227956517,1.0874538565043832e-93,4.116401664082256e-92,True
ANGPTL5,45.48928522108234,-4.755709516049284,0.23161970729489598,-20.532404481430245,1.1056605399484556e-93,4.1805752093810714e-92,True
SH3D19,6851.599844507443,-1.8895794252797293,0.0920536855962039,-20.526928531340104,1.237542850805912e-93,4.6739316570245025e-92,True
KLF4,4112.471342508505,-2.704762319960618,0.13177071107178775,-20.526278548251003,1.2542042450606176e-93,4.731499702322007e-92,True
ATP1B2,206.19466379697067,-1.956911309084279,0.09534789492217696,-20.523906801314403,1.3169212695348768e-93,4.962486713866509e-92,True
MYO7B,75.11811072429904,-2.4060786487010275,0.1172775713191688,-20.516102283129037,1.5462365420091716e-93,5.820027363370639e-92,True
TIMP4,1829.3889595712328,-4.756634275975132,0.23196986768058447,-20.505397203247423,1.92690025933712e-93,7.236508642864146e-92,True
HYMAI,5.078691837315106,-3.2078127606910725,0.15648420351434797,-20.4992752536645,2.1852365658378705e-93,8.179063325940196e-92,True
STOX2,369.3627956304705,-2.3957231792042064,0.11686938797336789,-20.49915055386567,2.1908429820327383e-93,8.190854552445044e-92,True
APOB,335.09348323882244,-5.441319149053538,0.2655239117447561,-20.492765089587078,2.4979557095382015e-93,9.318157154070411e-92,True
HAND2-AS1,133.51540507828534,-2.355141580224559,0.11497786720387215,-20.483434225202295,3.0255643756714166e-93,1.1273692331202914e-91,True
LINC01522,164.7193661123562,4.992935523911498,0.24375554014769382,20.48337248411351,3.0294022177210772e-93,1.1275394482006719e-91,True
GRK5,1094.619863836556,-1.52705215127058,0.07456044161093266,-20.48072836315754,3.198400423673687e-93,1.1891132188304769e-91,True
P2RY12,174.24118765083094,-2.952538583432155,0.1441855707423808,-20.47735129271371,3.427990069717568e-93,1.2730516796771846e-91,True
PELI2,757.8644501425493,-2.081466424503291,0.10165638486398476,-20.47551098033117,3.5599503020585837e-93,1.320587125954969e-91,True
MELK,1112.1981618604664,2.758921435991036,0.13474556038590593,20.475045174695143,3.5941471364878844e-93,1.331791253941494e-91,True
CLEC14A,1583.5053115708054,-1.6899662960005435,0.08254533008267209,-20.473190843237067,3.7335617492312723e-93,1.3819151029424383e-91,True
AL139241.1,7.8362345723553055,-4.430543522855924,0.21662976351375282,-20.452145868564592,5.748980934029976e-93,2.1255295473277787e-91,True
E2F1,1363.3722986504922,2.305939002150982,0.11278837737693197,20.444828233007314,6.679301069074786e-93,2.464026674254149e-91,True
PID1,735.5944520074988,-2.832881959627667,0.13856914249910554,-20.443815329563385,6.8193951881946995e-93,2.512928288741492e-91,True
GINS2,1325.4682257184268,2.2410705565743263,0.10963939200240447,20.440377455989342,7.317110499687147e-93,2.693358918919058e-91,True
AL135960.1,12.87716064544789,-2.650065050294426,0.12967098861679222,-20.436838483016285,7.867336144818233e-93,2.89269893157159e-91,True
SCN3B,148.38891433269205,-3.099210784558218,0.15180074881003497,-20.416307619382053,1.1978280522179557e-92,4.3993797041207716e-91,True
TPD52,16004.843161889066,2.2167303494179076,0.10865826869367469,20.40093566801833,1.6404653216701747e-92,6.018468428204472e-91,True
KCNA1,62.933110766972156,-3.631710307156651,0.17807045044183725,-20.39479485869481,1.8599301942631753e-92,6.816133192140949e-91,True
MYH1,65.94994634533816,-3.668020666916948,0.17991409400967448,-20.38762269908498,2.1535938768881573e-92,7.883666542298919e-91,True
AKR1C2,3065.7208806040776,-4.49020907032291,0.22031378524749132,-20.380971918206555,2.467077446377139e-92,9.021333964827984e-91,True
AC015722.2,8.123806829624165,-4.4591345099448025,0.21886855372126712,-20.373573243525826,2.8695648475444556e-92,1.0481612059228922e-90,True
PTPRB,2439.8855307439603,-2.0056597538659315,0.09844535696184993,-20.373330096646157,2.88384944950297e-92,1.0522264255084743e-90,True
LINC02351,10.488380134311388,-4.4144994690469455,0.21678456593149037,-20.363532108840456,3.522512107869078e-92,1.2838497954680423e-90,True
CSF3,57.07631622268576,-5.75032531170977,0.28250822259110603,-20.354541396951195,4.231921470243434e-92,1.5407243352745446e-90,True
ST3GAL6-AS1,49.83086874252191,-2.151890565880679,0.10573095488609333,-20.35251235741667,4.4107884624654974e-92,1.604093614337643e-90,True
CHST2,493.1348277187094,-1.668035892374407,0.0819736823001366,-20.34843190607319,4.793650005687486e-92,1.7414317433515466e-90,True
METTL7A,7481.929971994426,-1.6618091856303259,0.08167949150781115,-20.345488873071698,5.090203725607842e-92,1.8451435222314773e-90,True
GIMAP1,488.48083849511244,-1.851918219291424,0.09103463948858193,-20.34300602161117,5.354573513913552e-92,1.9388672325244632e-90,True
TMEM220-AS1,28.785395470497257,-2.329125436923945,0.11451801210728568,-20.338507402153596,5.8689543800963e-92,2.1228173494775653e-90,True
AC020916.1,1355.5101331041235,-2.274992339081496,0.11187143153024559,-20.335775702185664,6.205060298770169e-92,2.2419561853053777e-90,True
AL137026.1,13.409921743486464,-2.670600758101184,0.131370234961355,-20.32881161312371,7.151355481629684e-92,2.5810666012648085e-90,True
KCNE1B,16.751576184577537,-4.075894447754355,0.20052047280622404,-20.32657509087941,7.484803403791819e-92,2.6984941482492257e-90,True
AC092118.1,8.568382485039697,-3.5700424926247565,0.1757198502987256,-20.3166716028704,9.157879998330759e-92,3.298122462897759e-90,True
FLNC,1206.3965257988766,-2.509761690516249,0.12355164508912464,-20.31346234771556,9.776369142273375e-92,3.5132773116990817e-90,True
CSRP1,25457.044909759778,-1.5612716814128182,0.07687248556606129,-20.309889421633454,1.0514080310035775e-91,3.7743171610267286e-90,True
ANGPTL8,70.9926275372827,-4.346537936823897,0.21406293445974695,-20.304953530575997,1.1625401105439627e-91,4.168768832960281e-90,True
AC010976.2,19.183254318073523,-3.225294997711162,0.1589074937527407,-20.296682815536098,1.3756345260787422e-91,4.927608572524165e-90,True
GPBAR1,123.29341452827842,-2.9257488189644762,0.14426412194472926,-20.280502036988757,1.911702146540466e-91,6.840488721564162e-90,True
CELF2,3322.83847309788,-2.236843403237508,0.11030156755422389,-20.279343737684265,1.957251284547219e-91,6.995967104862294e-90,True
RAPGEF3,1350.721394401682,-1.854014931908399,0.09142793684932128,-20.278429064454627,1.9939837570420586e-91,7.119632153489895e-90,True
GRAMD2B,1735.6794807320093,-1.7777669497042479,0.08771412075244761,-20.26773949797177,2.47779673353157e-91,8.828209750699182e-90,True
OIP5,62.50558465347792,2.0720318783610723,0.10226450889536201,20.261495417547003,2.8128840156454645e-91,1.0000732306797505e-89,True
TRHDE-AS1,733.1794011531988,-5.907328132396908,0.29158341130555426,-20.2594794606012,2.9304429538300057e-91,1.0407597664246737e-89,True
PENK,143.82156427048793,-4.768982719146695,0.2354435151079332,-20.255315662274555,3.18899513750357e-91,1.131380838729857e-89,True
SLC35G2,336.73885476160217,-2.201764479350959,0.10876876265046923,-20.242617693706574,4.1265870107374335e-91,1.4624606824769679e-89,True
MGAT3,468.127760629846,-2.473901300406053,0.12222367920093744,-20.240769354839372,4.284290915027146e-91,1.5167390416692174e-89,True
ESR1,33082.798077068575,2.4834284563023323,0.12275445290569517,20.230862486187775,5.237874763369582e-91,1.8523635788293976e-89,True
ZNF366,239.96783400681605,-2.0679573910473574,0.10232013688819781,-20.21065895667197,7.888775228940422e-91,2.781001745348141e-89,True
CMTM7,1420.635217161106,-1.8894700382035454,0.09351022889519546,-20.206025164597005,8.665159572608901e-91,3.0482532340393908e-89,True
SKA3,567.1962390993525,2.494943917966426,0.12347889729555828,20.205427588120944,8.770679092822314e-91,3.0821219922711415e-89,True
SCRG1,47.70516090517346,-2.9352674468103825,0.14529207335456645,-20.20252983552133,9.300824939760533e-91,3.2649811675376214e-89,True
AC025569.1,33.18161586299595,-2.3114537556285324,0.11443432318136132,-20.198955098158994,9.999064634745542e-91,3.506401750832062e-89,True
SOBP,423.2300105209891,-2.14314710511114,0.10614406111721258,-20.190928089179756,1.1763388986726316e-90,4.120769530654789e-89,True
PGM5,1055.713443130807,-2.8928479040662154,0.1432904094022679,-20.18870569310014,1.2304578040391087e-90,4.305827629265503e-89,True
MCM4,8595.027447725506,1.8197606334191754,0.09014680713362198,20.186634349919874,1.2831320434593735e-90,4.485447643325644e-89,True
DENND2C,213.81880027998486,-1.7955918612507769,0.088958532178524,-20.184594071846224,1.3372146749027707e-90,4.669609653752094e-89,True
DEFB1,194.02160309338296,-3.9578577371945998,0.19616556057751933,-20.1761090251648,1.5876238993921133e-90,5.538249939417112e-89,True
KRT17P2,4.3600765557914345,-4.162589922351398,0.20632794657706033,-20.17462971646807,1.635841026771515e-90,5.700487189321134e-89,True
TMEM37,1900.3534707324243,-2.9286460433495596,0.14517053789053133,-20.173832004107904,1.6624453886328554e-90,5.787149401410971e-89,True
SNCAIP,244.781966584046,-2.0651302127245668,0.10240554472141876,-20.166195281148987,1.940021836881526e-90,6.739352941475209e-89,True
SLC7A14,10.314645518250218,-3.9878226324423407,0.19780377294339,-20.160498321655506,2.1767875006049017e-90,7.546121243001339e-89,True
AC104260.2,19.645690151568257,-2.6601342907766927,0.13195349896313976,-20.159634353612567,2.21512861330809e-90,7.671061695245223e-89,True
SLC9A3R1,24433.820263454778,2.2385389725133216,0.11106664619383351,20.154916432847205,2.436697921714656e-90,8.429609853865359e-89,True
GALNT15,2353.3049701957534,-3.333187739020038,0.1654193670479517,-20.14992439218931,2.6952528533065802e-90,9.314402839888202e-89,True
CD200,1048.1410953808665,-1.5116997523273468,0.07506282812832742,-20.139125983142346,3.3519902805605967e-90,1.1572000400250034e-88,True
FZD4,6928.762853837347,-2.5241324415261923,0.1253492221006545,-20.13680180240235,3.5130106379580056e-90,1.2115345580688886e-88,True
MTURN,5537.511320671647,-2.5640858313444155,0.12738270052509335,-20.128995701730403,4.112448834586374e-90,1.4167981010807954e-88,True
KIF20A,1661.070859985201,2.6533197478002113,0.13182171087492334,20.128093697082768,4.187983315557921e-90,1.4413318430396398e-88,True
C4BPA,120.71999419833216,-4.779325162162042,0.23747290084628622,-20.125770751651576,4.388940817141792e-90,1.5089359516583672e-88,True
P3H2-AS1,5.902022170779281,-4.154159513993076,0.20650935365196327,-20.11608404428117,5.335979875023294e-90,1.8326425628439944e-88,True
SLC22A3,313.42002380514435,-3.4251113815528424,0.1702800977924174,-20.11457255402964,5.501118493423565e-90,1.8874156444154575e-88,True
LINCADL,317.22337210294035,-6.341282236376116,0.3154989617060733,-20.099217449355073,7.496639497057437e-90,2.5694288857900156e-88,True
AC002480.2,10.709449886108679,-2.583306038164405,0.12860730482635363,-20.086775332492973,9.631803220745011e-90,3.2944718523961576e-88,True
CENPU,1614.1106042232047,2.1868018866991403,0.10887007226832415,20.086345504662553,9.715528825820267e-90,3.3197046189782796e-88,True
TRABD2B,507.0988337007356,-2.8011661180370067,0.13955018150491288,-20.07282317965592,1.275493578946425e-89,4.349328769354226e-88,True
SIRPA,4546.450977443395,-1.5366845836055223,0.07656796706139157,-20.0695492198901,1.3623454337120655e-89,4.64074135534869e-88,True
CGA,485.717207726828,7.172647912272919,0.3574858717161508,20.064143732002115,1.5188400917405038e-89,5.168550838719802e-88,True
CSN1S1,211.84250260891642,-8.062765565724314,0.4018993048855444,-20.061655911598262,1.5967706245863173e-89,5.428206275160969e-88,True
SLC16A12,75.25595120419703,-3.337548157552753,0.16664286266614564,-20.028149445795574,3.1307745315147066e-89,1.0599817243805479e-87,True
PECAM1,15989.168447789685,-1.7694553106698125,0.08834876398925548,-20.0280709177211,3.1357146248203804e-89,1.0605775560155664e-87,True
TEK,1341.7720902007325,-2.028536485047251,0.10129309385232287,-20.026404643190116,3.242390172756678e-89,1.0955468072063065e-87,True
ALDH1L1-AS2,49.54109023261327,-5.783615791373943,0.2888298802267127,-20.024298686943954,3.382408150365398e-89,1.141699690349551e-87,True
ECSCR,77.37094101312084,-1.9019341754302468,0.09503383094522963,-20.01323272473756,4.223503029958999e-89,1.4241618053195416e-87,True
PLD5,41.713846904324136,-3.790562477358808,0.18949970846258796,-20.002998991986107,5.1858385319437456e-89,1.7468942343615348e-87,True
PLA2R1,2051.788823634543,-1.6958099433288665,0.08478298513372615,-20.001772061388337,5.31500592435166e-89,1.7885987141392888e-87,True
CNRIP1,845.6188774457642,-1.9838436066920695,0.09920785781479995,-19.996839468053885,5.867496128022651e-89,1.9725315360224534e-87,True
PELI1,2079.61059833137,-1.5255030009004653,0.07629767386421832,-19.99409580448412,6.1992316767953124e-89,2.0819404355890888e-87,True
AC021739.2,27.457138739762055,-2.1089095983344395,0.10547688066115561,-19.994045947465107,6.205429826908015e-89,2.0819404355890888e-87,True
CCNB2,1381.9739522446514,2.3836342917263478,0.11922298353544525,19.99307701453125,6.327121100522622e-89,2.1206347897620997e-87,True
CKAP2,2256.3110385531327,1.5213007761279604,0.07612033998334483,19.98547006569889,7.368995354852309e-89,2.4673556836241934e-87,True
CEP55,1298.7605136630755,2.569212012093116,0.12862259112120894,19.974811498486996,9.12275528642879e-89,3.0515021669720536e-87,True
CDC25A,463.1064579568934,2.0503932779863403,0.10272499695949809,19.960022766364837,1.2265637211767115e-88,4.0986646831184525e-87,True
HOTAIRM1,48.18746048948924,-2.3238121485834387,0.11645620424271974,-19.954386833183356,1.3729682611860893e-88,4.583295149378867e-87,True
LINC02693,502.35395316829386,-1.771561787300343,0.08878536544083596,-19.953308504213584,1.4029057132134226e-88,4.678550262995443e-87,True
SPTBN1,33387.529973049895,-1.946243765537047,0.09757270569241315,-19.946600350228668,1.6043321141114115e-88,5.344942225125021e-87,True
NUDT9P1,8.639501323104884,-2.055311665902933,0.10305526806473723,-19.943780696507698,1.6973814508391322e-88,5.6492988027978265e-87,True
AC254633.1,31.330423635427096,-2.8244205342860282,0.14162758948750062,-19.942587065885906,1.7383755579775746e-88,5.779968742073194e-87,True
LY6D,39.541578344098646,-4.64238341025464,0.2329359043773092,-19.92987479824027,2.2412197988867504e-88,7.429665911836406e-87,True
AC009779.3,49.63453542230798,-2.613896589581904,0.1312151946460757,-19.9206852272888,2.6928064833900083e-88,8.908968592715614e-87,True
RGCC,1694.93794814099,-1.823250771726819,0.09153040727111907,-19.919618256763904,2.750799131215056e-88,9.09181369939454e-87,True
CYTL1,91.5649934822163,-2.286208785584617,0.11482437896928263,-19.910482478605132,3.3012044856964294e-88,1.0900184989454478e-86,True
ADGRA2,2747.0737874810843,-1.8453082145123605,0.09269951225653043,-19.9063422189944,3.585580271924264e-88,1.1827449702116941e-86,True
ADH1B,26526.16561022503,-5.584992754543823,0.2808233841195479,-19.88791913484763,5.177944339614335e-88,1.7029513390709907e-86,True
HOXA6,44.02337199210291,-3.0886373921939514,0.1553076304681011,-19.88722242999086,5.250371081272746e-88,1.725070198909998e-86,True
PRSS12,90.10073694074768,-3.354714417491054,0.16869254869481037,-19.88655956322188,5.320218004532937e-88,1.7462987227674104e-86,True
ARL4A,1721.988415613109,-1.8849235225633878,0.09479353371406858,-19.88451583890728,5.541454984017053e-88,1.817128635811059e-86,True
PCDH18,2424.8534426687897,-2.210831426785823,0.11120514174025004,-19.880658323783475,5.984348780648961e-88,1.9604326865015933e-86,True
TNS2,7200.653338414462,-1.6888095915654484,0.08496411986864354,-19.87673848886314,6.470574783294821e-88,2.1176368836908634e-86,True
FZD7,3737.266666667611,-1.989082142244924,0.1002071939538478,-19.84969405650687,1.1087397127698221e-87,3.618204467541309e-86,True
SLC66A1L,182.8925470812463,-3.3801215277948993,0.17028585631880208,-19.849690402159865,1.1088203441863975e-87,3.618204467541309e-86,True
XRCC2,440.12545069239167,1.8543297316562817,0.09343721822634443,19.84572921642756,1.1997530458296276e-87,3.9111011070745115e-86,True
ADIPOQ-AS1,16.740393442412486,-6.851416484840625,0.3454199027849741,-19.835036804771704,1.4840776982448588e-87,4.8332526522234174e-86,True
NDUFAF6,2180.503593267679,1.7074295046091104,0.08608535344871586,19.834146416396926,1.51058751175807e-87,4.9147885784995006e-86,True
LINC00165,6.7995815882349815,-3.7977094385180257,0.19151666652079682,-19.829655076549862,1.6516846962785545e-87,5.368619194560772e-86,True
AC103591.2,4.322267638426066,-3.1818916100086314,0.160557976401365,-19.817711217625813,2.0941893773122015e-87,6.787086641786648e-86,True
KIFC1,1855.056033545361,2.390201832497557,0.12060937162790072,19.81771234056101,2.094142655663574e-87,6.787086641786648e-86,True
LRRC37A9P,33.20344331160607,3.6079658011018703,0.1820890820175218,19.81428958357145,2.2414914047698237e-87,7.250387668057114e-86,True
AL161449.2,63.81459047642705,4.419091375082317,0.22303776135608877,19.81319821457076,2.2906150452289e-87,7.402104761951413e-86,True
TLCD1,689.970953454732,2.2564397136793244,0.11390857900970792,19.80921659541568,2.4791134337858976e-87,7.995740222758791e-86,True
SIRLNT,426.9548405694019,8.732034077078731,0.44095456083138856,19.80257117788985,2.8288019483967312e-87,9.114755186191554e-86,True
RGS2,3181.201202193168,-2.6462402074263367,0.13373587655829677,-19.78706294472011,3.848238153922097e-87,1.238753804972471e-85,True
AC243562.2,37.96355665253975,-3.053602353293761,0.15432782086255953,-19.786467120618664,3.8939918463834384e-87,1.2522732312925872e-85,True
CCL16,11.560989892982992,-3.1098502627825795,0.15719477666127557,-19.783419836421835,4.136617405053244e-87,1.3290178597410465e-85,True
MBNL1-AS1,277.22134929130345,-2.1037744423112668,0.10637512538909336,-19.776939717966872,4.70385442467569e-87,1.5098059789076955e-85,True
NTRK2,9606.52776502317,-3.461142488591599,0.17502926158908627,-19.77465057652631,4.9222563118137255e-87,1.57838774752573e-85,True
FRMD3,554.449738461268,-2.086748168557411,0.10552884106690408,-19.774197721307647,4.966645993579195e-87,1.5910920003830216e-85,True
AP000662.1,25.44393814250345,-2.2919647307897693,0.11597040831025845,-19.763358292729475,6.156894795969241e-87,1.9705017711207124e-85,True
PRRT4,229.7650561543254,-3.8847828746491078,0.19656822209905986,-19.763025951831548,6.197570788885441e-87,1.98161829567153e-85,True
GNG2,1728.1828457922022,-2.2437673772838385,0.11362097248132458,-19.747827608610176,8.374342740194655e-87,2.675057050217927e-85,True
EVC2,333.37582734788515,-1.8290654137325575,0.09264302043635726,-19.74315393774392,9.18610501142401e-87,2.9315542203442994e-85,True
CLDN10,50.0189419045192,-4.231875881979461,0.2143880647596679,-19.739325912211832,9.909113759877879e-87,3.159264194819956e-85,True
ADIPOQ,17504.903768529402,-5.6719671713264495,0.2873637999063992,-19.737932102700256,1.0186232561667189e-86,3.2445145147950247e-85,True
PPP1R1A,3502.6703373266296,-4.494758229549594,0.22772453125094405,-19.73769889813292,1.0233347636734297e-86,3.2564113581817946e-85,True
SAMD4A,1509.5194169288761,-2.0172875322490627,0.10221377858344764,-19.735964761366716,1.0590586567869487e-86,3.3668777068815967e-85,True
SOX12,3000.64061186166,1.6718928138902398,0.08471374620289343,19.73579128334116,1.0627001074421518e-86,3.3752367507703163e-85,True
AC027329.1,3.5410395453384353,-4.347566977048093,0.22034824646190543,-19.730436011433,1.1814696603729143e-86,3.7453262075833e-85,True
CDH22,25.977830379645656,-3.631965686142168,0.18413834251413044,-19.724114144578323,1.3388234179661787e-86,4.2360931846066506e-85,True
ANXA8,149.65213692604942,-3.984235861430415,0.20210212148100865,-19.713973471598663,1.6360212103272778e-86,5.171532828739752e-85,True
LALBA,488.5786792653825,-12.47075374327748,0.6328151990416392,-19.706786060391238,1.885695285921359e-86,5.955118569146914e-85,True
AL591686.1,31.010928083904037,-5.4831218010106975,0.2782917344042454,-19.702783529481106,2.0408526920421133e-86,6.439015745214042e-85,True
CARD6,715.3725358488742,-1.6360345929748348,0.08303875060650527,-19.702061760628986,2.0701576192573193e-86,6.525301176239352e-85,True
RAD54L,274.8439455212156,2.1717319011968783,0.11028844054558291,19.691382799988794,2.55615628941792e-86,8.04959925361645e-85,True
ASF1B,1516.451324260475,2.3819805123538753,0.12098832125885568,19.68768958499395,2.749472260797091e-86,8.650202870313414e-85,True
ANLN,2319.982259951468,2.5451721438185415,0.12929524630121403,19.6849630332824,2.901484692366821e-86,9.119850424669286e-85,True
LINC01894,17.24887916986231,-2.723820760327334,0.13847773557873402,-19.66973787478389,3.918007143245074e-86,1.230335406968738e-84,True
CANT1,10528.106958882,1.5987605306238153,0.08134719295871229,19.653542703498882,5.3915141370253306e-86,1.6914544210315875e-84,True
AC015712.2,157.50953774604847,-2.244480264067346,0.11422893046589766,-19.648965064392524,5.900365879547614e-86,1.8493543394458024e-84,True
HAAO,373.58194943185066,-2.061797420649631,0.10496519508226478,-19.642676975293863,6.6783267561512e-86,2.091225530430858e-84,True
AL121821.2,28.173028123642062,-2.6116623823657767,0.13298291309536425,-19.639082357091322,7.168174462913245e-86,2.2425089133554763e-84,True
ALDH1A3,927.023534858629,-2.6322917521234723,0.1343364772805735,-19.594765363883262,1.7137372858736768e-85,5.347294526977715e-84,True
HID1,10442.208356494095,1.7812537894750191,0.09103215283359829,19.567303793540418,2.938201699218099e-85,9.149027868088177e-84,True
CCN1,16994.753505157474,-2.3167368816020795,0.11846200417282321,-19.55679289557023,3.6108635708343127e-85,1.1222617821412255e-83,True
LINC00707,12.013188642893313,-3.7290611266345746,0.1906791978969475,-19.556727570513193,3.6154915792088844e-85,1.1226538982778127e-83,True
AC006963.1,8.999810484979994,-3.776657248614731,0.19331917098736642,-19.5358651153203,5.4416013381832e-85,1.6865424073147914e-83,True
AC084759.3,27.981437667509212,-4.621392567610386,0.23656178939981873,-19.535667951004804,5.462656322993756e-85,1.6914960604969244e-83,True
RASIP1,1003.5772473237345,-1.8728739744147709,0.09587888363134302,-19.53374824029057,5.671955418594548e-85,1.754675707372074e-83,True
LAMB3,5435.660670670189,-2.8748752456401236,0.1472230242901303,-19.52734811353045,6.42925015928342e-85,1.987109022816893e-83,True
CCNF,1525.5190520998997,1.6521318603917314,0.08462328155593285,19.52337264656575,6.949591574331199e-85,2.144872327977841e-83,True
GNG7,903.6421498193799,-2.0081678761180917,0.10285979535560949,-19.523350879470478,6.952553259600126e-85,2.144872327977841e-83,True
NCOA7,3470.157103416423,-1.6941429418566814,0.08680118487438405,-19.51750940161003,7.79462837889777e-85,2.4024312551558385e-83,True
AC002546.1,81.15338326393494,-6.11955353109215,0.3135762294549786,-19.515361676898912,8.129181439485414e-85,2.503232426827323e-83,True
PCK1,1738.9082347950405,-5.681158880102383,0.29114845371008624,-19.512928225129606,8.525579697229287e-85,2.6228741450451983e-83,True
AL136084.2,10.543086115158788,-2.5800544788905175,0.13227275978925268,-19.505561712035515,9.846949988326448e-85,3.026598480743767e-83,True
SERTM1,16.434227843135634,-5.1099412480764785,0.26203748640959595,-19.500802416067405,1.080734436966616e-84,3.318730454732935e-83,True
KIF18B,702.5185493875954,2.7828088214536177,0.14271300460921635,19.49933595101329,1.1121686265197036e-84,3.412116975695087e-83,True
DLGAP5,1030.1736914804512,2.611662877681033,0.13394790799095413,19.497601096221718,1.1505353437051605e-84,3.52658117437715e-83,True
TEDC2,403.4609780757171,2.2495662034714705,0.1153774816511167,19.497445873136698,1.1540318136875738e-84,3.534050225405592e-83,True
LGALS12,1269.454253402857,-4.849702201060503,0.24879847681829,-19.492491525993078,1.2713755097905625e-84,3.8898258601839876e-83,True
MCM2,1976.0302581820367,1.8022071866472529,0.09247606296580749,19.48836411119285,1.3781680798311421e-84,4.21269727720337e-83,True
AADACP1,9.048187152164225,-3.5545756927095966,0.1824608424443501,-19.48130703054125,1.5818918354099531e-84,4.830999159257008e-83,True
GREM2,196.2325749193782,-3.0981684434779555,0.15908357049898894,-19.475099997819363,1.7857533106462615e-84,5.4485898588053226e-83,True
CELF3,76.70421172861951,4.491012242341588,0.23066067712138236,19.470211821056296,1.9645748369244181e-84,5.988720862577004e-83,True
CHEK1,908.0712273235044,1.7202125337554366,0.08835681403690038,19.468928938938717,2.0143943230188277e-84,6.134980482041542e-83,True
SPNS2,842.8652218640494,-1.957020621865151,0.1005265713460187,-19.467694915496168,2.0635049633562746e-84,6.2788163342124456e-83,True
ZNF300P1,134.50250055894867,-2.3024099629483965,0.11829314855033574,-19.463595239150152,2.2353958663547752e-84,6.795644188428933e-83,True
PLD1,1181.7193198991176,-1.63376491241746,0.08394304390548517,-19.462779003546515,2.271286926768902e-84,6.898465184045183e-83,True
MYLK4,92.53074608949086,-1.596361147870507,0.08206116166564496,-19.453309159512255,2.732167866149581e-84,8.29072485607119e-83,True
AC021188.1,6.437929667618298,-2.4650761406003214,0.1268848241525523,-19.427667233368947,4.503698974545818e-84,1.3653987009284407e-82,True
AL589693.1,3.4222307964153877,-3.6055982758691116,0.18564412333198949,-19.422097565788167,5.019721327448951e-84,1.5204603682933246e-82,True
ANXA9,2536.712420459526,2.1165751348401125,0.10900322083426198,19.417546735232147,5.484817675459654e-84,1.6598292618775315e-82,True
TAGLN,19592.574843466522,-1.973186077678625,0.10167668973302771,-19.406474412764773,6.803840898017252e-84,2.0571286501176549e-82,True
AC008945.2,10.856163642748841,-3.4285867627744047,0.1766786103667365,-19.405782939188825,6.896000189229415e-84,2.083104260059889e-82,True
PPP1R15A,4240.26450771736,-1.6377456748037318,0.08443996563822426,-19.395385377352138,8.441782341215168e-84,2.547737550200766e-82,True
WDR62,754.305829773396,2.264898460476299,0.11679407417629793,19.392237803584862,8.974599979710102e-84,2.706093442344956e-82,True
SYT8,347.2483192666338,-4.236889600500559,0.218620409218781,-19.380119247057838,1.1358344740337875e-83,3.4186772449957383e-82,True
CD36,32722.636201457346,-4.01942395217192,0.20745276742228577,-19.37512814177156,1.251495926294707e-83,3.7634028535619643e-82,True
SELP,809.7761616840842,-2.813316179681769,0.14521474638826523,-19.37348822797732,1.2920058984362782e-83,3.8817211447704e-82,True
CDC20B,360.19175133281095,6.4702220652852125,0.3342552833960837,19.357127281719496,1.775125530711957e-83,5.323620622636066e-82,True
ADGRL4,2836.0563707806614,-1.790332157264838,0.09251909221799944,-19.350948159395493,2.001265427040603e-83,5.991041357843542e-82,True
DLC1,4349.602537582219,-1.9601287724370435,0.10134817157782987,-19.340544007069447,2.448781973703222e-83,7.324164129240246e-82,True
AC104211.1,44.62338189470547,-3.181437120761434,0.16452186366522178,-19.33747314724807,2.5990242463193323e-83,7.759611422605498e-82,True
STAT5A,4596.081869986954,-1.8048070950321717,0.09334459606645057,-19.334885693300958,2.7327287884715757e-83,8.151500211693969e-82,True
UHRF1,1338.7712344204076,2.6665439685011822,0.1380402155239599,19.317153036742,3.8532426284260936e-83,1.1483627204234298e-81,True
LGALS8-AS1,23.435355094200716,2.4723626470067956,0.12801533015407812,19.31302012056745,4.174336861674919e-83,1.2418372881355654e-81,True
WDR86-AS1,89.5992255102029,-2.895742674592201,0.14994498770450754,-19.312033826023992,4.254827199667281e-83,1.26465447666403e-81,True
LINC01230,114.6142610879125,-5.3452875750576485,0.2767879151127577,-19.31185316700004,4.2697374243136146e-83,1.2679561296833012e-81,True
CEP112,562.5456864070703,-1.762356214506571,0.09133634265352118,-19.29523520765399,5.889635793899762e-83,1.7458974585845613e-81,True
SHROOM4,1041.4588410628512,-1.5955818686783967,0.08272315226899245,-19.2882140599528,6.746381082725071e-83,1.9980911432308917e-81,True
C14orf180,270.7003486058057,-5.914283521265028,0.30662818271232406,-19.28812762398216,6.757668097205607e-83,1.999658148835047e-81,True
ADGRB3,34.184305278201016,-2.7307187446403147,0.14161335215965062,-19.28291861604819,7.473810555237342e-83,2.207653748508504e-81,True
RDM1,66.75345159831069,2.838936261905429,0.14722746359327896,19.282654150370274,7.512124092921259e-83,2.217007313051602e-81,True
BIRC5,3066.807422138934,2.973304924378033,0.154198450460849,19.282326868342658,7.559809236265499e-83,2.229107676571336e-81,True
ZBTB16,2967.499544438859,-3.892076350980116,0.20192171765561476,-19.275174538769534,8.680706859870844e-83,2.5573577126310317e-81,True
PLEKHM3,1226.1298248152386,-1.618751764146075,0.08401565509127677,-19.26726349258863,1.0114467188164016e-82,2.9744917659442837e-81,True
DUSP1,16308.09497482738,-2.381053128979797,0.12358335507196462,-19.26677850421904,1.0209678194622664e-82,2.9998463269821253e-81,True
IL17RD,2658.428533226913,-2.0945445984017597,0.1087302794168526,-19.263673464607294,1.0840788346782896e-82,3.182477557894919e-81,True
L3MBTL4,276.99825760587555,-2.3248898696438305,0.12071807253672813,-19.258838554902283,1.1901826012057529e-82,3.4908882645216055e-81,True
GABARAPL1,3814.8623338972675,-1.625040769974843,0.08442567864721169,-19.248181311818367,1.462060369002821e-82,4.284556348495174e-81,True
KLHL13,1289.2881026820799,-2.9869681201231586,0.1552266067637054,-19.242629742400336,1.6273871974208168e-82,4.764858265740722e-81,True
DMGDH,225.53939283465962,-2.761881438238364,0.14357202286019427,-19.23690551415991,1.817395692284281e-82,5.3165200826305685e-81,True
MUC2,499.2031220740735,7.397904762961218,0.38464711076709207,19.232965894915377,1.9608667290883518e-82,5.73119584122414e-81,True
ADGRG2,192.01497880435878,-2.5011288626249724,0.13008851122620274,-19.226362413172033,2.2271236023715091e-82,6.5037079698325265e-81,True
ADGRF5,3982.4744243357463,-1.9211913552673767,0.09992715799014408,-19.225918097829478,2.2462818633530567e-82,6.553289333607261e-81,True
CYP7A1,4.483057448235516,-2.561988796602446,0.1332573127692171,-19.225877690025538,2.2480323241016843e-82,6.553289333607261e-81,True
PROX1-AS1,8.266862200586441,-3.51536109629035,0.18290289124517442,-19.219822455283886,2.5263296045168874e-82,7.35812803327805e-81,True
PNMA8B,175.4112831628429,-2.0594254642616088,0.10716189875112872,-19.217888897661187,2.622238480503515e-82,7.630805504913763e-81,True
FAM72D,36.012590626401824,2.6145130705475235,0.13618123886166647,19.198775781466914,3.789178131466887e-82,1.0978740356758403e-80,True
MYOM3,118.7809531482463,-2.1175936909229502,0.1103004042321611,-19.198421852251997,3.8150830170219796e-82,1.1044201695717534e-80,True
DSCC1,707.4308239852854,1.732540214657889,0.09024860395836079,19.19741844934526,3.8894885095907456e-82,1.1249831076005357e-80,True
CENPA,370.4215540714174,2.4040383239586185,0.12527905958137894,19.189466555637736,4.5326826396657895e-82,1.3087483406944972e-80,True
GAS2L3,614.6185746621076,1.5490540149871739,0.08073046683491326,19.18797296384838,4.664830468558811e-82,1.3457390250516243e-80,True
MSRB3,4007.8618710187225,-2.0218396339481863,0.10544978973857932,-19.17348189086513,6.164162395540845e-82,1.7752042463634855e-80,True
AL591368.1,5.5404022329895595,-2.5619428041721335,0.13364675566357148,-19.1695098878517,6.653264076061512e-82,1.9144064165019447e-80,True
GATA3,33363.32130456274,2.1135765896407896,0.11029289964189584,19.163306037861453,7.49574133571015e-82,2.1549610155568778e-80,True
AL845331.1,62.05402986538332,-5.3687350396862685,0.2801835144451947,-19.1614951019412,7.761153062306823e-82,2.229342751721535e-80,True
STK32A-AS1,3.289372668890292,-3.916631474404522,0.2044249099069368,-19.15926721546579,8.100564239131248e-82,2.3228350542630095e-80,True
AL356489.3,5.349960158733312,-3.0332346769029894,0.15833245891657835,-19.15737744274615,8.400041974230888e-82,2.4066408917407723e-80,True
CCL23,23.427028310883575,-2.7922121296815794,0.14575381702335521,-19.15704292831084,8.454192175353215e-82,2.4189587371563385e-80,True
CSN2,746.3593756161779,-12.719422810940042,0.664160811889308,-19.15111910134788,9.47290391889387e-82,2.7070426117497143e-80,True
LCAT,280.6231390897998,-1.5413332363459809,0.08049031437897662,-19.14930073559961,9.809507141274616e-82,2.800832651150404e-80,True
HJURP,817.1157003584923,2.5466687467871867,0.13303317471214127,19.143110373015592,1.1047405086128972e-81,3.1488881386095306e-80,True
ACTA2,13158.325166499206,-2.046834104323192,0.10694085415628493,-19.13987054313143,1.1756180293715004e-81,3.3480517217344293e-80,True
ALDH1A1,3417.1665166657417,-2.5802643789153565,0.13484000750094874,-19.13574781503332,1.2724042715756496e-81,3.6205981273699944e-80,True
KIF24,586.2000731606971,1.6740126644784787,0.08748179604828832,19.13555436784191,1.2771359485811444e-81,3.6309639172406295e-80,True
AL449403.2,8.77615175090138,-5.629002366861104,0.29427479911113746,-19.12838742516726,1.4653737883033454e-81,4.162585218579921e-80,True
FAM72B,71.26063591869138,2.325556764150177,0.12159856021310661,19.12487088724193,1.5676108931566066e-81,4.449213249011036e-80,True
CDCA3,775.3873808731814,2.364076468823889,0.12362387441486605,19.123138471541086,1.6205629064725706e-81,4.5955911877511695e-80,True
MKI67,5883.56207134263,2.513861055784244,0.13146489062690336,19.121919501067154,1.6588867776332315e-81,4.700273164595636e-80,True
CXCL12,12646.47653221118,-2.018148893811538,0.1056179653459366,-19.10800768790971,2.165810010471725e-81,6.1313750457743255e-80,True
CDC45,597.7975259430846,2.339178909359798,0.12242250249014976,19.10742601874203,2.1900821993933443e-81,6.194830472228044e-80,True
LYPLAL1-AS1,73.7644461624184,-2.812668698385431,0.14722131290492393,-19.10503746289685,2.292630199852046e-81,6.479400384310668e-80,True
HPD,89.1281841253118,-3.3477922905980613,0.17523808959239257,-19.104250099878946,2.327472692888844e-81,6.5723020182176175e-80,True
RPE65,10.405624417439407,-4.019489941779384,0.2104994591909844,-19.095013152183608,2.7778751457501097e-81,7.837509156989883e-80,True
AL590226.1,17.037212967661535,-2.2587937110922005,0.11829390845637068,-19.09475932080891,2.7914087642899043e-81,7.86903557737143e-80,True
OVAAL,2.9613436381238865,-3.675654066929233,0.19259157348324094,-19.08522787602171,3.350126842771961e-81,9.436096290506937e-80,True
PPP1R14C,253.39398730444682,-3.538898230633974,0.18560515428756366,-19.066810101356626,4.764994041285166e-81,1.3409939770702025e-79,True
MMP27,28.48181238201003,-3.4489519233620745,0.18092079924636817,-19.063324602416102,5.093317505331322e-81,1.4321841946483495e-79,True
SGCA,53.08091489892656,-2.7413755314187926,0.14382735121295512,-19.06018228313076,5.408606370715579e-81,1.519558667708457e-79,True
IL6-AS1,10.136561172172934,-3.657447875770271,0.19199542499241323,-19.049661604774155,6.612827251830568e-81,1.856323030482303e-79,True
NDC80,866.2495113379264,2.372380605019194,0.12458284815445199,19.04259406622353,7.568459795734404e-81,2.1227970204200728e-79,True
PCSK5,947.5135709598331,-2.1074382552982844,0.11074104870110192,-19.030325972317744,9.565583533514495e-81,2.68069449797626e-79,True
TIGD3,63.26898906028214,2.1342004323649113,0.11214803176241832,19.03020854513203,9.587042199760978e-81,2.6844523116694276e-79,True
IQANK1,3480.0433209333905,2.247423615342391,0.11812953292774302,19.02507831565783,1.0572927700144139e-80,2.95554539708388e-79,True
EDDM13,36.344218257341915,-1.897625828155662,0.0997797960681904,-19.0181369669147,1.2069665063288948e-80,3.3711160820403945e-79,True
SV2B,255.09905607959462,-2.590139992246271,0.1361939802175171,-19.018021120386717,1.2096359285030449e-80,3.3757446510165726e-79,True
TUBB6,4108.603139272487,-1.816966555687457,0.09556816754817492,-19.01225692929126,1.3501663495626078e-80,3.76162887147564e-79,True
AC004947.1,32.16594575113935,-2.973410707615163,0.1563967540658307,-19.01197198992756,1.3575206873431222e-80,3.77896138582686e-79,True
FCER1A,214.71206989972714,-2.652005665424609,0.13949684848249083,-19.011222793018725,1.3770487666545667e-80,3.83012504746982e-79,True
SLC22A12,14.101110633026144,-6.400363351080856,0.33669407881177416,-19.009432460672773,1.4248564922093959e-80,3.9597949298909286e-79,True
CD2BP2-DT,273.8484427068129,1.7607333427289145,0.09267591970426226,18.998822437884442,1.7441382217432045e-80,4.843069571766372e-79,True
TIE1,2080.909914080456,-1.5606684843336553,0.08217043385104257,-18.993066133286014,1.9462576810074807e-80,5.399812595999873e-79,True
AL451042.2,7.18053149018399,-2.2646909670233817,0.11930152091874924,-18.9829178168295,2.3611199874643602e-80,6.539949373916026e-79,True
AC007938.1,21.38396568691206,-2.5555239509397714,0.13464010124853837,-18.98040722817351,2.4766894364131193e-80,6.854366474268972e-79,True
CLMP,4082.0230624015803,-2.5428090412380326,0.13397641163754562,-18.97952788970976,2.5184878335041467e-80,6.964266232133482e-79,True
AC084212.1,17.304787818093406,-5.124616350695012,0.2700489232787647,-18.97662204490629,2.6616820513404544e-80,7.348049232628544e-79,True
FAT4,1190.1732676947047,-2.139860207062142,0.11291725823896086,-18.95069221866571,4.3581273140007896e-80,1.1981796190817175e-78,True
AC105398.1,3.205222134725592,-4.7127327486485155,0.248744256681436,-18.94609673213103,4.755780071938482e-80,1.3064292390368736e-78,True
SPAG1,1214.7864862803053,1.6842256768180657,0.08891298017657379,18.942404961270373,5.101284512052561e-80,1.4001871373863444e-78,True
MYH3,171.19257270150808,-1.7687367418834872,0.0933820557547506,-18.94086318391536,5.252883186740894e-80,1.4406118535741947e-78,True
AL035670.1,3.9430382476479973,-3.3100115430749644,0.17476170392576224,-18.94014231219122,5.325297761429481e-80,1.4592716108949198e-78,True
CCM2L,194.9975783813312,-1.7630212879948626,0.09312949060379529,-18.93085935040017,6.3517711950234474e-80,1.7391232970676268e-78,True
AC011239.2,7.480885343853993,-2.661262023313321,0.14059132369393648,-18.929062998985746,6.5720968519258594e-80,1.7979725833870016e-78,True
JUN,17162.91822400653,-1.8853756756248863,0.0996084455191886,-18.92786967809559,6.7226563595958094e-80,1.8376546470177102e-78,True
AL356275.1,3.822931863129377,-3.295109292278318,0.17410702791988275,-18.92576842902975,6.996176161783874e-80,1.9108556823859986e-78,True
GNAI1,1888.1693458719346,-2.545835780441421,0.13452163989010582,-18.92510218074341,7.085197765400496e-80,1.9335864179896984e-78,True
SHCBP1,747.1132153651505,2.2280597553229615,0.11775907638139846,18.92049278738154,7.732812592805104e-80,2.1085982596684987e-78,True
PTGER4,856.6179418148797,-1.7385313647609042,0.09190650484341202,-18.916303777659373,8.372413629955334e-80,2.281140703802128e-78,True
GOLGA8VP,10.780440709857343,-2.4971591232768438,0.13208966270008182,-18.90503066047497,1.036792819411648e-79,2.8202286896051425e-78,True
PIMREG,363.04396981105725,2.399397111844527,0.1269280265977629,18.90360368910688,1.0652218714397588e-79,2.8951983855456005e-78,True
PDGFA,1503.7998401413377,-1.6787250953912478,0.08881832249404643,-18.9006620284207,1.1263040672560624e-79,3.0587226660360283e-78,True
ANKRD65,506.6127019956401,-2.1020185291198192,0.11121635987317445,-18.900263697866535,1.1348393804269005e-79,3.0793945075554684e-78,True
GPR160,2872.5773678459186,1.5909256190216188,0.08417690651700806,18.89978718450731,1.1451347476009266e-79,3.104804772174252e-78,True
TROAP,807.2597729485062,2.659696589716465,0.14076699719031313,18.89431928508518,1.270152857753267e-79,3.440968940147336e-78,True
FXYD1,5.876753276679129,-4.344493504390856,0.2299502529758769,-18.893188627396807,1.297655447262174e-79,3.5126226875605715e-78,True
NNAT,436.9869867297268,-3.594640005692554,0.1902926293252932,-18.890064310098655,1.376779445287653e-79,3.723780837055794e-78,True
LCN6,2.978978542846458,-4.13316231544627,0.21882491004271357,-18.887988184889448,1.4320003659668842e-79,3.869998395837084e-78,True
APOLD1,3919.213129319715,-2.2986514399213176,0.1217267111954403,-18.883706109751706,1.5529687495319888e-79,4.1935186095661773e-78,True
RGL1,2259.3633465029093,-1.6828932755696946,0.08916403927336301,-18.874125592383795,1.861798332029996e-79,5.02339098502171e-78,True
KCTD4,5.030730400106556,-4.002953593139236,0.2121187459296275,-18.871286342920655,1.9645766858318106e-79,5.29641615972555e-78,True
ACSM3,320.3327356229198,-2.378378653667189,0.12603675132947556,-18.870516960960177,1.9933891316064126e-79,5.369752354599536e-78,True
AC136628.3,41.57765418647376,-1.6971194840736696,0.08997772971903799,-18.86155040111646,2.3619140602448954e-79,6.357342372486442e-78,True
ARHGEF39,328.16691282101095,1.8580863158404453,0.09851900026971201,18.86018240901377,2.4238228349293975e-79,6.513462346660795e-78,True
AC106897.1,81.29853763111066,-2.640890280909264,0.14004769727968422,-18.857077497213233,2.5704065797569012e-79,6.901810710814243e-78,True
PHLDB1,5728.239678078564,-1.531846578353128,0.08125469385018873,-18.852407236650613,2.807703728740173e-79,7.526857849658846e-78,True
ARID5B,6812.868332665206,-1.667357576862647,0.08852644711444173,-18.834570133682043,3.933074962351537e-79,1.0526815162075555e-77,True
GIMAP6,1914.9633511036802,-1.7187516828593299,0.09127255213135475,-18.830980866907183,4.208923586353539e-79,1.1247066721258348e-77,True
DQX1,145.09667568243268,3.669603766961514,0.19492678681695308,18.82554895037321,4.663505372084842e-79,1.245182070885968e-77,True
MOCS1,1825.5268538801815,-2.0360596539382323,0.10824608909218081,-18.809544723637575,6.307714669549749e-79,1.681502610030492e-77,True
DLK2,184.42214953200187,-2.07943780054404,0.11055343910746022,-18.809345211981906,6.331496906621927e-79,1.686494331780628e-77,True
PPARGC1A,216.36035063310143,-3.01417937417156,0.16033923829836552,-18.798763210803443,7.729783251277394e-79,2.055666201330541e-77,True
MAPK4,105.55997823536853,-4.116090643071573,0.2190405565673489,-18.791454457457924,8.871432923128323e-79,2.357397741461406e-77,True
RRM2,3460.1796816509814,2.6922470023102827,0.14333873706596711,18.782410515248653,1.0519418893148119e-78,2.793089973468126e-77,True
FANCA,599.3185849351628,1.807571695310815,0.09625824967769454,18.77835615506392,1.1354113276525025e-78,3.0123176106510186e-77,True
PPARA,1398.5517524327995,-1.8296558900361524,0.09745083637883988,-18.775168669906225,1.20564470324539e-78,3.19610852214074e-77,True
AMOTL1,3774.9252407286936,-1.907818662237961,0.10172207385269227,-18.755208087880195,1.7552938425171232e-78,4.64581701223044e-77,True
CIDEA,1651.3360083114821,-5.575834123822404,0.2974025131024761,-18.74844319792663,1.9934145988323649e-78,5.26352996488207e-77,True
AL121906.2,35.62912903923284,2.431400306415023,0.12973536809400724,18.74122948996616,2.282911265671629e-78,6.018403778567839e-77,True
AC104237.3,6.506660363299354,-4.144819550431059,0.22134124367440328,-18.725925099292198,3.0433833603900777e-78,8.004242246502263e-77,True
MEG8,12.592618837939563,-2.1150829754087637,0.11300465221861723,-18.716777883772018,3.6135979204381623e-78,9.496444211874883e-77,True
THSD7B,181.02117388585032,-2.6178402700026226,0.1399014427272556,-18.71203197744161,3.950226469081868e-78,1.0372921458063875e-76,True
APBA1,512.2702048082813,-1.8472194578198569,0.09875045349893967,-18.70593392099907,4.429051494728495e-78,1.1621120243721525e-76,True
TBX15,885.2641030456094,-2.395008860331162,0.128116715370682,-18.693960841890515,5.544009989031817e-78,1.453515637769041e-76,True
PDE3B,2142.4094566691456,-3.590496298764829,0.19213396778171382,-18.68746240042283,6.262154401260973e-78,1.6392196791809435e-76,True
CD209,399.61694534729304,-2.913593852771899,0.155924039759668,-18.685982336416746,6.438274577030508e-78,1.684000147995219e-76,True
MMP28,534.2595414644616,-2.467328252830836,0.13206233061629044,-18.68305853241152,6.800839468957627e-78,1.7774388358171467e-76,True
AUNIP,222.9682149483233,1.8272384854937052,0.09783493939048761,18.676747763911486,7.654291939678874e-78,1.9989270312948377e-76,True
CPNE8,542.2892987916686,-1.6216327324881858,0.08686524173017918,-18.668372990030946,8.95391592150904e-78,2.332844859893789e-76,True
FOXN3,4412.170386194622,-1.634280016932764,0.08754674995257614,-18.667512132866722,9.099388878752967e-78,2.368895548146235e-76,True
CALB2,1535.8500344261804,-3.6698321157814466,0.19666236308144358,-18.660571643094023,1.0361682282805054e-77,2.695411407560575e-76,True
GPRC5B,2758.5874174511823,-1.7447560000685531,0.09351857172451,-18.656786217910934,1.1122247343455778e-77,2.891004104886257e-76,True
AC006460.2,34.61014203619514,-1.6308511829017236,0.08741908082770451,-18.655551710912988,1.1382127197097298e-77,2.9562504664797334e-76,True
AP000821.2,9.810471947960886,-4.5171756473555265,0.24221343680001176,-18.649566708742178,1.273047839310296e-77,3.298746883695343e-76,True
AC006566.2,15.935626142279034,-6.2156151821483085,0.3332880618666361,-18.649378400584485,1.27753927550282e-77,3.307815007666425e-76,True
C21orf58,535.1994518961312,1.6733062337525462,0.08973589063474541,18.647012047425406,1.3353456568221181e-77,3.454805454566394e-76,True
RHPN1-AS1,326.48203720751104,1.9357689288759137,0.103813192683698,18.646656352953986,1.3442573713286e-77,3.475165819878874e-76,True
PARD6B,3567.6379735876408,2.8316294106423383,0.15186757731041264,18.64538475420975,1.376604261468282e-77,3.55603218556977e-76,True
GEM,2231.4919321087045,-1.825665493827492,0.09801361468439793,-18.626652018763945,1.95369582125826e-77,5.042863927487748e-76,True
CKS2,1803.9129167179442,2.0646987348690398,0.11087585111709851,18.621717119343366,2.1423317009209882e-77,5.5254926445486496e-76,True
CDKN3,636.1659834022038,2.2781023152837796,0.12242772602327058,18.607732000599007,2.7814460863131892e-77,7.162814326830776e-76,True
SAA4,9.44473746033081,-4.05987937975632,0.21821432900821025,-18.605008196338787,2.9264691694515137e-77,7.530464531793096e-76,True
P2RX6,45.1121179486679,-3.2136887427147283,0.17287419415080582,-18.589754002909682,3.889576336566473e-77,9.993334456714585e-76,True
PIWIL4,161.7814998783471,-1.7342174600244495,0.09336545190318114,-18.574509357302873,5.167525572012642e-77,1.3256293100080737e-75,True
AC108053.1,41.30180782009589,-1.880461142947989,0.10124772902550991,-18.572872310787304,5.327529334669407e-77,1.3656247177701004e-75,True
PAQR4,868.6958145701013,2.045682294283767,0.1101887047846103,18.565263093731186,6.138565567902723e-77,1.572312005560583e-75,True
SLC1A7,104.12453371521697,-2.516826114237104,0.13556882769540904,-18.56493234485891,6.176484094659332e-77,1.5808101924235922e-75,True
DEFB132,321.877815411155,-4.788748651602468,0.258070426305919,-18.555976057193952,7.296988618078967e-77,1.8621708141493686e-75,True
HMCN2,445.814934353008,-3.0502024721752963,0.16437851926481528,-18.55596756691422,7.29814163571089e-77,1.8621708141493686e-75,True
TDRD10,84.4168617003501,-2.432022159351562,0.13106914696992286,-18.555260452787195,7.3948112491122e-77,1.8853941922526202e-75,True
CASP12,17.231782676252923,-2.4759434650541365,0.13352381267721813,-18.543085427312565,9.274491931231182e-77,2.3610307741574713e-75,True
LINC02237,25.441404358239836,-5.596356016988175,0.30186843494630067,-18.539056652225696,9.995966652296732e-77,2.5427573751902647e-75,True
SLC25A37,2620.6394247405397,-1.538829740975377,0.08303219474474056,-18.532928651423486,1.120207420227014e-76,2.8452244674143703e-75,True
CBX4,3254.8791030335537,1.7209987379921072,0.09288416814380124,18.528440017115667,1.2176614398630515e-76,3.0903950805169638e-75,True
TMPO-AS1,188.08122839895051,1.8105968352713335,0.09774178150837129,18.52428723243868,1.3153345363169652e-76,3.3357483993638385e-75,True
EPHB6,586.1078142277883,-2.59005636842795,0.13984078825245963,-18.521465738251045,1.3861147248802386e-76,3.512579024318471e-75,True
AC026329.1,28.40088706601571,-2.7600668527395236,0.14904444051065166,-18.518415334936773,1.4669152430915586e-76,3.714514536208078e-75,True
PPL,5491.656833541649,-1.7978046482901264,0.09710440070076226,-18.51414184440782,1.5880714131370714e-76,4.018254442845842e-75,True
IL6,352.0929259499339,-3.7942055073468417,0.2049867075053842,-18.50951973189375,1.730364958443024e-76,4.374976573094497e-75,True
AL390755.1,5.6423360069972865,-2.879188814320677,0.1556280349852185,-18.500450864101328,2.0475395763892477e-76,5.172984646439774e-75,True
MTBP,578.7571088104845,1.5172137817401665,0.08204197889121355,18.493139759000325,2.3449494989782308e-76,5.910938839109979e-75,True
LEFTY2,43.35515648893664,-3.5876545466248992,0.1940686217996556,-18.486525608083987,2.6509393937189144e-76,6.672164365368458e-75,True
HSPA12B,841.7978008113238,-1.7681765084305057,0.09567404878170138,-18.48125516737499,2.923015548499812e-76,7.34033475353315e-75,True
FAM153CP,129.38990086911235,2.7134843419563133,0.14688266425731106,18.473823004754287,3.354637729274707e-76,8.405245201621504e-75,True
KIF2C,1284.656599031728,2.336950332893254,0.1265556902740681,18.465786309824324,3.893126578108393e-76,9.73252460669691e-75,True
SRSF12,47.95263871067174,-2.194325005316218,0.1188401832679956,-18.464503713931613,3.986704542035588e-76,9.958996986692495e-75,True
KL,274.9700474749868,-2.457182724857712,0.13314245940438704,-18.45529018954526,4.72818729864774e-76,1.1775975968827741e-74,True
CCDC78,377.09246453006364,2.867313409327834,0.15539226913604526,18.452098198125377,5.0159252423292476e-76,1.2483290366152094e-74,True
SEMA6D,869.4124504006601,-2.370307203437796,0.12846981068441046,-18.45030510133248,5.185152783439252e-76,1.289482924496015e-74,True
LPIN1,2784.5053984716105,-1.5987234888877306,0.08672377746774333,-18.434661583812716,6.925068444530027e-76,1.7196136080166185e-74,True
SLIT3,6155.991030223964,-2.4122362113989215,0.130879227820927,-18.431008889351162,7.408844310273814e-76,1.8383746198163796e-74,True
LINC00671,7.578938078500894,-3.096334668669622,0.16802700187891068,-18.427601719043988,7.890425404283537e-76,1.954961343294589e-74,True
RGR,5.212686898121347,-3.755150963181452,0.20383754922083885,-18.42227292044754,8.706939642445281e-76,2.155662436049797e-74,True
CHL1,1462.2389153097658,-3.2056074490967923,0.17401861208364006,-18.421060889487233,8.904113936453823e-76,2.2028434396646773e-74,True
EBF2,499.18887836914075,-2.3624627004446226,0.12827848933001168,-18.416670735550262,9.656314293613695e-76,2.387164013178081e-74,True
AL138686.2,8.364913470488844,-6.4272258988623125,0.3491078835213561,-18.410428988405066,1.0836084905736563e-75,2.6768340408993234e-74,True
LINC00989,32.045889921407074,-2.1576407666513244,0.11720814205137937,-18.408625278826626,1.1203033695206498e-75,2.7654327957175537e-74,True
MYBL1,1266.8038666600735,2.3857515203689985,0.12966563094288425,18.399258947961975,1.331735387407669e-75,3.28491445522621e-74,True
AC002451.1,27.50777458220789,-2.4959478436225453,0.13568628750561249,-18.394989571214435,1.440885514078202e-75,3.551521877974424e-74,True
AC027559.1,18.343834370458364,-1.9870535617750082,0.10816127654864587,-18.371210336828124,2.2337457856578646e-75,5.497652266118386e-74,True
AC021733.4,10.78415455313313,-2.889921744989574,0.15731330629276075,-18.370485072708455,2.2637955828917485e-75,5.56750139335228e-74,True
DENND2A,592.4000937918735,-2.222484492514586,0.12100037686974305,-18.36758322585302,2.3881142604568124e-75,5.8689183840806364e-74,True
GTSE1,688.9464103366287,2.2607747758045242,0.12310878788083075,18.36404057517773,2.5491487112290437e-75,6.260055991957097e-74,True
RCAN1,5805.30039807504,-2.2024554078392424,0.11994293670644908,-18.36252695087481,2.6212112554319926e-75,6.432286545798493e-74,True
ST6GALNAC3,265.47212331326546,-2.0016562479047004,0.1091253905972282,-18.342717830835813,3.774465819904201e-75,9.248689245259751e-74,True
DAAM2,1438.0545725514476,-1.988772735393358,0.10844207571392887,-18.339493432786714,4.0051164849100163e-75,9.799459255705365e-74,True
CFD,5923.718791521914,-3.350985627295245,0.18274696191593193,-18.33675149596621,4.2122766899910014e-75,1.029876945267668e-73,True
AL845321.1,7.7176426303852175,-5.019913006227722,0.2741262548789421,-18.312412316888743,6.588521666757703e-75,1.6049715782666372e-73,True
AC007920.2,8.991381798715127,-3.8235023308331773,0.20883460920678293,-18.308758042337892,7.045853569205394e-75,1.7151253334265013e-73,True
FAM189A2,1581.7988661287955,-3.0539542360129452,0.16687768478876105,-18.300554923677993,8.191033452897998e-75,1.9924345340677997e-73,True
ASCL1,630.1171146382877,7.24071462850196,0.3957291891217181,18.297145693427396,8.719921892142525e-75,2.119538448841553e-73,True
VLDLR-AS1,77.90040825119412,-2.8374248804873647,0.15515414924565554,-18.28777956814336,1.0354785528108415e-74,2.5150891666197195e-73,True
AL390755.2,10.161010563233999,-3.4730185027641447,0.1899146682790965,-18.28725782076103,1.0454354705601382e-74,2.537425582802769e-73,True
CLDN8,1216.9357655153294,-3.79413978485588,0.20749089919452962,-18.285813014375865,1.0735088299150843e-74,2.6036687977336834e-73,True
AC246817.1,17.339170169968707,-2.4046627214682847,0.13156375860495964,-18.27754654447547,1.2492045957771992e-74,3.027596225623097e-73,True
KCNIP1-OT1,3.1220218091984417,-3.842342012058213,0.2102444547726463,-18.275592648630074,1.2947580130983887e-74,3.13572149446755e-73,True
AL358332.1,5.51081911900892,-3.294943411520534,0.18034837006102722,-18.269881842600373,1.437616537757863e-74,3.479178078206602e-73,True
ORC6,418.2640117601113,2.060600863590699,0.11282033917329809,18.264444857106,1.5881991140420722e-74,3.838032772042686e-73,True
SSPN,2290.8749334971044,-1.8040565640294126,0.09878855924783149,-18.26179648499139,1.6671447562845689e-74,4.0258950381849444e-73,True
RAB26,494.86010614442336,2.534658430720199,0.13881572536437053,18.259159213173426,1.749646647076356e-74,4.2220670067546596e-73,True
MRPL13,3239.976895243806,1.5519393638758305,0.08502186325310672,18.253415115777557,1.943698340742187e-74,4.686941139942964e-73,True
AC092053.3,53.11142965780315,-2.1120810450786203,0.11571734118758038,-18.252070289576476,1.9921461567717803e-74,4.800294955359978e-73,True
LAMA2,2997.568514585477,-2.2782469327049064,0.12483021696022682,-18.250764824279663,2.040327275663133e-74,4.9128429109090125e-73,True
RNF175,72.06889472556053,-1.784185222191203,0.09776215163283977,-18.250265490186575,2.0590619742645077e-74,4.9543764631852147e-73,True
KCNA2,128.78309338261516,-3.5769493062783786,0.19601312750420471,-18.248519126361312,2.1259435630256112e-74,5.1116144111997915e-73,True
RASGEF1C,35.12764079550448,-3.3962128582329125,0.1862689164232583,-18.23284809643552,2.8318212874682838e-74,6.803919893067709e-73,True
AC087242.1,3.28008795431263,-4.885013971482727,0.26801705504462225,-18.226504170301475,3.180103439410063e-74,7.635224593296342e-73,True
PRELP,6486.185827413269,-2.7676012903790626,0.1518470524812018,-18.226243085763443,3.195317919801285e-74,7.666234338665687e-73,True
AL022344.1,15.142347105825285,-2.165659454103055,0.11886638581184897,-18.21927569608308,3.629270742173088e-74,8.701117899405486e-73,True
DDIAS,534.3379166282219,1.9080947583292123,0.10474193356634295,18.21710458610768,3.776145914260275e-74,9.046744978065079e-73,True
PTPRM,4006.903213769206,-1.745056633558779,0.09585363859312962,-18.205429227011706,4.673761781366256e-74,1.1181153633198225e-72,True
PDLIM4,1400.7498715006075,-2.078244692099206,0.114162347447255,-18.20429185778079,4.771840220495252e-74,1.140760569987786e-72,True
SIAH2,5707.891441727983,1.8516385902138495,0.10175503535408416,18.197021737259217,5.449097813666048e-74,1.3017332592259958e-72,True
ANK2,1895.8000675379633,-2.476109643634093,0.13607952094745207,-18.196049092429252,5.546693344368386e-74,1.3240993295729513e-72,True
LARP6,907.2454217220632,-1.9514810836795178,0.10727293032518394,-18.19173837951342,6.0006400022532326e-74,1.4314402248579617e-72,True
SOX6,233.5551556683961,-2.6460946709092066,0.14545703770625606,-18.191589163618715,6.016999839487931e-74,1.434316852373717e-72,True
DBX2,26.361306110433706,-2.896936705571152,0.15926235258515278,-18.189714383518524,6.2263774229237425e-74,1.483167576264885e-72,True
MYL9,20260.419123238054,-1.7632228746911818,0.0969366236631806,-18.189439739697743,6.25765400082526e-74,1.4895539134441226e-72,True
CCL21,1447.2618149113478,-3.747115874531179,0.20605004472458308,-18.18546499002106,6.7282371260603075e-74,1.6004278168115918e-72,True
ZC3H12C,599.792098648493,-1.8595810811262188,0.10227153336593134,-18.182782832370066,7.065561397740099e-74,1.6794683325248364e-72,True
RRN3P1,162.45667762752677,-1.7337112866266844,0.09537330433830198,-18.178161055183498,7.68685145781004e-74,1.8245466851708687e-72,True
ORC1,348.45055090078324,1.9129770658078102,0.10524523489416472,18.176376989718463,7.940992497499178e-74,1.8835288677034146e-72,True
AC004637.1,6.712247661665341,-3.5555022311352555,0.1956705802017755,-18.17085750688132,8.781516653511949e-74,2.079934651121946e-72,True
SIX4,1523.6848104849623,1.9771050739087128,0.10882001968207035,18.168578536238485,9.15391873398066e-74,2.1666006803372676e-72,True
FERMT2,5537.286096855222,-1.9194934630105362,0.10571422505013407,-18.157381015660217,1.12253568592562e-73,2.653114287025762e-72,True
CYP2U1-AS1,32.70566564284125,-2.277883934757025,0.12547301772558453,-18.15437275716813,1.1857463442076768e-73,2.800527962675766e-72,True
CFAP45,264.3902639473103,2.3974263236110835,0.13206401146567717,18.15351735119877,1.2043599132543083e-73,2.842476910624057e-72,True
SPATA17,257.0769953885355,1.9053309373330594,0.10502389300080223,18.14188069869497,1.4884928289516743e-73,3.508109353548367e-72,True
SEC24AP1,11.469110291202394,-3.8410624337970143,0.21181691543319936,-18.133879562646964,1.7217241766035084e-73,4.0549279354202263e-72,True
AC044784.1,437.9686041658827,5.2381074255426885,0.2890050464749012,18.12462269927039,2.0373577764239745e-73,4.791526409447329e-72,True
CYP26B1,661.5485757338381,-2.6276941105079294,0.14502094093407805,-18.11941153865769,2.2397770664893657e-73,5.263870711089067e-72,True
NCKAP5-AS2,17.443172372260083,-2.2221898210205993,0.12268751337737432,-18.112599724679146,2.53489686287626e-73,5.953258836623972e-72,True
PSAT1P3,8.454878304042545,-2.939446215242975,0.162332226685563,-18.107594993671054,2.776146477778876e-73,6.515250449503711e-72,True
EEPD1,1112.9533452075257,-1.697328062337443,0.09374323615509693,-18.10613898083523,2.8505374822147964e-73,6.68513182098321e-72,True
KRT17P1,3.093170240557467,-3.6500942668319536,0.20167327132831772,-18.09904824169642,3.2422180480682465e-73,7.598364700283061e-72,True
CNGA1,99.48847665198693,-2.8294968191622676,0.156445576833335,-18.086141368998845,4.097944807302394e-73,9.590341149384388e-72,True
AC003986.2,25.711860965042334,-3.6415789024051435,0.20136025450722408,-18.084894217664473,4.191713089914458e-73,9.802906019323793e-72,True
TSBP1-AS1,38.032309828530394,-2.7207544719361425,0.1504640322836204,-18.082424288667195,4.383776718682041e-73,1.0244889263582859e-71,True
SH3BGRL2,1997.755870189828,-1.9067338188019387,0.10545198135242842,-18.08153620584417,4.454958438785244e-73,1.0403950208336771e-71,True
TCF7L1,1899.9260565097636,-1.9424166845639357,0.10744040206184059,-18.079015410291547,4.6633449579183537e-73,1.088298747387118e-71,True
LINC01883,3.969989793624422,-5.342559941557222,0.2955566556611783,-18.07626334655056,4.9019600075848213e-73,1.1423861935216367e-71,True
DOCK11,2617.5952035906193,-2.371714221407822,0.13122956221783819,-18.073017857598494,5.199043418181945e-73,1.2107744340289783e-71,True
MYOSLID,28.391273271073807,-1.9576296552251309,0.10835713335230643,-18.066458521564996,5.855380290966637e-73,1.3626732541761785e-71,True
CXCL6,24.275483938847398,-3.695036860515805,0.2045557612907745,-18.063714447344935,6.153886705840785e-73,1.4311434292404768e-71,True
NR3C2,902.8755121944553,-2.295654413517309,0.12709417840893128,-18.06262444319784,6.276627262868734e-73,1.4586706800655708e-71,True
TYMS,362.4342440796424,1.6067213119450436,0.08896943577821864,18.059250324462536,6.672257201403853e-73,1.5474541143056322e-71,True
C6orf15,35.73506789768797,-4.214809816303422,0.23349176283287384,-18.05121416347459,7.717537717272595e-73,1.786066379828756e-71,True
AC012409.3,6.469979790486447,-2.6348019459112657,0.1460266381845263,-18.043296611278574,8.906857715988463e-73,2.0598807071463192e-71,True
AL355073.2,4.181200126721311,-2.582223980878455,0.1431522333694858,-18.038307332680986,9.748437136316453e-73,2.2513894048408406e-71,True
PDE1A,333.33406821806244,-1.62456762206559,0.09008522814516645,-18.033673838819674,1.0600826576712029e-72,2.4465533945105153e-71,True
PCDHGB7,351.4378574712633,-1.8890081997063841,0.10478891502367296,-18.02679414401453,1.2005366238514422e-72,2.7687894791716284e-71,True
MET,2391.379091469516,-2.396222759430417,0.13303576441113732,-18.011868989041666,1.5722901019307552e-72,3.623656019992312e-71,True
AC112777.1,57.926298669779776,2.789879610773901,0.1549422431502923,18.00593275306946,1.750262770387578e-72,4.031043724423712e-71,True
AC007336.1,17.914928146500763,-2.0500828776218984,0.11390173023949154,-17.998698292917613,1.9945179371743731e-72,4.5904195090978725e-71,True
ARHGEF4,412.24565584438534,-2.3716668139170167,0.13178007110821163,-17.9971584016639,2.0507432269101887e-72,4.71656799132606e-71,True
ACSL1,19757.729467328183,-2.67997406312119,0.1489372263861545,-17.99398396323517,2.1716851608023766e-72,4.991283833742141e-71,True
SYT15,31.973738487769932,-1.8960081508987887,0.10542635229355216,-17.98419569349691,2.591213534426663e-72,5.951403592258594e-71,True
TSPAN13,18930.001741707038,1.759117153567183,0.09782127986812786,17.98297012611812,2.649137562241768e-72,6.0802538584446474e-71,True
AURKB,663.3730635850025,2.4103667875179804,0.13404856642353674,17.981294778656874,2.7304134881051064e-72,6.262486892353315e-71,True
AP000224.1,7.645705980946022,-2.475586595343796,0.13772272037027922,-17.975150277949574,3.05036102180654e-72,6.986709458532026e-71,True
TACC3,2718.7353797120577,1.837862901268659,0.10225277198742434,17.97372203752765,3.12993032148266e-72,7.1591252600223065e-71,True
MAOA,5741.193385134102,-3.4237065922947596,0.19049432928360394,-17.972748087412185,3.185373770958321e-72,7.28094790182927e-71,True
AL021368.2,104.11342640695543,-1.569857843743027,0.08736869552307235,-17.968195980772755,3.4577735733345125e-72,7.898170609392649e-71,True
SGK2,256.36667862433774,-3.1223644391125567,0.17378379456718918,-17.966948223733095,3.5364135490339626e-72,8.072269366648434e-71,True
GINS4,411.19504077435255,1.9361930012943325,0.10776978384462765,17.96600987977997,3.5967251022231537e-72,8.204321849113539e-71,True
NELL2,2996.4595974706885,3.558203334012463,0.19812777949033655,17.95913396478564,4.071100311194099e-72,9.280049506357621e-71,True
CCDC167,900.1092798922019,1.5951459124951624,0.0888917356563448,17.944816812464907,5.268402189148602e-72,1.2001089112426006e-70,True
AC123595.2,3.9559342186903756,-3.265553162862642,0.18200268769507244,-17.942334831525972,5.509094185957672e-72,1.2540804232594022e-70,True
AC245884.9,6.883197412411179,-3.2700905090330274,0.18226146712178823,-17.941754561033644,5.566929235512657e-72,1.2663814670880736e-70,True
MIR22HG,1033.0561248000618,-1.6822864392595664,0.09376846561920607,-17.94085493615023,5.657792948484485e-72,1.2861740766121956e-70,True
RET,4763.033307269214,3.2650494322453567,0.18203136074343612,17.936741333529206,6.092477871328646e-72,1.3840466248701569e-70,True
BX842242.1,5.594728987094269,-2.4261569090456834,0.1352879191389959,-17.93328572489189,6.483255370198354e-72,1.471818130297787e-70,True
NFIA-AS2,22.312648481063345,-2.048887618561331,0.11427737029067114,-17.92907566344821,6.993264561604135e-72,1.5865195909179338e-70,True
LINC02183,3.6849613012429585,-3.7114338968603016,0.20712497642484573,-17.918813852982993,8.410228250719975e-72,1.9040916628191476e-70,True
TSACC,43.483700177083314,1.7559986692654852,0.09800011292541444,17.91833312071726,8.483213381996547e-72,1.9193126395943206e-70,True
TSSC2,111.50214393903342,-2.039422041139027,0.11382797958319082,-17.916702454061582,8.735518185127608e-72,1.975056243768275e-70,True
AADAC,113.62866151384401,-5.333129390730539,0.29768427241449613,-17.915388500285562,8.944251270580457e-72,2.0208796451394826e-70,True
LINC02599,8.74121917451335,-2.4454060379663574,0.13653988395234345,-17.909829473854526,9.883790708823297e-72,2.2316488581485993e-70,True
ARRDC3,7818.717457699876,-1.5338795760669457,0.08570358208509307,-17.897496682740666,1.2334285940672556e-71,2.783058875747558e-70,True
AL445259.1,6.050401801246498,-4.977126995957365,0.2781216279373425,-17.89550504529138,1.2783263839654199e-71,2.876579391286288e-70,True
MYT1,270.126422953513,4.371718226003479,0.24430193346364193,17.894734454298117,1.2961318445365681e-71,2.9146797628759275e-70,True
AC117489.1,49.795789321247064,-2.3127097059622717,0.12925182386358117,-17.893052777369093,1.3358522466074432e-71,3.001976857959004e-70,True
ADGRL3,311.39716586402375,-2.8515312908480714,0.1594034113831314,-17.888772053907434,1.4425225033284927e-71,3.2395072702694884e-70,True
TRIM59,662.4909797931628,1.6643053196180446,0.09308781287509155,17.878874454288308,1.7227989634001083e-71,3.86113055312031e-70,True
SCTR,23.1604191823173,-3.3192103222282294,0.18565594358706738,-17.87828742833441,1.74103209473085e-71,3.89937403137536e-70,True
AC016026.1,9.035443748424774,-2.23646180496536,0.12524777952763813,-17.856299036996862,2.5820255549230755e-71,5.763585691508008e-70,True
MT1JP,3.957750891451789,-4.3543418761474735,0.24386577428063444,-17.85548582613569,2.619910238480413e-71,5.844239902547378e-70,True
AMOTL2,5208.060796974299,-1.559793703060805,0.0873652599725241,-17.8537064223394,2.7047504104835806e-71,6.029459989252469e-70,True
AC113167.1,6.540927877613859,-3.97742259980347,0.2227807791714867,-17.853526747663576,2.713467894581138e-71,6.044852425944315e-70,True
CD248,4832.6151888234,-2.0440937450330137,0.11450182838352745,-17.852062049055302,2.7855852139668865e-71,6.197230240198912e-70,True
AP002800.1,17.788100418715164,-2.996803017775114,0.16790595958254287,-17.848103934046964,2.990172371200991e-71,6.643521546114713e-70,True
RBP7,1291.0003292832387,-2.4551255274033315,0.13758606310839594,-17.844289399203774,3.2014966298364813e-71,7.10830300322349e-70,True
LINC01088,51.31696632330744,-2.6300637631396877,0.14743512666519418,-17.838786608243076,3.532843847353227e-71,7.83877641153578e-70,True
AL135841.1,4.693844486104026,-3.687450894019451,0.206733202491777,-17.836761824294395,3.663187303842123e-71,8.122582007701526e-70,True
CCNP,540.0952098520314,3.2470411943107376,0.18208727636218622,17.83233435735571,3.965144125231726e-71,8.780450958323562e-70,True
AC027601.2,9.052472065360002,-1.9033584085438302,0.10676289713484646,-17.827901449131723,4.2923250643762025e-71,9.498656175970933e-70,True
PTPN21,1454.7473623536007,-1.7249948537081965,0.09679323731311712,-17.821439819478282,4.818030541042474e-71,1.0647879424335683e-69,True
PDZRN3,2124.9646072636233,-1.7954118964339312,0.10075366345392814,-17.81981751219322,4.959804128278084e-71,1.0953940918804358e-69,True
AC105328.1,106.74978522162827,4.840754993297098,0.2717052177371835,17.8162018146427,5.290921613191371e-71,1.167749469744004e-69,True
VIM,43040.32834294745,-1.7603561890965571,0.09886973635690431,-17.80480310721115,6.4859946414602306e-71,1.4305650482675742e-69,True
ADAMTSL4,791.8898608168179,-2.206238429292245,0.12394089455412162,-17.800730237015035,6.975338768332447e-71,1.5374789992407058e-69,True
FAM228A,16.79611435164216,-2.9241675881963665,0.16444497882817885,-17.7820424134184,9.73674659222465e-71,2.1418915706075188e-69,True
AC084277.1,2.2934585293811045,-4.677430090687211,0.26306697912343724,-17.780377097394847,1.0030309336299503e-70,2.2050150695863686e-69,True
ABCG2,370.4191934693988,-1.8756348842953812,0.10550673667108118,-17.777394538726952,1.0578299926279126e-70,2.3239507525789365e-69,True
FRMPD4,9.044757360199418,-3.295574139200788,0.18542896478704743,-17.772704188827948,1.1501047925687139e-70,2.5250062361668227e-69,True
LCN10,4.893363511055482,-3.9913707669564835,0.2245846224762817,-17.772235351411965,1.1597583640066672e-70,2.5445251106091015e-69,True
PIK3C2G,633.4005381902234,-3.794288057485012,0.21355823703894183,-17.766994661943816,1.2733227161617111e-70,2.7918500500510785e-69,True
ANXA3,1838.8294368232544,-2.5548475926820635,0.14382048104457013,-17.76414300749219,1.3397065181380375e-70,2.9354712663196723e-69,True
LPAL2,34.14746904605029,-1.8386421359801384,0.10351090641246745,-17.762786547859672,1.372483513605671e-70,3.0053153444015446e-69,True
CDCA2,421.3177988373869,2.1532627380653846,0.12127047261507137,17.755869929691187,1.552464094868272e-70,3.394959022935213e-69,True
FAM111B,1578.3732696916761,2.499723178835819,0.14078784797042557,17.755248161481386,1.5697526339246895e-70,3.4305164212814196e-69,True
TMEM255A,343.4818439167007,-2.1738513632946947,0.12251418333549575,-17.743671011067907,1.9291015753320372e-70,4.21031468820341e-69,True
FMO6P,8.51365277172977,-3.420566989863194,0.19286972708412284,-17.735116037009092,2.2463208095502853e-70,4.896245273051795e-69,True
AC188617.2,3.631888203903193,-4.268984817819262,0.24073141360957398,-17.733393219477538,2.3162351908107163e-70,5.045338169715648e-69,True
AQP7P2,19.580628944264177,-6.102641138567691,0.34420030580954797,-17.72991201798754,2.464196172643817e-70,5.364130428296256e-69,True
AC084064.1,3.908482534881085,-4.9598714293940445,0.2797612916444663,-17.72894098479242,2.507123164470605e-70,5.454015030132434e-69,True
DUSP6,4648.616147330882,-1.7103111580121089,0.09653995210080198,-17.716097022984755,3.150255264668595e-70,6.844160444393027e-69,True
GOLGA8M,14.087548719183253,-3.0060740880465904,0.1697047652807058,-17.713551431948854,3.2960374706548396e-70,7.15622093807736e-69,True
FAM149A,353.9802273030292,-2.278557389306497,0.12869364393500904,-17.70528302436739,3.81756819760038e-70,8.277768649010083e-69,True
CYGB,914.7588085987769,-1.7783200673485782,0.10045470994337626,-17.70270471490059,3.996443005771908e-70,8.659998557471562e-69,True
GS1-24F4.2,9.708616669860927,-3.462279874427875,0.19567290640248583,-17.69422214900923,4.6460127067623356e-70,1.0047981696356494e-68,True
DSG3,871.4087830815845,-4.197012933416994,0.23722601995507603,-17.692042947952302,4.8292378219169776e-70,1.0437475834290945e-68,True
HNRNPA1P33,6.163292305875913,-3.139895875912198,0.17747821182499082,-17.691725894829347,4.856488906866471e-70,1.0489575683619814e-68,True
LRRC46,314.95718117444295,2.1009502469159576,0.11875796963993568,17.691025312118963,4.9172496141825355e-70,1.0613938989215106e-68,True
CHRNA7,18.333605930268295,-2.1544142066531733,0.12180199959606489,-17.687839393424678,5.20326033020224e-70,1.1224031613966009e-68,True
AC010457.1,16.298007168754374,-2.9514785085864745,0.16690156239845869,-17.683947748434804,5.575217288639924e-70,1.2018611593978852e-68,True
TRIM2,2305.374210846239,-2.0680390650697094,0.11699620097114326,-17.676121514234335,6.405386360752702e-70,1.3799304247076346e-68,True
LINC00920,94.10707793276812,-2.101735894513063,0.11891872841444893,-17.67371651661301,6.68444111591916e-70,1.4391183135880444e-68,True
ANTXR2,3838.366038175732,-1.8609794428724273,0.10530553353844688,-17.67219043805506,6.867765004819534e-70,1.4766801750208035e-68,True
MYZAP,405.4969428631809,-2.9447447444365444,0.16668454318404585,-17.66657356576299,7.58673457427835e-70,1.6291694225216273e-68,True
CDH20,52.601417086541616,-3.501619381063225,0.19823104087560223,-17.664334332283655,7.89385260654695e-70,1.6940288968837469e-68,True
CYP1B1-AS1,57.68689630177944,-1.7315848759339383,0.09805668365066528,-17.659019369886575,8.67334462680555e-70,1.860111703918574e-68,True
REM1,74.18940662847689,-1.7378894000616527,0.09841753378164915,-17.658331125400522,8.779739181110764e-70,1.880510738284283e-68,True
TF,2156.22819647834,-3.9217673329505662,0.22212558364121715,-17.65563096633256,9.209866140977008e-70,1.971372438610027e-68,True
KCNJ3,4489.846026471006,5.143110831275548,0.2914692246463382,17.645467844902242,1.1025735717495091e-69,2.3540157518741596e-68,True
AP001172.1,3.6309866306655585,-3.9803309742559794,0.22559737988739406,-17.64351596744051,1.1413329878558856e-69,2.435208817146892e-68,True
CLCN4,376.58712829683844,-2.2632489814217553,0.12828074992046604,-17.642935380600502,1.1531219353068294e-69,2.458789221262625e-68,True
DCDC2C,3.4113705297155623,-3.958452225999756,0.22441430466751425,-17.639037011764845,1.2354850512887492e-69,2.632727857854856e-68,True
KRT9,9.041502641872198,-3.522575377546154,0.19972646178834882,-17.636998853356975,1.2808546433305827e-69,2.7276642082012517e-68,True
LINC00844,17.739170033734336,-3.625885950201996,0.20565859837735342,-17.630607126617804,1.4341870466934402e-69,3.0502999885318583e-68,True
RHOXF1P3,318.5024315291444,4.9729753781175345,0.28212624957891297,17.626773068936124,1.5348055528639848e-69,3.260142062577136e-68,True
TEX19,20.19713739082479,4.981321567718055,0.28260038498833195,17.626733126792185,1.5358899719342927e-69,3.2603688525803134e-68,True
FGF13-AS1,21.98600983261451,-3.298920773441285,0.18722481864593518,-17.620103986747313,1.7268723463537546e-69,3.6611230692022482e-68,True
OLAH,8.04204684657969,-3.0291509998831767,0.1719809697211503,-17.613291777541654,1.9478082171540605e-69,4.124282935483858e-68,True
ODF3L1,35.42611151039343,-2.5193351315131522,0.1430668982647679,-17.609490120144525,2.0831303064394514e-69,4.405219568132484e-68,True
SMIM10L2B,118.48631861319049,-2.1417961767192852,0.12166901814432718,-17.60346396630428,2.3170878319234055e-69,4.890668487773016e-68,True
TMEM145,285.77498327044316,3.516674891613764,0.19981348404228816,17.599787664327504,2.4724945458446524e-69,5.215383972762385e-68,True
NATD1,1757.5997695718297,-1.756292596846919,0.09979401347381302,-17.599177903670427,2.499256973496541e-69,5.268503211702664e-68,True
PRDM16,115.45789008097245,-2.1668267381900055,0.12314185878451091,-17.59618345522777,2.634933394693418e-69,5.551004029035426e-68,True
AL590434.1,9.570279622927886,-3.468075679082942,0.197128034412747,-17.593011006346664,2.7866914346678197e-69,5.867005849415222e-68,True
GPRC5A,20443.7162274031,2.244788226608112,0.12768431514275702,17.580767254759007,3.4586428901971545e-69,7.277115567519552e-68,True
CLIP4,1560.3221463740372,-2.185826226229758,0.12434871236422723,-17.578197511424968,3.6189947323054606e-69,7.609700840331325e-68,True
MYOM2,229.5000935508029,-2.8010653203803306,0.1593624260674121,-17.576698532409694,3.7159309909020216e-69,7.808606339986863e-68,True
PZP,23.17861459454667,-1.9781662935282947,0.11261699343802549,-17.565433360791182,4.532199473048815e-69,9.505932089729869e-68,True
SLC16A6,2101.0026370938626,2.74969507233717,0.15654873418558798,17.564466979831444,4.6100396439534556e-69,9.66311829580162e-68,True
PKMYT1,921.2862346313415,2.7435481324043764,0.1562794068318723,17.555404054968843,5.40807740645881e-69,1.1321655582422778e-67,True
LINC02511,36.423541234477526,-4.271541049038716,0.24332281658661148,-17.555037003766756,5.443150839327677e-69,1.1387932079092767e-67,True
HIC1,660.2476042986892,-1.500668919203513,0.08550055267914831,-17.55156981072349,5.785848630847331e-69,1.209732075173214e-67,True
SMAD9,407.5616156504185,-1.7782373983457005,0.10132266114443879,-17.55024372890053,5.922531980684727e-69,1.2367596682771132e-67,True
FAM124A,260.55410798712046,-1.6968764433334873,0.09671426411643479,-17.545255178601256,6.466172486373505e-69,1.349439213066771e-67,True
TICRR,528.5932503033782,1.9173439077311685,0.10928334268221351,17.544704075411,6.529201533240061e-69,1.3617407250282852e-67,True
SPC24,626.9981424036517,2.2492716790988254,0.1283252365788493,17.527898167690207,8.775382283620444e-69,1.8279214476980523e-67,True
KDM4E,3.798497761970105,-3.2962042283844575,0.1881759566050068,-17.516606732619927,1.0702121403994342e-68,2.2278717022584725e-67,True
RHBG,86.095217893927,3.2715025122079475,0.18680523486517028,17.51290596630875,1.1421184754617467e-68,2.3760766711274978e-67,True
BRCA2,712.6772889313402,1.637578694879015,0.09351951274450104,17.510556319438315,1.1902514036894963e-68,2.4746692058379683e-67,True
PDGFD,2434.9389254035036,-1.8743160372505507,0.10704760019164092,-17.50918314745099,1.2193117135888375e-68,2.5335094290638098e-67,True
AC087482.1,51.40297484997874,-3.201200577277185,0.18284767547745645,-17.507472101672224,1.256513950379413e-68,2.6091832958407874e-67,True
AC025268.1,8.470846925084661,-2.8625635336656727,0.16357844090438006,-17.499638203172427,1.4418210609682834e-68,2.992115156330509e-67,True
RTBDN,80.0905800212832,5.3478774559153415,0.30583942107595125,17.485899747983325,1.8349383620929184e-68,3.803192009784757e-67,True
RRAD,132.53171980562288,-2.6151633455865815,0.14973737410565258,-17.46500071345821,2.6469793716612524e-68,5.479460897922477e-67,True
EPN3,2568.406307965459,2.325939247727341,0.1332087109795375,17.460864463170385,2.8459175261459965e-68,5.887624291528712e-67,True
AL159996.1,4.761840968931831,-4.394940207506511,0.25171044461563585,-17.460301316529097,2.874131188435486e-68,5.942306323814942e-67,True
PRKN,274.19738086094065,-2.046892446003773,0.11727362606591255,-17.45398786299433,3.210172337782448e-68,6.628856798310022e-67,True
AC095032.1,7.450140069122401,-3.2826181714887546,0.18811891862564037,-17.449697220624664,3.460622568800889e-68,7.141602849439409e-67,True
KLHDC9,583.4055568153971,1.774814400884731,0.10172569108583333,17.447061621701756,3.6240258128201783e-68,7.474189043397658e-67,True
ENDOU,27.877606726498694,-2.2397494511189042,0.12844358071111,-17.43761298710954,4.2756236957061335e-68,8.80715099617689e-67,True
ADGRD1,456.8593457687316,-2.779343100299798,0.15942554433483122,-17.43348665921769,4.595648652948379e-68,9.460511538714537e-67,True
NAT1,6788.417606651866,3.2928595745442366,0.1889429761178396,17.42779563549667,5.076552978493608e-68,1.0444044742738022e-66,True
MS4A4E,44.85118659377417,-1.944873838457798,0.1116115022828966,-17.425388948965267,5.294719684784027e-68,1.0886165645367602e-66,True
LINC02104,14.541472106774027,-3.062012851397978,0.17575783640311288,-17.421771421759185,5.640352649507458e-68,1.1582519735740407e-66,True
KCNJ2,516.7520876732403,-1.7445171215607658,0.10018728476862195,-17.41256014263337,6.625371178039405e-68,1.359689251793453e-66,True
ACADL,278.25769755980724,-4.344667069170398,0.24957139415274915,-17.408513839976635,7.110592658439709e-68,1.4574748283116526e-66,True
CLCN3P1,74.71517875123455,-1.5153546187541087,0.0870748478169334,-17.402897125241008,7.843373822963887e-68,1.6066871844104586e-66,True
ZCCHC24,3290.2168897057354,-1.719933010171803,0.09886683471520406,-17.396460755785743,8.77605813481679e-68,1.7966406552363728e-66,True
TSPAN11,364.0210685337589,-1.9049201733195542,0.1095289993422349,-17.391925286995736,9.498911538682665e-68,1.9434306803897434e-66,True
AC246817.2,22.78467138074591,-2.4369505576910777,0.1401554883150659,-17.38747862811391,1.0265177400577793e-67,2.097631134386451e-66,True
AC015712.7,6.740241415745404,-2.9316941411066075,0.1686132462350028,-17.38709269033699,1.0334520484943197e-67,2.1105077994633842e-66,True
IHO1,76.5208327401185,-2.1244826719179377,0.12222209948459448,-17.382148407503987,1.126529577545458e-67,2.2991820612951946e-66,True
MIR497HG,25.746759419159286,-2.1483357674721004,0.12363795585454754,-17.376021405590734,1.2535426674564548e-67,2.555280832335288e-66,True
ECM2,3426.806085678864,-2.506950717863548,0.14427874172416144,-17.375745642808894,1.259583443207088e-67,2.56602616050783e-66,True
AC007368.1,4.158742399940947,-4.625393450576558,0.26620882975565135,-17.37505647285302,1.2748073575651489e-67,2.595454857597079e-66,True
KLF2,2694.6615978421264,-1.8668965425066337,0.10745935521293606,-17.37304805902925,1.320227680265874e-67,2.6846507871455265e-66,True
ACTG1P25,55.564225392437905,2.3446286322757843,0.13496659836539923,17.371917649788426,1.3464976212530854e-67,2.736401533892087e-66,True
MAFF,1621.5598253149583,-1.7957416301154772,0.10341030913671671,-17.365208992281058,1.513478044439971e-67,3.0720011749256604e-66,True
KCNH1,116.82282426220215,3.054363336411651,0.1759252829140197,17.361707685326934,1.6086663349346288e-67,3.2632246717600326e-66,True
MRGPRX2,6.275359258016596,-4.667870965006294,0.2689000543144428,-17.359129870415874,1.6825406409673353e-67,3.4110059474540834e-66,True
ANGPTL4,1899.158336211695,-2.8167140411677245,0.1622755981498568,-17.357594569249844,1.728135567795707e-67,3.501311849964704e-66,True
SLC51B,26.117496413471162,-1.7823177671051418,0.1026920228878853,-17.35595148467373,1.7782963762103646e-67,3.600753239237368e-66,True
PKDCC,1007.6642153996341,-2.510683863646233,0.14466032725985223,-17.355718123990627,1.785537233831812e-67,3.613220947272882e-66,True
AL035447.1,4.016293230369676,-3.884884219520935,0.22387129175299894,-17.353204107149185,1.865432006737703e-67,3.7726071554090754e-66,True
AC013643.2,8.773315143242453,-2.464634067601418,0.14204983999113563,-17.350488164965334,1.955752001750678e-67,3.952871121598991e-66,True
H2BC20P,568.4260219675062,2.0002953337478733,0.11529979389317624,17.3486462222224,2.0194741525708807e-67,4.07919100630444e-66,True
AP001189.1,34.68561562147048,-2.1960143703566293,0.1265900351948572,-17.34745050806214,2.0619434048249625e-67,4.1624546372583335e-66,True
C1QTNF1,2733.241451012652,-2.2103794984451937,0.12743062998072865,-17.345747241298813,2.1239814546195258e-67,4.2850972492502464e-66,True
CERS6,5760.572612356061,1.6762263710359988,0.09665011763084438,17.343241913458957,2.218629177474538e-67,4.4733412599515335e-66,True
AC025614.2,4.020117665223715,-3.7709258190686565,0.21749756121974015,-17.337784377539982,2.4396111430252332e-67,4.915927009592055e-66,True
PDLIM3,2559.064383712263,-2.199037682717947,0.1269248036915887,-17.325515728677683,3.0197614149943796e-67,6.073945924526391e-66,True
LINC02595,3.7222434711840098,-3.2411912759246597,0.1871737013968447,-17.316488650575454,3.5326687750018256e-67,7.101324350665213e-66,True
RNU6-813P,42.81808809911534,4.4018352968028625,0.2542327093105595,17.314197330233277,3.676128169277009e-67,7.380806641614628e-66,True
TCEAL2,79.06356569047801,-3.4091152728817096,0.1969813992939251,-17.306787773371486,4.180991324453157e-67,8.38435836916346e-66,True
SEC1P,22.29220352420311,-1.8162572689181815,0.1050136445002479,-17.295440774021454,5.0912106590094377e-67,1.0197404460498844e-65,True
C12orf54,14.230038912517859,-2.5030504180012247,0.1447302052238288,-17.294595928543018,5.16639833423961e-67,1.0341789798832937e-65,True
AC073359.1,2.8734196735368047,-4.65090747807483,0.26894828221536293,-17.29294360895219,5.316661394288969e-67,1.0636193211646241e-65,True
SLIT2,1676.7392322979376,-1.7461623670188455,0.100990643895863,-17.290337992293715,5.562516597022656e-67,1.112136486775231e-65,True
SEL1L2,18.90216566470867,-4.331528040245087,0.2506362662869181,-17.282128019280865,6.413736084437726e-67,1.2807885310174474e-65,True
FEZ1,463.7935502670461,-1.8044004645164433,0.10445500640803376,-17.27442778058807,7.329677670615397e-67,1.4619462956779478e-65,True
LHCGR,25.20315642928646,-5.331870685226755,0.3087916087200974,-17.26688982037657,8.352414524040884e-67,1.6649412550044201e-65,True
EGFR-AS1,3.034340619598881,-3.438390050125967,0.19921028519868603,-17.260103044863502,9.394314540371322e-67,1.8692780167472748e-65,True
LINC01070,11.470637794782165,-5.390802341482209,0.312440860676087,-17.253832708747236,1.047166051622725e-66,2.0799249943755963e-65,True
C7,2194.8313739460114,-3.4827228780508035,0.20189843957108095,-17.24987516223307,1.1214140272729674e-66,2.222105549347961e-65,True
PCLAF,401.1882387424806,2.4224525364984686,0.14051490761194033,17.23982584957142,1.3343819100282397e-66,2.642535767074333e-65,True
EMX2OS,264.0155343366315,-2.554825569028125,0.14822425961204788,-17.236217443183406,1.420313931761932e-66,2.8110415020966567e-65,True
FOXA1,17412.638791224887,2.100077690244363,0.12184988387718172,17.23495848679783,1.4515752408042381e-66,2.8712089386465325e-65,True
ZNF454,60.87949691243384,-1.7108600382520986,0.09927271860857695,-17.23393961837451,1.4773762379097582e-66,2.9187808150505055e-65,True
NOS1,21.069340863128105,-3.06652471088884,0.17796340454842743,-17.231209521249504,1.548786438916638e-66,3.0570463606260098e-65,True
SOCS3,6808.998115630978,-2.4225153132202077,0.14064315439137573,-17.224551907296792,1.7376821779189256e-66,3.4269641012074656e-65,True
FOXC2,91.94383877907131,-2.2854513677257446,0.1327035272597327,-17.222235270751824,1.8086597472899674e-66,3.5648341555776075e-65,True
LINC00052,148.97708410786595,6.833757492606669,0.3968864041777631,17.21842174655564,1.9318463914292458e-66,3.8053836566907215e-65,True
CAT,9900.467469695024,-1.767159315333838,0.10264428716662549,-17.216343589245803,2.0024602606862e-66,3.942151548620075e-65,True
IL17D,120.59372949838212,-1.9357130436857302,0.11250007954645887,-17.206325999852684,2.380643452521872e-66,4.675622997535449e-65,True
DAAM2-AS1,34.13628170557412,-2.489489678233087,0.14471640221335016,-17.202539865266427,2.5414320282917335e-66,4.98554215950006e-65,True
ADD3-AS1,19.78601739112297,-2.3969209923619785,0.13933559494811254,-17.202503016221897,2.543048954998137e-66,4.98578128161275e-65,True
CCN3,672.2943725886169,-2.287658102773698,0.13298639601363033,-17.20219640014326,2.556543011464462e-66,5.009292179161478e-65,True
DNM1P47,6.67114015916385,-2.7339089926846856,0.158967481002057,-17.19791353207207,2.7526631838954567e-66,5.384080030482674e-65,True
ETV5,1497.8831052549517,-1.5822411295295922,0.09201169691968361,-17.196086829163903,2.840807093011191e-66,5.553228355500012e-65,True
TRARG1,5868.221177097286,-5.186563999533573,0.30165340582075134,-17.19378564754391,2.955860498764491e-66,5.774750543251143e-65,True
B3GNT5,455.5606839945501,-2.0989071392495764,0.12208953332467849,-17.19154035643541,3.072593734656268e-66,5.999293235190391e-65,True
KCNC4,1130.6530185403165,-1.8533279075579774,0.10783021639735765,-17.187463491016352,3.296419727872512e-66,6.4287895616854045e-65,True
CXCR2,54.257509433647584,-2.384600433567279,0.13877696450880814,-17.182970113285112,3.5619791993306167e-66,6.942632631120791e-65,True
SQLE,6885.1883936632585,2.1628457146139635,0.12588708241189414,17.18083915502368,3.6952694105867477e-66,7.194018655788526e-65,True
RIIAD1,53.54974604444508,3.185274247233144,0.18545656554757398,17.175311307142945,4.064663267028047e-66,7.903933253184742e-65,True
JPH4,61.932202516405354,-1.8614343729356904,0.10838237367173768,-17.17469649237888,4.10795733743505e-66,7.983465573783303e-65,True
PM20D1,20.90347711319735,-2.3305013901151406,0.13570767770642558,-17.172951667161236,4.233343678402964e-66,8.222351679153201e-65,True
CXCL5,44.200165528304986,-3.7605334943504527,0.21908746931833603,-17.164530249269365,4.894267031280557e-66,9.489471582917168e-65,True
MLXIPL,736.1100814792693,-3.446933222078189,0.2009171899693042,-17.155989602506416,5.669600290853675e-66,1.0979994198587642e-64,True
VWCE,82.75597794778999,-2.0449308588896646,0.1191970656472242,-17.155882552862877,5.680057493405597e-66,1.0993861714891657e-64,True
SYNGR3,175.26003553511137,2.8042042740993924,0.16350559892275174,17.150509172620072,6.230416364476136e-66,1.2052097177431245e-64,True
CRIM1,10902.49675762941,-1.782501268875068,0.10394216630542119,-17.14897170449006,6.397449480327744e-66,1.2368031461997099e-64,True
TMEM200C,140.90108080195503,-2.078803378213105,0.1212762100168832,-17.141064829810475,7.329600362312753e-66,1.4145534865900926e-64,True
CH25H,195.06212157888896,-2.265518729982171,0.13223526738389335,-17.132484962616847,8.494760512126926e-66,1.6375246723637045e-64,True
AL356123.2,2.3261558641384066,-3.501709969621411,0.20439346789616486,-17.132200973273452,8.536332202573996e-66,1.6445877679008678e-64,True
ARID5A,2820.7372079324473,-1.7726418368740542,0.10347210693653226,-17.131591202268236,8.626279664354757e-66,1.6609572778670136e-64,True
GPR182,22.120002715334437,-2.672377376429668,0.15601209221895465,-17.129296443759813,8.973327900080036e-66,1.7267831052496775e-64,True
CHL1-AS2,10.346044219809716,-3.634628884242781,0.21226994543504477,-17.122673098132907,1.0055020641725071e-65,1.9327082615613222e-64,True
HMGB3,4255.292107147843,1.9463910400851356,0.11367624470529694,17.122232047083447,1.0131501573407633e-65,1.946287131172645e-64,True
ALPL,1638.4149679696245,-2.168615682175376,0.1266572415166957,-17.121924149038996,1.018523633737002e-65,1.9554832850601774e-64,True
PTTG1,1332.0525014592854,2.2623119172525596,0.13214170400191552,17.120347692956685,1.0464843817956854e-65,2.0080096460589365e-64,True
PHEX-AS1,3.7714909251597573,-4.7632925980701915,0.27823793961959714,-17.119493497480953,1.0619529910615358e-65,2.0365192811334765e-64,True
SBK2,64.37912765931021,4.871113155005749,0.2845544270834835,17.118388228683738,1.0823069407683888e-65,2.0743594349244253e-64,True
AC013652.1,125.69873521083338,3.0854780776132684,0.1803009667309753,17.112931414378213,1.188638430752881e-65,2.276846813737957e-64,True
COX6C,30420.25659993832,2.737221138634994,0.15996800872084274,17.111053394505078,1.227591536834085e-65,2.3501119495912686e-64,True
TNNI2,67.3596827648766,-2.1916931651817055,0.1280937409393938,-17.110072272919894,1.2484448379816973e-65,2.3886624728543674e-64,True
KIAA0408,10.605581976581895,-4.426180780360878,0.2587384386594204,-17.10677703434354,1.3211020874465918e-65,2.5262289859091963e-64,True
AL031587.1,4.506385591312313,-3.942847702942612,0.23049271614647324,-17.1061705066507,1.334927616854993e-65,2.5512035011173157e-64,True
ESR2,71.87545623715567,-2.1839157903529482,0.12769589658569547,-17.102474306113226,1.422353254274515e-65,2.7167273010767926e-64,True
PCAT19,477.64139277896237,-1.6129499734106394,0.09432196261038585,-17.100470863538167,1.4721013974192086e-65,2.806924499858959e-64,True
NLRP1,1088.535817202812,-1.583565804706307,0.09260551450561334,-17.10012425459089,1.4808824366042252e-65,2.8220541930465316e-64,True
WTIP,766.7333661900119,-1.54864830859238,0.09057770511380268,-17.09745578833824,1.5502569743921325e-65,2.9508858355595454e-64,True
LRRC4B,47.33875582334286,-2.032420479679236,0.1189641295888875,-17.08431345400341,1.9421558465394404e-65,3.690538765028136e-64,True
RECK,1558.2883833539674,-1.876698433214436,0.10986027566111917,-17.082593520913782,2.0002676848119867e-65,3.796637849789126e-64,True
H2BC19P,187.18543932283876,1.971427931484014,0.11551041613220596,17.067100937699344,2.6083444747035967e-65,4.9311609913203085e-64,True
AFAP1L1,1175.422348220513,-1.6813984923045648,0.0985859788442309,-17.055148328559277,3.2005943156392034e-65,6.04740055706809e-64,True
AC093512.2,163.85561004220176,1.536791155712984,0.09013938225259924,17.049053558037553,3.5523883847092228e-65,6.700712683352255e-64,True
FOXP2,266.19466286024334,-2.3225669639174553,0.136234843154159,-17.048259535846583,3.600970642758335e-65,6.788511586509199e-64,True
BPI,19.270095174258334,-3.034391825167404,0.17800585290141455,-17.04658456847455,3.7056359720951823e-65,6.981878758949279e-64,True
AL138878.2,32.54812814079887,4.091105283328123,0.24001404240826862,17.045274694257568,3.789595343594401e-65,7.136036991164861e-64,True
OR10A3,3.710374243064469,-4.316082560114065,0.25326526673306365,-17.04174684428057,4.025269167472729e-65,7.575547486797294e-64,True
SLC9A9,623.1485559666435,-1.7541303554159073,0.1030262752949138,-17.02604845603406,5.264108852698214e-65,9.901453250345895e-64,True
RARB,548.3343337182399,-1.7087982576050778,0.10038093473616291,-17.02313553959636,5.532683865490793e-65,1.0394899956633941e-63,True
HSD3BP2,24.35988330020677,-8.069311245650136,0.4740558474383718,-17.021857844922295,5.654756951771197e-65,1.0618270809944686e-63,True
AC011008.2,38.15868259420819,-2.70046291089274,0.15865437395730447,-17.021042934621278,5.7340130027955345e-65,1.0761035432201929e-63,True
ACSL4,3040.3934196497553,-1.5650470027934047,0.0919677204410564,-17.01735125419868,6.107151808496248e-65,1.1454859710997827e-63,True
AL592293.1,20.55770255216306,-2.0233846201748382,0.1189506928199289,-17.01028024475568,6.8907376809155814e-65,1.2910068029261445e-63,True
MYMX,101.47311096375451,-3.232481223359566,0.1900712100070111,-17.006685143112048,7.326773951339739e-65,1.3711592845299044e-63,True
AC022706.1,57.34563057595788,-1.7443743789283617,0.10257419514061636,-17.00597676186533,7.415879948389404e-65,1.38705653616847e-63,True
ID1,1005.7919211554557,-1.9922662939998141,0.11717242533371677,-17.00285957490147,7.820994030077693e-65,1.462008575723436e-63,True
C9orf116,442.78322186234635,1.7744196453912586,0.10436811325001641,17.001549516762772,7.997764498073454e-65,1.494215396337544e-63,True
BMPR1B,11487.21415170274,4.268544697275581,0.25107574851581654,17.001023485972734,8.069858880701586e-65,1.5068405588606785e-63,True
AC023296.1,3.2115359913905195,-3.0544100840188593,0.17970839444637804,-16.996479732783122,8.72017762390769e-65,1.6255405454426918e-63,True
AC108134.3,64.74453627003145,-1.7968255068501664,0.10572505078633523,-16.995267379738188,8.902351480505733e-65,1.658572734767518e-63,True
NECAB3,2652.3377526654463,1.5537285650808181,0.09143256837311536,16.993163297572565,9.227569126761075e-65,1.718203254094668e-63,True
CCDC80,22680.9802340956,-2.3344947272679235,0.13741652348781339,-16.9884571957968,9.998461411666269e-65,1.8607069733128258e-63,True
KCNIP2-AS1,17.623963234837998,-2.9330066576514824,0.17266093744017305,-16.987088690328513,1.0234446022818245e-64,1.903561296235168e-63,True
JAM3,939.4623776131663,-1.5087130310207504,0.08884925602956517,-16.980592730216177,1.1432558750490506e-64,2.1252196308255733e-63,True
ZC3H12B,126.66596514834565,-1.5362450411516073,0.09049177032396817,-16.976627108207968,1.2231664464962907e-64,2.2725001573373147e-63,True
LRP1,39413.83434758362,-1.8972609714208633,0.11179777586225377,-16.970471521351925,1.3583697725050283e-64,2.5208833357412455e-63,True
AL356311.1,46.37804965496895,3.2841484461075536,0.1935523230790128,16.96775525017534,1.4226722597099805e-64,2.6387484532295963e-63,True
AL122014.1,7.633245297989952,-5.042569466913551,0.2972048345807739,-16.966646838118944,1.449775195664335e-64,2.6875237910066654e-63,True
ADGRL2,2708.536823160021,-1.7560369358452008,0.10352704205200972,-16.96210865334109,1.5662146745344083e-64,2.900149538092614e-63,True
DOK5,197.37098155568046,-1.741573138773187,0.10269650879740105,-16.95844541520832,1.6669668530458145e-64,3.084998755950325e-63,True
AC002480.1,12.033383220737045,-2.362133963229885,0.13933789374696948,-16.95255970726384,1.8425410204184563e-64,3.408036632830566e-63,True
GABRE,1216.9155969786611,-3.3557545132877196,0.1980688022764272,-16.942367877826555,2.1912420517653787e-64,4.0462752593756155e-63,True
B4GALT1-AS1,77.14308225476661,-1.8616967898675445,0.10988595438955368,-16.94208145353768,2.2019382270288073e-64,4.063776310635511e-63,True
PDE1B,567.1444620367326,-2.0073787918105257,0.11856078300290906,-16.93122077104764,2.6483013466806836e-64,4.876764307589957e-63,True
BIN1,1541.836723370124,-1.7666376715709582,0.10443962940484218,-16.91539582855941,3.464808944308578e-64,6.376816417425318e-63,True
RP1L1,19.95191463780418,-2.2165615894230473,0.13114535817936052,-16.901563426984385,4.3813409136714545e-64,8.054759544103051e-63,True
TLN2,3755.744859404458,-1.8149511161111485,0.1074080234646487,-16.89772381584235,4.676119124327984e-64,8.587218980022794e-63,True
TP53INP1,7275.19469861861,1.5155749913760956,0.08969245515861733,16.897463545800647,4.696801537541892e-64,8.620453190725622e-63,True
RBPMS-AS1,70.30040930226272,-2.0613092791479484,0.1220370897669952,-16.89084263713266,5.254714132833446e-64,9.639134302302671e-63,True
MYBL2,3531.0177402345603,2.7862347115607715,0.16497276563438487,16.889058632475535,5.4160255424103084e-64,9.92957865936456e-63,True
RPSAP70,14.21459629685116,-2.2083755466542043,0.1307602008584442,-16.88874391562693,5.444990325388159e-64,9.977196833042293e-63,True
KRT17P3,13.085119338907797,-4.326161229059617,0.2562208761300763,-16.884499399117438,5.8510500744149334e-64,1.0715357986362635e-62,True
AC010307.4,10.6761492243555,4.2571694714661135,0.2521824603959246,16.881306752191996,6.176242610559308e-64,1.1298492310452133e-62,True
AC068057.1,3.1784295442374897,-4.361011054927089,0.2584098724729035,-16.87633298679167,6.719098721388233e-64,1.2278094425182256e-62,True
KRT16P6,7.696847051457227,-3.439741708597835,0.20382868071007093,-16.875651142984026,6.79713324514456e-64,1.2413888093774697e-62,True
GATA6-AS1,13.51628929948322,-2.0461019346562717,0.12125522398584866,-16.87434048115788,6.949679109627716e-64,1.2685541796769279e-62,True
SLCO1C1,40.88353767339772,-2.2405707987875476,0.13278788273595463,-16.873307658974174,7.072287183332962e-64,1.2902281470293816e-62,True
H2BC6,137.07709613132323,2.7005198776812165,0.1600654545253266,16.87134732281613,7.310961160603322e-64,1.33304124518841e-62,True
NTF4,47.769155123319514,-3.5428873679304043,0.21007566085017093,-16.864816007682318,8.165598566098189e-64,1.4880576315891175e-62,True
AC009090.4,15.152991293492208,-1.8703593638309663,0.11091770644970947,-16.8625859990983,8.479636248412517e-64,1.5444423224921303e-62,True
CCL24,35.37336003248178,-3.7694663156267754,0.22361396094210664,-16.857025830344668,9.3160472833909e-64,1.6958562273679213e-62,True
SLC10A6,67.47077575475986,-2.2862625672559456,0.13571096476692582,-16.84655747000578,1.1120229828820539e-63,2.020972994884666e-62,True
TP53AIP1,106.04820583312915,-2.9963204827099275,0.17789611477857653,-16.843091185208756,1.1791268112440882e-63,2.1417592607940685e-62,True
SLC39A6,83215.17044547893,2.410297169719554,0.14318244449231335,16.833747868084128,1.3807846184817739e-63,2.5066840632416263e-62,True
TAFA3,21.60310187896181,-2.2736323916350494,0.13507795078995816,-16.83200239815952,1.4221021351087358e-63,2.580287492042504e-62,True
BTN1A1,42.538440917862985,-4.085900199408425,0.24297068325801474,-16.816432931826338,1.8496551902138627e-63,3.3505785409256983e-62,True
DEPDC1,647.9122871114822,2.364451241883418,0.14070356911620072,16.804486600696848,2.2626309260709588e-63,4.091999932404577e-62,True
NUAK2,606.9066411367792,1.7645659789199255,0.10501463279519259,16.803048603343825,2.318167531219635e-63,4.190166341389898e-62,True
SNX25P1,35.158421388437944,1.7716186923676875,0.10545718293776644,16.799412263962854,2.4647414613440177e-63,4.4526903030531764e-62,True
CLCA4-AS1,60.14254962791822,-1.560847479713653,0.09295186468930985,-16.791997502478957,2.7928468604751e-63,5.042698968596866e-62,True
TFR2,208.56125976455692,2.7840355833615664,0.16585410839261164,16.78605136974459,3.0871332880571106e-63,5.56501664991441e-62,True
KCNF1,477.61102415880333,3.7562927991291244,0.22386163807707232,16.77952878123713,3.445593233660625e-63,6.20783839812794e-62,True
OR10A6,4.912108006830476,-4.451862681020341,0.2653371547297275,-16.778135295658117,3.527394942591344e-63,6.351786929831465e-62,True
H1-9P,10.009706835659433,-3.3387034855374664,0.1990557128930362,-16.772708690513895,3.8648174117698715e-63,6.944385553077233e-62,True
CFL2,1765.8143507380657,-1.5958703591123276,0.09517316016520397,-16.768071548135794,4.1785140866385926e-63,7.49996050997365e-62,True
HSD52,24.573863760690273,-1.9507329752746598,0.11635103169064638,-16.76592761516082,4.3320028945145617e-63,7.771272970907268e-62,True
AC010207.1,18.60911892740226,-2.138056912274581,0.12761606076058052,-16.753823143669766,5.310131540134855e-63,9.505505997421217e-62,True
GDF5,29.15773493228636,-2.919064233305641,0.17427657933444143,-16.74960711561752,5.700148475467033e-63,1.019818945860247e-61,True
MRAP,9.080672253487277,-3.335532982716625,0.1991818991381232,-16.746165174394644,6.039622666592165e-63,1.0799752080867674e-61,True
SLC30A8,2575.7362478217265,5.763989505986259,0.3442634345614882,16.742961718627612,6.373647923683947e-63,1.1384830455647345e-61,True
AC007255.1,80.87593455840974,2.1157098567319967,0.12645014313257893,16.731573443248244,7.717235711690515e-63,1.3770042469190315e-61,True
AC005674.1,135.10785825924228,-1.6094700012127119,0.09619905772624683,-16.730621268586354,7.84160607112606e-63,1.3984477051656843e-61,True
TLCD3B,124.36525615964473,3.0589091107429054,0.18288325848757447,16.726020391586225,8.4712808542197e-63,1.5091279124325468e-61,True
MME-AS1,2.9346273410411587,-4.266380640391868,0.25524867250614297,-16.71460461871429,1.0259816547430076e-62,1.8257984100333278e-61,True
AC063919.1,5.4691989850618,-4.480151124019611,0.26806258768480445,-16.71307869820125,1.052580233099693e-62,1.8721332369942218e-61,True
NR3C1,5853.077081751371,-1.5710357636269143,0.09400431697952767,-16.712378900312157,1.0650072690498008e-62,1.8932264080779214e-61,True
AC108734.4,19.4333641238128,-2.9665915645100456,0.17751974821169014,-16.711332651128036,1.0838597955042846e-62,1.9257133894657638e-61,True
BOK-AS1,11.989164721820336,-3.707687467964626,0.2218679842330945,-16.711232496119536,1.0856818517950055e-62,1.9279235396971052e-61,True
LURAP1,50.499352710994465,-1.6404318549491543,0.09816693849993272,-16.710634761725597,1.0966196924766699e-62,1.9463102780417492e-61,True
CRB2,80.91632732794977,-2.626596150029312,0.15724913713878957,-16.70340580445318,1.2379247896767116e-62,2.1947662844725495e-61,True
AL118505.1,12.511708589819637,-3.602082393985119,0.21575805804589984,-16.69500748481348,1.4250131895096723e-62,2.5251203430902265e-61,True
GPLD1,335.1209313758055,-2.5490523219767023,0.15268551128633645,-16.694788526439655,1.4302504660422799e-62,2.5330548482232604e-61,True
ABCC9,1566.255465997659,-2.2751118644419734,0.13629584398432568,-16.69245222696311,1.4873408206063193e-62,2.6327669334607293e-61,True
AL357146.1,2.3012591413208874,-3.5507442224143486,0.21275127119313333,-16.68964985497558,1.5588230597767462e-62,2.7578350249599318e-61,True
KLHL30,114.95063704899322,-3.138516361699524,0.188061759838153,-16.68875354777361,1.5824006082387492e-62,2.79806351453627e-61,True
AC083967.1,30.686433112806714,4.110582436480581,0.24634849022630265,16.686046797788308,1.6557809076552272e-62,2.9262658976891455e-61,True
ZMYND10,562.6187048317256,2.3173103637085144,0.1388815960795738,16.685510745288273,1.6707106888082563e-62,2.951087434378524e-61,True
AP001596.1,15.013732788296895,-2.389062855656369,0.14318719968067023,-16.684891254136904,1.6881315043498583e-62,2.9802804414273913e-61,True
CLEC4GP1,9.022111916139858,-4.187699128336443,0.2510212754010232,-16.68264620855868,1.7527951362943154e-62,3.089533033841391e-61,True
AK5,1741.0405531358583,-3.221506964774218,0.1931371073537699,-16.67989651969558,1.8353656270332845e-62,3.233365467297042e-61,True
AC079193.2,3.222271101958534,-2.414383649112805,0.1447531208629967,-16.679320174367273,1.8531580497201148e-62,3.2629866842722336e-61,True
DPYS,13.531739566926127,-2.6288145744873628,0.15765135107767864,-16.67486232447245,1.996709593332345e-62,3.513892782482341e-61,True
AC068831.6,89.46249357612703,1.6022383238018518,0.09608996480973185,16.674356442677972,2.0136844982989033e-62,3.541896853046947e-61,True
AL132996.1,3.9861854878169036,-2.7661967672856727,0.16599610374742854,-16.66422708026076,2.385523970058383e-62,4.187096783025106e-61,True
ST8SIA1,420.458917997363,-1.9922066698907843,0.1195552674567851,-16.663478843463714,2.4155617921054323e-62,4.23758917437791e-61,True
PPP1R16B,1154.556926955194,-2.171997282060593,0.13038224982106728,-16.658688472099364,2.617003988607024e-62,4.5837429630281326e-61,True
PANTR1,6.5268896606609506,-4.3185251661398905,0.2592408336940478,-16.65835240769419,2.6317486582247296e-62,4.607148871555722e-61,True
EDN1,994.5155374337102,-2.166217722222942,0.1300714987935781,-16.65405367290111,2.8278179506306593e-62,4.942604865596533e-61,True
LINC02739,10.856704080356844,-1.8340285446678317,0.11019019157673217,-16.644208694298214,3.3334334594034283e-62,5.823293474994496e-61,True
DLGAP2,22.952017489127382,-2.495187595743488,0.14996830169152897,-16.63809996912454,3.6914656009003044e-62,6.445376247352054e-61,True
GNG13,52.99752272294433,4.674650006971015,0.28098169460389655,16.636848936230265,3.7693864722954527e-62,6.577983750108899e-61,True
LIF,510.84421833218914,-2.2049760865817136,0.13256091646514007,-16.633681671637827,3.974065310121313e-62,6.931543097658768e-61,True
CNIH2,241.08489595148802,2.524227539934259,0.1518052648829356,16.628063209011973,4.364767603743351e-62,7.609024297816885e-61,True
CLGN,1167.5255630268264,2.8223209147006916,0.1697480759472355,16.626526686393674,4.478127161592372e-62,7.80256336008067e-61,True
TK1,4141.96379814566,2.359660327008164,0.14197552379390987,16.620191029782156,4.977377909175753e-62,8.667915190240324e-61,True
INTS6L,622.6345988505515,-1.5164684154748185,0.09128163958070114,-16.61307161484676,5.6048333504312205e-62,9.750421878118454e-61,True
OGN,2953.0337363673734,-3.0803448352251834,0.18543725168582262,-16.61125155394377,5.777512643278452e-62,1.0045582332674302e-60,True
BCAS4,1882.5071710633727,1.9305014624751702,0.11629616684795219,16.599871816920196,6.983991424522929e-62,1.2127676870678805e-60,True
TBX18-AS1,4.730028620478877,-2.748288874067807,0.16556101247434862,-16.599855442981276,6.985896809071932e-62,1.2127676870678805e-60,True
LINC02515,31.965622808362372,-3.3161110825089186,0.19977556143526598,-16.599182896469802,7.064608149841644e-62,1.2257940540534287e-60,True
BMS1P10,51.18033990101927,-2.999994563752985,0.18079957866739754,-16.592928954064842,7.840185337222707e-62,1.358951875317256e-60,True
NPAS4,10.11341416539463,-2.86143267003827,0.17250372864548538,-16.587656930702273,8.559505290855011e-62,1.4828620360764872e-60,True
HES6,538.4218465929331,2.364540059904317,0.1425517897499355,16.58723516591546,8.619815159204784e-62,1.4925348688697835e-60,True
KLF14,26.09866529331743,-3.007118854953007,0.18148784383304536,-16.569257705873245,1.1625198811406899e-61,2.0108337923319953e-60,True
VWC2,7.239692973378457,-3.032872649706622,0.18305230183357354,-16.5683393179291,1.180409694915386e-61,2.0407196949576572e-60,True
AL133215.2,32.809239360423305,1.706456213458978,0.10300609347944166,16.56655597563807,1.2159356688889005e-61,2.1010486332526397e-60,True
HBEGF,825.8688546921944,-1.7028660775677584,0.10279891975083093,-16.56501918206192,1.247403485387437e-61,2.1543065165295513e-60,True
YBX3,7665.569837853314,-1.5300050228529545,0.09239202318613111,-16.559925522689735,1.357619925071335e-61,2.343440314762109e-60,True
RHOXF1,17.981455382016378,-2.861420364222742,0.17282105821243732,-16.557127897604875,1.4222290643303127e-61,2.4536946231945987e-60,True
IGF2BP2,310.8056847207297,-2.1909346263116687,0.1323770463000897,-16.5507139458677,1.582152299396554e-61,2.728190125779508e-60,True
AC000082.1,4.031884943755569,-3.589195977850868,0.21689324467456683,-16.54821469076276,1.6492116768935943e-61,2.8423545329573374e-60,True
CDH13,856.2703800402886,-1.7157391661712955,0.10375859194503592,-16.535875574334845,2.0241547229648787e-61,3.4831545849409566e-60,True
RIMS4,2212.522425025739,3.7870511304835803,0.2290860672450521,16.53112813025243,2.1900604487733467e-61,3.7667006656081663e-60,True
MID1,1099.992214746464,-2.230945102556166,0.13496294032812017,-16.530057044788155,2.2293256740382396e-61,3.8322567991495494e-60,True
BHLHE41,3230.1682470398127,-1.7438758007956787,0.10551035488827948,-16.528006209837848,2.3064756107109744e-61,3.962836431818665e-60,True
ACO1,5618.426586811916,-1.929178776204126,0.11672354944051745,-16.527759697602747,2.3159264059644627e-61,3.977025216916008e-60,True
AL078582.2,257.9771748465497,2.502988874744357,0.15168369511223295,16.501370650895332,3.586582616589973e-61,6.140089511327465e-60,True
TONSL,1383.3350780110356,1.7980971960888392,0.10897938415268651,16.49942519008549,3.704016467019883e-61,6.33787815077712e-60,True
CDC7,754.3331942518755,1.5909310665876968,0.09642449226686331,16.49924235208472,3.715248137317951e-61,6.35383641699571e-60,True
AP000851.2,49.28244215453894,-3.7012658873925073,0.22433649530391334,-16.49872385845346,3.747283906633389e-61,6.405339364547252e-60,True
ABCC13,232.5437010375043,5.280393581717844,0.3200751550633213,16.49735538102984,3.83316498980212e-61,6.548781723612238e-60,True
MIR222HG,86.49284316822101,-2.164618805856251,0.13123545236187023,-16.494161957757456,4.041277936237176e-61,6.893737999773584e-60,True
BICDL1,1370.3909559176468,2.1473369712539787,0.1302687019265964,16.48390549300136,4.788885345314646e-61,8.164853649330171e-60,True
AC104237.2,4.71935967382273,-4.028307446331396,0.24442039306262237,-16.48106115801603,5.019602279037929e-61,8.553843454452522e-60,True
CELSR3,990.3485355912989,2.463612292264803,0.14965726327441486,16.461695465775485,6.913648855727272e-61,1.1745454696365196e-59,True
AC018450.1,3.436144347066995,-2.539857092553957,0.154292406999693,-16.461322640193245,6.956366675421703e-61,1.1812009789136374e-59,True
C5AR2,1133.092164409015,1.6815459411176283,0.1021909386320731,16.454941735801487,7.7296220744814e-61,1.3118329087118586e-59,True
KLK6,195.75580713604737,-4.03578062251691,0.2452901622172718,-16.45308799193552,7.969911149091955e-61,1.3512382659434041e-59,True
LINC02881,2.7382567619599656,-2.92760876626179,0.17797064663825987,-16.4499529645043,8.393339639518877e-61,1.4223042867800559e-59,True
MALL,105.21424148266128,-1.8163674109022792,0.11042765651651323,-16.448482818528902,8.599550795794255e-61,1.4565079709951378e-59,True
AL133467.1,31.539433271113605,-2.7982481353993442,0.17023492403624338,-16.437567974028592,1.0296891053217532e-60,1.7422172487760096e-59,True
AC009269.4,5.13580751373024,-2.9734701022678274,0.1809153378071641,-16.435699362522932,1.0619251703851671e-60,1.7949387991472343e-59,True
KCNIP1,29.629682881605305,-2.258126487123784,0.1373974917043049,-16.434990618195055,1.0744132799481694e-60,1.8151270756328016e-59,True
LRTM2,110.04899592012589,4.9506398990205,0.301519042155509,16.41899584062488,1.3986219517202742e-60,2.3592637060151455e-59,True
PTENP1-AS,8.075946651461036,-3.480494575576074,0.21200302296519172,-16.417193146097397,1.4407924000394943e-60,2.429170159197022e-59,True
AC004825.2,24.140429575254316,-1.5136880248133755,0.09224485994871963,-16.409456588202946,1.6366374478775568e-60,2.7579697953142315e-59,True
PRRT1B,93.92526781634999,2.7875969429746457,0.16989888508622242,16.407388085919226,1.693351672972686e-60,2.8521002495942476e-59,True
PNPLA2,8965.317148425245,-1.8589456977382135,0.11331119965656301,-16.40566601865064,1.7420579480753765e-60,2.931175101431167e-59,True
NEURL1,923.2850491663693,3.284492654646541,0.20022095916486138,16.404339827091228,1.7805166416632554e-60,2.9928653973199545e-59,True
FAM240A,2.6496869209753102,-4.544000403165355,0.27707756742515627,-16.39974121828817,1.9205439625482253e-60,3.2233628891303856e-59,True
AL049838.1,56.9005309271879,-1.7413441481431646,0.10620440951771111,-16.39615677024004,2.0372544648400767e-60,3.4175251080458614e-59,True
AC008055.2,3.7065568987006423,-4.265003793876901,0.26024431634939627,-16.3884608651773,2.31225388086384e-60,3.876890632123087e-59,True
AL445437.1,21.881512006658287,-2.5486815330129873,0.15557154015574037,-16.382697828031652,2.5421307282546125e-60,4.260176766661461e-59,True
Z99289.1,16.172856576150025,-2.6752112445484313,0.16332718043835182,-16.379461381556116,2.6810679729370105e-60,4.4907551898280445e-59,True
AC239800.2,11.598306353221487,-3.22703845107232,0.19704708273024282,-16.376991764400447,2.792152614033865e-60,4.674472767340128e-59,True
NR4A3,778.8188713375393,-2.7489698396375006,0.16788550370972177,-16.37407506243385,2.929266950531531e-60,4.901561642412244e-59,True
AL392048.1,4.576895019547447,-2.155347833098995,0.13163409666617448,-16.373780712492604,2.9434716380381504e-60,4.92286036393853e-59,True
ABCC5,5464.959017061443,1.6141417905871223,0.09860347669251256,16.370029178795598,3.1306383609380766e-60,5.233266100196687e-59,True
NMB,524.9399069628588,-2.2094155982510704,0.1349712329111349,-16.369529644185366,3.1564390092192417e-60,5.2737517293813875e-59,True
AKAP6,389.53156702629155,-1.8359531714564885,0.11218627375082328,-16.36522107449901,3.3879525975852136e-60,5.65772815107007e-59,True
MEIS1-AS2,5.016889642299686,-2.9692956353959503,0.18147605653012028,-16.36191402970631,3.577060780783414e-60,5.97054053945676e-59,True
C20orf204,128.3929393475501,2.2041323287420247,0.1347163939829626,16.36127767063583,3.614638715901021e-60,6.030244449053684e-59,True
CYSRT1,115.96826924176393,1.9266463778886398,0.11776336917657894,16.360319778213476,3.671946540567536e-60,6.122787259069338e-59,True
TEX26-AS1,10.509129023584752,-2.985383842466145,0.18250748897818597,-16.35759638785546,3.839871867381756e-60,6.399594547991713e-59,True
AC091181.2,20.456153425323876,2.411846434073444,0.14745425945806218,16.35657350922035,3.904900825762947e-60,6.501474669913556e-59,True
Z84486.1,2.324810886114319,-3.282356699258248,0.20070232742744748,-16.35435294314062,4.049873092912844e-60,6.739481924927667e-59,True
NRG1,775.9403981011116,-3.1026965536768185,0.1897617852296693,-16.350481472977368,4.3155658628614967e-60,7.170892175414452e-59,True
CAPN9,420.91448472447115,2.8504352101215105,0.1744669023282457,16.33797111132656,5.298694344326313e-60,8.791351128802895e-59,True
SRP14P4,16.117696710463232,-1.5455457828157766,0.09459912850083083,-16.337843776247922,5.309770241629099e-60,8.805346981008894e-59,True
NWD2,73.7677892284748,-4.4319250401418,0.2713036932681896,-16.335660553506532,5.503300425895487e-60,9.121747808309574e-59,True
GALNT17,152.22850361780343,-2.169149512098153,0.13278852707059924,-16.33536842339466,5.529723625146441e-60,9.160991215847425e-59,True
TRBV26OR9-2,3.5721394824387507,-4.148649333520467,0.2540321155746191,-16.331200187567813,5.920803335764754e-60,9.804015414320694e-59,True
AOC2,133.3233549509196,-2.3170730703604394,0.14196499922057274,-16.321438967927406,6.947837137167247e-60,1.1498929066371737e-58,True
PRDM5,312.1710526414635,-1.5327267042051451,0.0939369255931675,-16.31655171304252,7.526896248914747e-60,1.2444941150473867e-58,True
CCDC141,60.71185327881213,-2.414322697651278,0.14799006389055314,-16.314086460809985,7.836984535757999e-60,1.295121889410275e-58,True
STX11,661.4149842514547,-2.1227798828836857,0.13012079646659008,-16.313917071885832,7.858752292928638e-60,1.2980759297517443e-58,True
GPR137C,260.9301712336149,1.6234288511966468,0.09952657675245276,16.311510997052743,8.174535305409131e-60,1.3495672173271739e-58,True
MATN2,5302.480402970027,-2.520876011778683,0.15456002519169038,-16.31001294579378,8.377498786855285e-60,1.3817072554047327e-58,True
NRAD1,28.154460411708065,-3.314968747477602,0.20325669193382234,-16.309272358702522,8.479683952840696e-60,1.397869402586675e-58,True
GPRIN1,502.6109037035014,2.188196247623349,0.13419961414456644,16.305533079000632,9.014899657264989e-60,1.4846315489882969e-58,True
SLC29A4,1057.9487396920147,-2.69089219532303,0.16504687594290446,-16.303805691262554,9.27338411418596e-60,1.5264466279565033e-58,True
ELANE,13.942583936146574,-3.1279197918123707,0.19187333743344875,-16.30200336144822,9.550956635411543e-60,1.5713608921279702e-58,True
LINC00636,3.6549911741003425,-3.4528689210006753,0.21181224207663338,-16.301555033591647,9.621278547931186e-60,1.5821499915924906e-58,True
DNM1P46,11.196743318702874,-2.238704790867514,0.1373685569740056,-16.297068559081875,1.0354040491336406e-59,1.7018082619299052e-58,True
ARHGAP39,1500.4590483851136,1.5874033900577798,0.09741309400300355,16.295585375912967,1.0608309483128646e-59,1.742741443117523e-58,True
AL031291.1,3.62277312010828,-4.835506387368033,0.2967437757243273,-16.29522430778862,1.0671144816952197e-59,1.7522009281168824e-58,True
PRR15,2103.656943596851,2.3020307218777836,0.1412957185809378,16.292289285178313,1.1195867050261657e-59,1.8374555622990944e-58,True
GIMAP7,1016.8335527597305,-1.717255242077614,0.10541652096244504,-16.290190820178854,1.1586714620352232e-59,1.9006657445849808e-58,True
KRT6B,1332.1548464038658,-4.01462181875001,0.24660384255010928,-16.279640159841584,1.3767611561581991e-59,2.2539817278703867e-58,True
CTSG,200.8951158813711,-2.9548974654061047,0.18152479838848687,-16.278202711908463,1.4094809292840385e-59,2.3052859004753996e-58,True
ATF3,4629.401376647423,-2.4601505685393286,0.1511368935324459,-16.277630901624864,1.4227110609689205e-59,2.325783880992771e-58,True
C1QTNF7,339.295611797031,-2.8610647840514885,0.17584510131045827,-16.27036956235828,1.6018803712803118e-59,2.6148364415970197e-58,True
VLDLR,1399.4254481263692,-2.2247213402018935,0.1367597596693471,-16.2673680151292,1.6823524421588758e-59,2.744851839215086e-58,True
AL158055.1,21.52226174605849,-2.6272384940333606,0.16159734323055616,-16.25793123519979,1.9625332016003948e-59,3.200416613211324e-58,True
STX19,66.55503356118088,-2.6483918402575783,0.1630622916304616,-16.241595857486608,2.5617225638888094e-59,4.175507614033622e-58,True
ARHGEF7-AS2,3.7562499478264515,-3.710097655299541,0.22844518807713313,-16.240646986387166,2.6016572053189084e-59,4.2385279013278106e-58,True
AC011484.1,34.283364878828095,-1.5399740813303975,0.09483528527665123,-16.238408276392292,2.6983515537215393e-59,4.391767982677384e-58,True
CHRNA9,49.18878638053057,4.715097095735286,0.2904549766258762,16.23348702958744,2.923679738165294e-59,4.7561851506377754e-58,True
ITIH3,68.55659431815694,-1.773383666266226,0.10941004399003863,-16.208600249056527,4.3844112071004605e-59,7.111659987626132e-58,True
KRT16,747.0792410325085,-3.642088263811424,0.22470384995941858,-16.20839279998622,4.3992342125598e-59,7.132234407129644e-58,True
AC053545.1,37.63135325881531,-3.4076783280247267,0.2102677383710879,-16.20637742348632,4.545864353251135e-59,7.366376594585622e-58,True
PRR26,40.98926064554955,-2.3450250936261594,0.14470827828384947,-16.205189650769842,4.634551446959313e-59,7.506442749132887e-58,True
FBXO43,74.55882400656394,2.1923395074403027,0.13528880115261147,16.204885317649108,4.657551069985048e-59,7.540032554996668e-58,True
AC090136.3,11.40136513663886,-2.124423392790195,0.1311145870976479,-16.202799702278938,4.818258330014363e-59,7.788855891791032e-58,True
FGF7,950.8173057069472,-2.105013072510819,0.12992176493254792,-16.202158842313207,4.868740591484924e-59,7.866648739604201e-58,True
GLB1L3,50.80012764991708,-3.1787864873501555,0.19622428056605773,-16.19976120274288,5.062326943804008e-59,8.175474152490066e-58,True
AC104117.3,13.887579311218278,-1.614854950014712,0.09968448727026352,-16.199661494335967,5.070541437113055e-59,8.184776688590672e-58,True
HCN2,121.5172520066246,3.234660830868477,0.19970090907174995,16.197526821003628,5.249627421555713e-59,8.469754469349853e-58,True
DNAJC1,5427.228211289209,1.7065564649933254,0.10542543868338335,16.187330935548715,6.195840704494675e-59,9.981888485709802e-58,True
AL390726.5,59.386023117098375,3.0165380144300005,0.18647399338141618,16.176722339291235,7.361012306238056e-59,1.1853326866283578e-57,True
AC015909.3,6.63308784021855,-4.2351157556672785,0.26180973657175444,-16.176311130073483,7.41032743909855e-59,1.1926979235834823e-57,True
PCDHB15,141.3312840734036,-1.5391746016145424,0.09517868574994111,-16.17142104334525,8.022630105190678e-59,1.2893816451951996e-57,True
PPBP,8.661782318743473,-4.278202663914778,0.2645967404683329,-16.16876555751372,8.375985599742632e-59,1.3455238139008526e-57,True
LINC01668,3.52063213039598,-3.1523521913409187,0.19497216467262188,-16.168216609966038,8.450943607318255e-59,1.3562585099155747e-57,True
AC010198.2,27.658684446586,-1.671775124963681,0.10345058219789288,-16.16013259128601,9.635420622459308e-59,1.5433796461978647e-57,True
FSIP1,1191.9152863189775,2.8775356840593718,0.17807214380677752,16.159381375122475,9.75355237378786e-59,1.561551695215801e-57,True
TMEFF2,6.878720820489298,-3.4297127285250055,0.2122562950059765,-16.158355767156092,9.917166269723905e-59,1.586984539006826e-57,True
RIBC2,237.15799566790133,1.8812084408904346,0.11643008576315733,16.15740835849935,1.007073338912452e-58,1.6107860325847175e-57,True
NDUFB4P11,10.889832884880454,-3.0756963941918154,0.19038658888073878,-16.155005519419653,1.047092015279418e-58,1.6739919279747514e-57,True
SLC22A11,14.201978005851874,-2.718964688859244,0.16841839402328132,-16.144107682699953,1.2494229098767515e-58,1.9955461983467331e-57,True
FEZF2,5.653137168892262,-5.635252513132461,0.34926464567783455,-16.134620503016727,1.4570039221771295e-58,2.322639761027012e-57,True
AC119424.1,6.689944660207576,-3.355801913055987,0.20802684798915358,-16.131580829561756,1.5305215635163162e-58,2.4386700249262126e-57,True
ROR1,423.41284318027147,-1.7872189947220958,0.1108366727935117,-16.12479831519012,1.7081580239214936e-58,2.7204088796445986e-57,True
AC110048.2,9.16313149887703,-2.094406734563168,0.1299600774800693,-16.115770128594807,1.9768573099019853e-58,3.1438347366676827e-57,True
DIO3OS,123.91003098721197,-2.6522261782988297,0.16461368767005533,-16.111820443600287,2.107275838136863e-58,3.3496445150632144e-57,True
CPED1,2148.0475111955056,-2.605843356934682,0.1617516133219163,-16.110153731502887,2.1648500284846564e-58,3.439522801330863e-57,True
LINC01058,10.756315147680278,-2.0845047072857668,0.12947488603644694,-16.09968366142437,2.5641214689783667e-58,4.0680726388658204e-57,True
AC008514.1,9.846618022925755,-2.0778001254794907,0.12907037043545824,-16.0981960342207,2.6265122862341106e-58,4.1650764733058185e-57,True
RAB19,288.17701332478134,1.972076830176954,0.1225071100796102,16.097652037464737,2.649703096633213e-58,4.199854970039022e-57,True
PKHD1L1,197.3949635846082,-3.0053234550561676,0.1867104022787628,-16.09617578012152,2.7136695543635368e-58,4.2992002835377476e-57,True
CDH23,738.9677425312635,-2.1803635265731094,0.135511899012923,-16.08983080050543,3.0065789104906987e-58,4.760987658402389e-57,True
NPNT,9962.578865056796,2.1314376571480436,0.13262665977484092,16.070959343819457,4.077271439393988e-58,6.444214465988158e-57,True
KRT16P2,2.4589042597752417,-4.2538731409066095,0.2647111478362428,-16.069867762192498,4.149706367061746e-58,6.555592498111899e-57,True
PRDM8,121.02009658153409,-1.6046734727620715,0.09986232258862088,-16.068857915236602,4.217858519413381e-58,6.656950485750915e-57,True
FAT1,10779.508619083199,-1.7879820250552332,0.11133595641150554,-16.059340420508228,4.917525629316176e-58,7.753880010026721e-57,True
OXER1,94.71877486402586,-2.0624693323585235,0.12848945925840932,-16.051661702541875,5.565382791093244e-58,8.762981619460273e-57,True
AL137026.3,9.272587309002539,-2.347577073000415,0.14625196605040022,-16.051593263309783,5.5715236376944576e-58,8.768510702853821e-57,True
AC110792.4,2.895355431996631,-2.82298887401389,0.1760082375868235,-16.03895881646637,6.828965312249025e-58,1.0730205489191413e-56,True
PLPP7,179.07274256095377,-1.7195568782622206,0.10721227100109186,-16.038806586278806,6.845723779238042e-58,1.0748495400838487e-56,True
LINC00163,2.395743957537601,-3.35575061368081,0.2093260957240422,-16.03121006997975,7.736152910435995e-58,1.2135134685330667e-56,True
PDE11A,206.20964600094885,-2.506526368517493,0.15649852327304684,-16.0162940588538,9.833930910592155e-58,1.5418512549945357e-56,True
RPL6P4,51.25842171100958,4.5751201003791415,0.28567936753916673,16.014877587377363,1.0060452368013348e-57,1.5766260621281821e-56,True
UBE2S,1195.327201563409,1.8309341540136899,0.11434754371876413,16.012011228827458,1.053486287834469e-57,1.6501979433063274e-56,True
H4C14,42.98988202468605,2.6426878967961773,0.16510771661288592,16.00584122298938,1.1633020619842551e-57,1.821359646249433e-56,True
DMRT3,73.68489205915938,-2.0858855617916494,0.130385748647505,-15.99780331384832,1.3236356396910286e-57,2.0714183457558006e-56,True
LNCOG,32.11161724193077,-2.107650037177508,0.13175493657606172,-15.996744349391177,1.3463381916740817e-57,2.10595836557875e-56,True
AL590807.1,3.5569944002600753,-3.5294032749594035,0.22074951230151574,-15.988272128722478,1.5425026785065247e-57,2.407155911348343e-56,True
SULT1C3,88.49099881673537,-9.536458744859253,0.5965891656276292,-15.984968038812138,1.626503364074354e-57,2.533501199837255e-56,True
CDT1,884.9623975076286,1.9832698875945514,0.12413173027300388,15.977138828506865,1.8441854800249924e-57,2.8698899474266666e-56,True
LINC02872,6.391747740755058,-2.0773879253617644,0.13002655460943133,-15.976643629462773,1.8588912419780407e-57,2.8914255610413097e-56,True
HSH2D,1230.9135887133557,2.4546666618256396,0.15364808244160533,15.975901702245762,1.8811428995050654e-57,2.9246729396547515e-56,True
LINC02607,440.6212386768838,-4.04867916851198,0.2534457200733768,-15.974541481070661,1.922629620882747e-57,2.9877807654621964e-56,True
AGAP1-IT1,30.262160613005474,2.3803661520490955,0.14902655252055222,15.972765334693088,1.9781770269264935e-57,3.0726700359092514e-56,True
CYP11A1,80.90301019063354,-2.1756517309720462,0.13621651305991242,-15.97201163132934,2.0022288700692158e-57,3.1085814985073683e-56,True
CERKL,45.8390475782428,3.2259458444478666,0.20204384131017558,15.966563610792909,2.1849665807399178e-57,3.3859874768167065e-56,True
ADGRG3,48.24168509244355,-2.374580018826336,0.14876128206878728,-15.962352473732578,2.3375206257682408e-57,3.619033210248146e-56,True
PKD1L2,249.06800091781162,-2.83275054195813,0.17757216861936467,-15.95267188536893,2.729643150862455e-57,4.224170275550442e-56,True
TBX18,498.58678152592364,-1.7369171484741606,0.10888864392327809,-15.951315820389645,2.7895692148751235e-57,4.3149046264782235e-56,True
IGHA2,13946.962437519742,-3.4579419113447805,0.21678657648550603,-15.950904190675164,2.808017555879166e-57,4.34142686467382e-56,True
SPINK4,39.034807987246126,4.1477193168654125,0.2600487670472375,15.94977497475304,2.8592528958437505e-57,4.418592438530734e-56,True
ADHFE1,142.6387930582399,-1.9768779379246024,0.12396403529322288,-15.947189305741151,2.980105603844222e-57,4.603221018184389e-56,True
AC006449.5,95.68237239847943,2.0041847987374037,0.12569762065688306,15.944492729963674,3.111564672313069e-57,4.80183110860567e-56,True
PLAC1,88.29028387354379,3.5192672606245385,0.22075165158371457,15.942201271775962,3.227803382611903e-57,4.97890911224442e-56,True
LINC02518,6.255048027839454,-3.1421879188002597,0.19719355930333918,-15.934536249060198,3.648977530555671e-57,5.625970950832227e-56,True
BMP3,90.56425869893893,-4.481677917919308,0.2813723578960528,-15.927925370604356,4.055922612637944e-57,6.250506617784787e-56,True
TRMT9B,576.1563491225465,-2.5423871742557482,0.15963570086923912,-15.926181677482468,4.170595007954933e-57,6.42425740971312e-56,True
FAM234B,7553.946519264598,2.3643848828745964,0.14855596166460006,15.915785919199596,4.9244732712609953e-57,7.571519553862745e-56,True
PIK3R1,12900.435645372763,-1.5703180695551648,0.09868993522352074,-15.911633400088721,5.262247521294904e-57,8.083403619883176e-56,True
AC010425.1,3.490273672423354,-2.6004743751532597,0.16344076795486442,-15.91080614520487,5.33224550120702e-57,8.187157238478495e-56,True
MAMLD1,428.53736325408534,-1.5890502951498133,0.09989328169976221,-15.907479142850065,5.623249522653954e-57,8.629993020293913e-56,True
AC104212.2,12.235575860535825,-3.6993840167890277,0.23262032743640262,-15.903098656760438,6.030656490830456e-57,9.250982673077501e-56,True
AC026469.1,6.490801344517134,-2.504251894734776,0.15749693850438345,-15.90032110157543,6.304080155891206e-57,9.657086316895535e-56,True
AL358976.1,5.158578429261176,-4.29286959218213,0.2700201820952795,-15.898328631847766,6.507792704927002e-57,9.964572034738778e-56,True
DPF3,64.03649234392122,-1.9429684808848577,0.12222335209869686,-15.89686788590029,6.661294668170036e-57,1.0194929595631139e-55,True
AC027307.3,23.55848705577771,-1.6060943521533915,0.10104353867204235,-15.895072295184573,6.854933407797406e-57,1.048166777701218e-55,True
AC147651.1,2.708860787530903,-4.946110531969567,0.31124087394436756,-15.891584126748258,7.247270924775047e-57,1.1071426388929137e-55,True
APCDD1L,588.6522082651674,-2.964559921133323,0.1865646735526533,-15.890253308307313,7.402782907426265e-57,1.1303819010062203e-55,True
MGARP,23.4432987595289,-2.2815064053325846,0.14363233166284556,-15.884351238466728,8.133510081704661e-57,1.2408253783841207e-55,True
LINC02240,19.557368049934535,-3.5776491153924406,0.225251083363656,-15.882938550029143,8.318812069861583e-57,1.2685142373928392e-55,True
C11orf91,3.903593462764319,-2.6050904784110123,0.16406210515999026,-15.878684939892596,8.902534479058376e-57,1.3556649422014511e-55,True
REPS2,4911.118489212975,2.1808648192422297,0.13735345957072245,15.877756745685142,9.035236358396573e-57,1.3752446249026351e-55,True
CCDC87,123.6459970886817,1.9239398108764387,0.12119961715479076,15.874140991875151,9.571228667670151e-57,1.456162887035273e-55,True
AC121247.1,21.499948948777643,-1.9672292325712086,0.12392866078417633,-15.873884379313745,9.610450454964076e-57,1.4614633480282579e-55,True
AC084866.1,24.85312497146738,-5.233347422680729,0.3297195715545752,-15.872116410943793,9.885060461528529e-57,1.5018536734920952e-55,True
NES,6192.318766792777,-1.5403665747331294,0.09705253085246857,-15.871472502604497,9.987005593876737e-57,1.5166514096092683e-55,True
DCHS2,108.57100060052383,-2.7275214787184914,0.17190397842612554,-15.866540749611698,1.0803338282981354e-56,1.6383834852166673e-55,True
LINC01119,42.41820694833991,-1.5165592317368028,0.09559832537385923,-15.8638681776689,1.1273143654493857e-56,1.708078454037781e-55,True
CD302,402.70080788712625,-1.7859096260749412,0.11258588875898864,-15.86264180849536,1.1495482617874777e-56,1.740185428159355e-55,True
AL136419.3,32.274158893600614,1.789512250136753,0.11286561200869785,15.855247832252454,1.293164491329896e-56,1.954929402600213e-55,True
AC004490.1,6.762236200854941,-3.7710298855620965,0.23786237173687666,-15.853831179879133,1.3226553376487323e-56,1.998605929100479e-55,True
PDGFRA,3956.7554565628075,-1.8252438912775473,0.11514729927826492,-15.851382557107689,1.375217149997958e-56,2.0770886202573325e-55,True
ALDH2,9942.76233999635,-2.260973552122765,0.14264511011061998,-15.85034040332263,1.3982142901289412e-56,2.110866833929835e-55,True
FOXJ1,357.52484121838324,3.915948781908589,0.24716083533334862,15.843726926343749,1.5533501421899263e-56,2.3440123932982738e-55,True
BVES-AS1,16.18696396925747,-2.6290545429954175,0.16594711625576378,-15.842725094080107,1.5783010371567048e-56,2.3805862183690164e-55,True
RNU6-242P,1.9842205037191347,-3.5523611433337763,0.2242355653870777,-15.842095062848992,1.5941961795828286e-56,2.403474158811381e-55,True
AC073130.2,8.348861000465336,-2.1106564162579593,0.13330581090484142,-15.833191381016563,1.836645429979472e-56,2.766499026395005e-55,True
NOVA2,407.0359157190121,-1.5462147148344665,0.09766447727455321,-15.831904884800297,1.8745898817106207e-56,2.822379140639616e-55,True
MAL2,14547.600979849209,1.7195601745356177,0.1086284492194961,15.82974061482781,1.94019352373965e-56,2.9198336562812994e-55,True
FDCSP,786.1431592164818,-4.516077780973517,0.285295153387176,-15.829493516998928,1.9478275493631227e-56,2.92867903262898e-55,True
OR7C1,40.269058690725196,-2.4665744183236837,0.1559120983716471,-15.82028876581546,2.2545625597845704e-56,3.386820126407912e-55,True
CFAP92,291.29457062840686,1.7711891835259495,0.11196541363001242,15.819074177484936,2.298476571432175e-56,3.451233461534967e-55,True
PCDHB18P,31.85848495563021,-1.507530902756108,0.09537303349651424,-15.806678759056206,2.7983543070296095e-56,4.19803498808504e-55,True
DMRT2,132.2554497826771,-2.882272063896508,0.18239377943087373,-15.802469102236428,2.9916575399261965e-56,4.481976069137409e-55,True
GHR,4002.75109329052,-2.5421666726208176,0.1608722250756636,-15.802396413831856,2.9951095613161417e-56,4.485132858569017e-55,True
UBE2C,2284.2507019436503,2.6088689270189955,0.1651632320020448,15.795700383162135,3.330732401034146e-56,4.9854845081726996e-55,True
AC104088.3,23.291048907935835,-3.3564897576390527,0.21250400112234796,-15.794948518200243,3.3706830099401026e-56,5.0430196365407126e-55,True
PAPPA2,124.12897143735569,-2.797881699613358,0.1771892055627628,-15.790362007251682,3.6249363178191554e-56,5.418556757640117e-55,True
ZEB2,3658.506654462376,-1.6551869384735916,0.10484867443208847,-15.78643647560535,3.8576618416899217e-56,5.761270253404263e-55,True
CORO2A,3181.5156658078076,1.5738527156249638,0.09969781579947916,15.786230651135147,3.8702666587384174e-56,5.7775077351059754e-55,True
AC025164.1,44.40554126445138,-1.879059257421475,0.11903469775775936,-15.785811135887789,3.896085188518003e-56,5.813447201426707e-55,True
PTGES3P2,12.852204372191297,-2.4305628238557424,0.1540464489472377,-15.778116538656676,4.401264227775817e-56,6.56136614805971e-55,True
LIPE-AS1,94.9781243679071,-2.049775027711207,0.12997175478684864,-15.770926776150725,4.93207148799471e-56,7.34940357699444e-55,True
SPOCK3,25.566861566016087,-3.8711138647270875,0.24550955965594834,-15.767670595605242,5.193000306203062e-56,7.734764055898432e-55,True
DEFB124,3.793914970095936,-2.737787994528814,0.17364105643990124,-15.766939286483709,5.25346791240703e-56,7.821334884413484e-55,True
NR4A1,6279.923411806418,-2.4608108205032058,0.15614100871197092,-15.760182675920818,5.846375494410289e-56,8.696287973375946e-55,True
MOGAT1,7.897639667638224,-3.7269271397580424,0.23650818556884512,-15.758131714528638,6.039205328354224e-56,8.97911094495252e-55,True
NCALD,2504.6986915959187,-1.9571480823935525,0.12423727285516874,-15.753308467058226,6.518014994361771e-56,9.686688148260726e-55,True
JPT1,6390.126705318495,1.7559885926422674,0.11149950800358238,15.748846107785955,6.994596431119512e-56,1.0381076830503096e-54,True
LANCL3,38.02757279401488,-1.9048973953128618,0.12103380246965455,-15.738556968748094,8.229912778448933e-56,1.2198193833266375e-54,True
RECQL4,1444.6351435033237,2.067837523220407,0.1313916313330558,15.737969779664164,8.306628141530854e-56,1.2306430115144933e-54,True
GRM8,40.24669158682234,2.470681012539072,0.157013470475477,15.735471644930952,8.641046556014988e-56,1.2796192788478856e-54,True
TMEM178A,244.3396188378507,-2.326568802511299,0.14788068705741636,-15.732742718513219,9.021701853925194e-56,1.335396072465829e-54,True
LILRB5,580.2127189791628,-2.588006063206325,0.1645089013076121,-15.731708391675788,9.170304390433525e-56,1.3567900670655176e-54,True
GRIK1-AS1,66.99394556246992,-3.196053189079901,0.20329972351266376,-15.720892944946948,1.0877970885653023e-55,1.6065963289001003e-54,True
LINC01224,108.20432048178517,4.189344562127558,0.2665531449052305,15.716732824957006,1.1616127459068317e-55,1.7148571696877792e-54,True
MGLL,10662.36143532391,-2.094685349996645,0.13329564472287012,-15.714582080694575,1.2017099069565294e-55,1.7724822506454354e-54,True
MRAP2,109.9707420505224,-2.715359293711933,0.17286534613878274,-15.707944676962272,1.3343530519748259e-55,1.9655185481585014e-54,True
EVA1C,1041.897230791977,-1.569271076703658,0.09990795668201556,-15.707168165777757,1.3507941855186578e-55,1.9879803747953096e-54,True
DLL1,480.2428885322658,-1.5210490017631346,0.09687455875956996,-15.701222500926999,1.4835534369803295e-55,2.181438429006041e-54,True
SMAD9-IT1,2.941920162130638,-2.5225521032586222,0.16067747201095262,-15.699475923337106,1.524966463647217e-55,2.24134449520366e-54,True
GDF7,25.937789957803027,-2.224546853878452,0.14170238390765275,-15.698725685011668,1.5431069659237062e-55,2.266009432258462e-54,True
HID1-AS1,23.450477238689885,-1.8680093111345206,0.11905233792466564,-15.690656258397597,1.7523453823561646e-55,2.5710059901537937e-54,True
MYBPC1,1773.0830209465846,-4.570159238377064,0.29127444987419515,-15.690216702326516,1.7645218142697598e-55,2.5877325410766147e-54,True
LINC02594,3.561230217352842,-2.490909674255625,0.1587603448640285,-15.689747187113907,1.7776212574247364e-55,2.605797420389342e-54,True
KLK8,45.83441200254709,-4.227251247403807,0.2694357045569583,-15.68927642442493,1.7908527464000333e-55,2.622887494057739e-54,True
LINC00958,68.49099363971865,-3.1440148265358068,0.20039532593964723,-15.689062665476964,1.7968930991553444e-55,2.63057892729287e-54,True
CTBP2P8,8.768896872106664,-1.9072665611446022,0.12158394339842199,-15.686829262434962,1.8612305480634366e-55,2.7235707567954164e-54,True
CLDN16,11.403034712850124,-2.6967272508723723,0.17195052546253065,-15.6831579526636,1.9720123603618543e-55,2.8844140441099773e-54,True
AC084740.1,44.08869940264329,4.236832533173466,0.27024869961688164,15.677531618763814,2.1546608498024042e-55,3.1488073917642587e-54,True
LINC00536,65.33105787150977,3.096664239271843,0.19770239946446705,15.66326077811921,2.6970712911586903e-55,3.9380311072176513e-54,True
LINC00211,3.6096290814869514,-2.35269781573425,0.1503553051841672,-15.647587644828876,3.450534516449796e-55,5.0337653363553914e-54,True
LAMA1,473.8652814848728,-2.1079281219569874,0.13473492124459102,-15.645002071366193,3.593575702884639e-55,5.240146747507644e-54,True
PRRT2,286.28378363844087,1.7500731084428633,0.11194218448576164,15.633723037318981,4.289885498199451e-55,6.252770606619471e-54,True
FAM89A,703.5077453250425,-2.617989615058194,0.16751589632847208,-15.628305566444462,4.670585371154756e-55,6.801718407975543e-54,True
H2BC21,4332.2507326931145,2.0295165273428437,0.12987431694363846,15.626773446081666,4.784229248380612e-55,6.964175521791577e-54,True
LINC00906,6.60782573952944,-3.8220922823662162,0.24476697549853296,-15.615228625436538,5.7339216961448056e-55,8.328421369544125e-54,True
C21orf62,8.560458078812145,-1.790962486569341,0.11470541414694574,-15.613582845139215,5.883796086916351e-55,8.542390757621828e-54,True
ENO2,3084.2233394012683,1.8890092235207852,0.12099312231263401,15.612533897916745,5.981348621714407e-55,8.680243480659433e-54,True
SYT1,1973.6290095619445,3.220600400470249,0.20633395570958354,15.608678607428368,6.353936016232495e-55,9.212930965449455e-54,True
ACE2,23.452009950177803,-3.1363352669214066,0.2009898124303217,-15.604448946927088,6.789340232323941e-55,9.839969900381187e-54,True
LINC02817,3.9497851655256047,-2.6318404709266243,0.16866085748378004,-15.60433469976711,6.801504170632543e-55,9.853317227907241e-54,True
ASTN1,127.26315407343628,-3.0098609930277034,0.19294400224966882,-15.59966082352202,7.318187974445083e-55,1.058803690931753e-53,True
MAS1L,7.4951966825842815,-3.029159490807911,0.19419130341706667,-15.59884215979618,7.412630372924646e-55,1.072002646603053e-53,True
ADAD2,8.556187431979632,-2.542563851005327,0.16307433762068466,-15.591440615993179,8.323511784767507e-55,1.2026897509107956e-53,True
ZNF521,1691.660229262132,-1.6174841647740976,0.10375325280155975,-15.58972004345469,8.550745306379039e-55,1.2349883292439781e-53,True
AC013553.3,7.3362948437120465,-1.7994774794407025,0.11542933701857301,-15.589429220676887,8.589759667112408e-55,1.2400861261408298e-53,True
SPART-AS1,19.18886647979636,-1.8613947937132305,0.11941920078886842,-15.587064570999367,8.913633612214739e-55,1.2862863147284695e-53,True
ENTPD8,218.38576268305673,2.945840384427956,0.1892729330824171,15.56398126479721,1.2789014843557016e-54,1.8407460337409708e-53,True
N4BP3,2171.7597599417572,1.7251634093255312,0.11084529818624275,15.563703987036998,1.2844552171037109e-54,1.8479420636407099e-53,True
AL139317.4,8.646341439311337,-2.5889584504084167,0.16640270444425181,-15.558391668302294,1.3956196934292027e-54,2.0070082430431427e-53,True
PPP1R3G,86.83376276907835,-1.6572654406691618,0.10653902548893869,-15.555477751589025,1.460612609336096e-54,2.0986630723287146e-53,True
LINC02082,9.317202437861535,-4.053303085647933,0.26063262092696704,-15.551787305947883,1.5472685158770573e-54,2.2203036891559375e-53,True
E2F2,541.829245566339,1.8854469020056839,0.1213039809936596,15.54315766523964,1.770409331888048e-54,2.53832247674697e-53,True
FGFR3,1851.272182887448,2.655489054495751,0.17085301740041703,15.5425353025651,1.78768910896304e-54,2.5619958785908217e-53,True
LINC01879,7.046943260648967,4.067371424530561,0.26187482614073515,15.531738901641122,2.115641724766061e-54,3.029391836806499e-53,True
SHC4,224.6514253190129,-2.6186001710264883,0.1686624555937923,-15.525685083900006,2.3250762938396315e-54,3.326425110392873e-53,True
SLC25A34,63.51413668546926,-1.5463714762621965,0.09960612520419439,-15.524863286189545,2.3550547847406047e-54,3.3678697262570507e-53,True
AL136441.1,8.248129060796192,-2.015065188405493,0.12979901270892868,-15.524503201917497,2.368311349267327e-54,3.3853757045313373e-53,True
PYCR3,2005.5386291678542,1.6145027171645439,0.10400874534198618,15.522759281981287,2.4335730941075097e-54,3.475684330423612e-53,True
AC091057.1,232.9947311438419,1.6101138307041005,0.1037935661876737,15.512655454893833,2.848505969237211e-54,4.064819236974401e-53,True
AP001107.5,34.11999575673709,-2.283425730155978,0.1472286598409279,-15.509383381082788,2.997435438541031e-54,4.273684242834752e-53,True
RDH16,252.91065532460402,2.7626933371656435,0.17821037189100272,15.502427315820684,3.3403049657921195e-54,4.7544101709006145e-53,True
KCNE1,35.15547576704662,-2.633950561362679,0.1699583517437409,-15.497623590361044,3.599616695267767e-54,5.121314725703274e-53,True
RAB3A,415.5120464887439,1.5319017678545646,0.09893546955702524,15.483847953757316,4.459800942556198e-54,6.331626293457073e-53,True
HCAR3,38.31411463286863,-2.160964380968264,0.13956498540965756,-15.483571145193057,4.479036194023331e-54,6.356228852531237e-53,True
RMND1,4013.9287388545167,1.7826331411115057,0.11516182552864107,15.479375504239117,4.780912301163505e-54,6.781737317375658e-53,True
FOSL1,207.84444575338017,-2.2133186523169535,0.14298667281735808,-15.47919542924188,4.794312678251264e-54,6.7978543157738695e-53,True
AC055839.2,86.29885851702858,-1.566440986565292,0.10119911014905196,-15.478801980157199,4.823721689945293e-54,6.836646605949238e-53,True
BCAS1,2774.365989516828,2.7344508487546686,0.1766661151305822,15.478071993225797,4.878762479777663e-54,6.911718349112374e-53,True
AC005225.4,85.83300524858822,-1.9707121686015856,0.12736760737326638,-15.472632400372976,5.309086768564798e-54,7.518162829930678e-53,True
NEXN,1037.1980866131746,-1.587412791290569,0.10261289124931917,-15.469915835756174,5.537940624547648e-54,7.835586842937612e-53,True
CACNA1G,106.02276600343014,-2.396496137574739,0.15501059297684863,-15.460208825423074,6.43894530564319e-54,9.102687028312623e-53,True
IQSEC3,166.28129164701957,-2.4171903192481015,0.1563845726629304,-15.456705722872597,6.798772432404219e-54,9.603230065575955e-53,True
LINC02541,44.372493637417406,-1.9925080126391181,0.128937731340528,-15.453257878230005,7.17246727954183e-54,1.0126782866445407e-52,True
MARCHF4,36.453843079315625,3.6531424454775,0.23650715210972148,15.446223984730567,7.999452308313611e-54,1.127530579162936e-52,True
AC113370.1,3.553385645368957,-4.470889073761051,0.2895238497293934,-15.442213406390582,8.512799677504293e-54,1.1983679039471958e-52,True
ANGPTL2,7716.768972045778,-1.8839688180954408,0.12202377716688345,-15.439358310625538,8.898112576055992e-54,1.2515527469375422e-52,True
SOX9-AS1,123.38741366380411,-2.405184802217116,0.1557875113274718,-15.4388807018126,8.9642435412458e-54,1.2597916471007424e-52,True
OR8T1P,5.272200320501472,-2.0629448936463235,0.13366176172823316,-15.434069302788268,9.658360299438183e-54,1.3561964531619536e-52,True
AC015712.6,192.22571836000702,-2.512364889174111,0.16282899799494682,-15.429468461459663,1.037209161528778e-53,1.4558033808006404e-52,True
THSD7A,434.4588801122857,-1.5894782230139215,0.10303571538840786,-15.426478255837369,1.0863882280553093e-53,1.5229071465916986e-52,True
GPR19,82.0409273427667,1.9053983445523586,0.12355190950703256,15.421844568447595,1.167222888384738e-53,1.6355342901152366e-52,True
TNNT1,1876.1710966104067,3.655919413781134,0.2372481048423017,15.409688588287,1.4088913543799212e-53,1.9725070435439123e-52,True
RASL10A,111.68724987368252,-2.1549322900246386,0.13989965546259864,-15.403413846153091,1.5525196218856806e-53,2.1726805233011145e-52,True
AC010896.1,53.20268947164772,-1.654376030896894,0.10740391497246893,-15.403312172754259,1.5549631259526032e-53,2.1742752741045435e-52,True
ACSM2B,5.010728843357273,-3.4941889163663222,0.22685435500419787,-15.4027852641474,1.567687739985116e-53,2.1911491383387945e-52,True
AC126182.3,2.826199255333578,-3.046423855958594,0.19780300887082772,-15.401301898031365,1.6040699858424086e-53,2.2401226950527004e-52,True
LINC01267,4.533050145482849,-2.8650544061632846,0.18604464354909614,-15.399822061564556,1.641203394442979e-53,2.2910210130296736e-52,True
AC009686.2,61.43069933099881,2.1422962154617196,0.13912330416720928,15.398543243962495,1.6739813886658905e-53,2.335799386218359e-52,True
HAND2,72.9923198447285,-1.7964645922184008,0.11671798385612402,-15.391497804081913,1.8666089835471746e-53,2.6024056434914183e-52,True
TSKS,17.051887084026482,-2.3433675292701297,0.15230573245340873,-15.385944386479219,2.0338718506354475e-53,2.83441672991398e-52,True
TRIM50,8.497224048085688,-2.556347237461397,0.16616629859582407,-15.384270210407397,2.087164795562596e-53,2.907471126450168e-52,True
AC124067.4,101.45259530265142,2.391471933421902,0.15549688017012614,15.37954929259956,2.245049774047e-53,3.1247982017818615e-52,True
CYP7B1,1571.6686352689123,-1.599069496833788,0.10398829630405275,-15.377398742626262,2.320861730145599e-53,3.2289702894712384e-52,True
MISP,2259.4995947144707,2.6795132318415553,0.17427080894473793,15.37557120476351,2.3872868899412303e-53,3.3200012715867427e-52,True
AP001037.1,5.005061769223687,-2.1621264651559153,0.14066891163412049,-15.370321985426328,2.588793986548028e-53,3.5972371107245905e-52,True
AC245187.2,2.616762819427695,-3.560523289240086,0.23170582452312175,-15.366567916745588,2.7432094529395843e-53,3.807045028967216e-52,True
PTGIS,2932.0519010101416,-2.294973797611827,0.14935082664294605,-15.366328055876352,2.7533816787490747e-53,3.8179844326238214e-52,True
BEND5,206.18713957421215,-1.5963185781539908,0.10388468182792963,-15.36625564101999,2.756460085699557e-53,3.82066448038215e-52,True
CEBPA,1023.5914630542351,-2.141154148577967,0.13938172907853427,-15.361799302773319,2.952647499244849e-53,4.090894950241648e-52,True
OTC,4.881119583564377,-4.536378119494928,0.29532760693522725,-15.360494626869983,3.0126731427838773e-53,4.172327102936027e-52,True
DMBX1,61.31108482431326,3.037896955312358,0.1979744120087731,15.344896971724486,3.831672296794429e-53,5.304376896048045e-52,True
WHAMMP2,133.43850980957438,-1.60621327976547,0.1047335148006656,-15.336191884923375,4.381560076010652e-53,6.0580699409153914e-52,True
PLCXD3,156.527244733454,-3.115250911987658,0.20315998948080988,-15.33397850604791,4.533482139536676e-53,6.265524072582204e-52,True
AC023794.3,30.497230582010094,-1.5147846468183885,0.09880383782609073,-15.331232876648293,4.729244954360875e-53,6.5333715817307716e-52,True
AC010969.1,25.98303307094287,-4.218436718649232,0.2752343988522676,-15.326706023085011,5.070555676995066e-53,7.001985974000349e-52,True
BRSK2,147.2448716741977,3.0020347295601506,0.19592019523730264,15.322742639797921,5.389457004500395e-53,7.43620197116606e-52,True
AL049767.1,3.2397476212729774,-4.031993852935953,0.2631798064115265,-15.320301006040118,5.59577704159973e-53,7.714492292695717e-52,True
AC022387.2,25.686355431094523,-1.665284636719879,0.10872085663321372,-15.317066920636663,5.88121576853744e-53,8.101307916768075e-52,True
AC025280.2,7.157672372400098,-2.65766041767695,0.17352231648985664,-15.315957459755932,5.982439367870757e-53,8.237339821598756e-52,True
PAFAH1B3,2306.9173466825537,1.772127643378632,0.11581752823085698,15.301031462580363,7.525444029860894e-53,1.0353384197682796e-51,True
SLC47A1P1,2.386701533433544,-3.254806034849041,0.21277866482699967,-15.296674774678989,8.046397966283708e-53,1.105642050999569e-51,True
AC006159.1,2.410224339037933,-4.370276584004525,0.28570251872341473,-15.296598026268502,8.05589000527217e-53,1.1064904274539605e-51,True
RTKN2,544.8246004513928,1.6930908652130527,0.11071768197460997,15.29196452650911,8.650092114024713e-53,1.1876159815175387e-51,True
AC016866.1,12.277502929477015,2.3467939138551515,0.15351305040537805,15.287259992932402,9.298058185304022e-53,1.2755283522077492e-51,True
ALAS2,19.681470534518056,-3.3502977930403453,0.21928731879105318,-15.278119188609624,1.0698405970640915e-52,1.466424746053859e-51,True
MYLKP1,4.0131971567884275,-3.3594758496716564,0.21999213094457984,-15.270890987087041,1.1952867459179967e-52,1.6370274205182454e-51,True
AC105219.3,110.2442490470585,2.0930631503719304,0.1370674033996067,15.270320283735208,1.205793861159431e-52,1.6507397157555775e-51,True
CDIPTOSP,35.029023277479965,2.9228409651483864,0.19143997208613675,15.26766293004514,1.2559419404278922e-52,1.7186872290246114e-51,True
AL118508.3,7.293669522708269,-1.8053809330597506,0.11828605842247797,-15.262837879097619,1.3523649524600068e-52,1.8498777194252983e-51,True
PMP2,8.853228585152706,-4.881166023156653,0.3198588081903982,-15.260377073158807,1.4043444589239682e-52,1.919405055764566e-51,True
AC113368.1,8.16121008075699,-3.0213085083235494,0.19798485282492065,-15.260301306965705,1.4059760478700019e-52,1.9208478173050675e-51,True
LMO7DN,5.79999078837688,-3.1200036041031427,0.20446604436217658,-15.25927502454437,1.4282633966873593e-52,1.9504977893581796e-51,True
NXPE4,6.02811616474119,-2.8096685675498447,0.18420004432921697,-15.253354459177988,1.56388031615205e-52,2.133954364294383e-51,True
ADGRG4,6.671427530493228,-4.449418382507423,0.2917332885958394,-15.251664984559048,1.6048795027795366e-52,2.189003130396514e-51,True
LRCH2,175.06475317271253,-1.5260114338407165,0.10013522739079797,-15.239506351597408,1.933254702520954e-52,2.6325892639596286e-51,True
AL034417.2,11.652934250771665,-1.783091582814635,0.11703046251543171,-15.236132067576127,2.0357030953771535e-52,2.770965817458477e-51,True
AC092802.1,29.013004380338227,-1.722514141017848,0.11306299409851682,-15.234994922538004,2.0714323281350125e-52,2.818449478211935e-51,True
PYCR1,3764.2315887530153,1.8300945177904622,0.1201905304995986,15.226611532400002,2.3548378146173366e-52,3.200142065186372e-51,True
AC105020.1,51.576504539310896,-1.5357790028643912,0.10086983265992144,-15.225354918969757,2.4005235642363894e-52,3.260898588338873e-51,True
AL359697.1,25.664702392804255,2.3957276903279476,0.15742232358801023,15.218474964184898,2.666751617709939e-52,3.613713925193367e-51,True
CERS3-AS1,14.480517227461613,-3.460201093428712,0.22739495449062,-15.216701272813179,2.740027573524572e-52,3.709995109600932e-51,True
KIAA1755,519.5269700102521,-1.542650944868117,0.10143359535022331,-15.208481366964785,3.1066650381845706e-52,4.201304637405403e-51,True
RN7SL417P,5.388114083813077,-3.0223164850598088,0.1987378940476439,-15.207550122953714,3.151167139750615e-52,4.2580337497383817e-51,True
AC116025.2,5.744798495884523,3.298257403035974,0.21689835397763413,15.206465805526951,3.2037846963654597e-52,4.3273801473913207e-51,True
KRT15,15958.29113510847,-3.4892154878898873,0.22952487827770698,-15.20190540594999,3.434829860255792e-52,4.6375765590959676e-51,True
C2CD4B,167.7656871535923,-2.9397636279470545,0.19338709935990636,-15.201446413320246,3.458983598135742e-52,4.6682980175730004e-51,True
AC245041.2,15.283747134258151,-3.0164485965029413,0.19857824361689372,-15.190226993458623,4.104957221062814e-52,5.531160337988839e-51,True
AC100805.1,8.562545738394611,-2.9422480487526763,0.19370455196835587,-15.189359356063715,4.1596510531103756e-52,5.602593011719625e-51,True
HOXA-AS3,21.915026133430075,-2.4453706794051366,0.1610004740202059,-15.188593041646808,4.208560833834974e-52,5.665485151787543e-51,True
OR7E12P,7.666962013481619,-2.373886201926824,0.1563417565106613,-15.18395504124289,4.5170426746912316e-52,6.076597666731661e-51,True
AC079777.1,4.806841330563238,-2.02965157113399,0.13369082073948757,-15.181682331721245,4.676322726813054e-52,6.288334137761634e-51,True
CPNE8-AS1,9.396559111312804,-1.8844460562288445,0.12413464376936298,-15.180661892662835,4.749646367253137e-52,6.384359399497173e-51,True
ADH1C,344.2143302658406,-3.5347316166747875,0.2328471655313006,-15.180479472916879,4.762874234016236e-52,6.399560549162267e-51,True
UTS2B,19.970574217820104,-2.4160980637878766,0.15921839688129308,-15.174741808192074,5.198188396345465e-52,6.981650617387229e-51,True
SLC27A6,341.7157168710344,-3.0839624407232877,0.20325884113374396,-15.172586951305334,5.37171948901561e-52,7.21181454264016e-51,True
IRX6,238.0727142788553,-3.1520280667672913,0.20777693519027804,-15.17025007554725,5.566433265023522e-52,7.470220642063157e-51,True
AC138965.2,5.830183080006519,3.6436180423722115,0.240195908193309,15.169359335796171,5.6424878018683544e-52,7.569240776528872e-51,True
CREB3L4,5981.1259125379975,1.5298689246763255,0.10086563747584996,15.167394595038559,5.8139222132490835e-52,7.796079287882738e-51,True
KLHL4,91.23124003640304,-2.0362058799396827,0.13425221866041726,-15.167018469096146,5.847327915167353e-52,7.837722614265115e-51,True
MATN4,20.30342932361105,-2.7253701974790925,0.17969560472589016,-15.166593538202589,5.885298216236681e-52,7.885448381409285e-51,True
LGALS7B,25.61786343223264,-3.407522454001015,0.22473978104864087,-15.162079619822709,6.3041183323565085e-52,8.44321454882559e-51,True
CSMD3,66.27215654445514,5.092592275223753,0.3360181188306018,15.155707355742633,6.9463502590855e-52,9.295900272481636e-51,True
KCNT2,65.7060517590927,-1.7764231353106252,0.11722253982713172,-15.154279526192823,7.098961732748781e-52,9.492513024275827e-51,True
AP000941.1,22.2877698296669,-1.8020538496538476,0.11892608868557042,-15.152721068783412,7.269347907834463e-52,9.708669738821446e-51,True
CST5,113.60990344053776,6.0863243505677325,0.40176089642460555,15.149120794810582,7.678695363915708e-52,1.0251273486438148e-50,True
AC124947.2,39.094901182952526,2.1926306815305074,0.14475163668791766,15.147536371265952,7.866039757160335e-52,1.0497181266968388e-50,True
OPRPN,480.5123868392129,-6.271973558359673,0.41428865946799454,-15.139138895121528,8.937629017363177e-52,1.1917672534987788e-50,True
NKAIN1,3132.6646080563714,3.283003159889331,0.21686922573436124,15.138169783068324,9.070295692057392e-52,1.208973984949728e-50,True
ZNF552,3363.4866264481266,1.522262631508319,0.10061627424402272,15.129387794825364,1.0365519471429575e-51,1.3799589175756683e-50,True
RIPPLY3,250.30210105809948,2.7603089105279244,0.18254397509903408,15.121336702733664,1.1714041880410744e-51,1.5576219404697682e-50,True
CBLN2,609.8654556776305,4.8393909504261075,0.32019897438689965,15.113699098169576,1.3154327535107075e-51,1.745657258130863e-50,True
AC007671.1,7.176619343532152,-2.1066432352754987,0.13939891428648318,-15.11233603258967,1.3429318264966607e-51,1.7814412681717238e-50,True
AC018647.1,19.947816916088826,-1.517472572651058,0.10045898990836448,-15.10539349475093,1.492129926458088e-51,1.9777838202484408e-50,True
AC110619.1,489.74861683772036,2.9832348622191835,0.1975395639462786,15.101961362183031,1.571872669244544e-51,2.0818261178171683e-50,True
GAS7,3499.6023583877227,-1.5575762104757305,0.10315640913651723,-15.09917050732576,1.6398330053135917e-51,2.17097224669325e-50,True
PMAIP1,905.5032180550116,1.8584552751092729,0.12310064525034561,15.09703926677066,1.6936941845978232e-51,2.239611711425567e-50,True
FGF14-AS2,135.3103855458333,-2.255615593133947,0.1494264461032814,-15.09515652654215,1.742738502298085e-51,2.3026381265110473e-50,True
HSD11B1,457.8648424373307,-2.784649340597116,0.18453277129687645,-15.090269988506106,1.87672799268031e-51,2.4786931416988378e-50,True
P2RY14,201.08853176092208,-1.8750380185830102,0.12434799177417172,-15.07895698057002,2.22760206943641e-51,2.9374575489772575e-50,True
SH3RF2,482.2142091998667,-2.3184545748132206,0.15375980017095184,-15.078418235686682,2.2458513927563246e-51,2.9603517034399474e-50,True
RN7SL336P,3.7047726560017193,-2.002618826778646,0.13285087846719812,-15.074185808060786,2.3944950228935064e-51,3.1531025139274356e-50,True
EGR3,3121.641176841831,-2.413937186852463,0.16015444435017331,-15.072558221203375,2.4542289334032522e-51,3.229916365432717e-50,True
AL096828.3,27.234057330275444,2.0448523565244865,0.1356860637131311,15.070467080891481,2.533158218053315e-51,3.3324770577459564e-50,True
ISLR2,138.33194046539936,-1.5165784810207323,0.10064411304142772,-15.068725186106708,2.600831174451916e-51,3.420154528264864e-50,True
TPM1-AS,11.172876333283586,-2.0728960213682193,0.13759933262175972,-15.064724383993234,2.763155462396773e-51,3.629321446060259e-50,True
LINC02224,172.6701462151853,4.735614472312768,0.3143680447533328,15.063918077387742,2.7970711013690037e-51,3.6724222110060984e-50,True
OSTN,3.08998449875918,-4.214859340881732,0.2798220728011076,-15.062640694101272,2.851652028411398e-51,3.742610920719863e-50,True
AC055854.1,373.0402887797081,3.0850290823852355,0.20483355022594738,15.061151256628653,2.916634176956429e-51,3.824885299540698e-50,True
OAS3,9729.319213500408,1.723656562445112,0.1144620317084353,15.058762602045327,3.0239397927634796e-51,3.9640474901285094e-50,True
FHOD3,831.0833041832602,-1.804486575700287,0.11987565246710785,-15.052986478596328,3.299943910570033e-51,4.324158329021612e-50,True
LRFN5,111.27349664099306,-2.407752117778705,0.15997481841986683,-15.050819507476266,3.409839536634825e-51,4.466407647574029e-50,True
AC103760.1,317.98312573034576,1.8100500148788186,0.12028282810543352,15.04828281300657,3.5431226620419246e-51,4.635527565964541e-50,True
HNRNPA1P66,4.8666654373013944,-3.990729310175657,0.26523283101263395,-15.046136237883632,3.6599512759664505e-51,4.786498631459025e-50,True
RHOU,2295.5567562694077,-1.592524702285213,0.10587845109018185,-15.041065352654073,3.95139377804409e-51,5.165622544256854e-50,True
TRPM1,6.92122162047177,-3.362116812412104,0.22368187947269358,-15.030796505903561,4.614239584257732e-51,6.029791375212034e-50,True
CDC42EP5,238.10888362381482,-1.6645015785732926,0.11074718945044376,-15.02974104203439,4.6883495102564654e-51,6.124236890620559e-50,True
AC138904.1,55.32611303466391,2.2377704499263285,0.14904380302895573,15.014179754200057,5.929077120135208e-51,7.726799252809264e-50,True
LINC02871,2.5733168574075425,-2.3710360101318715,0.15796547397049085,-15.009836963327817,6.330310964247846e-51,8.243246401667372e-50,True
NAT8L,2160.0197529436487,-2.8929259080636935,0.19274275571014074,-15.009258830014168,6.385725209317054e-51,8.312160421760906e-50,True
LINC02487,13.539338288109395,-2.094915104310239,0.13973690674493466,-14.991852568585484,8.300526446693995e-51,1.0800400174436132e-49,True
CDC20,1812.587124336073,2.1311018159844504,0.14217409184092275,14.989382301586424,8.615071075767723e-51,1.1205304419102097e-49,True
IGF2,224.29661991930325,-2.274998284730514,0.15177752242331272,-14.989032950382901,8.660502287462639e-51,1.1260003539360295e-49,True
OPRD1,182.63940313481118,3.235515716202515,0.21587268260743986,14.988073882818398,8.786453728885054e-51,1.1414859579454136e-49,True
LINC00639,91.70472630487934,-2.0523310457261554,0.13700233877441084,-14.980262848691513,9.882542131680275e-51,1.2818860270299707e-49,True
AC145098.2,27.24465981872763,-1.7573266805492918,0.11732356958640362,-14.978462441471306,1.0153900083928589e-50,1.316060683633636e-49,True
AFF2,137.19883108578318,-2.127323826074642,0.1420265243477272,-14.978355879964088,1.0170191609594574e-50,1.3176601398149552e-49,True
VSTM4,1556.546714053775,-1.6089728249247377,0.10743795436776614,-14.975832650509462,1.0563648270913623e-50,1.3675741699794194e-49,True
IQCJ-SCHIP1,41.58495656780986,-1.5127944767925723,0.10102250729824139,-14.97482607837538,1.0724802791552662e-50,1.3878985188028318e-49,True
LINC02391,16.80251783350288,-2.0364155093611886,0.13600516208968963,-14.973075125032823,1.1010987947643582e-50,1.4243810592163143e-49,True
FADS3,1713.571665224325,-1.608491458026294,0.10742778071133018,-14.972770054223506,1.106162241160566e-50,1.430376292379361e-49,True
LINC02005,6.190200563739054,-3.0307272673774235,0.20242632855809695,-14.972001364474663,1.119023685671755e-50,1.4464465462584247e-49,True
TPM2,8017.887915554236,-1.6847350670381478,0.11253402972366822,-14.970894325699362,1.1378082987805643e-50,1.4701576503693545e-49,True
FOLR2,1111.6992065520633,-2.2110837452371315,0.1476993374011895,-14.970166990196153,1.1503205305432907e-50,1.4857490074782417e-49,True
NR2F2-AS1,66.06508687713743,-1.5047397189015534,0.10052421359162461,-14.96892803374215,1.1719503018042909e-50,1.5130999076605226e-49,True
ZNF695,81.91309656451159,2.4302808984827236,0.16236354897603245,14.96814348916131,1.185855819464604e-50,1.5304607478066982e-49,True
COL4A2-AS1,5.431941477977026,-2.26752281471304,0.15150089797631502,-14.967058578540799,1.2053561513845464e-50,1.5550260074477074e-49,True
AC009123.1,2.825373350222693,-3.2915557342907578,0.21994565050602932,-14.965314052439183,1.2373840739338456e-50,1.5957278221817407e-49,True
AL445307.1,3.210160360922347,-2.8760189623506727,0.19220995794503007,-14.962903031138389,1.2830474007759654e-50,1.6533364670972823e-49,True
ATP8B4,367.7738961554346,-1.601612198008628,0.10705670958383248,-14.96040934038291,1.3320418480961754e-50,1.715807786487422e-49,True
AF131215.5,121.58450525553276,-2.11112773304938,0.14122874471473756,-14.948286464724761,1.5980853481696662e-50,2.0545315449541324e-49,True
RIMS3,580.0222084012497,-1.8029421833675263,0.12061884180714921,-14.947434052220057,1.6186695147809726e-50,2.0801930500358636e-49,True
ESRP1,9826.177461554009,1.7415027485702121,0.11653397085502486,14.944163798698188,1.700118521423337e-50,2.184023596723685e-49,True
AP001628.2,1.9838737932300188,-3.6702984082400967,0.24560476648733512,-14.943921735449543,1.7063070694948617e-50,2.1911295518130205e-49,True
MLIP,22.251760772189247,-2.703916664855543,0.18094531950931142,-14.943280501468841,1.7228093576578438e-50,2.211469178927307e-49,True
DSC1,60.894192608885305,-3.0161587756576678,0.2020219066306557,-14.92985996400839,2.1070813180187505e-50,2.7005785885706113e-49,True
FOXD2,132.4708981867569,1.9936012446013316,0.13355173638025675,14.92755765394938,2.181095145871236e-50,2.7943658094375664e-49,True
FCRLB,288.68764346680933,2.998782813151382,0.20093754110662612,14.92395495951699,2.3021404135434437e-50,2.9471815988967487e-49,True
AC022509.1,23.481246264959445,-2.2344543645981765,0.1497633544849537,-14.919900614423444,2.4463748259307005e-50,3.1282267664863087e-49,True
IGFBP1,37.367905070619706,-4.2711612342766525,0.28628564448784827,-14.919229505613394,2.4711027385540113e-50,3.1586356929106063e-49,True
AC048382.5,16.60539580983339,-1.5326672844196523,0.10273284417826306,-14.918960890055304,2.481069833166606e-50,3.1701608377882432e-49,True
TMEM211,6.474488494999989,-3.2482921482395946,0.21785332917611422,-14.910454481113995,2.8182771965465914e-50,3.598266700904758e-49,True
TRPS1,30356.474869977163,1.611786763538506,0.10810304015492277,14.90972650934377,2.84917162587905e-50,3.6363193475484286e-49,True
SYNGR4,14.291974224430284,2.4328978319655583,0.16324245158641604,14.903585484794373,3.1235768548062177e-50,3.985010119775538e-49,True
LINC02458,10.640032421757303,-2.367656013523461,0.1588840366649305,-14.901786631444889,3.2088292887511517e-50,4.090644034807422e-49,True
JAZF1-AS1,6.225343490343827,-1.978469653608658,0.1328151436576606,-14.896416170043745,3.477377753583278e-50,4.429605450888034e-49,True
ADH6,15.254161802806058,-1.8203552789004829,0.12222616733547954,-14.893335188234067,3.641422332861726e-50,4.635030281626172e-49,True
AL445423.1,13.114093192484658,-2.039001333866839,0.13690892366707483,-14.893122224999258,3.653041979321705e-50,4.6480464314536266e-49,True
AC062004.1,21.57390481906391,-2.7305670277830543,0.1834189196842164,-14.887052178063971,4.000213871431766e-50,5.085899062080745e-49,True
C11orf96,570.2049008413675,-2.0325474593241117,0.13653155143592685,-14.887016502394097,4.002348475639055e-50,5.086673754347822e-49,True
IGFN1,47.16601402711628,-2.930129866337923,0.1968390466394894,-14.88591779101864,4.068646516987556e-50,5.168963531238781e-49,True
WARS2-IT1,18.731146381448713,-2.343869095084456,0.15747502776776165,-14.884068466659409,4.1827156694980506e-50,5.3098357389452036e-49,True
ZBTB20,503.4168505103083,-1.7950893334432914,0.12062539712499346,-14.881520610317235,4.345103689258286e-50,5.511786342072065e-49,True
LINC02669,32.91146401825478,-1.7334401343476962,0.11648428440564997,-14.881321915590679,4.358028239050378e-50,5.526079229813349e-49,True
AC138474.1,3.322276634856125,-3.226481428428244,0.21686224030176182,-14.878023135510473,4.578283846361452e-50,5.798753816646718e-49,True
MAFG-DT,496.13124208772643,1.6246579749217094,0.10922874782528848,14.87390460174781,4.868889060838773e-50,6.1644867611963636e-49,True
SCN2A,277.5170008563906,-2.996466437840077,0.20155284405904264,-14.866902284754147,5.405731581438106e-50,6.836395241159628e-49,True
NEDD9,4610.450833950352,-1.678537272951765,0.11292574585214452,-14.864079579775375,5.638448235389212e-50,7.122598871287684e-49,True
SSTR1,71.8919443631259,-2.601287590127502,0.17506928973634037,-14.858617373984433,6.117471911632356e-50,7.718939492282536e-49,True
AL022329.1,8.12433010948258,-2.84469165716323,0.1914554571543109,-14.858242744527473,6.151772922086846e-50,7.75928423519948e-49,True
LINC02066,2.0557620843876196,-4.305277074716595,0.28986003626548723,-14.852951549255055,6.657188203996978e-50,8.390422124531188e-49,True
ANTXRL,24.99191162623065,-3.3109193182058587,0.2230780931275924,-14.841974269127968,7.841379222277227e-50,9.860563939808568e-49,True
EEF1A2,6866.0045425250555,3.3101935425513505,0.22304184311569492,14.841132481290995,7.940405891993404e-50,9.977565790960364e-49,True
RPS4XP5,4.9868352228172,-2.897453366688652,0.19531205107549346,-14.834995335585855,8.700997616686348e-50,1.0916838582350376e-48,True
AL161668.3,6.41198799310202,-2.0928823380221426,0.14118068832841793,-14.824140346685583,1.0228090998365086e-49,1.2813546457718905e-48,True
KBTBD12,15.670782341636802,-2.8860663405938163,0.1946935515422551,-14.823636005055063,1.0305193358223514e-49,1.2905290773691174e-48,True
AC064875.1,28.86856712406415,-1.9692699714424005,0.13285177857231686,-14.823060651539892,1.039385859247193e-49,1.3011441073586578e-48,True
H2AC13,113.55071555489526,3.469063732573871,0.2341658246688295,14.814560312035356,1.179585903883088e-49,1.4749910126958044e-48,True
LINC01558,45.47318150159471,-1.977762789143792,0.1335038820822045,-14.814271752232585,1.1846621135247662e-49,1.4807832392780143e-48,True
PLEKHD1,344.6730695693201,2.5554946429073113,0.1725349266603524,14.811462770885742,1.235226811566971e-49,1.542830671870671e-48,True
C9orf106,48.78723007900806,1.92350445747939,0.12987106350051345,14.810877847872442,1.246023325615577e-49,1.5551508939353996e-48,True
SMIM3,1955.3402128066155,-1.5164170223568882,0.10243089351942707,-14.804293609615778,1.3742312718129105e-49,1.7138832716413145e-48,True
KISS1R,75.64849728282458,3.770399217289204,0.2548088887610757,14.796968958271151,1.5323376310216486e-49,1.9103524357734937e-48,True
NECTIN3,427.50653619019766,-1.8181577834426956,0.12289183998786406,-14.794780382670194,1.5830018025479954e-49,1.9727775453353177e-48,True
TPSP2,146.58394531371144,3.2949686944726113,0.22288297593948075,14.783402279083406,1.874528593528305e-49,2.329990833603259e-48,True
LHX6,596.3962139511115,-1.7693997999516864,0.11973424626751673,-14.777725296724194,2.0393820735732358e-49,2.533011276409454e-48,True
GIMAP5,68.6214717662865,-1.983020677187066,0.13428270898360675,-14.76750575108783,2.3733485916433133e-49,2.946716388038453e-48,True
LINC01013,18.51113528952961,-2.0018347970407566,0.1355816971766584,-14.764786388773649,2.4710394130499742e-49,3.066866147592244e-48,True
C10orf88B,50.564573867373156,1.9054343435910372,0.12905606450786558,14.76439213342746,2.4855310988532964e-49,3.0837044871896793e-48,True
FAM83H,8688.642661149355,1.588198383822033,0.10761636659973803,14.757963254131079,2.7341368873026133e-49,3.390878804561356e-48,True
GAS1,2379.4024543592377,-1.873092354664389,0.1269632533046394,-14.75302739895957,2.941672504225209e-49,3.645553190018822e-48,True
AC135178.2,2.483035419754571,-3.3787309500767058,0.2291372806739649,-14.745444041837251,3.2914774964310472e-49,4.068476020329095e-48,True
AL359732.1,2.1928401400664685,-3.000310284056425,0.20348630360449688,-14.744531847646774,3.3362524351186322e-49,4.122292792099714e-48,True
BMP8A,587.1471125638286,1.8998136032861068,0.12888617960519902,14.740242973339493,3.555034265765652e-49,4.3909939899636566e-48,True
ALG1L,117.2839826440332,2.7969915400246967,0.189764025670363,14.739313893368388,3.604278455665774e-49,4.450169648944758e-48,True
TENM2,665.7700153817464,-2.5884335731466246,0.17562363159146832,-14.738526641834737,3.646536341771757e-49,4.500678773565741e-48,True
INSM1,282.6533743986682,4.574047533109603,0.31038447136214076,14.736715123137838,3.7456570794791856e-49,4.6213066201831803e-48,True
LINC00466,14.44032872992535,3.3196534007501985,0.2253087776131792,14.733795264956509,3.911098505126899e-49,4.8236399425842074e-48,True
PCDHGA3,66.26498882535958,-1.9468874151149382,0.13214761575161219,-14.732671520720848,3.976691745407658e-49,4.902724325974122e-48,True
AC007423.1,25.926705192801812,-5.358215031682732,0.3637010897163347,-14.732469005968124,3.9886285058204094e-49,4.915623504826491e-48,True
SEMA3D,532.7934686335124,-2.350203204041039,0.15957522458402468,-14.727870257851553,4.2695018791261726e-49,5.257888410892863e-48,True
LINC02097,7.1351671305520945,-2.942074650270104,0.19976695382324888,-14.727534229075806,4.290780738309104e-49,5.282142740563688e-48,True
AL139260.1,41.16326200881209,-1.6578618583669236,0.11260616180770928,-14.722656662412078,4.611806270141333e-49,5.664792902502516e-48,True
CPA2,11.542121272053032,-3.3845335585835694,0.22989836689905133,-14.721868642371534,4.665868902121828e-49,5.729089175878529e-48,True
LINC01352,24.589930188906184,-1.925338540058707,0.13082230969208455,-14.717203392833847,4.999102857077716e-49,6.135998571243459e-48,True
CAPSL,61.80770653758395,3.6317919635270477,0.24678757649351793,14.716267387237945,5.068761165381617e-49,6.219209569695054e-48,True
TGM5,80.89780922159859,-3.028256978386018,0.20578833921153108,-14.715396363023533,5.134451094494526e-49,6.297492076141888e-48,True
LINC01091,48.68314768645089,-1.6777639344502773,0.1140211345884825,-14.714499557521082,5.20297087145017e-49,6.379186602646753e-48,True
CXADRP3,111.2874945898534,5.508686661444267,0.37440451233997285,14.713195166948685,5.304259821016087e-49,6.500983490300092e-48,True
FAM135B,202.0529967039319,3.5775060522941544,0.2432387320982771,14.707797649794996,5.7446787696793595e-49,7.035596485128055e-48,True
CALN1,28.37537761920339,-2.529490868969158,0.17202240869895255,-14.704426522685706,6.038027155364391e-49,7.392150058893065e-48,True
C2CD2,3791.251704262,-1.6074745260509062,0.10934153600891709,-14.701407943636463,6.3133263593536e-49,7.72068649644603e-48,True
FTMT,2.2276239269526528,-4.822087013942865,0.3280134470054994,-14.70088210701319,6.362545541968512e-49,7.778025340143251e-48,True
DPY19L2P1,53.62480786436776,3.7238954500504113,0.25340396068288945,14.69549031520666,6.889796944313458e-49,8.4194883948666e-48,True
LINC01484,142.46959955863093,-2.997172273954202,0.20397102335736553,-14.694108136639754,7.031820665478315e-49,8.589896973371294e-48,True
PACSIN1,291.75810609950423,2.158721289052493,0.14696388365782045,14.688787716570525,7.606241766870845e-49,9.288193214330861e-48,True
ALPK3,1091.7616138832682,-2.0602511101724157,0.14026942180988802,-14.68781352050303,7.716371214602385e-49,9.41922634098737e-48,True
LAMC3,362.5192045938469,-2.239267275687601,0.15253343144064221,-14.680501543420684,8.595233985614036e-49,1.0480528635694425e-47,True
AC026904.2,3.8861476679197025,-1.9981368130795887,0.13610902934720118,-14.680413361721447,8.606419358540395e-49,1.0490331841665337e-47,True
PVT1,1529.8833409474873,1.7906880062689945,0.1219892062120359,14.679069254344558,8.778716757491025e-49,1.0696434970608996e-47,True
COL23A1,111.00705153446086,-1.9297193542502211,0.13146201201238336,-14.678912369517416,8.79904984463412e-49,1.0717294129609322e-47,True
ERICH4,5.147877759358554,-2.7179697222365773,0.18517706034423662,-14.677680470701837,8.96034816912812e-49,1.0909771854408676e-47,True
MAFTRR,22.532133400981706,-2.0004608114471676,0.13629701519182258,-14.677216581975372,9.021847231940489e-49,1.0980641727663627e-47,True
GYPE,21.679733710500958,-1.7765698094038314,0.12108531805445728,-14.672049741033273,9.735894291956464e-49,1.1845397254376361e-47,True
AJ011932.1,5.0373534782766365,-2.603993470233078,0.17748709267242332,-14.671452616777625,9.821959909975743e-49,1.1945752773077353e-47,True
HSD17B6,272.4267663107941,1.975986320607898,0.1346874438275318,14.670902234496054,9.901958994896835e-49,1.2038659515888243e-47,True
RARRES1,1787.7983491126427,-2.120004935193659,0.14452573835112906,-14.668701640140053,1.022835274347712e-48,1.2430952465095426e-47,True
CYP2A7P2,39.78011209451871,4.488335210469359,0.3060006111838209,14.667732829373739,1.037542179026349e-48,1.260509804311465e-47,True
AQP4,62.8916356230557,-2.664468790874282,0.18168918174017282,-14.66498316165375,1.0804396214623633e-48,1.3116702197360157e-47,True
PF4,3.719238375236927,-4.4702146208245095,0.3048222087526999,-14.664989926804065,1.080331941617913e-48,1.3116702197360157e-47,True
RGS6,153.4067162985969,-2.8566958878870468,0.1947992563655141,-14.66481926669601,1.0830515790713219e-48,1.3143627041648293e-47,True
CAV3,5.207484386406306,-2.527890330481525,0.17245190248157885,-14.6585238788627,1.1882824842681707e-48,1.4404955495405025e-47,True
GOLGA6L5P,27.632132856088848,-1.8368075879294534,0.1253102883536576,-14.658074864096664,1.19616561535053e-48,1.448998441929707e-47,True
AL353572.4,72.31035843563,2.0901052502222406,0.14259618759670198,14.657511434552417,1.206131153436673e-48,1.4605398633246044e-47,True
AC012349.1,5.567133319298093,-3.3906171492841963,0.23133187884708117,-14.656938620748928,1.2163473944841577e-48,1.4723763796243983e-47,True
AF064858.1,22.06488174451204,-1.8307865234243472,0.1249125180282298,-14.656549658302428,1.2233336700749005e-48,1.4802958840104448e-47,True
CETP,206.50962031573232,-2.2932566882703926,0.1566709731795572,-14.637406289945881,1.621363104322438e-48,1.9555456841247373e-47,True
CENPM,521.988580302427,2.0297384347803704,0.13868502293939666,14.635599373029173,1.6650189232484923e-48,2.0074734660670272e-47,True
GFRA2,146.03839461204097,-2.5697404919502826,0.17561056662159838,-14.633176928854747,1.72538721373957e-48,2.0780042683640634e-47,True
AC092053.5,2.527290478001062,-2.975327181489918,0.20342372845186013,-14.626254292620656,1.9101782544146854e-48,2.299730491208496e-47,True
LINC02814,29.986311710435874,-2.3669976359636324,0.16183871219193988,-14.625657878174325,1.9269917367911814e-48,2.3191355983489393e-47,True
KCNA6,60.73679328415623,-2.616646014504694,0.17892580595832694,-14.624195769245992,1.9688357879129353e-48,2.367785960732365e-47,True
AC092376.3,17.02160021200088,-1.8216251498199063,0.12462363367079857,-14.617012007785359,2.187939383505316e-48,2.6284434618342503e-47,True
AL353759.1,25.789422054710695,1.9854801605019479,0.13583944769808073,14.616373918973173,2.208536731399092e-48,2.652232317444304e-47,True
PPP2R2B,102.86793387711498,-1.995023675962897,0.13649943391735997,-14.615618678468161,2.2331652541209045e-48,2.680843342680995e-47,True
PTPN1,8766.345531625335,1.6859451500765845,0.11537139042498877,14.613199545105063,2.3139087542364898e-48,2.77477680852329e-47,True
SLCO1A2,83.179394015924,-4.391342176549484,0.3006209733996705,-14.60757087866677,2.5132001572493187e-48,3.0126783624769063e-47,True
IL22RA2,51.92420281152115,-3.3355972206146163,0.22835316872638872,-14.607186049654985,2.5274334738411776e-48,3.0275638979572354e-47,True
LINC01412,2.108887201105581,-2.915846568142287,0.19971837272753978,-14.599791337776166,2.8170624762511323e-48,3.372082430742965e-47,True
AC027449.1,2.6855067505380616,-2.4084321241905564,0.16501689457870192,-14.595063919603072,3.019296006295948e-48,3.612863384067584e-47,True
LRRC77P,13.033684154897395,-2.4134387808716813,0.16543295877680006,-14.588621268195176,3.3183621072247247e-48,3.965032530055082e-47,True
CCNE1,249.47322834112688,1.5130188161044535,0.10373211720397484,14.585827966176682,3.4570221722365765e-48,4.1292346855987677e-47,True
GAS2,96.74464646004152,-1.6602445460569473,0.11383521054108466,-14.584631048385006,3.5181884245815344e-48,4.2007900383590977e-47,True
LRRC73,160.7111044851027,1.9542733455857968,0.13406213749299992,14.577369734149135,3.913048942790435e-48,4.667248540526402e-47,True
PRR36,1480.6255002391113,1.833633172724115,0.12584197467078176,14.57091862648474,4.300687061429469e-48,5.124101922529881e-47,True
CCND1,34760.38592936095,2.00416934953518,0.13756798041844404,14.568574340039351,4.450826772082334e-48,5.301093643649062e-47,True
SBK1,1987.522479648687,1.8201088987149088,0.12501105186018485,14.559583905833856,5.076585447432132e-48,6.035616687572697e-47,True
AC000085.1,9.193175012157269,-2.192053203168979,0.1505796056537167,-14.557437533805052,5.238488125564401e-48,6.223667278213295e-47,True
AC026124.1,2.240770450788666,-2.9805953571066444,0.20487499525479994,-14.548360835346076,5.981929393302181e-48,7.099336773567062e-47,True
IL19,55.20926966916336,3.8065940624533043,0.26166576834594024,14.547543175080982,6.05384813207289e-48,7.182133808484483e-47,True
LRFN2,68.75825706544646,2.4915324270605366,0.17129170534228183,14.545552115800694,6.23259497085222e-48,7.391565066961262e-47,True
TUBA3D,294.0717656538903,3.1664133293509518,0.2176969419016206,14.545051950164211,6.278316703178886e-48,7.440496934410542e-47,True
AC124319.1,23.04751284302849,2.156137644136643,0.14823992065614547,14.544919037955903,6.290522674666848e-48,7.452314056037822e-47,True
PERCC1,48.000973791686796,2.946511786314326,0.20260427132699635,14.543186908230364,6.451768923773134e-48,7.640626485756755e-47,True
KCNG3,35.39917635150273,2.645494827689945,0.1819185224207437,14.542196102337549,6.545847182745025e-48,7.749288523158106e-47,True
TUNAR,18.42362812334118,-4.089169320570175,0.28127626027472025,-14.537911292536085,6.968668414643966e-48,8.238146861395307e-47,True
LMF1-AS1,9.143249819521714,-1.9427948485180302,0.1336555987800756,-14.53582839963789,7.1839176116808e-48,8.486591159473715e-47,True
AC092375.2,14.343201231861268,-2.0209323137215263,0.13908973132269145,-14.529701758017746,7.856172901031203e-48,9.277461404974842e-47,True
DSCAM-AS1,1318.9412677021683,5.362733997830737,0.3691382880969865,14.527709995831547,8.087932442588033e-48,9.544389916060449e-47,True
AMY2B,312.31892480329907,-1.5425447781913004,0.10618360838398398,-14.527145966005497,8.154790102403331e-48,9.619883096039926e-47,True
KCNH1-IT1,15.261819269587168,3.829500131368132,0.26368828390148163,14.522830042759493,8.684923715138486e-48,1.0238017708595028e-46,True
MGAT3-AS1,3.986328433950593,-2.8919607290108633,0.19923334013680202,-14.515445693100968,9.672694214996383e-48,1.1394372284560734e-46,True
AL353611.1,1.8171651949625913,-3.949376447045764,0.2720845428317862,-14.515254729069376,9.699669669755007e-48,1.1422114541548719e-46,True
C3orf86,3.445882443763527,-2.2291110502595233,0.15357174618992772,-14.515111702270426,9.719922572658583e-48,1.1441923680748008e-46,True
FDPSP8,3.3115167491710493,3.05139660155024,0.21023443337774964,14.514257025001632,9.841826964022037e-48,1.1581336888608713e-46,True
LINC01915,18.95211290267981,-1.9228864478470713,0.1324990053527022,-14.512459491514633,1.0103201088586656e-47,1.1884714395177298e-46,True
ASB12,8.589065181820102,-1.9670516485624991,0.13554536769435954,-14.512127430263737,1.0152235753253317e-47,1.1938184419437408e-46,True
CA12,25712.81490137367,1.9158989227271632,0.1320481909765805,14.509088754324239,1.0612095710979938e-47,1.2474542822187873e-46,True
AL161717.1,1.6912841453515715,-3.350504345158102,0.23097719650744247,-14.505779773156712,1.113646938657468e-47,1.3077116815946445e-46,True
WASF3,610.2118359353921,-2.0577332440169402,0.14185589533113074,-14.505799982535967,1.1133189808882726e-47,1.3077116815946445e-46,True
KCNB1,646.1524500996984,-2.896502039631456,0.1997176851693439,-14.5029822330229,1.1599858793611258e-47,1.3616462193176412e-46,True
LLGL2,5560.457595165397,1.534222318131805,0.10580162843502335,14.500932932937106,1.195144016438934e-47,1.4024228643287127e-46,True
DEGS2,3475.1154888506703,2.1871911954821246,0.1508520385113554,14.498917065131232,1.2307630709876997e-47,1.4432038556388465e-46,True
RUNDC3A-AS1,74.11273546530082,2.4443803278940663,0.1688091886713582,14.480137883091455,1.61772335418125e-47,1.8922994085791126e-46,True
AC245123.1,1.9247159247769048,-3.230638329111289,0.22312124937694175,-14.479294724875972,1.6376891663619056e-47,1.9143111114266804e-46,True
TRHDE,150.49636572442563,-3.908636168156256,0.26998613313227593,-14.477173782259678,1.689003708759688e-47,1.973601425487976e-46,True
MMD,3509.8617218571094,-2.164249124938223,0.14952146092414473,-14.474504941041143,1.755853733670266e-47,2.050997063543597e-46,True
SERPINB5,1332.063674713425,-3.2284628357384286,0.2231393773688353,-14.468368935178946,1.9197060408972852e-47,2.241606329057548e-46,True
LINC01451,9.922863398413968,-2.1502857187912547,0.14865656280401005,-14.464788356678257,2.022260585324315e-47,2.358879617348044e-46,True
AC079298.3,59.418637570131295,-2.075231285445022,0.14353496528443022,-14.458019210390477,2.231270280186925e-47,2.6008609777683947e-46,True
AC104123.1,6.804095837131407,-1.9380415501602533,0.13404686417718278,-14.457940229012406,2.233831736859931e-47,2.602936917978401e-46,True
TYRO3,1484.0936333120485,-1.9311699180831876,0.13362784651452628,-14.451852427878917,2.440332091585312e-47,2.842564964103338e-46,True
INSYN2A,702.2658791256056,3.5772225826211916,0.247571244316822,14.44926527106414,2.5337422370270467e-47,2.949311339009249e-46,True
SLC6A14,584.9411609685527,-3.8874135901406235,0.26904484648626137,-14.44894277259138,2.5456328412042513e-47,2.9621182701088826e-46,True
C1QTNF4,21.561916484106252,-2.0765042373481957,0.14372904888772184,-14.4473525248909,2.6050827720085696e-47,3.0302373688075963e-46,True
GLYATL3,128.24886787936612,9.262922770430434,0.6411686670469868,14.446936112914607,2.6208769257010456e-47,3.0475461853279e-46,True
CACNA1H,2719.212816259112,2.7651000285407012,0.1914273793972293,14.444642335111666,2.7096018236408666e-47,3.1496169821052376e-46,True
AC116362.1,5.362599326937014,-2.9139603191375443,0.20175751391319324,-14.442883750001421,2.7796440944377305e-47,3.2291219212567192e-46,True
SLC5A9,51.983229198659984,-1.6590213049166391,0.11486778992732417,-14.442876510171276,2.77993614079224e-47,3.2291219212567192e-46,True
RGS7BP,57.91982966429918,-2.5114196832941182,0.17404562941337381,-14.429662449777886,3.3672502116098464e-47,3.904535024581946e-46,True
LINC02747,753.1677540549742,3.457055712898088,0.23967736426809355,14.423788927481542,3.6664923855067506e-47,4.244146288242437e-46,True
GPAT3,447.56112129270247,-1.9894914436537303,0.13793465973711969,-14.423433874019533,3.6854070833217706e-47,4.264560750232398e-46,True
AC090950.1,3.018671677975418,-2.2189567285927247,0.15395237739239123,-14.413267051648607,4.2702326161512637e-47,4.934441701872089e-46,True
TMEM151B,6.85183159054806,-2.838491742509954,0.19698782836182369,-14.409477814518892,4.511081254571153e-47,5.21094730719409e-46,True
TREH,18.283311225458178,-2.026664626281208,0.14065323330816124,-14.408944455908312,4.54605041113422e-47,5.2495233781480296e-46,True
CRTAC1,246.77687464216496,-2.7959745628327757,0.19407017023854067,-14.407028959659867,4.67387716250664e-47,5.395262356955138e-46,True
AC078983.1,14.514504694200255,2.7037518488125207,0.18773653153463257,14.401841914895225,5.038266711269844e-47,5.811304775978392e-46,True
CRACD,370.72205010747376,2.334485037093288,0.16211795323109313,14.399916792470025,5.180585050153745e-47,5.971909119860948e-46,True
AP001021.1,7.08007553225024,-2.4978402051075133,0.17350511082864975,-14.396349439955872,5.454967386382867e-47,6.283858631035655e-46,True
SMIM10,304.4518098569588,-1.572634879053739,0.10923836056078404,-14.396361049181712,5.454051414225291e-47,6.283858631035655e-46,True
AJM1,243.9369998274781,1.5250817961820227,0.10594947124352513,14.39442574165017,5.608881909860444e-47,6.458929655108285e-46,True
POU3F3,39.870172461446096,-4.063769859277671,0.28255985709149595,-14.381978746406917,6.714693618221945e-47,7.719004394142835e-46,True
MAP2K6,1620.5561418130262,-1.6532321370312946,0.11499526950378837,-14.376523001033803,7.265401550655539e-47,8.346327120661783e-46,True
HFM1,22.408626672816123,-2.231916873158405,0.1552713519722755,-14.374299217520338,7.502562291516986e-47,8.615804058533056e-46,True
SYCP2,2718.0331945337052,2.028548533181637,0.14117047410596895,14.369495788892205,8.041455089490978e-47,9.228303020627483e-46,True
MAGEA1,142.36379016042926,6.978562450846788,0.48578221207214,14.365619566593871,8.504276313588716e-47,9.746017552641584e-46,True
AC005550.2,3.0869529996637626,-2.8818195466037335,0.20064541125728905,-14.362748335711279,8.86410536916474e-47,1.0154896941129336e-45,True
GNAQP1,117.67354698654397,2.8565490532467113,0.19899701664187058,14.354733058071739,9.950792917780392e-47,1.1392001133369663e-45,True
AL138720.1,49.5235869517824,1.927157222803893,0.1343029076049912,14.349333586075485,1.0756586767101457e-46,1.2309934643682222e-45,True
GPR34,794.270934610169,-1.7269612631140325,0.12040007458565714,-14.343523200107382,1.169636065426006e-46,1.3376609446464977e-45,True
LINC02321,21.659511291554665,2.2190896972188234,0.15475076951047498,14.339765186554468,1.2347250150307122e-46,1.4116161990489962e-45,True
TULP2,9.43402888683344,-1.7357659830705205,0.12105835091554078,-14.338258946559737,1.2618139467322054e-46,1.4420916144473037e-45,True
KLHL10,10.631164716555086,-1.543237136436165,0.10767117948755961,-14.332871096805171,1.3636439105463097e-46,1.5568695916743884e-45,True
SLC7A11,510.51827140017525,2.239592056811882,0.15625681705775438,14.33276383701136,1.3657520237801237e-46,1.5587427871678077e-45,True
AC008667.2,1.742328732646271,-4.410791861521092,0.30792237970372516,-14.324362736365707,1.5413546205544195e-46,1.7555544822701276e-45,True
AC084757.3,10.2622087220974,-1.615090965957505,0.11287301019995005,-14.308920822581372,1.9247696991338533e-46,2.18851499135407e-45,True
SEMA3A,315.7277266298181,-1.771365491900307,0.12381637532012894,-14.30639111604113,1.996060755140113e-46,2.2688012993581332e-45,True
UGT2B28,201.80406307061816,-5.09803202832403,0.3566962003204291,-14.292364268933452,2.4417680152146408e-46,2.7725747885390895e-45,True
BMPR1B-DT,65.576765734743,4.439795281620183,0.31068718236749865,14.290242834570943,2.517301410374892e-46,2.8563962141746264e-45,True
AC007877.1,14.721931539810733,-2.0877207404153157,0.1461715824579021,-14.282671811510191,2.806323968480341e-46,3.1811046235503364e-45,True
VN1R48P,15.563885967910524,3.2421161789074002,0.227143187830381,14.273446674211723,3.203462976419371e-46,3.627581894757542e-45,True
RETSAT,10396.200599342834,-1.5145124771133445,0.10611383767845924,-14.272525716226976,3.246057332654818e-46,3.6745677524339966e-45,True
ARMC3,129.17460044888745,2.7246741703470603,0.19094554375858563,14.269378152086613,3.3959322246618965e-46,3.8416195305376384e-45,True
C10orf105,3.753848094055229,-2.2174348350585924,0.15543993108395335,-14.265541805090947,3.587944754341231e-46,4.0574557345719126e-45,True
KCNA5,35.39844529355896,-1.9597038309318908,0.13742666676089219,-14.259996819551533,3.884722055129928e-46,4.387118043228174e-45,True
HAGHL,556.4712894241769,2.189133531535154,0.15358846041535307,14.253242239781729,4.279422823545824e-46,4.8263264031934285e-45,True
RHPN1,2533.4012254624863,1.7827685956205739,0.1251538325899755,14.244618472541838,4.841850619075256e-46,5.4495739553000584e-45,True
CYP2T1P,5032.893806704184,3.0512567759023135,0.2144076802435244,14.231098309709305,5.875173653652843e-46,6.605905804978714e-45,True
OR2A1,7.544966441272641,-1.694675121228454,0.11910132082513432,-14.228852455100748,6.066915841735103e-46,6.814603449175614e-45,True
SCTR-AS1,10.39613425436575,-3.2947790155307684,0.231586906921483,-14.226965847632426,6.2327906960346625e-46,6.998563532729292e-45,True
AC096637.2,22.42266728512455,2.6216021938322327,0.18434984753617617,14.220799359857233,6.8070914062098795e-46,7.638280326571106e-45,True
FAM181A,2.8593562845087512,-3.4779730557971296,0.24460655629029776,-14.21864200430298,7.020203224284763e-46,7.869470834510003e-45,True
WNT6,52.46850491965069,-2.6383790430721255,0.18561114090437122,-14.214551078221351,7.44271863529201e-46,8.337494919998429e-45,True
C1QL2,21.11320296877107,-3.9769039278554597,0.2798253450318308,-14.212093359174013,7.708624664960925e-46,8.632468903686429e-45,True
CACNA2D1,1406.139490062745,-1.895036702895131,0.13335535934728723,-14.210427778609413,7.8941806097152e-46,8.837295372722129e-45,True
MIR27B,5.736742581903446,-2.848754729126276,0.20048431013987514,-14.209364948003856,8.014902658471375e-46,8.969429152931607e-45,True
AGR2,34288.13811072775,2.5780345530367086,0.18147213138143836,14.206228435251626,8.381980319731925e-46,9.377076876307948e-45,True
CNTNAP2,2928.8349196924232,3.4051060997254563,0.23970257712630824,14.205546475752653,8.463980595355579e-46,9.46563678318287e-45,True
HHATL,12.146476816560243,-3.4440414082119495,0.24250965366197033,-14.201667258213705,8.945842824843363e-46,9.997818779011439e-45,True
CCDC9B,1050.4852215344754,-1.6132683059869586,0.11360897026244245,-14.200184213097149,9.137190665108987e-46,1.020482824818217e-44,True
TAC1,46.24193114544036,-3.1232101888656283,0.21999056121268248,-14.197019052313662,9.559300837598985e-46,1.0669113910076591e-44,True
LINC02668,3.8344685300236216,-2.85653142553357,0.20121605825857738,-14.196339249736807,9.652461399538843e-46,1.0769485955611272e-44,True
GRIP2,94.34734613931913,-1.534942256924321,0.10817957890158002,-14.188835568687006,1.0742772251900548e-45,1.1969953619399645e-44,True
COL4A3,76.01321194523896,-2.2851209399354664,0.16105632480175444,-14.188334067278888,1.0819864797567242e-45,1.205182602318203e-44,True
LINC01977,306.89418966352,2.2777684194932255,0.16066831103639728,14.176836768871162,1.2746388677108482e-45,1.4188228170657235e-44,True
AL160313.1,6.397845810168359,-1.7208129415551858,0.12139820179169919,-14.174945890119844,1.309440413203112e-45,1.457074686016369e-44,True
CDKN2B-AS1,96.18676312516202,1.7615442144636797,0.12430735518333569,14.170876790562009,1.3875716178790453e-45,1.5434998627300962e-44,True
AL353135.2,16.438730134863853,-2.2837595970568105,0.16126975119894243,-14.161115646787126,1.594426100479648e-45,1.771236376578807e-44,True
AC008957.3,19.396628845942306,-2.1725147253886137,0.15346691833942,-14.156241285719325,1.7089331478286732e-45,1.897809242322292e-44,True
AL135818.2,37.09422306976966,2.0871873468839106,0.14746359828601052,14.153915753742437,1.7664114559528414e-45,1.9603346304349852e-44,True
CRIM1-DT,99.32524613942326,-1.728623100125415,0.12219959836166186,-14.14589837692742,1.9797216989662598e-45,2.194871640253517e-44,True
CALHM1,25.94576930066293,3.2343670475058155,0.22876978134358503,14.138086894650568,2.2121683179870766e-45,2.4485098319465985e-44,True
CLEC9A,30.606941052035207,-1.9317215969058235,0.13668192421831035,-14.132970456433211,2.378940340501767e-45,2.6313526174259844e-44,True
AC009005.1,44.50319579392439,2.0572922744217332,0.14558226373862826,14.131476057518256,2.4299703199857398e-45,2.686015253603064e-44,True
AL032819.2,64.10957866058003,2.7268705921117964,0.1929936292217353,14.129329569624423,2.5051790340708462e-45,2.7673141969933306e-44,True
TBC1D9,26949.99495023781,1.5017714466707264,0.10629124409934339,14.128834970330388,2.5228345739722517e-45,2.785894377728497e-44,True
MUC3A,72.06137865798354,-1.8585768396863158,0.13161042354929417,-14.12180577771785,2.7875566544048813e-45,3.076182225934758e-44,True
MIEN1,3135.4776030393396,1.8207077350037089,0.12896117527023834,14.118262579326009,2.93129416847512e-45,3.2326630034549193e-44,True
AC073130.3,22.77326772223902,-1.6350663621570594,0.1158414668884934,-14.11468972273064,3.0837018843535347e-45,3.398492205595044e-44,True
NPM2,55.21910639063984,-2.3071955684235856,0.16347447656139694,-14.113491090195113,3.136578280929364e-45,3.4556243505356246e-44,True
SEMA5A,3582.3678553040595,-1.569828350970336,0.1112332898061652,-14.112936457295419,3.1613496876818775e-45,3.481765215802607e-44,True
RNA5SP515,1.4895439837473123,-3.2515319476335653,0.2306926681553435,-14.094647973138242,4.096856689964484e-45,4.500200057761054e-44,True
AC004947.3,4.156212827341955,-1.9619741068713341,0.13922547661175813,-14.092062420030082,4.249667708226351e-45,4.666518551255864e-44,True
TNFRSF8,120.82201382679162,-1.7461707434977005,0.12396033691888722,-14.086527891903827,4.596096472493823e-45,5.043607149101563e-44,True
ITPRID1,56.75608014717978,-3.9008988962011206,0.2769289559306175,-14.08628029919147,4.61223449272576e-45,5.059651582168138e-44,True
LINC01415,27.276028862840544,-1.73572069506864,0.12322884462760893,-14.085344225322379,4.673758693753166e-45,5.125458029528916e-44,True
AC135178.1,4.467502977593226,-2.368764131044307,0.16819609490119775,-14.083347966168736,4.8077055515000496e-45,5.270617108381827e-44,True
DCN,67716.48651239234,-1.9570106125852489,0.1389808431914441,-14.081153687415,4.9593497000372926e-45,5.435075686708631e-44,True
CIB3,37.757380918207375,2.686075199402881,0.1907972091403663,14.078168184455889,5.173344833600065e-45,5.667735770556129e-44,True
AC026316.5,1.750700950242749,-3.4798055523722455,0.24720843532217357,-14.076402966740195,5.304168829502601e-45,5.807246431223973e-44,True
FAM87B,13.203530940207152,-1.565536949706489,0.11122570548530222,-14.075315979122875,5.38635999351825e-45,5.895297650930099e-44,True
AL121820.1,8.554142677581634,-1.6515723296754736,0.11734047538195591,-14.07504379285517,5.407138630479513e-45,5.916097972042692e-44,True
NPR3,1643.632132774904,-2.6126716882858867,0.1857892019723514,-14.062559398229702,6.451025778643692e-45,7.046683874614755e-44,True
LAMC2,5461.815864709147,-2.488239216651635,0.17695893305529747,-14.061111093352329,6.584424641504648e-45,7.190045100508792e-44,True
TMEM72-AS1,29.76193944427669,-1.6329070606367408,0.1161561898964067,-14.057856598886728,6.894284017526311e-45,7.518557151749017e-44,True
CDH12,40.85851078416178,-3.852774330311499,0.2740935259306816,-14.0564222275205,7.035416229668576e-45,7.669960635606975e-44,True
VGLL1,177.8716880987997,-3.866994976539225,0.2752481863511588,-14.049120642000355,7.799649653427756e-45,8.494791518359315e-44,True
FLG-AS1,51.34910216111265,-1.7751468389869565,0.1263690915373723,-14.047318196174388,8.000683748918753e-45,8.710897889085586e-44,True
SCN7A,245.7964277374534,-2.4037139604868707,0.17123096571967727,-14.037846194373499,9.144990257723535e-45,9.9502864634526e-44,True
AL355355.1,7.3716209644094155,-1.8260321470683298,0.13008274218942553,-14.037466587299297,9.194098257961884e-45,1.0000456060168653e-43,True
A2MP1,17.804494337980728,-1.7566053232022787,0.12513861888553138,-14.037275933252117,9.21886117900256e-45,1.0024121338720455e-43,True
AF131215.6,88.02751847438846,-1.9607257950137504,0.13969015827836506,-14.03624864613976,9.353435971043256e-45,1.0167136121196921e-43,True
SLC47A2,27.358308271659308,-1.7934470473723396,0.12781450281814616,-14.031639663959316,9.981677089381769e-45,1.0842962516410182e-43,True
AC072022.2,49.506703023811056,-1.9127205584019762,0.13631507280502086,-14.031614545941286,9.98521341557737e-45,1.0843271969915002e-43,True
GPR139,124.3072148980245,5.2183400934076225,0.37207698471246875,14.024893524226492,1.0977677540402315e-44,1.1909387387601717e-43,True
PLEKHH2,849.44235214986,-1.7614048298944827,0.12562884901923144,-14.020703394527196,1.164546791858159e-44,1.2629746654204147e-43,True
KCNH8,86.70376930209005,-2.9530165483766644,0.2107704333454717,-14.01058251626975,1.3429887609796084e-44,1.4546064368271827e-43,True
AP004782.1,5.684946777382634,-2.9331559270795147,0.20937549197414662,-14.00907001781133,1.3718967567697636e-44,1.4845609044874541e-43,True
AP001094.2,16.891294237872355,-1.726349134875326,0.12323671522089044,-14.00839945937381,1.384910259422599e-44,1.497580163472252e-43,True
AC090825.1,90.73672407537512,-1.6318107454668713,0.11653511709201086,-14.002738283417756,1.4997876351905468e-44,1.6207523605304455e-43,True
MIR223HG,38.10171878554832,-1.859754894947958,0.13282172025238695,-14.001888331321595,1.517834903683019e-44,1.6397238808851636e-43,True
ASB16,120.75043927550837,1.5880722420712827,0.11344413076811442,13.998716648615195,1.587108362226574e-44,1.7134502030396251e-43,True
AC023593.1,7.472007685192748,2.5358703664286146,0.1811798224992691,13.996428142205763,1.6390374024768438e-44,1.7689403991974193e-43,True
MFSD4A,273.55473547570057,-1.7572723738606064,0.12555827804628572,-13.99567118316808,1.6565830896286784e-44,1.7867202282026778e-43,True
FAM72C,15.092075738428102,2.435759235727634,0.17423593788852063,13.979660368838934,2.074757432151965e-44,2.2319705033818024e-43,True
KRT77,6.062906458522741,-4.511804385295719,0.3228980091978249,-13.972846709412634,2.28315058995473e-44,2.452199324457336e-43,True
DGKI,272.7243763158023,-1.6062476099525194,0.11496426561366492,-13.97171200440911,2.3198235849658255e-44,2.489182649132089e-43,True
AC025180.1,5.646663638607776,-1.9681801212584533,0.14089440308288806,-13.969185987470166,2.403581068148342e-44,2.5782253149462544e-43,True
RPL23AP49,9.714076592372377,-2.1285049482503435,0.15237331299889204,-13.969014037686645,2.409390731326901e-44,2.5836260932161037e-43,True
LRRC74A,3.6423120876113333,-2.2456373043346516,0.16079460007954272,-13.965875117844554,2.517934896567794e-44,2.6991517475293914e-43,True
PROK1,13.335386903153232,-3.7893186106650574,0.2715420364311376,-13.954813996638856,2.94067909040949e-44,3.14524397004702e-43,True
SLC14A1,257.2866912860177,-2.220859495761643,0.1591904407635533,-13.95096015256533,3.1039833113010857e-44,3.3188438425322187e-43,True
SRMS,298.4421169722128,2.0818017063332976,0.1492281470417999,13.950462748493216,3.125707518681886e-44,3.3410006423244305e-43,True
NBPF4,117.64137330299188,3.3970721114707447,0.2436229672378017,13.943973140081019,3.4233968142859785e-44,3.658021799411185e-43,True
LINC01908,3.381900910972512,-3.200921287068534,0.22956135487212312,-13.943641728598456,3.4393343364785453e-44,3.673874464677226e-43,True
AL391807.1,9.756215574115814,-2.7831572807647675,0.1996243199404867,-13.941975013838496,3.5206124655968476e-44,3.759491037950345e-43,True
AC138776.1,15.294182510018068,-2.6366914603890517,0.189131007578597,-13.941085040184774,3.5647921897519344e-44,3.805449895519759e-43,True
SLC4A8,1644.195295818566,1.9258193858240813,0.13817572907191011,13.937464985777906,3.750254818286063e-44,4.000871654991104e-43,True
CST4,64.69884722897832,4.363510447987618,0.31310566274167073,13.936223349584553,3.8160523611537717e-44,4.069764316984878e-43,True
TMEM47,2612.804302452635,-1.787535048470286,0.12827160622601969,-13.935547398701614,3.852354293509709e-44,4.107166347003046e-43,True
PACRG-AS1,7.679393136741085,-2.547397764417063,0.1828003941083661,-13.93540630392152,3.8599750218470437e-44,4.113975934917771e-43,True
SLITRK3,7.920878520228746,-3.375529815240969,0.24223413661948473,-13.934988116656097,3.8826501253044194e-44,4.136821055232494e-43,True
AL732437.3,94.42762443714297,2.808851892599736,0.20158590746175528,13.933771105168296,3.9493961902165313e-44,4.205249474697672e-43,True
UBE2L5,18.215095762395777,-1.5337707198401969,0.11012562455413964,-13.927464439360966,4.31400464481383e-44,4.589082644334814e-43,True
C3,38214.66395950826,-1.7684756687923797,0.12700889177662256,-13.924030389169081,4.526425057491556e-44,4.813512412062688e-43,True
C8orf86,44.87909632997604,3.06848815552562,0.22040524100115924,13.922028993446126,4.654992271227455e-44,4.948655953240816e-43,True
LINC01586,4.442115445916956,-3.5962417895387606,0.2583897677650303,-13.91789551360658,4.932135660727164e-44,5.241612241860745e-43,True
TENM1,117.85062285745806,-2.292010804568692,0.16472700634045445,-13.913995376274915,5.208665239600817e-44,5.530206210615971e-43,True
AC117509.1,5.546541682481854,-3.1039975287004675,0.22313916775812298,-13.910590237860525,5.462678323726322e-44,5.798054087140328e-43,True
AC018445.5,16.49103333905791,-2.011215664340168,0.1446349842634458,-13.905457760321902,5.869016865082958e-44,6.227357411188405e-43,True
MIR221,4.192206783013654,-2.721233963767476,0.19573220237550418,-13.902842407847126,6.087500616906691e-44,6.453021553503537e-43,True
PLA2G10,34.24888276821205,2.0176037419560107,0.14515015327945152,13.900114442673736,6.324016915203008e-44,6.701609154912778e-43,True
AMZ1,312.3360029485652,2.5191910132898707,0.18128616004197087,13.896212555369008,6.678287389209949e-44,7.074784184967046e-43,True
EQTN,1.7668739254663262,-2.878482411625433,0.20716202907916098,-13.894835962074422,6.807930129208072e-44,7.209833657636074e-43,True
CRABP2,28028.684051580778,1.929101318209488,0.1388605736867547,13.892361719325782,7.047271709471055e-44,7.458567573441772e-43,True
CYP4F24P,17.404756561394294,-3.5257360767163632,0.25379303464131786,-13.89217037299403,7.066126270437173e-44,7.476149904594203e-43,True
Z95118.2,34.28363435247311,-1.692662853466596,0.12185252943412463,-13.89107687240646,7.174842703949851e-44,7.58876718471372e-43,True
AC091078.1,8.630625287860179,-2.522783555611116,0.18168956430007588,-13.885131847443494,7.795679764226572e-44,8.229760191743969e-43,True
WLS,4148.1191140477495,-1.7796182916196934,0.12819234864070433,-13.882406481275897,8.097880587066488e-44,8.543379300793429e-43,True
CLEC4F,61.05221895632144,-2.303512777057369,0.16596425174701238,-13.879571972937454,8.424551879125949e-44,8.88240216936362e-43,True
DUOX2,51.406529737688444,-2.1337502482898434,0.1537566630251864,-13.87744899185488,8.677778137141409e-44,9.146498833613428e-43,True
AC097518.2,3.0357812631326375,-2.514125717447353,0.1812084040871854,-13.874222501500116,9.077201515980857e-44,9.564473723742357e-43,True
NCAM1,386.7872339183717,-2.277741645935353,0.1642171030875757,-13.87030706978585,9.586551553490367e-44,1.0094787109483745e-42,True
WSCD1,224.38915406524612,-1.8407128050731896,0.13274505934066658,-13.866525912270133,1.010539848800855e-43,1.0631070478757007e-42,True
LINC00517,12.380417203911009,-1.785259767569077,0.1288495459984895,-13.85538267701778,1.1802618696475792e-43,1.241266259567238e-42,True
TTLL10-AS1,6.939829804633804,-2.4992810903392955,0.1804506060965078,-13.850222752937949,1.2681820842837504e-43,1.3320505300402769e-42,True
PLEKHA4,2196.7745083655673,-1.5430165254987558,0.11147673139293941,-13.841601796341202,1.4298445858543406e-43,1.4999649919363447e-42,True
TEX45,51.783695853791734,2.0346216836645095,0.14699720800695856,13.841226722946972,1.4373255438306392e-43,1.507338665446792e-42,True
PI3,169.48588944619752,-3.703798602312011,0.2678053590527438,-13.83018851979939,1.6758075303448362e-43,1.755229438739634e-42,True
LINGO1,1269.4639656674526,2.3207350721660025,0.16781803655634459,13.828877513930513,1.7066281587802652e-43,1.7869495280113992e-42,True
AL117372.1,1.949617953502888,-3.9550040060058604,0.2861170309094537,-13.823028966274588,1.8511369747736996e-43,1.9370432058904332e-42,True
LIPJ,8.409633124775782,-1.8730717904842018,0.13550778572950167,-13.82261381071635,1.8618458349437302e-43,1.9476379156066015e-42,True
FBXO32,10629.745762212342,-1.5039431404215209,0.1088379710162325,-13.818184282369774,1.980013107196585e-43,2.0706007247381283e-42,True
GDPD1,536.9969533869066,1.6293113147341436,0.11791391713288764,13.817803312376844,1.9905181755070085e-43,2.0809338757048033e-42,True
LINC00393,2.391792174168294,-4.174970107045881,0.30221387102156083,-13.81462105936238,2.080461309484123e-43,2.1735997559519428e-42,True
AL161457.1,2.2198864595501897,-3.461337001553843,0.25067123127116037,-13.808273825445834,2.272110208035339e-43,2.3723419952338923e-42,True
AC022509.3,45.470645227511085,-1.6946171601819962,0.1227254856406575,-13.808192742816816,2.2746687254367285e-43,2.3742700258087465e-42,True
CFAP61,122.56870198969636,1.9929877393696347,0.1443426531749385,13.8073375785479,2.3018281022572573e-43,2.401866876789026e-42,True
LRRC38,6.3265438246161105,-3.2278726027292874,0.23382294060568284,-13.804772937881859,2.385228834563563e-43,2.4881137442558733e-42,True
AC005082.1,34.10600839958016,-1.5847727782710752,0.11483004923753865,-13.801028465927047,2.512424309641562e-43,2.619157183564753e-42,True
CFAP47,37.61063243434199,2.71100366195845,0.19645410624455797,13.79967929295216,2.559889196299772e-43,2.6669710967635457e-42,True
HAS1,127.86842566668933,-3.3209843567749426,0.24075862655078195,-13.793833285863446,2.776078426349343e-43,2.890397734633913e-42,True
AC105094.1,4.25874790976706,-4.402577773179988,0.3192344524965709,-13.791048361947334,2.8853610506959107e-43,3.0032429987408837e-42,True
C6,430.0623812947812,-3.594588881253264,0.2606569996003622,-13.790494353746366,2.9076058213486853e-43,3.0254523100205085e-42,True
AC015983.2,3.212184036406201,-2.4537983621346537,0.17797763417234902,-13.787116418001476,3.046977648328074e-43,3.167508029741052e-42,True
LINC01902,4.24364563277271,-2.909354557856762,0.2110331276071906,-13.786245746554679,3.083965717242926e-43,3.2039617664901666e-42,True
KCNK15,903.9098593722233,2.232310577594113,0.1619239686106849,13.786165178308316,3.0874109328851188e-43,3.20654211151622e-42,True
LINC01359,65.13426391839803,-1.757019318707439,0.12747190115399282,-13.783581344604459,3.1999532201088373e-43,3.321358230233726e-42,True
AC136489.1,4.272272485124109,-2.1454227272171518,0.15569216969157793,-13.77990127228092,3.3673237199823516e-43,3.491818368709311e-42,True
ARTN,200.21189062397025,2.237491168773427,0.16242572268498223,13.775473070315012,3.5803006070522337e-43,3.709209224746348e-42,True
ADTRP,114.15233259182388,-1.9059013916658931,0.13841929936057465,-13.769043771137179,3.913588653678473e-43,4.049465343205814e-42,True
AL031587.3,7.830089275343291,-1.7392918390863403,0.12631959316786198,-13.768979106630372,3.917092939948669e-43,4.0518341331993845e-42,True
AC009119.1,162.8800794573024,1.8517378584741166,0.1345006691588763,13.767499225500414,3.998149059835976e-43,4.1331144760220077e-42,True
ZNF502,353.50337688966766,-1.542477717875223,0.11207263268455539,-13.763196963675773,4.243392123156208e-43,4.3839183369001355e-42,True
AC104964.3,54.688738809726786,-2.083236400727247,0.15138280693159095,-13.761380456293494,4.3513794543925765e-43,4.4940896074493045e-42,True
AC083864.5,3.179585667447364,-3.439125987478191,0.2500394515861765,-13.754333428830494,4.796813533227239e-43,4.94800292358785e-42,True
AL353732.2,3.1867625005542344,-3.07138748700683,0.2233523996569668,-13.75130731402029,5.001746903400429e-43,5.1578001694960086e-42,True
PRR33,109.20193399642089,-1.8539257087151222,0.13482770075656336,-13.750332448837476,5.069603411229523e-43,5.226157779322824e-42,True
IL20,367.7904343132668,3.400017552406976,0.2472956076761162,13.748798793304848,5.178213338474391e-43,5.33647208358413e-42,True
SULT1C2P1,35.744647850072745,-4.034284835686137,0.2934393130603006,-13.748276580981184,5.215720972702289e-43,5.3734655149412614e-42,True
AC062028.1,47.4357995305094,2.8836285118754263,0.2097718832814254,13.74649675050499,5.345598318613231e-43,5.505570053348754e-42,True
ONECUT2,257.8034498955647,3.3863391556067017,0.24635657694078955,13.745681960910625,5.406123602438823e-43,5.5661875893094255e-42,True
ROBO2,868.2305956754998,3.3750473699810226,0.24553618048377368,13.745621371690529,5.41065150816867e-43,5.5691301588245985e-42,True
PIF1,162.31033775526305,1.6597452273352382,0.12082568389623786,13.736692181776407,6.1209053395234805e-43,6.294359302120523e-42,True
TRABD2A,127.94083631641965,-1.7978248272730541,0.13088990900152345,-13.735396723762172,6.231380033058085e-43,6.404015184050974e-42,True
AGR3,6156.671668080087,2.49116954740739,0.18136853204636746,13.735401170752784,6.230997428057757e-43,6.404015184050974e-42,True
MED15P4,13.30305794248917,5.13869058326589,0.3741236849187651,13.735272024762812,6.2421182615498995e-43,6.413074611966346e-42,True
TTLL10,27.594505121959326,-1.748946943986384,0.12734701257935546,-13.733710030272906,6.3781962753777105e-43,6.54803465464129e-42,True
VIP,8.051872455226444,-2.0401118408844128,0.14854790279231483,-13.733696689994321,6.3793710734743325e-43,6.54803465464129e-42,True
AL133444.1,2.2431162676919647,-2.8961035094166423,0.21093934596639527,-13.729555745745133,6.754641234291268e-43,6.924701214951722e-42,True
AC108925.1,14.308904251390949,-2.05128431124536,0.1495076481610514,-13.720263387701028,7.678595642192814e-43,7.867080985299175e-42,True
AC120498.4,117.01822025166237,2.4913280967479103,0.1816021643730558,13.718603549405422,7.856399669648329e-43,8.046777413485938e-42,True
AC034139.1,56.67179401626369,-1.7523111960826883,0.12774056741514192,-13.71773455794886,7.951114487372993e-43,8.138788122756352e-42,True
AC053503.1,26.156673912918155,1.5532576037944619,0.11326019471238691,13.7140643960467,8.363830284482974e-43,8.553369400712133e-42,True
CETN4P,25.852114588983312,-1.9061829284342104,0.13900432184561773,-13.71311987372071,8.473447454626539e-43,8.662814198784195e-42,True
H3C12,11.117558256716935,2.853992977796654,0.20813316271475552,13.712341371125099,8.564870616101948e-43,8.75091514020784e-42,True
LAMC1-AS1,14.891328352974384,-1.917514508532036,0.13984439704294968,-13.711772148748437,8.632337426291453e-43,8.817146120348964e-42,True
PPM1E,197.5425710681231,2.574644953158162,0.18780043767250088,13.709472592646467,8.910315448242888e-43,9.092720620668668e-42,True
MARCHF10,40.79128777404655,2.4735940308394597,0.18045808955911405,13.70730476468424,9.180517465540765e-43,9.365588160242245e-42,True
FOXD3-AS1,107.38132800099808,3.2194088699825762,0.23490311411333617,13.705262623420456,9.442503883194862e-43,9.626966126587144e-42,True
FBLN2,12303.27565778427,-1.8937654646331274,0.13818873696428094,-13.704195481015422,9.58235266930835e-43,9.766561099289858e-42,True
LAMA4,9432.90068406904,-1.5290197688252207,0.11159140269498605,-13.701949540006291,9.883449942231432e-43,1.0070368839702903e-41,True
AMPD1,56.07687166124926,-2.720241048834346,0.1985314357692155,-13.701815222837116,9.901752229651373e-43,1.0085935708816239e-41,True
RNF224,26.873087233813504,1.968433870431272,0.1436692023152298,13.701154030995871,9.992340007740318e-43,1.0171994716670692e-41,True
AC061961.1,308.4340742289941,4.467687392866225,0.32613052037217494,13.699077865413427,1.0282181849735813e-42,1.0463853601063155e-41,True
AC105021.1,5.890626249772974,-3.367537770027055,0.2458867483620368,-13.695482950828998,1.0803960300449608e-42,1.0988144924052881e-41,True
SLC47A1P2,5.547366616433272,-2.300550804993566,0.16806587970833686,-13.688387012200002,1.191243439239362e-42,1.2111822394876062e-41,True
C1orf194,33.86289295576773,2.220997072592772,0.16229537419681944,13.68490681625538,1.2496724953280684e-42,1.2698149922820157e-41,True
ARNT2,3277.1941171558574,2.0047724828722613,0.14650036458438367,13.684419752535971,1.2580740726688523e-42,1.2779626027850612e-41,True
MS4A8,115.01315555863361,3.9386964546883774,0.2878333166675692,13.683949100434901,1.2662459320250863e-42,1.2858719728107369e-41,True
LINC00710,1.8138998417938204,-3.719283655326092,0.271856748012268,-13.681042249347634,1.3179002896423072e-42,1.3366988065474848e-41,True
MAPK8IP2,1872.495663291159,2.1772904881608484,0.15916894474592114,13.679116184607636,1.3532753322626375e-42,1.3721611144915383e-41,True
NSG2,88.16807213509568,4.019892684420758,0.29391938378040716,13.676854628356518,1.3960195104278967e-42,1.4150715700079005e-41,True
PRDX1P1,26.394397173912964,2.4279354248879637,0.17754884031677187,13.674746737608585,1.4370675318052585e-42,1.4557948091790267e-41,True
GALR1,10.004064519179282,-3.0407895143643136,0.2224390099621546,-13.670216905216707,1.5293862464484533e-42,1.5483758935279135e-41,True
GOLGA8H,13.52977165969859,-1.5162956396995915,0.11094265735863472,-13.667381652829839,1.59014668469429e-42,1.6089138891950811e-41,True
MAFA,15.365140665831865,3.5857165210212534,0.26237568700134734,13.666344477271785,1.612968549747124e-42,1.6310154082934153e-41,True
CYP1A1,95.93553680902176,-4.334598646857148,0.31726288356992544,-13.662482664480333,1.7008453243662223e-42,1.719354068574997e-41,True
DNM1P51,12.739287745489639,-1.8800532012949238,0.1376086428015012,-13.662319190277008,1.7046685066358297e-42,1.722696667509039e-41,True
AL512785.1,3.3947899273506805,-3.4297275796232403,0.25106038376292833,-13.660966848763636,1.736625442654562e-42,1.7544599178154191e-41,True
LINC02847,2.159793991426394,-2.4693871187337235,0.18076916967822568,-13.660443996779449,1.749139986498794e-42,1.766567819798555e-41,True
MMP20,9.785363970642747,-3.460316768628979,0.2534419518590933,-13.65329119053194,1.9296283871353622e-42,1.9470855395636064e-41,True
AL138995.1,6.702494179340983,-1.5179090700678493,0.11119796706691762,-13.650510977007247,2.004679424993158e-42,2.0215922027244278e-41,True
AKAIN1,3.003298444431169,-3.953391203052084,0.2896278488439007,-13.649900100534959,2.021555033505716e-42,2.0379939181493991e-41,True
KCNH6,22.683348497795905,3.836472782330517,0.28107227765779635,13.649417204358365,2.034995097354771e-42,2.0509232850312558e-41,True
AL162586.2,10.561789572960734,-1.84099695837302,0.13490572486790955,-13.64654435662829,2.116810076744001e-42,2.1327341162941297e-41,True
LAMA4-AS1,11.224904954441545,-1.9432461065941111,0.14240168713305063,-13.646229519587587,2.1259728141793355e-42,2.1413188577489175e-41,True
SLITRK2,27.752869746289566,-2.4020392951556695,0.17603420041688336,-13.645298978648306,2.153285712517551e-42,2.167519626524232e-41,True
ITGA10,412.5132033274003,-1.668800348879306,0.12229945481852875,-13.645198593530258,2.156252958085738e-42,2.1698515358841663e-41,True
LINC00840,33.068901123390106,-1.7588522160951854,0.12890460320891073,-13.644603624004656,2.1739231130858222e-42,2.1869732096017822e-41,True
AL592158.1,6.99557637502511,-2.477373232276241,0.18158844036431862,-13.642791508677082,2.2286339112607883e-42,2.2413363180529562e-41,True
PLTP,5626.86517212856,-1.55889730583003,0.11431723848900309,-13.636589952966633,2.4264420616112257e-42,2.4395362168427124e-41,True
AC024884.2,7.328692544070534,2.299576740878936,0.16880006163198535,13.62307998377648,2.9198886254040436e-42,2.9312271453521807e-41,True
NME1,1534.5213409021444,1.6289839896292502,0.1195923046648676,13.621143887093211,2.998343100033103e-42,3.009080470749442e-41,True
SCEL,36.80310488777137,-3.9991060746732545,0.29363171079000305,-13.619462502581337,3.068175095747254e-42,3.078236199400577e-41,True
MAP2,876.6989434372766,-1.6175989425036625,0.1189072542059949,-13.603870960650848,3.7978808371774565e-42,3.8034693104814117e-41,True
EMILIN2,1481.0945360547933,-1.5467471223748304,0.1138552888893757,-13.585202211183038,4.901763380974963e-42,4.894278652459103e-41,True
AGAP11,11.516795229855015,-2.50268568533752,0.1842772580203962,-13.581088150663266,5.185034925599285e-42,5.174019441466503e-41,True
SLC26A3,343.12990735271376,-3.493007071982062,0.2572128050024508,-13.580222306384705,5.246695199311948e-42,5.232417410342528e-41,True
EMX1,121.94559539597293,3.2566863377216384,0.239815948898295,13.579940586448595,5.266914452490169e-42,5.25101136251404e-41,True
ACSM1,482.62211448785723,-2.8580231891437227,0.21049053705009016,-13.577917702132153,5.41439257465433e-42,5.391596834044409e-41,True
LINC02189,2.2810630879759035,-4.638773610853557,0.34167817049505544,-13.576441257960568,5.5246187615390886e-42,5.499716748613942e-41,True
AC018697.1,12.966959124541962,-3.0218062945315016,0.22272174866541836,-13.567630070429185,6.230411271960328e-42,6.196778571685206e-41,True
STARD13-AS,12.660912739601722,-1.9794884978137408,0.1459155943468908,-13.565983174545593,6.371950160224777e-42,6.333775436463072e-41,True
HS6ST3,921.5193482630501,3.019416839965832,0.2228155683842873,13.55119331140399,7.795249342754572e-42,7.732414346565205e-41,True
AC093890.1,12.398856894620895,-1.7399877528311718,0.1284025816873119,-13.551034021016955,7.812184902528608e-42,7.746909138103673e-41,True
FFAR4,173.03406562752457,-1.8433780662158366,0.13605934007495316,-13.548339020315296,8.104325116181472e-42,8.031831747385912e-41,True
HSD17B2,168.01393629706337,-3.093419067284734,0.22838567645069832,-13.544715742944202,8.514284996062845e-42,8.435617656972662e-41,True
SMR3B,43.54773663992702,-5.850138716706413,0.43201190117602045,-13.541614711958623,8.881492864491811e-42,8.788988294894285e-41,True
MMP19,1114.47861407895,-1.62273142531263,0.11985617028089429,-13.538989453021943,9.204645318436567e-42,9.106072878212431e-41,True
G3BP1P1,5.04279822158305,2.0260724892889366,0.14966673862236476,13.537226159521458,9.428233983651158e-42,9.324501041541591e-41,True
NDUFAF4P3,12.716996826765637,-1.695014187813796,0.12525642368558168,-13.532353375094086,1.0074597003302574e-41,9.954895865574445e-41,True
KCTD8,6.064130581270796,-2.960634507761957,0.2187968381043142,-13.531431868089594,1.0201698395892131e-41,1.0077501179046407e-40,True
AL050403.2,2.5231008981150174,-2.3452760229318828,0.1735073102281816,-13.516871536119035,1.2435254061804148e-41,1.2258447759595227e-40,True
AC004990.1,12.959838796063169,3.810204341279518,0.28207388019267027,13.507824044810395,1.4061643736451594e-41,1.3833090176015463e-40,True
AC040173.1,9.66058866786584,-3.077845088645482,0.22787673584818094,-13.506622679973987,1.4292942507953281e-41,1.4056483034436273e-40,True
VSTM2A,1608.720240957566,5.506843698637382,0.40810616541705697,13.493654752825798,1.704377465552172e-41,1.6707608494620629e-40,True
AC116345.1,2.061678987312805,-3.18189103865175,0.23588996141003726,-13.48887854163835,1.8184551010504866e-41,1.7820646243001081e-40,True
ACSM2A,5.124584328548884,-3.417172569419348,0.253357786589681,-13.487537191637772,1.8518369352968645e-41,1.8142452983318196e-40,True
FBXO40,5.814036432826235,-3.4988920450129286,0.25955089881152993,-13.48056223667178,2.035497903340329e-41,1.9918374289464972e-40,True
LINC01775,5.702714589484867,2.1410819909295085,0.1588545366258131,13.478255241604433,2.1001456592451992e-41,2.053291046325657e-40,True
CASC16,20.1064979349739,3.322210513301093,0.24649553654760809,13.477771483539387,2.1139586120087055e-41,2.0661900865146047e-40,True
SLC25A27,370.94181035644857,-2.0824554506116892,0.15455969251258056,-13.473470455061792,2.2408092828946466e-41,2.1888912939441583e-40,True
AC000050.2,4.659894869546054,-2.2731553255564103,0.16890040795692013,-13.458554381563147,2.7422888226946655e-41,2.6756170259814043e-40,True
AC005165.1,15.783600918930214,-2.423054208785656,0.1800456992803537,-13.457995489315508,2.7631068456956475e-41,2.695140397692429e-40,True
NGF,44.38715014209245,-1.7162672462936992,0.12756495720125519,-13.454065159807163,2.914013365981939e-41,2.8398431251353505e-40,True
CHODL,70.19498969015241,-2.2231299618394487,0.16526545606739027,-13.451873215010663,3.001705543280907e-41,2.9235945725138714e-40,True
RHOQP2,17.633316590438074,-1.6511454902293163,0.12276892131397041,-13.449213958691232,3.11162364801501e-41,3.0288831593010093e-40,True
ANKRD29,640.6378789268726,-2.0219978296811902,0.1503574034765453,-13.447943253400272,3.1655515708778724e-41,3.0804779497288054e-40,True
CFAP99,75.49372121844672,1.9168204988742996,0.14254373556121366,13.447244744411405,3.195590726105434e-41,3.108802658252337e-40,True
PFKFB1,432.01212399961383,-2.619689345842962,0.19483796702495443,-13.445476699659043,3.272897905026397e-41,3.1830817216309513e-40,True
AC099792.1,2.258514866669028,-2.5058237765349616,0.18637072292032952,-13.445372412952224,3.2775154603552376e-41,3.1866432386993243e-40,True
AL157935.1,135.83901886711277,1.8712696464966843,0.13920853559047652,13.442204808486618,3.420898852920932e-41,3.3231446503367363e-40,True
RNU1-36P,1.5192650737152327,-3.286564261855239,0.24449952022575788,-13.442006997889404,3.430057027810573e-41,3.3310708159713105e-40,True
AC012470.1,56.24789765657267,2.741640417034843,0.20396680160889039,13.441601257698705,3.4489182360550865e-41,3.347438133125759e-40,True
HIKESHIP1,2.3990185267649355,-3.135242973796086,0.2332816071390737,-13.439734972020199,3.537011320447446e-41,3.430905679262625e-40,True
RASGRF2-AS1,11.903104585481476,-1.6473059291599144,0.12263041850785415,-13.433093919143795,3.8690267040532534e-41,3.749728903036092e-40,True
AL450344.3,1.7106913885298347,-3.091411105359185,0.2301573955917299,-13.431726134244919,3.9411649566961225e-41,3.817424052885826e-40,True
ADCY6-DT,16.247246966857762,1.8137290005475089,0.13507432002709807,13.427637467903933,4.1648780924832957e-41,4.032941913653468e-40,True
LINC02289,59.583042458222515,-2.0852499366612816,0.1554374967475043,-13.41535974455766,4.91542071089593e-41,4.751430877903431e-40,True
C9orf163,37.00050011962851,1.5755923677238795,0.1174530941859108,13.414651854381553,4.962580640409323e-41,4.795627405882657e-40,True
SPTB,177.30992224658297,-1.9948258043783333,0.1487129801825378,-13.413932004656106,5.010998780321436e-41,4.841013856458272e-40,True
SYT5,90.30583374628206,3.658305172160926,0.2728956371023229,13.405509926819516,5.61361122883286e-41,5.41690743259106e-40,True
AC009121.2,8.455870076363432,1.9941215783555077,0.1487707256477915,13.403991744158777,5.729665291661768e-41,5.5272955687482874e-40,True
SLC36A2,4.523655778400224,-2.7386666454917226,0.20435840618926923,-13.40129186051329,5.941977261936041e-41,5.728794440829865e-40,True
KRT17P6,1.9673594117630704,-3.1013198781894378,0.23143383058752698,-13.400460383498409,6.008924884580819e-41,5.7899923714500354e-40,True
AC016682.1,27.189464596857288,-2.598190873747587,0.193930861262958,-13.397511137871987,6.252494275075117e-41,6.015996294849396e-40,True
PDE3A,641.1041219821672,-1.5469954928085663,0.11550691061404404,-13.393099032643274,6.635325786293298e-41,6.37515066687108e-40,True
MRPL40P1,12.2614970806823,2.7826843266558123,0.20794500002050076,13.381828494945658,7.722393945348741e-41,7.402532787681378e-40,True
AC100797.4,1.7603172909275568,-4.170992672890148,0.3117639975293106,-13.378686140621513,8.055879671941973e-41,7.71998652814922e-40,True
AC022915.2,1.8272449286553145,-2.4729820702610836,0.1848605395778313,-13.377555187865777,8.179375962005582e-41,7.83608184306016e-40,True
ATP1A3,39.55217266952548,3.213447140285913,0.2403092970091885,13.37212991873154,8.79848193304731e-41,8.419528665285358e-40,True
AC008738.4,5.59381333945111,-3.65671619544097,0.27349712378965163,-13.370218102378926,9.027575632045212e-41,8.636277101350425e-40,True
AC243772.2,40.7002357575981,2.0066248242683518,0.15008759111735268,13.369691720212781,9.091687184218049e-41,8.695115454731509e-40,True
CELSR1,13110.634923760066,1.6405368394973396,0.1227162816867053,13.368534451570417,9.234235020479903e-41,8.826383023731277e-40,True
FAM96AP2,9.290050145022915,-1.6963571512634539,0.12690960006124705,-13.366657451010687,9.470177452243875e-41,9.046718643794929e-40,True
RASL11A,448.21200158042876,-1.5098746896586936,0.11307837966770226,-13.35246131131067,1.145988699013468e-40,1.09161888384462e-39,True
TFF3,15033.241303274399,2.7458628794395055,0.2056951582858828,13.349185767528871,1.197506680821975e-40,1.1400414016195273e-39,True
AC138904.3,6.4046386784143685,2.59143063893945,0.194295568391805,13.337569458680209,1.3994838313436517e-40,1.3315659426955617e-39,True
C6orf141,1112.8235545199775,2.438039150420946,0.18285389944471672,13.333263101441556,1.4826780350961264e-40,1.4087130994991658e-39,True
IFNE,6.008631458197964,-3.023216995395519,0.22678704559747598,-13.33064235406736,1.5356965247005121e-40,1.4578406889336003e-39,True
AC092071.1,39.77439556494696,3.797777647808001,0.28497513918112377,13.326698106792463,1.6190641417143648e-40,1.5359422345763575e-39,True
AC025419.1,3.4962981805261824,-2.087365202586881,0.15668716824244466,-13.321864361969107,1.727392883997465e-40,1.637022599841758e-39,True
FSTL1,29382.300789128283,-1.5157783881773415,0.11380816632540089,-13.318713736617283,1.8018509516751608e-40,1.706130817359879e-39,True
SYPL2,75.26318570570436,-1.5657795480572407,0.11762976341375941,-13.311083033888751,1.995676876973463e-40,1.885911821201134e-39,True
CR381670.1,7.27861070322731,-2.6554129365876977,0.19957192440729243,-13.305543575199737,2.14924324015532e-40,2.029881416480877e-39,True
STMND1,831.2319576443095,2.724214582789172,0.20475094478646608,13.305015933529605,2.164469809078666e-40,2.0436835691666034e-39,True
ROCK1P1,169.80361011061675,1.928419774951386,0.14497634190786135,13.301617005738628,2.2651594129421553e-40,2.1381489176962333e-39,True
AL589935.1,36.90820648277256,-1.8076760080662664,0.13590923155276866,-13.300612382348811,2.2958024802479113e-40,2.1664605804693715e-39,True
LINC02147,3.540405350799942,-2.9642465421379773,0.22301410385476753,-13.291744741258023,2.5847990755416713e-40,2.4377959380723755e-39,True
LINC01136,20.72638651958237,2.0423545612852148,0.15367871826292917,13.289768319065148,2.653986880604775e-40,2.5009270551367237e-39,True
AGMO,61.12291689100052,-2.3627468703589116,0.1778285378900188,-13.286657464507718,2.7666362084503236e-40,2.60560719897232e-39,True
TGM1,88.96253012899622,-1.5049066646648617,0.11329129484355766,-13.283515443467795,2.88524015305349e-40,2.7165407640931915e-39,True
AL590004.3,25.113388900818176,-2.0889461228309947,0.15726528527064879,-13.28294492478732,2.907312009170337e-40,2.7365494833141846e-39,True
KRT6A,295.04741789404494,-3.7901375342669543,0.28536908233923436,-13.281528269279724,2.962847447375897e-40,2.7880361039091083e-39,True
AP002755.1,1.8025371374926427,-3.979901210251714,0.2997254397492649,-13.27848985251668,3.085541768738337e-40,2.9010355919271162e-39,True
MAGEE2,7.00966954198742,-1.9183582587224353,0.14451328022450002,-13.274615701354806,3.2493377664153497e-40,3.05331544582095e-39,True
AC188616.1,7.085629180330558,-3.011980172313688,0.2269473208722864,-13.271715042666958,3.377609653331353e-40,3.172061513065258e-39,True
STARD10,14155.221119927166,1.8043140859912012,0.13598702649239705,13.268281045119252,3.53599000083662e-40,3.318000296508172e-39,True
CPA6,232.96391946260806,3.6762761434594755,0.27717969420656347,13.263151018269733,3.786451248598327e-40,3.5510225728207425e-39,True
BCL11A,438.9326336812226,-2.565393241754872,0.193525534484373,-13.256096920698726,4.159895806781798e-40,3.9001508366704016e-39,True
LINC01929,109.91145628030945,2.777479545225584,0.209598310309576,13.251440534626713,4.426247352699213e-40,4.1487049737258587e-39,True
RUNDC3A,208.89679936915792,3.1910874366471167,0.2408320148559498,13.250262588866434,4.496272956604567e-40,4.2119721019608346e-39,True
CYP2B7P,7771.800245671463,3.2580385305493094,0.24593115344850414,13.247766640640403,4.64831122397976e-40,4.353174136717242e-39,True
AC103706.1,71.79931018860441,1.7350841882994512,0.13098121206019894,13.246817318364764,4.707470865669444e-40,4.407339862414663e-39,True
KPNA4P1,5.90734666982435,-1.5513557953845747,0.11712637059212283,-13.245145286597902,4.813494482529801e-40,4.505338969909805e-39,True
TKTL1,8.16981806138523,-2.6216070952596557,0.19793894667948103,-13.244523825342856,4.85350379566894e-40,4.541512291856439e-39,True
AC022509.2,14.035027879024705,-1.8049435016490198,0.13628481241213092,-13.243907884546928,4.893483977909464e-40,4.5776380695456577e-39,True
MIR23B,2.98619711150217,-2.82259934478425,0.21313322153944048,-13.243357015846192,4.929517711478961e-40,4.61005289288031e-39,True
AC116312.1,3.4363063957936446,-2.928002560917444,0.22112104665212196,-13.24162762997371,5.04436450303221e-40,4.714812550774136e-39,True
PADI2,4697.44723762652,-2.1528137606545763,0.16263993921867767,-13.23668571813722,5.387425152269513e-40,5.031230506945842e-39,True
JUNB,8086.767944873747,-1.5440986995988288,0.11672026424987814,-13.229054179428324,5.963306005353941e-40,5.562805369861499e-39,True
JCHAIN,14043.664768525967,-2.7159866422867536,0.20531102203209253,-13.228645083955662,5.995849437497877e-40,5.591599074136373e-39,True
LINC02284,2.4588707418830777,-2.312798523362632,0.1748618279758016,-13.226434551986326,6.1747761269369185e-40,5.7552434057355866e-39,True
AC119674.1,5.4762162824319045,-1.9064270694710959,0.1442057210752511,-13.220190261912439,6.709401762128073e-40,6.248306042033206e-39,True
SPATA9,37.462122799805925,-1.6536001612575155,0.12510846654457147,-13.217332183257154,6.969223810990006e-40,6.488460214201723e-39,True
AC093772.2,2.0252497396523745,-3.3667779763745496,0.2547585310702125,-13.215565195132372,7.134836763852505e-40,6.638941719802377e-39,True
MICB,574.0196697828825,1.5407955164286735,0.11663873927638918,13.209980886175197,7.684393971043403e-40,7.144322680243279e-39,True
PLCH2,650.8776800323806,-2.1043742716787013,0.1593605586530861,-13.205113545439676,8.197601126890912e-40,7.619336677276616e-39,True
AC068880.4,2.2298288979031673,-2.315335948177824,0.17537784775453832,-13.20198632736334,8.545169481729176e-40,7.933542790818104e-39,True
AC244153.1,16.584843134079147,-1.5713863410062343,0.11906375770657052,-13.197856100584987,9.026766540286028e-40,8.378336692234867e-39,True
LINC01785,2.4067171541184984,-4.646631474238601,0.35210145760320294,-13.196853843970942,9.147644876593198e-40,8.48816942096568e-39,True
CCDC187,28.229107593871827,3.1036689370582597,0.235230888254704,13.19413857629811,9.483270382129097e-40,8.78981611933361e-39,True
SLC6A4,508.0605557279348,3.389333254458436,0.25688641693003406,13.193898279882816,9.513555898454333e-40,8.815436945194598e-39,True
AC093390.1,2.777312654299509,-3.8342716137818416,0.29066545791160137,-13.191356280621207,9.839883752051377e-40,9.115285645754482e-39,True
AC106799.1,5.542695281270723,-3.8991051333520996,0.29559331103755343,-13.19077593354858,9.915932406144408e-40,9.183183277214938e-39,True
MTARC1,1997.1638751458938,-1.9888924110262276,0.1508396260005671,-13.18547694502206,1.0637907864178441e-39,9.84633886656916e-39,True
VGLL3,1601.7288435005278,-1.7669043634181647,0.134030478734941,-13.182854975191121,1.101423985884166e-39,1.0189012068030803e-38,True
LONRF3,140.1830211319057,-1.7298198526516777,0.13124468765000225,-13.1801132954401,1.1421916880748067e-39,1.0563214255575909e-38,True
SLC2A12,171.21480096215097,-2.2363271474455937,0.16967925657141988,-13.179732117133002,1.1479772126333794e-39,1.0613776563379698e-38,True
AGPAT2,5404.063289301275,-1.735805635335012,0.13172518382568177,-13.177477418684694,1.1827998708720952e-39,1.0932703130186668e-38,True
MIR31HG,28.84883781677145,-2.414841563623143,0.18337065494003188,-13.169182192280841,1.3201994121557406e-39,1.2192558902238104e-38,True
LINC01117,129.1919686076966,1.7553165071403718,0.13333409158013557,13.164798937302567,1.3990958900062257e-39,1.2914046176534075e-38,True
AC099521.3,9.261292894879745,2.702059429340502,0.20533193701168528,13.159469825615728,1.501356535764319e-39,1.384261518142225e-38,True
CD177,193.99294022228614,3.7183894423586614,0.2825793111339063,13.15874622044295,1.5158031441391464e-39,1.3971951092840353e-38,True
AL451042.1,3.5745102486747036,-2.0556231398888674,0.1562424845039803,-13.156620917894456,1.559038361653437e-39,1.4366501885266776e-38,True
ADRA2B,81.68992107993826,-1.60355693286564,0.12189783560582128,-13.154925392203285,1.594408116327631e-39,1.4688374660610544e-38,True
TUBA5P,225.18855285784983,1.894460937793534,0.14401907318750143,13.154236420665587,1.6090074508423042e-39,1.4814685112683602e-38,True
DPP4,999.795402966829,-1.8201612045262188,0.13837738028940363,-13.153603578269209,1.6225344902562512e-39,1.4930988608045178e-38,True
CSP2,11.859456182081152,-1.8411879127461614,0.14002348528682637,-13.149136439324035,1.721290458628693e-39,1.5817943098596938e-38,True
AC011374.1,7.016827614257135,-2.1860709368376368,0.16628444098903025,-13.146575373109329,1.7805804457354644e-39,1.6349277886792954e-38,True
SLC14A2,101.55149786845487,-2.665967060843076,0.20288031057776673,-13.140590396627843,1.927172045340051e-39,1.7680676902350854e-38,True
NPY4R,2.2583726937322837,-3.477987754678273,0.2647285500262367,-13.137939804126065,1.995869835371332e-39,1.8305902953739973e-38,True
AC099754.1,2.5777959502771752,-3.9208900806291593,0.2985026644277432,-13.135192907392847,2.0696334230531623e-39,1.8972018973446926e-38,True
LINC01761,3.1196581737535505,-3.5832828305307,0.27280467610319686,-13.134975843211762,2.075576604778194e-39,1.9021270731725197e-38,True
TSPAN1,5050.98601675062,2.276543165450862,0.17333358760426337,13.133883610881124,2.1057402465384274e-39,1.9292398758739017e-38,True
AC243562.1,6.179498907532401,-1.9116922418635836,0.1455602439467905,-13.133340464601048,2.1209019115012868e-39,1.942597029570349e-38,True
CLIC5,754.7602463288205,-1.7586001287750936,0.13391411086711869,-13.13229888461964,2.1502814215873896e-39,1.968965819014768e-38,True
AC011487.1,7.277863299223946,-2.0864355173982534,0.15888222472640973,-13.13196313175392,2.159837866272422e-39,1.9766309825005212e-38,True
DPP4-DT,8.470603784713665,-2.0364087555399926,0.15507266738704525,-13.13196445159048,2.1598002175631327e-39,1.9766309825005212e-38,True
BHLHE22,103.4028438720743,-1.560697914939588,0.11885504160243002,-13.13110402300073,2.1844831545872165e-39,1.9986372763327595e-38,True
CCL28,3823.5160707298546,-2.6403215621673186,0.20108642280570996,-13.130282618426216,2.2083082402120276e-39,2.019327433584615e-38,True
OR2A42,11.170017533580346,-1.634970394222421,0.1245237832430709,-13.129784139556318,2.2228925562031473e-39,2.0321064653733213e-38,True
BX284613.2,33.05086074731206,-1.7583940524905142,0.1339432325824364,-13.127905147490722,2.278733487953099e-39,2.0825838062413782e-38,True
AC091939.1,8.373595911706895,-4.630519395587756,0.35277156184154035,-13.126113033078656,2.3332913883383716e-39,2.1312773078525433e-38,True
DIRAS3,188.7594946907448,-2.2083099661872,0.16825655186459507,-13.124659585109907,2.3784914346609816e-39,2.1719690814487701e-38,True
RNU5B-3P,2.3135361460178974,-4.2522887240764735,0.324110113715299,-13.119889025776342,2.5330559663899574e-39,2.3112143207425087e-38,True
AL365434.2,1.9013441726030975,-3.698579589318078,0.2821593738908554,-13.108122329293085,2.95832168247852e-39,2.6940761821129486e-38,True
CHST9,366.88533686082434,-2.995331545697737,0.22852076876125166,-13.10748061077602,2.983455016098088e-39,2.71622280458245e-38,True
C11orf87,7.524095993786529,-2.892131395105725,0.22065040217469445,-13.10730171620513,2.990499305744646e-39,2.72189304987113e-38,True
CRYBG3,1602.6191051961273,-1.8696292081900032,0.1426411269508306,-13.107224039490923,2.993563110377128e-39,2.7239382310495725e-38,True
AC025176.1,6.236439947875524,2.211212480235641,0.16873849450028913,13.104374830319777,3.108127508235774e-39,2.827412555159706e-38,True
AL023803.2,11.340874456501504,2.4086857550338587,0.18390007019431143,13.097796822419953,3.3895457412521834e-39,3.0808929115568023e-38,True
CAMK2N2,131.66576389896275,2.3591942297048427,0.18013523203915646,13.096795129961134,3.434567436411478e-39,3.120114122497586e-38,True
AL450326.3,7.627664309152791,3.84678349901148,0.2937287397797322,13.096381041556203,3.4533521411117156e-39,3.1363246338217484e-38,True
SIAH2-AS1,72.57379858776166,2.0519304937388103,0.1566992917917884,13.09470177099,3.530583413462471e-39,3.204720366237342e-38,True
JPH1,670.8928841233286,1.9888283213975964,0.1520066895485189,13.083821029881609,4.0743280402293906e-39,3.693680257752357e-38,True
AC083906.3,32.513308870000486,2.696700159945333,0.20610966528903052,13.083812232501138,4.0747997446013143e-39,3.693680257752357e-38,True
LINC01798,3.608234048411713,-2.1007410621198024,0.16057452131102126,-13.082654987654104,4.1373254632185885e-39,3.749338773719476e-38,True
SYNPO2,8340.766848499312,-2.0309023524995387,0.15527338150819778,-13.07952678542211,4.3111568376462364e-39,3.9026267475207476e-38,True
AP003120.1,14.188541552760883,-1.9997291772819308,0.1529157995808874,-13.07732217836745,4.438008391093332e-39,4.0163674853343697e-38,True
AC135584.1,3.7947034760531135,-2.7885775828114943,0.21329307580859297,-13.073924562436032,4.640808286202878e-39,4.1976217937775905e-38,True
AC007998.3,19.140096360460063,-1.5511693851141857,0.11864972094241492,-13.073519033955632,4.665621180205764e-39,4.2189208443243497e-38,True
GABRA4,7.752124002091612,-4.1537545944447,0.3177530708762906,-13.07227207274375,4.742747821910926e-39,4.286338675146544e-38,True
AC025040.1,2.5774830918010205,-2.3647896358464116,0.180960538867884,-13.067985156547868,5.0176991110141784e-39,4.5336019412953623e-38,True
KIF26A,451.90286616429864,-1.593136338163471,0.12194217981777963,-13.064686399276468,5.240011758259603e-39,4.731902305069036e-38,True
SLC44A4,6003.863830578487,1.9965678375242246,0.15290351078451297,13.057697807462308,5.743863406432223e-39,5.182686708363317e-38,True
AL355916.2,45.441581601242504,-1.9951161761073628,0.15285106793634656,-13.05268064556939,6.135011609027915e-39,5.532625801770469e-38,True
RIMKLA,441.763457230709,2.0253828673234984,0.15518001066873122,13.051828380442384,6.204038823884066e-39,5.593362820700451e-38,True
TACC1,9737.743539079744,-1.6209891627935398,0.12424261912299493,-13.046965479605907,6.61293001816265e-39,5.957174586053652e-38,True
SORD,3336.255362322463,1.6095943652188027,0.12338247738165471,13.045566918225354,6.735410822767555e-39,6.064233680574384e-38,True
NBPF6,78.2472288188437,3.2673238196529666,0.2505252618942337,13.041893639581781,7.067949839115968e-39,6.356770743923367e-38,True
HYAL1,256.66894094795873,-1.7708133479420853,0.13583163226095843,-13.036825947434805,7.553674410857159e-39,6.789959243333569e-38,True
RAD1P2,2.2946273311543304,-2.70330764997804,0.2073745381594304,-13.035870623131784,7.648889742850393e-39,6.873695069639389e-38,True
AC108156.1,2.5161339400997043,-2.941495394107244,0.22568441632655348,-13.033666400125098,7.873157674460864e-39,7.071422981028692e-38,True
AC106795.2,118.11347329727036,1.7896583679280358,0.13733413700414465,13.031416710865013,8.108792977203481e-39,7.27914231485219e-38,True
GUCY1B2,62.640773218895646,2.7810311623048403,0.21341135688308124,13.03131755930143,8.119338031725717e-39,7.286647040366548e-38,True
SFRP5,10.963231307564973,-3.311171839951747,0.2541309173752069,-13.029393960212362,8.326637746056551e-39,7.468667084272187e-38,True
TMC1,22.55788518371707,-1.662658919071317,0.12760880061150137,-13.02934367460438,8.332126850051256e-39,7.471581025070162e-38,True
AC099521.1,9.14754563864404,2.6893926297558575,0.20647427658943474,13.025315667305131,8.783707478200415e-39,7.87228865064514e-38,True
AC104564.4,8.644951988767781,3.468426229585755,0.2663823451713893,13.02048087066049,9.357972432445576e-39,8.382460989783172e-38,True
AL391001.1,166.43849986461458,1.7725824805722648,0.13614945101170278,13.019387646446711,9.49291144825895e-39,8.501050050697844e-38,True
AC108075.1,2.7464603039471776,-4.690994478706174,0.3603534844938387,-13.017758064127671,9.697653327081202e-39,8.67973807849788e-38,True
SNORD93,1.632407358192422,-2.804431423869869,0.2155097393334691,-13.013014783199338,1.0318927403709408e-38,9.228369803869806e-38,True
GOLGA8K,4.625014669541867,-1.8863970454948344,0.14502413118276897,-13.007470067981117,1.1095495307809426e-38,9.920205710995617e-38,True
AL353586.1,4.365229687188323,-1.6571450450505387,0.127410079486781,-13.006388911502643,1.1253552883736569e-38,1.0058824313045587e-37,True
ZNF730,71.19606366445257,2.024720579278492,0.15567648612516619,13.00594990081281,1.1318370394708492e-38,1.0111340323952143e-37,True
KRT18P55,7.808708971899856,2.66859726765052,0.2052136419110423,13.003995459557828,1.1611466680876718e-38,1.0370401776661963e-37,True
AC024132.3,2.92879133906001,-5.1700435506704014,0.39757757425629014,-13.003861096394838,1.1631891342990787e-38,1.0385281374276484e-37,True
LINC01624,6.808734838310627,-1.7607941683823087,0.13543098945296006,-13.001412568088003,1.2010413312693374e-38,1.0712363561514078e-37,True
LINC02620,89.73244881618817,3.4293846460236637,0.26381466021955746,12.999219388223489,1.2359844154121318e-38,1.1018135330013146e-37,True
PRG4,1575.5089821698384,-3.3667440519547633,0.259096569577121,-12.994166836904569,1.320378573082896e-38,1.1764174468004675e-37,True
GRM4,429.392547600105,3.146818403128073,0.2423223391560808,12.986084626317485,1.4674444833489897e-38,1.3067504960001458e-37,True
AL731553.1,2.088962946613188,-2.367680141762276,0.18232707697401068,-12.985894256944464,1.471098008585203e-38,1.309654230867804e-37,True
RASGRP2,314.6730329119027,-1.62591588523345,0.12521610191955213,-12.9848786243007,1.490743160616068e-38,1.3267892624335534e-37,True
LINC01942,2.297704304357167,-3.8949084152339175,0.3000826007572703,-12.979454341587825,1.600164938927079e-38,1.4234169258009913e-37,True
CHL1-AS1,2.3329833800361546,-3.142779448548771,0.24217847898841918,-12.977121095467185,1.6496546401351443e-38,1.466657760433669e-37,True
GXYLT1P6,11.521918604264274,-5.457239727013852,0.4205651649045424,-12.975967061495707,1.6746919464497637e-38,1.4885208348121848e-37,True
LAPTM4B,16776.083599743022,1.713783774130531,0.13209557629204197,12.973816551900512,1.7223604351526092e-38,1.5300745378770475e-37,True
HPN,1732.4406337724429,1.8520982061538946,0.1427891813315318,12.970858078201616,1.7901500474093625e-38,1.5894492526904908e-37,True
LINC01474,4.835495628206589,-2.8653123220471715,0.2209212171402434,-12.969837660401069,1.8141415488965867e-38,1.610322238864846e-37,True
AC131097.1,7.124851438769944,3.04704076117948,0.23496011367951086,12.96833200096119,1.850126767863067e-38,1.641390731084475e-37,True
AF131215.7,12.337551611589374,-2.6478293890131543,0.2042021843346277,-12.966704531789611,1.8898216309839984e-38,1.6761612120129084e-37,True
AC108860.2,202.19566644208112,1.7307133051619,0.13351050164134026,12.963124876957254,1.9801355079592396e-38,1.754397955763355e-37,True
GSTP1,8688.343768937431,-1.5917630601774122,0.12279798145395793,-12.9624529762668,1.9975595715138506e-38,1.7693655816843398e-37,True
UNC13A,144.4212758325053,2.8384358957147295,0.21914017584085918,12.952603897589356,2.2711748372413053e-38,2.0101223367080756e-37,True
VAV3,11129.17052214658,1.570690371638644,0.12128766366186837,12.950124721814172,2.3457264964002458e-38,2.0744532730960436e-37,True
TCF24,18.71147186110912,4.04971770642415,0.31281604369987054,12.946003851099233,2.4750659268168097e-38,2.188254867269719e-37,True
PACRG,57.10744557837952,-1.9213391112841463,0.14843545176154993,-12.943936832358814,2.54258773350546e-38,2.2461657834350624e-37,True
MIR924HG,100.18086566073292,1.7319948729796157,0.13384368505147073,12.940430266198682,2.6613480397152417e-38,2.3504580449275315e-37,True
RNF112,34.5864495758311,-1.7180480756879024,0.13276622545221178,-12.94040008922526,2.662393642542026e-38,2.3507589511552565e-37,True
AIFM2,2263.7453997508387,-1.5107597914570494,0.11677097096228778,-12.937802769020072,2.7539354962972754e-38,2.430942161620377e-37,True
AL109659.2,12.334457313829882,-1.7003396587161794,0.13144987700050312,-12.93527006274545,2.84621184159802e-38,2.511066632419375e-37,True
UNC13C,18.02301508656724,-2.504964069041135,0.19369421946853504,-12.93257008863942,2.9479691460016955e-38,2.5987793563312333e-37,True
SLC25A24P1,208.5806977112498,4.129954940421973,0.31944197212729053,12.928654656490405,3.101992753361158e-38,2.733836055281217e-37,True
FETUB,2.2031563745487794,-3.872741909029595,0.2995766860647631,-12.927380831605758,3.153806532096091e-38,2.776565312536234e-37,True
LINC02227,4.946477100049573,-3.1303975546216765,0.2421974795845565,-12.92497989653433,3.2538166084922403e-38,2.8638566924414813e-37,True
SLC8A3,15.951728471515,-1.8906790535708384,0.14629209092038425,-12.924000482020539,3.2955134411522986e-38,2.8997909696302905e-37,True
ATP5MC1P4,15.500412366621473,1.9716453164194228,0.15257376626053185,12.922570929085419,3.3573293877063386e-38,2.953404847022387e-37,True
TEX14,200.0596515086334,2.2357549051598067,0.1730120669218072,12.9225373983322,3.3587930575554407e-38,2.9539132298633015e-37,True
PKIB,2898.1136346088697,2.003029303228456,0.1550458522152643,12.918948005442079,3.519200702404189e-38,3.092538187733262e-37,True
SCN9A,128.46224263459973,-2.03059642656537,0.1571799601652052,-12.918926970277232,3.5201628470802716e-38,3.092568777325605e-37,True
AC120498.10,26.566181569252798,3.122288685621153,0.2417867210656271,12.913400172930439,3.782235306177362e-38,3.3201833436617228e-37,True
F12,326.71672501057213,2.095458491844627,0.16232980676011963,12.908648963903211,4.022975770124108e-38,3.5277996044667074e-37,True
HMGA1P8,7.111269357873971,1.9504991980893496,0.15110968558799392,12.907837048959635,4.065612593574149e-38,3.5642511667482727e-37,True
ERVFRD-1,15.726135596798951,-2.0644357878010875,0.1600407882908533,-12.899435261773666,4.534077104673087e-38,3.970770413963833e-37,True
ARHGAP29-AS1,39.41412377974885,2.5923251855069003,0.2009895993979134,12.897807614286995,4.630851132207818e-38,4.0533925041469425e-37,True
LINC01532,2.9712310550757897,-3.215881700257873,0.2494113770294666,-12.893885349415854,4.872573338159291e-38,4.261616791352588e-37,True
POTEC,38.77580171119018,5.793449909361926,0.4493964221311963,12.891624463513404,5.017564032051461e-38,4.386126943771538e-37,True
GGH,1876.108256066515,1.615776964628709,0.12534080095755573,12.891069406648047,5.053810672181574e-38,4.416654405308786e-37,True
C3orf52,945.9557773565091,1.8159878259254303,0.1409416553452621,12.884677858201957,5.490427666156262e-38,4.791946407711206e-37,True
CHRNA2,23.54325463277289,-4.013230444344914,0.311679999376953,-12.876124397995843,6.133922576766481e-38,5.346580868075937e-37,True
MRPS30,6534.647854858238,1.6747245826775718,0.13009510074497788,12.873079563238067,6.380645114780386e-38,5.558728681630384e-37,True
CPLX2,162.50041350207363,5.731822009622052,0.4453598297888227,12.870092060929526,6.632305487729167e-38,5.774125677395694e-37,True
KCNS1,66.79400975437696,-2.494156592892184,0.19383987305829797,-12.86709774176368,6.894438796569586e-38,5.995375213215101e-37,True
AC006058.1,23.249001483955897,-2.696350060221006,0.209603146470075,-12.864072441803557,7.169742617585478e-38,6.229904808594531e-37,True
KRT74,2.0464386541775332,-3.3118183784955733,0.2574666258942709,-12.863097758757972,7.260745841465439e-38,6.3040513685766974e-37,True
AL512643.1,1.630311604966234,-3.9549662607681917,0.3074933956821575,-12.861955138887822,7.36889177601899e-38,6.394618054604666e-37,True
AC110772.1,2.0715096545309044,-3.458077725976159,0.26892562560064637,-12.858862811056142,7.669669739134849e-38,6.653897401935695e-37,True
SOGA3,5.974853018955574,-1.85061822136967,0.14392354216272654,-12.858342655833724,7.721448699606646e-38,6.69707653272255e-37,True
ELAVL2,134.94641179117977,2.241649594499928,0.1743356480345785,12.858239951334047,7.731713445343243e-38,6.704235873342481e-37,True
SCN11A,72.91107678188264,-1.8555517895532174,0.14431292530408557,-12.857835052843225,7.772313126685309e-38,6.737688340572611e-37,True
PODN,3738.000319910607,-1.6685424717371764,0.1297963298857887,-12.855082059757558,8.054034760976217e-38,6.9782802089840434e-37,True
LINC02308,6.170959107559422,-2.623065141438055,0.2040687444066164,-12.853830943417167,8.1853975847869e-38,7.0865738332050444e-37,True
NALCN,234.00470154654752,-1.8334736562229907,0.14265218347086472,-12.852755643922263,8.300000709298509e-38,7.182063405666736e-37,True
FLJ12825,77.58248104381406,2.135078782300202,0.16612606092925666,12.852160403715384,8.364124518420192e-38,7.2356728551178974e-37,True
AC025774.1,17.980948949818462,-2.0687632565308407,0.16098332784776337,-12.850791968266439,8.513416349681036e-38,7.362912910931351e-37,True
EHD4-AS1,10.518476087248999,-1.5180973297697824,0.11818437899302028,-12.84516061009584,9.156170467073454e-38,7.912649103561353e-37,True
LINC01612,14.158599870910374,-3.5860441908374643,0.27929300424716885,-12.839720781777567,9.822810541224962e-38,8.484354020702183e-37,True
HAPLN3,1077.9532524480594,-1.51094217839165,0.11769423680648596,-12.837860369288567,1.006169794295699e-37,8.688440308122026e-37,True
H2BU1,152.54643897450725,2.483066827888912,0.1934310601130471,12.83696024018961,1.017934380727747e-37,8.785479726420712e-37,True
PM20D2,833.2142027424678,-1.790983273091127,0.13953173922966552,-12.835669382313197,1.035044781479879e-37,8.92853295850297e-37,True
CCDC196,50.45555101679598,3.2623026651514464,0.2541654080195547,12.835352735728913,1.039285432059241e-37,8.962795416018524e-37,True
AC020659.1,60.35390983095484,-2.4769487252371514,0.19298186844278192,-12.835137027246441,1.0421841670179103e-37,8.985470472047644e-37,True
AC026462.1,9.231974913270053,1.6176855399821948,0.1260460221095774,12.834086414689619,1.0564178185276749e-37,9.103482643431378e-37,True
AC026408.1,3.4953689836098234,-3.891063852465184,0.3032246120385177,-12.832282400516071,1.0813107165676975e-37,9.315585400882497e-37,True
AL138789.1,3.2738321655701443,2.853445825472923,0.22237969960741147,12.831413256292677,1.093510969588333e-37,9.418258606611912e-37,True
LRP4,550.3415955953564,-1.6176919363671696,0.12608923667628927,-12.829738517017862,1.1174065832814113e-37,9.621583306442495e-37,True
LINGO2,9.760338971638546,-2.340504791399813,0.18247186373098942,-12.826661292013327,1.1626742692953414e-37,1.0006199795285248e-36,True
LRRTM1,2.3808087882565347,-2.777646812014682,0.21667759086933056,-12.819262023684619,1.2791214931314712e-37,1.1002688334908804e-36,True
AC002401.3,5.943192653814012,-2.7168998166759444,0.21196120583879033,-12.817910739488411,1.3016064499367264e-37,1.1193211319994814e-36,True
C5orf49,193.4912170257227,1.778566312101286,0.13879989753051067,12.81388778914859,1.3708995781866687e-37,1.1779987125211857e-36,True
MTDHP3,2.175477141402213,-4.491032466337247,0.3505314526341486,-12.812067027333377,1.4034548588756535e-37,1.2056624443236518e-36,True
AC073136.1,14.980495451692832,1.580151111909243,0.12334363788983489,12.810965680455805,1.4235187864536075e-37,1.2222690012729495e-36,True
DRAIC,502.27498138093944,2.0159234850930865,0.15742936209533012,12.805257280229338,1.5321715804952625e-37,1.3148839433334151e-36,True
KIFC2,1147.710053049498,1.6555606534395093,0.1292901756993445,12.804999641190083,1.5372652797968857e-37,1.3189158686891264e-36,True
AL391427.1,6.107833808736465,-2.5908984768986287,0.20236479708398056,-12.80310861490112,1.5751709231170574e-37,1.3497013133358364e-36,True
MPP6,501.53426962343855,-1.5897699406159076,0.12431954862582673,-12.787771176685574,1.918987125179178e-37,1.6417727459620423e-36,True
LINC01844,9.800486617832005,-2.2716786767899477,0.17770157257736996,-12.783672332448694,2.022877418369163e-37,1.7297676673126464e-36,True
GALNT6,11621.859887271032,1.7095375048797405,0.13374919235696714,12.78166600301485,2.0757495136429216e-37,1.774068952600661e-36,True
CSPG4,2258.06419480585,-1.5384484607552504,0.1204324214648488,-12.774371236937098,2.279825837036174e-37,1.945494161702133e-36,True
ABI3BP,3247.0864859340154,-2.1265818585588385,0.1665435508449391,-12.768923490401614,2.445127390159421e-37,2.085487297555666e-36,True
PKP1,2409.123310193385,-2.555066888188945,0.20017489536230249,-12.764172468103226,2.5989800813226297e-37,2.216143869394742e-36,True
AC020658.4,2.9431455893301774,2.8115900574641404,0.22027460010131306,12.764022979367471,2.603974033687089e-37,2.2198346127155095e-36,True
CLEC10A,362.1167077318023,-2.2352991988829256,0.1751997067443126,-12.758578426989798,2.7925073458077027e-37,2.3775166575272168e-36,True
ANKRD33B,390.43538580627336,-1.584583523639154,0.1242106534763876,-12.75722717246941,2.8413625499799244e-37,2.417260195900013e-36,True
ZBBX,18.970194723275643,3.3403072384210084,0.2618698302388599,12.75560164901091,2.9012609908897975e-37,2.467588696383164e-36,True
AC090796.1,6.093317038176752,4.70275398960699,0.36871644960845174,12.754391605259135,2.9466628925483424e-37,2.505565038337447e-36,True
LINC02794,1.7835690152265096,-2.8777096672427516,0.2256519417131251,-12.752869066383791,3.0047944448242397e-37,2.553041781922129e-36,True
AC103957.1,1.681845845739944,-3.4741488741017745,0.27254677035059954,-12.746982360615348,3.2404765891783157e-37,2.7504874973913882e-36,True
AC073365.1,4.453859802313008,-2.5910553963503835,0.2033310646520191,-12.743037571680045,3.4086032605113967e-37,2.8895147466902532e-36,True
AC093821.1,2.088466588270099,-2.795290603669817,0.21936029999438517,-12.742919314667995,3.4137750172511526e-37,2.8931634828540965e-36,True
SMCR2,3.303843665355549,3.2575026941707717,0.2556353392599199,12.742771416508546,3.420254054169791e-37,2.8979179993015336e-36,True
EFCAB1,115.74477938271299,-2.7317969352597733,0.21446225848242376,-12.7378912942095,3.6410338747736803e-37,3.082631091389375e-36,True
C1orf189,16.022679537524688,2.0429553992144025,0.16042141891000664,12.734929120409175,3.78189393753957e-37,3.201075657944344e-36,True
CCDC60,15.955774189987666,3.909670558090946,0.30709357317106484,12.731202798285475,3.966807349001882e-37,3.3550357159995884e-36,True
CDH17,20.482655519702462,-1.70936981358929,0.1342905947244088,-12.728887060908916,4.0862216870074584e-37,3.454281547275329e-36,True
AP003031.1,11.80113284601306,-2.9830572315683983,0.2344414152696192,-12.724105201880542,4.344229002815486e-37,3.6714569948021696e-36,True
LINC02346,3.1715319980640815,-4.000152981837652,0.3143804624140453,-12.723923589657971,4.3543408186756255e-37,3.679070482949416e-36,True
CDH4,95.24080805851126,-1.727925302293252,0.13583038851163481,-12.721198262237492,4.508921657619362e-37,3.808713990880144e-36,True
PPIAP46,5.791018915194764,-1.8452866801804946,0.1450605945428504,-12.720799097754997,4.532015655167892e-37,3.8272522178828576e-36,True
AL359504.1,24.96827758604705,-1.580181222978594,0.12431063326980954,-12.711553158521006,5.101109998581428e-37,4.2958817510780815e-36,True
GPR26,184.28486518459255,4.108402753503667,0.3232235156595348,12.710717365722935,5.155927383682525e-37,4.34094981869297e-36,True
PLP1,201.93667169404767,-2.6612990056940538,0.2094411515929022,-12.706667173349533,5.429974917906331e-37,4.56706768063703e-36,True
RPL22P12,3.008648679500321,2.4095917155651794,0.18965921547831796,12.704849113122302,5.557652003813644e-37,4.673276265133162e-36,True
ELN,4806.125041718745,-1.7959478206223656,0.14136640984430246,-12.704204786698472,5.603613662419439e-37,4.709549194254684e-36,True
CD1C,135.06361476039055,-1.9653316130199205,0.1547286178648174,-12.70179776786336,5.7786798399537145e-37,4.8542366242472656e-36,True
MUC4,95.94556018288286,-2.254388003450149,0.17754809743008637,-12.697336868607483,6.117623980735735e-37,5.1350778286825075e-36,True
LINC01402,7.097847612669582,-2.0095145212021497,0.15830678412720026,-12.693799146267132,6.40041274796906e-37,5.368394485211775e-36,True
KLF5,1817.3338528446432,-1.8103590190576464,0.1426309878291191,-12.692606611030211,6.498636534251626e-37,5.4494098511631246e-36,True
ADRB3,6.657266925610015,-3.136843189423932,0.24714809005401558,-12.692160351060602,6.535776944295544e-37,5.479176101440726e-36,True
CRHR2,22.9336022680783,-1.8741154454900952,0.14769455898395584,-12.68912990690254,6.793630196219506e-37,5.693912375313503e-36,True
GLT1D1,30.007410062122695,-1.9017908291240158,0.15004505488163106,-12.674798450534196,8.156807746259982e-37,6.824420008279583e-36,True
AL358913.1,9.653050383932513,4.320946842634995,0.340945936754961,12.673407648616369,8.302763920251713e-37,6.941310453158043e-36,True
PTPRZ1,443.93543877379994,-3.405263750969561,0.26876752181590746,-12.669922794101584,8.679978569674343e-37,7.254852263660893e-36,True
LINP1,6.089884159189911,-3.3246348479842767,0.2624683603984173,-12.666802364054865,9.032174416361296e-37,7.545440496273369e-36,True
AC069148.1,10.998632246197614,-2.055148645577299,0.162307067019695,-12.66210204715189,9.58967241070956e-37,8.007160371175592e-36,True
LINC01978,13.275132548840075,2.1982842854304483,0.17366703416203236,12.6580401170405,1.0098915222506823e-36,8.426037622101077e-36,True
RNF39,505.80099952771315,-1.8402259497822389,0.14538195385924946,-12.657870532981287,1.0120750660007364e-36,8.442143915972625e-36,True
MRC1,1404.2163048071375,-2.110489898210641,0.166738634153085,-12.657473829808222,1.0172013117089035e-36,8.482782331627963e-36,True
PRG2,3.0176475513660925,-2.4366422210866934,0.192686291489122,-12.645643871475167,1.1825181414524777e-36,9.844183100174408e-36,True
PROK2,5.277982781171287,-2.8221107500668245,0.22324294321234653,-12.64143318242521,1.2475893646597424e-36,1.0375525616468267e-35,True
PGA5,2.8390430429732563,-3.4739827832740926,0.2748832616974256,-12.638029546877382,1.3027797236551558e-36,1.083181276593762e-35,True
KRT18P28,10.48102473900355,1.700184462428631,0.13454061002008014,12.636961153772672,1.3205991802417749e-36,1.0977233814028652e-35,True
MMP7,3141.1785812438657,-2.3809525016272826,0.1884486715608385,-12.63448811767622,1.3627810489041484e-36,1.1325039920235348e-35,True
LINC01625,29.016690056465965,-2.912443583146284,0.23079160522580772,-12.619365337386226,1.6514683937462782e-36,1.3693391214083698e-35,True
MIR3150BHG,33.46180702320997,2.2342466790277853,0.177088556670237,12.616550278786544,1.7115604519534632e-36,1.4188125655529716e-35,True
CACNG6,125.5699396072097,4.5716651763480165,0.3624304223657526,12.61391123434568,1.7698668169032508e-36,1.4664171050163108e-35,True
AC069120.1,287.02644011327465,2.7262718340351153,0.21615496045976793,12.612580475767272,1.8000126678467278e-36,1.491023906110793e-35,True
AC004921.2,16.808027847072456,3.1995440406047044,0.2538526525623839,12.603941728827994,2.008503835142508e-36,1.662074302684057e-35,True
TCEAL6,6.048329000759466,-2.213949527729889,0.17569545173285164,-12.601063407698465,2.083167843940621e-36,1.7225778434806786e-35,True
OR2L13,12.650676432294908,-3.0788774053929386,0.24441340717194568,-12.597007017814443,2.193096258412738e-36,1.8125791108254373e-35,True
AL162727.1,4.5805957652659455,-1.872640230760283,0.14873432037935663,-12.59050517717761,2.3814437418225948e-36,1.967271918405789e-35,True
ELF5,2126.811952917556,-3.0776294186793374,0.24452256551081916,-12.586279766245804,2.512377710842918e-36,2.0733799623583388e-35,True
SAPCD2,774.4172071208505,1.728842750547748,0.13738744403443262,12.583702700768331,2.5957207182581514e-36,2.1416301393664295e-35,True
ZNF703,12614.964161262924,1.7326070253537427,0.1377053395933467,12.581988690273375,2.6526679054663638e-36,2.1875326898960875e-35,True
BPIFB1,1102.1029981640386,2.8926036896609038,0.22991855274124207,12.580992943689655,2.6863194991895918e-36,2.2136414375703905e-35,True
IGF2-AS,10.085714491082001,-2.059991916113808,0.1637643846380562,-12.578998300922992,2.7550104936418072e-36,2.2696849049520904e-35,True
TMPRSS6,438.55146396796806,2.5547232314559447,0.203116616230171,12.57761811353209,2.8035600509227595e-36,2.3091114877308746e-35,True
AP003469.2,40.35287904678517,2.2013584720772426,0.17503226918166345,12.576872152599956,2.8301529976787382e-36,2.3298635477558194e-35,True
GDPD5,1733.4347362350868,-1.6145201064567911,0.12838686486437595,-12.575430579774045,2.8822563227927795e-36,2.3721709306223199e-35,True
AL031658.1,21.092840668528012,-1.552127027734579,0.12346638519736473,-12.571251885713323,3.03873663146366e-36,2.497875965557841e-35,True
FCER2,80.83268797038572,-3.259935889201788,0.2593227674098143,-12.570959047533334,3.050013923172301e-36,2.506528199208306e-35,True
LINC02207,6.61200197526446,-1.819202743270532,0.14481091126491352,-12.562608213565671,3.389714279961357e-36,2.780899914450954e-35,True
CPM,3756.652264976761,-1.8525199306472637,0.14746489383273823,-12.562447118759538,3.39662420820854e-36,2.785883441208721e-35,True
LINC02236,31.493748663615662,1.5743609681668265,0.1253254309818312,12.562182757584662,3.407993944620115e-36,2.7938345638922375e-35,True
UBE2SP1,22.04452796410097,1.8554681775255615,0.1477092486814075,12.561624908996734,3.432110350930678e-36,2.812913445396588e-35,True
AC013474.1,2.382301782720171,-2.3993032788535458,0.19108964538646858,-12.555904188325242,3.689424314847805e-36,3.0223191224725977e-35,True
CDH7,155.87420016019354,3.878815091227057,0.3090161589939667,12.55214324019472,3.868943066534936e-36,3.1685997624232217e-35,True
SPNS3,30.667329807831365,-1.5360616771150988,0.12240410375453452,-12.549102766974793,4.0203962506977495e-36,3.2902133635464847e-35,True
PRKAR2B,8105.913745300187,-2.053577122763803,0.16368878603504358,-12.54561886923738,4.2011925655200026e-36,3.437330001656687e-35,True
KCNN4,1363.7289248413654,-1.8392126670203521,0.14663623403189496,-12.542688914257738,4.359480627409095e-36,3.5650887553571827e-35,True
AL133346.1,3.063833568896233,-1.9363768444021991,0.1544213022279991,-12.539570748750638,4.534450085239893e-36,3.706357252271205e-35,True
KLHL30-AS1,3.664050828570493,-3.3631665527019736,0.26823721088762065,-12.538031325232462,4.623387214357415e-36,3.7781264447832746e-35,True
AKAP5,627.8252938538799,1.7212140201883512,0.13734682234014214,12.531880904574045,4.996349065109562e-36,4.076908367319276e-35,True
LINC01276,4.2711751722243125,-2.3059400559756313,0.184058980055447,-12.528267054837404,5.229282687208771e-36,4.2648899079414353e-35,True
KRT6C,24.428313960414037,-3.7308580125228006,0.29780584761977413,-12.527819860965932,5.2588471716693595e-36,4.2879534065526037e-35,True
MSMB,659.3001330865546,3.312027987829386,0.2644160139048746,12.525822240936247,5.3929533129609194e-36,4.395151515980785e-35,True
AC010168.2,534.0850397182314,1.6779827203085478,0.1339689023261068,12.525165849489504,5.437756366879069e-36,4.4305823864903513e-35,True
URAD,7.1043415458374,-4.6978105380965305,0.37548055053753915,-12.511461729165811,6.46239635568284e-36,5.257732521728885e-35,True
AC097462.3,2.222837037431591,-2.7761018534070816,0.2219082578162448,-12.51013315469262,6.571398075396207e-36,5.34511108332654e-35,True
CBX2,1337.7401211635156,2.039983439002764,0.1630677296159424,12.510037662309635,6.579302674824874e-36,5.350235671854054e-35,True
HSPA8P15,27.759632962920215,1.8438033216141865,0.14744230375209386,12.505253069799531,6.987693580395188e-36,5.679566005669001e-35,True
AC008581.2,2.641710355655478,-2.345013648779675,0.187535132045819,-12.504396499994124,7.063420660881489e-36,5.73971772952575e-35,True
PTGDS,53.422954216814894,-2.188858575906237,0.17516933372091315,-12.495672212772215,7.882716812763333e-36,6.394568790777046e-35,True
RNF157-AS1,34.70114704438036,1.528454887559983,0.12236524184811863,12.490923602775384,8.367655922390409e-36,6.784657363379473e-35,True
MROH6,784.7953419254918,1.8619522411667182,0.1490794357213485,12.489665205380723,8.501061517496288e-36,6.891149745915988e-35,True
AC007663.2,3.542943586773448,-1.896117629708712,0.1518983214277255,-12.482808314711367,9.265984622953995e-36,7.502095683197203e-35,True
MIR548A1HG,1.6363163612100664,-3.3661936421396113,0.26982234709968383,-12.475592471575368,1.014487966107838e-35,8.201735559207344e-35,True
PACERR,2.7170153426550088,-2.4090435629302607,0.1931357802797838,-12.47331571312384,1.0439019600112499e-35,8.433402728782746e-35,True
AL121749.1,4.869017018554036,-1.7747943799777142,0.14229818491808952,-12.472361337562605,1.05648241368553e-35,8.532969729716333e-35,True
LINC01127,11.269335079073974,-2.308818736545821,0.18515552612841887,-12.469618297778952,1.0934857672893764e-35,8.827561571855099e-35,True
AC016026.2,12.34114777931476,-1.6793568319266865,0.13470166051670315,-12.467231847661184,1.1267245920653286e-35,9.089762063800191e-35,True
APLP1,771.4015245464428,2.2310454187555897,0.17895572008387386,12.467024902640341,1.1296538235469736e-35,9.110719555373162e-35,True
TCF15,53.046430834795075,-2.1089804885749217,0.16917062457561824,-12.466588060814425,1.135862030381495e-35,9.158574190327002e-35,True
IGFALS,125.50223507609972,2.1059122206518373,0.16892589281353426,12.466485661712083,1.1373221801043966e-35,9.16813086398393e-35,True
AC141930.1,87.38807902040006,1.937486555215761,0.15547975391401586,12.461343078065577,1.2131019883592843e-35,9.771917441979172e-35,True
NMRK2,5.352377914663693,-4.2590183756464475,0.3418048134695655,-12.460381503742846,1.2278184235734912e-35,9.888074524934158e-35,True
TEX26,3.9848239267659324,-3.71271043502784,0.29809885634357713,-12.454628241675353,1.3196496805003733e-35,1.0614808778342246e-34,True
LIN28A,29.068634796965164,4.6180569385500725,0.3708144359216096,12.453821888224256,1.3330542678156956e-35,1.0720045039157374e-34,True
PITX1,1541.857944443439,2.5848971630491353,0.2075894469264106,12.451968061581994,1.364387030924768e-35,1.0966725257727186e-34,True
C6orf58,9.498955778564586,-1.8714124237325935,0.15029713437406542,-12.451417863197237,1.3738263482859208e-35,1.1039936117828235e-34,True
AL357054.2,28.010592542986107,2.403447234323849,0.19302913958098114,12.45121456553732,1.3773305591992296e-35,1.1065429250478224e-34,True
BMPER,214.36610902888043,-2.3967736636706496,0.19254774114372927,-12.447685178926886,1.439601187274217e-35,1.1562923890753339e-34,True
PF4V1,1.8875929049813642,-2.949115067520995,0.23692205928865484,-12.447617061811581,1.4408301259766383e-35,1.1570008155837927e-34,True
AP000445.1,8.327141009637513,-4.000908659686505,0.3214958825120056,-12.444665320207017,1.4950974822105695e-35,1.199422803325482e-34,True
CNGB1,6.7163918741429445,-2.5792711218576017,0.20734956142564112,-12.439240787989656,1.6001761445153938e-35,1.2821786218991802e-34,True
GLI1,97.38530665533173,-1.6586181506184214,0.1333598896461261,-12.437158991504921,1.6424233253310475e-35,1.315714039790178e-34,True
TGFBR3,7791.960509106719,-2.145720963918808,0.1726169737798979,-12.430532855099143,1.7844091960931348e-35,1.428084048008398e-34,True
LINC01060,36.877930430690554,-1.9519381684175554,0.15708792117613993,-12.425768663835594,1.8939715880794147e-35,1.513951545802023e-34,True
LINC01649,7.374977100757383,2.7084065097290764,0.2180755610433395,12.419578318502264,2.0463724406406336e-35,1.6345981921658558e-34,True
AC010996.1,18.688914305762914,1.6061343628197378,0.12932402604789695,12.419458409258645,2.049441738033222e-35,1.636657866898226e-34,True
CYP3A4,11.764005218717912,-2.0017996223453944,0.16123549959690536,-12.415377676442017,2.1566672656331207e-35,1.7189937055831486e-34,True
AL391883.1,2.6499589672558503,-4.265538845795768,0.3437125364459141,-12.410192802109165,2.3009803689456903e-35,1.832268250333568e-34,True
SAMD12-AS1,43.744016972156416,1.6435728137918322,0.13247579972901066,12.406589106492548,2.4068963888347213e-35,1.9152371193330737e-34,True
CLK3P2,3.3210465758995493,-3.2135154955959266,0.25904054321090303,-12.405453817241183,2.44125656840411e-35,1.9421151073403786e-34,True
RPS15AP36,15.232384255557644,1.7500586509481866,0.14110034422841589,12.402936793089312,2.5191836845467574e-35,2.0031534739139203e-34,True
TJP3,2903.9642052214817,1.508389005851656,0.12163800684497035,12.400638953038115,2.5924806250465593e-35,2.060944847787311e-34,True
AC016931.1,1.319862111099804,-3.869338214253397,0.31212054813421725,-12.396935214241372,2.715108752130496e-35,2.1568880842019988e-34,True
MCF2L2,38.35128854642976,-1.6678252369621862,0.1345773703406424,-12.393058600718566,2.8496364725438906e-35,2.262140602781866e-34,True
KRT18P11,13.873719679419132,1.8661277229211481,0.1506716762657774,12.385391661996186,3.135503882134585e-35,2.484931534346632e-34,True
TMEM35A,77.88431437607053,-1.9193561890627862,0.15498759489897865,-12.383934277538975,3.1929820571974447e-35,2.529882599797519e-34,True
RCVRN,9.341633069555543,-1.80893917803627,0.14608728589004136,-12.382591455616767,3.2468681296510666e-35,2.571966870682504e-34,True
LINC01344,27.02606646266498,2.7419835575348683,0.22159277309624126,12.373975555348915,3.6147698296566836e-35,2.859320660560264e-34,True
AL590132.1,3.5242755248667788,3.3810879266080396,0.2733778293100455,12.367820518369296,3.902677124513764e-35,3.083401549997856e-34,True
MYH2,11.793948519153027,-2.1322015753254733,0.17240400052672583,-12.367471571490258,3.91966530351561e-35,3.096089962267695e-34,True
SYNDIG1L,11.806608851931099,-1.9614114706117378,0.15859490794773531,-12.367430303992595,3.921679228393846e-35,3.0969472078547562e-34,True
AC010319.5,6.901571151742098,-3.084653189462395,0.2495184879124784,-12.362423383009496,4.17381274747678e-35,3.2937170211926912e-34,True
AC010623.1,10.964354808743055,-1.6954359834160215,0.1371527788091703,-12.361659735490985,4.2136581040295806e-35,3.3235876090653377e-34,True
AL157996.2,12.673997784488181,2.2645890597449463,0.18322293841960777,12.35974643392467,4.315157210837643e-35,3.4028417551247236e-34,True
IGHE,141.4269988214938,3.3618144679345647,0.27206290163303837,12.356754440813175,4.478770609052214e-35,3.5301943049227673e-34,True
HNRNPA1P57,123.49013783342166,4.165919166015106,0.3372192072152671,12.353742245042856,4.649714047289071e-35,3.6640669603743674e-34,True
AL591379.1,2.1024331102061953,-3.9899668360165226,0.32320384248591444,-12.345047649581733,5.180356218661612e-35,4.078368733147924e-34,True
PPM1J,357.1952993714892,1.7161754120709918,0.13904699309550153,12.342412977548335,5.352727431157702e-35,4.212083697538419e-34,True
HAPLN1,126.20263896456558,2.9423168043431396,0.23843667821740255,12.340034370300966,5.513234311861982e-35,4.337363790193094e-34,True
AL031731.1,12.55518568711374,-2.384968443176203,0.19337256234514622,-12.33354108903686,5.976154543440537e-35,4.699334540655469e-34,True
AC115485.1,1.7673826050637083,-3.183706131068727,0.258214427704233,-12.329698845160756,6.268054420812341e-35,4.9277073757583865e-34,True
METTL11B,16.595998645747702,3.0834062872424504,0.25023202791944194,12.322188781665877,6.880120372098702e-35,5.401250807182665e-34,True
AC087762.2,5.107600640557228,-2.3969839862293685,0.19457918725983653,-12.318809734920373,7.17453859881683e-35,5.628409497340449e-34,True
AC147067.2,11.33111752203193,-1.7302619472261431,0.1404823691125187,-12.31657722002323,7.375891804377984e-35,5.783649559938899e-34,True
GMNC,3.088056488214742,-3.715787666675984,0.30177587846890286,-12.313070499632015,7.703560159089601e-35,6.0349078634127106e-34,True
AL139351.3,40.39105850669093,2.8788093456896764,0.2338250274829511,12.311810145727788,7.824827322994865e-35,6.128467975447528e-34,True
CRYGN,27.70683852799209,-1.6431120006996132,0.1334733100614516,-12.310416216868513,7.961156378323297e-35,6.233777977476019e-34,True
SPEF1,113.21496097703434,1.8276828667696878,0.148492207482295,12.308274607525151,8.175221656033277e-35,6.395389796083832e-34,True
SLC39A12,6.690340399795506,-3.2101854047109777,0.2610589494557482,-12.296783586249482,9.425309186143096e-35,7.36123269434862e-34,True
ENPP3,224.72740303330156,-2.0638538118972938,0.1679149499067183,-12.291066477665185,1.011625279186346e-34,7.893470153389202e-34,True
AC011483.1,2.08254085740639,-3.3816079090554654,0.2751325253211829,-12.29083295443845,1.0145520682931902e-34,7.914455421171837e-34,True
AC097709.1,2.3082510275778882,-4.710422967481266,0.383336811624002,-12.287948416760742,1.051405795072135e-34,8.196197255694396e-34,True
AC005821.2,5.062295289850455,3.3881654927445775,0.27575450411848806,12.286890847261475,1.0652482670053954e-34,8.302165098472291e-34,True
RGS8,21.196625071422005,2.332709314592692,0.18985989683076163,12.286477310540388,1.0707101362705749e-34,8.342783255721356e-34,True
AC008406.3,10.60651802330137,3.2685836507251493,0.26604237363492805,12.28595131695226,1.0776975200096317e-34,8.395266198271714e-34,True
AC105053.1,2.807393519897285,-2.4815384691122477,0.20209115858675916,-12.279302501236867,1.1700261880769757e-34,9.112378175193616e-34,True
OR10AB1P,2.7290655693130743,-2.526890893003662,0.20578737698857316,-12.279134561027877,1.172457305157668e-34,9.129180170371953e-34,True
HLX-AS1,4.102201660261034,-1.9841259696396003,0.1616142002839847,-12.276928426791336,1.2048633593819788e-34,9.379315633060132e-34,True
ZNF670-ZNF695,6.927028989415807,2.3020862811858933,0.18757746188117863,12.27272326908952,1.2691176873521287e-34,9.870290521340052e-34,True
CEMIP,1047.0559545788249,2.058322360768816,0.16772035602284768,12.272346717940556,1.2750347711297661e-34,9.913997337935781e-34,True
AC006487.1,3.617899145155914,-2.3108907197588504,0.18850613643041614,-12.25896813503404,1.5040286270476871e-34,1.1683636311067625e-33,True
LINC01238,710.7082831090744,2.739448638916749,0.22348644545422475,12.257784284630597,1.5261598420367472e-34,1.185279566187319e-33,True
NACAD,245.83023872232815,-1.563962931635678,0.12764626927268996,-12.252319950648879,1.6325782372660948e-34,1.2670433240536885e-33,True
POMC,34.936501521994124,-1.910015139025643,0.15590034742464565,-12.251513037511655,1.648905523532515e-34,1.2794171778568135e-33,True
PSMC1P9,4.592282398139461,-1.655448173810382,0.13512761311266652,-12.250998413108242,1.6594031803577984e-34,1.2872630067865136e-33,True
RNU6-1189P,1.7546222909487639,-3.242023175173717,0.264819749706826,-12.242376857326027,1.8454781614094963e-34,1.4296132684052333e-33,True
AL136982.1,5.355568532168641,-2.079587656658785,0.16989563802981622,-12.240382865473117,1.8913831869030305e-34,1.4644935662881162e-33,True
KCNK15-AS1,34.22886702706298,1.5371155135658083,0.12558361403970722,12.239777659845025,1.9055391317250678e-34,1.475111989412704e-33,True
THPO,172.22182899776237,2.1433570843364325,0.175153980454471,12.236987585295386,1.972173052784256e-34,1.525632083908656e-33,True
AC099344.3,7.554891381273878,-1.6189232224130934,0.1323142265892989,-12.235443339272983,2.0100433824430863e-34,1.554206741504625e-33,True
AL390236.1,2.8661095879700733,-1.9624949017246587,0.16041464593335816,-12.233888559900867,2.048901810392498e-34,1.5835185741547952e-33,True
MRGPRX7P,3.496111205382727,-3.7643210683944597,0.3077335911638566,-12.232402235185628,2.086746806659111e-34,1.6123938659702197e-33,True
AL031651.2,12.227457537758669,-1.519404346451532,0.12422397741927835,-12.231168072515246,2.118698333129553e-34,1.6361411703761674e-33,True
RAPGEFL1,1428.3900927793197,1.695388465860571,0.1386223485188021,12.23026794723952,2.142307946535726e-34,1.653792308079165e-33,True
KRT16P4,1.4347753111358266,-3.6034687595225887,0.2947165503182016,-12.226896506599209,2.233084466330438e-34,1.7222741412500874e-33,True
LINC02635,66.2811321992534,-2.2307994999757956,0.18251458121204764,-12.222582355675057,2.354836976209802e-34,1.8153365307355683e-33,True
AC011317.1,13.199103242347757,2.009599182262126,0.16449876032920716,12.21650046626714,2.5377571130134176e-34,1.9531885982433523e-33,True
AC024619.3,1.6389219307633323,-3.2079468500758215,0.2626027006345056,-12.215970522484042,2.5543490087757572e-34,1.9655049629363803e-33,True
GDAP1,2412.7799139597632,1.8973020512364787,0.15532217656968414,12.21526824526096,2.57650259392176e-34,1.982094233095658e-33,True
RPL12P10,3.5439062561930936,-1.6720568009968935,0.13689066947022976,-12.21454177605964,2.5996201808863707e-34,1.9994172834958388e-33,True
UBE2SP2,5.293908919029725,2.049939323210656,0.1678415198120307,12.213541235246362,2.631796916864886e-34,2.023231797614732e-33,True
AKR7A3,1629.7876431495667,2.3887250563626474,0.19568771226336787,12.206821924249198,2.8583771003256155e-34,2.1964059428285474e-33,True
AP005131.3,9.984945647329113,1.7902638764226844,0.14667876105005392,12.205338138980865,2.9109666251449e-34,2.2363009901395365e-33,True
GALNT8,45.48449613641547,-2.0949407928423014,0.17169301545475288,-12.201665788754182,3.0452949092475567e-34,2.337880753418434e-33,True
MIR3153,3.362278976425418,2.3729933629330007,0.19449659477685768,12.200693619626048,3.0818744488077915e-34,2.3654184348283324e-33,True
IFI27,19037.99654189509,2.1124801369013646,0.17320863682610996,12.19615935793176,3.25833304866939e-34,2.499704367151495e-33,True
AL391361.2,1.3585022182811308,-3.636961026155386,0.2982064189696726,-12.196119180537366,3.259940652090756e-34,2.500362484051854e-33,True
STBD1,178.71531657945025,-1.522317238561337,0.12488230021049697,-12.190016007035231,3.5135236549150614e-34,2.69362069810948e-33,True
DNAJC12,2470.1924462225415,2.1023534162139974,0.17247055369737094,12.18963684608409,3.5299087821519117e-34,2.7049386023893406e-33,True
AL157770.1,2.645355351857945,-2.1982840382164484,0.18039082471982226,-12.186229768785406,3.6805903586758855e-34,2.8184617192073965e-33,True
LINC00659,10.945328598178337,3.8961780440643685,0.3199141813811422,12.17882254310729,4.03058680070397e-34,3.084351519428102e-33,True
AC025423.3,27.500467938111466,4.4245018848154665,0.3633240245116983,12.177840127037914,4.079423902920429e-34,3.12029146189205e-33,True
CYP39A1,272.2028522786702,-1.9734374210176535,0.16205712458979984,-12.177418462858899,4.10056521853017e-34,3.135742936775112e-33,True
ABCA9-AS1,2.8046487496741435,-2.9181130765068617,0.23964422479666425,-12.176855415492911,4.128964964885041e-34,3.1567366486462913e-33,True
EIF4E1B,28.838239411324352,4.598951540015798,0.377998045221458,12.166601383669608,4.681729026339124e-34,3.574427227549987e-33,True
FILNC1,4.930394790127272,-2.5613690784067957,0.2106133655311143,-12.161474519661478,4.9850669007014175e-34,3.8016692447173924e-33,True
RXRG,76.47366304807531,-2.463090639408834,0.2025532431255923,-12.160213292075529,5.062633337207329e-34,3.859939624200439e-33,True
CNTNAP3C,1.2791285772109011,-3.5857491963773778,0.2950612262289321,-12.152559799894775,5.559715399526521e-34,4.2360280753669166e-33,True
AC002401.2,4.906373588056617,-2.7299312566482064,0.22471214534792128,-12.148570129226707,5.837763262987733e-34,4.4468608281721766e-33,True
F7,376.2581575749178,2.244024501233424,0.1847328320759076,12.147404854981836,5.921549311693776e-34,4.509653984829316e-33,True
VIL1,22.704704038824342,3.01914928187508,0.24857228055456904,12.145961227612773,6.027007972332806e-34,4.588919837199241e-33,True
SIM1,187.02955051377276,-2.6743691519778605,0.2201908836083771,-12.145685180747032,6.047384976055272e-34,4.603383738106991e-33,True
REM2,89.42027561827959,1.547484684520793,0.12741253523546536,12.145466548177195,6.063572370841977e-34,4.614652555801212e-33,True
AL590666.4,10.923417854476499,1.8941792107446347,0.1559602975585876,12.145265432268575,6.078500848790559e-34,4.624958357433638e-33,True
AC019193.2,7.7562529168506185,-1.504238006274898,0.12390130985369484,-12.140614236049098,6.434121418349324e-34,4.893307073672329e-33,True
SLC35F3,213.40321602405774,-2.5083694994133934,0.2066381179745947,-12.13894863154816,6.566433080952341e-34,4.991656640453148e-33,True
AC121334.3,2.194228361244171,-3.462657888021314,0.28526126243471633,-12.138549266968077,6.59855726714619e-34,5.014933598497226e-33,True
AC078909.2,2.1054068932947403,-2.4456343332608212,0.20148095336084723,-12.138290456074786,6.619458877879922e-34,5.029672684402313e-33,True
AL358075.2,16.1289009341209,1.8712160126251918,0.15418386075582258,12.136263831067204,6.785419487689816e-34,5.152253062271577e-33,True
AC009121.3,8.765843420116841,1.9333450715757194,0.15930723705414762,12.135952561392966,6.811272980277714e-34,5.17070663827183e-33,True
RPS17P1,2.3960299887570464,-2.6715253462461948,0.2202720342455245,-12.12830015120485,7.478569277966648e-34,5.670823257183032e-33,True
DNAAF3,98.95398187523905,1.8491669201743777,0.15247379300323094,12.127768869337393,7.527237700477583e-34,5.706429872089723e-33,True
MRPS30-DT,2490.6087844754165,2.810341703207347,0.23173153990140788,12.127575315828958,7.545046373181756e-34,5.7186307158917814e-33,True
OR7E13P,4.247646036048578,-2.66424159861812,0.21973902069746853,-12.124572095395768,7.82679354795718e-34,5.928133954822257e-33,True
PRKCQ-AS1,100.45291748276897,-1.8725867484540861,0.1544752105118386,-12.122247590726381,8.052020491868512e-34,6.097339495534128e-33,True
AC002460.2,6.343242903353252,-2.404654992360259,0.19849577976090949,-12.114388503658336,8.862261258187995e-34,6.704799244539734e-33,True
AC023908.3,59.82195735148396,1.6563180054004676,0.1367280260525908,12.113961220820848,8.90856290456226e-34,6.738300392475546e-33,True
KRT81,1411.6047810283753,-3.220746399002419,0.2659901925164771,-12.108515613044291,9.520141321537747e-34,7.19599258685318e-33,True
AC074286.1,28.44451119768743,-1.5689632146213195,0.12960852897435507,-12.105400987397688,9.888497364143932e-34,7.471035310304395e-33,True
MT1L,126.49176922715192,-1.861334783657965,0.1537677610960833,-12.10484415192136,9.955828449259465e-34,7.52020210542138e-33,True
CDK6-AS1,3.5219317377202417,-1.9689230664222197,0.16265611229490362,-12.104820646717931,9.958680632199145e-34,7.52065308884079e-33,True
SLC2A3P2,8.055348385946186,-2.087781211365858,0.1724822751985581,-12.104323235314736,1.0019228517796664e-33,7.564664972605863e-33,True
KRT8P3,283.07157847800255,1.769103086906745,0.14616942770470615,12.103099223188558,1.0169784083365963e-33,7.674861493463939e-33,True
ADM5,61.360745130902316,-1.556214475952394,0.12859537742011082,-12.101636210984207,1.0352687834907862e-33,7.809359570376438e-33,True
GPR88,53.730821509450166,-1.957254850469567,0.16177072067861561,-12.0989437535979,1.069787652940067e-33,8.064274059199434e-33,True
MIR3671,7.567592035645975,-1.5575209250672657,0.1287480636715019,-12.097431842091613,1.0896699812781835e-33,8.21229473573924e-33,True
TMC2,33.95321877574754,-2.1687648339771237,0.17932712015774746,-12.093903209226475,1.1375125670960567e-33,8.568987260014999e-33,True
LINC01644,58.34587675377101,3.56681755850355,0.2949854611573087,12.091502898176568,1.1712435349074129e-33,8.819101523058774e-33,True
C10orf82,331.8630134473168,2.7218044945573245,0.22510142869585764,12.091458105469641,1.1718823478645243e-33,8.821919733393684e-33,True
KRT37,21.415701496196437,2.788430702259078,0.23067494894543272,12.088138373962293,1.2202028788709282e-33,9.18153109374246e-33,True
AC015914.1,8.650478567291387,-1.6826197970756616,0.13919986442365184,-12.087797671660397,1.2252725997356674e-33,9.215520056063322e-33,True
AC093297.1,136.17812345779413,3.9669889840733417,0.32821215317925045,12.086660855324276,1.2423405177765979e-33,9.341784425553948e-33,True
SERTM2,4.714588327599362,-2.4434733073405086,0.20220192383812768,-12.084322745102197,1.2781902729170067e-33,9.604859714175136e-33,True
C13orf46,127.14522500464612,-2.051962320518135,0.1698152185900266,-12.083500746019997,1.2910364114288442e-33,9.699205515823503e-33,True
ZG16B,3722.872512369587,1.648720924140388,0.13647067918185932,12.08113665165629,1.328701473299001e-33,9.977677422438276e-33,True
GPR37L1,83.82576919298387,2.233056168917342,0.184913003772157,12.076252742445478,1.410003739548383e-33,1.0578675975297868e-32,True
SLIT1,268.7540983622037,2.842161444847186,0.2354115772149623,12.07315918134269,1.4640389191897486e-33,1.0976671294077996e-32,True
MIR6503,2.511119655214447,-2.3631024450587756,0.19573259250833733,-12.073116770055137,1.464793831033828e-33,1.0979862771667145e-32,True
OR7A5,7.803747439280826,-2.965890506899875,0.24577370109931712,-12.067566601445934,1.566996370638336e-33,1.17406789405567e-32,True
CASKIN1,140.24485120516022,1.764750056320942,0.14626475039144526,12.065450162106583,1.607807979015812e-33,1.2034521125839434e-32,True
AC061992.2,46.85039029686312,1.8888183820505968,0.15654783270766176,12.06543935729718,1.608019015165088e-33,1.2034521125839434e-32,True
TAFA1,5.6280649036574175,-1.6515086453830634,0.13693754533291078,-12.060305604047873,1.711466716450935e-33,1.2791506841533445e-32,True
AL122034.1,1.407966339284322,-3.778866880923179,0.313493715187911,-12.054043503417898,1.8466375192397258e-33,1.3783239621559002e-32,True
H2BC17,21.693023202333787,2.448518115668982,0.20317326662085844,12.05137937875538,1.9073111015554047e-33,1.4232919652220003e-32,True
TRDJ1,2.42879196402908,-2.848043512451501,0.23636506829484027,-12.049341863404578,1.9550466901853106e-33,1.4585872946530186e-32,True
AP003306.1,12.41186666584545,-3.3854580140632216,0.28099293894943805,-12.048196039091223,1.9824107997569167e-33,1.4786718354080387e-32,True
GPC3,4035.165513771537,-2.2436646061865235,0.18623310237741608,-12.047614401222617,1.996446462190326e-33,1.488475141238211e-32,True
SGCZ,13.357238189494515,-3.570258562081744,0.2963751848139602,-12.04641530404395,2.0256944519078943e-33,1.5099437701536962e-32,True
AC026150.3,2.32074306294147,-1.844172652285181,0.15313796168229354,-12.042557129702296,2.1227201681858063e-33,1.5819127349458872e-32,True
FSTL4,233.57223692556587,1.8139720685047658,0.1506467665108324,12.04122803641013,2.1572021113058842e-33,1.6072505185420005e-32,True
AL645924.1,8.004727684098624,2.274690381168707,0.18894189885915197,12.039099823297482,2.213578637506982e-33,1.6481498991341895e-32,True
AC098650.1,2.2766669585174464,-2.257063000413245,0.18749287683370805,-12.038126666620451,2.239842863362886e-33,1.6662172574233526e-32,True
TOX3,1821.2940408878396,1.9713994848226117,0.16377924703976193,12.036930932671831,2.2725383049647094e-33,1.6897855057361892e-32,True
CDH3,3402.970888085143,-1.9387134173287093,0.1610899386714627,-12.034975202781892,2.3270393561024936e-33,1.7299249997026763e-32,True
GATA3-AS1,436.4895680544633,2.214680065214606,0.18408898598026507,12.030486524881105,2.4570855346376972e-33,1.825380830800458e-32,True
KRT18,38998.09844838473,1.6032932679276442,0.13328989711647551,12.02861809193689,2.513322446251228e-33,1.8667436583526103e-32,True
LINC00940,73.28351807374472,2.2110607367564628,0.18389184303867503,12.023702086075922,2.6674675639063733e-33,1.9799104337572588e-32,True
PSORS1C3,6.223303283491237,-2.558070877483855,0.212778980652431,-12.02219725670365,2.716503350899434e-33,2.0154097941967791e-32,True
GRXCR2,2.9337520054706245,-2.4689028913456528,0.20539458227764246,-12.02029218087315,2.7798674814543134e-33,2.061503238581719e-32,True
USP6,113.42701123741229,-1.5716055593818414,0.13074805479750476,-12.020106622739862,2.7861171787718618e-33,2.065678563691926e-32,True
AC078842.1,1.7394221141926764,-2.6000422153943474,0.2163532028805578,-12.017581347431006,2.8725700611886846e-33,2.1278840286668467e-32,True
DLX4,89.08856932707263,1.8756088255236814,0.15617646426155185,12.009548521873064,3.165685685048207e-33,2.342410736868708e-32,True
SLPI,2686.9278218979575,-2.539820154272305,0.21153047924497217,-12.006875620656796,3.269660140602475e-33,2.418272256131114e-32,True
SLC7A13,37.4697394671853,2.193275900153181,0.18270272395981205,12.004615216550478,3.360230705204354e-33,2.4841572553283085e-32,True
PNLIPRP2,21.648153011461588,3.4533223376028537,0.2876721820039781,12.00436661461795,3.3703426126780334e-33,2.4905286015998166e-32,True
DUSP13,59.84556069670351,3.171027990447832,0.2641834028611026,12.00313099197619,3.4210518535091904e-33,2.5274403691333183e-32,True
PEX5L,179.8765471136697,2.5408386670763927,0.2116950334822731,12.002353693806224,3.453339257530235e-33,2.5501641031748406e-32,True
MIR205,9.80320356627215,-2.9354784083189114,0.24460196361013606,-12.001041876334584,3.508517331798026e-33,2.589764154451801e-32,True
ZNF204P,509.41743812026425,-1.8101575595187562,0.15089737874655648,-11.995950987054933,3.7310703397019404e-33,2.749778226712044e-32,True
CACNA2D2,999.1858171679357,1.5406313592950829,0.12843196746376678,11.995700055982756,3.7423954807889014e-33,2.7575153974553484e-32,True
CPXM1,2019.0553968939096,-1.5560619977715637,0.1297235594090719,-11.995215093232668,3.764379893945545e-33,2.7731015039361606e-32,True
AC068989.1,21.2959813236848,1.8339358150980476,0.1529357873477851,11.991541331837317,3.9351387919463255e-33,2.8969744718017223e-32,True
AC104964.2,5.2931862030390935,-1.903275287776438,0.15872618829147014,-11.990934251387923,3.964087716667771e-33,2.9176420495068085e-32,True
AL049870.3,9.434473292655815,-1.5485811815004122,0.12916932961592972,-11.988768433690426,4.0690997544350695e-33,2.9942720147982156e-32,True
KRT8P7,13.387811685215704,2.1735676971893243,0.18131098513664795,11.98806401912813,4.103845934121337e-33,3.019174014052779e-32,True
CPXM2,2651.8308284072737,-1.5147972783068866,0.12640065276241194,-11.984093793836365,4.3052653700638894e-33,3.164564576289633e-32,True
AC092134.1,7.692311471076899,-1.5991457238522317,0.13345111317799827,-11.983007752953528,4.362052971731339e-33,3.205599483346594e-32,True
AMER3,13.446304445762253,5.083777692644284,0.4242676476719187,11.98247785458181,4.3900300569885994e-33,3.2254486091763123e-32,True
KIF4B,3.141979107204703,2.0805446037362687,0.17370808017986916,11.977247123921533,4.675940185827792e-33,3.43399976342592e-32,True
AC092490.1,11.76631197005662,-2.218119520476791,0.18525131355942692,-11.973569729994052,4.887942627449899e-33,3.5849570856130784e-32,True
NCMAP,329.54714564695746,-2.4806060214632346,0.20721584455837427,-11.971121352954404,5.034358169562601e-33,3.689907925203147e-32,True
SV2C,31.477688808260783,-1.7428019241034574,0.14558844908574767,-11.970743112161282,5.057362535904485e-33,3.705954366290456e-32,True
LINC02356,5.558362579117506,-1.8410923995209076,0.15385332295830556,-11.96654296521009,5.3199364692191744e-33,3.896651906698666e-32,True
AL160408.1,25.426021950783433,3.2814240916568203,0.2742705912395377,11.964184992735687,5.4732345407797896e-33,4.0080566249553183e-32,True
TNFSF4,431.0989743336062,1.5304596116669658,0.12795166723751447,11.961232273949195,5.671398702015504e-33,4.151349326459944e-32,True
LMO7DN-IT1,2.5786792197723374,-2.895825257221206,0.2421225630590843,-11.960162740035706,5.744922123773843e-33,4.202399822455229e-32,True
PRAME,1874.4590248501809,4.154294804536809,0.34742807318745406,11.957280154201493,5.947828426256339e-33,4.348917566043031e-32,True
AC097459.1,4.820635118194471,-1.9648343517168099,0.16433934908344422,-11.955957977654847,6.04326258669858e-33,4.4177282771549963e-32,True
RHBDL1,164.5299588294225,1.6755823849700233,0.14016421324730638,11.954423644597627,6.155917892854526e-33,4.498109242086012e-32,True
AC012409.5,1.8038773695961035,-2.6873484918547295,0.22480683117400613,-11.954033949149235,6.184861078814204e-33,4.5182679543784207e-32,True
AC068282.2,10.727765081856338,1.5292697127617227,0.12799836885734095,11.947571882467908,6.68499078806783e-33,4.8782879166580756e-32,True
AC073850.1,28.127073027444858,-3.36872223494976,0.28197582972153795,-11.94684749496616,6.743499831777735e-33,4.9177558690128073e-32,True
ANKRD30BP1,40.775030125843756,3.017491065679682,0.25267156387265716,11.94234530958321,7.118718015168523e-33,5.183164661293163e-32,True
CLEC3A,11004.223099566882,4.999336885251708,0.4187054315887782,11.939985746737793,7.323574332807764e-33,5.327964232652838e-32,True
MROH7,12.398007275979323,-1.6013832942942452,0.13421005392135021,-11.93191752409762,8.069303797001749e-33,5.858985680953872e-32,True
ITPKA,86.1235318279901,2.3307063796038334,0.19539894482563486,11.927937388216963,8.464483814409183e-33,6.143244194270551e-32,True
GIMAP3P,2.025289114683414,-2.475867539292592,0.20757217050545826,-11.927743171272024,8.484251540191875e-33,6.154911999431343e-32,True
GYS2,3.416468946529791,-5.039175002612255,0.42261632891316453,-11.923758401790622,8.900101158528963e-33,6.45237985947353e-32,True
SMIM22,752.2100874140648,1.8622296485589886,0.15618210827248646,11.923450574184912,8.933055727204219e-33,6.474863626310227e-32,True
CCDC151,106.13085229553585,1.9263095268296857,0.161644514343914,11.916949576966651,9.658029748271019e-33,6.997298155009564e-32,True
LY86-AS1,16.309788704953682,-1.8710226629163145,0.15704117934926703,-11.914216835796113,9.979950115028707e-33,7.224253448797317e-32,True
CERS3,23.502044643262696,-2.117645663995837,0.17781775326588173,-11.9090789592276,1.0614320972541035e-32,7.675129881033628e-32,True
KRT4,85.19796127605315,-3.970626357879834,0.33344666081713314,-11.9078306201944,1.0774403905857439e-32,7.787507495804935e-32,True
SSTR5-AS1,9.970416652244625,5.358580393869024,0.45001069368290936,11.907673459966347,1.0794726801279855e-32,7.800505830896683e-32,True
HOXA9,222.96824520488096,-2.0129615465286923,0.16905307012976692,-11.907275892614795,1.0846307633699353e-32,7.836081310143842e-32,True
RARRES2,3774.6851946739534,-1.6541511369402735,0.13893334339621558,-11.906077378580749,1.100328998289625e-32,7.946052785612972e-32,True
TMIE,25.842711181846596,-1.6272385548197574,0.13669448672263465,-11.904200336342534,1.1253692334047562e-32,8.12336332571758e-32,True
CAHM,16.84824330318068,-1.5072596173957649,0.12662091061824338,-11.903718035483793,1.1318941206038625e-32,8.166927093902686e-32,True
HAP1,122.05988236516427,-2.2553962444488858,0.1895251720427906,-11.90024639017168,1.1799825019101787e-32,8.512056339217509e-32,True
PPP2R2C,1506.1257479730348,2.759513207653877,0.2318923409914819,11.899975634621075,1.1838171286743661e-32,8.537871415259825e-32,True
PADI4,10.808274433302152,-2.4015975514419394,0.20183109138515473,-11.899046549071894,1.1970698128406612e-32,8.629719236580893e-32,True
CD79B,149.59237703537497,-1.797472562837476,0.15107284489676623,-11.898051989857985,1.2114197335525837e-32,8.729394272740948e-32,True
CEACAM5,3783.4953124098583,3.6529797429455093,0.3071351777265593,11.893719794603719,1.275945544971904e-32,9.186422275316931e-32,True
AL122008.3,16.62738607310228,-3.039376766216337,0.2556345125528808,-11.889540015015028,1.3414331867923702e-32,9.653745219322131e-32,True
RAMP1,1048.1683584721306,2.2158039932151383,0.18636748610135045,11.889434362011723,1.343131072502572e-32,9.663878778185173e-32,True
CLEC5A,236.0831016873218,1.9968606479166897,0.16795482443071671,11.88927233668371,1.3457390307477474e-32,9.680554559190386e-32,True
CACNG4,5048.936799356663,2.2385848057678452,0.18829376533485429,11.8887887858997,1.3535521963724884e-32,9.734658657931015e-32,True
GLRA4,18.738569808839546,-2.370537638095014,0.19941314660432638,-11.887569493091704,1.37345398711048e-32,9.873532445817502e-32,True
FGF17,8.396753712369897,-2.2612523286030997,0.19024731792204155,-11.885856543479381,1.4019052454565073e-32,1.007589181696747e-31,True
TCF21,2.991809303476897,-2.685762155378104,0.22596452984717047,-11.885768785015065,1.4033785286297452e-32,1.00843073801494e-31,True
PTCH1,747.6856865364146,-1.52416607368906,0.12831150886919324,-11.878638846363083,1.5283577401021965e-32,1.0970555805998312e-31,True
LINC00923,12.93673376566929,-2.1627956643191224,0.18209228300055397,-11.877470196320965,1.549871640611114e-32,1.1120195641725482e-31,True
AL161729.1,3.0872184120454396,-1.900723420302767,0.16009373028614257,-11.872566257938523,1.643476435085244e-32,1.1784196008096712e-31,True
MIR126,3.149685125527171,-2.539637350224417,0.21391904899931855,-11.871955125569519,1.6555281279226088e-32,1.1865507745130255e-31,True
KCTD14,105.9246155808124,-2.1704435045349872,0.18282475733802953,-11.87171549486592,1.660277625626074e-32,1.1896991520628264e-31,True
C4orf45,2.0131685219967124,-2.2452522354439592,0.18915370202543083,-11.869988329079046,1.694912747415085e-32,1.2142566103876623e-31,True
TRH,404.95047165852475,3.6544162277964856,0.30789569398917593,11.8690072616766,1.714904786768122e-32,1.2280515296098368e-31,True
ADGRB2,1837.0235678143645,1.8175089632283836,0.15314120589910843,11.868190227167103,1.7317327753903672e-32,1.2398359022433094e-31,True
LINC02139,5.150959756651852,-1.7100792970778766,0.14409760018443007,-11.867507126344586,1.7459279972868213e-32,1.2491944385650761e-31,True
KRT8,74674.5103049281,1.6498577818374132,0.13902695083159874,11.86717950705731,1.7527770509820164e-32,1.2538258660059902e-31,True
H2BC18,142.82742678324325,2.038075463269226,0.171751276533182,11.866435606232447,1.7684279208955314e-32,1.2647502194712648e-31,True
H2BC5,2276.198929420238,1.8179981877804983,0.1532349939239167,11.864118901477292,1.8180634326064016e-32,1.2994127178309234e-31,True
AC004470.2,1.5991551022491188,-3.2035352377537807,0.2700467942365843,-11.862889344086076,1.8449662132334012e-32,1.3183582225224062e-31,True
LRRN3,289.8518769059914,-2.1844207611696667,0.18416457325376567,-11.861243031577471,1.8816075939333132e-32,1.3442530344919035e-31,True
TERT,23.781193565964116,2.3503698897090777,0.19818757011710017,11.859320381799673,1.9253149483508521e-32,1.3748892550867788e-31,True
ALK,38.24407162930798,-1.9247776498697529,0.1623445143609107,-11.856129894175226,2.0000793513011705e-32,1.4276679427770277e-31,True
AC018629.1,198.82843832554872,-2.4539005596806467,0.20701407785334056,-11.85378591217896,2.0568376180487144e-32,1.4675540805371542e-31,True
TMEM270,24.321256357822143,2.7154981182674875,0.22934262186830184,11.840355256018833,2.4142813363436744e-32,1.7207494824903868e-31,True
AC092943.2,3.643125935261535,-1.8753983164732337,0.1584023851486474,-11.83945756065055,2.4402611520031706e-32,1.7385231608236217e-31,True
SORBS2,3494.2280552227253,-1.6420691805032293,0.13875606094561413,-11.834215884427875,2.597596642971761e-32,1.849428916448874e-31,True
FFAR3,5.945599415121148,-2.5085577206115555,0.21206630696911846,-11.82911965820604,2.760214206516692e-32,1.9647894039087547e-31,True
OR5E1P,1.9711384884726504,-3.481334290320012,0.2943427337057876,-11.827485076631126,2.814483875793997e-32,2.002565026111671e-31,True
PPP1R9A-AS1,1.9342109189315895,-2.417542497820703,0.20448101921128775,-11.822821047867949,2.975228126971763e-32,2.1151328673285296e-31,True
VSNL1,333.9747320818488,-1.8737363823175828,0.1584878679819715,-11.822585578163789,2.9835809712368695e-32,2.1206189644027784e-31,True
AL606970.4,1.120510215261129,-3.6966607327436667,0.31273865913153015,-11.820287082541155,3.066348725189052e-32,2.176663764076835e-31,True
ILDR2,89.88370054834093,1.7284689315636892,0.1462358857728437,11.819731678232632,3.086688200273013e-32,2.1906355563078254e-31,True
PDGFRL2P,12.85743993490119,-2.072671012719922,0.1753628046332133,-11.819330884078271,3.101448858066926e-32,2.2006429354824234e-31,True
AC244230.2,1.6360223088503902,-2.8518710177691933,0.24136104321009522,-11.8157884132393,3.234998139322982e-32,2.2939390378116546e-31,True
AC011447.7,117.40315455005899,1.6569893994262175,0.1402607037616916,11.813639565373256,3.318774995044376e-32,2.351345385802738e-31,True
LINC01814,109.08921995407157,1.7646734917919409,0.14939237625673576,11.812339665574976,3.3704961421724006e-32,2.3874824945902163e-31,True
SCGB1B2P,76.24458278739404,-1.9229950366305564,0.16283160487316423,-11.809716167377033,3.477331585461318e-32,2.4610681460855155e-31,True
AL353693.1,12.937996815578654,-3.440310714320513,0.29135820111369365,-11.807838945909873,3.555834127033681e-32,2.5160940441851524e-31,True
CLDND2,35.272488164140945,-1.6815210055771146,0.14241606714620308,-11.807101819845087,3.587138568440629e-32,2.537168273996321e-31,True
AL121957.1,1.5882512902922372,-2.7086939170032056,0.229562852335945,-11.799356426532245,3.933079044488913e-32,2.7794925419508533e-31,True
AC104393.1,1.4089410252292218,-3.952205682166797,0.3351043302475015,-11.793955868155374,4.19369652483486e-32,2.961159970500058e-31,True
GAL3ST2,40.22192002591671,3.1272424507516488,0.26517836596977024,11.79297730158028,4.242722174906367e-32,2.993241840722497e-31,True
ZP2,8.701406701852656,-3.8074998295778375,0.32297629059947436,-11.788790510011617,4.458985226358031e-32,3.144485056329329e-31,True
AL137025.1,11.324498822202079,-1.9161809260436917,0.16257091419346076,-11.786738947432013,4.568916886649658e-32,3.2199663831969454e-31,True
LINC02716,17.16038465584623,-2.218623668358021,0.18833921618085847,-11.779934701583977,4.953142906303822e-32,3.4900140034296672e-31,True
RASL10B,390.665095791085,-1.9623168890226041,0.16658364429213296,-11.779769240618515,4.96287525816721e-32,3.4961328049137786e-31,True
SLC1A2,1201.3514564388809,1.864843727012729,0.1583177559294202,11.77911925333313,5.001291417502579e-32,3.5224512667855015e-31,True
SLC8A2,92.59906472233851,2.700524019825697,0.22929732956272103,11.777389754061689,5.104953991077892e-32,3.5947025052461286e-31,True
PLA2G4E,10.68371288801907,-3.637073822869237,0.3088525478575719,-11.776084892608635,5.184574146455068e-32,3.6499971123101134e-31,True
AC068189.1,7.4794332644206944,2.4055371223382034,0.2043265637369734,11.773002385704563,5.377593479714254e-32,3.784287084933333e-31,True
AL354861.2,2.3378936335267566,-2.8309188532607212,0.24053886485175432,-11.769070478508473,5.634187587056808e-32,3.963183333489928e-31,True
AC015987.1,39.1657917540547,1.8349736146463622,0.1559517042621193,11.766294080135152,5.822661047486276e-32,4.094895050034158e-31,True
AC073621.1,4.5861751176029895,-2.005522461685624,0.17045130756503832,-11.765955276819371,5.846084828205774e-32,4.110501432338907e-31,True
AL136114.1,8.988624728641415,2.9460500500876163,0.25041953961569324,11.76445757630885,5.950757102916849e-32,4.179692473150253e-31,True
KRT8P22,3.8716416075973386,3.2753603631570787,0.27842113771390403,11.764050639440768,5.979517461273573e-32,4.199008797978783e-31,True
PLA2G5,90.37387762457084,-1.6498199431092953,0.14026775591007187,-11.761932971730323,6.131426897392658e-32,4.303871934353773e-31,True
AC097369.4,27.993726604149987,1.5189540966468096,0.1291653017686324,11.759768884120591,6.290625101004056e-32,4.413760919280123e-31,True
SERPINF2,343.7425479729564,-1.6276933610437496,0.13844016532796116,-11.757378049844034,6.471278757954766e-32,4.538605158759905e-31,True
AC092851.1,14.232222440391327,-2.717907203701543,0.23118121934756955,-11.756608998654443,6.530476825291469e-32,4.579160463554356e-31,True
BEGAIN,114.52391897222819,-1.6205207470484946,0.13784607749745503,-11.756016395014312,6.576459285170986e-32,4.6104339016432045e-31,True
RASD1,2124.597561980811,-2.049622095502004,0.17435978431230695,-11.75513094138035,6.645764821077565e-32,4.65787945149861e-31,True
AC093297.2,1739.607503191961,1.66734565382513,0.14183999848933862,11.755116127912647,6.646930435599833e-32,4.65787945149861e-31,True
AC073869.6,35.96412620243432,3.344995230747574,0.28457909741737075,11.754184552218607,6.720641760002292e-32,4.7085437406369e-31,True
KRTDAP,8.796085553148028,-2.4537999379165543,0.20880094414116354,-11.751862272507829,6.907945599665611e-32,4.8367221877650316e-31,True
AL357078.2,4.413717517869168,-1.752081957951,0.14911870957971696,-11.749578325142085,7.09721149754396e-32,4.968197024172827e-31,True
AL353751.1,3.8111314346259784,-1.960111669772924,0.16697438788470428,-11.73899598977048,8.043564993795015e-32,5.625940624540058e-31,True
AP000251.1,32.02685929961542,1.795541001077388,0.15301672511750414,11.734279371739017,8.504758808295529e-32,5.944774711755347e-31,True
LINC00702,260.38347020999794,-1.5625633104666334,0.13316514501507834,-11.734026274590876,8.53023587926779e-32,5.961333535995422e-31,True
ART3,23.9019593484326,-2.221049225734369,0.18931489401790802,-11.732036389721513,8.733197892049002e-32,6.100616181439928e-31,True
Z69890.1,6.051861367877257,1.5429368493998563,0.13152552326987613,11.73108314675865,8.832117159357225e-32,6.16842461041684e-31,True
FUT8-AS1,36.10962883273115,1.8918062409171037,0.16126828508414243,11.730801502167926,8.861556115768934e-32,6.187689173048119e-31,True
FRMPD3,268.81101235764527,2.007583519400816,0.17114649297916615,11.730205419080376,8.924183505165721e-32,6.230115045295617e-31,True
AL354861.3,3.038519328724161,-2.6047205853381854,0.22213464413425,-11.725863813318503,9.393785330634137e-32,6.555207093352539e-31,True
ARHGAP16P,5.352375410551661,4.602900966510199,0.3925460173698367,11.725761472122088,9.405145889767325e-32,6.561761721293944e-31,True
PRICKLE2-DT,2.495675502550584,3.0944266940895524,0.2639545214475134,11.723332781419582,9.678786281354953e-32,6.749850349161571e-31,True
AP001922.3,2.874939741913959,-3.9383185547407664,0.33596910695580406,-11.722263961783971,9.80170117342132e-32,6.832711798336697e-31,True
AC134682.1,31.03491661917806,1.7925479202475352,0.15295686653004897,11.719303362529214,1.015032319433297e-31,7.068346799077264e-31,True
AC007493.1,31.72459324581973,2.874222353698881,0.24525702813317762,11.719225237199492,1.0159687571640898e-31,7.073390831454119e-31,True
AC004160.1,63.79066104709222,-1.9626602958052688,0.1676217040039328,-11.70886734189995,1.1480297929579881e-31,7.989491979414847e-31,True
NPAS3,216.17713878094213,-1.5585512963700614,0.13311015728556377,-11.70873303850488,1.14984952960173e-31,8.00048653509036e-31,True
RBMS3-AS2,2.399658996208806,-2.352248588262123,0.20090758984662635,-11.708112122881165,1.1582998890127864e-31,8.057601793635256e-31,True
AL034351.3,1.8671220711764982,-2.8874134270630027,0.24662567480779587,-11.70767572886832,1.1642758670676884e-31,8.097484023115816e-31,True
C16orf92,3.727116065637386,3.020250288597218,0.2579776902799303,11.70740882794927,1.1679458831880374e-31,8.12131510809797e-31,True
AC004160.2,8.154604307061064,-2.4984579653112977,0.21345483283145233,-11.704855458972549,1.2036416554727555e-31,8.3677810232147e-31,True
OR2L3,2.270375202153342,-3.1769080800007985,0.2714848193586684,-11.701973198743278,1.2452381087726303e-31,8.65335396738038e-31,True
CPB1,17682.360213302083,3.9408704407803214,0.33677747061533725,11.70170449222695,1.2491880284502362e-31,8.678994075163942e-31,True
LINC01614,275.66838316444057,2.6017716153535995,0.22242267078893016,11.697420978379368,1.313860780984472e-31,9.120720896138876e-31,True
PLPPR1,63.36336283358929,-2.8030448860693196,0.23974074894902062,-11.69198352118842,1.4007639887050367e-31,9.71994970023393e-31,True
EFEMP1,11476.924181893157,-1.7812156357054416,0.15236205193198818,-11.69067765312419,1.4224706400052879e-31,9.868519528507665e-31,True
PAX7,76.06031146224338,4.494744770534262,0.38450176606345154,11.689789663521408,1.4374215811343196e-31,9.970168949510903e-31,True
XDH,684.3105799828043,-2.2978131736822243,0.19660046338876727,-11.687730202031199,1.4726996203468081e-31,1.0206371496040255e-30,True
AC007638.2,1.6403449516740927,-2.8031478252223656,0.2399648310987626,-11.681494377268438,1.584844856237063e-31,1.0974458287095062e-30,True
AP001269.2,2.2120525970635567,-2.876293374864811,0.24627505190760565,-11.679191020712492,1.6283788072442114e-31,1.1273573768483955e-30,True
AADACL2,4.586412642538465,-3.7180731641844478,0.31836476823294263,-11.678657738484398,1.6386260258789029e-31,1.1342162585520035e-30,True
WDR38,16.380545837576385,2.675465704012395,0.22920704388238905,11.672702804828429,1.7574937871258587e-31,1.2159888030468934e-30,True
SMOC1,398.1235550575083,-2.2770876306643624,0.19512161197754668,-11.670094396956882,1.8122205161583073e-31,1.2533335129274864e-30,True
METTL24,32.52079677661787,-1.525057837311578,0.13070882906375267,-11.667596200159805,1.8662200582742417e-31,1.290144542358783e-30,True
AL354794.2,2.7582299253116664,-2.012612836646706,0.17255542357131193,-11.663573331932705,1.9565526921394814e-31,1.3517521385987065e-30,True
AC082651.3,4.018558847808665,-1.8555608165334923,0.15914898690638998,-11.659268793366033,2.0580213632289356e-31,1.4209721416629768e-30,True
MYPN,18.213776057912337,-3.460905463796462,0.2969229520912236,-11.655904130756346,2.140957991011696e-31,1.4773186021570255e-30,True
C1DP5,4.406520195758888,-2.2654939379117156,0.19436929633340883,-11.65561629664816,2.1482051022385334e-31,1.4820126593825578e-30,True
RNF217-AS1,42.17786149225156,-1.7454638961919362,0.14978506077671266,-11.653124064181082,2.2119818171334632e-31,1.5250647430139316e-30,True
GFRA1,24136.921519159067,1.959222939017236,0.16813558687913127,11.652636871132318,2.2246670866038567e-31,1.5331767445991324e-30,True
GDA,12.178023766260559,-2.9566872166709346,0.25385177116263324,-11.647297961047892,2.3685007705151817e-31,1.6316284279262715e-30,True
AF015262.1,9.101646999978172,3.5024907792112634,0.300734670379047,11.646448262173138,2.3922286494831945e-31,1.6472936863847833e-30,True
LINC00607,77.66703474532535,1.8832031166375773,0.16169858470932907,11.646379713358911,2.394153133711045e-31,1.6482785478144024e-30,True
TLCD2,1092.1725444797514,-1.5099301066632156,0.1296547280975833,-11.645777433791558,2.4111281384088264e-31,1.6596225446397513e-30,True
XAGE3,3.3394788902914505,-4.230507747362768,0.3635877223999626,-11.635452702962896,2.7214240392741064e-31,1.868961496823562e-30,True
LCN12,152.78781043173234,2.0333011296714343,0.17477460669606276,11.633847548616682,2.7731023978643893e-31,1.9040599519534592e-30,True
SYP,501.04489620880213,2.194096094009958,0.18861048529493793,11.632948669735725,2.8024663642478783e-31,1.923825664497787e-30,True
H2BC4,357.98684743453697,1.8675289787739786,0.16055840838335597,11.631461706539767,2.8517206335788033e-31,1.9568319220004012e-30,True
DUOXA2,5.240416192109152,-2.14257348382044,0.18421034454738383,-11.63112467481061,2.863003420925649e-31,1.9633621444468327e-30,True
CEACAM6,10765.914376744611,3.280846590955392,0.2820891416023717,11.630531300563213,2.8829755686670568e-31,1.9766519786076823e-30,True
AC012085.2,5.419313593048836,-1.76374913417607,0.15165672261366409,-11.62987768546937,2.9051354609967923e-31,1.9914360223798975e-30,True
LGR6,822.8137919566293,-2.540986602514979,0.21852622282008366,-11.627833811995261,2.9755270408007935e-31,2.038850447578912e-30,True
AC016705.2,345.75121173144373,1.8040798410122758,0.1551653656265588,11.626820416575498,3.011053965651106e-31,2.0623462456458975e-30,True
AC093627.6,25.664380721597517,-2.275453892007283,0.1957460487764282,-11.62452016901857,3.0932648724021187e-31,2.1169154572078444e-30,True
AC011442.1,8.538305293249016,-1.895963679855903,0.1631143997066539,-11.623521180629163,3.1296591538829214e-31,2.140943653801878e-30,True
ZYG11A,322.13773208746517,1.60215316195164,0.13787002440598334,11.620750550052916,3.2328358811107242e-31,2.2088064699684806e-30,True
SIRPB3P,2.2995887669034487,-2.7318691682953182,0.2352225057904002,-11.613978684206375,3.4994490541854415e-31,2.389498904750825e-30,True
GPR55,31.910887349140367,-1.743534635788493,0.1501533831219452,-11.611690656163926,3.5943754223747443e-31,2.4533120335811572e-30,True
BNC2-AS1,9.635938788412012,-1.6947345748002145,0.14595426727909674,-11.611408192399804,3.6062702297943227e-31,2.4609270696421292e-30,True
SLCO4A1-AS1,13.51191557051827,-2.4055364079735795,0.20728635206762452,-11.604895276408762,3.891637450848134e-31,2.652948024291382e-30,True
NXNL1,2.9197202336590253,-2.9636997242076535,0.25541046161498066,-11.603673966477114,3.9475935839635e-31,2.6905436017085377e-30,True
SERPIND1,11.189600119316648,-2.29141815102649,0.19751667438568618,-11.601137768004799,4.066357506921107e-31,2.770922691015774e-30,True
KRT8P10,5.525175666764747,1.9346231821919524,0.1668154466148466,11.597386341917876,4.248560385535038e-31,2.89271621676619e-30,True
ZMAT4,194.9249621193158,3.0820679416429013,0.26584350863471307,11.593542221404665,4.4436731337433895e-31,3.0218608347717843e-30,True
AMYH02020865.1,1.8867860891060206,-4.058966262649833,0.35014852677113883,-11.59212720407309,4.517712068483625e-31,3.070957598284966e-30,True
CPAMD8,1016.7120370122041,-1.856256423061546,0.16017679180706818,-11.58879761618271,4.696794680866003e-31,3.1894401509305704e-30,True
AL590560.4,2.0146582746230397,-2.56732492625224,0.22154923764240078,-11.588055790993602,4.737644042596779e-31,3.2158699608499895e-30,True
AC099845.1,7.284217981003224,-3.2384391049668957,0.27950961563877125,-11.586145605638643,4.844460902208596e-31,3.287707094581898e-30,True
MIA,3.0110529820346086,-2.304787513773654,0.19892745843529014,-11.586070278595486,4.8487218084428575e-31,3.289929269374585e-30,True
AP003043.1,1.3725103676620527,-2.6015518025375326,0.22458865934530875,-11.58362942332544,4.988821613447202e-31,3.382924196560609e-30,True
LHX2,33.42586113609959,2.8095595740887664,0.24254803415958032,11.583518224848877,4.995298997494886e-31,3.3866278972851585e-30,True
PAH,119.30397598103227,2.7498710429690516,0.2374546890747045,11.58061377387215,5.167473980402096e-31,3.4997987362394295e-30,True
EGFL6,650.849663801025,-2.434188036218214,0.2102028818220217,-11.58018394000533,5.193449958997167e-31,3.5166774148750565e-30,True
AC017104.5,8.656726985717011,-2.6500664138921275,0.22892399237813174,-11.57618468192187,5.441434917712978e-31,3.680860305695945e-30,True
XG,506.70099035685644,-1.8272893782708144,0.15788621334301442,-11.573457489292947,5.617247560119503e-31,3.798247949765315e-30,True
COL11A1,10524.785967203949,2.7769895298146197,0.2399544435931622,11.572986472894613,5.6481783423787165e-31,3.8176145022291816e-30,True
LINC01524,15.135335220778673,-2.1306922336193583,0.18421994471358624,-11.566023629699957,6.125637783165844e-31,4.137814349418629e-30,True
LINC00540,12.149752067630205,-1.9758327549717507,0.17089228637193243,-11.561860379534743,6.430043405828163e-31,4.33992142361796e-30,True
AP005230.1,14.876186572684235,3.185780306328484,0.27566514282034227,11.556703447286171,6.827997308617726e-31,4.603859325618531e-30,True
AC005180.2,5.528971004629622,-1.8549946244835054,0.160656000982361,-11.546376189751992,7.699906835334557e-31,5.1812791172633606e-30,True
MAPK15,724.7217889230935,2.0999097453231452,0.18187036787661057,11.546189573596854,7.716638802853723e-31,5.191490567608812e-30,True
LINC01960,11.645029076031127,-1.6159131111848446,0.13996490580275592,-11.545130559099245,7.812275660424623e-31,5.25265284273187e-30,True
AC062037.3,13.199507019889275,1.632846287544214,0.1414440687982121,11.544112817297954,7.905293707593109e-31,5.314122956148409e-30,True
AL162171.2,3.2825238657020472,-1.9817280577330503,0.17168382347520178,-11.542893311781896,8.018201183577948e-31,5.385679582500322e-30,True
BSN-DT,7.52287096148334,2.2615436821561268,0.19597764439992185,11.539804394939594,8.311400577656902e-31,5.5792451260925926e-30,True
KRT79,25.80424911801273,-2.7885731824468456,0.2417759442016729,-11.533708167925958,8.9216381730732e-31,5.985268787644702e-30,True
KCNK17,57.45274483689878,-2.019877001162056,0.1751344223122024,-11.53329525112621,8.964543992450099e-31,6.012843475547433e-30,True
ZFHX4-AS1,40.15433380680793,-1.7154302314612608,0.14873962322524964,-11.533108624750463,8.984003321537938e-31,6.0246838280709575e-30,True
SALL4,161.47048795987772,1.694711516160371,0.1469905988842745,11.52938711063158,9.380915323362583e-31,6.28958876394891e-30,True
AC005833.2,7.101243571439901,-1.9982790930996182,0.17342642553905344,-11.522344918823407,1.0180222015837477e-30,6.817273574420965e-30,True
DGKB,10.728636422492471,-1.6784266471251152,0.14567810209495707,-11.521475245682907,1.0283508535639312e-30,6.88091344612832e-30,True
CFHR1,3.027513840459301,-3.088431986849348,0.26813278808643914,-11.518292890960117,1.0670405739499896e-30,7.136930625884115e-30,True
AC061975.6,3.121268850335906,2.9684383991258487,0.25774209361894496,11.51708809937151,1.0820620186239113e-30,7.235950723699382e-30,True
AC079160.1,16.176648284938132,4.645558534577093,0.4034303424419541,11.515144117464343,1.106743555024464e-30,7.399517004112039e-30,True
LSINCT5,11.04380339632597,-2.429570672737734,0.21113750675880763,-11.507053910194875,1.215604805781324e-30,8.119207824554651e-30,True
AC093895.1,22.957282934526148,3.010064754385222,0.2615857215518554,11.506991805699618,1.2164803032893174e-30,8.1234284410083e-30,True
HOXB9,110.1199416470686,2.1172965008504914,0.18405808215639047,11.50341498751175,1.267973644239096e-30,8.460514818273232e-30,True
SSTR2,1122.2274477780215,2.1944161901836385,0.1907988481825648,11.501202502459156,1.3009025651735282e-30,8.676759929194399e-30,True
AL049749.1,4.5925401164699355,-4.685128332556547,0.40736704633335535,-11.50099983473535,1.3039610209706824e-30,8.695420133643529e-30,True
AL022724.3,11.2873246234796,-2.149923851535707,0.18696520815436052,-11.499058422467062,1.3336229019158169e-30,8.891441454616268e-30,True
EMX2,106.85389163953418,-1.653517883102625,0.1438078245946516,-11.498107893387335,1.3483888324136966e-30,8.986662500038892e-30,True
SPDYC,232.8192643715824,4.380322380246941,0.38097967343602657,11.497522533790708,1.357562682380586e-30,9.045625952989044e-30,True
AC004678.1,5.823279915995246,1.7282044312006528,0.15031602059197263,11.497140653369218,1.3635809388588723e-30,9.083911452258196e-30,True
GRIA3,113.50047900163351,-1.7154129139064909,0.1492467208814995,-11.493806388339431,1.4172651385846718e-30,9.437774582000842e-30,True
MCFD2P1,2.8876101614529555,-1.780828431990779,0.15494736095544176,-11.493118830871165,1.4285935377972766e-30,9.511312815332676e-30,True
SMIM32,7.604729157580076,4.098976600687651,0.3566592150237703,11.492697869630161,1.4355737318510849e-30,9.553970940630978e-30,True
AC005180.1,4.681025019091005,-2.0111983661149893,0.1750001425458848,-11.492552730850807,1.4379881987358208e-30,9.56813017550696e-30,True
TNN,759.0455623976676,-1.8147648076115659,0.15799283599626793,-11.486374025556666,1.5445999998895513e-30,1.026726438037007e-29,True
SEPTIN14P12,2.018479298040581,3.0223614326226658,0.2631282782968035,11.486266136752894,1.5465296386609833e-30,1.0275994604444139e-29,True
AC104984.4,14.123864548779785,4.663478976469488,0.4060972923594373,11.483649519982112,1.5940687512820518e-30,1.0587651620494951e-29,True
KRT8P32,7.146724269096302,1.7694217719798042,0.15429136135815094,11.4680547012124,1.909024874004521e-30,1.265435709067318e-29,True
LETM2,294.17831991305314,1.6015845062653813,0.1397114869974016,11.46351342102005,2.0118449296173342e-30,1.3333270381122512e-29,True
H2AC11,274.54977461169227,2.1548265104762905,0.18802168277072687,11.460521354358264,2.0825737485148622e-30,1.3793793831027238e-29,True
WT1-AS,49.342729186761474,3.784080287403541,0.330218113390272,11.459335917564532,2.1112737796216054e-30,1.3981109864297243e-29,True
MYO16,124.7778693947736,-2.0891562440910785,0.18250674136990322,-11.44700863326902,2.4340060151388056e-30,1.609271740659477e-29,True
AL031121.2,2.348850857059651,-1.9758238410719213,0.17261404312640966,-11.446483758131865,2.4487844470813584e-30,1.6184009616669882e-29,True
MIR4664,44.94899633824612,1.6236167163535742,0.1418720207820094,11.444234792766574,2.513121430367518e-30,1.6602632048598723e-29,True
FAM205A,3.2742677041633517,-1.8378549091193952,0.16059398717019369,-11.444107849266365,2.516802560257213e-30,1.6623657869284573e-29,True
LINC02065,3.17194512048524,-2.2131297825906615,0.19339650332991826,-11.44348395387091,2.534972320124171e-30,1.6740354832439798e-29,True
KRT8P45,90.96570298583545,1.7889523571081392,0.15641684867522013,11.437082208596806,2.729099861471881e-30,1.8004500747819142e-29,True
NAV2,3224.3924959179144,-1.5263972832654487,0.13349024379196825,-11.434523152449946,2.810766360786124e-30,1.852861185330232e-29,True
SBK3,6.991167715923763,-1.8293585069690241,0.16002761210970992,-11.431517866522142,2.9097746899889415e-30,1.9173696134447976e-29,True
NELL1,82.26093992272888,4.322879858766483,0.37817703450038775,11.430836524691324,2.9326982857383704e-30,1.9320931475916418e-29,True
AC114488.1,15.95538205726808,-2.0182449449767543,0.17657001379487733,-11.43028140282848,2.9515076787499275e-30,1.9441009199808676e-29,True
FAM166B,76.91289857885826,-1.7351030414688597,0.1518199391088644,-11.428690142107634,3.0060910461924617e-30,1.9796629206056953e-29,True
AC068587.2,9.119396318425899,-1.9453677312457995,0.17022831101224675,-11.427991734617185,3.0303630412798536e-30,1.995253249035377e-29,True
CYP2B6,14.127176385549122,2.9264017751714757,0.25612518067993123,11.425669929847608,3.112460241019998e-30,2.04809464439179e-29,True
AC144450.1,104.3343319455635,1.930283567254938,0.16896668198377465,11.424048484542634,3.171098630295925e-30,2.0858573613755188e-29,True
ATP4A,2.911580352098549,-2.2600280777560626,0.19792989230086597,-11.418326213812499,3.386939951081676e-30,2.2265141026734247e-29,True
HBA1,23.931440398654832,-3.4329484768606764,0.30068518098923175,-11.417085689313097,3.4356214669700044e-30,2.2580713500587834e-29,True
SNED1-AS1,6.854990901343583,-1.6158435376979026,0.14153158671262345,-11.416840404529871,3.445329015589703e-30,2.2640054648453402e-29,True
TBILA,139.5131424493947,1.7828823830228404,0.15618588404147032,11.415131360715359,3.5137270700944946e-30,2.308041836923012e-29,True
MMP1,1140.7626473291882,3.14894081436426,0.27611227751294676,11.404566442057643,3.9674901176362205e-30,2.602514318116647e-29,True
AC090826.1,6.343422877300424,-2.06516909482846,0.18112301094014424,-11.402024977990989,4.0850514244651506e-30,2.6775231909294085e-29,True
CTXN3,1.6010111794501602,-2.7600223385482807,0.2420782993957711,-11.401362061107143,4.116280531633882e-30,2.697461965994465e-29,True
AC113133.1,2.7327358024957045,-3.6043764233697275,0.31617909812630474,-11.39979348644318,4.1911207351607004e-30,2.745966314280436e-29,True
AL353572.1,8.288659777803371,1.865778885167606,0.16369397254152884,11.397969370523167,4.279853201348746e-30,2.803551844662725e-29,True
AF228727.1,2.491473376034962,-2.4068441310125936,0.2111813270208211,-11.397049942655652,4.325282130403045e-30,2.8327540017048537e-29,True
ST8SIA2,186.46370685322324,-2.3768273457552462,0.20855063903334178,-11.396883542395926,4.333554962717778e-30,2.837614852771946e-29,True
HOXB-AS3,140.0451876575856,2.9104766594638662,0.25537976011066826,11.396661419850256,4.344622587575215e-30,2.8443034682576724e-29,True
AP003117.1,2.8648706801875328,-1.9013299721029688,0.16690103293706637,-11.391960484869536,4.585546324822312e-30,2.999085789105693e-29,True
AC024588.1,29.187973214662772,1.921283328147224,0.168716764064368,11.387625520213422,4.819443913617443e-30,3.150208449142064e-29,True
AC113143.2,14.260542986124866,2.1356452623550584,0.18755453801643185,11.386795995135836,4.865533119127422e-30,3.1797112284887393e-29,True
AC104232.3,12.715451721426861,-1.8074842912984832,0.15880193064476839,-11.382004513167606,5.1404419819295256e-30,3.3560806510447876e-29,True
LINC01087,525.2974600448335,2.55709198578092,0.22467431639599222,11.381327544684737,5.180505755888413e-30,3.3809136292196224e-29,True
ANKRD30B,628.9059595668033,2.539861322261369,0.22320737393930554,11.378931069508514,5.3248382530978854e-30,3.473748648328666e-29,True
ALX1,7.938314474246039,-2.742361519047591,0.24108237874961563,-11.375205161285407,5.557202673717969e-30,3.623917715405173e-29,True
AC093909.4,1.2688163576623566,-3.711614109977048,0.32634061129310343,-11.373436163124222,5.671021311884973e-30,3.696694482604612e-29,True
KCNAB1-AS1,1.3296505498763087,-3.966732231494279,0.34884294999386367,-11.371111933218245,5.824087521360462e-30,3.7957298172728173e-29,True
AC008687.3,1.9430857715133627,-3.092740080834729,0.2720851215470598,-11.366810736469501,6.118244239336027e-30,3.986661335240663e-29,True
CCL13,161.8481767014203,-2.341168607976894,0.20597030683209336,-11.366534545610063,6.137628767834406e-30,3.997878699455526e-29,True
AC068075.2,5.067805359423895,3.8015354806954065,0.3344653227471289,11.36600784042877,6.1747648175051964e-30,4.0203481432834986e-29,True
AL137060.3,18.7812877166614,1.533567893366844,0.1349526922076747,11.363744348329723,6.336910186614568e-30,4.1251145386181774e-29,True
WASIR2,54.982916481714774,1.9059018008856048,0.16772956198793168,11.362945078356173,6.395169665654538e-30,4.1606030663268276e-29,True
FOXH1,11.098885173988219,1.9442456595791313,0.17117983095605838,11.357913188255317,6.774351994522102e-30,4.402998726667659e-29,True
EPYC,229.50200144614848,3.202021146416944,0.2819339166750814,11.357346374566054,6.818438838047748e-30,4.4307894935708174e-29,True
AL031681.1,4.416543982168338,3.332565454737323,0.29358555922562496,11.351258091601828,7.31031918801027e-30,4.745801724760648e-29,True
LINC00603,2.8340293219272956,-3.2004615904738634,0.282010353415,-11.348737915888274,7.524088306631798e-30,4.88172803381058e-29,True
CTXN1,1002.9743775922678,1.6035151187229995,0.14130575772120268,11.347839922324658,7.601748487768436e-30,4.9292379995836976e-29,True
AL136964.1,14.257181705831155,2.882691174161682,0.25407623033373333,11.345772764241735,7.78355660751968e-30,5.045166750324078e-29,True
RNF222,8.614485980744794,-1.9670279226517244,0.1734320824545277,-11.34177653184474,8.147350246106166e-30,5.276868971788591e-29,True
AC092431.1,3.373659840785623,-1.747620872637082,0.15411183582427704,-11.339952335846366,8.318975856242838e-30,5.384889864709675e-29,True
AC005089.1,7.521969289275744,-2.351340390567036,0.20734987619163206,-11.339965249817341,8.317748351807365e-30,5.384889864709675e-29,True
TH,49.96839833984406,3.121950420139787,0.2754045892722584,11.335869269242647,8.716234544999051e-30,5.638752780624119e-29,True
HORMAD2-AS1,4.8425554426196245,-2.20707048304563,0.19480460259653296,-11.329662921860095,9.356411609235965e-30,6.043520642192722e-29,True
WT1,338.0673317929906,3.464233365397605,0.3057963500130969,11.328563487593087,9.47458590212835e-30,6.117482386255146e-29,True
AC018816.1,208.4984895159884,2.5188148339615157,0.2223578166368294,11.327754841537336,9.562448649812096e-30,6.171823108623643e-29,True
PFKFB3,14757.00349383348,-1.595351660291456,0.1408716406181678,-11.32486037140472,9.883623582812007e-30,6.374182225163365e-29,True
RAPGEF4-AS1,3.271343287821267,-2.8217074618958837,0.2491715872957931,-11.324354805133611,9.94081009840425e-30,6.409823588006252e-29,True
AC009570.2,5.785958076124974,-2.524533148518461,0.22308261516314118,-11.316583977968252,1.086225624514404e-29,6.993154121994374e-29,True
AC105219.1,5.9437734514640415,2.6368179462216395,0.23303515213566675,11.31510813736185,1.1046602295005272e-29,7.110464001855449e-29,True
AL391421.1,269.8674715448445,2.5757283419539534,0.22766038088434737,11.313906846454925,1.1198943978651869e-29,7.205741515416962e-29,True
ADAM8,1144.299878017644,1.5307020270259086,0.13538254030205019,11.306495088737291,1.218606888941416e-29,7.81976546840625e-29,True
GNG4,500.5075698435169,2.6874258300142455,0.23778978968829043,11.301687231975306,1.2872081814212853e-29,8.258388926936984e-29,True
TMPRSS12,3.568960846022113,-2.359638790058673,0.20879674268004064,-11.301128359433148,1.2954270706423107e-29,8.30792257285585e-29,True
CDHR2,34.615462275330735,1.6389230905828551,0.14502685110024813,11.30082517926262,1.299907463933665e-29,8.331849704924811e-29,True
AC005050.1,5.7627990380592875,-1.640022081010671,0.1452448388976163,-11.291431030927917,1.4466197925655175e-29,9.256201738731282e-29,True
AL137781.1,1.4488766326197324,-2.9043038514194577,0.25721408134753027,-11.29138745516564,1.4473372517726886e-29,9.259015923531055e-29,True
AC015920.1,1.7467883609810448,-2.7602885885715858,0.24460185387349678,-11.284822845206858,1.5595545873157864e-29,9.967341113912258e-29,True
AL136979.1,1.9763500133974514,-2.7485587513684475,0.24374329498093994,-11.276448657114353,1.7153163806922278e-29,1.0946055487888462e-28,True
AC021134.1,83.28444771681077,4.639291405086156,0.4115185730882363,11.2735893553252,1.7719594693181425e-29,1.130300223712678e-28,True
AC021546.1,3.2028425633743103,-2.2520493345164248,0.19976356550895374,-11.273573981214728,1.7722689945106582e-29,1.130300223712678e-28,True
AL021392.1,117.01792465957729,1.595263016980699,0.14153114630943803,11.271462561978266,1.8152916141514922e-29,1.1568538131155765e-28,True
AC104304.3,4.500396792745295,3.0932653205968252,0.2744645252207127,11.270182615073306,1.8418748990969062e-29,1.1733464376309976e-28,True
AC124067.2,102.00092011533536,2.045379135269857,0.1814979134911755,11.269436082907392,1.8575576480430686e-29,1.1831109626544747e-28,True
AC103719.1,6.068326111396131,-2.222847331969173,0.19739854650677713,-11.260707696714768,2.051049252312324e-29,1.3051028718825355e-28,True
ESM1,503.22459935637676,1.7563301477333806,0.15599230165293929,11.259082205485793,2.089231974025277e-29,1.328891800529639e-28,True
LINC01562,4.158422407974654,-1.5031993554274585,0.1335209151159554,-11.258156477747432,2.1112916425637262e-29,1.342667143170437e-28,True
AC068669.1,19.671240118414175,1.7981579601295976,0.15974737698226163,11.256259690131033,2.157215740822508e-29,1.3710880072553804e-28,True
ARSF,6.478101232501583,-2.8568262793185495,0.2538883807967424,-11.25229232764954,2.25650089182981e-29,1.433099376149921e-28,True
TMTC1,3712.5481311995327,-1.8429466775319845,0.1639386185289004,-11.241687248981515,2.5447161762760196e-29,1.6133790829397146e-28,True
AC110023.1,1.0007202762068164,-3.652185662195731,0.32488523646622447,-11.241463914828945,2.5511629488912447e-29,1.6171589656448225e-28,True
HPN-AS1,39.901400015519776,1.681232951079947,0.14958725630288328,11.239145583871116,2.6190487227868245e-29,1.6595602480755807e-28,True
KLK2,59.28304359542904,-3.153172508267976,0.2806303710636405,-11.236034418929334,2.712974943386088e-29,1.718097253835599e-28,True
CSTL1,5.149925030210907,3.7322153006717205,0.33234798970148655,11.229841660916858,2.90999556569099e-29,1.8400728502129093e-28,True
LNCOC1,59.97446717387172,1.6326280091785996,0.14539335995661148,11.229041062575423,2.936481323110861e-29,1.856468543022258e-28,True
AC074011.1,3.5645753927226997,-1.5250354019608696,0.1358204344631967,-11.228320745609963,2.9605155201150425e-29,1.8713084169885624e-28,True
SLC14A2-AS1,7.5318070421284045,-2.4326153084817133,0.21666461222818612,-11.22756172992265,2.986052160369036e-29,1.8867346247848993e-28,True
AC006946.3,16.833328820380476,-2.058263276250115,0.1833342247014503,-11.226836012762393,3.0106728446359407e-29,1.901930833410949e-28,True
AL162574.1,2.1725933200243426,-2.605441044273828,0.23225555846873863,-11.217992204154363,3.3273908776959947e-29,2.099624567271215e-28,True
KRT13,161.59035221577665,-3.9325351671735267,0.35056453724608017,-11.217720988170198,3.3376092124828033e-29,2.1056740375915437e-28,True
RBPMS2,381.1720449558857,-1.5706338259697228,0.14002484660226447,-11.216822328904609,3.3716901251781015e-29,2.1263709149879826e-28,True
HERC2P3,239.15769009408822,-1.7195470408788307,0.15337129924338455,-11.211661173646872,3.574215710044828e-29,2.2536683629095286e-28,True
AL162727.3,2.3572284385783036,-2.125196935783813,0.18956189313092003,-11.211097867207181,3.597037850017685e-29,2.267629778076366e-28,True
VSTM2A-OT1,44.596915560501515,5.511259590726024,0.4916499238027302,11.209723268333839,3.653337908324541e-29,2.3026869382860535e-28,True
H3C10,635.3192854155413,2.411386970010433,0.21513747459055094,11.208586391560925,3.7005614194511365e-29,2.3320110124201806e-28,True
AC018892.3,7.980400571156101,1.6791259967988692,0.14982480736119175,11.207262845003353,3.756302267439177e-29,2.3666904272969798e-28,True
SMKR1,201.82454224232984,1.65678481405808,0.147831806422467,11.207228364127515,3.757765501209595e-29,2.367165124666392e-28,True
KIF1A,525.8448907854818,3.333137841505275,0.29750050873049444,11.203805518614299,3.9058679736320686e-29,2.4595315531090606e-28,True
LRRTM4,7.844869503895064,-2.9464024833146527,0.26305821003463936,-11.200572234284847,4.051082363120178e-29,2.549529075819868e-28,True
OASL,1074.9100141212543,1.7622852758307426,0.15736720536682172,11.198554817840664,4.144390149795864e-29,2.607267819383933e-28,True
PVALB,725.7435585415475,3.5772832661743106,0.31945190406223956,11.19819046524556,4.161467771096313e-29,2.6170241127341307e-28,True
SRGAP3-AS2,7.942457010776992,4.011826972829322,0.35833762247152035,11.195662194661601,4.281909415289331e-29,2.6912438200241973e-28,True
SLC12A5,52.43600268211442,2.0383717351565442,0.1820705387517315,11.195505594323723,4.2894822598471464e-29,2.695495456635434e-28,True
ABCB11,29.215475468324943,-2.422279530423765,0.21643386195356124,-11.191777056325398,4.473763207353466e-29,2.8097086478725187e-28,True
AC141930.2,24.196534498040503,1.8069933174784265,0.16147894743229568,11.19027183550386,4.550364473885006e-29,2.857279322907006e-28,True
RN7SL1,1323.1737826042906,1.6443294303243727,0.14702730298684666,11.183837266412194,4.8927648097573283e-29,3.0693907757824896e-28,True
ELFN2,93.5411796461977,2.7325333606905913,0.2443467774856276,11.1830137021198,4.938394719144132e-29,3.097433242218124e-28,True
KCNH2,304.3598847649822,2.2672864776590798,0.2027563630137977,11.182319725792228,4.977172366696609e-29,3.120581335908351e-28,True
NLGN1,104.7794787174128,-2.499067158604451,0.22359666976399323,-11.17667432722599,5.304056212203156e-29,3.323655968071459e-28,True
MTOR-AS1,1.4077817938402586,-2.347911689873672,0.21016260195304226,-11.171881524374532,5.598228821067749e-29,3.505357359252504e-28,True
MRGPRX4,1.325847746807311,-3.6625314894694165,0.3278428450615751,-11.171607203388938,5.615547476833592e-29,3.515541445558916e-28,True
ATP13A5,417.91379136291664,-3.069354668170946,0.2748477405899264,-11.167472803607405,5.88309433006805e-29,3.6823444597117007e-28,True
MCIDAS,111.78076163379697,2.594511152104176,0.23244004827964526,11.162065966286315,6.252152240693164e-29,3.9096760749086124e-28,True
PYY,70.85548759981994,2.6954853774062135,0.24151302139383385,11.160828355547345,6.339807846446694e-29,3.9637467542397977e-28,True
GRAMD2A,747.7932768517475,-2.0268123008207084,0.1818136107761172,-11.147747917049497,7.344164023543791e-29,4.583093675545695e-28,True
MSLNL,12.33129247125295,3.2048575271295974,0.28753450492557425,11.145992819050173,7.490419854899282e-29,4.672615258904529e-28,True
RPL39P5,3.4204128299148437,-1.618644682357051,0.1452236764450323,-11.145873193547155,7.500493029425433e-29,4.678023976777797e-28,True
ATP5MC1P6,1.4774688451492668,-3.3134194593857242,0.2972870222613642,-11.145523387403987,7.530025951000579e-29,4.69556535975913e-28,True
AC093292.1,17.434261653307498,6.378361585544714,0.5727657834431708,11.136073016096235,8.373050597939866e-29,5.2105404812595e-28,True
AL591463.1,2.5512433660058176,-3.9992059902506014,0.3591728041948242,-11.134489982379993,8.523148120432109e-29,5.302956467691985e-28,True
SHOX,4.326893037570007,-2.5465560829272738,0.22874972015132666,-11.132499227726397,8.715698797564564e-29,5.42073553151773e-28,True
NOG,16.51262591527124,-1.5761500632005914,0.14160699622021464,-11.130453334025267,8.918079460868006e-29,5.5445382539240705e-28,True
AC087521.1,16.539893664649192,-2.0108692485059847,0.18066679982353892,-11.130264389860468,8.937003416197611e-29,5.555267976267924e-28,True
METRN,2741.6011701526095,1.562372715239412,0.1403877946087056,11.128978267620194,9.066879530317733e-29,5.634949039444019e-28,True
AC017037.4,6.388755433662163,5.047808538929555,0.45358070922250443,11.128798990552633,9.085131493447887e-29,5.645240361002303e-28,True
TPSG1,146.64405557845498,2.4920982830814475,0.22395990333450588,11.127430606894203,9.22565105017578e-29,5.729352641942497e-28,True
TGFA,650.770033631573,-1.620352654547779,0.14563463735006213,-11.126148861502884,9.35922865147379e-29,5.810143639203265e-28,True
SEZ6,50.69865461424837,3.113268632923152,0.27982425188821153,11.125799897311575,9.395927231240132e-29,5.831840261206535e-28,True
CBLN4,80.8908768569573,-1.6805228068169706,0.1511247347375756,-11.1201042617885,1.0015488079761262e-28,6.2106082553357815e-28,True
KRT18P17,9.750722238847224,1.5929184947072275,0.14333294347114367,11.113415074936487,1.0795044005605117e-28,6.690279177530665e-28,True
AC024901.1,2.9606261450281726,-1.8721219457546472,0.16846118409194485,-11.113076023096555,1.0836121539498353e-28,6.714489357501497e-28,True
AL512283.2,25.379197010850707,2.433341860670796,0.21898475996091848,11.111923318796554,1.0976939698294533e-28,6.800482296088136e-28,True
LBP,520.6341664320728,-2.794406995983517,0.25148359220260424,-11.111687134372735,1.1006016091351557e-28,6.814861615783499e-28,True
OAS2,7682.570120131832,1.6216727424342308,0.14594319620864807,11.111670736029394,1.1008037706966438e-28,6.814861615783499e-28,True
LINC01886,2.4097950011395,-4.065611785355326,0.36588670879238516,-11.111668414449767,1.1008323945013556e-28,6.814861615783499e-28,True
LINC01891,2.8585395895811034,-2.6240862156769245,0.23618759779206167,-11.110177842560372,1.119363599506916e-28,6.92829559761621e-28,True
CNMD,3.1614762962515037,-2.486778748496915,0.22386779096887446,-11.10824713878856,1.1438273822337488e-28,7.075774322039193e-28,True
LIPG,205.80494766093267,-1.6979546240232468,0.1529598299987118,-11.10065710740883,1.2452495887872624e-28,7.6931879467333115e-28,True
SPANXB1,7.330228005894153,5.469597150048242,0.4927699793412391,11.099696368192493,1.2587076984386966e-28,7.774892208785347e-28,True
FP325317.2,2.7343336736456267,-4.819342832398737,0.4342189643967071,-11.098876897499425,1.270300868626484e-28,7.84504882737493e-28,True
SUSD3,2487.414394690693,1.7779996575596568,0.16028840946394465,11.092502967032067,1.364164849931389e-28,8.406048333400201e-28,True
SOX2,145.3961829029713,3.432527802004567,0.30971387822537516,11.082899551265044,1.5187305138317635e-28,9.351577530608471e-28,True
H2BC7,79.79339245323347,2.575105641638861,0.23238705835744994,11.081106064339954,1.5494647183639553e-28,9.537301382930887e-28,True
KRT18P10,13.768877335219477,1.7589403772579308,0.15874510335539588,11.080281155633788,1.5638072119014835e-28,9.623806368278755e-28,True
POTEI,37.86027311550641,2.291787914403888,0.20683833448978772,11.080092672652231,1.5671027611500258e-28,9.64230811468491e-28,True
AL357522.1,7.3373005766691355,-2.3393511367733577,0.21114750264090346,-11.079227116182707,1.5823253540993046e-28,9.73417602543031e-28,True
AL390755.3,5.377819080226401,-1.6759049562670991,0.151274224621393,-11.07858896954541,1.5936423360235998e-28,9.80018039167454e-28,True
RNU6ATAC18P,4.410017635750984,-2.0661407710638726,0.18651369259954448,-11.077689483634828,1.6097304237205518e-28,9.893641706718888e-28,True
SOCS2,1498.7757373828244,-1.5621172601283417,0.14103945205298551,-11.075746802685305,1.6450287986827183e-28,1.0108727733051405e-27,True
AC005753.2,2.9857099422478037,-2.0363707112487126,0.183861219055565,-11.075585823420967,1.6479880003598716e-28,1.0125046393515357e-27,True
ESYT3,124.50967093196516,-1.6798285687170447,0.15172086448122854,-11.071836259704934,1.7184281828408778e-28,1.0550048135044262e-27,True
RAB11FIP1,9087.081206522334,1.6465377635413194,0.1487408187040028,11.069844699577475,1.757048372714672e-28,1.0783181115506366e-27,True
CSMD1,78.3545003649981,-2.3277307974110357,0.2103456913901877,-11.066215723397608,1.829648168182389e-28,1.122253756864346e-27,True
GRAMD4P8,36.994379439148254,2.4372793668725157,0.22032236866507637,11.062332806423084,1.9106256966818425e-28,1.17127677129858e-27,True
AL121578.1,8.907295939425625,3.0518077886776815,0.27599524498111394,11.057465098308175,2.017179688353023e-28,1.236370619865557e-27,True
AC020922.4,3.609722601421855,2.4925909769171857,0.2254469946202311,11.056217365487589,2.045428694150079e-28,1.2532243527688958e-27,True
CFB,316.5938507365952,1.854326465243435,0.16775892642194035,11.05351890831436,2.1078716514407347e-28,1.2907714231343567e-27,True
AL049629.2,1.4775786698503897,-2.6076155937050025,0.23599185351227686,-11.049600038712134,2.201936894094725e-28,1.3476306383036332e-27,True
CDH8,69.30775806030088,-1.8200114972162096,0.16474217911397493,-11.047635201893598,2.2506546842589435e-28,1.3769415348624383e-27,True
AC026333.3,2.866521081430268,-2.0644458644021983,0.18689057668228942,-11.046281203956681,2.2848476307215116e-28,1.3973479485958497e-27,True
KCNE4,3648.2062835288234,2.1360555485598347,0.19337409564578523,11.046234199189605,2.2860438672499935e-28,1.3978231926828022e-27,True
AC087878.1,7.798740463765161,2.0913846722110776,0.18933584161484263,11.045899468234266,2.2945805063345486e-28,1.402785798455561e-27,True
SPACA6P-AS,18.49366681170346,1.5371182424077152,0.13916295710331478,11.045455445924135,2.305953215273098e-28,1.409221802751375e-27,True
AL136131.2,2.26335811623189,-4.565720125515623,0.4133572025142014,-11.045459224479734,2.3058561999244905e-28,1.409221802751375e-27,True
LINC02086,13.285207869248634,2.29763682325235,0.2080267912756716,11.044908250339653,2.320045433547191e-28,1.4175741143892502e-27,True
SCUBE3,711.8276910442157,1.9869699631820381,0.1799098590804141,11.044252790470614,2.337038336465591e-28,1.4271725230322466e-27,True
AC011247.2,1.3587472008340222,-2.7388516065229838,0.24799586753161568,-11.043940505072417,2.3451777537324044e-28,1.4316187609229718e-27,True
XKR7,20.967498937066143,3.2719196474572714,0.2962851906941226,11.043142722698951,2.3660990863209917e-28,1.4441258863418513e-27,True
ADORA2BP1,3.3719868603520466,-2.7802631866732015,0.2518105092085349,-11.041092746334696,2.4207113604100417e-28,1.4763771609055318e-27,True
MEF2C-AS2,2.6941212356384643,-2.0862026704314256,0.18895212488063445,-11.040906111795934,2.4257450554652673e-28,1.4791766658385663e-27,True
FAM240C,25.49628298206065,-1.8204132153440293,0.16490714088295635,-11.039019933260963,2.477203276873966e-28,1.5097268289559555e-27,True
ACTL8,57.88265035063891,3.690636147248034,0.3344415575363486,11.035219948247368,2.5841844397757166e-28,1.5743508747183117e-27,True
TDGF1,9.389089443910748,-2.3578029112090553,0.21377083756834436,-11.02958166805725,2.751418842054176e-28,1.6743990321836626e-27,True
SDHDP6,9.781696897867715,-1.8577621081595677,0.1684887272304934,-11.02603205980742,2.8621637800890773e-28,1.741158334589395e-27,True
LINC02242,2.5703305659959845,-3.2721958768804296,0.2967766851657179,-11.025784842408559,2.870039430711231e-28,1.7456309497499335e-27,True
CD80,70.7278376135123,1.598870752543966,0.14506089726139232,11.022065785674018,2.9911454211402326e-28,1.8182958193511776e-27,True
GABRG1,5.5229916455791175,-2.7371188239869606,0.2483351718280494,-11.021873397305875,2.997546364630933e-28,1.821854815273865e-27,True
AL162171.1,22.523438140813095,-1.5404173967751376,0.13976870447459191,-11.021189633013769,3.0204060090912305e-28,1.8350796137216878e-27,True
IL17REL,54.84986739118325,2.4787774003025405,0.2249442818363683,11.019517278086148,3.0770475647097435e-28,1.868811860052909e-27,True
LINC01482,5.725504309967713,-1.704879477774673,0.15475894174929228,-11.016355232879262,3.1870388104568883e-28,1.9342048642388856e-27,True
S100A14,10424.943096694546,2.032932068806105,0.18462154113308551,11.011348168416893,3.3692382822291952e-28,2.0440372471177265e-27,True
LINC01549,1.285661896528753,-3.101209850230543,0.28164767113079847,-11.010955062327952,3.383972703210385e-28,2.0526028679403987e-27,True
IBSP,148.33245440395535,3.0026362529734567,0.27270193202669585,11.010689329034593,3.393969120550015e-28,2.0579177491131355e-27,True
SCGB3A1,815.485888161974,-3.1573566010868825,0.2868038503523861,-11.008766434647047,3.467183167446518e-28,2.101164663841067e-27,True
PPDPFL,3.409680591816492,-5.240753091348149,0.4761133966168869,-11.007363221844425,3.521597084307765e-28,2.133364962117705e-27,True
LINC00992,84.18757357703915,2.849748212695277,0.25891354345263734,11.006562942569964,3.553008826928495e-28,2.151612336467013e-27,True
CLDN2,49.36076983464518,-2.179996476297568,0.198071468390114,-11.006110541897586,3.5708887950260793e-28,2.16165493601969e-27,True
AL646090.2,1.3813056967157378,-3.475973182724364,0.31584860175938007,-11.005187812648389,3.607634420388317e-28,2.1835027275050814e-27,True
COX6CP1,185.66442345051377,3.1259666235629107,0.284057490455134,11.004697037048023,3.6273310057353355e-28,2.195025616226959e-27,True
COL10A1,7226.7815663388055,2.6837105960352403,0.24389589083891422,11.003508861113815,3.675459613727231e-28,2.2229398378344114e-27,True
IFIT1,6541.4909309085615,1.7311642608029256,0.1573945445866269,10.998883508634737,3.8689237343963608e-28,2.3365580879823297e-27,True
AC011477.6,11.240380355684849,-1.5342638784462301,0.139515273270223,-10.997103345628402,3.946045250975809e-28,2.3822712359665505e-27,True
SLC16A11,84.3931213932437,-1.9397832371024615,0.1764287102746094,-10.994714148752829,4.051953427215064e-28,2.4448813975790694e-27,True
BANK1,300.2858756739851,-2.004668770369514,0.18235617080764807,-10.993150171397641,4.122803320558572e-28,2.4867311979979708e-27,True
AOC1,145.92143482192904,2.535811340593584,0.2306933451978665,10.992130433665565,4.169658966005478e-28,2.5136290104359485e-27,True
GLDC,316.5057246045667,2.5848957253747176,0.23517478818246138,10.991381114242634,4.204425547958599e-28,2.53412954272314e-27,True
AL449283.1,4.590708129035661,-2.0002860315413495,0.18209362160999878,-10.984931893031849,4.515790735540041e-28,2.7198321336377973e-27,True
FZD10-AS1,230.57539823323816,-1.7564728772909743,0.15996179376987682,-10.98057752351702,4.73884500184882e-28,2.8516012624802653e-27,True
SFTPB,45.685904152538,-3.0502195196072126,0.2778334329492316,-10.978590615351099,4.8442233819280555e-28,2.9139611393203235e-27,True
AADACL3,4.262666042302754,-4.7931770523692885,0.43663589357976496,-10.977514956620642,4.902238798234743e-28,2.9477959192630807e-27,True
MATN3,905.8877638722457,1.6425492839135878,0.14971101815803056,10.971465588322703,5.241580933331776e-28,3.1490088730982056e-27,True
LINC00870,8.943168912580546,1.9597384544362921,0.1786381442219597,10.970436705843166,5.3015713736858716e-28,3.1844759319353412e-27,True
ANKK1,67.7192179248289,-1.6501906607954786,0.15044035086668656,-10.969069476963684,5.382344561662862e-28,3.232411467439128e-27,True
PSD2,65.50789137828137,-1.8213913946391422,0.16611769181205974,-10.964463656886146,5.663535221150705e-28,3.399446293919274e-27,True
PROKR1,31.65216685989607,-2.963292162314968,0.27026705127678846,-10.964311588541266,5.673063538834986e-28,3.4045527435056315e-27,True
DNASE1L2,72.63303513717672,1.5616255259329195,0.14245350723057953,10.96235225297209,5.797263435237327e-28,3.4784623659900974e-27,True
AC020637.1,4.30435534934677,-2.9353790446292387,0.26793045268235455,-10.955749953922867,6.235967443633884e-28,3.7376577691902656e-27,True
POTEKP,605.0962587907817,2.248917986974672,0.20533820774233455,10.952262668020806,6.480818029121197e-28,3.883018333689594e-27,True
KCNJ10,74.32732445820258,1.886890266107135,0.17236912709113242,10.946799452720594,6.88370714638012e-28,4.122189793942012e-27,True
GRIA2,820.0202694696726,3.404834257471105,0.3111613715569007,10.942342362212136,7.230722698287494e-28,4.325334013725374e-27,True
AC025262.3,11.534796634204415,1.6677884286893059,0.15243666492441366,10.940861435903795,7.3498203568876405e-28,4.394212245999389e-27,True
AC011239.1,2.251431539858585,-3.1727029612021735,0.29001786211081165,-10.939681225530618,7.446125569832905e-28,4.450991963225624e-27,True
AC009090.5,2.913442803086108,-1.6520791509805273,0.1510258597404924,-10.939048145922118,7.498299568884828e-28,4.481376206500719e-27,True
LGALS17A,71.05509631275564,2.889581827276219,0.26421747654272315,10.936376598120232,7.722492856161365e-28,4.611233916922567e-27,True
AC005014.3,4.80385764695083,-1.613732867322925,0.14760287426018695,-10.932936607171467,8.020990202490429e-28,4.784332002555059e-27,True
FMOD,10539.244054395978,-1.5160049816222887,0.13873815785038332,-10.927094644410401,8.554355070318881e-28,5.097912566834603e-27,True
SLC34A3,20.560311458297313,1.6701040565859147,0.15291884539651088,10.92150579776756,9.097486070135513e-28,5.4167481334216966e-27,True
AC137056.1,1.808601702238343,-3.4503675831437643,0.31595302877898124,-10.920508014998019,9.197988362860383e-28,5.4756107446096196e-27,True
B3GAT1-DT,55.34887738834027,-3.1457556089665855,0.28809574138994865,-10.919132625111194,9.338332833482464e-28,5.558166369155929e-27,True
AL033397.1,5.0829889342855274,-4.490097064117482,0.41132176954211414,-10.916264094448213,9.637907284704479e-28,5.735449144140072e-27,True
AC005828.4,8.073270569670063,1.5452074632579855,0.1415600500758456,10.91556171695396,9.712700869696673e-28,5.7778962059135625e-27,True
AC016705.1,5.506063596567374,3.2401099285230277,0.29686545710882173,10.914405333912944,9.83709589860488e-28,5.85085270416576e-27,True
UBL4B,13.726221063169234,-1.6025328440759021,0.1468329347083247,-10.913987704865008,9.882408609737093e-28,5.8767554337753614e-27,True
AL355300.1,1.2926348043918474,-3.9930575632622167,0.3661052016402151,-10.906858316605781,1.0688664777746195e-27,6.3505483996625306e-27,True
AC004801.5,8.96320575926244,3.2849955953778154,0.3012076980099143,10.906081142951697,1.0780405079259477e-27,6.402773445916728e-27,True
NKAIN2,28.083458230145695,-1.8337105578019133,0.16822873508075728,-10.900103106176545,1.1512675626659752e-27,6.832821133181635e-27,True
DPYD-AS1,2.4147447429149915,-2.5736948811775484,0.23620163801975255,-10.896177108485254,1.2020206982061657e-27,7.132773712540466e-27,True
NCR3LG1,227.48705478063638,1.6725999270332148,0.15352796872768432,10.894431424413225,1.2252947730180129e-27,7.2695882201348e-27,True
AC026355.3,7.23948521480363,3.0776437808203214,0.2825026949314224,10.894210342196631,1.2282740242896058e-27,7.285967704737471e-27,True
AC010531.3,3.7537944931333085,-1.6416074806652803,0.15069962689116118,-10.893241838288612,1.2414102525809338e-27,7.358654552670025e-27,True
AC091691.3,3.834299257137704,-3.906440415268459,0.358627935488366,-10.89273876545288,1.2482885298514174e-27,7.396797118339539e-27,True
AL353600.2,2.5865993479575584,-3.470051475271604,0.3185661363541825,-10.89271921675188,1.2485565715506178e-27,7.397071079168868e-27,True
EN1,209.29738651547507,-1.7402670579179447,0.1597742052903614,-10.892040143496985,1.2579031898608908e-27,7.451121399408677e-27,True
C2orf50,198.45537468823161,1.8459157359894312,0.16949273278185278,10.890825262492136,1.2747979979889567e-27,7.549855875498795e-27,True
GGT2,10.749065150096987,-2.4491918370977204,0.22500569582383023,-10.88502150192381,1.3586656026640543e-27,8.043695931695996e-27,True
TTBK1,41.63204482177125,1.5773856658047447,0.14493162025189035,10.883654395522917,1.3792041895707596e-27,8.163841057507147e-27,True
LDLRAD1,58.88004347008377,2.1275060790463107,0.19548394612698441,10.883277738133566,1.3849167695238371e-27,8.19329241562009e-27,True
LINC02571,12.856675399622423,2.439611885658394,0.22418528772573956,10.882123043876678,1.4025761016898758e-27,8.29482362391482e-27,True
HOXC10,1699.4916562806907,2.0164974368093915,0.18530898945859223,10.881811199234795,1.4073834817937982e-27,8.321778676301661e-27,True
ECM1,8071.280993914905,1.9767597284193412,0.18168394121309064,10.880211620359281,1.4323005843061658e-27,8.46761074029894e-27,True
KRT89P,17.10964953365277,2.0019684085250673,0.18414760550519416,10.871541897234167,1.5751602322851244e-27,9.292414397041679e-27,True
KIF25,51.61718732385984,-1.9663155365313838,0.18090012435024297,-10.869619595862611,1.6087017636826926e-27,9.485253733566853e-27,True
GFRA3,37.12260199456751,-1.9576178945995122,0.18014736269334766,-10.866758554394321,1.6599389172485624e-27,9.782170516225889e-27,True
AL157395.1,5.150467340063002,-1.77293670771351,0.1631908141711163,-10.864194266807623,1.707235124689951e-27,1.0055560609905542e-26,True
HMGN1P7,1.3038881825538964,-2.594804477727894,0.23892823443867184,-10.860183535127277,1.7839031234959407e-27,1.0501568449332062e-26,True
ADAMTS8,175.58373096556275,-2.1220955146187666,0.19542945312178156,-10.858626889245738,1.814570842801193e-27,1.0678334751469381e-26,True
HAS2,436.7892847581219,-1.6645183620732442,0.15329926409298028,-10.85796707454295,1.8277272038096433e-27,1.0751962342537977e-26,True
LINC02347,1.501950271286106,-3.02681659774928,0.2787851014548654,-10.857167696385362,1.84379317346172e-27,1.0840736696363699e-26,True
ADM,1098.7398458525763,-1.6948656315101571,0.15614173830003095,-10.854660963575434,1.8950874418179043e-27,1.1138398148957578e-26,True
XKR6,55.31510377371649,-1.572099286823838,0.1448714088551094,-10.851687708760707,1.9577653999882637e-27,1.150273402470201e-26,True
FIGN,389.77149229850136,-1.7862766058663566,0.16460795240736945,-10.851702969038241,1.9574385133274197e-27,1.150273402470201e-26,True
SHISA9,515.2745926322264,2.1423366085926405,0.19742801737678561,10.851228903869574,1.9676186688307416e-27,1.155655424213392e-26,True
AC016737.2,3.708173882575903,-2.1343566900802826,0.19671170533643315,-10.850176335108904,1.990409800400334e-27,1.1686298667878653e-26,True
AC004584.3,5.444199947082048,-1.5831727553301218,0.14595623869408958,-10.846900204439372,2.0630363171478654e-27,1.2106316758853452e-26,True
AL589645.1,1.3266175182863098,-2.4507465282452183,0.22599966101944757,-10.844027452033782,2.128879377193005e-27,1.2486105935633051e-26,True
CHI3L2,1071.5126087037333,-1.946741738923964,0.17952908193320563,-10.843601036450771,2.1388287796859456e-27,1.2542254435334378e-26,True
CASC8,38.936882019958546,-2.3333627427506514,0.2151852220991271,-10.843508304096115,2.140998567572106e-27,1.2552770961667046e-26,True
AC084864.1,7.069000717979541,1.6984392437225062,0.1566741189678904,10.84058589198509,2.2105081302243915e-27,1.2958030521155426e-26,True
AC093838.1,554.3449269689462,2.4706320509417883,0.2279306926334231,10.839400444043145,2.2393378776831052e-27,1.312472388099365e-26,True
SLITRK6,4279.022323964119,2.699868050643258,0.24910358801602167,10.838334654856958,2.265575709678793e-27,1.3276170153238107e-26,True
LINC02006,9.199405001158686,-2.0538030786185333,0.1895947264510231,-10.832596017110635,2.4121794371064178e-27,1.4125333107649152e-26,True
AC093577.1,4.185754319294989,-1.864334893445414,0.17220016356581289,-10.826557041758482,2.5766206758381647e-27,1.507768431628829e-26,True
AC134312.1,8.678948704984597,-1.993014820039895,0.18409581310007553,-10.82596494987358,2.593329731635146e-27,1.5172798810579033e-26,True
ZNF725P,8.337835173379958,2.9930926950294916,0.2764992260535311,10.824958672578779,2.6219741047195124e-27,1.5332318852935476e-26,True
TNNI3,38.700470677948395,3.3582129259336644,0.310282548585872,10.823080257780804,2.6762865161886724e-27,1.5636208659491246e-26,True
AC092384.3,21.3465562985791,2.380575838856706,0.2199886726589764,10.82135643659728,2.7271100241904896e-27,1.591920045452978e-26,True
MYL2,4.009861900809804,-2.394797072904893,0.22134260686756535,-10.819412976091666,2.785557703291457e-27,1.6251848118801048e-26,True
EPO,35.09208407576011,2.6582576649737057,0.2457563003484689,10.816640961816411,2.8710788596106383e-27,1.6744947339831265e-26,True
ZG16,14.468555670028914,3.6126268733059548,0.33405370188261463,10.814509322741827,2.938609841870992e-27,1.713281461827897e-26,True
GDPD2,39.90192605339245,2.2161391996923174,0.20505747613928604,10.807405033050328,3.1752524597949193e-27,1.8486643554766196e-26,True
MAP3K19,24.248442107007524,2.2228799629759575,0.2056873885976601,10.807079510956683,3.18653705977906e-27,1.8545868133782176e-26,True
RIMS2,315.55113438981726,2.7754456872603486,0.2568361654048146,10.806288448068852,3.2141261951842464e-27,1.869991180795524e-26,True
HOXB2,2020.6264596375158,1.592795242832195,0.14740557413515099,10.80552924933366,3.240826746602977e-27,1.8848680009149401e-26,True
CATIP,18.380191630870616,1.9998626157692394,0.18510943280765457,10.8036775081434,3.3068774043080365e-27,1.9229477690718173e-26,True
ETV5-AS1,2.6924899245044966,-1.9998906538468348,0.18514390733934508,-10.801817259810182,3.374575449906291e-27,1.9609464484914602e-26,True
AC092667.1,82.01656516736375,1.7499517524466317,0.16201877088779446,10.800919812300975,3.407724970943806e-27,1.9798644609060103e-26,True
VWA5B2,92.13264427199994,2.184793876982175,0.20236170529042255,10.796478878484612,3.57657519218333e-27,2.0768797855497454e-26,True
BEX1,656.5836853297398,3.4607202899598457,0.3206951107529683,10.791309795257968,3.783582194525595e-27,2.194411871395375e-26,True
AL033384.1,34.02423215789325,-2.227381671481554,0.2064261855016575,-10.790208936276978,3.82917996897218e-27,2.2200855838882688e-26,True
AL031733.2,5.495247501464605,-1.7534057023589502,0.16252200522264126,-10.788727963065273,3.891382857577934e-27,2.2557574642337306e-26,True
EIF4A2P1,6.016444797920468,-1.508169761311592,0.13980028071592568,-10.788030993844675,3.921002228759641e-27,2.2725322093657505e-26,True
LINC01983,10.855863813508035,3.128205096766165,0.2899792364120737,10.787686509805285,3.935724346698063e-27,2.280668483719091e-26,True
PTPN5,23.39062132191411,-1.548391565669741,0.14359851614753338,-10.782782491143017,4.151348120934736e-27,2.4039470131108266e-26,True
HOXC13,533.1469855254339,2.1366584776735147,0.19819045693723136,10.780834308032363,4.240222633270221e-27,2.454985843696677e-26,True
AADACL2-AS1,9.034093819183697,-1.9942345228742264,0.1849982906866515,-10.77974566939131,4.290704474382466e-27,2.483782390490902e-26,True
DRP2,68.00716511990353,1.5823693938898054,0.14679894646392536,10.779160423189138,4.3180890836974946e-27,2.4992008478345666e-26,True
NEFM,13.189335203908286,-1.8707310343993382,0.1735635761184614,-10.778361890414832,4.355733472728863e-27,2.5205510251958157e-26,True
AL034550.2,12.985465078755668,1.7389385174803793,0.161420435381897,10.772728455144524,4.6307114223911156e-27,2.6778150724002305e-26,True
RPL15P21,4.196599020735363,-2.270403794970171,0.2107934947141815,-10.770748869876893,4.731370103186982e-27,2.7341268683275456e-26,True
PLN,432.55340594733474,-1.621035982960921,0.15055129700115727,-10.76733322960652,4.9101766440536326e-27,2.8359799255722995e-26,True
KRT41P,51.19630779660246,3.3424408160114054,0.3105220380136724,10.763940741185772,5.094401140841754e-27,2.9413639827896756e-26,True
AC006058.4,4.984370182939806,-2.7181543549338167,0.2526137959675916,-10.760118403361213,5.310189483038529e-27,3.0633023537424646e-26,True
BNIP3P17,16.694908857284627,1.5059580497514893,0.14001031957787644,10.756050370371783,5.549809647620315e-27,3.198766020367955e-26,True
CD164L2,94.0495535531721,-1.9223141245302569,0.17874462720504977,-10.754528147719055,5.6422039436461815e-27,3.250334415558067e-26,True
IGHA1,53103.06473850753,-2.289973951568332,0.2130376188145568,-10.749152963269315,5.9808309898800475e-27,3.444219179442406e-26,True
MGAT4EP,17.12211878163315,1.813356999563615,0.168714091668106,10.7481063474582,6.049072536924892e-27,3.481714187675323e-26,True
YBX2P2,0.9879107551473538,-2.6691189455386395,0.2484000727411086,-10.745242205788282,6.239793226807172e-27,3.5908690995822676e-26,True
CARD18,2.0831413081907595,-2.8506902686504634,0.26547551836213595,-10.73805330991699,6.74516369957975e-27,3.8763478238374134e-26,True
RARRES2P1,1.7817601359623174,-2.295262510761353,0.2137731840954334,-10.73690566229623,6.829515307680777e-27,3.9234712488517867e-26,True
AC037198.1,138.22980009189533,1.654362316794773,0.15412560824342114,10.733857505249388,7.058665734573368e-27,4.0537186771532165e-26,True
SEZ6L,307.93739530963956,2.7092920595565118,0.2524263226610228,10.733001340730834,7.124389680341493e-27,4.0887723143690284e-26,True
RPL35AP9,2.6664783839616564,-1.7368347839013951,0.16199302260366263,-10.72166415556546,8.054098194840958e-27,4.615053620270638e-26,True
ARF4P2,2.5262333574335543,2.190235955589187,0.20428188218385143,10.721635869881005,8.056562025241539e-27,4.6156723411747143e-26,True
SMYD3-AS1,7.031775611342615,2.8896621635882753,0.26951789386221114,10.72159670803005,8.059974460012831e-27,4.6168342196318775e-26,True
AKAP14,7.99936249343672,3.091864450710546,0.28873544096878007,10.708295595222266,9.305928937049628e-27,5.322301905705163e-26,True
KIAA0319,145.23641968357785,2.2815257287953825,0.21315310975471705,10.703694313542112,9.779962105357097e-27,5.587664146848618e-26,True
AC135782.1,11.136379184502301,2.642892220033961,0.24695056250408465,10.702110548908943,9.948601468993804e-27,5.683040602765919e-26,True
CPEB1,98.40939182356895,-1.5348713381414743,0.1434497636532747,-10.699713258861378,1.0209365135295608e-26,5.829003901677336e-26,True
ELK2AP,3.2327406477481846,4.00680453057647,0.37450361332102927,10.698974290380974,1.0291104043877207e-26,5.874666702486494e-26,True
CCDC188,25.477457836286693,-1.580723254848209,0.14781103549413113,-10.694216771865943,1.0833101523476752e-26,6.181949053840285e-26,True
SUSD4,1976.6190835292148,1.727999728879934,0.16169474990650315,10.686801704317032,1.1734805140017504e-26,6.691929148673798e-26,True
BLACAT1,44.995771921179504,-2.4285755514218574,0.22730417766502378,-10.684253920756477,1.2061494007566713e-26,6.875876301852005e-26,True
OR52N2,1.891458620972235,-2.551593246556858,0.2388219216850812,-10.684083054659768,1.2083723125977595e-26,6.887371090894322e-26,True
VXN,24.65202195463568,2.2405812003715373,0.20979271986656697,10.679975939091683,1.2630439163736943e-26,7.194065169452832e-26,True
AL031429.1,5.435330511473436,-2.4285705822441335,0.2274439767229484,-10.677664967151,1.2948771642153786e-26,7.372862992900574e-26,True
LINC02489,13.205475783150156,2.679141254927301,0.2509537617026172,10.675836204846817,1.3206307706829955e-26,7.518217065808675e-26,True
CX3CR1,755.8139954706405,-1.6000967870719305,0.1500045896582822,-10.666985528356362,1.4526276684184933e-26,8.258383926711274e-26,True
AP003548.1,11.91306280742067,-1.8201232566299042,0.1706580276022765,-10.66532458040447,1.478818009981427e-26,8.405846568070668e-26,True
AC092954.1,1.9219213355418328,-3.5539177745923918,0.3332574862098979,-10.664179865877049,1.497140193042903e-26,8.508542654701393e-26,True
AC109462.2,1.6438326327214938,-3.335535122524751,0.31289138552885065,-10.660360996794502,1.5599077599181988e-26,8.860733075372511e-26,True
LINC02172,3.7878225075881247,-2.0505969113206266,0.1923665896863199,-10.65983918862629,1.5686844565349532e-26,8.909069812837901e-26,True
AL445493.3,1.965023327910592,-1.8952465648940473,0.177878640638091,-10.654716935633017,1.6574812614106463e-26,9.408568950941897e-26,True
RPL23AP32,5.409972789281982,-2.143343450054035,0.20119394134688245,-10.653121240657313,1.686148254539258e-26,9.563156146365598e-26,True
SLC1A1,2353.380914124312,2.225685328557064,0.20892502395318763,10.6530337364267,1.68773442560256e-26,9.570524631766668e-26,True
AL133232.1,1.2214090237312387,-3.186020228599181,0.2991287589685933,-10.65099938763726,1.725030489752957e-26,9.777029538200436e-26,True
CKAP2LP1,1.140148824873856,-3.368746730750344,0.31642746142140965,-10.646189542518679,1.8164914525844615e-26,1.0284919092060986e-25,True
ULBP1,86.08748651390896,2.248962883856917,0.21131568616610358,10.642668912373745,1.886469547757488e-26,1.0673884110648872e-25,True
AC009549.1,67.51694555410508,-1.9078221972137923,0.17930955572133217,-10.639824461886288,1.944954136106019e-26,1.1002930531806552e-25,True
FLG,28.06185740016798,-1.6505326184343445,0.15519750325356335,-10.635046207783938,2.0472723535878795e-26,1.156998571764145e-25,True
RNU1-22P,1.4635208779190978,-2.4386386941766656,0.2293691089766723,-10.631940390999576,2.1166214397673926e-26,1.195582798014952e-25,True
AL589647.1,1.5638341020467825,-2.037283692477651,0.19165102861787678,-10.630173535565453,2.1571072251128508e-26,1.2182450271005667e-25,True
AC013643.3,10.683676958692837,-1.549599597930309,0.1457791112450651,-10.629778057333064,2.1662738535638026e-26,1.2232148110819378e-25,True
GPR15,57.07439509576968,-2.390366340617449,0.2249091395903292,-10.628142302138048,2.2046003277119353e-26,1.2444349412468743e-25,True
DRC7,14.310671794966735,2.3398953313115176,0.22018816043541928,10.626799037170775,2.2365757085287688e-26,1.262270490839836e-25,True
LMX1A,29.586913820179326,-2.408090170043303,0.2266468317355075,-10.624856970661288,2.2836195932918585e-26,1.2881669454785215e-25,True
AC135050.4,4.472240146897085,1.5311100809946911,0.14411354205940494,10.624331753386183,2.296509910528582e-26,1.2947812173494114e-25,True
AC234772.1,1.5491109054547456,-2.926723360212019,0.2755416801080488,-10.62170833488551,2.3619839649564825e-26,1.331470643125993e-25,True
AC016769.5,28.721487948003215,2.5901130982148715,0.24385775952584726,10.621409395587992,2.3695612152305967e-26,1.3355162576766125e-25,True
LINC02676,2.098225794789117,3.633066378131949,0.3421172003329859,10.619361945543373,2.4221098876721965e-26,1.3637505089309485e-25,True
MYRFL,67.49109539054972,1.7719215275506899,0.16693618513531602,10.614364561610152,2.5552709250159063e-26,1.4375123157617318e-25,True
AC096541.1,7.066282004987478,-1.8589327181104425,0.1751632925320386,-10.612570083828668,2.6048369584747114e-26,1.4651493966634028e-25,True
UTS2R,7.821443810069678,-2.0335235882263167,0.19168095564449752,-10.608897380487846,2.709273184598426e-26,1.5231212311728405e-25,True
ESRG,5.291302892520582,-3.591927397975583,0.33873008916560626,-10.604098994640767,2.8519961871688514e-26,1.6017383099679022e-25,True
AC008592.4,7.330091502321204,-2.087585967581103,0.19700144594805524,-10.596805305335431,3.0833352677028874e-26,1.7302060885516337e-25,True
LINC02251,1.7319362701953884,-2.711561926916516,0.25595380853915517,-10.593950300613354,3.178872587627417e-26,1.7829166149476411e-25,True
AP000553.2,7.203836016953738,1.8508683830624448,0.17473205559531207,10.592609219622219,3.224756628354776e-26,1.808043187609338e-25,True
ZSCAN4,4.115100251418601,-2.286291657154934,0.21585114063233982,-10.59198320869281,3.2463992779840095e-26,1.819565874310735e-25,True
SLC12A5-AS1,6.100267826648244,2.706116511970305,0.2555664354101783,10.588700772177104,3.36225958500104e-26,1.8832380735673446e-25,True
PLA2G4F,377.089451004135,1.5317389643726909,0.14469631743606265,10.585887681968993,3.464808690989153e-26,1.9403510501393328e-25,True
WASF5P,12.685290948479496,2.56481407941557,0.24230501596124918,10.585063908977228,3.495421392793545e-26,1.9571660179360634e-25,True
AL158064.1,3.032149052163785,-3.6113571016305044,0.3413031238284392,-10.581084231288207,3.647130779530815e-26,2.0407410128619656e-25,True
AP000925.1,2.8813743308171667,-1.57246985371622,0.14862708540873995,-10.579968310565764,3.6908303625952653e-26,2.0645001972859693e-25,True
PLPPR3,446.07678172442814,2.1826602632884438,0.20637574329430958,10.576147314831386,3.8444294736505e-26,2.1496961521926647e-25,True
PHYHIPL,31.243609252710847,-2.07898736340738,0.19661426454218595,-10.573939628685018,3.936046426766362e-26,2.199450608013261e-25,True
AL353803.5,5.5447695895857825,1.8124700573168948,0.17154089940710376,10.565818784799013,4.292066155029196e-26,2.3947819006871114e-25,True
APOBEC3B,300.68735560710337,1.583495256421642,0.1498715834799854,10.565680428892712,4.298400351040382e-26,2.3979149097833006e-25,True
DISP3,91.47065077645918,2.0515381578106133,0.19418381070604387,10.564928921475534,4.332967992573783e-26,2.4167946075320805e-25,True
RPS3AP2,3.5719937503145296,2.1938127601326127,0.20766543816889213,10.564168883742742,4.3682082734401254e-26,2.434414734474511e-25,True
KRT8P8,19.930606349682066,1.9045453658369413,0.18029244810496123,10.563644710887548,4.392677717242349e-26,2.447642593021138e-25,True
STPG4,4.12736447331005,-1.7633862724121474,0.16696401337852756,-10.561475115085655,4.4954121850372876e-26,2.5036322805412243e-25,True
LINC02766,4.2249886729874815,-2.186813200533182,0.20706783726033837,-10.560854015120594,4.525258492248654e-26,2.519413112821375e-25,True
ERBB2,35296.052861738695,1.6661689433980107,0.15777898471618299,10.560144916606983,4.559573681164335e-26,2.538094186165071e-25,True
AC025580.1,32.283815081071545,-2.021544223584366,0.19145486630040623,-10.558855267812417,4.622645720420065e-26,2.5727739007057537e-25,True
PCAT5,1.4947231354837078,-2.83623849172608,0.268613612720616,-10.558804012200383,4.625170236089062e-26,2.5737494110351096e-25,True
IGHEP1,6.4993134434920705,3.6476208962272145,0.34570134042903966,10.551364630811847,5.00646046468842e-26,2.7826741672815685e-25,True
AL445183.2,1.8121880770591912,-2.18833739276069,0.20744817933353066,-10.548838749952724,5.1428776059105446e-26,2.8570685537149886e-25,True
LINC02388,6.988825711499663,-2.104583044258612,0.19956539279058985,-10.545831693709621,5.31009321781918e-26,2.948980827994202e-25,True
COL6A4P1,10.445680600522342,2.874545984097453,0.2725851000777758,10.545499307472303,5.328904062091408e-26,2.958934758020086e-25,True
MYLK2,22.80988043879722,1.8570648037146174,0.17611961319774483,10.544338418626488,5.395122324817614e-26,2.994705965551641e-25,True
BTNL2,4.083276418430191,-2.132937225044346,0.20238181013455636,-10.539174561321657,5.699695787388341e-26,3.1616625883834626e-25,True
AL391097.2,1.2842413928603225,-2.7789202919691975,0.26368258980888853,-10.538884247091547,5.717316228763476e-26,3.170909344969785e-25,True
AC124798.1,118.74965380047963,1.5225565319930345,0.1445006141713408,10.536678620532863,5.852960556102279e-26,3.243442698329261e-25,True
AC005920.1,20.961104106982322,1.758776969176764,0.16695750028475032,10.534279479371246,6.004129623675533e-26,3.326660887522103e-25,True
AC023302.2,4.2305013535326035,2.7906965380708257,0.2649580315459715,10.532598396009094,6.112353772599144e-26,3.386061228611443e-25,True
TUBA3E,73.82227978635692,2.5914523866760275,0.2461030153672024,10.529949756240917,6.286802796338306e-26,3.482122346040295e-25,True
OVCH1,9.87094611345293,-2.0431046209679566,0.19403599358335902,-10.529513536313182,6.316003386604288e-26,3.4977149940197015e-25,True
LORICRIN,1.2293634715104071,-2.882041453630785,0.27371963106417485,-10.52917338236174,6.338866567306788e-26,3.509210842515174e-25,True
OR52N4,7.460955341956406,-1.7000311615284671,0.161464264262743,-10.528838497428067,6.361455729666526e-26,3.5211317365750866e-25,True
AL359258.1,3.698062757353124,3.378775802791837,0.32100118468617767,10.525742470686053,6.574108798477284e-26,3.6370264485802743e-25,True
TMEM179,58.00075150606254,3.2046104070080634,0.3049312793874462,10.509287251362233,7.82829320853175e-26,4.323712325460836e-25,True
LIPN,3.966902784459095,-1.9481740739644358,0.1853895346253206,-10.508543958005886,7.890229450832507e-26,4.357199237552795e-25,True
KRT7-AS,202.71583893838928,-1.8634993953293641,0.1773722612493728,-10.506148944616635,8.09312094213002e-26,4.465544180990967e-25,True
C17orf64,3.8301207123241574,-1.6509962200769004,0.15715636947439204,-10.505436245432758,8.154488940833674e-26,4.497916832415848e-25,True
H4C12,22.329842694146766,1.8510029783571538,0.17621439694598073,10.504266452897072,8.25621696062442e-26,4.552522807868118e-25,True
PAX3,33.051863056142935,-2.1192543299449076,0.20181315169000885,-10.501071472290105,8.540514369593242e-26,4.706173392458113e-25,True
U8,2.6478286741332444,-2.2688777808314105,0.21608028394036893,-10.50016104874032,8.623287919518123e-26,4.750215210241326e-25,True
KRT8P11,77.78341670569615,1.8982327268736119,0.18088026147132796,10.49441609290524,9.164255729236176e-26,5.04654498537479e-25,True
ZCCHC12,22.322211704087028,-1.6925246513352474,0.16128133923758678,-10.494237332949941,9.18161737013672e-26,5.0552708878436435e-25,True
GABRD,187.5795234079041,1.673208453830806,0.1594753009994055,10.49195984171269,9.405687742793299e-26,5.176931515669479e-25,True
TFPI,2123.1691245013,-1.567675299260619,0.14942521957639923,-10.491370223211126,9.464575046447283e-26,5.207624372611293e-25,True
AL359233.1,1.2340688624153051,-2.555875715583711,0.24362304322045641,-10.491108237535965,9.490857607225821e-26,5.221224189102176e-25,True
RPL19P4,6.327936361288635,2.0817945937560207,0.19845825204141665,10.489836387965198,9.619481931260425e-26,5.289366907264698e-25,True
AC003682.1,2.6147349495828665,-1.5986771181698196,0.1524090944509778,-10.489381384547443,9.665915579031412e-26,5.314022727417055e-25,True
MIR1-1HG-AS1,3.1624859382332993,-2.3871882789657883,0.22771774723582267,-10.483101593718276,1.0329931739461522e-25,5.673466626800104e-25,True
LINC02149,13.355262547201452,4.83308116226846,0.4611271032999628,10.481017332708253,1.0560159673903278e-25,5.798958751276148e-25,True
LINC01411,114.7793510828879,2.536403175704596,0.24216420006070347,10.473898185895331,1.1385567917701845e-25,6.249132726916373e-25,True
AP003973.2,1.8058519845880963,-2.225379358583079,0.21249940110366883,-10.472402966902562,1.1566887726456573e-25,6.3465636523461705e-25,True
LINC01605,81.28644081016598,1.7278691818581233,0.16502804131898327,10.470155060001707,1.184488223735423e-25,6.496956870617208e-25,True
AC022929.2,5.401768672053266,3.3685593114142534,0.3217835248065501,10.468402052091898,1.2066260170885496e-25,6.614032058495404e-25,True
S100P,2324.764060905776,2.63991224034418,0.252202822815459,10.467417497050963,1.219238756383407e-25,6.680971621201157e-25,True
DIPK1C,26.750887071209483,-1.8977087770528187,0.18129887020843907,-10.467295107084922,1.2208157482866514e-25,6.687415307097821e-25,True
UGT8,285.3442129489599,-2.167835815142788,0.20716817077393185,-10.46413552354235,1.2622340483666045e-25,6.913161977168319e-25,True
DOC2GP,15.7081914949512,-1.5013945695935462,0.1435018525035962,-10.462544861962119,1.2836097199217517e-25,7.0279265391020345e-25,True
MYL7,41.23591673391505,-2.800925779288012,0.2678095028684987,-10.458649709167856,1.3374805764115145e-25,7.315669959446875e-25,True
LINC02478,10.147648218785461,-2.4398738199406633,0.23332326050593472,-10.457053508724664,1.3601982551673994e-25,7.436270755996328e-25,True
ADGRE3,8.18732940737707,-1.9516879758355334,0.1866409179252703,-10.456913722514885,1.362205858814032e-25,7.446025763905777e-25,True
LINC00337,19.87205670066616,1.5972667069423443,0.15279233818168744,10.45384032963101,1.4070954680659478e-25,7.687619063651915e-25,True
AC079414.2,20.17861558186511,4.886500533827298,0.4675038409447623,10.452321683501763,1.429814758096305e-25,7.809186434286551e-25,True
LINC00578,377.9974466010517,2.2934010342861257,0.21942906320085262,10.451673998110632,1.4396145213153302e-25,7.858848366564896e-25,True
KRT19P1,31.51605633937447,1.6848318407778744,0.16142192846939685,10.437440914957802,1.6725885498286528e-25,9.114241102652899e-25,True
SYCE3,53.024097935204594,1.763986776693271,0.16902231147953845,10.436413756575659,1.6907792548063946e-25,9.21035566294323e-25,True
LINC02254,2.6016611877636633,-2.9147835878922552,0.2794424597558118,-10.430711175528986,1.7953943793658255e-25,9.773850335858785e-25,True
NPW,54.85694135551197,2.6808412915833024,0.25702773389273287,10.430163511857112,1.8057728321692925e-25,9.828744602580992e-25,True
AC008759.3,7.107378518847554,-1.7117907647563977,0.1641901030861651,-10.425663499693822,1.8933321897304463e-25,1.0293566220300074e-24,True
H2BC13,9.522047259061852,1.868803780712484,0.17929124672593208,10.423285100856997,1.9412964729731114e-25,1.05526154975029e-24,True
SCRT1,10.524058501911572,2.2359344589019026,0.21451638026029582,10.423140909746857,1.9442427303614058e-25,1.056518670601638e-24,True
WNT11,385.528860350327,-2.1345935523102577,0.20483452033335312,-10.421063543568552,1.9871846605732334e-25,1.0793260789162339e-24,True
LINC01305,9.177046971595333,-1.9062682662442445,0.1829371229143865,-10.42034681575465,2.002217407138449e-25,1.0873139278726615e-24,True
AC096564.1,2.707602492489159,-1.6494607263850474,0.15832034679174992,-10.418501221164586,2.0414478989478251e-25,1.1080769202801273e-24,True
CCDC85A,83.67038961965858,-1.7732719646132389,0.17022241476143704,-10.417382264835336,2.06560269377258e-25,1.1208230431926744e-24,True
ACKR4,163.26433679213523,-1.5135181593747824,0.14531815221463112,-10.415203718936334,2.1134461819016887e-25,1.1464104866662235e-24,True
TMEM151A,18.341344321952178,2.688418989907119,0.25813000415031867,10.414980617059738,2.1184073290556365e-25,1.1487279027101857e-24,True
VWFP1,37.484351534619414,-1.6529847754634235,0.15874947166742806,-10.412537176352568,2.1735036362407942e-25,1.178029786526804e-24,True
FAM238A,2.6195281803307418,-2.0101623251029883,0.19305290180262885,-10.412494742804304,2.17447289436463e-25,1.1783636099149504e-24,True
AL117329.1,150.09790070406336,2.2127711029714194,0.21256512288088442,10.409850275444267,2.23573003509077e-25,1.2109689936696783e-24,True
S100A2,281.36349999342,-1.9178464122362777,0.18431482171188177,-10.405275031186735,2.3457772465071315e-25,1.270369038547683e-24,True
VAT1L,94.34965927174206,-1.7212972812162508,0.1654663309819579,-10.402704109054897,2.4099533332102618e-25,1.3047002225524192e-24,True
RNF138P1,2.048063203463192,-1.8393939747163512,0.17688126298839232,-10.399032343166047,2.5046367587922433e-25,1.3552998745572373e-24,True
AC105052.5,29.653424129970606,1.5593034469701632,0.1499640914136211,10.397845459346632,2.536024195307523e-25,1.3716164594438952e-24,True
KRT8P43,3.646985095121614,2.2158956636392073,0.2131331104191292,10.39676875771023,2.564834868598018e-25,1.3867489953449304e-24,True
LINC01429,4.897455968063436,2.278324011447025,0.21915150573093212,10.396113884082938,2.5825165440645262e-25,1.3960827399579817e-24,True
MMP11,20460.152968502425,2.326628723839752,0.22384881696192963,10.393750368738587,2.6473423651190565e-25,1.4306631102634161e-24,True
AC022196.1,4.800617634010678,2.9573133105435767,0.2845389154314165,10.393352719643683,2.658406341867097e-25,1.436176787541322e-24,True
PRSS29P,5.754380483792526,2.7908157316089475,0.2685489792659936,10.392203832749214,2.690630462631259e-25,1.45287945755003e-24,True
AC026150.1,3.738028777750273,-1.7427732837508318,0.16772359110493754,-10.390746300324876,2.7320690827148313e-25,1.4750165426494561e-24,True
AC104459.1,13.490451711454286,-1.8867703161792344,0.18170658250459681,-10.383610159700753,2.944262686653968e-25,1.5870085071476186e-24,True
RN7SL192P,6.500367682429992,-1.6732176027228387,0.16114330948876118,-10.383413422693394,2.950338343798712e-25,1.5900263966926835e-24,True
AC099542.1,2.270194944997152,-2.103148609082672,0.20281534446628283,-10.369770663147783,3.403405714535683e-25,1.83035280074263e-24,True
LRRC37A7P,47.83166123338876,-1.5852979993838998,0.15290215458896114,-10.368055333461935,3.4650435532140134e-25,1.8632011843942943e-24,True
NEUROG2-AS1,6.552056511114979,-2.975097962404246,0.28705793823897385,-10.364102733600408,3.611317550993805e-25,1.939665469610121e-24,True
AL161908.1,139.13651980082724,1.5496083671040202,0.14951749990116026,10.364060181105229,3.6129251262124307e-25,1.9402164256692167e-24,True
AP003110.1,3.4038473826031264,-2.5032193283313533,0.24163432690426456,-10.359535254786579,3.787980445561154e-25,2.0329153504830855e-24,True
SMIM35,26.07039206449752,-1.9252778468292682,0.18586933479511575,-10.358232835725737,3.839906854609809e-25,2.0601199114282904e-24,True
OR2W6P,3.212765300679114,3.008623876783626,0.2904862596560642,10.357198582631195,3.881643639496814e-25,2.081841970626878e-24,True
LINC02761,13.447205776558853,-1.7677798971337237,0.17070009835128203,-10.35605669948606,3.9282460598488023e-25,2.1054818040806446e-24,True
AP000553.1,6.892915509878786,1.6662896466187678,0.16093412615592262,10.353861461330872,4.0194008509599732e-25,2.1533011884122758e-24,True
MAT1A,238.76041624740085,2.453201307533071,0.23694130926271822,10.353624343372667,4.029371469570926e-25,2.158296002870556e-24,True
AL161945.1,23.655157326257957,-3.0764010012997343,0.2971697276577204,-10.352336442704985,4.083956261334232e-25,2.1871825495300353e-24,True
AC105118.1,12.776190570758052,2.70541164240607,0.2614318847789705,10.3484379676694,4.2536900041262905e-25,2.2766218576088534e-24,True
AC083906.5,6.282537239742573,2.1188045474041397,0.20475522792809459,10.347987540265473,4.273745934872742e-25,2.2866220629242915e-24,True
AL021368.3,4.944680863343967,-1.855195937712611,0.17930224429350824,-10.346752462706233,4.329221547333894e-25,2.3140761240910087e-24,True
AF067845.1,1.8878558338601277,-3.4089451726379822,0.3295227719230935,-10.345097404781445,4.404681547406302e-25,2.352902849983225e-24,True
AGTR2,2.1399989049095884,-4.13870213551863,0.4000929859765218,-10.344350639932232,4.439154531556705e-25,2.3697993352470714e-24,True
PPFIA4,231.6868827413213,1.5918990435501716,0.15390175602737022,10.343605457413137,4.473820947930874e-25,2.387875098650772e-24,True
LINC01254,1.0181967207155531,-3.1327763159644633,0.30287121693524954,-10.34359206419478,4.474446457605528e-25,2.387875098650772e-24,True
PYDC1,137.11367923007015,3.4129566755776763,0.32998998785177963,10.342606749361927,4.520702565989976e-25,2.4121745579711954e-24,True
SLC26A7,62.71982075654321,-1.6297213308384706,0.1575825801754252,-10.342014510894673,4.548733173173802e-25,2.4259667774216076e-24,True
HPR,3.9824267487554077,-2.4487391354270303,0.23683514631417535,-10.339424589366638,4.673351134543215e-25,2.4916320861052228e-24,True
ELOVL2,2507.616049174489,2.104751467686621,0.20359065527326148,10.338153609563276,4.735737776396073e-25,2.5236835906844463e-24,True
AL450267.2,3.2643145257256356,-3.0721123235583048,0.2972071402045738,-10.336603358330175,4.812950682168094e-25,2.564420710970183e-24,True
DOC2A,187.5481165322921,1.5210297360898486,0.14724123690204569,10.3301885266132,5.145934617182112e-25,2.740526565768225e-24,True
AL445205.1,1.396646190927197,-3.5672469826170983,0.3453360629686723,-10.329784129555872,5.167674964440347e-25,2.7516652145796123e-24,True
CCN6,70.97162384093491,-2.3071504720438756,0.22338422004963904,-10.328171217873829,5.255294026699732e-25,2.7974269831829106e-24,True
AC068305.2,3.601948499755367,-1.6551178067711356,0.1602575978248051,-10.327858580412043,5.272447136648257e-25,2.8061097918940746e-24,True
RP1,238.35510955995576,2.211785187027554,0.21418420284994644,10.326556102632324,5.344507643394375e-25,2.84310074014291e-24,True
RHOXF1P1,22.32921258421995,3.3941702704620726,0.3287306780431547,10.325079151926603,5.427402280158122e-25,2.8867374583890462e-24,True
AL590399.4,3.3305156359218544,-1.7504272666757492,0.1695531360252163,-10.32376815734875,5.502049083619118e-25,2.9255075715818556e-24,True
AL021026.1,2.2852364745172644,-2.7345282982157673,0.2649626606714113,-10.320428890948314,5.696810865565479e-25,3.027134250410184e-24,True
MC5R,7.864738698369504,2.846616731111995,0.2758595974929403,10.319078099810701,5.7775221452662285e-25,3.0695329938264054e-24,True
CTD-3080P12.3,2.850571799294162,-2.4622533315675947,0.23864276384967364,-10.317737239745608,5.858760436345465e-25,3.1117025289327106e-24,True
AL133153.1,4.146999705070834,1.9783070884532425,0.1917732102529031,10.315867820350547,5.9739146250725375e-25,3.171852871064226e-24,True
MIR6510,1.2645741153793135,-3.1067081625609863,0.30118406522266633,-10.31498183764864,6.029270725359071e-25,3.199715936028002e-24,True
CDRT15P4,19.560667445632053,1.5907734739331671,0.1542648254219497,10.311964957546458,6.221604522216964e-25,3.299686533260394e-24,True
CRYBG2,129.2991650555335,1.710950735326557,0.16592493665776456,10.31159492834733,6.2456094808175505e-25,3.311891088818325e-24,True
MX1,10399.656505254763,1.6705601856250176,0.16202463617450563,10.310531935561773,6.315080848666626e-25,3.3471333633532e-24,True
AP005271.1,2.6547557272620512,-3.0180519338950424,0.2927610747814218,-10.308924901127474,6.421564108309507e-25,3.401949824432308e-24,True
CELF2-AS2,1.1737642900315828,-3.0611253695323235,0.29697279944165106,-10.307763456072921,6.499627952166173e-25,3.4427587766326195e-24,True
H4C8,1293.5388608300598,1.8266696264924607,0.1772213391395072,10.307278092817711,6.532528425965909e-25,3.45963618354037e-24,True
SNTG2,45.860533246796244,-2.21977091625377,0.21536603012400196,-10.30696862906228,6.553591597757509e-25,3.470240174557243e-24,True
AC026355.2,22.370916972568615,2.994985456709009,0.29058925535367514,10.306593934671888,6.579184673790338e-25,3.4826861854957776e-24,True
ZPLD1,93.44744194874312,2.575234495876024,0.24988116790021714,10.305836640336057,6.631213526679175e-25,3.5096705269199144e-24,True
ATRNL1,720.3296909160107,2.4596604677608105,0.23867823119313522,10.30534060632654,6.665513611499907e-25,3.526704956844525e-24,True
AP001021.2,1.1650059970349704,-2.5303126598766585,0.2455674250948097,-10.303942629604657,6.763130556274691e-25,3.575517452777499e-24,True
AC116317.1,35.238091822408855,1.699324520468322,0.16497582082470788,10.300445919732136,7.013542813091187e-25,3.707317154442511e-24,True
SLC7A5,5723.529504775733,1.5913116212284542,0.1545278625854578,10.297894467726936,7.202038239567991e-25,3.805145330344628e-24,True
AL354743.1,3.579931832567561,-2.292465803085082,0.2227442199079833,-10.291920499809649,7.663243586072007e-25,4.043055060147371e-24,True
LINC02169,12.502754152756511,-4.108615226124318,0.39927943204859057,-10.29007481062615,7.81156583159865e-25,4.120004885623649e-24,True
CLEC2L,11.884924675852837,-1.8381695514555845,0.17869348720423595,-10.286718224680829,8.0886324871354955e-25,4.264787427881132e-24,True
CTNND2,1145.462586323854,1.6983487906344426,0.16525786804592485,10.276961761133665,8.950468001375519e-25,4.710259702980467e-24,True
PLCD4,195.6843151184723,1.5170438910470005,0.14768327239300702,10.27227976781231,9.395764119982477e-25,4.939144666413866e-24,True
AP005131.2,14.237249383238254,1.5142314459940576,0.14751391826025315,10.26500728780424,1.0131332523943527e-24,5.3199465964571356e-24,True
B3GAT1,205.830390156914,-2.3222878243036584,0.22628548797551218,-10.262645850956947,1.038223455816753e-24,5.450836591315002e-24,True
LINC00595,24.947150246169645,1.7001513106215245,0.16569332614411506,10.260831562659224,1.0579175304309543e-24,5.551611600683225e-24,True
TLX1,15.982442408614533,2.927098445615761,0.285392558042249,10.256393739539764,1.1076637076535062e-24,5.807180787067565e-24,True
GATA5,70.34381350517945,3.808612616132317,0.371527907737622,10.251215418309867,1.1686466369358695e-24,6.121124029397568e-24,True
LINC00484,10.037196398545907,-2.042138023342476,0.19929639718073042,-10.246738286445684,1.2240453932853942e-24,6.4052549538168225e-24,True
LINC02009,108.9177804204932,-2.253690105369543,0.22001712218829067,-10.243248720619274,1.269021662743493e-24,6.636444006716754e-24,True
AC016866.3,6.072791206390179,2.0869938044260845,0.20386906120619003,10.236932431426322,1.3546338716117292e-24,7.076391758204817e-24,True
TMEM82,6.385844456264903,3.4823737257339262,0.3402201915735678,10.23564683103446,1.3727476187282765e-24,7.169891986995974e-24,True
IGF2BP1,20.513220059257776,2.199979319312896,0.21498138769856576,10.233347839384018,1.4057399941821428e-24,7.338763786158467e-24,True
H2BC11,162.3194096016839,1.5993849395891717,0.15632800938487793,10.230955705778245,1.4409030627949848e-24,7.518803980777647e-24,True
CCL7,32.94455756311229,3.2490955999949387,0.31760077305052786,10.230124973524648,1.4533171054689508e-24,7.58239551787923e-24,True
AL050338.2,2.356914983002912,-2.25097142874977,0.2200732556692517,-10.228282495773849,1.4812295403784323e-24,7.725605871454542e-24,True
LARP1P1,3.886826545732734,2.2226706349703247,0.21732483751253723,10.22741192590148,1.4946022710755208e-24,7.794134658029328e-24,True
AC078923.1,4.107267548000987,-2.7119113660981564,0.26524714063641774,-10.224092744567812,1.5466942600887057e-24,8.063265105471041e-24,True
LEMD1,14.301369186471135,-2.6374489539786867,0.2580048213050967,-10.222479334445623,1.5726611798547901e-24,8.197355062047107e-24,True
H1-6,4.364068964887417,2.8637440151341162,0.2801794657220867,10.221105989168734,1.5951043416942009e-24,8.313038707791827e-24,True
AC018445.1,1.5946353279924013,-2.994339340301631,0.2929861538608551,-10.220071156412745,1.6122248991819771e-24,8.399638831873107e-24,True
MPPED2-AS1,4.53105506296405,-2.481822930519221,0.2429525084150147,-10.215259544798517,1.69425121308587e-24,8.821480672162479e-24,True
KBTBD13,2.4399867451421557,-1.8737126535561215,0.1834604851194516,-10.213167442221371,1.7311936394326593e-24,9.011015558208171e-24,True
MAS1,2.746534281778756,-2.358577364702918,0.23095113173629117,-10.212452075775198,1.74400780366417e-24,9.076297790948253e-24,True
AL592071.1,4.336543564907349,1.9145231573081964,0.18751064731868836,10.210210378370254,1.7847744044062446e-24,9.28411193457243e-24,True
PCAT7,147.9369280542299,1.846293205923209,0.18084528773464614,10.2092414408512,1.8026859980726797e-24,9.374360728165569e-24,True
MIR205HG,1683.8803420831318,-2.3067906530057893,0.22599661669402774,-10.2071910931698,1.8411775451129428e-24,9.57154013280928e-24,True
AOX1,1638.6930446841657,-1.8830176278060506,0.18451502185884747,-10.205226700981259,1.878818787455688e-24,9.765699461168913e-24,True
AC009879.3,9.670917399339606,-1.5133415824031609,0.14830089888246822,-10.204534118181698,1.892270862489344e-24,9.832555467927257e-24,True
NCAM2,1197.4650147507036,1.678835102142808,0.1645605926312442,10.201926690339695,1.9437763821471363e-24,1.0095467772656105e-23,True
USP41,14.442294261034638,2.2583523367369387,0.22143740221133876,10.198603822951187,2.0114313451113354e-24,1.044034613667205e-23,True
CCBE1,182.64498431709697,-1.7346796414637409,0.1700982503953875,-10.198103963042172,2.0218085699603696e-24,1.0492576097044563e-23,True
LINC01777,1.1374450316398563,-3.499925980025834,0.3432332580158016,-10.196931382053618,2.0463602609378673e-24,1.0616687669884403e-23,True
TFF1,9696.056481029136,2.6806268638784285,0.2629502765926834,10.194424963586508,2.0998348170470086e-24,1.0889036124039915e-23,True
SVOP,15.528020814665524,3.667582003815282,0.3597794642851865,10.193972607919887,2.1096322536416804e-24,1.0938141484250062e-23,True
MIR7152,1.9386395536781302,-2.4686018235519405,0.2422741999226895,-10.18928893105283,2.21377468448313e-24,1.1465626953382188e-23,True
AL032819.1,6.229904915066558,2.5211797116124073,0.2474487581140431,10.188694139456771,2.227359245771419e-24,1.1534193088079357e-23,True
IRAIN,31.980319905639753,2.2855794868849957,0.22433304029238735,10.188331972437302,2.235671264455634e-24,1.1575438751487493e-23,True
MT-TF,7.82274411654965,-1.7333720704917013,0.17013513521026113,-10.188207558359519,2.2385337508036797e-24,1.1588460424643265e-23,True
KRT8P35,3.2792055343174638,1.9130741876354311,0.18777515703057485,10.188111238399504,2.2407523483115063e-24,1.1598145283849205e-23,True
MCTP2,388.3257456800881,-1.5332188303159897,0.15049570399287748,-10.187791343124003,2.248136336999496e-24,1.1634559078615176e-23,True
AC131097.2,74.38622575930502,2.494043903944145,0.24489044505245064,10.184325090388768,2.3297082851212613e-24,1.2047362629944014e-23,True
AC024884.1,2.675661787777892,2.0900353282296877,0.2052464340322034,10.183053060506564,2.3603729241602826e-24,1.2198369231027626e-23,True
KANK4,935.5227694931042,-1.648606023112936,0.16191904738519577,-10.181668245558537,2.394211158911515e-24,1.2371327539284183e-23,True
MAGEC2,27.18349459309581,6.129692517882151,0.6020377533949599,10.181574964885694,2.3965076889784887e-24,1.2381275742795294e-23,True
AL671883.1,10.304134223975547,2.189056158340748,0.21507901622665038,10.177915989879363,2.4883324685295206e-24,1.2851695755457795e-23,True
AC092666.1,4.617211876363285,-1.815619652759265,0.17853727880991238,-10.169414840764682,2.715349915513626e-24,1.40111719530348e-23,True
COPDA1,29.979705466640937,3.0810317100702638,0.30298057193289835,10.16907351654424,2.72488106505163e-24,1.4058177388367388e-23,True
CAPS,1600.1927281886428,1.7063182455436514,0.1678391631058209,10.166389142847638,2.801003944011677e-24,1.44442060505405e-23,True
AC125611.2,4.2282515002270085,1.6271423266859173,0.16010609479197757,10.162900599131023,2.9030867658316027e-24,1.4959060654159166e-23,True
COL7A1,1510.6143241105076,-1.6663388763815312,0.1639862100928889,-10.161457328867131,2.946390144559812e-24,1.5177504623250722e-23,True
AC009159.2,2.4755331385412385,-2.0116928332586186,0.1980114345249538,-10.15947810329661,3.0068162429170342e-24,1.548159871623285e-23,True
SLC4A1,8.42028195519403,-2.441894361705068,0.24039351543556442,-10.157904456285548,3.0557346147348257e-24,1.5728614549589704e-23,True
RUNX3-AS1,6.005814781125248,-1.5554165170338023,0.15328616947694332,-10.147141926380787,3.412097853023536e-24,1.7546654017036532e-23,True
NMRAL2P,10.917656667443408,-1.931907774735931,0.19047504067376506,-10.142577042651977,3.5754070686319376e-24,1.8375134894715133e-23,True
AC005274.1,3.0705666879982005,-1.6922968647074335,0.16685206747066103,-10.142498623848361,3.578279108456368e-24,1.8387061631419322e-23,True
SPRR2F,4.880153599860554,-3.9697759406756687,0.3914543450644547,-10.141095611091064,3.630051485290146e-24,1.864447666455276e-23,True
H3C8,87.41021479759927,2.4143816747185003,0.23814920209018095,10.138105244645063,3.742887586278502e-24,1.9215141335406676e-23,True
PRLH,4.363574698329772,2.558476806183828,0.25238335469178447,10.137264437697526,3.7752349883617034e-24,1.937822250682999e-23,True
DLG3-AS1,10.426217823830168,1.7169889856558878,0.16947202168847117,10.131400856314274,4.008647668847763e-24,2.0560503092649038e-23,True
LINC00960,156.23451047659253,-1.6547635612380558,0.16338385808622283,-10.12807250741248,4.1474417652931936e-24,2.1259304554374842e-23,True
KRT8P41,19.091547004911053,1.8395588305998725,0.1816618552307065,10.126280105769448,4.22414707419513e-24,2.1642507417012354e-23,True
IFI6,21242.614151466056,1.8525401576697553,0.18299847552778598,10.123254591749157,4.356823551522674e-24,2.230856880388909e-23,True
SLC4A10,106.25188630228311,2.5832704071910815,0.2554064849509936,10.11434931923028,4.771771419807661e-24,2.4403282484153612e-23,True
KIRREL3-AS1,3.7929357133939474,-3.206855523150854,0.31711523290796995,-10.112587445717299,4.8583905207518035e-24,2.4842451008364287e-23,True
PNMA6A,38.10194360295179,-1.5446853563079765,0.1527686325046208,-10.111273047241909,4.92402299716739e-24,2.5174190239542433e-23,True
RN7SL3,11.354052400510708,1.8774457403552758,0.18568944292690728,10.110675710811911,4.954139586109555e-24,2.5320398629450966e-23,True
DNAAF6,4.656090034093915,3.0871612404637303,0.3053758098507316,10.109383719596982,5.0199048703061806e-24,2.56516052941751e-23,True
AC073862.3,1.665030967402509,-3.483668131981936,0.3446506512741367,-10.107824021522044,5.100449971445938e-24,2.605620497820934e-23,True
NTRK3,735.2462286419202,-2.0427638623864417,0.2021085323163274,-10.107261870514392,5.129793007337489e-24,2.620209327641261e-23,True
AC126768.1,1.9205358950032632,-2.406143101700155,0.23812528766977092,-10.10452575300177,5.27501702598178e-24,2.693562131365279e-23,True
AL354950.3,2.6851087390705417,-2.18935818747745,0.21672270039926828,-10.102117514427398,5.406203120705592e-24,2.7597040849902153e-23,True
AC133644.1,26.676371817613017,2.149317719989656,0.2128048062670933,10.09994913973901,5.527084705710204e-24,2.820547021434271e-23,True
GRIN2C,128.6158448991888,1.6558148938440154,0.1639469203957469,10.099701109646281,5.5410812738249956e-24,2.826824528083062e-23,True
CCDC158,175.1391959381483,-1.5433589898354592,0.15286704036240567,-10.096087332995916,5.749037031925981e-24,2.9302252174491754e-23,True
NKX1-2,25.94154611163528,-3.187590456042388,0.3158760498413842,-10.0912698434814,6.0383264561026655e-24,3.076262587604152e-23,True
AL033530.1,9.886518636158078,4.606723588099589,0.4565108465711806,10.09115910980068,6.0451427703349474e-24,3.0792647968214474e-23,True
HCRTR1,8.172648974474175,-1.5419367874374046,0.15281043654064722,-10.090520139488332,6.084624307300828e-24,3.0989025049507534e-23,True
CELF2-AS1,14.090717379862214,-1.8877869654662838,0.18710621854273551,-10.089386553633485,6.15529726032996e-24,3.133939058545708e-23,True
RNU6-1065P,1.3953021557000247,-2.453464328609014,0.24326591702026912,-10.085524345790656,6.402244269647391e-24,3.2581786074846764e-23,True
FERMT1,269.3298153523714,-2.0506687459289137,0.20337026946271422,-10.083424442257927,6.54060287241058e-24,3.3265603964011047e-23,True
H2AC18,6.373423655846165,2.1258362961499166,0.21088437300575402,10.080577644754705,6.732912559048155e-24,3.421760148303824e-23,True
AL079307.1,5.45907934543542,-1.6401695448131521,0.1627321907124548,-10.078949577415239,6.845399641473802e-24,3.4778676514855246e-23,True
LINC01340,3.805081729549825,-1.9876728035358595,0.19727965255132873,-10.07540705708969,7.096632558892317e-24,3.6038617208238147e-23,True
COLCA1,253.68592784178625,-2.1229211967799,0.2107150281690036,-10.074844757048915,7.137341652209138e-24,3.623431370977661e-23,True
AL138899.2,3.020854867804135,-1.7217143084158606,0.17094292715138945,-10.071866307115979,7.356862056741297e-24,3.732035179955362e-23,True
AC000036.1,2.487956551760122,-1.872817529754115,0.1859528881464808,-10.071462446331239,7.387138042542705e-24,3.746823826323296e-23,True
SERPINA5,5367.599065660657,1.9482775292577321,0.19355790033758072,10.06560582574918,7.840312536853879e-24,3.9748644389106106e-23,True
TMEM75,7.690308857467696,1.560956537048252,0.15508893447231775,10.064912383074446,7.895760543589314e-24,4.001758637813982e-23,True
OR11Q1P,3.1846580739372192,-4.406043434244283,0.43781585559281416,-10.063690882730556,7.994378497009006e-24,4.048664062213414e-23,True
KRT83,18.096218464622257,-2.3179860421271297,0.2303452462173952,-10.063094768361145,8.042947816623363e-24,4.072642981120142e-23,True
SERHL2,663.0956654073282,-1.9945131012442416,0.19823044404498796,-10.061588223005701,8.167002362831672e-24,4.1342040345791356e-23,True
PNMA3,33.499706471984666,-1.7747467805526809,0.17640012889444195,-10.06091544079705,8.223012065778067e-24,4.1612933138335776e-23,True
SBSN,24.515024694161436,-2.723879247816859,0.2708236670480753,-10.05775927010592,8.490886390917592e-24,4.2942458333441123e-23,True
FBXL16,1668.9168502988791,1.590555266975688,0.1582197450247281,10.05282410692231,8.927170099092198e-24,4.5135263134418697e-23,True
C8orf34,88.5659034531151,-1.8801537470839218,0.18703892388570328,-10.05220575495214,8.983376283980452e-24,4.5412553538648496e-23,True
OXT,6.0272442689389845,-1.7261583267960765,0.1717280253828311,-10.051698451362109,9.029750135345245e-24,4.5640063240925827e-23,True
CCDC154,90.43348595833119,1.550103086300922,0.15424012450355887,10.049934096527235,9.192887905071944e-24,4.6450548294885493e-23,True
UPK1B,8.64168535297356,-3.327892187347406,0.3311641191852324,-10.049072331673687,9.273627065019716e-24,4.6844318235586564e-23,True
JPH3,52.54038693841671,1.905551301288533,0.1896606752929493,10.047160795695914,9.455234962887317e-24,4.773998951965619e-23,True
ITIH2,169.53429811464255,-2.362817972611331,0.23518279068777034,-10.046729889127892,9.496657798094063e-24,4.7934620994193874e-23,True
HPX,1149.6891608121969,1.9024023965773085,0.18939662114271388,10.044542426888455,9.709725500567628e-24,4.898784201489105e-23,True
HOXB5,279.2849206287249,2.17217941002783,0.21628286036603228,10.043234153421507,9.839412041271889e-24,4.9612118561290625e-23,True
COL19A1,9.329879618433555,-2.2629104663535484,0.22535700290153382,-10.041447291266522,1.0019315733836086e-23,5.050395411240925e-23,True
PRSS33,2.8671845290478295,-2.624689302056025,0.2613949086950159,-10.04108808071085,1.0055872872839887e-23,5.0680565881266047e-23,True
PNLIPRP3,20.143056174570503,-4.137335408618757,0.41209679098580065,-10.039717607898854,1.0196564415136542e-23,5.138187166521434e-23,True
GATA4,95.26607601021459,3.8032326892029067,0.3789819918591447,10.035391577699144,1.065358474206004e-23,5.363623151614738e-23,True
INHA,89.04077242921583,1.8650490614985429,0.18585087344699908,10.03519126333521,1.0675231306852816e-23,5.373710020411088e-23,True
LINC02130,12.14055661355415,2.041221872614307,0.20359323378414007,10.025980896685962,1.1719011340845599e-23,5.888463299771883e-23,True
MUC7,46.81689308717157,-4.275941129823729,0.4265012933396433,-10.025622891648755,1.1761561831144669e-23,5.90895338214588e-23,True
ZDHHC22,12.868134213898939,3.138172926598923,0.31310987939161133,10.022593131512027,1.212784314982714e-23,6.087469012696948e-23,True
ZNF488,59.662083996473946,-1.6741662265839967,0.1670411000042683,-10.022480853761248,1.2141631823228366e-23,6.093472982285068e-23,True
AP003721.1,9.05249057942362,1.6467182569750916,0.16430885916606633,10.022090502805815,1.2189691203879777e-23,6.116671862145451e-23,True
LINC00601,4.645919976356613,-1.6128447370076666,0.16092980833003429,-10.022038513213477,1.2196106278699667e-23,6.118970186375135e-23,True
AL512328.1,11.355161299192341,1.8420390495602652,0.18382113048415927,10.020823203015839,1.2347021484344831e-23,6.193754805677133e-23,True
AC138470.2,2.6087200866909943,2.1313024501387607,0.21269751140230975,10.020345024664998,1.2406906561087274e-23,6.222859481210701e-23,True
OR2B11,5.7279565092924924,-1.8687082862978013,0.18653707137583322,-10.017892274789414,1.2718629982747736e-23,6.375373384858774e-23,True
TRIM72,48.32781651383516,2.1877900577375278,0.2184683349957374,10.014220403063053,1.3199845832708699e-23,6.609634514639676e-23,True
AC090820.2,1.3827490948458825,-3.666543286842948,0.36629550698938373,-10.009795962223512,1.3803693406834972e-23,6.908890461121709e-23,True
LINC01579,5.3357894439127,-1.8937274870662297,0.18919512569016994,-10.009388350561627,1.386068157272414e-23,6.935331879501535e-23,True
KRT19,83956.38754685612,1.508586124897884,0.1507502983258125,10.007185004950491,1.4172788786886526e-23,7.089370530281667e-23,True
AC025271.4,12.588418106070048,-1.8313365428994988,0.18301854341210652,-10.006289574580656,1.430160771777211e-23,7.151661655120439e-23,True
Z82186.1,12.539428904706973,3.2815353459516388,0.32795683042431806,10.005997867786176,1.4343823284654217e-23,7.170621536800082e-23,True
H1-4,27.929794820810546,1.6562077621674345,0.16554124387068186,10.004804382533436,1.4517832582560275e-23,7.253261405180564e-23,True
DNAJC22,1091.8838589416002,1.6524499582637064,0.1652900254539956,9.99727572020748,1.5664713224204522e-23,7.816886447912563e-23,True
AL360181.1,1.8119361241189547,-1.9631671644346123,0.1963961357576554,-9.995956167167556,1.5874771704000892e-23,7.916969665869983e-23,True
RLBP1,2.5792900492270574,-2.2933546251741466,0.22945945363657566,-9.994596382184481,1.609415297556294e-23,8.022778887624043e-23,True
QRFPR,12.416712576716318,-2.1203347368017336,0.21216700510924577,-9.99370630560564,1.623937674998401e-23,8.092752170281184e-23,True
H2BC14,2.4569819302084617,3.001156689372318,0.30031994930028394,9.993197908979136,1.6322907602799128e-23,8.133163688118155e-23,True
AL162231.4,3.1026979966398787,-1.5309200344862761,0.15320022862802476,-9.992935703793242,1.6366154744117597e-23,8.153494092643827e-23,True
RANBP20P,1.7399330535226398,-2.1296690600531707,0.21316246695976057,-9.990825732257996,1.6718321051724426e-23,8.32396668787635e-23,True
SNX31,14.42840130953335,-1.8651340962452552,0.1867359594041409,-9.988082114429085,1.718749070882773e-23,8.555009367890984e-23,True
C1QTNF1-AS1,5.2487621763675225,-2.0275403084845847,0.2030652932544183,-9.984671806739035,1.7788877821125034e-23,8.851705258977899e-23,True
AC017037.2,4.32395239404392,4.49326486348522,0.450033054937853,9.984299629069945,1.785575715372367e-23,8.883658739661804e-23,True
SLC25A24P2,26.208871226878586,3.874955387188474,0.3882021683015073,9.981797381870596,1.8311914174885703e-23,9.105174084065355e-23,True
AC226118.1,23.261015783960524,-2.451334181774111,0.24572104553470517,-9.976085591040224,1.9396855178291102e-23,9.638887249900611e-23,True
AC109597.2,2.8705549077558357,-2.1307165625406266,0.2136134580791992,-9.974636344076428,1.9682112133017657e-23,9.77481396163821e-23,True
SELE,874.6359077701142,-1.9498671410842174,0.19549082140007906,-9.974213250113383,1.9766170853469342e-23,9.815098746163626e-23,True
CAPN13,2037.9641822006754,1.592245471912809,0.15966930800665424,9.972144877376508,2.0182251995001642e-23,1.0015742883650443e-22,True
KCNMB2-AS1,47.48914571253121,2.657770627264605,0.26654506811231293,9.97118665930338,2.037793884044025e-23,1.0108342739697187e-22,True
ABRA,3.315911053530549,-2.313058218073387,0.231978542631121,-9.971000730664475,2.041612617647428e-23,1.0125779176966696e-22,True
KRT8P37,4.978388248172658,1.8380314427007656,0.18435858422973556,9.969871760407594,2.064952824502113e-23,1.0240016616255907e-22,True
ODAM,17.83442062706686,-2.562916967421937,0.2571990987269194,-9.96471986141409,2.1748611968204446e-23,1.0775433970103256e-22,True
UBE2Q2L,1.5370537288147015,-2.258672428336662,0.22670657230695043,-9.96297727654107,2.2133323479144523e-23,1.0964411834610675e-22,True
FZD9,39.48580650587893,-1.8543948737140512,0.1861705857012426,-9.960729654092043,2.2639498395234463e-23,1.1205174116691513e-22,True
DOC2B,1061.463935828094,-1.5005590397913398,0.15068713888722646,-9.958109569751345,2.324403726582291e-23,1.149926418599508e-22,True
LINC02744,1.469222385517422,-3.122003691262229,0.3135177154041645,-9.957981759459962,2.3273932707120848e-23,1.151234621551132e-22,True
AL354953.1,15.573548182517527,-2.0663596846821615,0.2075785670230926,-9.954590757206084,2.408116009067954e-23,1.1908105098814828e-22,True
DAW1,1.6154567096858854,-3.113192363171605,0.3127761807127156,-9.953418946665465,2.4366505445521432e-23,1.2045635785690693e-22,True
PRSS51,45.85966487853865,-1.9613233018751188,0.19706396865004128,-9.952724058643929,2.4537294999010226e-23,1.2126470819827978e-22,True
MLIP-IT1,2.6025580855273986,-2.2988919063158404,0.23102693672285,-9.950752665147837,2.5028302396523077e-23,1.2359971221999823e-22,True
HSD3B1,4.44350210639933,-3.368709301587183,0.33860318360549735,-9.948841194334507,2.5513671350605567e-23,1.2597800205379702e-22,True
TENM3-AS1,78.27287823435643,-2.0203913610249566,0.20310549820258297,-9.947497132794323,2.5860530722548504e-23,1.2763398535833505e-22,True
AC006197.2,6.220745955265824,1.880642862396902,0.1890689462189963,9.94686277152344,2.6025857066428597e-23,1.284309421882698e-22,True
AL583827.1,1.4327801451017832,-3.096733997442018,0.3114379507858956,-9.943341810551955,2.6962690609264546e-23,1.3299493701055514e-22,True
AC010327.5,8.834118417096429,1.6779368334592042,0.16875563465405305,9.942997381384947,2.7056107646040365e-23,1.3343598549065367e-22,True
MAPK10,967.856394882715,-1.623239400486269,0.1633113849623415,-9.939536063946656,2.801287184787021e-23,1.3807290323006556e-22,True
CYP21A1P,143.8503640714425,1.7836590327883448,0.17946997256542868,9.938481670732319,2.8310925116843163e-23,1.3952135979335048e-22,True
AC009970.1,1.1894546400916173,-2.8285642356737237,0.2846323868703437,-9.937605016684895,2.8561124572385005e-23,1.4071280002429717e-22,True
DYDC2,52.17573552456263,2.0607870695446286,0.20746662685863512,9.933101534199139,2.988135567575622e-23,1.4708683843996964e-22,True
TRIM58,508.91666641107116,1.868924702473402,0.18817376645608125,9.931908882259627,3.0240996621010485e-23,1.488351529389136e-22,True
SNX19P3,7.043053242267115,2.5326556914632494,0.25505428100033917,9.929869365571957,3.086596513141025e-23,1.5186619521501925e-22,True
NKPD1,100.43236566467486,-1.6051649315855807,0.1617009363999331,-9.926750996763213,3.18463340350364e-23,1.566204680333917e-22,True
AL133387.1,15.265445810039155,2.3200558302234073,0.23389755315405947,9.919111161865274,3.438040733656533e-23,1.6893357952955905e-22,True
CER1,1.0398978356011888,-2.846793801454172,0.2870067332321899,-9.918909460396183,3.44499473081272e-23,1.692503377694069e-22,True
AC011840.2,1.9860485571783586,-2.476536132501711,0.24970472807043112,-9.917858390743746,3.4814581222590756e-23,1.709913798515728e-22,True
AC013652.2,3.4603902643779887,3.301356326275999,0.3329202379541916,9.916358184059243,3.53416570928116e-23,1.7352899328447793e-22,True
DUOXA1,81.13955596691781,-1.734646761683552,0.17493400919671823,-9.91600643950767,3.5466376377339876e-23,1.741157346986468e-22,True
AP001407.1,1.35849149384577,-2.952699059203506,0.2978055601800017,-9.914855375496735,3.5877567429021844e-23,1.760307482993158e-22,True
LINC01208,46.499089001431976,2.579704252293405,0.2602419514771532,9.912714831912405,3.665481717237874e-23,1.797384940275928e-22,True
AL133313.1,3.79095367416421,-1.5704065382142292,0.15842564312883864,-9.91257795896783,3.670508018541347e-23,1.7995850030922578e-22,True
MALRD1,174.5234284903273,2.4749984953815125,0.24971856927891964,9.91115119123199,3.723310380205946e-23,1.8246683008007066e-22,True
CD8B2,30.807101959810087,-1.929183634806635,0.19465340887467045,-9.910864885231776,3.7339963520858067e-23,1.829367479737176e-22,True
AL161658.1,5.728408556527766,4.0260140153912385,0.40625855581715115,9.909979636719989,3.7672294862777146e-23,1.8453780278771375e-22,True
FOXD4L1,7.754286473703332,1.5654296780557773,0.15796836711584433,9.909766788358247,3.7752636036228217e-23,1.8490419432694592e-22,True
AC084375.1,2.759623421437553,-3.070030108965032,0.30982011957838596,-9.909072765005824,3.801578045562229e-23,1.861656773002273e-22,True
ZNF812P,104.98296606650362,-1.851161740813995,0.18687850006079987,-9.905696697114596,3.932197413836324e-23,1.9253391800620697e-22,True
WWTR1-IT1,2.4868502929915097,-1.588097998095751,0.16038822678711817,-9.901587104667097,4.097205835597278e-23,2.0046613469972655e-22,True
AC009142.1,1.3133623739427809,-4.055370071370886,0.409624310365534,-9.900218245718913,4.1536760871327623e-23,2.0313967418945666e-22,True
PIGR,8434.828261598732,-2.8686574138090077,0.28978406366348053,-9.899293210065247,4.192272699539764e-23,2.049972173855595e-22,True
MYOG,4.1786833351923915,3.16389051822007,0.31964461779540826,9.89815045234126,4.240444245546468e-23,2.0726157869665714e-22,True
DPYSL5,43.64140728123163,3.43566340121061,0.34710394390195376,9.898082293703581,4.2433346445447206e-23,2.0737246052303912e-22,True
LINC00643,3.27015504169572,-2.40327867895663,0.2428273104431231,-9.897069133496599,4.286530380856554e-23,2.094220651497e-22,True
ROPN1L,56.20809995390296,1.6574242120215126,0.1674943782056808,9.895402041411911,4.358555753309067e-23,2.1287855274912723e-22,True
CGB7,4.147127424140619,-1.8912993087904686,0.1911385220579853,-9.894914371142354,4.37985076823523e-23,2.1385599307449e-22,True
CR769775.2,3.478880520373361,-2.7944058845401396,0.28254562814659506,-9.890104840306709,4.595463853948646e-23,2.2421964018337e-22,True
CRP,1.832171454604174,-2.03928188623396,0.20627270540233283,-9.886338971781852,4.771596126021196e-23,2.326772323536787e-22,True
ATP13A4,801.5933841666006,-2.3501098918083807,0.23776316789803445,-9.88424705384239,4.872307200306301e-23,2.3755346903949537e-22,True
AC021818.1,2.7740120977176197,2.7514744640998643,0.27837341854578684,9.88411349931855,4.878807904586741e-23,2.3783564509583867e-22,True
NLRP13,8.58033398185751,-3.2580345336581433,0.3297000266472964,-9.881814590034883,4.992061861799492e-23,2.4321442078765705e-22,True
C20orf203,4.586701736807746,-1.777568554230411,0.1800417278415703,-9.873092063383227,5.445944529440906e-23,2.6497928817088527e-22,True
WWP1P1,5.925045930681373,1.6384298285288417,0.16596253176696404,9.872287504202694,5.489813438675128e-23,2.669969204701427e-22,True
HADHAP2,13.031846673013101,-1.521326123773461,0.15411659887194834,-9.871267176337659,5.545950715007065e-23,2.696878250142471e-22,True
KRTAP13-4,1.6041901690171636,-4.368690698040207,0.44274675864106133,-9.867244904173184,5.772841853216639e-23,2.806801326183433e-22,True
KRT18P16,4.23426218418818,1.690291697016537,0.17134958515205914,9.864580036867538,5.928200161969654e-23,2.880238158530391e-22,True
GOLGA8IP,4.644872047925038,-1.7760416878860057,0.18009186603393945,-9.861865096957235,6.09073387987088e-23,2.958774714636766e-22,True
PART1,134.27407645498553,-2.136865198987505,0.2166906485939832,-9.861363251495842,6.121257068665384e-23,2.97316926861232e-22,True
HSPE1P5,1.8092362847833794,-1.9962366623408858,0.20247387596063798,-9.859230742088254,6.252658237162651e-23,3.0365501609310795e-22,True
TAS1R1,15.108373046220697,-1.5087333319072327,0.1530323438366818,-9.858918017470696,6.27216107672201e-23,3.045578039423447e-22,True
ANO4,25.660722264785992,-1.6139702150002762,0.16370955152788558,-9.858741899524167,6.28317103848282e-23,3.0500359674288723e-22,True
LINC02278,10.214438024091795,1.7646118797326331,0.17900395893122725,9.857948898273202,6.332982784732642e-23,3.0737686346681544e-22,True
AC079768.4,4.591207384678748,-3.442382784837081,0.349238041023948,-9.856837974305982,6.403422703086357e-23,3.1070528695653557e-22,True
KCNA4,10.616182147480334,-3.193019842119903,0.3239541450114942,-9.856394465971757,6.431760209247343e-23,3.1198948540827584e-22,True
LCE1C,1.0004096898121966,-2.9718759488414097,0.30160541869941254,-9.853523062207497,6.618253210732152e-23,3.209424550308369e-22,True
AL161665.2,3.523294913408545,-1.7619267252770565,0.17883576979456436,-9.852205335101868,6.705619949046362e-23,3.250742492005e-22,True
H2AC14,3.5594995045447844,2.240800500282037,0.22755329709403033,9.847365557424052,7.036412555570239e-23,3.4097256947938376e-22,True
AC012368.2,2.4583334846286413,-1.608509073735978,0.16338195689022755,-9.845083902481942,7.197914456615471e-23,3.487480011821435e-22,True
NR4A1AS,38.94699695572264,-1.9558063570246276,0.1986697419431629,-9.844510482044926,7.239076441672094e-23,3.5069140071662217e-22,True
SLC17A9,750.2180670765322,1.6934003278419996,0.17211455523423083,9.838797918848,7.662081967231385e-23,3.709141697273907e-22,True
COL4A2-AS2,3.131590426798176,-2.4235636367455613,0.2463727432579191,-9.836979548538842,7.801795241206463e-23,3.774583918453421e-22,True
WFIKKN2,10.41621429507824,-2.1432693274472117,0.21788992547572597,-9.836477399162646,7.840819973901035e-23,3.7929142052455123e-22,True
KREMEN2,156.50625254391764,2.1075743005526686,0.2143300633715616,9.833311610135569,8.091338562405045e-23,3.910129687257584e-22,True
SERPINB13,7.47683528948988,-3.5542867813924923,0.3616229662503366,-9.82870866374125,8.469782023601268e-23,4.091233498045751e-22,True
AC008703.1,44.537383228067974,2.3274298926667427,0.2368211348362381,9.827796384288765,8.546842178139291e-23,4.1266633820583067e-22,True
HUS1B,22.604957916863768,2.363070391070065,0.24049406411329366,9.825899029078958,8.709341384443072e-23,4.203905425239427e-22,True
LINC02550,3.5844064961883366,-1.823287745166797,0.18556149080243906,-9.82578732948416,8.71900266829653e-23,4.2079597682347465e-22,True
AC025175.2,2.9237191910499734,-1.7275917382219392,0.1759019572605453,-9.821333230892007,9.113022461454532e-23,4.394941230181449e-22,True
RAD17P1,47.573176930039956,1.8856956224074723,0.19203896835637066,9.81933843191736,9.295153600157121e-23,4.480186116659052e-22,True
MARCO,589.8015458571311,-2.4136096017457014,0.24583386472405955,-9.818051733657196,9.414539995464768e-23,4.536418065434973e-22,True
H3Y1,2.7471571144502893,3.767972341790336,0.38407852362289774,9.81042185396929,1.0154315773926061e-22,4.8872315881752085e-22,True
COL2A1,2249.575449244937,2.854804924316279,0.2910257194881643,9.809459209780877,1.0251648125409376e-22,4.9319419119197535e-22,True
AC084033.1,5.172699950447781,1.6003821953558328,0.1631708176198403,9.808017258848611,1.0399173201812708e-22,5.001471403335045e-22,True
VGF,63.18828486112097,2.585796754241762,0.2636485513174622,9.807741181661854,1.042765724091168e-22,5.014447603852395e-22,True
FABP9,2.0392981614043295,-4.0494922329228915,0.41294770124981034,-9.80630772532906,1.0576799135161977e-22,5.083967632725811e-22,True
KRT8P5,10.111529564682447,1.543893810787579,0.15744538304317915,9.805900820630406,1.0619518386080967e-22,5.1030305282048155e-22,True
AC026120.1,3.6233663051565124,2.2354764132130573,0.2280065191886511,9.804440772868599,1.0774213505582383e-22,5.17512957219742e-22,True
RSPO1,268.131275993714,-2.33229074209596,0.23792124110867488,-9.8027848679162,1.0952361056567124e-22,5.259183425132571e-22,True
RNASEH2A,5.0557829741833515,1.5011687884048435,0.1531798205226257,9.800042742464962,1.125380154522989e-22,5.403153293001319e-22,True
KCNJ6,46.72643873190669,2.3094754272386395,0.23571546211373506,9.797725641452807,1.1514910606465782e-22,5.523745020354249e-22,True
AC020663.2,2.2951220489374817,1.924120336977669,0.19645997474012378,9.7939559420329,1.1952582212661561e-22,5.731224503379588e-22,True
AL160408.4,9.18729883030595,3.060944107210314,0.3125822133332382,9.7924449205531,1.2132603187325554e-22,5.815035695517676e-22,True
AC073862.5,1.8656238478420955,-2.936317452842496,0.2998952817196615,-9.791142548175632,1.2289917804408264e-22,5.888742368666827e-22,True
AC063944.2,3.623371025868419,-1.5993660836958061,0.16341638038045905,-9.787061003139527,1.279612720647207e-22,6.125133432017182e-22,True
PTH2R,124.01881127760441,-1.7267718735665898,0.17647827446452755,-9.78461444506969,1.310939600591956e-22,6.272385185099159e-22,True
H4C15,3.268839203241719,2.4027056135065257,0.24558226007807116,9.783709999014995,1.3227117451657292e-22,6.3268952939661365e-22,True
TUFMP1,5.1926399486030785,2.789530357118476,0.2851359442463457,9.783159273348003,1.3299311085428866e-22,6.360515207055316e-22,True
LINC02197,16.62498408780743,4.181058478108301,0.42737509114517835,9.783112223281176,1.3305496847848543e-22,6.362561146815329e-22,True
OLR1,1101.8844011361366,1.5024269498011984,0.15360804325405708,9.78091327754425,1.359779553293798e-22,6.496746178050841e-22,True
PXDNL,403.34722190036763,2.2138475048640465,0.22643316802048738,9.77704602297372,1.412735639201831e-22,6.745893589882856e-22,True
AC009093.3,9.019278291579884,2.7038673275453715,0.27657079644043825,9.776402144930264,1.4217486526881615e-22,6.786987663684154e-22,True
AL118522.1,56.76646480777478,1.541118310364014,0.1576615913593512,9.774849391513563,1.4437189268604898e-22,6.887923103271885e-22,True
AL035685.1,2.0100727919952046,-2.3210561379236636,0.23747649090948053,-9.773835418548382,1.4582469041844674e-22,6.955245424434754e-22,True
HMX2,13.521739956476013,4.282433519056973,0.4381736882314234,9.77336986239846,1.4649656714373783e-22,6.9858338402987e-22,True
LINC01399,4.548500768211681,2.9416255286497983,0.3010801035428747,9.770242184837372,1.5109046269194552e-22,7.199193942439907e-22,True
DDX11L10,8.527208593386346,2.426880108073525,0.2484899418452238,9.766512439304881,1.5675538218147192e-22,7.466983631438233e-22,True
RIC3,371.9273168973987,-2.0017810194319785,0.20509321239604716,-9.76034748320398,1.6658346302745061e-22,7.927214481310575e-22,True
AC100810.7,1.9581253796921096,-2.242333668779078,0.22974146827979552,-9.760247836704014,1.6674722587938675e-22,7.933875354332528e-22,True
DNAH17-AS1,7.227292924611136,2.6303169881262582,0.2695062399919868,9.759762847066044,1.6754655430960958e-22,7.970173258729776e-22,True
AC073573.1,3.026564074523381,2.1375614742889617,0.21903063175840642,9.759189649083966,1.6849615326912674e-22,8.013659748106257e-22,True
PLA2G2A,1470.5637887493315,-2.708933542704535,0.2775794639370766,-9.759128086358048,1.6859845855081772e-22,8.017381996593783e-22,True
C11orf53,27.52248569081336,-1.9955813778596747,0.20450147140326685,-9.758273934002588,1.700242542778723e-22,8.08287791291912e-22,True
SLCO1B7,5.642910458892358,-5.540305488273228,0.5677914033974348,-9.757642428402884,1.7108606402701413e-22,8.132196620919176e-22,True
LINC02712,10.994754009406941,-2.0463367426774077,0.20973612262447525,-9.756720573791181,1.7264785895914993e-22,8.20526357193771e-22,True
MYO18B,51.010780755653535,1.8653914698907021,0.1912215450193438,9.755132297994981,1.7537186664781238e-22,8.332349880093881e-22,True
H2AC17,4.046451255961284,2.179279707286813,0.22341429322117884,9.754432788815972,1.7658502834255497e-22,8.388795028769039e-22,True
TMPOP2,7.97505148500571,1.5248871305820793,0.156376851046271,9.751361025493946,1.820114793541695e-22,8.644119659615776e-22,True
HHIPL2,94.96423510855462,1.9681303375699482,0.20187085650212583,9.749452554332539,1.8546569729037143e-22,8.804406461119711e-22,True
TAL2,9.815255107029145,1.972978139755265,0.20238784276289037,9.748501257887948,1.8721163929746724e-22,8.88476015217196e-22,True
YWHAEP1,6.934331924426812,2.090941138306663,0.2145845527243009,9.744136340480726,1.9543356468615703e-22,9.269682760231334e-22,True
DCDC1,173.89663478561286,1.7491843237363403,0.17954769132839724,9.742171067725055,1.9925115611538609e-22,9.442698316458734e-22,True
LINC02533,5.350341196236115,2.2475385868450997,0.23078569174910837,9.738639210304436,2.0629829829143883e-22,9.772502769490333e-22,True
FFAR2,257.5406593108341,1.709168846358878,0.17554232567396227,9.736505653533074,2.1067434349242184e-22,9.976964897939188e-22,True
AL031710.1,5.375767066139335,-2.773580151601649,0.28494598622718653,-9.7337049323807,2.165585132559745e-22,1.0248346613556824e-21,True
Z82185.1,11.887849988821223,4.154258939833277,0.42703709217890246,9.728098602949686,2.2883014093561163e-22,1.081833905594232e-21,True
LINC01705,34.33958762762025,2.493349951104749,0.25633905789821304,9.726765681158144,2.318475781309733e-22,1.0957886739072886e-21,True
AL513217.1,4.017908166941381,-1.533167439573422,0.15764017020657473,-9.725740828396274,2.3419436584715185e-22,1.1067235236838129e-21,True
AC009159.4,1.843659560710189,-2.236803149444526,0.2300083078572154,-9.72487981100704,2.361841526633902e-22,1.115810356590367e-21,True
CTD-2297D10.2,13.063671685260234,-1.7478104583453689,0.17974018012479454,-9.724094285049983,2.3801407230763935e-22,1.1241369915574939e-21,True
AL020994.3,2.52513457195667,-2.748727390766782,0.2827739980271057,-9.720580427990056,2.463730504615934e-22,1.1629575173168689e-21,True
TRIM36,897.145665300797,1.7251918761170935,0.1775153382213956,9.718551046926713,2.5133234464482596e-22,1.1861990322049674e-21,True
FP325330.3,8.01219415008827,2.464471234131348,0.25361647431697315,9.717315252364955,2.544005822553347e-22,1.2003402684823369e-21,True
H2AC16,5.414373221810378,1.9853450360231488,0.2043346412746406,9.71614516089174,2.573398482925911e-22,1.2136934805133108e-21,True
GAS2L2,45.26804645794624,-1.8860559089394173,0.19413814974602844,-9.715019492082087,2.601992371511812e-22,1.2266588012093217e-21,True
CRISP3,709.6126619870804,2.8681225359014286,0.29527987473780243,9.713234057851775,2.647991628598435e-22,1.2478150744966682e-21,True
AL161449.1,2.1455938587812513,3.301183646994366,0.339945906204264,9.71090866736538,2.7091107408401463e-22,1.2762556024336493e-21,True
CNTFR-AS1,13.176026477759626,-2.638345361512766,0.2717194592189354,-9.709813824511347,2.7383683133678987e-22,1.2894923027747255e-21,True
AC009320.1,2.4784636681478247,-2.1537475206424435,0.22185338170686783,-9.707976971422342,2.788158739034453e-22,1.312197372114874e-21,True
FADS2,13182.359321878701,1.8555459495378877,0.1911592702581307,9.706805989750134,2.8203663817036085e-22,1.3269807909626642e-21,True
PLA2G4C-AS1,3.1771011523389054,2.0958343722897013,0.21597957691796946,9.703854420854402,2.9031917323971296e-22,1.365564754354187e-21,True
HOXA10,234.14507959171223,-1.5270808161625342,0.15741911136691591,-9.700733302979845,2.9933941865525005e-22,1.4075959211412767e-21,True
S100A12,9.699829864087732,-2.3722689041886076,0.24471667975705672,-9.693940382583179,3.1994134338171103e-22,1.5029896972019556e-21,True
LINC00348,1.171258738982871,-3.2597847855414015,0.33629088650941413,-9.693348575029395,3.2180129698165776e-22,1.511514289160747e-21,True
NDST4,19.547655251435845,3.8300090690031494,0.39538659212002264,9.686744936056204,3.432954765894801e-22,1.6108851623445295e-21,True
HTR1E,9.14228269482472,3.8515251951677745,0.39765747706372473,9.685534454443482,3.4738679994582807e-22,1.6296247561391785e-21,True
PRIMA1,425.69115580262087,-1.524896754874342,0.15754234465067862,-9.67928183534098,3.6930096800202507e-22,1.7316954417744e-21,True
PRDM12,7.696124008524495,1.5414335560120178,0.15925277664601717,9.67916282827693,3.6973106296728517e-22,1.7334684688452124e-21,True
FN1,245140.4425320856,1.5881831814746339,0.16411336411406488,9.677354370548322,3.7632821382869974e-22,1.763407278765394e-21,True
MRPL15P1,4.528143338728513,-2.480267449740884,0.25640728305584715,-9.673155224692529,3.9209912341877375e-22,1.8360170832480605e-21,True
CALML3,16.155445174501022,-2.4153226218356054,0.24981890265207868,-9.668294097021997,4.1117452073406924e-22,1.924257520623137e-21,True
AL023754.1,6.588179318754282,3.264827699109939,0.33774873897908986,9.666439344758192,4.1869229659811626e-22,1.9586154298289494e-21,True
APOL5,3.5919494378054653,-1.7202628342913129,0.17806581186343415,-9.66082605239602,4.422830738917787e-22,2.067811332008542e-21,True
LINC02586,8.522689041145654,-1.58620243207139,0.16420526977447625,-9.65987531490263,4.464069524784741e-22,2.0867991951506353e-21,True
PCYT1B,69.58471583030436,-1.6422487900874572,0.17002239493331633,-9.659014571177847,4.501732848367465e-22,2.1035209298053326e-21,True
AC068987.2,4.881633835528043,-1.5136216142557977,0.15672024302570553,-9.6581117093312,4.541577059554599e-22,2.1218415993147424e-21,True
YBX3P1,2.78322376786422,-1.612632769335304,0.1669820889802075,-9.657519433275567,4.5679041587055675e-22,2.1338427761405235e-21,True
FAM155B,259.9390115930365,1.5943281023417004,0.16527769386263383,9.646359802592501,5.093163716910706e-22,2.3758835752588492e-21,True
AL357054.3,8.757698835315907,2.136792196285258,0.2215497351070496,9.64475175406006,5.17362199980936e-22,2.4124038041337013e-21,True
MUC5B,4544.136818389443,2.6426344157292516,0.2740163742824931,9.644074820889598,5.207867182213977e-22,2.427693076036538e-21,True
HRNR,18.136952987948654,-1.672054511282715,0.17341628935477457,-9.641853816062401,5.321807968439666e-22,2.4801142249789604e-21,True
CCDC83,11.546444883112796,2.1010817866671188,0.21793463447382116,9.640880586694932,5.372510106173081e-22,2.5033930352209875e-21,True
AP001107.3,2.1933874036529764,-1.8594294195531722,0.19298805459082083,-9.634945662805873,5.692210744750904e-22,2.6501401106617044e-21,True
RPL12P30,2.8586502706706343,-2.0965197849587214,0.21765267229326865,-9.632410035994583,5.834472926272937e-22,2.714857508277887e-21,True
SLC5A12,32.871392479137704,2.8508679447630065,0.29614004135106303,9.626756083900888,6.16448284203309e-22,2.86641575988513e-21,True
KRT16P1,0.9883764193938096,-2.955731473386045,0.30706519072444044,-9.625745811216067,6.225365673299214e-22,2.8939185926798923e-21,True
TMEM249,6.09086977276983,1.866522402581315,0.19400994814706918,9.620756154042155,6.53489820227076e-22,3.0340013942298147e-21,True
HHIP,32.5398325191495,-1.6972580387241611,0.17641924019769814,-9.620594878552858,6.5451529504453e-22,3.0383394452171538e-21,True
ASXL3,78.41534418088558,-1.6895264207406349,0.17563420421024573,-9.619575118284821,6.610364366065821e-22,3.0673304750790188e-21,True
PKHD1,44.29663979737163,-1.9622693202517714,0.20398963642360163,-9.619455942246763,6.618027244296592e-22,3.0704589673072764e-21,True
AL136982.6,2.3549568557728917,-2.054499896002291,0.21369925205064783,-9.613977944646075,6.979907120076755e-22,3.2347543433496347e-21,True
AC012146.3,1.3091457163526752,-3.19689567335277,0.33274798011171364,-9.607558465958155,7.428960486342632e-22,3.440472201903075e-21,True
SNTN,17.54089438661066,2.2794364533425915,0.23744748840639232,9.599749690514,8.013880320348248e-22,3.707239489572669e-21,True
AC015818.2,7.290784562125011,2.133278795708937,0.2222433767643614,9.59884081481895,8.08485351127698e-22,3.73747961945628e-21,True
AC084082.1,7.068801572156455,-1.8864841583581293,0.19660190256731103,-9.59545219920875,8.354992123713932e-22,3.8607542238289585e-21,True
AKR1D1,26.17273302573315,-2.571962947612503,0.26806928159225313,-9.594396390126446,8.440971390928345e-22,3.899943958382784e-21,True
OPN4,6.683129471708294,-1.9726369842181801,0.20560687089093657,-9.594217234425782,8.455647474425258e-22,3.906183510522343e-21,True
AC061975.1,4.151094615242377,2.5615129128317786,0.2670170008069215,9.593070497724579,8.550185734805037e-22,3.9482157860705234e-21,True
AF106564.1,3.6833590600004134,-2.041151619163747,0.21292670799740884,-9.586169994177462,9.141558947785728e-22,4.216623089207555e-21,True
LINC00028,1.455768979428637,-1.8521187695912944,0.19327397731560916,-9.582866743446035,9.43879686194542e-22,4.351319277702762e-21,True
ZIC2,127.88545608554162,2.5307826505932596,0.26410984575514995,9.582310887945802,9.489746148004384e-22,4.373597903396879e-21,True
ANKRD40CL,2.1081862961530975,2.1849804214402275,0.22806228376212193,9.580630279574194,9.645450333401982e-22,4.44412991390747e-21,True
AC127496.1,5.9046717541684,1.7505903392014828,0.18301186433504085,9.565447276121219,1.1171735488948106e-21,5.1353026439825e-21,True
LINC02055,28.311578512985815,2.7134695628699532,0.28368759192661963,9.564992054963884,1.1221009458050057e-21,5.1565308587089885e-21,True
PTHLH,730.7930696819824,-1.8686694648642925,0.19537220799291,-9.564663695319991,1.1256685135875085e-21,5.172212628772364e-21,True
SPRR2E,3.1041247175723297,-4.764963652501723,0.4982136701913355,-9.564096566583112,1.131856713361151e-21,5.198497387946705e-21,True
LINC02801,1.750126069840334,-2.30057800746331,0.2406034523064654,-9.561699906670416,1.1583815617969056e-21,5.319590567937897e-21,True
CNN2P3,3.1201888750553546,-4.837766699891896,0.5061519587252694,-9.557933376521323,1.2013152209028607e-21,5.511440542287729e-21,True
LINC01863,12.889664831639681,2.091527109266572,0.21886040703763665,9.556443477265852,1.2187294414666828e-21,5.588259060012706e-21,True
LINC02838,1.12893220360823,-3.2346266726366415,0.33852014552826815,-9.555196981228208,1.2334904296268324e-21,5.6535408737833204e-21,True
LINC00858,24.569605247216277,3.774938299314145,0.39513849317655525,9.553456229908313,1.254400803003535e-21,5.747082343641282e-21,True
LGALS9B,17.906616986046945,2.334655719969386,0.24440169617171692,9.552534849549712,1.2656102236992326e-21,5.796845948378754e-21,True
AC138965.1,1.765341845423923,3.130293031237432,0.3277216470793581,9.551682225249616,1.276071425057966e-21,5.8439585215954545e-21,True
AC010872.2,1.6495154910646161,-4.253415575149821,0.44532450177435584,-9.551272292906555,1.2811314639368448e-21,5.866326128083185e-21,True
CLRN1-AS1,10.575775625090547,2.396487384427163,0.25122079692484717,9.53936701802627,1.4370674571165782e-21,6.5659354195616886e-21,True
H1-3,41.56162519534874,2.1341194235382264,0.22384011635299345,9.534123991307899,1.5115630646463959e-21,6.900631983968878e-21,True
AC073283.2,19.94840349226047,2.0554524842841317,0.21563386163242979,9.532141513969929,1.5407157643487058e-21,7.031795541982344e-21,True
AC074135.1,44.09323411719274,1.6793321562152057,0.17622419221990374,9.52952108936115,1.5801047026016005e-21,7.209592519778462e-21,True
H1-2,5041.467763640604,1.6551451002376745,0.17369987506471654,9.528763907406415,1.5916706785100967e-21,7.261371471632451e-21,True
PNCK,115.16830894012337,1.9459856450223103,0.20423760815322034,9.528047564885403,1.602689917439068e-21,7.309642513221484e-21,True
STXBP5L,37.00827298709624,2.5714954092289823,0.26991651452642834,9.527002872501894,1.6188954671518013e-21,7.379516803450714e-21,True
AL353746.1,4.830306292439313,-2.1850004986066356,0.22934975042249112,-9.526936456575992,1.6199311922080066e-21,7.383228827244064e-21,True
AC092198.1,20.844433019685628,2.3886816873361836,0.2508389432651517,9.522770492663113,1.6862246558765788e-21,7.680129206340893e-21,True
AP001972.3,2.551353915016764,-1.793727575811065,0.18841532758216614,-9.520072484701847,1.730583092519628e-21,7.878937276783218e-21,True
HTR4,4.203526427522175,-1.8913834573031838,0.19872284226046835,-9.517695277446391,1.7706226501304336e-21,8.060127594758371e-21,True
LINC00243,37.082568995536086,1.5443006030814983,0.16226469325909268,9.517169583007618,1.7795999706067455e-21,8.098782671911075e-21,True
AL031777.2,44.03854265123327,2.153146241301423,0.22629932276411296,9.514594277181253,1.824233447831821e-21,8.299640007059127e-21,True
PRSS1,23.8484713248891,3.5495661454488836,0.3731832308828553,9.51159069246366,1.8776901174010274e-21,8.535862557961676e-21,True
C1orf127,48.30950671002081,1.5867804118966609,0.16682713382086073,9.51152474753027,1.8788810006504678e-21,8.540112101770812e-21,True
HOXC11,411.76168071951895,2.1793521636437405,0.22915306563292284,9.51046479620227,1.898125244647354e-21,8.625232154754681e-21,True
AL392083.1,11.926176841844642,2.7733048962866853,0.2916993384720901,9.50740893281812,1.9547050662254266e-21,8.876288024721099e-21,True
TACC1P1,11.885889354230166,3.0723882343376907,0.32325874186623965,9.504424278211804,2.011576179894061e-21,9.127082180039054e-21,True
AC091182.2,18.13354741129506,1.7708139286198123,0.18633756446643557,9.503257884100893,2.03424340490425e-21,9.228674100143087e-21,True
AP002518.1,3.6323115638304277,-1.7323218502440598,0.1823492035123675,-9.50002422207766,2.098414854172462e-21,9.515914736442404e-21,True
LHX1,44.49441769618116,4.412835619528483,0.46452070227092007,9.499760931978457,2.1037271152232452e-21,9.538707758746432e-21,True
AC006946.2,88.62841462944961,-1.6552775866350224,0.17425046064730865,-9.499415843642355,2.1107099253037164e-21,9.569068148307998e-21,True
MYOZ2,16.634438200174475,-1.7603394368345742,0.18531845297078098,-9.49899704327947,2.119215091707996e-21,9.605015506030165e-21,True
FGF9,33.990569874758975,-2.1036421286869285,0.22147786302179936,-9.498204922086835,2.135394619732475e-21,9.675716735524228e-21,True
ZEB2-AS1,4.097529363625203,-1.6265278275555564,0.17126323288683698,-9.497238841861012,2.1552928380695002e-21,9.763224783588666e-21,True
ADRB1,137.6978798855306,-2.337649187114823,0.24614473351832614,-9.497051404273813,2.1591746561806897e-21,9.77948059336817e-21,True
AC027228.2,37.854171727906255,1.5667307585770611,0.16497251284161663,9.496920011645912,2.1618999101323306e-21,9.79049431056533e-21,True
C22orf31,4.996894107000027,-1.6664989179311074,0.17550955882414765,-9.495203162130112,2.1978238763602102e-21,9.950479018834734e-21,True
AL390038.1,2.4185678952883585,3.0993438462034453,0.32648386265774243,9.493099661873734,2.2426440912566317e-21,1.0147888439527464e-20,True
LINC02234,10.013107877508574,-1.530056162660466,0.1611869756144715,-9.492430494632943,2.257091016175811e-21,1.0210489459908725e-20,True
ASB4,18.143711729589278,-1.917655843187921,0.20204130916285246,-9.491404758430972,2.2794149639235333e-21,1.0308680449130176e-20,True
HPYR1,4.2145242042605515,2.314522100799849,0.24386543575595657,9.490980522209226,2.2887116922768824e-21,1.0349321522134476e-20,True
AC067817.2,6.9011071300982945,-1.5297631052279974,0.161184960740741,-9.490731009877246,2.2941970225573754e-21,1.0372719157438436e-20,True
CR381653.2,5.951879014517117,-1.7844002991793155,0.18804000115121555,-9.489471858407189,2.322077506010175e-21,1.049592880834011e-20,True
AC004816.2,4.077047727182554,-1.6459625772847821,0.17353257655527063,-9.485035086542025,2.4230155025914442e-21,1.0941793364376719e-20,True
H4C4,16.56056124413795,2.0123131189410444,0.21216756300622158,9.484546508563307,2.434392710604632e-21,1.0991681898991858e-20,True
TMEM150C,5259.086000636655,1.8198080227788558,0.19188377811473062,9.483907606252997,2.4493501973417135e-21,1.1054727260948546e-20,True
AP006261.1,23.055929269074312,1.6572684032231444,0.17475502630530085,9.483380468427043,2.4617595605012222e-21,1.1109231337368777e-20,True
UBE2E2-AS1,1.8298186133915697,-2.0643368024737065,0.21773471707546976,-9.480972213347952,2.5192480909717002e-21,1.1360974250955406e-20,True
LINC02157,1.966332439972507,-1.8324532609594752,0.19335607245970365,-9.477091862948175,2.614683780467222e-21,1.1781798323848317e-20,True
AC018742.1,1.572032565507745,-2.6078377149914895,0.2753037296887475,-9.472584036329094,2.730049679766815e-21,1.2298315111514726e-20,True
MIR6772,1.2782463163066595,-2.153189298441335,0.22734250976656767,-9.471124870804857,2.768461098931694e-21,1.2466298837195932e-20,True
DIO1,712.0098102574461,2.35830944507119,0.24908572134879609,9.46786283975241,2.8562757187925483e-21,1.2856517606426333e-20,True
NEURL3,129.33362658786208,-1.615730486945514,0.17066902648494575,-9.467039920615198,2.878860650521123e-21,1.2956426968182042e-20,True
NYAP1,59.67461865071968,-1.570167463032749,0.16589571444456716,-9.4647861657536,2.9416231111761634e-21,1.3235319634999174e-20,True
CHRM3,152.7894853327151,-1.7492998405646298,0.18487117253115776,-9.462264000461223,3.0134661231472887e-21,1.3553079128906126e-20,True
AL512308.1,2.5828729076444303,-2.212543158907506,0.23389181234391154,-9.459686240124602,3.0886860309777972e-21,1.3885763069166695e-20,True
AC083864.2,1.3747512890765872,-3.732287008513834,0.39455973941278166,-9.459371131146199,3.09800747684212e-21,1.392579206701818e-20,True
AC004522.2,12.371268088257617,2.055364952646472,0.21735969988327722,9.456053508309997,3.197852929291513e-21,1.4361055391724033e-20,True
PGK2,2.1617344921328696,3.645522394540855,0.3856626494653215,9.452619795033216,3.3045443257596073e-21,1.483220036605076e-20,True
TEKT1,25.485293629107115,2.2538436567335784,0.23844883448212992,9.45210599006928,3.320809120053185e-21,1.4903197866324002e-20,True
AC024382.1,4.173001891648047,1.8949187861124652,0.20048891978355982,9.451488831194,3.340450352729487e-21,1.4987310482063187e-20,True
CARM1P1,1.0432254601480084,-3.060245543121542,0.32389219864065527,-9.448345949563162,3.442269960417394e-21,1.543375381956973e-20,True
FOLR1,611.9122697899794,-2.488844938684912,0.2634553786158197,-9.446931589558613,3.4890867051182596e-21,1.5637354190161113e-20,True
STXBP6,164.5739517435193,-1.72347856257038,0.18249703274089685,-9.443871698546008,3.592538236236796e-21,1.6096675754435163e-20,True
SLC22A24,2.840491070266746,3.719489923658375,0.3940158209137944,9.439950698000402,3.729548438494742e-21,1.6706072649477656e-20,True
ADGB,9.202874843819604,2.35063550935408,0.2490155931398278,9.439712106840418,3.738050286367216e-21,1.6739658788782098e-20,True
MUC1,19300.065636183812,1.6385863946620334,0.173589969828595,9.439407105606358,3.748946482021011e-21,1.6786199815912822e-20,True
AC078882.1,33.03432170194466,3.755013431779013,0.3978794114818565,9.437566567704254,3.8153698563435475e-21,1.708132223643455e-20,True
MTHFD2P1,1.7901222184258214,-2.7058956885574683,0.28671988770817525,-9.437418904514711,3.820749056875828e-21,1.7103108764798926e-20,True
AP005121.1,45.8061658624424,2.6015610383552583,0.2757639924578167,9.43401281352284,3.946932477205248e-21,1.7660841430607517e-20,True
AC113146.1,2.186488516609563,3.4501608231269723,0.3657317108334391,9.433584020550622,3.9631070257440556e-21,1.773083662483747e-20,True
IGHV3-72,197.41111584097823,-2.0037923251621335,0.2125180498919755,-9.428810052514015,4.147675065869067e-21,1.8541664312555967e-20,True
AC012213.2,9.395749785661822,1.805469967109899,0.19149232935877789,9.428419264393566,4.1631546068205845e-21,1.8608369251153955e-20,True
KRT8P36,18.155779138812516,1.5017922327267215,0.15937633326687348,9.422931259260377,4.38667297379155e-21,1.9602191746345222e-20,True
PGAM1P2,0.9539270910888406,-2.289068384430615,0.2429673934832038,-9.421298683804077,4.455427246435879e-21,1.9904091525973224e-20,True
RPL7P18,4.475568940064318,-1.8009909304538847,0.1911992570038596,-9.419445235697383,4.5347759394097785e-21,2.0250434226483225e-20,True
AC093424.1,2.4729691829631655,-1.7114772733307884,0.1817266872276147,-9.417864263310673,4.60356303629267e-21,2.0543854368703902e-20,True
AC005544.1,10.269356641967072,1.8931221484214553,0.2010685431485078,9.415307430875492,4.716999641420565e-21,2.1041629352826966e-20,True
FABP1,1.3893769946286953,-2.9106844846865156,0.30918549299956893,-9.414039631835422,4.77426781165233e-21,2.128854890370284e-20,True
TRPM5,4.882240612346869,2.24813267345323,0.23889901874227554,9.410388896902576,4.943045781008494e-21,2.2017581641625788e-20,True
TCF23,20.72583808591289,-1.6799130573015528,0.17852705983380618,-9.409851138899683,4.968400646665158e-21,2.2127563189855285e-20,True
AC121757.1,26.710633555446677,-1.8020795493571695,0.19154462417546486,-9.40814474493615,5.0497105185626e-21,2.2480682964029387e-20,True
MESTP1,3.441868653788555,-1.8063461657365951,0.19206528111953933,-9.404855240923762,5.210187542881488e-21,2.3176543199620483e-20,True
DOK7,522.4947705420074,1.9246284468426025,0.2046494681436983,9.404512331745666,5.227203776623991e-21,2.3249135602378435e-20,True
SDK1-AS1,5.708091188140537,-1.8245714150970935,0.19402291856864046,-9.403896346665901,5.257909062525133e-21,2.3379467910153418e-20,True
FRG1FP,9.494023781664268,2.45112186483462,0.26078453327545464,9.399030816929672,5.506795981802014e-21,2.4469838667170602e-20,True
STK32A,117.27749587445719,-1.5622276149636618,0.16622415638861696,-9.398318805789671,5.5441818066781415e-21,2.4626121346684783e-20,True
C5orf64,20.285952842781477,-1.7729761640950785,0.18866699402119066,-9.397383857697662,5.593654936287058e-21,2.4842562054899064e-20,True
KRT18P38,3.215712747314612,1.697366506427994,0.18063155262517094,9.39684391657865,5.622424752016994e-21,2.4963685668355042e-20,True
CCR8,49.44755407846211,1.8824657523559012,0.200386640479494,9.394167933807633,5.767184078963411e-21,2.5599603600339516e-20,True
ICAM5,54.70751706176908,-1.7515359629406142,0.1864646801402478,-9.393392687683328,5.809806004353644e-21,2.578193219417028e-20,True
AC015845.2,5.946764858350728,1.6646447291807056,0.1772256177145987,9.392799701572619,5.84261768322507e-21,2.5924089557992665e-20,True
MUC5AC,37.61737708115521,3.372590351226807,0.3591541873828334,9.390369010599507,5.9790412185000254e-21,2.6518825055959217e-20,True
PRSS2,40.488357714486426,2.917605063096831,0.31085457150261164,9.385755689529304,6.246686767876308e-21,2.76764656598787e-20,True
TNS4,3349.8646281699002,-1.9078482516190722,0.20345475138887065,-9.377260735349113,6.770891024193569e-21,2.9963169422217534e-20,True
PCSK1,165.19782436011056,2.1854862460153153,0.23326683749246027,9.369039635074383,7.319547236902168e-21,3.2373949708680426e-20,True
LINC00514,53.45164713280354,1.7904997539535517,0.19114573770244422,9.367196859711385,7.448437441192894e-21,3.2935287752100486e-20,True
CR1,184.99225267802353,-1.6489582431668626,0.17605510378576683,-9.36614848254216,7.522763716237202e-21,3.3259531641627263e-20,True
AL031777.1,77.93606850541715,2.165714135989909,0.23126922235299444,9.36447190834716,7.643154233444011e-21,3.378284301274013e-20,True
CA9,89.93674567281819,2.5544677977622583,0.272804156901636,9.363742205304128,7.696145621966863e-21,3.4012557692416236e-20,True
ENAM,2.173743945515685,-1.769071616759977,0.18898928670902304,-9.36069788698512,7.921173426944461e-21,3.4993139835100124e-20,True
BX324167.2,12.246877845718648,1.6682067974746067,0.17822276188276795,9.360234236364972,7.956011468782898e-21,3.514238761224382e-20,True
AC092142.1,24.342830136630123,1.6532569788409939,0.1767506702583304,9.353610803425367,8.470548788759098e-21,3.7370595522731465e-20,True
AP000897.2,1.6253684993529742,-2.588368115286062,0.27687695419749253,-9.348441883826181,8.894835180980881e-21,3.919580582063047e-20,True
PRB3,12.519418659840191,1.8628205254985055,0.19926874539913011,9.348282500435904,8.908246715671195e-21,3.9244533648734305e-20,True
LINC00645,9.8653978476248,-3.910413160203185,0.4183813380305672,-9.346528644443236,9.057154615222194e-21,3.9889995940708526e-20,True
CHRM1,159.67771416355333,-2.1312029745765844,0.2280400416660397,-9.345740156010365,9.124899312049391e-21,4.018305389641293e-20,True
GPR158,134.57187910579367,2.099261676652974,0.22471555893576084,9.34186171440442,9.46548786527826e-21,4.16553912403226e-20,True
ESRRB,47.36863191499508,-1.5766955633760433,0.16882363189604052,-9.339306030016893,9.696757801821006e-21,4.265626908493981e-20,True
BCAR4,5.410833422290499,2.919938356840686,0.3127996278495919,9.334852400287136,1.0113206017524447e-20,4.4453052257601533e-20,True
SLED1,3.4143143982963857,-1.8427493599793234,0.1974123517303927,-9.3345190603675,1.0145077913803091e-20,4.4587269813840176e-20,True
AC093585.1,3.036795441100394,-1.5260493481434099,0.1635336648453899,-9.331713745828342,1.0417270160568828e-20,4.5771481236470333e-20,True
LINC02408,15.58339108042705,1.7976199695316835,0.19267399778519995,9.329852446077007,1.0601839730732352e-20,4.657017296894009e-20,True
ASCL4,11.96640409611087,2.7931106984640106,0.2995212208985513,9.325251446574615,1.1072074634664756e-20,4.8590948413137905e-20,True
PLAAT5,1544.5098800718267,-2.0957630159968796,0.22478674511587235,-9.323338949174083,1.1273552224189184e-20,4.941013183394469e-20,True
AL591926.2,2.2254817181753452,-1.831527430073759,0.19650286089256794,-9.320614579118478,1.1566834046787348e-20,5.0675558148490706e-20,True
AP001783.1,4.0453990549556345,-2.2781987801180046,0.24451263371835913,-9.317304981231107,1.1933281737161082e-20,5.2239828387054994e-20,True
ELFN1-AS1,22.05745486188795,2.7398503015938354,0.29408282157600363,9.316594172045987,1.2013469541623055e-20,5.2583960591099527e-20,True
LINC01266,24.38664967360189,-2.0288325132151273,0.2177747399744378,-9.316197615266445,1.205843721635895e-20,5.276693645562979e-20,True
ADAMTS19,108.74527018910294,2.1438553291256173,0.23013857202623159,9.315497659737183,1.2138215415490699e-20,5.3109071882865295e-20,True
HOXA10-AS,7.342632785029074,-1.6508373693159735,0.1773457589994901,-9.308581037569216,1.2955147169143082e-20,5.663885722912331e-20,True
DEPDC1-AS1,2.4709470116442627,2.0311104092051395,0.21829551529241673,9.304407406099823,1.347415911399568e-20,5.886163640197038e-20,True
FREM3,4.507846066027455,-1.8139934220263225,0.19498818765182768,-9.303093914926798,1.3641712527023576e-20,5.958578533905818e-20,True
MIR4713HG,3.7872267990261186,3.9202762645852514,0.42140128117856657,9.302952885243021,1.365982477860685e-20,5.965708440829752e-20,True
SYT9,464.30866296260564,2.0757937015969286,0.223184692642911,9.30078885346379,1.3940748871149874e-20,6.084413481271786e-20,True
P2RX6P,6.917649891891204,-3.067816050275515,0.32996698153585424,-9.297342528019477,1.4399971495635614e-20,6.279087989120713e-20,True
AC121764.1,4.069871522566255,-3.337321330195456,0.3589596321501415,-9.29720512082417,1.4418587820028408e-20,6.286383647668027e-20,True
MFAP5,5858.608690592576,-1.60155996067382,0.1723435022484247,-9.292836340097406,1.5023051921523317e-20,6.543081605470564e-20,True
SLC13A5,13.955816064888815,-1.6784827346094202,0.18062967229824475,-9.2923976069558,1.5085122198814725e-20,6.568399793814756e-20,True
DYNLL1P4,2.4673487588991345,-1.604850237959635,0.17270780902460742,-9.292285317168119,1.5101049239903512e-20,6.574476385137627e-20,True
LINC01632,1.2759263601592856,-3.6283392624961968,0.39052500769429627,-9.290926806245574,1.5295061188769482e-20,6.657204327646482e-20,True
AC011444.3,4.413179071540365,-1.8063555493809988,0.1944314622491488,-9.290448821838796,1.536390767678006e-20,6.686297234933293e-20,True
AC021517.3,8.313623461840493,-2.156156480722528,0.23208698774499628,-9.29029456443111,1.5386191477582028e-20,6.695121341151918e-20,True
DNAI1,148.94530598999827,1.7667071775862433,0.19023116096868573,9.287159730245582,1.584603248416647e-20,6.890720267498599e-20,True
RN7SKP296,1.4582749952273384,-1.8396093148858235,0.1981139718769816,-9.285611193682618,1.6078171633761743e-20,6.988022231386946e-20,True
TERB2,3.2242866787196087,-4.738330630072097,0.5103992649729729,-9.283576515971285,1.6388306174748285e-20,7.120031560991148e-20,True
AC005414.1,2.2795547048027376,-2.5782099698216956,0.2778184625194569,-9.280196666703285,1.6916602789703632e-20,7.344770035592065e-20,True
CDH19,63.68768841435435,-3.092582520157987,0.3335021425704255,-9.273051430261585,1.8089515656812753e-20,7.847889392988793e-20,True
ART4,58.30024735401952,-1.9352279110998334,0.2087441334865593,-9.270813405754655,1.847316981272191e-20,8.012247887689725e-20,True
CFTR,57.10107889200329,-1.9135668359235212,0.20645630833217604,-9.268628560599392,1.885546532351903e-20,8.176994968453005e-20,True
LINC01550,80.72526861263054,-1.5715460246826194,0.16960158551252602,-9.266104558713293,1.9306851097369307e-20,8.368393257683507e-20,True
LINC01594,2.6379720547191665,-2.5877102483951986,0.27929503467391487,-9.265149491169531,1.9480425011711434e-20,8.441433130399749e-20,True
AL121929.1,2.2561588383011943,3.121815373654809,0.3370986699238528,9.2608356311818,2.028384600548483e-20,8.782731503984855e-20,True
HSD3BP1,4.397143678513015,-4.876827898062127,0.5266427933914015,-9.260219562973614,2.040122566782364e-20,8.832409123669357e-20,True
AL020997.2,1.9467480371245642,-1.6825060034329264,0.18169390704017435,-9.260112410158627,2.0421709979425773e-20,8.840129881929778e-20,True
AP002957.1,5.849558163838455,2.605907635733831,0.28148788839896594,9.257619041997133,2.090414910702439e-20,9.043098567520512e-20,True
KRT8P9,9.036777008740447,1.696751991147792,0.18333227478545885,9.255064298598727,2.141015072016811e-20,9.25719066986758e-20,True
AC114964.2,10.083653075737228,2.7883745243771916,0.30130993542984363,9.254173847269072,2.1589347489378936e-20,9.333460583656963e-20,True
PTPRQ,147.6534254895139,-2.31199418819947,0.24984595149073408,-9.25367881450428,2.1689609700811705e-20,9.374375245105878e-20,True
ADGRF1,126.32354000537302,-2.1587268348472466,0.23334115390639046,-9.251376359068077,2.216202432998086e-20,9.574832871881483e-20,True
PRELID3BP4,0.9236135074316714,-2.548506739890732,0.2755123800463586,-9.250062517923558,2.2436140401824057e-20,9.690750502013087e-20,True
H2AC19,7.644845150411912,1.971177625336806,0.21310172474397254,9.249937454542163,2.2462407343122454e-20,9.700839452030442e-20,True
AL138889.1,16.971908534077127,1.6791153112594894,0.1815516393097611,9.248692645482558,2.2725516440299777e-20,9.813197562703059e-20,True
CES5AP1,4.276784813418344,-1.9923088972677665,0.21543102919963603,-9.248012715111388,2.2870514258813866e-20,9.874531072205898e-20,True
AL513122.2,3.290597872079268,-1.899070372840629,0.20540037192972546,-9.245700750193219,2.3370426457519563e-20,1.0082540128484087e-19,True
GJA3,14.861364066022118,1.7708381934966835,0.19158425352126,9.243130168316128,2.3938949899488807e-20,1.0322472720429949e-19,True
GTF2H2B,115.308590421479,1.7471715140249595,0.18915554466857032,9.236692041389924,2.542354945191374e-20,1.095130393531221e-19,True
AC063952.1,9.277244970993484,-1.8392315503108643,0.19928076614798867,-9.229348049299578,2.722840875363748e-20,1.1713624916473895e-19,True
AC104073.4,1.8295411059341924,2.908625076895832,0.3152284226306059,9.22703940407127,2.7821527978580097e-20,1.1964153920795198e-19,True
SERHL,9.959572616376283,-1.655001875807817,0.1793783318323073,-9.226319917809269,2.800897022622892e-20,1.204165460970102e-19,True
APOA1,16.36520199009667,2.1071996570393186,0.22842264389944844,9.225003358103617,2.835520164668377e-20,1.2187267436368425e-19,True
AC079598.1,1.5108093280288695,-3.3980914105650535,0.36837739370945544,-9.224484098622993,2.849291805519474e-20,1.2243400647116215e-19,True
AL391261.1,3.215683283416772,-1.6598026992338033,0.18000506956550386,-9.22086640804192,2.947091630960149e-20,1.2652234655109426e-19,True
AL353648.1,2.571744969155661,-1.6219442110124964,0.17590000805361583,-9.220830794493846,2.9480707098068e-20,1.2654808868753635e-19,True
H3C3,7.314521584934693,2.0275975264167516,0.22007858728454102,9.213061349740753,3.1695375572761334e-20,1.3589728464592668e-19,True
U91319.1,20.02026422354684,2.036150094045586,0.2210234822917171,9.212369984100514,3.1900239469901917e-20,1.3674049949637005e-19,True
KRT8P48,22.697378021038343,1.8530434348496772,0.20115281412817476,9.212117876058725,3.197526880431631e-20,1.3704449805361065e-19,True
CHGB,360.93292261984146,3.159622610669383,0.3430842672989455,9.209465171762758,3.277538706449467e-20,1.4043766969212805e-19,True
FAM181A-AS1,2.031939963706658,-2.367713296039185,0.2571148012170444,-9.208778665528753,3.2985657400420756e-20,1.4128418811284765e-19,True
AC012213.1,12.12359582112682,3.593874855505727,0.3903649643968449,9.206448281183848,3.3709428245038994e-20,1.442915829218079e-19,True
AF131215.4,3.2983243104399373,-1.78850450752417,0.19430411016035726,-9.20466636577134,3.42734273822135e-20,1.466681033965659e-19,True
IGFBPL1,167.52482839028332,1.9451685868366941,0.21138367997934127,9.20207551986415,3.51101436972633e-20,1.5019089047717214e-19,True
AL138773.1,1.759314061760058,2.9969242195533345,0.3257684273798702,9.199553939764389,3.5943872060339467e-20,1.536981907090987e-19,True
LINC01044,1.5569242445305185,-3.9413058459350037,0.4285040118932778,-9.197827176742084,3.6526064220711127e-20,1.5616765585852504e-19,True
DNER,59.927203379963565,-2.021799475873845,0.2198452037007686,-9.19646843251453,3.6990721021909717e-20,1.5811375997944976e-19,True
SMPX,3.4294491158077616,-3.0155852480563854,0.32792101411475977,-9.196071975433226,3.7127397386326553e-20,1.5867763365841395e-19,True
PROZ,16.798446794485955,1.5890131783047239,0.17281759173436545,9.194742053500926,3.7589536944772566e-20,1.6063217165187343e-19,True
AC245041.1,5.790181267542267,-2.346659343099809,0.25522235769064877,-9.194568079118522,3.765041103237347e-20,1.6087169218688312e-19,True
CDK5R2,9.866570675981848,3.2741869580477245,0.35644274885007193,9.185730299215383,4.0874423074733957e-20,1.7453535660938575e-19,True
AL133476.1,2.2300531558698053,-1.8602617833660078,0.2025274363334011,-9.18523345303024,4.106356223126234e-20,1.7532053986050028e-19,True
SIX2,419.76032632634286,1.7186921196686762,0.18713833356789158,9.184073016473425,4.150869341445891e-20,1.7717565809276723e-19,True
FIGNL2-DT,3.346229990970563,-1.8566496790129603,0.2022073739658591,-9.18190886216859,4.23516203053906e-20,1.8063488752583084e-19,True
CPNE7,489.5203329729923,1.795495660778765,0.1955511491291237,9.18171879211606,4.24264549222551e-20,1.8093092649645594e-19,True
AC044849.1,3.175100917522814,-1.853728930583275,0.2019302887953368,-9.18004397280931,4.309154277285595e-20,1.8374374887251925e-19,True
AC120036.1,2.698000929557735,3.2879092270843913,0.3582766274793202,9.177012885871742,4.432152707242039e-20,1.8894012608182893e-19,True
SLC7A2,14980.493627510892,1.6407772055888992,0.1789550722891993,9.16865437006072,4.78960253633462e-20,2.0399547252135792e-19,True
AC004231.1,11.718157470115314,-1.7351858191866851,0.18932987969618512,-9.164881010705297,4.96016652058959e-20,2.1112519884510813e-19,True
SERPINA9,50.40489838500249,2.2304796679189454,0.24343257046105723,9.162618065834222,5.065322252964207e-20,2.1543608189529823e-19,True
CHI3L1,3985.638278294805,-1.6781706876558606,0.18340098048373132,-9.15028198447785,5.678512721334705e-20,2.408709243752112e-19,True
IL17C,5.014768765053688,2.6186834223941666,0.28621291086154516,9.14942451237271,5.723764373283743e-20,2.427286598227868e-19,True
AP005233.2,34.74125754105943,-2.672198106324167,0.29209499533813527,-9.148387165041205,5.778985300879421e-20,2.450081118726517e-19,True
FIGLA,1.975007364366849,-2.2779935607756854,0.24905629123096515,-9.146500775052347,5.88075598798106e-20,2.4913278892680435e-19,True
MROH2B,1.7272819382932103,-2.063374256033158,0.22564443685179925,-9.14436130055517,5.998325772903478e-20,2.5398446698902753e-19,True
ITPKB-IT1,1.7385149010618008,-1.8530298991701106,0.20276739147266906,-9.138697725072227,6.320887765601932e-20,2.674727649981713e-19,True
AC108516.1,2.0691836725882684,-4.6041420741166705,0.5038401674263311,-9.138100476655357,6.355886801899414e-20,2.6891965104864697e-19,True
APOBEC4,6.37738920224265,3.5662120976436347,0.39032877591482845,9.136431433438048,6.454712339957715e-20,2.7296246744261966e-19,True
AC034111.2,4.1305613964987336,-1.7191493839250946,0.18822792062168703,-9.133338870487526,6.641856676588532e-20,2.8076977856198627e-19,True
AC091912.3,4.185334450662046,-2.398449115258271,0.2627203227613165,-9.129286573834188,6.89521750019135e-20,2.9136924532929713e-19,True
AC004381.4,2.0642449128695253,-1.9994026017328814,0.21913838684334713,-9.123926805038366,7.245050191866717e-20,3.0591944650362517e-19,True
AC110597.1,37.83709793259256,-1.541164210506259,0.1689217551547375,-9.123538937270132,7.271036491701359e-20,3.069778401845153e-19,True
AC010307.2,3.187773838108009,1.8676247975137008,0.20474850966322003,9.121555026630757,7.405401795613385e-20,3.12611068964444e-19,True
IGKV1D-42,10.170620454189171,-2.1855166833138098,0.2397859800725179,-9.114447319450658,7.907246349096699e-20,3.3333176399447074e-19,True
LMNTD2-AS1,48.66753346384773,1.5198034060126322,0.16680034510119124,9.111512359825317,8.124145580206243e-20,3.4234537649014154e-19,True
KIAA0895LP1,12.537431336686096,2.0754777598196186,0.2278153515319216,9.110350754956922,8.211605510799078e-20,3.4594344641187273e-19,True
LINC02475,19.384693180673647,3.2003570186579497,0.351565854415454,9.103150884715923,8.774839540853314e-20,3.6939172412006713e-19,True
SIX1,2046.0740770825464,1.6253738672216467,0.1785788291256844,9.1017164530612,8.891531412821412e-20,3.742568232818141e-19,True
SLC26A4-AS1,38.06472004033619,-2.056487870130334,0.22601020751680728,-9.09909288047268,9.108942157061894e-20,3.83262821089903e-19,True
OR3A2,6.616024961710034,-1.5912895857219271,0.17496835093488788,-9.094728144943792,9.482339293365547e-20,3.988227179902228e-19,True
MGAT5B,173.53965412613172,1.921667692638976,0.2113709133362586,9.09144811983614,9.772859260981654e-20,4.1083459409363066e-19,True
AL355501.1,5.149526775870549,1.7856898126597587,0.19647635370897015,9.088573657595482,1.0034678736349757e-19,4.214691450611184e-19,True
TUBA4B,14.655480367266668,2.3268493599757423,0.2560567751692851,9.087239962455234,1.0158500711678423e-19,4.265086745987205e-19,True
AC092979.1,26.81557331604275,3.674432448057226,0.4044879158353955,9.084158770153518,1.0450366162593219e-19,4.386523110841047e-19,True
LINC02733,1.8673061974555707,-2.2430399667148593,0.24694046300259878,-9.083322916954495,1.0530961173095389e-19,4.419796427907854e-19,True
COX6CP2,2.0246031827860858,2.0583404904329803,0.2267124396197165,9.079080503414833,1.0949592937192858e-19,4.591449451306987e-19,True
AP001021.3,2.5104708579382167,-1.6323005603567762,0.17982428265579928,-9.077197674582994,1.1140615818210721e-19,4.66861519127305e-19,True
GNGT1,28.682934221694044,3.9920877624388367,0.439854176757547,9.075934646948514,1.1270598471389915e-19,4.721899352039979e-19,True
PKNOX2,111.38295543927376,-1.708444243474625,0.18829125312623676,-9.073412679075574,1.1534643729200713e-19,4.830095852901992e-19,True
CALY,16.839165362491123,2.4216380783444653,0.2669724237066795,9.070742381262193,1.1820883355011655e-19,4.948093874812145e-19,True
UGT2B7,32.56339857292583,-2.815918525998802,0.31047483668788206,-9.06971578128125,1.193278704999673e-19,4.993055399376926e-19,True
CFAP58-DT,43.745473796634016,1.7631453696005397,0.19443576080018352,9.068009723851558,1.2121074476491903e-19,5.07120452536104e-19,True
RPS20P22,72.45281138640028,1.884059042099061,0.20785803087837623,9.064162852584122,1.2556472425558633e-19,5.250731020939873e-19,True
SPATA22,11.514319410196768,-2.2719178714411785,0.2506833561402245,-9.062898735767435,1.2702894649298748e-19,5.310628477616447e-19,True
FAM155A,256.61856925031145,1.5282629711220554,0.16863032103253772,9.062800579186304,1.271433443523666e-19,5.314078695083436e-19,True
KIF19,62.84748395815895,-1.5586202893596717,0.17198648501982594,-9.062457955228286,1.2754345839542128e-19,5.33013382710389e-19,True
CCNO,651.4116872008555,1.945307176027288,0.21468087469788305,9.061390208908396,1.287983639622479e-19,5.380554477986979e-19,True
LINC01698,2.5108104997515936,-2.540693420893833,0.2803978600420842,-9.061029996849857,1.2922446197853954e-19,5.397002608042975e-19,True
PAGE2B,5.813277936098474,3.2440091509544478,0.3580682889401582,9.059749916856223,1.307499819908396e-19,5.45934787706587e-19,True
SFTA1P,32.582791765495614,-1.5263378940003822,0.16850170377984905,-9.058293535088369,1.3250725870353387e-19,5.53064401815288e-19,True
LINC01231,1.0670586210986517,-2.4820392034793564,0.2741148267423483,-9.054742616357363,1.3689024119428252e-19,5.71072385988007e-19,True
AL392183.1,8.145664730419892,2.1212282052073945,0.2343471834107937,9.051647962369723,1.4082667920489452e-19,5.870536156005034e-19,True
AL138899.1,3.194170323733882,-1.7869755886594507,0.19745108253258767,-9.050219252986496,1.42681557575874e-19,5.946372486375684e-19,True
HOXB6,142.89161682192898,1.776872768151443,0.19663955400342165,9.036192017199776,1.6222459869099335e-19,6.746512210682052e-19,True
AP000679.1,1.9680475366469081,-1.8318053367742375,0.2027657479013015,-9.034096516468301,1.6536274303019007e-19,6.874447914876351e-19,True
AC099560.1,4.175059206148793,-1.5416990894641205,0.1707830063347394,-9.02723943412934,1.760569065516331e-19,7.314465898331148e-19,True
CXCL10,2080.2664085020347,1.712431468766174,0.18973532833813722,9.02536962285885,1.790897567127394e-19,7.43583702267573e-19,True
SGCG,251.32416290848857,-2.4466628055180584,0.27118280561490365,-9.022190031444955,1.8436606000658443e-19,7.653004400248424e-19,True
AC067930.4,6.530419778364973,1.5256142621497937,0.16914546957921842,9.019539606618196,1.8888141019303456e-19,7.833610432194391e-19,True
TP73-AS3,3.91718245225855,2.3694745067381398,0.2628038425768514,9.016133415344706,1.948450811220329e-19,8.076153101399905e-19,True
AL031770.1,5.4285766054914815,2.1268833692168623,0.23589758536270486,9.016130309035033,1.9485060377781531e-19,8.076153101399905e-19,True
AP000553.7,7.121575175805009,1.5433265378499341,0.17121177500997092,9.014137828779912,1.9842505865070835e-19,8.221241497008912e-19,True
CEACAM20,2.2928313455528073,-2.1093406414001667,0.23410260213493927,-9.010325481919761,2.0544583757138294e-19,8.504733412572058e-19,True
AL160408.3,8.660403602962505,2.564089198073313,0.28459077528724713,9.009741076411526,2.0654355333557583e-19,8.549113764661932e-19,True
AC007362.1,3.558753046013716,-1.5614332629163417,0.173315686658038,-9.009186029405063,2.0759148892367697e-19,8.591422889197944e-19,True
ACTN2,74.17267796648035,2.1022050838665836,0.23340981928276228,9.006498057049972,2.1274120945683086e-19,8.800181833510111e-19,True
LINC01671,34.11787767241607,-1.8868359504765553,0.20953677900056228,-9.004796005151402,2.1606712599965602e-19,8.934435939197184e-19,True
RHD,37.4240740866961,-1.5894568372334232,0.17655502025806286,-9.002614793451825,2.204045528581772e-19,9.105886314751424e-19,True
ZNF350-AS1,108.73120578953777,1.5919831718819784,0.1768795008905664,9.000382542163111,2.249325441878345e-19,9.290655704879977e-19,True
AL589765.7,2.1473195488931527,2.5634036213785474,0.28487234286424284,8.998429245903132,2.289700137503684e-19,9.452737049468972e-19,True
AC093523.1,2.780799490128159,-1.7565398199229059,0.19529980382246914,-8.994068532294229,2.382438055090891e-19,9.825862812172412e-19,True
FKBP4P1,2.6844488302417226,1.6381805552554323,0.18217499605595294,8.99234577039477,2.420089699033835e-19,9.974981012616408e-19,True
LINC00461,17.686222645085923,2.7486428465243766,0.3057900955881212,8.988658842066013,2.5026557383329537e-19,1.0305107571016875e-18,True
TBX1,613.5485884251335,1.5591324220700742,0.17346621547822072,8.98810421252217,2.515314762328231e-19,1.0355954568998046e-18,True
HSD3BP4,3.449471901578311,-1.6311688512450864,0.18151519226617005,-8.986404007732725,2.554516281892808e-19,1.0513459642705573e-18,True
GUSBP14,12.302317377194925,1.8927759439909115,0.210647592122212,8.98550951815663,2.5753821886350723e-19,1.059672061798779e-18,True
DSG4,4.38322914079375,-2.258746943274119,0.2514160035728992,-8.984101692711798,2.6085643489213416e-19,1.0730604720880452e-18,True
STON1-GTF2A1L,2.6486523557447224,-2.2501004916035563,0.250695462826391,-8.97543364461196,2.822377958761201e-19,1.1600133417146574e-18,True
LCN8,2.5442562763293624,-3.0562392530895535,0.3405169707095287,-8.975292029414353,2.826011161937715e-19,1.161363477997053e-18,True
ERMN,81.70257523717432,1.6009894939436695,0.1784176738690167,8.973267385601147,2.8784624375593807e-19,1.1823358028102942e-18,True
AC098592.2,1.717523263015527,3.2422723062006047,0.3613556339339293,8.972524576144911,2.8979461796996345e-19,1.1900456488954946e-18,True
AQP7P3,1.597964159986814,-4.304155162102228,0.4797900654025933,-8.970913473355473,2.9406539889013453e-19,1.2066921357926783e-18,True
KRT8P14,3.6374445784740526,1.5692732618008922,0.17499686564984962,8.967436393637149,3.0349565851829564e-19,1.2447763763284517e-18,True
LINC01093,12.421303210716207,-1.9355930812031876,0.21596448665764037,-8.962552645387497,3.172474463502875e-19,1.299740182842228e-18,True
EML5,60.198773203004045,-1.653882721814544,0.18454614349580445,-8.961892622005097,3.191525653551196e-19,1.3070636008876194e-18,True
OR7E36P,0.8951322969192596,-2.760943210415483,0.30809377344252176,-8.961372959815973,3.206604891875028e-19,1.3130779290169487e-18,True
IGFL2,71.08485030634002,1.9515155879578852,0.21797118457129788,8.953089793938101,3.456684722324969e-19,1.4134009171752745e-18,True
MYEOV,659.9766614858505,-2.0642040679377187,0.2307007478452108,-8.947539560308234,3.634937129465123e-19,1.4859220192514387e-18,True
LINC02280,10.489653023364365,1.7500652908904222,0.1957299849545858,8.941222221503162,3.848895199984215e-19,1.5716518430791428e-18,True
FRY-AS1,6.288907924891124,1.5622183037758877,0.1747916708405932,8.937601524506292,3.9770825349723694e-19,1.6233993324209739e-18,True
AC090709.1,3.0008045100938996,2.7968538948224975,0.3129340169704129,8.937519550924797,3.9800330300911367e-19,1.6244048650166358e-18,True
KLHL34,4.357083221567577,-1.7228704311911935,0.19278298130979307,-8.936838819929974,4.004618435113576e-19,1.6342391115100665e-18,True
AC084871.1,2.8207762820065794,-1.7979453647728965,0.2012244815417021,-8.935022970355062,4.070936292926783e-19,1.660896188314354e-18,True
ITIH6,416.55237448645073,1.5370829145269047,0.17206748640725103,8.933023586390526,4.1452125754458685e-19,1.6905796035042714e-18,True
AL589745.1,3.905903653994394,-1.5358338560051599,0.17200787893971164,-8.928857593456321,4.304305284185608e-19,1.7548200112751326e-18,True
ANKRD18B,26.961737975960183,2.7863434482233354,0.3123917822207097,8.919387790600524,4.688728632827253e-19,1.9103776563977528e-18,True
AC011503.1,42.68655844306474,-2.066214373800946,0.23180476964270497,-8.913597321512109,4.940300484361846e-19,2.0116493388642634e-18,True
CLDN25,4.876415948459223,3.081541217393474,0.3457319082847463,8.913094636482043,4.962758924174951e-19,2.02054751998914e-18,True
AC009236.1,30.16106888132471,1.7048174880274574,0.19160873591534314,8.897389150256084,5.717574574379708e-19,2.3230433050802736e-18,True
LINC01356,5.923882909591328,-1.5116970066399518,0.17007787940493543,-8.888263493930207,6.207134150153536e-19,2.5198017866521033e-18,True
AC106742.1,2.522836961368339,2.121788610235809,0.23874965672537693,8.88708549087636,6.273274014719736e-19,2.54603158229145e-18,True
CYP2T3P,27.448467588895326,2.5902669762630905,0.2915013851804688,8.885950832307207,6.337638297513533e-19,2.571528161379472e-18,True
RIMS1,207.61627335046722,1.7552924088713395,0.1975451033129793,8.885527302037719,6.361830160081691e-19,2.5810300974277896e-18,True
AC078880.3,6.706002586781454,-1.9521840445752423,0.21977196901479693,-8.882770870764709,6.521520156895888e-19,2.6448519483439254e-18,True
OR5K2,2.1943242126492284,-1.6868052612280258,0.19001228854553326,-8.87734827120832,6.847314760132261e-19,2.7756302411043e-18,True
AC068228.3,4.924484888781485,-1.9287704991131152,0.21734996319695685,-8.874031864294881,7.054436328972944e-19,2.858546745260252e-18,True
AC125603.2,28.891744658652666,1.9130545939644188,0.21563002790491556,8.871930373296623,7.188872543087819e-19,2.9123142667569932e-18,True
HMX3,42.73611158804282,2.9862503716289694,0.3366115803396232,8.871502188415507,7.216573055521131e-19,2.9231090002221696e-18,True
KLK3,86.6211908592984,-3.3430427582841302,0.37686064360225724,-8.870766462449748,7.26441570537161e-19,2.9411314721189486e-18,True
HAGLROS,44.578562703045016,1.6219101123562327,0.18284211958346577,8.870549718254853,7.278569753106302e-19,2.9465042813345727e-18,True
AC117488.1,6.583397880544643,-1.5769630374417485,0.17782119791113374,-8.868251119474724,7.430361626479428e-19,3.0064927187753267e-18,True
ABCA13,71.00420651656422,-2.4368171542163273,0.27483587630463613,-8.866444901521108,7.551828396538475e-19,3.0541586853766872e-18,True
LINC02700,3.103327827658044,-2.1335703682628697,0.24076874161223352,-8.861492376361127,7.895034877562505e-19,3.18870677160993e-18,True
IL1RL2,119.3063337669946,-1.5088237032644514,0.1703762448918541,-8.855833770853286,8.3060584375530615e-19,3.35227814152193e-18,True
NBPF5P,3.0966946686007857,2.9179318306996316,0.32950854875854735,8.855405547726146,8.338009816411257e-19,3.3647663282611208e-18,True
LINC02685,2.4803655614726328,2.2012460038291453,0.24858702828839943,8.855031652236333,8.366006853290475e-19,3.3756559292242474e-18,True
GXYLT1P4,1.4743331975854208,-3.078947167764901,0.34776376196453773,-8.85355952665036,8.477143949898931e-19,3.4196718711162387e-18,True
OOEP,6.961345478785872,-2.178096959923822,0.24609846999117244,-8.85050996051276,8.712028747212765e-19,3.513999113338153e-18,True
CCN5,2737.8152201383386,-1.5892547530672374,0.17964014177667595,-8.846879864094955,9.000018886270016e-19,3.6257747020804394e-18,True
AC007240.1,1.868552645809078,2.188666134378052,0.24743558337957733,8.845397676778521,9.120292086796484e-19,3.672010392401013e-18,True
AC084030.1,4.071091552063387,-2.2279831366093483,0.25196826185886556,-8.842316568653013,9.375413832622624e-19,3.772905465236297e-18,True
CHGA,239.5748417270036,3.106688441713143,0.35139577356605056,8.840995468402213,9.486950719950109e-19,3.817330110516604e-18,True
KCNH5,5.168590349004999,-2.859718879321879,0.32361559532426987,-8.83677709183446,9.851943515891144e-19,3.959417501945695e-18,True
MAST1,99.53336675825804,1.5411153865153222,0.17443578007546282,8.834858226039513,1.0022528679809167e-18,4.02603359362751e-18,True
AC011510.1,2.4179185068462625,-1.578307249023121,0.1787460497599348,-8.829886037441774,1.0478242994660783e-18,4.2070662849619845e-18,True
AP000553.4,2.869904823083704,1.6814325731543114,0.1905742180629938,8.822980307853175,1.114529525313779e-18,4.471122956777242e-18,True
ACMSD,51.54107999617651,1.9018067538800447,0.21558327216911694,8.821680526252283,1.127545598425903e-18,4.521707330676459e-18,True
LRRC15,6315.245864306293,1.7714477600675236,0.20080984329259924,8.821518562147146,1.129177997250615e-18,4.527709153578305e-18,True
AC096543.2,1.7573006699653073,2.891431729336593,0.32786446304927,8.818984840397544,1.155020747206228e-18,4.627993139322419e-18,True
GAPDHP71,8.660572654192475,1.6482560879074362,0.18691215921418175,8.81834598047047,1.161628487681263e-18,4.6533511634453384e-18,True
CST9L,15.30144802975359,3.085758318031028,0.34993637813946793,8.818055254607431,1.1646478178814283e-18,4.664885909023271e-18,True
AL136140.1,2.4235112127073473,-1.9741248125676265,0.22390208596426037,-8.816911213961355,1.17660468341849e-18,4.711080512345206e-18,True
AL121832.1,8.524988984562027,1.6724240000733945,0.1896894994270509,8.8166398515726,1.1794585507577163e-18,4.72194036125079e-18,True
EXOC1L,1.578382961471746,-3.8415021526503454,0.4357229585936941,-8.816386827650494,1.1821257142658683e-18,4.732050227469984e-18,True
AC026369.1,9.010066483800673,-2.027802338591795,0.23009484110178058,-8.812897885419401,1.2195162601889986e-18,4.8805529534432874e-18,True
IFNL1,6.7671138697217526,2.170666523786907,0.24640162931915413,8.809464977097736,1.2574456646370735e-18,5.028439569278251e-18,True
GFRAL,1.7817392611209737,-2.8824903911628477,0.32720405831436616,-8.809457945027846,1.2575245436978804e-18,5.028439569278251e-18,True
ZNF728,33.8268727549432,-1.6882989669541355,0.19165029060421968,-8.809269016140815,1.2596455982066923e-18,5.0363171148057765e-18,True
POTEJ,7.762341461743734,2.211760926111329,0.2511228449441149,8.807485940211995,1.2798385473436486e-18,5.11643918908695e-18,True
AP002383.3,2.5835778392316184,-2.0302416481922974,0.23053698883430795,-8.806576586508108,1.2902595366522544e-18,5.15624509140995e-18,True
NPY,2.062392709501524,-3.3121737354232215,0.37615177848269415,-8.805418251068051,1.3036552310248039e-18,5.207905881581958e-18,True
MIR10B,4.217198374715495,-1.5198276081199347,0.17270055331661,-8.80036328160253,1.3637396555947484e-18,5.443369691733006e-18,True
SLC5A5,39.65013982765166,2.0956617707697336,0.23817916727458174,8.798677880814727,1.3843743020477706e-18,5.524410506041774e-18,True
AC012066.1,1.1278435448039845,-2.435072207289807,0.27692237435355477,-8.793338613299914,1.4518008593937388e-18,5.787938656296688e-18,True
GDF15,1275.787092605592,1.6311592922455629,0.18551159442303095,8.79276196896865,1.4592742220645983e-18,5.816342300900238e-18,True
AL356310.1,1.8838947461681808,2.280355990367352,0.2594413273698826,8.789486291504645,1.502453789043607e-18,5.984869972624851e-18,True
AC090099.2,0.9675019135599942,-3.517835747810711,0.4003486082825043,-8.786931376887328,1.5370060367118038e-18,6.1210430282185266e-18,True
ASIC2,90.1863935832853,2.4382104907436504,0.2775047140487526,8.786194854748668,1.5471115421201923e-18,6.15981647781355e-18,True
LINCR-0001,46.951874481916356,-1.7381639886694025,0.19790433995833137,-8.782849274732285,1.5938469449040917e-18,6.337570259402236e-18,True
AL365181.3,399.1810724805068,1.75725981024029,0.20018938523370805,8.777986945655504,1.6642658484620221e-18,6.612844248821634e-18,True
RN7SL5P,3.602211150545192,1.855640598852311,0.2114159599083621,8.777202060131295,1.675917433712584e-18,6.658347688453772e-18,True
HTR1D,45.35672256906409,1.742192146907328,0.19850595482750394,8.776523346220237,1.6860578266289529e-18,6.697837100684806e-18,True
BHMT,6.298338338821605,-1.5982616033104895,0.1821132134142583,-8.77619791198169,1.690941476383533e-18,6.716437267259938e-18,True
AL132708.1,9.863899090572337,2.611249840512722,0.29756933480528036,8.77526524102841,1.7050151778068887e-18,6.7707253113457884e-18,True
AC074132.1,1.6418090079519851,-1.859948821905405,0.21206230322940545,-8.770765919171138,1.774550155344281e-18,7.043498349271175e-18,True
CSAG3,9.338332835213103,4.005083329457195,0.4567173965915669,8.769281309069246,1.7981029004069853e-18,7.135284819808728e-18,True
AL049629.1,2.3560036963081874,-1.9101429505882643,0.2179180328209383,-8.765419391234204,1.8608263449633894e-18,7.379795193029382e-18,True
VWA3A,52.31462146577289,1.6046398531818027,0.18319845035254528,8.759025254273984,1.9694599566989913e-18,7.803198300576769e-18,True
MGC15885,2.1926602852825665,-2.2990416364612436,0.2625440219628383,-8.756785316508408,2.0089777777165963e-18,7.955046296493798e-18,True
MTA3P1,0.878328800631381,-2.9545360114730266,0.33741828316807504,-8.75630088486139,2.017626733432038e-18,7.988345474679453e-18,True
LINC01133,115.77702649976789,-2.1516003597188904,0.24572111559126547,-8.756269702510549,2.0181847153231717e-18,7.989606133821516e-18,True
MIR4534,1.1325007503800286,-2.4057707594291045,0.2748051573231632,-8.754460006731188,2.050830068714259e-18,8.116915732441469e-18,True
SMC1B,112.09744732434423,1.727199203490925,0.1973032649287214,8.754032550423835,2.058616820053265e-18,8.146767809654246e-18,True
AL031663.3,17.652555220626915,1.7588091902285012,0.2011421504637258,8.74411050181989,2.2477938638228037e-18,8.880821749717854e-18,True
FAM90A20P,2.889731052640491,-1.843910456819915,0.2109198738415876,-8.742231934980166,2.2854968426093155e-18,9.027482435648236e-18,True
ANKRD20A19P,2.795392371258115,3.2434690703167024,0.3710195527554314,8.742043502097399,2.2893129889145653e-18,9.040414312292698e-18,True
BRINP1,343.21242069310927,-2.236563553487617,0.25584789639373223,-8.741770344852476,2.2948561479735398e-18,9.061231077287423e-18,True
NAT16,3.8294454815486256,2.6554803740075954,0.3038575396767477,8.739228181839986,2.34708380776257e-18,9.266354670897828e-18,True
CAPNS2,4.498697404995247,-1.8899736734857957,0.2162839903685929,-8.738389144128918,2.3645777468301082e-18,9.334316202537558e-18,True
GJB2,1467.3184963852327,1.7181991762419344,0.19668223069864754,8.73591462807092,2.416924653535116e-18,9.53870062375652e-18,True
MOB4P2,2.083619575330406,-1.7521757691899629,0.20058000195838604,-8.735545677945916,2.4248269727560045e-18,9.568755734758015e-18,True
GPR50,1.8532170212738264,-3.323903605796884,0.3807019428728629,-8.730986715523319,2.524603337768531e-18,9.95306734971542e-18,True
ADH7,12.015901466432664,-4.34504719276117,0.4977584439000962,-8.729228496288961,2.564157150885809e-18,1.010661586395117e-17,True
CNTFR,1000.0342280820388,-2.1019560607680075,0.24086694463716773,-8.726627325033368,2.6237991813508055e-18,1.0335586924033548e-17,True
FAM90A2P,3.1316760999179265,-1.5591016170372454,0.1786768742126997,-8.725816499236867,2.6426690406126983e-18,1.0402546014564786e-17,True
AC091305.1,5.6707818938484,3.230197542970221,0.37039403195493587,8.720976215305825,2.758133758263846e-18,1.0849375171542936e-17,True
AC084855.1,2.8072485881270275,-1.748904012576939,0.20063985632598116,-8.716633098737276,2.8659700381767725e-18,1.1268242726144444e-17,True
SLC26A10,3.035762554136537,-1.5721274756495023,0.18041908131516526,-8.7137539122219,2.939741730569739e-18,1.1550123347404598e-17,True
DLGAP3,60.96845553098499,1.545726030762309,0.1774062094165917,8.712919552508893,2.961468243953032e-18,1.1634115262997957e-17,True
FAM83C-AS1,2.723429268988775,1.8593211957079065,0.21344083506817899,8.711178416791647,3.007318860152053e-18,1.1811456444142129e-17,True
LRRC18,5.009761170228068,-1.6129750908748195,0.185165587980255,-8.71098733014483,3.0123933688675816e-18,1.1829993695050044e-17,True
KRT8P49,3.7023391715742062,1.6694556139731445,0.19166043202287839,8.710486543064155,3.0257324459972193e-18,1.1880978610804342e-17,True
LINC02542,58.25169821101788,1.6567692465944532,0.19022866571509062,8.70935639676846,3.0560499546450597e-18,1.1998611954021438e-17,True
AL954642.1,1.773113393668359,-2.0040974196018837,0.2301508139105577,-8.707757255121964,3.0994618857895983e-18,1.216619049307878e-17,True
AC011824.2,2.576913214006247,2.8577421019549,0.32825531849508827,8.705851637245173,3.1519893472889283e-18,1.2365097370043345e-17,True
AC005144.1,0.656279109254442,-2.467052828076314,0.28338964298601704,-8.70551514191379,3.1613555525891312e-18,1.2398923476807589e-17,True
AC097468.1,10.7341361017861,1.9904834607499091,0.2286592532300427,8.705020385715082,3.175176805845901e-18,1.2451666427346538e-17,True
AC004080.4,1.175640202695513,-2.5199278922051382,0.2895562086157456,-8.70272443561795,3.240100069539594e-18,1.2700293514230831e-17,True
WFDC5,1.9586212174773847,-2.576048797251974,0.2960809574562989,-8.700487932028507,3.3046019613105075e-18,1.2945515189444861e-17,True
RNU6-875P,1.661091993704963,2.206929505638755,0.25382992633707196,8.694520529892428,3.4829742420292136e-18,1.3628265633865099e-17,True
RAB39B,262.9576747309863,1.5866565765693683,0.18254242506178317,8.691988046243768,3.561515627638956e-18,1.392904710521069e-17,True
MMP23B,4.463301168317442,-1.5144853921733021,0.17424965062549297,-8.691468744625022,3.5778357606210385e-18,1.3991234144107765e-17,True
APOD,48546.396888318515,-1.958275975463351,0.22535556271684357,-8.689716605415683,3.6334470807267076e-18,1.4201062573658243e-17,True
UMODL1,62.46508942625654,1.756260305476318,0.20211570590984967,8.689380657333322,3.644206852193609e-18,1.424076099294641e-17,True
KRT18P23,2.836536986226673,1.662633849789363,0.19136816216736377,8.688142431630203,3.6841371732739834e-18,1.4395113133159237e-17,True
H1-12P,4.939741765847707,2.2731149380922515,0.26165333399429375,8.687506111203707,3.704824954871119e-18,1.447255563078329e-17,True
AC106795.5,2.815630283954469,1.89473997446146,0.21828446256637452,8.68014128071676,3.952775056701865e-18,1.54284989894605e-17,True
AC023403.1,1.961978411543792,-2.5304167442657928,0.29161356845195824,-8.677294262055797,4.052954870217112e-18,1.5808420113084264e-17,True
LINC01511,15.503123619995844,-2.237960878085002,0.25791350682645015,-8.677175947946477,4.057171868565162e-18,1.582301773415736e-17,True
LINC02348,43.37297574190604,1.6282138470561025,0.18769618306449398,8.674730729588862,4.1453016117479364e-18,1.616483436040481e-17,True
PCDH10,169.55920641516096,2.334571264151329,0.2692405225549988,8.670950576076219,4.285277003800155e-18,1.6700911861602357e-17,True
NRCAM,1005.6804579733885,1.593529487952536,0.18386000076851125,8.66708082939077,4.4334023738444236e-18,1.7260043867071877e-17,True
NDNF,310.13333340261505,-1.5247066118464745,0.175964659676465,-8.66484562667217,4.5212521562299706e-18,1.7593843425684165e-17,True
SPRR2A,5.988314530121342,-4.887479012175294,0.5640671287016966,-8.664711633568716,4.5265727189652206e-18,1.7612492545183893e-17,True
AC126564.1,12.77041643123334,2.5706760979795433,0.29668647853828106,8.664621693057212,4.530147519365726e-18,1.7624345499688238e-17,True
OTOR,19.3122656217013,2.2448434870253773,0.25930408557865003,8.657185180927238,4.835567746201967e-18,1.8803795332099976e-17,True
AC124248.2,2.224018438391634,1.6747562912784153,0.1934734923287988,8.656257098167476,4.875083450161942e-18,1.8953037768646606e-17,True
RNA5SP494,2.483804975559041,-1.556824119949352,0.1798759979038981,-8.654985312610261,4.929751418009362e-18,1.915887193091647e-17,True
ERVV-2,16.97115329945428,3.4130538877755097,0.3945460157615497,8.650585106499324,5.1236054293592984e-18,1.9900665905392878e-17,True
AC025887.2,5.242058287788823,-1.8099785711534921,0.20929203356967505,-8.648100648087665,5.236363876285435e-18,2.0331528572621138e-17,True
HS3ST5,19.977479208307674,2.5003415965962414,0.2891244738513949,8.647976296470064,5.242071561553826e-18,2.0351320664290866e-17,True
AC022113.1,6.243127332725936,1.9516493731873048,0.22573388739663908,8.64579702983648,5.343101697665568e-18,2.0741135899831104e-17,True
AL022315.1,1.709732848199034,-2.2855217274402624,0.26441661845185205,-8.64363874260965,5.445053066374568e-18,2.1124601525189097e-17,True
AL158157.1,1.0594047058261549,-2.7881936273701244,0.3225871459965364,-8.643226061462665,5.464764502368289e-18,2.119860781545656e-17,True
AC093575.1,15.713540342113482,-2.209224881815751,0.2557077824087024,-8.639646634941704,5.638715070832854e-18,2.1855591457136777e-17,True
CNGA2,9.718601910315128,3.815642594980646,0.4416462493676651,8.639590170739048,5.641502413895304e-18,2.186131350232332e-17,True
AL161646.1,3.66378736736305,3.4599148471900087,0.40050057459753186,8.638975988154128,5.6719094000512e-18,2.197403654534241e-17,True
CYP1A2,2.5675625541795783,-2.753785759857354,0.31880467535733087,-8.637846219697954,5.72826511995834e-18,2.2189791321348667e-17,True
KLK10,246.19999570592375,-2.2996423898778073,0.2662422313650123,-8.637406537977244,5.750346660902837e-18,2.2271783548045752e-17,True
AL662873.1,1.3474925138967706,-2.9731117450120403,0.344286250764742,-8.635580823829152,5.8429393526745906e-18,2.2620871194839205e-17,True
ZSCAN23,47.34963105216714,-1.5019906280938629,0.1739593863919422,-8.634145355685362,5.916772470070005e-18,2.2896083210067835e-17,True
CYYR1-AS1,5.671439426625175,-1.7212339608745257,0.19936233467874756,-8.633696849749086,5.9400295772845444e-18,2.298074783907915e-17,True
HNRNPA1P21,69.17189812162991,1.5037667311029541,0.17419636014642037,8.632595594069626,5.99751826815921e-18,2.319777739791713e-17,True
AC087752.1,2.2692948993582402,1.6552086557030736,0.19174267646091928,8.632447852788973,6.005272448499889e-18,2.322238298759541e-17,True
AL022151.1,1.350560476599693,-2.8870821720692565,0.3345315324217898,-8.630224335412173,6.123175704480784e-18,2.3667337339908398e-17,True
GPR149,0.8173309588718367,-3.046403100099044,0.35320492198574593,-8.625030146725942,6.407577328338258e-18,2.474939730400192e-17,True
AC015813.4,5.439873652287518,1.8590957543953974,0.21555023128847475,8.624884061976886,6.415761725101717e-18,2.4778139869185542e-17,True
AP000866.5,2.706247839983559,-1.6366777821268765,0.1897744755546339,-8.624330418216308,6.4468733769028986e-18,2.4892529842113554e-17,True
TNRC18P1,656.0414284614715,1.7413763099891015,0.20201399322642663,8.620077659854417,6.690871892929332e-18,2.5813730536476202e-17,True
TMPRSS2,1436.800759907688,-1.5999870196972112,0.18561284673432837,-8.620023063313644,6.694062851800411e-18,2.582305402483423e-17,True
TUBA3C,4.21560946154745,3.506294321297983,0.4068316942408055,8.618537766191322,6.781451418548744e-18,2.615108965739848e-17,True
AC107031.1,2.702151284976617,2.4051253857900323,0.2791645540639989,8.61543971387805,6.967367569510257e-18,2.6836999431230948e-17,True
NATP,3.6296753945227045,4.213570334872733,0.48907292316664114,8.615423457898219,6.96835624924038e-18,2.68377078826559e-17,True
AC007846.1,1.4954521692240799,-3.3131188810942263,0.38463051736265186,-8.613770180826359,7.069634217893124e-18,2.7215194682271474e-17,True
AP001099.1,7.63454907474779,2.07048711871741,0.24041385769465895,8.612178759458457,7.168494839073239e-18,2.757666794189104e-17,True
MNX1-AS1,79.14053159521404,2.198208958368374,0.25530280469762345,8.610202935184743,7.293135387339849e-18,2.80496796254638e-17,True
AC019117.1,25.10828584785593,1.7854494894691553,0.20750059125866988,8.604551334716039,7.661585671976188e-18,2.945316663685694e-17,True
GVINP2,2.534919102046728,-2.1668130652394137,0.251970788958527,-8.59946136691289,8.009109763974563e-18,3.0767861020480096e-17,True
ERN2,6.765350152066721,-2.115785838794025,0.246044834338505,-8.599188210889878,8.028193472252791e-18,3.083762083692217e-17,True
IFITM3P8,2.7748225615282767,2.201722064809785,0.25611709921116144,8.596544594605634,8.215221035092033e-18,3.154512450193255e-17,True
AL139095.5,4.0361645321579225,1.750501906266956,0.2036916202069307,8.593882774797597,8.407880214975371e-18,3.2273756594062343e-17,True
AC121758.2,2.4153432423612493,1.8738726410567035,0.2181116887902079,8.591344422898397,8.59575405179109e-18,3.2979728701470443e-17,True
LINC01647,2.370374249070288,3.6325472540403605,0.4229091289316787,8.589427386485198,8.740382341395552e-18,3.351535135140856e-17,True
ATP13A4-AS1,1.9239399636792094,-3.5954820856389214,0.4186871482081697,-8.587514809151154,8.88706701923659e-18,3.40660687384507e-17,True
CACNA1B,46.054979267227246,1.9947244771919452,0.23230343292544126,8.586719757310519,8.948755835892617e-18,3.4298593077943096e-17,True
KRT8P17,2.898213150151902,1.8313639061168825,0.2132822726449131,8.586573480327932,8.96015154618313e-18,3.4338323823679757e-17,True
IL24,49.81850312760527,1.6497698974560415,0.19214313955447823,8.586150415161105,8.993191120399853e-18,3.4460982497324454e-17,True
GFY,5.556001493858673,3.0022116859858623,0.3496617937439764,8.586044399761024,9.001489291145782e-18,3.4484855413029373e-17,True
SPTSSB,1751.2261409111018,1.8549325030636759,0.21606925605629737,8.5848979022743,9.091713564088133e-18,3.4818506620208444e-17,True
DYDC1,1.9451203766200353,3.062161084433027,0.35687335644565965,8.580525918020713,9.444034776098309e-18,3.6134593362563385e-17,True
COX6A2,3.218513615756117,2.6272660600150726,0.30626094660066927,8.578521320384802,9.610050593992455e-18,3.67613646775699e-17,True
H1-5,7.464042996202322,1.7660658098558408,0.2058785775404459,8.578191237545774,9.637662051058672e-18,3.6862758543497606e-17,True
C12orf40,1.6282709501413404,-2.381823810016077,0.2778648880190581,-8.571877602083763,1.01811267697693e-17,3.88701083737878e-17,True
RNU6-26P,2.7401051273912533,-1.501836556100325,0.1752113235257055,-8.571572463922337,1.020814508465257e-17,3.8968799270613385e-17,True
MEIS1-AS3,1.3288094529109213,-1.9948742849633336,0.23273245829940695,-8.571534454368873,1.0211515574975406e-17,3.8977204178763286e-17,True
AC012409.2,1.9226429208880678,-1.7151243217513488,0.20010867169160132,-8.570964502700926,1.0262187842819688e-17,3.9161654922782217e-17,True
TGFBR3L,12.836843237625002,1.7709390237841407,0.2068661948836783,8.560794695237407,1.120921598899021e-17,4.267794771284788e-17,True
AC117382.2,2.877545013612253,1.753976949266492,0.20500632456763404,8.555721161118782,1.1713412482730432e-17,4.4567095594589525e-17,True
GAB4,1.3728684466516172,-2.569529574165037,0.30039413384991215,-8.553860693727353,1.1903855793259585e-17,4.527619603665761e-17,True
AL035409.1,22.70590316584927,2.216183824454142,0.25924591319222173,8.548577669615641,1.2461459289674813e-17,4.734843407216194e-17,True
AC244669.2,4.94469786420599,-1.758606917295173,0.20576434596366655,-8.546703798750947,1.2665368750672313e-17,4.810676337883496e-17,True
AC134312.3,1.8150985673429825,-2.183549484922265,0.25570552859800094,-8.53931276689391,1.35022450362617e-17,5.1197995419476006e-17,True
AC104232.1,2.9391475681706742,-1.546404811143409,0.18112426661872283,-8.537811304979257,1.3678805872488285e-17,5.1843902379999066e-17,True
AL132642.1,2.9871556003912567,-1.6725227747706317,0.19596828874916716,-8.534660303695384,1.405678140669127e-17,5.3234113460339215e-17,True
H2AC21,2.8118827297987887,1.9158398641140777,0.22458144853810827,8.530712917674439,1.454485692074357e-17,5.502625450367298e-17,True
THRSP,2647.794371052368,-2.1095441171449876,0.24739036640297074,-8.527187811787224,1.499483136009642e-17,5.669001598774011e-17,True
BFSP2,26.10121845425267,1.814594754303327,0.2128723611882523,8.524332347206887,1.536937441578625e-17,5.806653080231739e-17,True
CDHR4,28.588108001647388,2.119690216512871,0.248703859428388,8.522948624057106,1.5554179241923924e-17,5.875142411812446e-17,True
AC080188.1,1.6221049280062543,-1.522191997650983,0.17860059172278964,-8.52288328368819,1.5562959861122144e-17,5.87779330021022e-17,True
LBHD2,2.9936565292692126,-2.3050704156757718,0.27050674476079434,-8.521304774541264,1.577657698260908e-17,5.957122574649345e-17,True
NGB,6.679384753332185,2.9605572640579387,0.34751494439970604,8.519222875931213,1.606274688416124e-17,6.0624326147566e-17,True
NCMAP-DT,1.193629383850527,-2.398320505155781,0.28153712910321593,-8.518665061319565,1.614028808896002e-17,6.090319840220952e-17,True
RBM46,3.55576191339316,-2.2887478560479626,0.26900948835515187,-8.508056240106708,1.768734021880459e-17,6.668043284613545e-17,True
LINC00332,1.3406385797745768,-3.1547110373708436,0.3709368495857223,-8.504711896092708,1.8204710683436386e-17,6.860762759429541e-17,True
AC093732.1,1.9235202027176102,-1.6471632250716677,0.19375096088971633,-8.50144545094276,1.872443621032643e-17,7.053442032962568e-17,True
CHST4,18.12022405002921,-1.849485862826313,0.2176186691685886,-8.498746315710264,1.9164922083351306e-17,7.217741237240911e-17,True
AL049839.3,2.444044444370811,2.2883150367054506,0.26925454474720467,8.498705337931746,1.9171687640663307e-17,7.219473928731714e-17,True
RPL7AP26,10.423514210525292,1.9203023489977014,0.22597295275941168,8.497930064409983,1.9300132647360972e-17,7.266201441147449e-17,True
AC006970.1,35.108249701354524,1.698127346515421,0.1998795826058922,8.495751914109523,1.966556348243886e-17,7.401273858208481e-17,True
AC007938.2,3.8940993064921234,-1.5279011741763109,0.17990216016112273,-8.492956242481483,2.0144616015257206e-17,7.577293023830505e-17,True
CYP8B1,19.803515650101758,-1.8192704188494575,0.21422620873375417,-8.492286866311924,2.0261014803557966e-17,7.616780325598631e-17,True
Z98745.2,6.678484959209038,-2.212401182816471,0.26074624273899266,-8.484882311539527,2.1593716884997905e-17,8.106820493051842e-17,True
ALG1L11P,2.273108730052888,-1.5351880984948294,0.18094169229316184,-8.484435394842647,2.167686636254357e-17,8.137120850117802e-17,True
DLL3,28.33887892385134,2.164999280279139,0.25520194518269584,8.483474836875727,2.1856650141024943e-17,8.203685149724714e-17,True
BX664718.2,4.611825235762247,-1.712008548526936,0.20181547313718454,-8.483039094644612,2.1938690563729692e-17,8.232625088441785e-17,True
GAPDHP74,1.8332820767734184,-2.3273576996384113,0.27435689066741625,-8.482956976136988,2.19541856141755e-17,8.237512781808491e-17,True
AC022164.1,4.146956734283297,2.1674816208969463,0.2555171095881503,8.482725968490152,2.1997832690103623e-17,8.252032872691402e-17,True
AC063962.1,1.6729839603127301,2.9782658054299986,0.35140000220510875,8.47542910284791,2.3421461741696638e-17,8.779165197525471e-17,True
LINC02721,1.7058006181877363,-1.5990529632400745,0.18873447695573384,-8.472500568166565,2.401805036137161e-17,8.996719774248926e-17,True
NR2E1,3.9446486220613264,-2.252724648704855,0.26590378887373844,-8.471953928323066,2.4131058384206573e-17,9.036005682179486e-17,True
RLIMP1,1.7626716655031336,-1.8391770122644282,0.21712575935298062,-8.47056110590031,2.442137621434143e-17,9.143690079399039e-17,True
FBN2,565.4362092212327,1.5905686378316608,0.18780114378353452,8.469429982093187,2.4659679338181876e-17,9.228769456279063e-17,True
AC002383.1,7.04633642755764,3.1260254668872265,0.36915868835534665,8.467972082179903,2.4970213830940463e-17,9.3407926085029e-17,True
HAO2,10.883152792844939,-1.790362699287473,0.21156027790516058,-8.462659989934721,2.6134683896710154e-17,9.76872420165195e-17,True
G6PC,1.60037472343699,-2.0889929422267914,0.24698459778109638,-8.457988720730981,2.720284216844944e-17,1.0162289497878575e-16,True
HOXB1,13.275342128778952,2.0969356186161248,0.24795642552962768,8.456871460931621,2.7464637022855257e-17,1.0257791242862581e-16,True
MAGEB4,4.262407640302278,-2.852428263814056,0.3376770555839697,-8.447207817780638,2.983523630387603e-17,1.1123256517584813e-16,True
AARD,2899.9513345573178,1.8424391527231077,0.21812106518612454,8.44686482321613,2.992298602527013e-17,1.1153477824485678e-16,True
AP001977.1,1.209937282092768,-2.0640391337743207,0.24437076005248345,-8.446342489302024,3.0057106202705014e-17,1.120221764365232e-16,True
CHRNA6,39.37079399787834,1.8929650931363173,0.2242158542413343,8.442601436644297,3.103518964494782e-17,1.1560287495469283e-16,True
AC108457.1,1.9752322038922063,-2.1790664476548853,0.2581053771011288,-8.44254572348991,3.104999038240773e-17,1.1564508926322486e-16,True
KISS1,9.439859254997817,1.5677291285895039,0.18573914449566334,8.44048858331049,3.160139205945845e-17,1.1764621832896626e-16,True
RBM24,788.5987930095829,1.9140798671182826,0.2268919479970023,8.436085475997464,3.281428486552926e-17,1.220934492893602e-16,True
TRIM63,16.766511897352064,-1.5136923539871392,0.179439553970381,-8.435667167546544,3.2931874392716356e-17,1.2248997090371378e-16,True
NTM-AS1,0.836817373247012,-2.6414855866121747,0.313141395864169,-8.435440416053996,3.299578951422475e-17,1.2271401633878456e-16,True
HAR1B,15.29635940713634,2.313342729132715,0.27428634875887237,8.43404252380929,3.33925289621898e-17,1.2413414874150794e-16,True
LINC01980,22.217947827247087,4.027300256452919,0.47815409606830483,8.422599094241818,3.682227786469801e-17,1.3667068942791475e-16,True
AC012213.4,18.17974806345994,3.649246915789155,0.433305624431958,8.421877561762868,3.704981528859624e-17,1.374999209948137e-16,True
AL157944.1,2.73126525101431,-2.7732834475930552,0.3293131994885533,-8.42141600124186,3.719609660491752e-17,1.3802744249219921e-16,True
CLEC17A,30.286685770544796,-1.674272885052292,0.19894166657134071,-8.415898559148221,3.898945997322736e-17,1.4461789574542978e-16,True
AC104024.1,2.9100030564592347,-1.6941039756613998,0.20129870316176407,-8.415871285072384,3.899853351046602e-17,1.4463546419489894e-16,True
H2AC9P,10.682477274812523,2.4293680843030385,0.2890944515064384,8.40337153357277,4.3383936559446944e-17,1.6072105091324108e-16,True
KRT18P1,3.0114070570205524,1.6807623084796357,0.20014190465088377,8.397853070357566,4.547156606071675e-17,1.6834272386310423e-16,True
AC004696.2,2.5911885915365653,-1.702477908911269,0.2027410692085612,-8.397301620028045,4.568554659705264e-17,1.690786032033191e-16,True
AP001994.1,1.5091522470507608,-1.8047474566592563,0.21492277913252536,-8.397190209170036,4.5728898057594024e-17,1.6920148910714558e-16,True
LINC00670,1.9805788672412803,-2.357883412535949,0.28080504196136913,-8.396869928212784,4.585374979768813e-17,1.696446307968828e-16,True
AP003355.2,2.6123758575848357,-1.7021003225553024,0.20273016313947448,-8.395890854111776,4.623750057012562e-17,1.7104541392269765e-16,True
KRT18P68,1.8920799233748022,1.9193042745268658,0.2286853758882,8.392772240342897,4.74810885428783e-17,1.7558736103531253e-16,True
CES1P1,20.710275619098205,-2.570802240377412,0.30637484891402444,-8.391035522301753,4.818786951455143e-17,1.781418091609329e-16,True
AC079804.3,18.794096457018405,-1.5184252900094946,0.18099403382879498,-8.389366532632762,4.8876861879490705e-17,1.8062881946134039e-16,True
MGC27382,1.2616125109149283,-2.8348409203833245,0.3380033228597269,-8.387020862394888,4.986165407132051e-17,1.8418656420297605e-16,True
MIR2052HG,85.64894419810254,2.4152381057748316,0.28807968531409966,8.38392371590327,5.1191976301647624e-17,1.8901696387108575e-16,True
AC016825.1,2.2676788136394093,2.7888679521411355,0.3326960080237411,8.382631245584776,5.1757430809514685e-17,1.9108364442228553e-16,True
SSTR5,4.843327508040066,3.1681941324188365,0.37800686900620134,8.38131365376554,5.2340216749139986e-17,1.9319246135772765e-16,True
LGALS9C,18.83778672455552,1.878051256293154,0.22416847748500443,8.377856143573018,5.390046776300868e-17,1.9884144905183367e-16,True
KRT8P30,2.607610610638013,2.1742783867482225,0.25952741761447673,8.377836941983809,5.3909259583003276e-17,1.9885188561371266e-16,True
AC069499.2,1.6834573077003274,1.840429058804552,0.2198480876796236,8.371367148239836,5.695355698822262e-17,2.0982591383122363e-16,True
AL135818.3,6.853627131322714,1.8329488101853588,0.2189933980446585,8.36988158799003,5.767616180883946e-17,2.124411663533231e-16,True
AL133368.1,1.9379367237065501,2.190535489733988,0.2618118518822583,8.366830890142866,5.91885486695184e-17,2.1793959474216286e-16,True
KARS1P2,2.611477114515964,-1.5341703797570558,0.18349564382255215,-8.360800004825519,6.229437229042071e-17,2.2914791766084713e-16,True
MAEL,13.32797580520676,1.6560465049563249,0.19820024718182477,8.355420987124715,6.519976422051502e-17,2.395974586214827e-16,True
GPR87,2.3570556556715303,-1.9776795372468525,0.23674499206688515,-8.353627757786398,6.619773988156716e-17,2.4318444892161085e-16,True
LINC01924,5.392144276949578,3.4877211528618957,0.41758891170589696,8.35204445111861,6.709140176603184e-17,2.464131230721801e-16,True
SLC4A4,447.70371468555317,-1.9178554742399898,0.2296387201587464,-8.351620636599089,6.73326262676977e-17,2.472718592006883e-16,True
LINC02765,2.6289787704954923,-1.5136751748609427,0.18126073030148854,-8.350816927324894,6.779242871041233e-17,2.488782150003898e-16,True
AL035420.3,5.8073127124376285,1.6139598570941194,0.1933916596686442,8.345550474407563,7.088293813087078e-17,2.6002366117329335e-16,True
AC012462.1,2.4568560166008586,1.9599784196561925,0.23491894892892182,8.343211258999856,7.22998365095848e-17,2.6504641615457223e-16,True
ACTL6B,4.146736520240307,2.940801438428962,0.35248015222087636,8.343168884545173,7.232575924651414e-17,2.6511230436491536e-16,True
SMCO3,7.5988050322962435,2.0722580036157736,0.2484176771140276,8.34182988783272,7.314963361510345e-17,2.6804385577739645e-16,True
GAL3ST1,27.38079172092737,-1.6181814093950024,0.19402362636686668,-8.34012558004296,7.421168000363693e-17,2.718757900078313e-16,True
AC020636.1,2.4133335972243883,2.4251752892815825,0.29080265048288245,8.339591421379895,7.454766243399489e-17,2.7298671291438407e-16,True
AC044893.1,3.832110483198279,-2.7444192110308183,0.3295582590441707,-8.327569210344032,8.251916208045055e-17,3.0177996888046335e-16,True
UNC5A,444.20466055627344,1.734547373023011,0.20831128718869918,8.326708535249786,8.312105726783233e-17,3.0384787228158945e-16,True
RAET1K,10.9477858735013,1.7385694324600287,0.20881539972754334,8.325867894458296,8.37131207033696e-17,3.0594508080401894e-16,True
ARHGAP36,347.45967275156835,-3.1760565146241837,0.3815410914639133,-8.324284292520508,8.483977017456419e-17,3.098588868197942e-16,True
TPTEP1,885.5385832730076,-1.558924807627614,0.18730053829884583,-8.323119739999276,8.567781656993301e-17,3.1285114472689107e-16,True
UST-AS2,3.3000387583411936,1.5501807530894778,0.18626081285707338,8.322634961756576,8.602907898546184e-17,3.1406499782005113e-16,True
BRINP2,433.5980946675858,2.181935110276724,0.26217011052913497,8.32259293736021,8.605959598487398e-17,3.1414201691107293e-16,True
NMU,54.921248447663935,1.864770397082363,0.22406648506547097,8.322397687175249,8.62015215563079e-17,3.1462564762846796e-16,True
SLC27A2,1193.816083712023,1.6930945696549349,0.2035277448564785,8.318740871662746,8.89026758089791e-17,3.2430708111503435e-16,True
WDR72,256.8558262863927,2.2510009189921116,0.27072083271792036,8.314841884878359,9.187467699880327e-17,3.3492879353225735e-16,True
HSPB3,2.7602985289261532,-4.565673962719548,0.5492495962312189,-8.312566807600392,9.365389470124598e-17,3.4122842066992816e-16,True
POU3F2,6.30148173748069,1.914303415284456,0.23030520756082207,8.312028353848234,9.407993840833911e-17,3.4269300848852234e-16,True
AP000553.6,3.6448046959217146,1.7100772873297931,0.20573750111002306,8.311937678368555,9.415187184573491e-17,3.4289295338903717e-16,True
AL356274.2,5.309111230287428,2.594398503376363,0.31224340126096667,8.308897779421823,9.659508516852154e-17,3.516757090922516e-16,True
H2BC3,1.442713696566777,2.2129353148863244,0.2663661395762228,8.307870206051755,9.743501730621829e-17,3.5454014098691475e-16,True
LINC01010,19.19291152352953,-1.6236824000596501,0.19544468138158202,-8.30763154352411,9.763112685801039e-17,3.5521497377130575e-16,True
INHBE,4.7048828394498585,2.068001082832206,0.24893871864884323,8.307269733115964,9.792916983655467e-17,3.562604870600264e-16,True
SYNPR-AS1,14.482202903225815,1.9498787807295437,0.2348012704087153,8.304379177060742,1.0034271734843169e-16,3.6476229353094054e-16,True
CCND2P1,3.681834706716322,3.710496666120222,0.4468946338771273,8.302844529434235,1.0164785380661293e-16,3.693858860844213e-16,True
SERPINA12,41.01441486688337,1.9637119709779611,0.23655506817836883,8.30128893918802,1.029878823484158e-16,3.740924614352814e-16,True
AL139351.1,3.9687879367617866,2.439785562672849,0.2941456185341953,8.29448208282326,1.0905931411013481e-16,3.9558615034358126e-16,True
AL035425.1,8.28481900767114,-2.1320245757919665,0.2570771687388587,-8.293325254245724,1.1012567526927848e-16,3.993672405997355e-16,True
FOXD3,16.654525519034422,1.9785390019090168,0.23858654118089526,8.292751938630508,1.1065795958063356e-16,4.0121029507007487e-16,True
AC007128.1,8.194871199363153,2.4493682093081044,0.29544433555868505,8.29045581353371,1.1281529847331045e-16,4.0894319443330763e-16,True
ADAMTS20,12.025264559910399,3.137763179698473,0.37858643029671835,8.288102606422637,1.150692950142981e-16,4.169777159004485e-16,True
AC090515.4,7.819065121125154,-1.6915290984748863,0.204206459091146,-8.283426028752036,1.1968132500098444e-16,4.3336074999542127e-16,True
LINC02882,10.85506534498122,3.6141119419034076,0.4365836319907029,8.278166374272985,1.2508638417511967e-16,4.523428568484132e-16,True
POTEH,3.431735952142872,2.1789279912912076,0.2632382144205712,8.277399981941723,1.2589379591065503e-16,4.551639418716863e-16,True
LINC02520,5.250278105088131,1.8449817663729855,0.22289552510182997,8.277338746617296,1.2595852996957462e-16,4.553486196157555e-16,True
ANXA10,6.628353085496037,1.8359638759319845,0.22181575433126569,8.276976905752628,1.2634171542338385e-16,4.566843559131182e-16,True
LINC01489,20.13958971143975,1.6471160689739517,0.19909785279849218,8.272897200157177,1.3074242171145275e-16,4.722331876589665e-16,True
LINC02268,4.049447826349868,-1.754158524211428,0.21205382098393732,-8.272232568468088,1.3147352477316448e-16,4.748224580528766e-16,True
AL022314.1,2.053254398265389,2.541846442854049,0.3074187570045296,8.268351832600107,1.3582356714413334e-16,4.903204309038431e-16,True
B3GNT3,410.59868646685015,-1.778849309355013,0.21518598168593253,-8.26656688051024,1.3787173046711072e-16,4.976065302324324e-16,True
H2BC9,229.34956057666287,1.7312168093062834,0.20942576499167517,8.266493902386369,1.37956114856451e-16,4.978572096469845e-16,True
C1orf167,15.988197789868618,2.152788453184531,0.26050354465397385,8.263950711473328,1.4092882145025147e-16,5.08530108909807e-16,True
AL035694.1,0.9872319346845969,-2.7004723997253457,0.3268284588150562,-8.262659896620184,1.4246171341981272e-16,5.137279066649366e-16,True
VTRNA1-1,0.9513483500478079,-2.4911664248147063,0.30155427511721017,-8.261088070618209,1.4435052739847658e-16,5.203140659545824e-16,True
CENPVL3,2.140074351026826,-2.4836816072849803,0.3006895383124611,-8.259953509603204,1.4572921576991192e-16,5.251700471915704e-16,True
TCAM1P,38.73347506074135,2.261543599211604,0.273919193663888,8.256243635072272,1.5032861465729397e-16,5.413355976898928e-16,True
OR7E122P,7.727560881493638,1.7353825728818806,0.21019950069772853,8.255883420852642,1.50782748437868e-16,5.429123167409263e-16,True
AC010894.2,22.067520431511483,2.146236690497603,0.26008631970576257,8.252016841661089,1.5574346728818935e-16,5.604109722263516e-16,True
NT5C1A,1.5098787021391216,-1.9247783294572927,0.23326629856890066,-8.251420549243054,1.5652268189871002e-16,5.631540531492157e-16,True
TCEA1P3,2.532982388568085,2.495071053027084,0.302416110732618,8.250456786123765,1.577902287862119e-16,5.6759209791731e-16,True
AL359555.4,1.0377316956207059,-2.5655220212769048,0.31102169615673736,-8.248691499592448,1.6013824309877646e-16,5.755415744262416e-16,True
KIF18BP1,3.3412522915656977,-4.007478989856218,0.4862159792572303,-8.242178704159947,1.6910274181340895e-16,6.073021038913822e-16,True
LINC02720,5.665565528779868,2.0493773979044114,0.24873663724647554,8.23914571086552,1.7344460645343123e-16,6.226269300985445e-16,True
INSYN1-AS1,11.013258043205536,2.9050099586123403,0.35261450091950036,8.238486934136427,1.744021045452373e-16,6.259293784415754e-16,True
CFAP221,69.09975515938582,1.551823933902741,0.1883674323445612,8.238281504332177,1.747017506952101e-16,6.269373382045154e-16,True
OR2B6,28.55859765192504,1.9787351690874309,0.24031452502997921,8.233939121410094,1.8115577762545109e-16,6.496090352721686e-16,True
SH2D6,7.342113524077683,1.5283796513827004,0.18568904363232305,8.230855313192285,1.858813788501764e-16,6.663396864747429e-16,True
KRT8P2,1.9331209334829402,2.0768035369191544,0.2523834305665831,8.228763402798972,1.8915597283507805e-16,6.774957080954804e-16,True
AP002448.1,0.7269356995518743,-3.018225255578294,0.3671029924469316,-8.221739723395494,2.005721068736936e-16,7.178449444227097e-16,True
PSCA,481.15351849054315,2.0919303322490537,0.2544516895388112,8.221326162308598,2.0126507831388546e-16,7.202477837417926e-16,True
GJB6,17.45539960132609,-2.1717551572033864,0.2642067439051588,-8.219908110986646,2.0365916349504054e-16,7.287370647420716e-16,True
TMEM213,191.10714670352942,-2.2788572979522135,0.2772786862265656,-8.218652969562001,2.0580161634969515e-16,7.363242252597344e-16,True
BFSP2-AS1,15.710310279755893,2.1099706806337792,0.2569160357276807,8.212685808643927,2.162949818229842e-16,7.732870228146119e-16,True
NETO1,64.28058557717063,1.8228617679086958,0.222020888872867,8.21031650293274,2.206062061377654e-16,7.884467225901124e-16,True
KRTAP1-1,0.9753911016260193,-2.7050656200451635,0.3294746555730638,-8.210238858403759,2.2074891353371538e-16,7.888722157560945e-16,True
AC109630.1,3.989560564487994,2.3635076628568794,0.28791762062079346,8.208971919678982,2.230903923412736e-16,7.969835558852848e-16,True
IFNB1,2.2330108990003734,2.831077824593276,0.3449191568553607,8.207946031192659,2.250043011172602e-16,8.035626941485876e-16,True
H3C2,12.085899290841908,2.0416887723355215,0.2489175271519814,8.202270027730627,2.3588970233456475e-16,8.416267982406547e-16,True
AC078864.1,22.630186018865295,1.9642669226829987,0.23950752524597763,8.201274346873522,2.3785201905634264e-16,8.484465700620356e-16,True
GSTA1,143.66026472123235,-2.418236653679405,0.2949073303139422,-8.19998828481165,2.404104585580305e-16,8.572977312288024e-16,True
IL13,3.7816285969646746,-1.759983255996483,0.2146330666569078,-8.199963236838183,2.4046055633972885e-16,8.573846993877492e-16,True
AC093520.1,4.900309377589534,1.9166179621022206,0.2341018208600215,8.187112578027492,2.675678657660988e-16,9.52205821730192e-16,True
C1orf158,8.173607065114355,2.651926206526939,0.32394619900787075,8.18631678546877,2.6934219315004915e-16,9.58315672608662e-16,True
RNA5SP299,3.331083367641113,2.4689548967011707,0.30168274346068824,8.18394472411345,2.7470012003729087e-16,9.770663719201805e-16,True
TLX1NB,2.573534556136116,2.6342071391286286,0.3218919754162163,8.183512918340128,2.7568670824224144e-16,9.803663929591074e-16,True
AC138932.1,3.424322488870127,1.5838730705869377,0.1936271066908376,8.180017238577507,2.8380326946289947e-16,1.0089068578315995e-15,True
GRAMD4P7,19.023941673614072,2.700397907878428,0.33027223584141,8.176278883990431,2.927439893824263e-16,1.0402471286003768e-15,True
MIR4526,1.6244755309829924,2.118194274197413,0.25909377103326287,8.175396366149906,2.9489481218709425e-16,1.0476666764277624e-15,True
PRKAG3,4.878649620431749,-1.8866608231236035,0.2308150119125965,-8.173908653038701,2.9855589664158327e-16,1.060447395579951e-15,True
AP003733.1,3.8808614293092347,1.6551315000287785,0.20249523514476103,8.173681216970602,2.99119523561954e-16,1.0623362078027267e-15,True
OR1E1,1.6508804954117988,-2.729238860803489,0.33401365576203845,-8.171039757571714,3.057428502731113e-16,1.0856280146675882e-15,True
NANOGP1,10.680255474412862,-2.9949816908303477,0.3666368316568446,-8.168796564425678,3.1148089097410036e-16,1.1055317404315956e-15,True
KRT18P19,2.0395665744898657,1.6467538062778488,0.20160665250016033,8.168152121252742,3.1314890047842153e-16,1.1110972105601531e-15,True
NPY4R2,0.8423318874446348,-2.8471025787286295,0.3485631369264756,-8.168111533059747,3.1325424893453023e-16,1.1113527603954945e-15,True
ELOVL3,88.82837153895332,-1.6116537595861389,0.19735264223128055,-8.166365250369527,3.1782003762834106e-16,1.1268318557163031e-15,True
BPIFA4P,4.589696120885226,3.7439550386587768,0.4586709920022769,8.16261569608961,3.2784630248338823e-16,1.161639007811147e-15,True
AC015813.7,3.663150689545358,1.5236504321749975,0.18666682496968384,8.16240610736509,3.2841584885673394e-16,1.1635334264871158e-15,True
OR2A12,2.2591277354176906,-1.6058294071406207,0.19679910561423714,-8.15973935515919,3.35748313856986e-16,1.1890061079767044e-15,True
GKN1,1.120406496853441,-2.9857443415565172,0.36597487137066836,-8.158331555317309,3.3968401389693515e-16,1.2026884148475305e-15,True
PRSS55,1.4628074983043953,-2.1796011445811945,0.2672748035748591,-8.154906917631408,3.4944891133776096e-16,1.2364744556183545e-15,True
AC120498.3,1.9128239329669856,3.3791159846338314,0.41437917777060373,8.154647158705636,3.5020076743652876e-16,1.2388718991450937e-15,True
AC131206.1,77.838818120432,1.9717813722155244,0.24191532210129177,8.1507089137162,3.617970312087159e-16,1.2785386450969022e-15,True
OR7E28P,1.525243259113443,-2.4554202590231076,0.301463155404033,-8.14500948128223,3.792521926089649e-16,1.3393711078382262e-15,True
AC020915.3,1.9398399511982158,1.8870521211943416,0.23174205488323069,8.142898888789013,3.859245350809672e-16,1.3625023629488856e-15,True
C20orf85,17.87066648580498,3.903185487954078,0.47935531715779733,8.142572635048506,3.869662128288444e-16,1.3658907950496541e-15,True
AP000785.1,2.3928531948116905,-2.4292030340123083,0.2985462870295882,-8.136771882785316,4.0595658071558496e-16,1.4320124825771148e-15,True
H2BC8,687.8879112567223,1.7112855627930186,0.21033245122339458,8.136098604087763,4.082193764868071e-16,1.4398421984620338e-15,True
SIM2,204.92508070932973,2.2674149007520215,0.278738184743937,8.134568655654348,4.1340763864180164e-16,1.4572171378358993e-15,True
OR7E91P,47.32225046897816,1.622326919407533,0.19957193187797095,8.12903349755371,4.3272673266584635e-16,1.5237043403730662e-15,True
ISG15,6209.831614394085,1.6105445219079,0.19817169826282552,8.127015795019897,4.399880644873161e-16,1.5481285041767783e-15,True
XAGE2,1.0825610589207095,-2.605229156053704,0.32064204617635605,-8.125039080560272,4.472182939467749e-16,1.57273888904682e-15,True
AP000802.1,1.231947868769088,-1.916104094688939,0.2359288887448789,-8.121532317989736,4.603342083447703e-16,1.6173288573630157e-15,True
KRT8P20,3.1214927149468954,1.5950523442722986,0.19647644028559827,8.118288085603186,4.728054015961586e-16,1.6597460355610836e-15,True
RNU4-62P,3.5735824802218894,-1.6224332629738933,0.19996178493721317,-8.11371664582474,4.909454575998583e-16,1.7225186812727696e-15,True
AC092652.1,1.987815240681705,-1.7797827080454804,0.21942791004394,-8.111013351442315,5.01993386845115e-16,1.7609106403594973e-15,True
AC112721.1,9.586442867201479,1.9050428325925828,0.2348926047795329,8.110271646826135,5.050672079473037e-16,1.7715067646018754e-15,True
MCHR1,74.81472840210817,1.5755724389144952,0.1942985704894056,8.109027436207542,5.102652533159723e-16,1.789362348352719e-15,True
LINC02014,13.76828392571761,1.6785550496151258,0.20716872528587474,8.102357377055183,5.390431901938799e-16,1.888293209010053e-15,True
LINC01639,9.528575838423551,4.131693395963585,0.5100730859450672,8.10019879466558,5.486945226373262e-16,1.9214967589448906e-15,True
AC100791.2,5.268348420066845,2.49887898702464,0.30853864290302385,8.099079465420665,5.537660448606871e-16,1.9384427238437132e-15,True
AL445490.1,35.3386759030522,1.5662462440851355,0.1935947051102273,8.090336164893351,5.950028424812984e-16,2.0806070875441772e-15,True
AL132986.1,2.03142191713677,-1.5688879345288949,0.19400706592953632,-8.086756670495278,6.127451034901288e-16,2.141301106181736e-15,True
LINC01234,10.304190953859758,2.2105289690583017,0.2733958865071856,8.085450726048881,6.193471494884042e-16,2.1641458600470234e-15,True
NCAM1-AS1,8.54933681463097,-1.727306936442395,0.21364245700879583,-8.085035908247772,6.214588422159746e-16,2.171297111478317e-15,True
SLC25A48,250.02479384179014,1.884963292722743,0.23323395876681408,8.08185610144069,6.378834869606034e-16,2.2279824472820657e-15,True
MIR4666A,2.386997895732611,2.1737433340821632,0.26897771189330416,8.081499834248072,6.397501487679146e-16,2.2342682701079886e-15,True
C5orf66-AS1,30.47233391959848,2.938014282265456,0.3635699864933322,8.081014361506814,6.423024499950681e-16,2.2422426886722e-15,True
AC124276.1,2.1986017062726155,-1.9992171046210714,0.24765266383353213,-8.072665456830745,6.877987266399049e-16,2.3980553826151794e-15,True
LINC02588,10.077306230947846,2.542929012965503,0.3152378112373105,8.066700510907907,7.222342386959405e-16,2.516012705136417e-15,True
AC016888.1,2.1019793893440264,2.1726335057228754,0.2694269785972822,8.063904799119443,7.38953128086924e-16,2.573449025539978e-15,True
TMEM190,3.4154049176383623,1.515352519127766,0.18799978900129824,8.06039478649256,7.604844323632099e-16,2.647327279215103e-15,True
GPR142,4.534171904973877,-1.8219756781972816,0.22608135621140302,-8.058938201403913,7.695999064189843e-16,2.6787795928573956e-15,True
AC006041.2,1.558269817321513,-1.804371408225383,0.22401996921046438,-8.054511455316716,7.979688366884526e-16,2.7766551267449088e-15,True
AL450345.1,4.071528103246242,3.3049207907072633,0.41042356888125897,8.052463457973149,8.114396922602327e-16,2.822939943374348e-15,True
AC130466.1,9.26969996454427,-1.6031461643953393,0.19915207855732417,-8.049859062524861,8.288943203711701e-16,2.8824605516223305e-15,True
FRRS1L,58.2538220330884,-1.8670568630979922,0.23201604740986828,-8.047102275644496,8.477733266477735e-16,2.946882704854763e-15,True
SYN1,123.13798367284524,1.5627702161914538,0.1942888447010349,8.043540629397388,8.7279251226156e-16,3.0325856940415464e-15,True
C13orf42,1.9299795755309328,-2.1085108850663503,0.26221309787150554,-8.04121114537002,8.895482588454312e-16,3.0898390672051123e-15,True
RNU6ATAC35P,2.2736209094593667,-1.9764198423007935,0.24580889887347876,-8.040473112887927,8.949226643951126e-16,3.1075360198784475e-15,True
TUBB3,17.234443560619237,1.5361477271793342,0.19107509703528242,8.039497302443769,9.020777227516546e-16,3.131403141047666e-15,True
DUSP5P1,20.639943620427236,2.083355972261279,0.25918829626524975,8.03800172415656,9.13153461846216e-16,3.16952069099807e-15,True
AC010595.1,7.435461673123753,4.3331171574430485,0.539542062570371,8.031101665735084,9.66012595800459e-16,3.347766191140965e-15,True
SPACA4,13.873283466432657,1.5554834611342538,0.19369533263236596,8.030567592904077,9.70227430247011e-16,3.3616742411748124e-15,True
AC108515.1,4.982396982905391,3.83640811602698,0.47792027302901796,8.027297297334036,9.96434142943992e-16,3.4496088687884555e-15,True
SMIM33,6.656365297605375,1.7669916934847272,0.2201241013939478,8.02725227403613,9.967997630717924e-16,3.4505164312519413e-15,True
AL139280.1,1.4232194784144685,-1.9927651664542128,0.24827211080053843,-8.026536528926513,1.0026298876138388e-15,3.46997759672415e-15,True
AC104435.2,2.5232958086713144,2.3586876472315756,0.2940800324814375,8.020563746980875,1.0526094237358215e-15,3.640683641585346e-15,True
AC093904.4,73.59473793072443,2.294040485904093,0.28605001289477244,8.019718169871183,1.0598806177569102e-15,3.6646924542846234e-15,True
H3C14,1.4056827831113001,2.4272319254659096,0.3026786858353258,8.019170291979066,1.0646182624223615e-15,3.6799289421147736e-15,True
AC135352.1,9.464449084044004,-1.5498391315749147,0.19327423085529252,-8.018860686789145,1.0673047193858571e-15,3.688832530500461e-15,True
C6orf223,53.70870193174954,-2.207180098596737,0.2755369731712558,-8.010467971660914,1.1427277406862405e-15,3.94215655572002e-15,True
EFNA2,19.05051652878033,2.1477910202624306,0.2681442771642704,8.009833523117303,1.1486382352533435e-15,3.961726808094296e-15,True
KRT18P13,4.144088817485585,1.5426435439010122,0.1926477000605165,8.00758868866029,1.1697938065858776e-15,4.031358236626272e-15,True
AC087591.1,1.9580094489464732,3.371415052095054,0.4211066616976458,8.006083395839807,1.1841943614955965e-15,4.0801423454402984e-15,True
CFAP77,16.80345129823783,1.7829887802408915,0.22270491737731632,8.006059323872382,1.1844260615625356e-15,4.0805190833728305e-15,True
AC104964.1,1.2930585529219136,-2.4454272312092207,0.30545328559359197,-8.005895979992438,1.1859994765733598e-15,4.085517668034808e-15,True
AC007731.5,11.698698021921945,2.239742233164672,0.27977858619592305,8.00540979071296,1.1906949048879815e-15,4.101268785696064e-15,True
KRT18P8,5.6677546936027285,1.5746710372640953,0.19675200747468466,8.003328949346056,1.2109986271145391e-15,4.169481025773566e-15,True
AC026355.4,5.40515449792539,2.7901866853033264,0.34892561972808417,7.996508503668213,1.279969352893791e-15,4.401494942220565e-15,True
OR5AU1,1.5770964385970028,-2.322353519214026,0.29048486475012264,-7.994748783940028,1.2983833117051057e-15,4.4629751661568305e-15,True
TACR3,14.519761399100839,2.416932477691751,0.3023905336695685,7.992751784792339,1.3195964202330645e-15,4.534022359195597e-15,True
LINC02528,5.80024197300738,2.1487900149816928,0.2688814686408529,7.9915883598949256,1.332111890600662e-15,4.575138974216424e-15,True
GLDN,478.154951243802,-1.5229092781370397,0.19074730126565584,-7.983909958527105,1.4176945234480147e-15,4.863062606713417e-15,True
SPAG6,229.10172227084914,2.3433756737423943,0.29351487450617464,7.9838395845696635,1.418503427365786e-15,4.865336912395516e-15,True
AC068228.1,1.630058901536557,2.7085638186983774,0.339408605624551,7.980244972617318,1.460431491097575e-15,5.00502823929843e-15,True
AC008780.1,2.0120028727002803,-2.401258470107883,0.3010509104990689,-7.976253804139581,1.5084160377327419e-15,5.164698813382876e-15,True
CLCA2,1142.9560696464055,-2.3005060089028873,0.2884253903298693,-7.976087009093828,1.5104548113232399e-15,5.171148496337001e-15,True
BLZF2P,1.6125625222213373,-1.5995826710200927,0.20066180733899217,-7.9715352524349825,1.5671517563277489e-15,5.361951772009243e-15,True
AC087392.2,1.7690773005638172,-2.029852614411209,0.25465584838030136,-7.970964057263041,1.5744129994419165e-15,5.3862432415252846e-15,True
TRAV18,6.800392303582124,1.5664921649367285,0.19656353456094122,7.969393552246405,1.5945490871224624e-15,5.451775426127435e-15,True
AP000962.2,0.9482826346401099,-2.1899469656210044,0.274982168925378,-7.963959896669848,1.666192771038539e-15,5.692640377150316e-15,True
MKRN3,76.15063203491954,2.3000195844480094,0.2889493687256136,7.959939814342037,1.7212298261054055e-15,5.879472853711889e-15,True
CACNG1,108.30576530986153,1.8426470662220575,0.2317279836227222,7.951767574269678,1.8386897778009034e-15,6.276199119742306e-15,True
AC073325.1,6.204121850543276,3.3243361933048137,0.4182387547167349,7.94841739512237,1.889092374503778e-15,6.445604828864998e-15,True
LRRIQ4,15.346832803522808,1.8441483575696358,0.23237628971693342,7.936043560279168,2.0873272802733983e-15,7.113978280003838e-15,True
AC112721.2,17.43510765125663,1.8732360488999455,0.2362009352830472,7.930688532859476,2.1793418064376948e-15,7.421512294791247e-15,True
KRT18P65,1.7452248165113295,1.7998674413469857,0.227029089532034,7.927915515394881,2.2285483019016275e-15,7.582111540513912e-15,True
KLHDC7B,637.8118140204784,1.508559485416628,0.1902862373721705,7.927843370333286,2.2298429933240554e-15,7.585742526202583e-15,True
SYTL5,786.5902299267598,1.601852344516042,0.2020803537082149,7.926808891224363,2.248489075099574e-15,7.648394753722532e-15,True
LINC02046,3.7288973385723034,3.7186144067272333,0.4691529834296887,7.9262299038209925,2.258992028236489e-15,7.681770689268753e-15,True
FAM86MP,3.593071601736396,1.703488621863714,0.21492233390261734,7.926066085973063,2.2619724771792688e-15,7.691121547864135e-15,True
AC005821.1,12.31719645583697,1.5111579457928148,0.19067461929074545,7.925323000060974,2.27554063699162e-15,7.735678359126762e-15,True
PAGE2,4.356917156888327,3.5973921534544764,0.45391653584451314,7.92522825096362,2.2772764314914177e-15,7.739212444085121e-15,True
CSAG1,18.125146216092784,3.4834533355908324,0.4396869388024899,7.922576333693691,2.3263918130197497e-15,7.904517633458547e-15,True
WFDC13,3.501527356210386,2.3384678772422083,0.2951802197309436,7.92216998609771,2.3340092570699438e-15,7.928784222677555e-15,True
FLG2,1.9172073878712075,-1.7766267883048064,0.22429075098840853,-7.921088054124102,2.3544112623796156e-15,7.99646208260493e-15,True
H3C7,4.473449793029737,1.8025300066849335,0.22757185389950857,7.920707134024125,2.3616359964787953e-15,8.020183181931908e-15,True
AL023803.3,1.3173301154732422,1.996490152778144,0.25223264951685087,7.915272493875797,2.467121435653739e-15,8.372446601975837e-15,True
AP000696.1,19.407343145075984,2.901274771410941,0.36716499044316075,7.901828461120873,2.7484149067208286e-15,9.309993775950524e-15,True
PAX2,112.95234397449441,1.9690410201501016,0.24924569338859,7.9000001700339935,2.789030488655333e-15,9.441820908148077e-15,True
CST9,667.2866255841726,2.727484200979751,0.34529009797424093,7.899109233023024,2.809036309693168e-15,9.506652312965035e-15,True
AC060834.1,9.27095422547553,-2.064534256823604,0.26139999119396384,-7.89798900678493,2.8343914077221026e-15,9.591488488698569e-15,True
SLC28A3,668.1241366005685,-1.8694984198223048,0.23688302023596738,-7.892074400098549,2.9720444922131253e-15,1.0050163432449353e-14,True
AC091804.1,4.940427022363191,2.492846425688442,0.31613786997504645,7.885314169685551,3.137451615728222e-15,1.0599825137566658e-14,True
RNU6-1280P,1.9424246318296634,-1.668643426408918,0.2116434245445026,-7.884220499645381,3.1650497778253176e-15,1.0690898920358202e-14,True
KRT8P24,8.98541799635078,1.5055035629288873,0.19098873667388638,7.882682451057506,3.2042664493172308e-15,1.0822268768308723e-14,True
AC105383.1,8.269038026001482,2.5538340068118326,0.32407235055892464,7.8804439885329876,3.2621983193827415e-15,1.101124005598128e-14,True
H2AC10P,5.530324826525065,2.149914513913272,0.27282242383378474,7.880270557317141,3.266729558943164e-15,1.1025418890921525e-14,True
CLDN10-AS1,2.2827657585815704,-4.076899245831291,0.5174928638922721,-7.878174812242417,3.321977457078809e-15,1.1203946826064038e-14,True
LINC02495,11.491453330276828,1.7027182537599694,0.21622137436851407,7.874884056827628,3.410589853753061e-15,1.1500481398666413e-14,True
USH1G,16.39810530250315,1.6311697730240804,0.20730135837359487,7.8685918212094625,3.586552714236994e-15,1.2080390512785529e-14,True
PRSS3,8.366400261597155,-1.6021653637238615,0.20362466322424633,-7.86822842751342,3.596983670664899e-15,1.2113077696960892e-14,True
PAQR9,2.1672033686001817,-2.5048665397649272,0.3184014431399529,-7.8670074955153915,3.632248887894076e-15,1.222891350915418e-14,True
CR589904.2,39.15161711413952,2.29314384510015,0.2915968564094443,7.864089734493718,3.717909718975879e-15,1.2508935756469593e-14,True
AC007953.2,1.2093753246683192,-2.5970270397718846,0.33033682244093326,-7.86175461936658,3.7878951768878435e-15,1.2734124622382329e-14,True
AC078788.1,2.744783551860279,-1.987125151846418,0.25282535151276725,-7.859675226224579,3.8513071401207056e-15,1.2943388271277376e-14,True
ZPBP,2.2618710205943415,-1.808039062538315,0.23005305995065672,-7.859226314686338,3.865133444825004e-15,1.2988546478382613e-14,True
AC129507.4,13.078511749261635,2.129667180500679,0.27105657355353563,7.856910284745609,3.937246450045926e-15,1.3225547125562207e-14,True
GDNF,21.359029953165624,1.6962355669631604,0.2159071959352991,7.8563178944321574,3.955903123457321e-15,1.3285540107167995e-14,True
CCDC185,9.516023454302067,2.1096175986374788,0.2685467889676299,7.855679849114739,3.976095012026899e-15,1.3352008111578396e-14,True
CXCR2P1,162.18780789847636,1.7963278503074864,0.22867212070182652,7.855473788384463,3.9826377597969456e-15,1.3372632566599711e-14,True
THEGL,1.4103434552264753,-1.7854348014241104,0.22732734827461937,-7.854025549390753,4.028921582458323e-15,1.3522595194585609e-14,True
AC012417.1,1.4214448648463645,-1.5201466084949815,0.19360326089408472,-7.851864692127339,4.098965912992275e-15,1.3748005052034535e-14,True
LHX1-DT,19.047573453168276,3.8036222815387815,0.48470805630824043,7.847243783214413,4.252800747905725e-15,1.4255367588894162e-14,True
AC005695.1,18.237105690459988,1.5092739078717972,0.19233959071231665,7.84692273848719,4.263697367614097e-15,1.4289020551960862e-14,True
OR2L1P,1.5284489448486587,-2.0484406952391168,0.2611770165586075,-7.843112392623,4.395142737762976e-15,1.4720660355695237e-14,True
SOHLH1,6.764519896426354,2.8460212048894546,0.36309762054678807,7.838170904572815,4.571565354977563e-15,1.529926071481653e-14,True
AP001626.1,3.3502617682733087,-1.512554079731349,0.19298978687693902,-7.837482512459778,4.596689411327698e-15,1.5381797629777986e-14,True
TLX2,8.427815865812196,1.669497285367288,0.21307315463045734,7.835324390173763,4.6763381158081905e-15,1.564518457304247e-14,True
FABP6,37.73094473170198,2.4529189386617345,0.31321544133614443,7.831411274609699,4.824237414990346e-15,1.6131905500101578e-14,True
LINC02074,2.1054182863859197,3.2567806407887185,0.41591927091666525,7.83031917134048,4.8663298659103324e-15,1.6269396962229944e-14,True
AC006994.1,4.025256017846413,-1.9297914595161305,0.24648827582478366,-7.829140972562621,4.912146116440788e-15,1.6416538249334032e-14,True
FRG1GP,40.38250138474518,1.6651121039737378,0.21281815995375036,7.8241072300202195,5.112721468786419e-15,1.707944989107065e-14,True
RIPOR3-AS1,4.7251289851380225,1.8163567701764332,0.23219689331528073,7.822485237604598,5.179052971640553e-15,1.7295837928223592e-14,True
AC005165.2,4.187400863270272,-1.6827751032177771,0.2152480055643359,-7.8178429519283466,5.373617266033989e-15,1.793841463513188e-14,True
AP005901.5,3.107041990165846,3.4268947171150836,0.43857095682131253,7.813774860863181,5.5500193413305965e-15,1.851987142425796e-14,True
LINC02249,0.9926465157865487,-2.7352583839609577,0.350141753767756,-7.811860066752321,5.635010391261734e-15,1.8794075561374896e-14,True
CRIP1P2,2.1244611015152737,1.9382142267996296,0.24814999792600845,7.810655825101204,5.689117379680836e-15,1.8970740475450074e-14,True
SCUBE1-AS2,9.409868985538097,2.880167159859786,0.3690286756113233,7.804724538245099,5.96316479584846e-15,1.986669158608894e-14,True
CRIP1P4,1.684574130310403,1.9916259526489155,0.25525415799630574,7.802521096160714,6.068248093235085e-15,2.0212745271803522e-14,True
LINC00974,2.5802984434313103,-1.7726978729982028,0.22745917830408907,-7.7934769931697,6.518995569347047e-15,2.1688146771962756e-14,True
PRAC2,3.414855194934336,3.8564511125451038,0.49489740083592093,7.792425472494404,6.573494480033034e-15,2.1865097487993384e-14,True
MECOM-AS1,2.278937264617774,-1.6839626236404206,0.21612572670364755,-7.791588022972743,6.617218950886854e-15,2.200395201845904e-14,True
AC069410.1,3.1232240428485007,2.8816364539400783,0.37001193923942954,7.7879553288560555,6.810224903310767e-15,2.2625442349124404e-14,True
GAPDHP21,4.11989933765743,1.8214627858014787,0.2339262484581667,7.786483123663708,6.890011872435085e-15,2.288367751556993e-14,True
ONECUT1,5.9876642335328745,2.59535230764827,0.3333776901810227,7.785020965977071,6.970164776685215e-15,2.314758266656794e-14,True
LKAAEAR1,5.958816217673116,1.845164638749011,0.2371031447840951,7.78211794883281,7.13203255301266e-15,2.367335061316007e-14,True
HOXC-AS3,60.6208490304255,1.9651631263741958,0.252524320231952,7.7820747109392405,7.134471180560976e-15,2.367908831613535e-14,True
KRT8P51,1.5597612573173396,2.058051056942206,0.26452101062538685,7.780293338803268,7.235657587732189e-15,2.400536658309598e-14,True
LINC02763,1.9592574833458936,-1.5436833171761575,0.1984143847937554,-7.780097792711757,7.246850765348027e-15,2.4037718935109547e-14,True
OR2A5,1.6524493626016934,-1.5768636657766453,0.20267896904798746,-7.780105026108051,7.246436417949768e-15,2.4037718935109547e-14,True
LINC02506,14.32341746603832,2.9864891009926082,0.3840670256979075,7.775958104098389,7.487848784346503e-15,2.481982597248499e-14,True
MAFA-AS1,6.431320410079653,2.394380133937484,0.3079804745247706,7.774454330691364,7.577332113060714e-15,2.511144277436766e-14,True
ZEB2P1,4.128538675579203,2.5793789678279997,0.33189761556765723,7.771610420931735,7.74944811681828e-15,2.5669084748487566e-14,True
AC079414.1,3.249711727969355,3.7463310218522206,0.4820946770327886,7.7709445889555475,7.790297477944546e-15,2.580183042923554e-14,True
IGKV1OR2-108,57.11199257229264,-1.7066939143708992,0.21974603872049908,-7.766665211843429,8.057945564035896e-15,2.667932628952909e-14,True
AC020891.2,4.017114512155157,3.965221874217769,0.5108086722663101,7.7626361679123965,8.318198525432859e-15,2.7516206147016357e-14,True
MT3,7.84442407941146,2.128498206879984,0.2742223348664587,7.761943271019568,8.363781820286245e-15,2.7660031725974416e-14,True
CAMP,80.17553111014985,1.9501583481942588,0.2512950581959463,7.760432545687512,8.464021256759881e-15,2.7983210557319846e-14,True
AC093840.1,1.736065644487425,1.5585253752229895,0.200933013257549,7.756442557427462,8.73448443783877e-15,2.8854514266219426e-14,True
AC013724.1,12.084004565983026,2.6943135268626053,0.34740667901316463,7.75550295842328,8.799402664169705e-15,2.906321476155249e-14,True
AP001178.1,1.5907718091305583,1.6601950313123395,0.2141697261512262,7.751772676498957,9.061850785692707e-15,2.991226980620272e-14,True
AL031963.2,2.367116429496094,-1.6213289828304869,0.20920639787993836,-7.749901529115532,9.196383524410369e-15,3.0350340836770056e-14,True
HOXC12,303.7362298266002,2.3993695123760426,0.30966584450801393,7.748253657706666,9.316489483880504e-15,3.0737594756423716e-14,True
AL096677.1,2.393499651031899,2.766502403213884,0.3570912990971885,7.747325152442129,9.384842630686688e-15,3.095392314219863e-14,True
CLPSL2,66.66468924158399,1.7053530257240066,0.22019413098859497,7.74477057162044,9.575458546817513e-15,3.155766054726922e-14,True
AC073911.2,2.672991928856345,1.5345071664231358,0.19816377455889175,7.743631094224539,9.661707221952196e-15,3.1832471265054707e-14,True
DMP1,4.85365670551524,1.712455006034619,0.22125645721057843,7.739683748098743,9.966440524481554e-15,3.278683274866736e-14,True
AP005018.2,56.11082741016629,-1.9314478563710251,0.24960136680217906,-7.738130127715964,1.008895615359115e-14,3.318112413866975e-14,True
RHCG,47.17830331102301,-1.7831852009744593,0.23058797349917926,-7.7332099064603055,1.0486817109393132e-14,3.446583855140944e-14,True
KCNK9,18.57350264812663,1.5745420963807242,0.2036197337809621,7.732757857715752,1.0524136028755295e-14,3.45748608435583e-14,True
DKK4,9.811679469951978,-1.8775370370460993,0.242842424833167,-7.7315034155830435,1.0628382474195133e-14,3.491046263487969e-14,True
AC019193.3,1.5215834477722352,-1.588400765773961,0.2055051676180687,-7.729249751646165,1.081822477333237e-14,3.552003327418147e-14,True
AL049648.1,2.0715969986217133,2.278495124724122,0.29481566863650954,7.728541482418199,1.0878573602604418e-14,3.57146634252072e-14,True
IFNL3,3.2670839310652746,2.5111091112709074,0.32506182530137306,7.725020029475298,1.118357569004208e-14,3.6683492248176787e-14,True
KLHL1,4.834068981705438,4.818623455695415,0.6238535522649551,7.723965725931959,1.1276517449170342e-14,3.6981077825979126e-14,True
OR4K12P,20.9171608804312,2.8835208399338232,0.3733874855360724,7.722596368739975,1.1398368083184053e-14,3.736598616004178e-14,True
H2BC10,1.7099687339961809,2.121833894788546,0.27478599475428883,7.7217687047182695,1.14726440302951e-14,3.7602164217048465e-14,True
IGHV1-45,42.43819831331624,-2.110120211231362,0.27328679105254927,-7.721266743644463,1.1517922650945779e-14,3.7746776973898464e-14,True
AL591069.1,0.8684063946703854,-3.123144860482701,0.40464378135332957,-7.718257401701208,1.1793086120074887e-14,3.863336237901546e-14,True
ASB5,4.388609346416373,-2.434409631155745,0.31549003946600934,-7.716280473628158,1.1977359204401169e-14,3.922546912575612e-14,True
ACTBL2,11.066527424398306,-1.7102360435874118,0.22169619907481794,-7.714322801764598,1.2162628542927383e-14,3.9828309041445926e-14,True
SULT1E1,9.518800703262713,-2.9608649738967077,0.3839902035752232,-7.7107825833287915,1.2504853912567544e-14,4.092888145354942e-14,True
TBX10,21.4140270005982,2.956621134085892,0.3834539473415014,7.710498625934722,1.253271037263463e-14,4.101200649759516e-14,True
BPIFA2,2.2444919767079163,3.161322408394632,0.4101640443692528,7.707458641958952,1.2834787990055053e-14,4.1984045579239426e-14,True
HORMAD2,2.2861119699788346,-2.2752991737784614,0.29522825790605495,-7.706915286213855,1.2889529883069374e-14,4.215484280381294e-14,True
LPA,1.6317062113285252,-1.8252121841388076,0.23694493888828314,-7.703106859772914,1.3279721753743491e-14,4.340116040431122e-14,True
LCT-AS1,9.366338195194087,1.7702446971862695,0.22982837705797599,7.702463550615908,1.3346769582262823e-14,4.360746730664082e-14,True
CXCL11,675.0999824921798,1.6300586550665732,0.21167121830345856,7.700898913567312,1.3511234613178075e-14,4.413617035114856e-14,True
FAM83A-AS1,15.55423126142567,1.9960804514833563,0.25923009883043757,7.70003352422819,1.3603053782952568e-14,4.442305528864916e-14,True
TDRG1,6.069806007490824,2.1535999259070078,0.2799470841307631,7.6928821480457446,1.4385701228722653e-14,4.692378230405632e-14,True
AC108215.1,4.700276694410211,-1.500922329904575,0.19514057249527067,-7.691492910532229,1.4542799300662007e-14,4.7426932708564177e-14,True
ASIC5,2.6128257532668093,3.191930925875127,0.415067160252658,7.6901553086785945,1.469565280640261e-14,4.7906678928711693e-14,True
HOXB13,245.08668912242928,3.2460615379729307,0.42228534950762364,7.68689120225879,1.5075322617300786e-14,4.9115566037940984e-14,True
AC010643.1,120.044066768424,1.6120835078503637,0.2101297564734355,7.671847790173223,1.6953606576675185e-14,5.5143453206431364e-14,True
PGLYRP2,335.57058376405763,1.8037917042170986,0.2353638054299814,7.663844918388312,1.804477665295126e-14,5.857833705823728e-14,True
HP,126.18239898941518,-2.047557456948891,0.2671716892602356,-7.663826442907619,1.8047373987067707e-14,5.858106629304273e-14,True
LINC02067,5.53208442271206,1.6340428923431516,0.21332169519712355,7.659993939356175,1.8594185810467963e-14,6.02914441024109e-14,True
AC009132.1,0.8869524124149162,-2.115510345513013,0.27622319529137657,-7.658699130177852,1.8782583996222365e-14,6.089048252065905e-14,True
CBY2,10.852014953531553,2.380851631776379,0.31094631503963255,7.656793203910202,1.906332251762408e-14,6.178858418118821e-14,True
MRPL23-AS1,4.579441059688219,-1.6945387917214871,0.221382623278608,-7.6543441695011705,1.9430126394020628e-14,6.294688994697824e-14,True
TMPRSS4,578.2140185333122,2.1410959791276616,0.2797447546010044,7.653748440007298,1.9520396368069883e-14,6.323319072158936e-14,True
AC122710.2,2.3610241071867666,1.577354605310435,0.2061827817978041,7.650273177792744,2.0055280008262014e-14,6.490911616804444e-14,True
H4C1,1.3411366489591874,1.965335407937779,0.25689916655904227,7.650221035209519,2.006341415889155e-14,6.49291410756792e-14,True
NAMA,4.264568805339265,-1.6883443405168885,0.22073587775142228,-7.648708301140728,2.030081602114351e-14,6.567829971760913e-14,True
AP002840.1,4.100933824759151,-1.8846481482530764,0.24644729884597594,-7.647266401694016,2.0529672725733445e-14,6.641226653705351e-14,True
ITLN1,8.496605059951635,-2.2347926782789966,0.29227018563710405,-7.64632449049667,2.0680540319619618e-14,6.688085134978614e-14,True
AL050327.1,5.321459818559374,-1.8003969810155176,0.23546159083758203,-7.646244869964398,2.0693343160314644e-14,6.691576661042694e-14,True
AC109462.3,1.9911802732415378,-2.2587635045197696,0.29550340679609416,-7.6437816030946175,2.109330707798326e-14,6.817607072530178e-14,True
MTCO2P16,2.3969127132323407,-1.8276494524623705,0.2391979852018166,-7.640739326965244,2.159779335286875e-14,6.976606068624757e-14,True
BMP5,155.3694793661855,-1.9869559329829083,0.2601841136550865,-7.636730410131495,2.2280734944594257e-14,7.190943865937037e-14,True
GLYATL1P2,15.743457647194079,1.9466439664697868,0.25491302051376025,7.63650268843253,2.2320159860174215e-14,7.202970884236016e-14,True
NDP,305.95101670886396,2.007544831373852,0.26299502030136673,7.633394841747958,2.2865122302161377e-14,7.375268049664182e-14,True
BRDT,30.460177089486457,2.061053539513582,0.2702477979961889,7.626532222633124,2.411526718353814e-14,7.770992804172514e-14,True
LINC01446,12.59741620815822,3.498343505169911,0.45909172216549926,7.620140673999744,2.5339940674138562e-14,8.159328778042357e-14,True
AC120498.1,1.5365901228530547,3.1020045970812267,0.4072567272910823,7.616828376819181,2.5998463936495983e-14,8.366522954918504e-14,True
LINC01623,4.470633530887917,1.9886888946654724,0.2611680837016559,7.614593890948947,2.6452183828093642e-14,8.510070214963293e-14,True
GSTA3,16.55258220303575,2.2068955751832138,0.28990610676295736,7.612449423108182,2.6894945383450142e-14,8.647508036952167e-14,True
NLRP10,2.03773031142454,-1.8202655092235358,0.23914395126132365,-7.611589168878654,2.707460078840121e-14,8.701916554475635e-14,True
AC008742.1,2.151025041488769,-1.719319564205134,0.22590243854910816,-7.610894221628231,2.722059497179318e-14,8.747996740043662e-14,True
AL592494.2,9.924570672153212,2.0064761950118015,0.263651133791335,7.610345406668398,2.7336436698571204e-14,8.784378757570352e-14,True
AL139023.1,5.646417114798969,4.195554533852865,0.551443524372695,7.608312272096399,2.7769823604436662e-14,8.921065864409578e-14,True
AC243829.1,28.005022451771495,1.6567659024145573,0.21786192551303066,7.604660146618706,2.856535454019833e-14,9.16956404428794e-14,True
SP9,4.149610201893838,-2.180690095207515,0.2868547980547121,-7.602069444177782,2.914322624237451e-14,9.35326197629629e-14,True
MLXP1,2.147873205245474,2.1239392143791003,0.2796033765845278,7.596257385457596,3.048179664414772e-14,9.773458670182505e-14,True
LINC02022,1.220136279313507,-3.3641457461307316,0.44303290985626725,-7.5934443498162665,3.115120085541358e-14,9.985211431441634e-14,True
AC104076.1,1.6122503478925667,-1.6764674952203231,0.22102198699526046,-7.585071141615757,3.3230468287033905e-14,1.0638407285248092e-13,True
XKR4,14.653983952391348,-1.8425766849448912,0.24293040080711834,-7.584792511859637,3.3301955486094237e-14,1.0660269855113809e-13,True
GRB14,631.4178102900038,1.8091294958638684,0.23859766568054244,7.58234365245679,3.393679301141029e-14,1.0861402208613451e-13,True
IGKV2OR2-1,2.585071927803372,-2.086437791527528,0.2752203150701574,-7.580973050610987,3.4297284277934415e-14,1.097256459501952e-13,True
MAG,63.25274106270357,1.5855108306320427,0.20926264384820778,7.576654874828591,3.545783669345765e-14,1.1338415916100481e-13,True
AC005041.2,3.3236667414923002,1.5923364777324844,0.21035027914969934,7.56992804653837,3.734310093543499e-14,1.1932117208928058e-13,True
SPINK5,86.10390594502427,-1.5233042822563039,0.20123177023047956,-7.569899526857,3.735130005533708e-14,1.1933593653433954e-13,True
AC092325.1,2.0096373591914216,-4.169587993979089,0.5508197719525378,-7.569786355342319,3.7383853175248796e-14,1.1942850077032014e-13,True
AC104984.1,3.365192265948119,2.019518598889569,0.2668113805221966,7.569087176630237,3.7585587339193364e-14,1.2004997147541036e-13,True
SERPINB12,0.6278239494817276,-2.8472141622131644,0.3766469620485489,-7.55937110637352,4.0502281590282676e-14,1.2915572659727835e-13,True
AC046129.1,0.8933925512543441,-2.058546900328654,0.27232280007671694,-7.5592161205331845,4.0550565752976494e-14,1.2929733409465657e-13,True
NBPF22P,1.6226023275989483,2.3227083661431305,0.30734632583193083,7.557299928203077,4.115223116892662e-14,1.3116560807154102e-13,True
COL9A1,9.24022018901888,-1.600324614113718,0.21175919506322816,-7.557285121129615,4.1156914453123697e-14,1.3116799886250212e-13,True
AC092448.1,1.1386447045400812,-3.3397606065165517,0.441994957980891,-7.556105666393012,4.153164900033746e-14,1.3233699240514561e-13,True
TARID,2.710482781402854,-1.6534042710579588,0.21886050689303824,-7.554603132971872,4.201389429578672e-14,1.3384804746562775e-13,True
AL391095.2,1.5510219411147723,-2.8607334981736203,0.3787782953364883,-7.552527516478428,4.2689141439147603e-14,1.3593432424846113e-13,True
AL031598.1,2.654938526311836,3.6765118795502234,0.48708838693139533,7.547935812454604,4.422107556570736e-14,1.4071838254205867e-13,True
FCN2,76.985832502922,-1.970985777227191,0.26115119002084364,-7.54729770547811,4.443820144770803e-14,1.4138232971566638e-13,True
AC090044.1,7.653819715352094,-2.111999038174584,0.2800049478960044,-7.5427204199227,4.602672318202242e-14,1.4635251634222594e-13,True
FAR2P3,31.989548785904844,2.3383425365903676,0.3101941171536394,7.538320062440722,4.760642776980699e-14,1.512745840586273e-13,True
PLPPR5,12.546684591937336,1.8760850781273193,0.24887892353975247,7.538143654127705,4.7670856607906056e-14,1.514648815755582e-13,True
SERPINA11,659.4314917471663,1.6702646672880983,0.22158532981410692,7.537794441036878,4.779865112989418e-14,1.5185645579983244e-13,True
DNAH9,81.95220045538501,-1.5038248644586998,0.19954280268013963,-7.536352322710833,4.832997161471113e-14,1.5348597499085816e-13,True
AL132801.1,1.326923197709517,2.677946783697926,0.35564921681181744,7.52974182736607,5.084074477039648e-14,1.6128428577875498e-13,True
LCN15,1.5704151998693021,-1.8924843585840612,0.2513561980518565,-7.529093665689631,5.1093723421760506e-14,1.620470358908503e-13,True
AC020741.1,0.8955776299285702,-2.2642983426611853,0.3009350153850737,-7.524210300897719,5.303991516112486e-14,1.6805967987727818e-13,True
AL035665.1,10.018736057461497,-1.5024167131977133,0.1996925689172943,-7.523648583137622,5.326840069235267e-14,1.687515811427063e-13,True
AC131009.2,6.653765098551133,2.0976243885099897,0.2788645358472938,7.522019184463988,5.39366674324393e-14,1.7081993563194854e-13,True
MIR7-3HG,6.165087110351758,2.34137917065105,0.31131291381213866,7.520983122672361,5.4365868077092775e-14,1.721628842942709e-13,True
KRT8P42,13.130992854625609,1.7416207483048245,0.2316066866099191,7.5197343124990565,5.4887666979048413e-14,1.737492934109431e-13,True
AP000696.2,1.7604796721131482,-2.607449948453108,0.3470589736530329,-7.51298812708375,5.779277108118997e-14,1.8275470536569356e-13,True
LINC00922,42.0141680815659,1.6100831305556975,0.21438591628961576,7.510209431764269,5.903284500080764e-14,1.866407231638163e-13,True
AL807742.1,1.3037447502550155,-2.239597611482676,0.29821415130534007,-7.510031303610278,5.911322610494857e-14,1.8686100587823373e-13,True
FGF16,30.815735516354735,-1.6629124361627161,0.22144142974501207,-7.509491056292156,5.935767370671578e-14,1.8759657509905843e-13,True
TREML3P,4.6432469796017966,1.7271870160534013,0.23001153081102246,7.5091323029038,5.952054891619397e-14,1.8807568559846056e-13,True
AC124861.1,1.3370623773091392,-2.0637282408043536,0.27499027184761726,-7.504731810832729,6.155449205293918e-14,1.9431851149881379e-13,True
LGALS7,11.728374175807181,-2.374714765934338,0.3167192889013697,-7.497853301488857,6.487144202037869e-14,2.046346689309127e-13,True
AP000812.1,2.281367329496357,-1.7050115682243367,0.22744662241854424,-7.496315179773465,6.56368556923872e-14,2.070099773487252e-13,True
AC120498.8,3.858144348757019,2.2546900990019263,0.3008709873939133,7.49387675605288,6.686851644405284e-14,2.107549527353481e-13,True
NOC2LP1,192.8591410319216,1.8933105426684784,0.252667548882694,7.493287329697754,6.716963209986228e-14,2.1168399743888744e-13,True
AC107909.2,1.9954944780756207,1.6494564339628275,0.22025056449916006,7.488999802173573,6.940044544897952e-14,2.185904283413315e-13,True
PPP1R17,1.1800163360174172,-2.3656369488966162,0.31594276682477085,-7.487549003483448,7.017166826800622e-14,2.209360805390615e-13,True
LINC02163,9.563047144104303,3.2217481114770297,0.4302980600940325,7.487247585482922,7.03329513943163e-14,2.2140207627421694e-13,True
AC083906.1,3.8307915599206868,1.596135820734314,0.2133502544327721,7.481293261064591,7.35947439105571e-14,2.314514442354931e-13,True
PI15,4102.694496655161,-1.944126933034517,0.2599656255581387,-7.478399995616854,7.523291743045611e-14,2.365141933812482e-13,True
KCNC1,86.0079346827528,1.6370688109159153,0.21891408407567092,7.478133797686759,7.538542773535196e-14,2.3697131016554364e-13,True
ALOX15B,2656.98555316621,-1.9417302515845387,0.25969760146018833,-7.476889430887586,7.610239158454032e-14,2.3913489653753274e-13,True
AC022601.1,0.9773418757086967,-1.9329867884284817,0.25860829918648387,-7.474573687345565,7.745453584816643e-14,2.4329201431670927e-13,True
AP005262.1,27.223694942791433,3.2108528603130324,0.42964965432547464,7.473188510657334,7.827458787964011e-14,2.458215680570786e-13,True
AL031674.1,7.002075413200022,-1.6414553547175104,0.21972283175407492,-7.470572546392044,7.984663529207308e-14,2.5064057232260403e-13,True
IGKV2D-18,1.3701748302124115,-2.514870784692179,0.33672644420517084,-7.468587121597859,8.106044047962465e-14,2.543789055758918e-13,True
LCE3A,1.1111983720333773,-2.6372823270061274,0.3531508816854827,-7.467862785501693,8.15077695451146e-14,2.556623971557587e-13,True
CYP2A6,562.5623797442424,2.2577783577258193,0.3024830540797481,7.464148246567782,8.38401668216128e-14,2.628300172338753e-13,True
FAM83A,473.4905714487157,1.9210940011458701,0.2575973656016587,7.4577393160013745,8.80195960247738e-14,2.7585429074618755e-13,True
RNASE3,2.198996825335291,-1.5162909205182227,0.2033346459510808,-7.457120322146276,8.84339398925064e-14,2.7712680525044126e-13,True
TRBV8-2,2.211529727426006,1.9711745975204873,0.2644536491591325,7.453762138613378,9.071548673875854e-14,2.8398298763267234e-13,True
C8orf49,3.6556885238243138,3.786895097310636,0.50810135630705,7.453030877213763,9.121992336469442e-14,2.8553531296125344e-13,True
AC010857.1,3.9222409714747606,3.1409694317025902,0.4218304919212287,7.446046437745722,9.61789633231893e-14,3.007757171666392e-13,True
CCDC201,9.219170118074818,-2.6150114060762104,0.3512810401322206,-7.444214481635364,9.752294673869209e-14,3.048929174827639e-13,True
LINC01811,10.094200532604832,2.3650036115471327,0.31790747797466096,7.439282732869961,1.0123344937781866e-13,3.161672881907543e-13,True
AC106795.3,2.473517261604525,1.5954200645031327,0.21458991836009994,7.434739137305992,1.0477452074351157e-13,3.269816107313651e-13,True
LINC01940,2.848268544007094,-1.5358219340678494,0.206746922946819,-7.4285116904153625,1.0982637665558464e-13,3.4239504861990206e-13,True
ZIC3,5.686757288270519,2.7323050745063555,0.36807252827551207,7.423279013263258,1.1425573033147058e-13,3.560043306385324e-13,True
INSC,9.163361541208978,-1.5194758745703012,0.20498808888405967,-7.41250812592194,1.2393285936316448e-13,3.853288203339709e-13,True
AC078883.3,2.131975856216052,-1.5373576130407929,0.20754942148702846,-7.407188138738684,1.290053885850112e-13,4.0072659313725203e-13,True
AP003032.1,4.984432829097661,-2.105042163236439,0.28426034521999993,-7.405331762357732,1.3082299535393325e-13,4.062212357596201e-13,True
CLCA3P,1.0601690548295082,-1.783772901166668,0.24088959529732967,-7.404939590541301,1.3121018436169426e-13,4.073476483222996e-13,True
MND1,1.3194092368181798,1.7434062537842605,0.2355286072309294,7.402099788561558,1.3404770391170428e-13,4.1604065870185445e-13,True
C7orf57,9.633027532341998,1.7013809197383438,0.22988662205843946,7.400956630289848,1.3520688943100763e-13,4.195993444662827e-13,True
CST1,635.6218123739725,2.5583600979253447,0.34573552644446953,7.399760517050182,1.3643031747668021e-13,4.233567188545462e-13,True
PPP1R1B,4364.805127584772,-1.718687611780586,0.23227615961358886,-7.399328517570503,1.3687485080577663e-13,4.2465712154822265e-13,True
AC093515.1,29.7192893403477,2.6813371735628095,0.3625064502029742,7.3966605892432495,1.3965189259380822e-13,4.331923510474291e-13,True
ACSM5P1,3.172954967923493,-1.6972845254491924,0.22950401585993804,-7.395445866555176,1.409345669004513e-13,4.37008542218796e-13,True
AC009063.2,6.835150859741414,1.552359753981506,0.20998459867372302,7.392731485005641,1.4384277379830343e-13,4.4569475642475343e-13,True
SALL3,5.329037100716472,1.928973644135304,0.26093852661916583,7.392444761331084,1.4415339349173912e-13,4.4661571159011594e-13,True
LINC02058,2.9921477812069477,-2.4282746000201185,0.3289859724378597,-7.381088567473136,1.5700051787738868e-13,4.858769738950478e-13,True
LINC02880,8.954044193954523,-1.7819514375713879,0.24142212973573654,-7.381060880880856,1.5703317444494848e-13,4.85932943728736e-13,True
MIR4801,1.2836947215547267,-3.7257592922276914,0.5049058382301724,-7.379117075150994,1.5934267037042045e-13,4.928052224968145e-13,True
LHX9,9.275933549133216,2.507988174172035,0.3401317282315681,7.373579016611321,1.6610715965425586e-13,5.132500386648549e-13,True
LINC02625,2.0013863463896655,-1.580613101130648,0.21436245337142137,-7.373553886286011,1.6613848927357764e-13,5.1329928467524e-13,True
AC123912.4,37.92546263622695,-1.5355945002520937,0.2083383527495275,-7.370676018055328,1.6976495505980197e-13,5.241829052430656e-13,True
AL138918.1,1.619914305082576,-1.5637914292353308,0.21239882017593653,-7.362524085303269,1.804648522786294e-13,5.565306416349188e-13,True
PRTN3,15.555773999496928,1.8655828142181443,0.2535609418843028,7.35753227746484,1.8734111769881306e-13,5.769359067446409e-13,True
AP003100.1,4.07128887679103,-2.5719841589564116,0.3496589598402337,-7.355693559609065,1.8993830471084779e-13,5.847182242963226e-13,True
AC093642.6,13.049712204165337,2.263154978339406,0.3077400800543052,7.354111878894812,1.922007049847551e-13,5.915191316478957e-13,True
ANKRD30BL,1.193876929280933,-2.0891693882585587,0.2843489113488204,-7.347203751716511,2.0239622717450538e-13,6.220932516168277e-13,True
PLET1,1.147462569319402,-1.6525137014287958,0.2249444675404974,-7.34631849139072,2.0374057429203364e-13,6.261098794752147e-13,True
RNU6-342P,2.5135698535417417,-2.0227452761264,0.27543076280359075,-7.343933755027998,2.0740580765204703e-13,6.372559682502411e-13,True
TTLL6,21.922167562349195,1.601683698057174,0.2181920259005634,7.340706845020582,2.1246873098599873e-13,6.525713492035431e-13,True
CEACAM8,1.475845034222449,-1.641659133873127,0.2236863253277037,-7.339112623304409,2.150146293376583e-13,6.602691412321884e-13,True
MOG,2.454561843343199,-1.7272635967345509,0.23542045838457148,-7.336930734851329,2.185476383853448e-13,6.707477629774401e-13,True
AC100801.1,167.2379190331894,2.08170221354063,0.2837455737509474,7.336509909288687,2.1923558828723112e-13,6.726734413277092e-13,True
TYRP1,60.662350559717176,2.021335515685257,0.27554855048777405,7.335678275596455,2.206013739086615e-13,6.767395104847717e-13,True
LINC02732,3.9311468824685045,-1.8003655061856874,0.24561291156822737,-7.330093091158909,2.2999291673718955e-13,7.049663400982108e-13,True
MMP13,1660.947933803299,2.1404153255396077,0.29202187278326325,7.329640431174859,2.307710502360158e-13,7.07221444065511e-13,True
SLC24A2,215.8491063448601,1.7086515269809335,0.23313437447616484,7.329041591657787,2.3180444480911816e-13,7.101925980651613e-13,True
LINC02504,1.7591329956205932,-2.791191976324597,0.38106783713732933,-7.324659035232896,2.395068787795303e-13,7.332520793554168e-13,True
AQP7P4,1.18892086782456,-3.9434399075001116,0.5386454624510044,-7.321030589501735,2.46073733217521e-13,7.528036812284294e-13,True
IFNL2,3.4487833974956734,2.5502094834445987,0.3486015058541379,7.315543509188568,2.5634170302177905e-13,7.836409802982224e-13,True
ALLC,1.3795221262386776,-1.7821931977408736,0.2436865802196431,-7.313464681290704,2.603407591349063e-13,7.955015554691213e-13,True
LINC02275,2.5493019281013227,-1.9857144673204419,0.27154843004482593,-7.31256103006248,2.6209816930789603e-13,8.006514471236626e-13,True
APOF,36.34222104465284,1.6071741324504,0.21993475791556835,7.307504042027703,2.721501414995478e-13,8.305971509900631e-13,True
RNA5SP498,1.6612357423672097,-1.5167594056665734,0.2076367381087362,-7.304870127907083,2.7753467696738073e-13,8.466432438881431e-13,True
FAM8A6P,0.9468633547324411,-2.881088919948626,0.3946584803627973,-7.3002078082805415,2.8732361097037694e-13,8.759443369824573e-13,True
RN7SL128P,2.222792543608513,1.5296425691132487,0.20954687403359298,7.299763244704991,2.882745300053705e-13,8.787630074176509e-13,True
S100G,21.253461058696363,2.8873145184685542,0.39554832889729813,7.2995239962655205,2.887875597897277e-13,8.802464428688081e-13,True
LINC01842,19.915587088079434,1.8563041308577994,0.25432433861545445,7.2989637600693165,2.8999240734072956e-13,8.83757360176002e-13,True
AC090994.1,257.441026979174,1.8667164550045414,0.25583697813033884,7.296507598887926,2.953331755962983e-13,8.994580888548814e-13,True
TEX13C,8.049887302099798,3.0847332413391686,0.42291861635161265,7.2939168957616545,3.01071187639105e-13,9.16347817520901e-13,True
IGLV10-54,152.70899438571132,-1.8522949710273673,0.25400226174945595,-7.292434950262149,3.0440255476577414e-13,9.261491468738074e-13,True
AL158847.1,12.67967003824665,-1.544894117328863,0.21206693700929746,-7.284936252279306,3.218224401432109e-13,9.778112751763793e-13,True
GABRA3,44.425561383398154,2.758219976797644,0.37869538224020666,7.283479298007663,3.253188652675897e-13,9.88074575392427e-13,True
HDAC11-AS1,1.5207844320199342,1.7470748733176458,0.23988531634706128,7.282958790149593,3.2657701255861027e-13,9.917152423799938e-13,True
AMMECR1LP1,1.3747938757917753,2.458247356036538,0.3376103157055387,7.281315888998498,3.305795846289908e-13,1.003687050964331e-12,True
AL845331.2,5.708677841252738,-2.436502851769998,0.33467894491794425,-7.280119914228169,3.335235806277257e-13,1.0122568156492559e-12,True
KRT16P3,1.0525847876702528,-2.392663006035703,0.32871111411603643,-7.278923356364163,3.3649477564254035e-13,1.0210886508556031e-12,True
H3C13,5.219092458240106,1.5392472406875546,0.21161244713624108,7.2738974550799975,3.492611541608652e-13,1.0593460873224824e-12,True
PHF21B,109.72140177776471,1.8572160076965676,0.25565465764813955,7.264549861057784,3.7428254737418275e-13,1.1335890175625847e-12,True
AC022432.1,4.56732572245025,1.531644150032788,0.21088980756946035,7.2627699161246255,3.7924272491673695e-13,1.1482327625052743e-12,True
GLP1R,134.37235266650757,-1.5363588448874013,0.2116402038760142,-7.259295808406283,3.8911069665756817e-13,1.1774296908477671e-12,True
SELENOV,3.062022615228193,-2.1478044829388327,0.29594530523347656,-7.257437252617983,3.9449288251321906e-13,1.1932828243930469e-12,True
AC087855.2,1.1646532443565099,-3.020134612032041,0.41616487088459125,-7.257062821310474,3.955860113735037e-13,1.1964808537361667e-12,True
LINC01085,32.956979695078395,-1.7046314302952377,0.23509473191673302,-7.250827853084314,4.142318945422494e-13,1.251628110092369e-12,True
AL365181.2,181.58762411647433,1.5972180155765674,0.22046409671836611,7.244798764748295,4.3308174046890935e-13,1.3075179216818448e-12,True
MTATP6P16,2.148970098562726,-1.8362529593475754,0.2536151633914664,-7.24031219108629,4.476530908741739e-13,1.3496775090464538e-12,True
SLC35D3,9.190921802414213,1.9295882029846703,0.2665250683874749,7.239800048299507,4.4934671757203253e-13,1.3544164573671108e-12,True
AL158211.4,3.365447295033061,1.5926671084641222,0.2202080313538238,7.232556863037713,4.739840723873049e-13,1.427645848089255e-12,True
AL033519.5,1.755790344339321,-1.7757957160474953,0.24571098695172813,-7.227172614777558,4.931531286183218e-13,1.4841768510326157e-12,True
OR7E2P,1.777907830726906,-1.8273479148448593,0.25292211139943455,-7.2249433026397885,5.013109458497586e-13,1.5079118547076396e-12,True
AC124854.1,2.1066486437962273,-1.750961655216816,0.24247993856799904,-7.221057814338693,5.158471457492623e-13,1.550796580148936e-12,True
OR56B2P,1.3540915563356457,-1.6515244450598716,0.2287518927226033,-7.219719257416585,5.209501038231192e-13,1.5652910183257235e-12,True
FAM153A,9.559588468185865,-1.5410926368049978,0.21346880851676175,-7.219287199441083,5.226077874643931e-13,1.5699889292991663e-12,True
SLC34A2,2420.5332176837487,-2.128118807416646,0.29500582843306256,-7.213819532719913,5.440384797078788e-13,1.632604990531634e-12,True
AC025271.2,1.8192652285099997,-1.781186511732807,0.2469500753576697,-7.212739292154613,5.483734556717314e-13,1.6453177123883555e-12,True
MT1H,11.251946071252123,1.6325857201955651,0.22667587099358205,7.2022915938935075,5.92088999395314e-13,1.7742453087280372e-12,True
AC108451.1,1.1796254203519438,2.1074291320841625,0.29264517551875396,7.201311719383221,5.963603389078799e-13,1.7868841816926224e-12,True
AC092685.1,1.6959381140432042,2.4076583054267506,0.33444965620539896,7.198866139506841,6.071531945447298e-13,1.8180795443002779e-12,True
AC012485.2,3.6727656272273634,-1.6749398947056862,0.23268318988008285,-7.198370864560067,6.093621812173562e-13,1.8243665842012403e-12,True
CHODL-AS1,0.652331596237238,-2.3463917017811573,0.32604209650968086,-7.196591258918886,6.173647408137216e-13,1.8476619170238537e-12,True
KRT18P21,1.368764008247874,1.9724840784380273,0.2742263091306354,7.192906051542922,6.342658826288812e-13,1.8968821558416787e-12,True
GPRIN2,113.60979398007107,-1.5988586936500673,0.22239454386851953,-7.189289205742917,6.512948723958263e-13,1.946239489205055e-12,True
SLC9C2,1.558133809652092,-1.517127953119554,0.211033163546115,-7.189049946588281,6.524370564896643e-13,1.949303296620123e-12,True
AC104211.3,2.23813819289812,-1.6091120287052736,0.22385641733797057,-7.188143399417908,6.567826320746065e-13,1.961935148428525e-12,True
GRPR,766.3298098181283,1.634791048979039,0.22743962422705724,7.187802277350741,6.584251630809774e-13,1.9664894110323765e-12,True
AC124067.3,6.212922005630293,1.643690734579502,0.2287216703965946,7.186423270385378,6.651063951673819e-13,1.98573260272489e-12,True
SNX19P1,3.216902740714031,2.769388829182752,0.3854212442226062,7.185355946760545,6.703231820014788e-13,2.000770410504548e-12,True
GLYATL2,1459.464771134837,-1.8873952849194546,0.26271488773081836,-7.1841961497564935,6.760374954693349e-13,2.016923817892901e-12,True
LINC01513,3.117814838432955,1.9853174339374193,0.27640283185865344,7.182695707519628,6.835011613199465e-13,2.038826496320116e-12,True
B4GALNT2,168.98936951691567,1.9557884152773435,0.2723215587763288,7.18190812385783,6.874511589933785e-13,2.0500589020182577e-12,True
BAK1P2,5.6763471444717215,1.6580113275363877,0.23089468288451273,7.180812077711119,6.92985514603166e-13,2.0663782123123194e-12,True
RNVU1-4,1.353310037953784,-1.7861337288221542,0.2487421782050131,-7.18066289244289,6.937421816618253e-13,2.068449532073331e-12,True
AC245100.3,3.6316678543983976,1.9683615394646206,0.274136970618731,7.180211902911164,6.96034533810939e-13,2.0750988439174866e-12,True
KRT23,1715.3637818602626,-1.5681818792812006,0.2186511366642424,-7.172072842636435,7.387061592865616e-13,2.1991708361049404e-12,True
AL731557.1,2.0014988782109517,-1.5367694370679648,0.2143301287781021,-7.17010457572671,7.494049923882174e-13,2.229827542037354e-12,True
C18orf63,1.9285960660891945,-2.6214534854596887,0.3656145674889472,-7.169991894644452,7.500220704228381e-13,2.231464539792241e-12,True
AC093772.1,3.137885251393616,-1.6576728248605368,0.23127186628099694,-7.167637168830785,7.630320250303193e-13,2.268957200422302e-12,True
FGF7P1,4.970114493318954,2.4855586249879775,0.34689353585606736,7.165191530173923,7.76778759418429e-13,2.308599487375919e-12,True
NPHS1,11.15809638975985,1.7334276009523748,0.2419370304340083,7.164788283309905,7.790686031682097e-13,2.314992323537078e-12,True
AC010536.3,2.1470983426545582,1.6472956475091212,0.2299702493166642,7.163081539477003,7.888339641218268e-13,2.3435923269041248e-12,True
AC010478.1,7.101995666681827,-1.5281317127677985,0.21345091632505622,-7.159171481094348,8.116610464172873e-13,2.410122361051564e-12,True
LINC00898,8.924727310078742,2.06201048777712,0.28802833851561344,7.159054204193669,8.123556346897761e-13,2.411970090924977e-12,True
DNAJC5G,1.3569912067203334,-1.5647962523108851,0.2186087990924886,-7.157974696383809,8.187766280907444e-13,2.4303855603202704e-12,True
LINC00705,4.225632932030731,-2.2124715082725843,0.30937654573804946,-7.151387326387353,8.590521746014931e-13,2.548801687792277e-12,True
ACOD1,3.3142645095839662,2.343951311859688,0.32779703793856146,7.150617731631276,8.638825356790984e-13,2.5629053182423498e-12,True
LINC01780,1.2500593159030933,-1.696157557915587,0.23725572513697213,-7.149069034841472,8.736838683787622e-13,2.5917526531367497e-12,True
LINC01865,0.9864570870008584,-1.9753512345485442,0.2763293853300121,-7.148538445122077,8.770668812069348e-13,2.6010941237323317e-12,True
AC079841.2,1.781319686512315,1.992281377383096,0.27880657201795206,7.145747544483331,8.950743008673568e-13,2.652611113447568e-12,True
AL358232.1,1.4943012001707556,2.2523864749175786,0.3153085773632267,7.143435468052276,9.102666662339097e-13,2.696676117281216e-12,True
ADAMTS19-AS1,12.587118032703287,1.7258294534241347,0.24177444276716586,7.13817984097743,9.457484575554532e-13,2.799553107670585e-12,True
GAD1,52.47296211729976,1.5807373078617042,0.22147421086917507,7.137342545021852,9.515251779627072e-13,2.8159031999182113e-12,True
AC013470.2,6.247773706543259,2.0469492685272757,0.28683375935995853,7.136361051414738,9.58340853559727e-13,2.8358215727917776e-12,True
LINC01602,2.569822846191571,2.00435511481803,0.28094832202982895,7.1342483925040945,9.73174523745361e-13,2.879204860928322e-12,True
LINC02834,0.734863584489201,-2.818355562060718,0.39541085704109596,-7.127663572899313,1.0208692175533221e-12,3.016833631917212e-12,True
AQP2,5.107108816282483,-2.003508727437145,0.28127960591182144,-7.122836797720863,1.0572798762759996e-12,3.12111415366277e-12,True
AC053503.5,1.2314566141349612,-2.6863125964094885,0.37714268411681234,-7.122801818893183,1.0575483344892343e-12,3.1213540496399217e-12,True
CLEC4M,5.045952427077013,-1.811779883628125,0.25440064960844994,-7.121758086768448,1.0655897009632649e-12,3.144531540343679e-12,True
RPL21P133,1.0220097831067758,-1.8702706961564077,0.26276475360763063,-7.117661978931773,1.0977317862522716e-12,3.2382359433637333e-12,True
PWRN1,3.009120911374958,-2.1045316326062156,0.2957773486243361,-7.115256264194729,1.1170508731866691e-12,3.293477992211319e-12,True
CARTPT,67.6552580413823,3.852955794635439,0.5415187995929048,7.1150914751841645,1.118386353315524e-12,3.2971239830904713e-12,True
AC148476.1,11.732018560814016,1.6342581238890492,0.2298930632420229,7.10877527508763,1.170771955538626e-12,3.4466873186138456e-12,True
AC068418.3,1.5826547291418314,-1.743776412470541,0.24534093074348878,-7.10756418501449,1.181088152445558e-12,3.4761370396175897e-12,True
AC108448.3,27.994851695430576,1.6347832024333238,0.23001230691068075,7.107372750572642,1.1827269552194994e-12,3.4800389297348763e-12,True
TNFSF11,122.08363739787504,-1.6084194054720429,0.22636389042086708,-7.105459278339796,1.1992306213238206e-12,3.527354206255785e-12,True
AC003986.3,3.01596712594497,-1.8638564076814406,0.2623340698813449,-7.104896472366219,1.2041276751111656e-12,3.5411334953511697e-12,True
H2AC4,2.0766066725004966,1.6469747119992708,0.23191436650223674,7.101650220463536,1.2327591442420448e-12,3.6240554214851864e-12,True
AC026894.1,1.272513372924139,-1.5859458593074525,0.22337367350977255,-7.099967665787022,1.2478608099382089e-12,3.667158102804841e-12,True
AC129926.2,7.389819308761967,5.630509315055964,0.7932104666524913,7.098380003503803,1.2622771610523143e-12,3.708217146223893e-12,True
CYP4F26P,11.084763706206544,2.505822969270175,0.3530446139704229,7.097751587509293,1.2680283616752624e-12,3.724456388366067e-12,True
PRR27,1.066608190788383,-2.8025120754728112,0.3949296590904908,-7.096230964083322,1.2820515509299536e-12,3.765313709552006e-12,True
TCF7L1-IT1,1.1030093476083909,-1.917209130276312,0.27028462546743437,-7.093297027016099,1.3095396901895139e-12,3.844352035926945e-12,True
AC012613.2,4.664181557050081,-1.6395512413426059,0.23130138746092235,-7.088376162981742,1.3569472548184654e-12,3.979670565556328e-12,True
IGLV3-13,1.6287873399952346,-1.8318682420336712,0.25860796625592264,-7.083572360724669,1.4048498269850854e-12,4.116177901961484e-12,True
RN7SL396P,1.4709616263521585,1.8314547248970638,0.25869438440994674,7.079607580483084,1.4456323702066597e-12,4.2330664600949944e-12,True
TUBB4A,33.724073508602046,1.556177501742082,0.21987196865705605,7.077653014374562,1.4661626809244449e-12,4.290922268200905e-12,True
EPHA8,34.166354018146706,1.9638479821910748,0.2775430773692479,7.075831257640554,1.4855554097788108e-12,4.345389646584823e-12,True
AL137018.1,2.1935591455763706,3.2101256918196306,0.45371708129323846,7.075170462328083,1.4926516372133248e-12,4.365763852782597e-12,True
MAGEB17,31.169903708190212,1.7346587427247115,0.245244325928614,7.073186040722663,1.5141626780856571e-12,4.425575035186554e-12,True
TRIM67,34.60391741591813,1.5292132575734552,0.216215983187077,7.072618938861384,1.5203657166518841e-12,4.441758763436153e-12,True
IGLV11-55,0.8568838207567365,-2.0240669242657603,0.2866012817490103,-7.0623093934322565,1.637578608058965e-12,4.778336599891366e-12,True
LINC02771,7.397744650108145,1.6306187067936384,0.2309138685609521,7.0615884483491715,1.6460991268396197e-12,4.802358479658339e-12,True
LINC02463,4.639971373599022,1.536369926508564,0.2176705576850678,7.058234897948069,1.6863083274364946e-12,4.915365476066747e-12,True
TMBIM7P,3.7579093761371434,-1.5685894125453779,0.22241257195208528,-7.052611274524993,1.7559088983148997e-12,5.112432848778033e-12,True
ARL2BPP4,1.531065538935041,2.6446592621150695,0.3752567134117885,7.047600129708936,1.8202983555462986e-12,5.294359834215377e-12,True
AC108451.2,1.5445490390595216,1.902740224766238,0.2703082540777106,7.0391495489413405,1.934166938344943e-12,5.615752501033041e-12,True
ST8SIA6-AS1,383.7945708430086,1.6937768718511632,0.2407571306832094,7.035209578402276,1.9896171919613196e-12,5.773230987098064e-12,True
RN7SL219P,1.4206551040690698,1.837253676927886,0.26120833765469675,7.033671640897756,2.011682341768962e-12,5.8362413584735204e-12,True
RN7SL124P,1.2528528075177152,-1.8909298084073076,0.2690607305588267,-7.027892195490341,2.0967679329168937e-12,6.078330475907987e-12,True
LGSN,3.668858650862695,1.9348053288747677,0.27574217017016606,7.016719015741264,2.2713874271213695e-12,6.576532323933891e-12,True
CCNYL2,3.1494007996004143,-1.7599005165932595,0.25093354366869003,-7.01341275806822,2.3257401091994086e-12,6.729814047869074e-12,True
AC022440.1,2.96758296462142,-2.0862450989095773,0.29748429299689133,-7.012958828489739,2.333301306002869e-12,6.751107518123346e-12,True
TMPRSS11D,5.327513855641134,-1.6699746007831808,0.23817286746073552,-7.011607235481967,2.355958120606914e-12,6.81488831330731e-12,True
CD200R1L-AS1,1.084536613909598,-2.2914988104024165,0.326860652915931,-7.010629116597259,2.372488809501857e-12,6.861514986391243e-12,True
AC018685.2,11.615397437064557,-2.143743682657144,0.30584097941575966,-7.009340889348064,2.3944341594341798e-12,6.922582122494189e-12,True
LUZP2,193.85695465332438,-1.6344773789536553,0.23319387792179444,-7.009092149073508,2.398694400640166e-12,6.933696764059019e-12,True
AL136119.1,1.0941405602485537,-2.755754650186379,0.3931749439202448,-7.008978300370486,2.400646796998976e-12,6.938738952428397e-12,True
SFTPA2,105.11359461907882,1.6947219139691325,0.24181701743058223,7.008282262250761,2.412617122044095e-12,6.972733200714839e-12,True
AC103702.2,5.5871221028191105,1.8164953416981848,0.259338661361527,7.0043368472775756,2.4815841340090207e-12,7.165845465846985e-12,True
CITED1,8.984266761617954,-1.9219019133466142,0.2744556458449803,-7.002595655955844,2.512632171784478e-12,7.251732608986633e-12,True
LINC01748,18.605380807430976,2.0686414712269383,0.29583279535108653,6.992603604924632,2.6983110801358774e-12,7.776853877059147e-12,True
GABRQ,49.69839011774197,2.1199002749617395,0.30341282546836357,6.986851237054179,2.8112404533346877e-12,8.094634594910939e-12,True
AL928921.1,3.9783721465252184,-2.2177344587285917,0.3174833547110932,-6.985356636245414,2.8413327513659995e-12,8.178457269575757e-12,True
U3,6.517880438779824,2.959613023644848,0.42402141857636744,6.979866803855367,2.954600473866655e-12,8.496419005171949e-12,True
OR2M4,1.4852843451856135,-1.633617625947812,0.23409892418300826,-6.978321799850398,2.9872680285484135e-12,8.587397766059912e-12,True
AC009227.1,7.914480282348611,2.460679753366477,0.35290135432597847,6.972712694929255,3.1088711890142225e-12,8.923889247928673e-12,True
COMP,5865.336023368503,1.5634807024106718,0.22423265458995081,6.972582585126924,3.111748757578828e-12,8.93138043863468e-12,True
LIPF,2.6278246181660143,-1.9889870220462071,0.28539907864184505,-6.969143108349836,3.1887720726091822e-12,9.147729879522031e-12,True
CHCHD3P1,3.7232816265932094,2.10351668712364,0.3018850595853449,6.967939022927904,3.216175569731457e-12,9.224756091422924e-12,True
DLGAP1-AS3,4.087236527854139,2.3323226441609606,0.33479919022786636,6.966332990750568,3.253086564015735e-12,9.325011502781567e-12,True
AC090192.2,9.312383991515034,1.5614458663848814,0.22432668262143549,6.960589120019724,3.3885272004110275e-12,9.705745392639985e-12,True
SLCO1B3-SLCO1B7,3.3120183106547456,-5.552981590418735,0.7978371714824444,-6.9600437143093465,3.401671690935036e-12,9.741721702103265e-12,True
AC006372.2,8.635650779185626,1.695477610777302,0.24386992435702085,6.952385027581981,3.5916152392757953e-12,1.027245082458049e-11,True
H3C15,1.1459995910509218,2.316981365805349,0.3338489694799785,6.940208230729022,3.915224071700643e-12,1.1179793438406093e-11,True
LINC01648,1.2284956236579516,2.2470051673018965,0.32379963450485044,6.939492599298277,3.935107345628701e-12,1.1232944479403304e-11,True
AL359852.1,1.158817602845024,-1.7622068038510121,0.2539635108433888,-6.938818879920545,3.9539165784628315e-12,1.128544710502884e-11,True
CA1,2.9787404593609983,-1.6111909211939865,0.23224047504984405,-6.937597422878973,3.988242848800979e-12,1.1379526930583834e-11,True
SCG5-AS1,1.4801212542908775,1.5459379709441383,0.2229122239466193,6.935187059612951,4.056839929271586e-12,1.1570303155843507e-11,True
LINC01992,5.23176525956994,3.046894064667536,0.4393838194506478,6.934470341846004,4.077459343507772e-12,1.1627121987741829e-11,True
AC011389.1,1.4813955355732216,-1.834496168531065,0.2645960494977326,-6.933195608979738,4.114386592193288e-12,1.1731419157237856e-11,True
KC877373.1,3.6502470909787084,1.8296982223341185,0.26396888301715005,6.931492081266423,4.1642476895318e-12,1.1868515186582002e-11,True
AL358232.2,1.4956078978317977,1.9102325086477703,0.2756149313566249,6.93080196796767,4.184615009715088e-12,1.1923507002647682e-11,True
LINC02830,3.6614502291162885,2.491149488123546,0.35959618022181106,6.927630562112537,4.279475322595919e-12,1.218651033500566e-11,True
OR7E26P,0.8526432505454077,-2.1189166760261404,0.306485173855008,-6.9136025386616495,4.724978565065375e-12,1.343450508708033e-11,True
IGKV2-4,2.0499535157043556,-1.8721190497270699,0.27085934830364866,-6.911775655711607,4.786243778473848e-12,1.3606379999004717e-11,True
NEU4,37.0788258009218,1.8483585400316112,0.2674649574665425,6.910656848431536,4.824147160750585e-12,1.3711794397329862e-11,True
RNU6-250P,1.0545278414885968,2.9045039801203503,0.42031927445719125,6.910232665088426,4.8385946008262526e-12,1.3751686666350324e-11,True
SOX21,3.9995886690508704,-1.5925118903551396,0.23045797520148914,-6.910205164142435,4.839532729805962e-12,1.3753180827123905e-11,True
AP000844.2,117.36808257656621,1.9101526960317,0.27645718700879446,6.9093978590288385,4.867151592480714e-12,1.382577840354679e-11,True
LINC02099,15.40093674853997,1.6138058755897529,0.23356823050400222,6.909355232547776,4.868614181320489e-12,1.3828755159940124e-11,True
AL390334.1,3.6642777101292685,3.2678415874805977,0.47305771319664236,6.907913128397104,4.918349929583613e-12,1.39664553645848e-11,True
AC092903.1,1.327090682039658,-2.317165257625633,0.33551139162922805,-6.906368354211711,4.972179100942152e-12,1.4115706209016755e-11,True
AC012291.1,1.4533054971060595,-2.3348883860099665,0.338183592880588,-6.904203619465392,5.048584199819464e-12,1.4330175715361248e-11,True
AC105114.2,1.0894730310029093,-1.8538363915990268,0.2687775098319279,-6.897289854193042,5.300396568665722e-12,1.503469636543618e-11,True
LINC01564,2.6137295432719014,-1.786346024566746,0.2590374218024714,-6.896092511023064,5.345239366304817e-12,1.5159315216166284e-11,True
AC012366.1,1.3565601071124762,2.6385705149351613,0.38285988799433923,6.891739243715637,5.511433254375946e-12,1.561338664629489e-11,True
AC108865.1,1.1071183006319663,-1.7365855633230107,0.2521235106721075,-6.887836674547502,5.664719228416458e-12,1.603809504613808e-11,True
CYP4F62P,17.377559424410396,3.143524333026924,0.45663559557739314,6.884098312686493,5.815470329645895e-12,1.6459315965659083e-11,True
IGKV1OR2-118,1.0089812686699349,-2.0460372670786264,0.2973246639509815,-6.8814919014453055,5.922894254178746e-12,1.675624367853809e-11,True
LIPK,8.58532779153312,-1.9572756916703353,0.28450940519075185,-6.879476235093396,6.0073018113777864e-12,1.6987832452101906e-11,True
KRT18P29,1.5257190811013293,1.6634425319174544,0.24188553155166412,6.876982352961286,6.11336799140331e-12,1.7277517724178728e-11,True
ANKRD62,2.902371451220044,1.807037168792655,0.2627737024336344,6.876780865273369,6.122017067512619e-12,1.7300495482118322e-11,True
IGHV3OR16-15,2.6121601525218816,-1.6905835492969183,0.2458400596320269,-6.8767618744779915,6.122832886038262e-12,1.730133485142264e-11,True
STX8P1,1.2957071122849169,2.1493819698762517,0.3126754340239816,6.87416322483268,6.235477977215719e-12,1.7615159259819314e-11,True
AL691420.1,4.108668996898135,2.2072403726171315,0.3215411288381035,6.864566223901269,6.66935962521755e-12,1.88153687624888e-11,True
SOX3,8.024658404103564,2.892430102512952,0.4213670025507255,6.864396321980035,6.677301459790841e-12,1.883618054327227e-11,True
AC093326.1,7.713937778785892,-2.0598524571111603,0.30009950591369383,-6.8638981954990514,6.7006391623622594e-12,1.8900415751130762e-11,True
AL139379.1,0.6787515042565704,-2.2539208484836286,0.32880094892373224,-6.854970631506425,7.132717117245671e-12,2.009877339611541e-11,True
PROKR2,2.0906311968728875,-1.6197219928443836,0.23642547904710814,-6.850877491599166,7.339835417878427e-12,2.0670171537816895e-11,True
AL121899.4,1.8429652707567914,1.6461579782564968,0.2403322204906257,6.849510127672232,7.410330325268251e-12,2.086341122983292e-11,True
AC005863.1,3.2890567279068934,-1.926997996124543,0.2814185805294292,-6.8474440902207165,7.518105901720992e-12,2.11597023982187e-11,True
TCL1B,2.947318612863124,3.6919006080078867,0.5391973808288736,6.8470299361109,7.5398944735757e-12,2.121923551048743e-11,True
PHOX2A,1.219076900780774,-1.9719401127563627,0.28809658074257494,-6.844718905283936,7.662618156572335e-12,2.1551880990430192e-11,True
AC080128.1,1.6079301145906078,-2.447342971125177,0.3575758932964573,-6.844261643488773,7.687131250196937e-12,2.161900320988511e-11,True
MNX1,81.07650061836718,1.6776102467194405,0.2453655232880525,6.83718814378812,8.076264591101462e-12,2.2680871397780434e-11,True
DSCR8,3.091051001424096,3.916324226109679,0.5728093469536448,6.837046649007652,8.084242291550453e-12,2.2701363774075115e-11,True
VSX2,3.506356667951121,-1.691282477967268,0.2474117776284863,-6.835901241964718,8.149107041345667e-12,2.2877731351278443e-11,True
AL356364.1,0.9173810220023914,-2.8659178660674267,0.41929682765491144,-6.835057355659573,8.19722257138212e-12,2.3010873361365515e-11,True
AC012456.2,1.4803487575262626,-1.8535914250832346,0.2714013729805663,-6.829705409102558,8.508918131362886e-12,2.3867769430803336e-11,True
PROM1,3591.752155016514,-1.767446713369912,0.25885304329427355,-6.8279927903363085,8.611091285959662e-12,2.4146244286174117e-11,True
RFPL4B,3.048877242339192,-1.640216246932052,0.2403175141014883,-6.82520478403157,8.779997866864923e-12,2.4601255995805605e-11,True
H2BC16P,3.042178994980707,1.9058058940827223,0.27931678788922915,6.823098276636787,8.909765763857048e-12,2.4954377967487083e-11,True
LINC01022,1.4622026734057683,2.845995438726735,0.41738346863843856,6.8186587456632095,9.189439599407909e-12,2.5709615872538116e-11,True
GAL3ST3,1.639510169593217,-1.7435683533139084,0.2558124800417998,-6.815806457249502,9.373642271717937e-12,2.62095745887081e-11,True
AC069404.1,1.1298915762021666,2.004539433270029,0.2941564271055889,6.814535561891665,9.456877987769889e-12,2.6433444305937306e-11,True
HMGB1P19,1.400018161070915,1.5734523859306895,0.2309201897565097,6.813836363073288,9.50297948274788e-12,2.6551178181146036e-11,True
NEUROG2,34.66644069369044,-2.2347435059614518,0.3279868549402272,-6.813515457406713,9.524211964785136e-12,2.6608272163325752e-11,True
KCNIP1-AS1,0.5820504652906999,-1.8015120513691483,0.26451253315666073,-6.810686926135864,9.71338103510772e-12,2.712085935530872e-11,True
AC022081.1,2.8203186931146496,-3.9476015330580743,0.5799641206711447,-6.806630604130891,9.991102981984188e-12,2.786596080506738e-11,True
AC093904.2,16.067818940923978,1.9674170016585897,0.2891819589915455,6.803387764988856,1.0218710751698995e-11,2.8486482057879277e-11,True
LINC02398,0.739210436236438,-2.0596142026860456,0.3030110699203931,-6.797158279488424,1.0670285120841792e-11,2.972048262715718e-11,True
UGT2B24P,13.518941005953517,-3.289312012999445,0.48413075306101433,-6.79426372359555,1.0886707773788705e-11,3.031063763133073e-11,True
C12orf56,17.398063176593748,2.1250472381169896,0.3128785370621079,6.791923978138384,1.1064785509462604e-11,3.0798725645193925e-11,True
AC084026.1,5.8952917079018645,1.8030481637044304,0.26563415905210785,6.787711980034682,1.1392579768286416e-11,3.168469207677289e-11,True
RPS15AP9,1.2421832868311975,-1.8840526163941946,0.27765029767062366,-6.785703571005154,1.1552213019196646e-11,3.211794514190821e-11,True
LINC01906,3.0106110313133025,2.4941320673460967,0.3678725693119013,6.779880522245308,1.2027530680489828e-11,3.341715576636301e-11,True
LINC02109,4.9738068827247295,3.37461031113272,0.4982976433534281,6.77227828817807,1.2676998980183127e-11,3.5189382303156914e-11,True
AL450345.2,255.19100624383526,1.6605474736280357,0.24524668007081102,6.770927431713161,1.2795944947886079e-11,3.5510690527340675e-11,True
LINC02417,1.6554712185007576,2.1028871436684953,0.3107682014144785,6.7667384696924895,1.3171785785260184e-11,3.6535464039976866e-11,True
AC073578.5,3.9807738276391014,2.9348028312255257,0.4339784690182697,6.762553999198462,1.3558012002079845e-11,3.758488298066174e-11,True
AC132807.2,4.011398833879416,3.3766742198134527,0.49936839664169325,6.76189010462407,1.3620300396895912e-11,3.775441758258513e-11,True
RNU6ATAC14P,1.659786582513948,1.7177142617910521,0.2541977862474813,6.757392686806186,1.404970299832085e-11,3.892527584040891e-11,True
SLC7A11-AS1,4.763754568138003,1.5437701792739347,0.228461236263965,6.757252147100599,1.4063332837527536e-11,3.8956565063435985e-11,True
AC116049.1,3.1749782867467475,3.0523130112584247,0.4517484113781668,6.756665733359443,1.4120344374338806e-11,3.9104747096813225e-11,True
CYP4F30P,3.389720857088433,3.275631449704961,0.48494771663548625,6.75460742949968,1.4322251356613226e-11,3.965402743808173e-11,True
AC078993.1,230.5009395009895,1.5793547399819277,0.233851444252769,6.753666820525642,1.4415458045437507e-11,3.9905462800472765e-11,True
LINC02554,2.143218688208632,-1.746147187183932,0.25861885106133464,-6.751817123995387,1.4600483912494962e-11,4.041095012015889e-11,True
LINC01264,2.727403603357729,1.652222916320241,0.24484748440634618,6.747967700489952,1.4993031152143714e-11,4.148022199210558e-11,True
RPL7P39,1.8208857983875537,1.5128729375600594,0.2242720862489337,6.745703234243903,1.522876041180247e-11,4.2114929179301814e-11,True
IGKV1D-35,0.8914260449216534,-2.4429770846370906,0.36219569754621406,-6.744909178070457,1.531227755780501e-11,4.2331853127351345e-11,True
AC093912.1,1.837157378448446,-2.4667934110435805,0.36574967744961856,-6.744485540615077,1.5357018168857723e-11,4.2448503846932136e-11,True
AC007100.1,0.6110777546064563,-2.6584550211663664,0.3943325003492619,-6.741658419764442,1.565888728526697e-11,4.3250640390621853e-11,True
AC096536.1,1.8664493363564532,-1.6009376726839963,0.23750494921804596,-6.7406497336366025,1.576799123826224e-11,4.353035925536485e-11,True
LINC01910,2.4474581142471257,-1.7943496691729213,0.2662706278721746,-6.738819386546509,1.5967873921331083e-11,4.4071226301619655e-11,True
NTSR1,11.2121611409009,1.5641190426954195,0.23218143966385482,6.736623930663463,1.6210903175064265e-11,4.4727178785903715e-11,True
AC093433.2,4.354594885361478,-1.5203781453990015,0.22571315273763512,-6.735886353801728,1.6293360354518706e-11,4.4939812626155345e-11,True
BX276092.9,3.4556875439324393,2.4274787280618804,0.36070668915286563,6.72978572635543,1.699131181720411e-11,4.681454542233476e-11,True
AC078880.4,1.2254560221081021,-2.2473564774456554,0.33398972872000826,-6.728819134823362,1.710455036158634e-11,4.7107081510326443e-11,True
MUC19,113.870391418699,1.9303239585670648,0.2869574602654119,6.72686452124881,1.7335800850784047e-11,4.7700628925148286e-11,True
OR7E115P,0.9772804672720272,-1.7422216104912518,0.2590202186217271,-6.726199289622216,1.7415200571705894e-11,4.791514923404174e-11,True
AC092078.3,2.091883200099779,-1.9002704359808833,0.2825767611477795,-6.724793745466906,1.7584134254339515e-11,4.8359994495131824e-11,True
ADAM18,1.8793732050171936,3.4959933546379007,0.5199898912355349,6.723194841982714,1.777825937706706e-11,4.88777553145762e-11,True
Z84468.2,1.9847644087120204,2.88765356512261,0.4296831578660353,6.7204253000368,1.811949066552754e-11,4.9791273418315583e-11,True
VGLL2,1.3431470927623637,-2.0936355838839713,0.31169228843964725,-6.716995131207297,1.8551016510373865e-11,5.09476941122011e-11,True
SPRR2D,1.4291061979262785,-3.6412245198029316,0.5421943396188404,-6.715718431075271,1.8714185642041295e-11,5.138735092436683e-11,True
AC008786.1,1.0274936492944267,-2.3206425624187155,0.34564301735021136,-6.71398652925021,1.8937779994552062e-11,5.199275747413491e-11,True
DCX,157.2937548433713,-1.915245861196936,0.2853617971340972,-6.711640732683373,1.9244805700055503e-11,5.2818288642181797e-11,True
AC093627.1,1.259374695620895,-1.778591425969052,0.26529264692517024,-6.704262053937479,2.0242670915310066e-11,5.550672852776479e-11,True
AF233439.2,5.938875787912023,1.7374004328929689,0.2591875294474645,6.703256273929366,2.0382553238331613e-11,5.5881105552870845e-11,True
MKRN4P,3.967513645344785,2.1995526755525376,0.3283130239540631,6.699559612537013,2.0904857679975718e-11,5.728480680111013e-11,True
AC097515.1,2.906595971379429,2.2617518640451633,0.33814892763958204,6.68862645767685,2.2527493373496464e-11,6.162997346289857e-11,True
DISC1FP1,2.9032349946605014,-1.7264312182219683,0.25823401391839845,-6.685529888280007,2.300905530080487e-11,6.292160600463646e-11,True
AL713899.1,4.7662612336692165,2.006210080164687,0.30012559471845435,6.684568445575921,2.31606135384581e-11,6.333087085060996e-11,True
GABRG2,6.193252758279742,3.189915574008078,0.4772284883110694,6.68425220233041,2.3210678212907853e-11,6.346256519818513e-11,True
AC126407.1,3.5127261579655085,2.298857521026222,0.34411404992652606,6.680510492137899,2.381113325515576e-11,6.505632335951085e-11,True
LINC02365,2.1348395820830253,1.8679886707401983,0.2796874852717383,6.678842526419446,2.4083677355319993e-11,6.576324867948631e-11,True
AC092724.1,1.7409530676954532,2.4551043365715524,0.36766326473935784,6.677589446723794,2.4290436075793743e-11,6.631153836703058e-11,True
CLEC6A,6.19324574989925,1.902431809920844,0.2852662025821829,6.668970220447929,2.5760451196036366e-11,7.023261011581236e-11,True
AL358394.2,1.3219002189920899,-1.5820280949561214,0.23727712292747968,-6.667427838964675,2.6032538384673123e-11,7.09396243332623e-11,True
LIVAR,4.413540512579018,1.7383465403850278,0.26072819797494784,6.667274786105251,2.605969093868802e-11,7.100781380131601e-11,True
CRISP1,3.884136500447135,2.529957037174743,0.3795605839694747,6.6654893685647005,2.6378490584774925e-11,7.183539788597575e-11,True
FEV,0.7777090219075582,-1.829606783389042,0.27449797444270113,-6.665283367221914,2.6415518405129963e-11,7.193036035704085e-11,True
AC051619.10,2.1544438108936803,1.519342003027301,0.22797819629668786,6.664418035179334,2.6571614483068618e-11,7.233769562415146e-11,True
AC106900.1,5.570691671025512,2.4131416957881116,0.36214783635108594,6.663416023970608,2.6753494219468347e-11,7.280906469112535e-11,True
RPL39P40,3.7770225377087048,-1.6562076809944652,0.24884388122071405,-6.655609424149267,2.8212855999940604e-11,7.668681512283146e-11,True
CST2,89.75040764002354,1.6595486109897006,0.24936386127369367,6.655128784552441,2.8305209504423495e-11,7.69315755308084e-11,True
AC009686.1,0.9361834874205297,1.87883642689299,0.28262144429414005,6.647890543428047,2.973232705947051e-11,8.071828192008157e-11,True
AL023693.1,2.8892142888579406,1.693828673736954,0.25482821754906687,6.646943144790507,2.992425513633522e-11,8.120628078294762e-11,True
AC129492.2,7.101972420480034,1.7710571896610061,0.2665674738388141,6.643935826663966,3.0541559218608805e-11,8.285450731159074e-11,True
GGT3P,3.5986438542423556,-1.6914780247332095,0.2546254140325794,-6.643005495581774,3.073503751686399e-11,8.335226202731538e-11,True
LINC02885,2.1330418029873224,2.425917065070586,0.36534266848450775,6.640114266241137,3.134400674733944e-11,8.494297549332032e-11,True
NEUROG3,5.251473374569314,2.1199928596525233,0.31950338295547265,6.635275157471415,3.238977472070657e-11,8.77043355927934e-11,True
LINC02287,2.633234594847827,2.7487668214705976,0.41496060542132207,6.624163319502802,3.4922049162461537e-11,9.44461452857781e-11,True
VCX,5.717441093025309,2.5446627026642146,0.38417569067152274,6.623695263529696,3.503286205604232e-11,9.473815412803725e-11,True
P2RX2,29.034102789440457,1.9462168376043387,0.29440112060683266,6.610765725323023,3.8233714851283284e-11,1.0321834020686847e-10,True
OTOG,1.558540814740337,2.066789605989715,0.31267461178079425,6.61003333215513,3.8423350000383026e-11,1.0369671434513018e-10,True
LINC00524,2.429763326393122,2.181315357394013,0.33013608537874156,6.6073218106149945,3.913347651695755e-11,1.0559610877611597e-10,True
AC108749.1,4.7352888632585595,-1.8019946599470578,0.27292440001199064,-6.602541435899059,4.041682559999113e-11,1.0900612348840308e-10,True
LRRC31,284.7022221418253,1.9471829100893825,0.2950241352751014,6.600080052005546,4.1093582749018614e-11,1.1081344635700022e-10,True
LINC02253,3.642354460833427,2.825162000705537,0.42824185812887605,6.5971178367513215,4.192275564055559e-11,1.1300371628329199e-10,True
NR1H4,1.130893080746452,-2.467333566380714,0.3740616785726604,-6.596060777451282,4.2222589136455254e-11,1.1379352877902426e-10,True
LL22NC03-63E9.3,3.4362123325965226,2.8033900786208914,0.4250836886134563,6.594913316399006,4.255044009906418e-11,1.146678486354498e-10,True
TGM7,1.5314559491243214,-1.8836788156644193,0.28564091315015266,-6.5945693664486615,4.264919728471409e-11,1.1492469943826198e-10,True
AC012531.4,3.5564122073912903,1.9657098315513295,0.2980936800739072,6.594268724730983,4.2735703184648116e-11,1.1513919579130957e-10,True
SLC5A1,1154.4672805145592,-1.7762843122369871,0.2693866961504407,-6.593808594189114,4.2868432545433806e-11,1.1547813868801874e-10,True
IGHG3,11105.219516925354,1.589113028507289,0.24109965593832783,6.59110450540741,4.365664369505216e-11,1.175444381225815e-10,True
OPRK1,10.564186300601929,-1.7170152726079935,0.2605885937334496,-6.588988596961735,4.42832792691632e-11,1.1920276699873463e-10,True
GUSBP3,25.77858818241281,2.0177573824540724,0.3064674614492523,6.583920436160859,4.582023903049797e-11,1.2327034135431404e-10,True
AP005435.1,1.1778937502905198,-1.840465534486649,0.27981971649046306,-6.577326135448987,4.7898342046197775e-11,1.2875719884722307e-10,True
AL672277.1,3.715276873600679,-1.5083925894711896,0.2294391069355299,-6.5742610735275955,4.889537448480467e-11,1.313949914338236e-10,True
CASC9,16.834985359120044,2.4674496687537575,0.3754200119010835,6.572504369862645,4.9475935046848666e-11,1.3292298057499044e-10,True
SORCS1,413.79336780486494,1.681908515449581,0.2559448348371354,6.571371196140077,4.9854001963753376e-11,1.3389555540703965e-10,True
ZNF474-AS1,1.7874004543854307,1.5716626525838464,0.239235453928163,6.569522312757962,5.047693085489301e-11,1.3551402085653092e-10,True
AL353699.1,1.1910379332318168,-1.8658478143212986,0.2840924051396332,-6.567749720039938,5.108130231582269e-11,1.3705932504066061e-10,True
MOGAT2,251.5494611432141,-1.523537107070903,0.23215880710769635,-6.562478184875183,5.2920784756186534e-11,1.4184658823614086e-10,True
AP004371.1,2.234448985747791,1.655469325070523,0.2522754853823741,6.562149003742187,5.3037776454147367e-11,1.4214874282483008e-10,True
GLYATL1P4,5.376872407286484,-2.3802001513564846,0.3627457564719498,-6.561620939432104,5.32259803370052e-11,1.4260731246555685e-10,True
AC113346.1,2.09408985217748,1.8079389190889836,0.27560316850999983,6.55993517368936,5.383117507983408e-11,1.4418246387739031e-10,True
SERPINA6,1477.5230706196119,2.425397359726467,0.3698069050264935,6.55855076462866,5.4333211332014724e-11,1.4551544046830702e-10,True
AL031713.1,1.3014679200509192,3.250290448807366,0.4957669823198261,6.5560849445809986,5.523877366112871e-11,1.4789321313623805e-10,True
AC022905.1,6.881616909883635,1.7133263347440846,0.26135016049573095,6.555673551124799,5.5391286456261466e-11,1.4828963731475184e-10,True
IGKV2D-28,23.824129958194316,-1.5857808181928144,0.24196031723285943,-6.553887994231218,5.6058019812921064e-11,1.5001435586110613e-10,True
AC036176.3,0.8238253294253222,-2.431730974514298,0.37114651983810304,-6.551943355349359,5.679308614751495e-11,1.5189611275430876e-10,True
MS4A6E,5.2753610508749835,-2.339802292136875,0.35716633290023353,-6.551015805821895,5.7147009309004514e-11,1.5280593436866515e-10,True
LINC01616,1.2010617802979524,-2.8006312820843697,0.42754189037346596,-6.550542403313895,5.732847515001034e-11,1.532420100815722e-10,True
PCSK1N,165.64251823397598,1.9237061478633821,0.29371022932561397,6.549673643578538,5.766295774511933e-11,1.541237459198513e-10,True
AC009262.1,22.326844331052065,2.2130359882748865,0.3379360718825519,6.54868234677243,5.804695061500343e-11,1.5512523087264599e-10,True
ARX,79.12934469837812,1.9970231894752686,0.30495896687681423,6.548498015741082,5.811862913257044e-11,1.5530433997933428e-10,True
CRAT37,12.414990862119435,1.8480767664866347,0.2823369079165226,6.545643572157587,5.923971488612934e-11,1.58160695840007e-10,True
FREM2,377.7306992860059,1.520250110050809,0.2323364627543012,6.543312625270072,6.017086175186941e-11,1.606081373909951e-10,True
GACAT3,6.507176641980843,1.8578171786280238,0.2841009510020323,6.539285321205187,6.181350023748305e-11,1.6490028153106329e-10,True
BOLA2P3,2.7067173800162756,1.511248979704632,0.23112608489130057,6.538634444551674,6.208306190830278e-11,1.6560614554311224e-10,True
AC023421.1,48.64414130866224,-1.6056603953768882,0.24560710816773137,-6.5375159837814705,6.254896218556861e-11,1.667955653227673e-10,True
CEACAM16,4.87575072320496,1.8076190334034807,0.27651527072940696,6.537139987369397,6.270635201780417e-11,1.6718853001612977e-10,True
LINC01956,18.560816890567267,-1.5649075812906856,0.2395023617157813,-6.5339964503054455,6.403746351769535e-11,1.7066933356122608e-10,True
IGKV1OR2-6,15.018684873592534,-1.6359731823676114,0.25042924973603603,-6.532676131450309,6.460475004232703e-11,1.721537202686028e-10,True
CCDC175,4.337980576502162,2.1908253436250344,0.3353735909099746,6.532492131180135,6.468419655929115e-11,1.7232411495892318e-10,True
AC090578.3,4.568290103881489,1.928722822744118,0.29534263450947457,6.53045851625003,6.556864741729141e-11,1.7461062227255859e-10,True
CISTR,0.933159714680234,-1.9097380419565448,0.2927688695401669,-6.523022905256445,6.890433527841601e-11,1.8330334055519269e-10,True
AC013799.1,0.9688662767021757,-2.7817069720599705,0.42674397195563585,-6.51844467611872,7.104012918932512e-11,1.8890975746230792e-10,True
AC005208.1,1.4690715245049588,-2.424637770190606,0.3720338390145081,-6.517250625946564,7.1607727665662e-11,1.9037357381394787e-10,True
AC118942.1,1.9900950945686873,-1.816921065940012,0.2790158671278951,-6.511891544530593,7.42102951277659e-11,1.9719833722835576e-10,True
LINC02306,33.28597724366601,2.1370517762257135,0.3282072857408961,6.511286827169379,7.450971278025686e-11,1.9797820185712583e-10,True
CXCL17,1010.73429450474,1.7685727846357164,0.2718468086330942,6.505769898600213,7.729646683881834e-11,2.0517031778157853e-10,True
LINC02263,2.996129566647413,2.1218301043582586,0.326487293776114,6.498966865807911,8.087346988120359e-11,2.144770852539371e-10,True
SFTPA1,8.270953581501361,-2.564314034429406,0.3947713483302046,-6.495694394428285,8.26512859608306e-11,2.1906992016434112e-10,True
NXPH1,157.58096785629047,2.3906984069225077,0.36830014360326935,6.49116881555646,8.517297291738335e-11,2.255923654850145e-10,True
PMCHL2,1.596777777756835,2.6190121080731403,0.40361952232374565,6.488814250100655,8.651454902900713e-11,2.2905475512610023e-10,True
HMGCS2,3884.39328316944,-1.9230354803540985,0.2963806530490115,-6.488397473218646,8.675416147056776e-11,2.2965268541688874e-10,True
NPY1R,11379.672395732821,1.7256231250530056,0.26614944546394076,6.483662297492186,8.952247929859109e-11,2.367929221231531e-10,True
AL512631.1,1.9855791048244076,-1.5849096753614287,0.244447673193492,-6.483635759980816,8.9538234670443e-11,2.3681581315128906e-10,True
FOXN4,23.79672862848896,1.8028841876262909,0.27818867835232064,6.480796408770354,9.123971926334203e-11,2.4122034229532217e-10,True
IGHV3-38,8.525491037187225,-1.5474984252419326,0.23889383848038676,-6.477766170469828,9.309046454324812e-11,2.459573682501015e-10,True
AC107419.1,7.072536435819223,1.9783388711062986,0.3055009899128476,6.4757200023170896,9.436088761756661e-11,2.4917580498521093e-10,True
AF127577.3,4.359639692193652,2.918105924190009,0.45121795175142754,6.467176035136055,9.985130639921326e-11,2.633613743362356e-10,True
ANKRD34B,14.676589543011808,1.7783015013930712,0.27519319272690107,6.462011228445754,1.0332043030236562e-10,2.723390001702175e-10,True
AC084128.1,2.6497752172450797,1.576748963402948,0.24404070847020995,6.461007973984889,1.0400783794710171e-10,2.74129249007974e-10,True
ELAVL3,4.43400722822185,1.5444852929616715,0.2393308836929331,6.45334722009083,1.094062947334906e-10,2.880617813885345e-10,True
MS4A15,215.9256270632546,2.0626375015545255,0.31982471251266215,6.449274933602461,1.1238652294509418e-10,2.9579182019540256e-10,True
AC010327.4,2.052633988783284,2.04975434065563,0.317954254881179,6.446695740623546,1.1431495029944943e-10,3.007011577170168e-10,True
OR2S2,0.6003963077116443,-2.1228936672562844,0.3293556888510598,-6.445595868290263,1.1514711306520241e-10,3.0284235596304695e-10,True
AC022031.2,4.756703787694002,2.1721808315356737,0.3371612921370568,6.442556966630312,1.174772471085632e-10,3.088245872476332e-10,True
PRELID2P1,2.845000306183654,-1.5279413687292336,0.23723625988757385,-6.440589518032885,1.190103376693104e-10,3.1267814337986157e-10,True
AC009652.1,1.652758214728385,1.620616548233657,0.2516680691787794,6.439500066583366,1.1986766312978205e-10,3.1481073379391255e-10,True
CCDC140,1.7284624180349777,-1.9299050159344977,0.3001119063166374,-6.430617963881525,1.2708620784163137e-10,3.3334890241549193e-10,True
METTL8P1,2.004427197776698,2.566106966534841,0.39922675246060985,6.427692910654901,1.295551300995903e-10,3.396913305834765e-10,True
AC015802.7,2.370457232622854,-1.5890677571266871,0.24737647830186124,-6.423681701813326,1.330171959185625e-10,3.486317562628215e-10,True
AC011306.1,7.435866534954757,-1.595234449443837,0.24842304337352625,-6.421443147064499,1.3498842903928431e-10,3.5365929138432655e-10,True
KDM3AP1,5.620170537490999,1.5396375894369463,0.2398226643636884,6.419900277240282,1.3636364400947294e-10,3.571780681803262e-10,True
FAM25A,1.553040861020355,3.1202089335996344,0.4861087176755256,6.41874712414097,1.3740042254197968e-10,3.598371832379834e-10,True
WFDC12,1.9891726469228572,-1.9313071312004164,0.30100055925482067,-6.416290840062568,1.3963456912725143e-10,3.6548726519305456e-10,True
ZNF840P,3.7775013032364537,-1.6042342467915591,0.2501132137515892,-6.414032360500849,1.4172010464644065e-10,3.7085873900299354e-10,True
CTSLP2,1.3329274115693124,-1.6410678232055642,0.25605135071424273,-6.409135584045488,1.4634700494478447e-10,3.8257633204543524e-10,True
CST11,1.7158886122164696,2.9330870352675396,0.457738693394719,6.407776046885922,1.4765758380641085e-10,3.8582094823787473e-10,True
C10orf67,10.469310371581539,1.876055277277255,0.2928005697055794,6.4072801469057605,1.4813847497894432e-10,3.870471640608598e-10,True
AL033519.4,12.763413253134155,1.567624914776085,0.24466916040057168,6.407120996408267,1.4829313282366862e-10,3.8742089201226204e-10,True
AC079296.2,4.997868747773074,1.809205228170224,0.2824965342350296,6.40434486415686,1.510164177232039e-10,3.943193324969564e-10,True
FADS6,5.493119449226311,1.8823881725791303,0.29404911624303526,6.401611392782805,1.5374558039082084e-10,4.012883588051564e-10,True
MAGEA12,23.02615387465018,4.054000472010927,0.6341562264743039,6.392747248654815,1.629314642759096e-10,4.2440064064182687e-10,True
TRAJ32,2.555009316177105,2.2105756969015995,0.3458030046691527,6.392586724388266,1.6310266283573008e-10,4.2481339447897235e-10,True
SLC5A8,277.50575328117105,2.5508281029590436,0.399715656524935,6.3816066779458716,1.752395811984229e-10,4.553225394145855e-10,True
AL355870.1,5.931266192065369,-1.8179096689340268,0.28490172186717055,-6.380830754619268,1.7612987634895886e-10,4.5752883987859705e-10,True
AL158817.1,0.6587390834525215,-2.8870448571985325,0.4525788978186115,-6.379097370897809,1.7813475621234707e-10,4.625567223332214e-10,True
LINC01287,24.243125972928404,1.816057596877016,0.2849144155106077,6.374046022284899,1.841053035753991e-10,4.77539688024888e-10,True
EEF1DP5,13.767120700531455,-1.9391311259269164,0.30428667503425166,-6.372711278627763,1.857153112898419e-10,4.816783260386481e-10,True
AC137579.2,1.276788253796023,1.9973040075310269,0.31341826426184993,6.37264714688851,1.857930142776904e-10,4.818423853446378e-10,True
LINC02433,7.501334675144545,1.9642148771492958,0.30826261453614606,6.371888073761137,1.8671513514373033e-10,4.841585445850449e-10,True
AL672032.1,1.5951081995455336,-1.5001756407821503,0.23558371874382017,-6.367908821464357,1.9162276650841507e-10,4.96613898064123e-10,True
AC093063.1,2.920774525519712,2.003703517360149,0.31488507769527074,6.363285081737752,1.9748365525867765e-10,5.115248480948848e-10,True
SLC15A5,11.627914094654399,-1.7216565729051805,0.27056647091458413,-6.3631556677571295,1.9765019003612908e-10,5.119164482381848e-10,True
BPIFB6,2.184667999638514,2.8209488126998004,0.44345496579094507,6.361297155999513,2.0005697964047323e-10,5.18069592640949e-10,True
AC130467.1,0.5097887978931179,-2.6276678392009916,0.4131467393784711,-6.360132100168569,2.015803122413458e-10,5.219738980461714e-10,True
AC243964.2,1.0470191988678,1.9430907056993323,0.3058945093140333,6.352159475031775,2.1231304288849393e-10,5.490406069547444e-10,True
IL36RN,7.241515540250103,2.0681327863412555,0.32567457933851707,6.350304621692837,2.1488897508804247e-10,5.555296457528006e-10,True
AL365255.1,2.0229959856427513,1.9599940411965462,0.3086787816811432,6.3496234840694905,2.158425499014216e-10,5.579083240321274e-10,True
AQP5,476.8117076943952,-1.8734505065664346,0.2953338255949031,-6.343501299902461,2.2460107612065e-10,5.800078432358338e-10,True
AC112254.1,1.4881287714620306,1.648484472701989,0.26008290608636825,6.3383038028441625,2.3230841677428274e-10,5.992615556161475e-10,True
AC007907.1,1.2783838445745244,-2.0314242572327235,0.32053713232213193,-6.337562960384858,2.3342783412049356e-10,6.019629477330915e-10,True
TEX13B,1.369218661273315,3.057398132798903,0.4825236929067667,6.336265302084667,2.3540131358597553e-10,6.068175316362911e-10,True
TMEM196,1.0542312018032305,-2.592080900296733,0.4091069122595715,-6.335949901164469,2.3588343186155156e-10,6.080133381628445e-10,True
AC027419.2,2.7755826299655864,2.9388717578097916,0.46434784941737756,6.329030621111365,2.467061532279313e-10,6.355661262262093e-10,True
AC008011.2,1.9383346656041074,-2.013538052721117,0.3182285074165332,-6.327333993637384,2.494330819115496e-10,6.423927599558475e-10,True
FRGCA,1.9283784548627287,1.8688667422285155,0.29544355807069067,6.325630365517574,2.522008769393042e-10,6.49420665975512e-10,True
AC241377.3,2.4908142454588287,-1.5422949086801352,0.24388024119951135,-6.323984678276698,2.549030110270655e-10,6.560241175136292e-10,True
AC103996.2,1.1766451808349943,-1.6286121210814137,0.25767972171837356,-6.3202960257050265,2.6106271362228584e-10,6.716177147720135e-10,True
GMCL2,1.9599897140277336,1.9844316502303894,0.3143180405589265,6.313451326884178,2.7288017672311456e-10,7.010090874558093e-10,True
SHH,11.343912978010684,1.5998626742603854,0.25359650885348123,6.308693607390028,2.814005633579144e-10,7.224347488393446e-10,True
AC011487.2,27.988277090492616,2.0074336869981346,0.3182162778523529,6.308394091422157,2.819455599876192e-10,7.23666780576242e-10,True
ARHGAP19-SLIT1,1.6463046399477506,2.3650622342772483,0.3752415768885536,6.302772347051696,2.9236817180590253e-10,7.493802291564863e-10,True
TRBV20OR9-2,1.4855923093923538,2.549436900951742,0.4045533837965809,6.301855337424788,2.94103607755096e-10,7.537704591934135e-10,True
FMO9P,5.745194679069893,2.1126516272950377,0.3353049991286681,6.300686338661894,2.96330522767682e-10,7.591861875838848e-10,True
LINC02112,0.9984091017958933,2.137266034045446,0.3393507675487191,6.298102843508694,3.013105847016797e-10,7.716484940267483e-10,True
AC123912.3,3.51480256517488,-1.637101668857355,0.2599818019914778,-6.296985620982115,3.034894201469311e-10,7.771687531659376e-10,True
DHRS2,9558.38704632385,1.9550880130893586,0.31076892192796857,6.291131046696226,3.151611277829099e-10,8.064381531828637e-10,True
SIX3,62.801010288418446,1.6616210937421074,0.2641680999303861,6.29001417726054,3.1743697917491043e-10,8.121370018031521e-10,True
AC009171.1,1.0834650278490154,1.7645627224057523,0.28082937031672134,6.283398066290809,3.312514346664804e-10,8.465060608959736e-10,True
IGLV8-61,539.641865004928,-1.7362773645563239,0.2763577199111295,-6.282717070884331,3.3270623593282027e-10,8.499632497413531e-10,True
CLIC6,3507.338339115563,1.5345651254748385,0.24428802037937397,6.281786241878305,3.347048485539151e-10,8.546762629727806e-10,True
PHGR1,84.06953123373225,1.8692787007288456,0.29768677604410193,6.279347458994665,3.399969908092352e-10,8.678576078451728e-10,True
ZNF729,23.822167101724247,2.1486379061323606,0.3425647643321559,6.2722093158682535,3.559605962100774e-10,9.07702242163165e-10,True
Z98745.1,1.07950912931654,-1.6007735209180751,0.2552640564014804,-6.271049451632829,3.5862268754307365e-10,9.142109774402967e-10,True
IGKV1OR2-9,0.8935692627355173,-1.97577148087268,0.3154967043149425,-6.262415593731146,3.790590653056869e-10,9.655698723555877e-10,True
CYP2G2P,5.371460884904453,-2.1696957524757687,0.3465316522922618,-6.261176253665469,3.8208437016853724e-10,9.7312751342222e-10,True
AL445649.1,4.052755347322148,1.753016030333544,0.2799954651133968,6.2608729381512696,3.8282836471156917e-10,9.749479293444917e-10,True
AC004593.1,7.220226011758231,1.7157938718187877,0.2740600487186138,6.2606493717019225,3.8337765009289326e-10,9.762722398402487e-10,True
NR5A1,2.4904410556309147,-1.5556574639043792,0.24859855290560304,-6.2577092493981175,3.906732877956905e-10,9.943950140969686e-10,True
IGHV3-75,2.257193757975552,-1.5254661920958188,0.24377700466174695,-6.257629566876011,3.908728870343125e-10,9.947758626002012e-10,True
AL357833.1,0.6438099140591218,-1.9894686141265139,0.31793668812231807,-6.2574364282272334,3.913570992410596e-10,9.958315201121698e-10,True
SEMA5A-AS1,0.9760663417552577,-1.753741493376223,0.2803104851151161,-6.256424880631946,3.9390270065561114e-10,1.0022324837235046e-09,True
AC105393.1,0.5926946401141234,-2.921650421716543,0.467181019302962,-6.253786650141888,4.006182114634259e-10,1.0186974253979254e-09,True
AL031587.4,0.5356224088572483,-2.580769174947659,0.4126889824407555,-6.253545126609109,4.0123855472204816e-10,1.0201970540885624e-09,True
AC005487.1,1.74069553956115,1.5960900734400578,0.25556509116609827,6.245336818723486,4.2288782783454484e-10,1.073605829054068e-09,True
OGDHL,54.158044372882266,1.5090738473700978,0.24163661159821487,6.245220198168208,4.232034823244505e-10,1.0743254115884982e-09,True
PSG4,40.95043158592957,-2.0327436304634547,0.32581225715144,-6.239002940637128,4.403687170880708e-10,1.116880093251964e-09,True
AC103871.1,1.7302816565068586,3.161066697500641,0.5069525343675453,6.235429321690378,4.50540738091257e-10,1.142070771861153e-09,True
RAD21L1,5.945304157731035,2.0850948378059364,0.33481478338446774,6.22760684796771,4.736137347013214e-10,1.1989179018183063e-09,True
AC025125.1,1.121272173671856,-2.0451874886115116,0.3284251094082432,-6.2272567779501795,4.746728130952739e-10,1.2015076769574412e-09,True
AC004551.1,1.1003245646137616,1.6631616081085001,0.26751727636971234,6.217025048542993,5.06668907244039e-10,1.2805533450308038e-09,True
AC025062.3,6.909750392281487,-1.6841088667270139,0.2709872214054174,-6.214716908025192,5.141726284578174e-10,1.2988291915194481e-09,True
MKNK2P1,4.315676107347851,3.5685544311683146,0.5743492508381487,6.213213347037048,5.191188947668489e-10,1.310926550172622e-09,True
UGT2B4,79.91387427648172,2.1023349080304397,0.3384261287317058,6.212093953588047,5.228314884305573e-10,1.320201961662047e-09,True
AL583809.1,1.1258944246531726,2.738307388077441,0.4409009816207429,6.210708304643549,5.274630499819379e-10,1.3314938501133636e-09,True
AC015818.5,1.7906235697731923,1.5383723117449764,0.2478792233622842,6.206136564727697,5.430299439015098e-10,1.3698567019040433e-09,True
MIR663AHG,1.9442423951752723,2.9371404204484146,0.4733362457968692,6.20518805929111,5.463153352184909e-10,1.377831816849539e-09,True
ANKRD26P3,1.10292855840975,-2.2406325399405738,0.3614468660629149,-6.199064787438385,5.679964913118028e-10,1.4308894839671636e-09,True
GP2,1334.3203519336466,1.5965574753645217,0.2578372126656811,6.192114236957186,5.936250139627239e-10,1.4937599479848245e-09,True
AC073848.1,1.013396366866577,-2.0108451280439925,0.32484337933075674,-6.190198895808625,6.008834626600453e-10,1.511568423945829e-09,True
NUS1P2,6.970948619149754,1.7130402966331661,0.27677428949618166,6.189304287444658,6.04303303824715e-10,1.5199419925522604e-09,True
FOXD4L4,3.322615234132113,1.5459251244807588,0.24984162294858708,6.187620406223836,6.107919062258131e-10,1.5359145891060656e-09,True
AC110741.1,1.2554823665271635,1.8197178237465843,0.29416295143635873,6.18608772743523,6.167569330802045e-10,1.5505636608587818e-09,True
PSG1,0.9840673371445385,-2.2124340305972043,0.357808826179925,-6.183285231439979,6.278112795567871e-10,1.5777602382772638e-09,True
AC026462.3,4.917429220115506,1.7674377336907183,0.2860526978374063,6.178713737198656,6.462595327350218e-10,1.622899785932247e-09,True
SLC9A2,475.4680780488365,1.5421259017184468,0.25001543740211996,6.168122727710296,6.910550049559985e-10,1.7334331222472805e-09,True
AC025470.1,0.6924785136872733,-1.9610784373670327,0.3182883326112071,-6.161326811066345,7.213793812943387e-10,1.807866610564733e-09,True
LINC02835,6.306944635222123,4.717613518603809,0.7667644633493131,6.1526241031003766,7.621129200612635e-10,1.907083647566825e-09,True
AC064843.1,0.7049444503182116,-2.412957240680015,0.39232747883207963,-6.150365118097645,7.73047770142617e-10,1.93372112859932e-09,True
YWHAEP7,7.8891133382002225,1.5832074952242856,0.2575250926587229,6.147779538215261,7.857514194378507e-10,1.9650561744906547e-09,True
FTLP15,1.4105844268732424,-1.555497775971093,0.2531445148563765,-6.14470266856707,8.011344020433684e-10,2.0026258281796186e-09,True
FAM230C,2.6167193368359434,4.1155223156576,0.6701410099968114,6.141278110523608,8.18601157698251e-10,2.0452150140904234e-09,True
SORCS3,12.931563083574463,1.838165673625606,0.2997588513986656,6.1321481085505285,8.670032877439639e-10,2.162741614404477e-09,True
AC092329.2,0.9396589187956024,-1.5739250767923414,0.2567119215909878,-6.131094602221216,8.727648572192121e-10,2.176951026432573e-09,True
POU6F2-AS2,4.229704481653238,2.8846610933230115,0.47119689822362065,6.121986592437221,9.241580197489277e-10,2.3010113334781986e-09,True
ORM1,83.2331542801149,2.000007039312652,0.3270093691096445,6.116054242598963,9.592068725932755e-10,2.3861397877154366e-09,True
CUX2,161.20469747550092,-1.5886046255507735,0.25976382568261347,-6.115572949298082,9.621065759584592e-10,2.3931746253180168e-09,True
AL445647.1,2.640277472102971,3.9375412968371317,0.6438647564126792,6.115478844929045,9.62674535663195e-10,2.3944087924993953e-09,True
RGS7,13.368729101508265,1.6357032238019709,0.26763921655633466,6.111597712952041,9.863857716541603e-10,2.45210429361868e-09,True
AC138625.1,2.1936442137174827,1.5563625325469461,0.2547043157180417,6.110467850375349,9.933948877416911e-10,2.4689764578400398e-09,True
RN7SL28P,2.5604631566429474,2.1236075023300742,0.347722675186811,6.10718728995509,1.0140222383885234e-09,2.518554228645182e-09,True
AC087203.2,1.1183089257021641,-1.7095496983222354,0.2801908066201613,-6.101376840103731,1.0515865231209623e-09,2.609133171606351e-09,True
AC012531.6,2.4281314778615046,1.647872945404215,0.2701992764532946,6.098731895342653,1.0691321296001202e-09,2.6522901985674748e-09,True
AL451065.1,1.7580339207707834,1.6002102321595153,0.26239219262844915,6.098543619494938,1.0703919084293307e-09,2.6551993271503833e-09,True
AC066615.1,0.9308549428165458,-2.3576821757749533,0.3866858888252723,-6.0971507983843045,1.0797565249191379e-09,2.6774332924030286e-09,True
BNIP3P37,1.1662517178200216,1.6020510606723366,0.26276740467352533,6.096840902557151,1.0818509442570925e-09,2.6822278745096853e-09,True
GPHA2,4.443568928614703,1.877895388856275,0.30807599718002787,6.09555890769025,1.0905574251074671e-09,2.703210909016569e-09,True
INSM2,1.8107228053964508,1.5899905434229633,0.26086514424096097,6.095067043354363,1.0939159517325768e-09,2.7111328087343717e-09,True
LINC01517,5.33372098866871,1.870025510580669,0.30685762616975065,6.094114504901334,1.1004487324932022e-09,2.726715564300156e-09,True
CCDC92B,3.7474644403248147,3.3584088970120844,0.5512861371035894,6.091952383669358,1.1154186552095775e-09,2.7631924478223298e-09,True
SPATA3,2.154770915097787,-2.0708014415130758,0.3400930287723907,-6.088926459292325,1.1367031466229417e-09,2.815326839770512e-09,True
AC125603.1,5.714150688608095,1.660924420254315,0.27279319479135794,6.088584510052202,1.1391331921931703e-09,2.8211015020384698e-09,True
MUCL1,28313.34540196315,-2.100614385773987,0.3455675687785759,-6.078737056254158,1.2113280371527684e-09,2.9967788361281655e-09,True
PIP,13312.905552631575,-1.7475937819377336,0.2884809561910498,-6.057917323250861,1.378952344333489e-09,3.4006272078072557e-09,True
IGHV3-42,1.2182307285062506,-1.7723361399925341,0.29294643762412453,-6.050034792594385,1.4481455536053385e-09,3.5680979731942687e-09,True
AL136305.1,12.218596039710775,1.8183899824089917,0.30111529521915786,6.038849607707673,1.5521682474624286e-09,3.818757571717044e-09,True
NTNG1,132.90665317608818,1.6230302790178683,0.26878395502833596,6.038419513719722,1.556310209348771e-09,3.828665474444686e-09,True
AC122694.1,1.3116782596925967,2.085496874063805,0.3454653647591445,6.0367755694345675,1.5722414952987024e-09,3.8658616549964185e-09,True
AL355870.2,2.5747224928611545,-1.7860828218212175,0.2959124399547585,-6.035849057560028,1.5812901325099588e-09,3.887537385114237e-09,True
AC026462.5,1.064805208338821,2.120127678507977,0.35167446177207395,6.028665453342094,1.6531909772099971e-09,4.060112371969673e-09,True
KIF3AP1,1.5106750382086138,2.548926499187597,0.4228211591104814,6.028379716261014,1.6561158445882992e-09,4.066696657181002e-09,True
POM121L2,1.202491021251124,-1.540919862440765,0.2558724928782559,-6.022217726912656,1.7204324384510896e-09,4.218417865591161e-09,True
OLFM4,1287.1442840252341,-1.9358918678783745,0.3220062981358214,-6.011968955532107,1.83283427219174e-09,4.487093682522561e-09,True
IGKV1OR10-1,1.85609507401588,-1.6402460077360073,0.272958730968881,-6.009135527242049,1.8651516306618458e-09,4.5638668817185335e-09,True
MUC13,37.61247166789974,1.7920985954337048,0.2983324865433837,6.007051448529046,1.8892757960116898e-09,4.621879292927952e-09,True
CYP2C18,2.8040406178132584,-1.7024645680247734,0.28372765347750134,-6.0003476825700846,1.96895473679996e-09,4.810452125827243e-09,True
AC005355.1,1.141873783822913,1.7377760052650502,0.28979828510557076,5.996502031169697,2.016130895923337e-09,4.921384076134341e-09,True
MORC1,1.0944418657810202,-1.5207682455532134,0.2536388595925244,-5.995801463531086,2.024842822434393e-09,4.941926469947641e-09,True
LINC00237,0.9649136297288531,-1.7114978582094262,0.28545266868585845,-5.995732553801887,2.02570172961045e-09,4.9436609572469e-09,True
AL590550.1,25.86525240901225,1.921954118721199,0.3205672351542215,5.995478975874024,2.0288654422971916e-09,4.950657323126439e-09,True
DCAF8L2,2.292292867192173,3.8987035063440696,0.650320088817084,5.995053164412795,2.034188822682984e-09,4.962557647963045e-09,True
LINC02874,1.67283709941199,1.7796750028284236,0.2970993814909799,5.990167309999787,2.096252732440499e-09,5.1109761934609e-09,True
GEMIN8P1,1.0402669271496208,1.9550104754179307,0.3265225595830964,5.9873672370879545,2.132648940777594e-09,5.1981954046186216e-09,True
RNA5SP101,1.734231559433926,2.3012919523071984,0.38480693895201723,5.9803805996184325,2.2261685494069602e-09,5.420201135589744e-09,True
LINC02443,1.4439549939531646,2.7722087700416465,0.46398406372817347,5.974793073207259,2.303824187635542e-09,5.603955713600124e-09,True
DRD2,144.59174695491535,-1.5006793149978002,0.2511961073961636,-5.974134434460266,2.313150003557739e-09,5.625409426722601e-09,True
AL391832.4,1.3430159590778419,-1.5665892943528563,0.26230265165881034,-5.972449323122339,2.3371775824342833e-09,5.682599533143841e-09,True
AC009229.1,0.6794929543543813,-1.6619535197118598,0.27841009056724064,-5.969444269515333,2.380630591703281e-09,5.783612559387537e-09,True
AC114550.1,9.128967000548213,1.5301370626149424,0.25632943590129736,5.969416104064379,2.381041562513794e-09,5.784189617444093e-09,True
LINC00200,5.89943671909168,1.585535974262102,0.2657100659490552,5.967165634463009,2.4141031710474464e-09,5.862369959314155e-09,True
AC138409.3,1.7905041092868361,1.9024726487430588,0.31888249369826893,5.966061751082531,2.4304833347158164e-09,5.8999991796067666e-09,True
AC090358.1,1.9812796412074287,3.406819655063759,0.5720669850808436,5.955281014132134,2.596253279719189e-09,6.295989719702969e-09,True
LINC02790,1.1603165541821092,-2.359386237035716,0.39619550152967975,-5.955106072447342,2.59903204550972e-09,6.302270027317942e-09,True
AL445985.2,2.898635255611536,1.8441198916877193,0.3097481983505642,5.95360974335869,2.62291830758982e-09,6.358803623132662e-09,True
CUBNP3,0.6559197851273582,-1.7619547706056429,0.2960641554657991,-5.951260016037913,2.6608596442379233e-09,6.446567982251398e-09,True
AHSP,1.6784773155413415,-1.66065401537419,0.27912627923070743,-5.94947211688944,2.690086621892276e-09,6.514064678585936e-09,True
AC097526.1,2.6710987593093467,-1.5644896874776975,0.2629847832216159,-5.94897418897165,2.6982818071824933e-09,6.533434980594566e-09,True
OR7E62P,11.433212188041614,1.5647632283421178,0.2631874935906721,5.945431551454146,2.7572945250822254e-09,6.673417165031361e-09,True
AL031658.2,2.1217427998888088,3.5345147318686854,0.5946688733107128,5.943668637288691,2.7871273481973464e-09,6.74268479760851e-09,True
AC016769.3,6.685962138886206,1.7380880096719993,0.2924456965245988,5.943284617716375,2.793667469586059e-09,6.758016570667741e-09,True
LINC01310,1.972828083950041,-1.9680611471249532,0.3312945830354088,-5.940517134608888,2.8412435776026964e-09,6.869617347166848e-09,True
AL589787.2,10.472295508812861,-1.6130854422124952,0.271651023767265,-5.938079745999757,2.8837977203086886e-09,6.968968853230033e-09,True
AC139491.7,1.7792336162737368,-1.7644895636126061,0.29725261630475774,-5.935993383498318,2.9207157938911807e-09,7.05511741347798e-09,True
AC009975.1,1.8188752340937238,-1.884993732151504,0.31768174415234324,-5.933591611255954,2.963785015032346e-09,7.157079396546973e-09,True
AC004817.4,0.8200489216002229,-1.9343291808704035,0.3262855318811621,-5.928332677573072,3.0602602335133875e-09,7.38470466913444e-09,True
MAGEA3,67.40678895842156,4.248364572057217,0.7172826322638548,5.922859945247416,3.1639029156499345e-09,7.629835731723889e-09,True
AL138740.1,6.187336604837504,1.5269654483401351,0.2578955898546787,5.920866848481445,3.202490735187628e-09,7.717868443978336e-09,True
AL022337.1,1.4091199291067338,2.7548586294621336,0.46568856849052853,5.915667284665511,3.3053277154208125e-09,7.957650446258207e-09,True
KCNAB1-AS2,1.1951227101069757,2.1030098267153208,0.355770339496953,5.911144334541502,3.3973916951068186e-09,8.172216938842851e-09,True
AC004870.2,1.2226791469906324,-2.342385925865604,0.3964833777797836,-5.907904485132341,3.4648680200926526e-09,8.330321072890915e-09,True
SYT10,7.321777229657629,1.9603670799683348,0.33245717153683113,5.896600367819578,3.7106708728252647e-09,8.911649354590937e-09,True
IGHV1-17,2.2952499003991176,-1.566259504354902,0.2656949336240378,-5.894954348550665,3.7478498241138674e-09,8.998347284692108e-09,True
MAGEC1,8.928461435340251,2.1732989250806964,0.36873927630639536,5.8938634008568265,3.772690809583462e-09,9.056032952479585e-09,True
AC016769.2,1.2419074566492632,1.887381694578414,0.32030786810233874,5.8923987904517965,3.8062922762104916e-09,9.134717984984433e-09,True
AC055807.1,2.262703674039134,1.5221856805639589,0.25841805492520725,5.890399883260936,3.852622181249228e-09,9.243244397300756e-09,True
AC078820.1,2.6086082026358604,-1.5353469504906396,0.26070348190390774,-5.889246047954781,3.879614720730891e-09,9.306666042415082e-09,True
LINC02293,3.716450240849622,2.5626266781620277,0.43547885335445596,5.884617951990863,3.989745204567451e-09,9.559851474861326e-09,True
AL121888.1,2.6780613360215755,1.851006070131828,0.31474538421820286,5.880963353059325,4.078854763487896e-09,9.768454399106489e-09,True
AC090403.1,1.61606668420883,2.163141767445408,0.368053237151938,5.8772523893124475,4.171319807975965e-09,9.987030244539482e-09,True
LINC02608,10.280187928447404,-1.5631047719815412,0.266236127624104,-5.8711219470126625,4.328557151997898e-09,1.0351599316025665e-08,True
IGHD,498.22712046484526,-1.6070343203464093,0.2737370720581085,-5.87072225279472,4.339006672330243e-09,1.0375100990574409e-08,True
GABRA2,81.93845284128146,-1.6028064344327804,0.2730406386195401,-5.8702120041044905,4.352382185367686e-09,1.0406337360182605e-08,True
AC092894.1,0.46816021394700486,-2.3327016872949957,0.39783240926920743,-5.863528543539273,4.531329097565401e-09,1.0817903505956657e-08,True
SCN1A,12.42983571321887,1.9185642492145512,0.3274588671823452,5.85894731061352,4.6581044691341935e-09,1.1113401483842912e-08,True
AL133467.2,1.6214374548789388,2.5943881659440104,0.44293313025925934,5.857290838518792,4.704787878618558e-09,1.1220765999002382e-08,True
PAGE5,4.25964751412828,2.0862442494735283,0.3562633051762116,5.855905503491722,4.744179300977699e-09,1.131147747968151e-08,True
RN7SL170P,0.6319571853041545,-1.9840390660393772,0.33906078947726237,-5.851573309606855,4.869445624989436e-09,1.1601024585495977e-08,True
PES1P2,0.7786737674523273,-1.5402972445541339,0.2632539200919776,-5.850994522763321,4.886423180357438e-09,1.1639809045838585e-08,True
LINC02820,8.923659208922368,3.1894699825517088,0.545825635816264,5.843386190137375,5.115024848141279e-09,1.2172182364825427e-08,True
AC018558.5,2.541027637846166,3.6249619574384613,0.6209525239791172,5.837744138971194,5.291232891823227e-09,1.2582524651270165e-08,True
IGKV1D-33,35.56703044288873,-1.5249979934217854,0.26142848546966707,-5.833327575922202,5.43327503258402e-09,1.2913854255694139e-08,True
TMPRSS11F,2.779475407814588,-1.8023164123324045,0.30928743406798065,-5.827318583968917,5.632502558742718e-09,1.3374987740779754e-08,True
AC013480.1,1.632539285818061,1.7966394888839061,0.3084105987598483,5.825479072730912,5.694899570196367e-09,1.3521230654028094e-08,True
AC023790.1,1.0560320714217628,1.8060748980507313,0.31011589657073024,5.823870746460775,5.750005271701358e-09,1.3646237247791673e-08,True
AL449423.1,1.5031731703263926,1.568447058045931,0.26932747075032915,5.823568808916289,5.76040816007144e-09,1.3669953158060376e-08,True
PHF2P2,3.3404253511948876,2.6086084849511773,0.4483924857313431,5.81769001034094,5.966642044477071e-09,1.4146277942646513e-08,True
STRIT1,0.6961784476223166,-1.9009994638819365,0.32710972724048043,-5.811503925361362,6.191408134214864e-09,1.466145493630132e-08,True
LINC02652,1.0825427299839967,-1.5432652124550388,0.265553241864064,-5.811509592660263,6.191198496326914e-09,1.466145493630132e-08,True
AC025154.2,29.397571446536514,-1.7623373911926061,0.30406551109422897,-5.795913468944734,6.79502948404653e-09,1.6058921285767677e-08,True
GTF2IP6,3.9605580293772036,4.464982213266108,0.7708196344092222,5.792512299830291,6.9341245934170984e-09,1.6381844790724484e-08,True
AL390061.1,2.271857225599549,3.5894036596836343,0.6200678895636128,5.788726879906264,7.0921906641793335e-09,1.6749342572035733e-08,True
RORB-AS1,1.8636196026659604,-1.8924737951340902,0.32741409839974916,-5.780062020492212,7.467309227755687e-09,1.760781272971961e-08,True
LINC01633,2.61481854523789,3.869545123306835,0.6696106500271618,5.778798654337222,7.523589768309642e-09,1.773550542046782e-08,True
AC097374.1,1.6301592189351268,1.7093947307312707,0.2959758910923639,5.775452603326491,7.674650230636143e-09,1.8081378349804645e-08,True
AL136982.5,1.3691233409674382,2.957638207072959,0.512406388964839,5.772055678400041,7.831022918178837e-09,1.8440671042108887e-08,True
AC119751.4,1.8576485276533514,2.6685589085654637,0.4624279120085503,5.770756563924977,7.891641126054581e-09,1.858079214295356e-08,True
AC006487.2,1.8468810881529274,1.7219387194759626,0.2985207804577665,5.768237363025303,8.010492905298001e-09,1.8856633577947557e-08,True
AL050303.3,5.321335942741855,2.503338568887911,0.4342304811134341,5.76499964366611,8.165801375745923e-09,1.92127352955941e-08,True
MUC15,503.70129930423377,-1.7661677285822717,0.3063824390942294,-5.764585378338469,8.185883091657171e-09,1.9257266875259242e-08,True
AC090578.2,2.4667369094539295,1.9079100972248177,0.33124708690406873,5.75977924834509,8.422401290745182e-09,1.9798312585117436e-08,True
ARHGAP40,687.8004450366495,-1.6368210053682424,0.284251615168581,-5.758352522983883,8.493882823694505e-09,1.996212109142974e-08,True
XAGE5,0.8567508123876826,-2.9053411956808683,0.5045712588879971,-5.758039413667406,8.509648911869334e-09,1.999494691481226e-08,True
FOXE1,9.801731511682474,-1.9058750675108211,0.33113731613979736,-5.7555430168015596,8.636372560542489e-09,2.028841846446404e-08,True
AC073508.1,16.741272828917772,1.7885536413402654,0.3108474478327026,5.753798700328597,8.726005509255622e-09,2.0490322329824373e-08,True
CLRN1,1.7975927617811687,1.8512025142228177,0.3221727093374811,5.745994184391495,9.138244739103416e-09,2.1432683297303594e-08,True
GABRG3,28.78042870979617,-1.809224293276317,0.3148835662264308,-5.745692971399196,9.154528653042793e-09,2.146936540438285e-08,True
CRYBA2,4.144871866587182,1.6887111889997604,0.29414229601680697,5.741136898255766,9.40430244916308e-09,2.204583736659213e-08,True
LINC02418,2.3141174154140005,2.46184793580155,0.4288382333031769,5.740737986067327,9.426484409772246e-09,2.2096283726821862e-08,True
AP005264.4,2.671285959196253,1.641761171477097,0.28635115529193456,5.7333841374005425,9.844632388398329e-09,2.3048907997802294e-08,True
AC108472.1,7.666569018220372,1.6927609899822973,0.295580475670706,5.726903937552804,1.0228004539076893e-08,2.391626163046384e-08,True
AC009975.2,1.5775279493226544,-1.7827306678363999,0.31134074763729813,-5.725979273079999,1.0283877722891934e-08,2.404522457973239e-08,True
AP005205.3,1.0383694400518846,-1.7595881226666397,0.3074872033027431,-5.722475939703414,1.0498271583403162e-08,2.4527592758505817e-08,True
OR7E47P,8.10351116957114,1.5131087129755223,0.2644640540691679,5.721415404831479,1.0564025432492416e-08,2.4672574000153345e-08,True
RDH8,1.6999902207487683,-1.5231404003323719,0.26650138260466066,-5.715318942985981,1.0949845295449904e-08,2.5552193041631717e-08,True
AC008115.2,1.0993773749095554,1.5592361704281676,0.2728234158514193,5.7151845473459435,1.095850305486631e-08,2.5567746373196032e-08,True
RNA5SP118,1.0951662762685255,-1.6922574583997694,0.2965592064909284,-5.7063055921399455,1.1545463592860008e-08,2.6891302232035788e-08,True
ASNSP1,6.074865902274883,2.5057546472721164,0.43924068911591424,5.704741635652192,1.1651969097041177e-08,2.712989718754634e-08,True
AC069061.2,5.838319046746278,4.948688410631001,0.8675595399040303,5.704148456690853,1.1692613826402773e-08,2.7220731483190652e-08,True
AC084335.1,1.0104431948243193,-1.7154771495792254,0.30081019651402624,-5.702855719185156,1.1781670300915796e-08,2.7420400786184723e-08,True
SNX18P7,3.3107500719786227,2.3928474971736944,0.41967361319659074,5.701686791665874,1.1862764726333233e-08,2.7605285106307095e-08,True
BTBD17,1.386293778616439,-1.5956578419718266,0.2798685836182931,-5.701453951502148,1.1878982684401355e-08,2.7635311722504415e-08,True
AC115837.1,24.576419456030997,2.148142816962065,0.37685107995022626,5.700243229356772,1.1963660705654827e-08,2.7828424417443177e-08,True
AL160411.1,1.5124952926885191,1.5165030703090718,0.2660580754437925,5.699894911212528,1.1988130560151474e-08,2.788145380085721e-08,True
IGF2BP2-AS1,0.5910118800903323,-2.07250817920939,0.36365276617821024,-5.699140421755366,1.2041301416946881e-08,2.7999258189496693e-08,True
AC100826.1,25.055266265470202,2.0798890991017855,0.3653759190248263,5.692463544540446,1.2521934024231578e-08,2.9080360569226944e-08,True
SSX1,10.976541065676374,3.8336142359478798,0.6736839291335036,5.690523508373871,1.266504734109206e-08,2.940452964202723e-08,True
H2AP,0.9370869981981208,2.2775536739472857,0.40035480935396134,5.688838052482734,1.2790669742320839e-08,2.9689987139740914e-08,True
IGLV2-33,6.211812955040036,-1.6040755713903525,0.2823252868778043,-5.6816574566507985,1.3339562523379484e-08,3.0929644065367616e-08,True
PSKH2,2.0277066139275193,1.6376921560372397,0.2882480334070238,5.6815380028099565,1.3348884483037425e-08,3.0949106550668456e-08,True
MAGEA11,4.161053826265309,1.8925358325704196,0.33391172261761876,5.667772960273305,1.446654797167856e-08,3.3461292017444046e-08,True
SERPINB4,4.245385099003233,-2.337055683436208,0.4133267491978211,-5.654257044751963,1.5652182385041384e-08,3.6106013028895695e-08,True
AL356515.1,1.980398824892324,-1.5391884948188868,0.2722300349194202,-5.653999549588585,1.5675662099348305e-08,3.615767432225527e-08,True
AC015574.1,0.6890690558569459,-1.7827743021747386,0.3156079465483587,-5.648699032049166,1.6166660446959503e-08,3.7256717520948966e-08,True
AL138759.1,1.1191959634298705,1.544970688449522,0.273582106228416,5.647192024903898,1.630896346629e-08,3.757687043231347e-08,True
AC087045.3,1.056301007388091,-1.7395399717619233,0.30827923330175816,-5.642741332690354,1.673636981403137e-08,3.8543000961821155e-08,True
NT5CP2,8.566291152785613,1.548387388599782,0.27441211136759514,5.642562133584562,1.6753804426738924e-08,3.858048776600721e-08,True
LINC02623,2.9643521712055705,-1.5963211352257307,0.28328003430417315,-5.6351346438756575,1.7492161569636123e-08,4.022521694840678e-08,True
KRT85,1.3989741240430693,-1.5374345094423523,0.2730649675123622,-5.630288364884263,1.7990857374519925e-08,4.13321233523605e-08,True
PRLHR,1.3345894020283773,-1.7495549221197713,0.31078523194001084,-5.629466082408568,1.8076831404515668e-08,4.152105864792293e-08,True
AC104350.1,1.2612711631117246,1.6635979524624924,0.2955720856873156,5.628400085867397,1.8188881066699394e-08,4.177267369281442e-08,True
AL137001.2,4.055231366392722,4.760115925218864,0.8458807706823042,5.627407656257821,1.8293803942159623e-08,4.200785427715219e-08,True
SRRM4,8.23170090574093,1.7314568163489326,0.3085065644638318,5.612382411888426,1.995598148661519e-08,4.569568982402705e-08,True
LNCDAT,4.529550364095069,-3.169596180284591,0.5649023013558412,-5.610874964887089,2.013061797344525e-08,4.6086083531023937e-08,True
AL136961.1,0.5330534679597823,-1.6529584807241477,0.2948745791515735,-5.605632352168555,2.0749599107267258e-08,4.7454284777688643e-08,True
AC105999.1,1.0168362795358836,2.7954778054230727,0.4990339102183712,5.601779254239067,2.1216263991705414e-08,4.849161728869741e-08,True
UBE2U,0.564401613764872,-2.458750422590474,0.4393327307595246,-5.596556437622464,2.18651165672033e-08,4.9940399452069234e-08,True
WFDC8,1.117020949425184,-1.8678457038837624,0.3341706171088776,-5.589497125880435,2.2772813574255484e-08,5.1953109856878237e-08,True
AC016705.3,1.4976653514425065,1.9770355222046698,0.3540141136290187,5.584623454522666,2.3420709820741777e-08,5.3380074618091684e-08,True
AC010547.2,1.6981370158005908,-1.5267179226269323,0.2733814974693203,-5.584569317088715,2.3428006261773294e-08,5.339305547897749e-08,True
LINC01611,3.8855527154969347,1.8801504750154083,0.3367704029006677,5.582885131298101,2.3656099715682806e-08,5.3898153270363186e-08,True
AC106712.1,5.963924497947392,1.8768493039958414,0.33635655388150976,5.579939746489999,2.4060191665381292e-08,5.479263396946194e-08,True
AC010947.1,1.7779264454041879,1.7171351752794048,0.307793059673976,5.5788625549200095,2.4209643564618374e-08,5.5121690669519904e-08,True
TBC1D3P7,2.0204738025979325,1.903395566122572,0.3413497259153226,5.576086405280257,2.4598977846364205e-08,5.5992854562719255e-08,True
LINC02570,0.912199298286051,-1.954637232154811,0.3506713036840777,-5.573986840724663,2.48974549736033e-08,5.6652922073873945e-08,True
CDH18,11.95496304037679,1.7271858137688947,0.3099093769505026,5.5731963671584985,2.5010738133147118e-08,5.689904536478091e-08,True
KRT24,13.916109851668281,1.6098658899344356,0.28901194029174326,5.5702400679686646,2.5438857345085303e-08,5.7845387535882297e-08,True
LINC01385,2.5975635065479916,2.77873379559245,0.49897849839032854,5.568844758955467,2.564338260279096e-08,5.829455803820557e-08,True
AC113615.2,1.437665751344506,1.5414431174931682,0.2769564799215033,5.565651029107727,2.6117546074826917e-08,5.9344146899870736e-08,True
AJ003147.1,1.132689792041719,2.7848882412968057,0.5006512073080106,5.5625317599274,2.6588862104058335e-08,6.038215609862046e-08,True
AL583808.1,3.312310662852057,2.5441584641179356,0.45772091512422264,5.558318136778755,2.723865695352621e-08,6.181571764158867e-08,True
HTR2C,6.116421230667861,2.409586059214493,0.4337951379086115,5.554663592661393,2.78146911922361e-08,6.309292181811195e-08,True
AC080037.2,1.9949482300988814,1.7201707557983277,0.3102368455257901,5.544701671018406,2.9445577725238356e-08,6.67106366548216e-08,True
OR7E136P,1.2952600471448694,-1.5723024960890022,0.2837295772894471,-5.541553020695534,2.998007694439702e-08,6.787546408816675e-08,True
DDX3Y,1.7054112030501458,-2.1005021741259857,0.3798095087992837,-5.5304096539511045,3.1948381062900595e-08,7.21994009667732e-08,True
CSAG2,1.542462479059098,3.097968567368908,0.5605352162871043,5.526804520667509,3.26115972918358e-08,7.364828049606771e-08,True
AL133325.3,8.465875538010263,2.167330991737576,0.3922126520791307,5.525907897790882,3.277860651934973e-08,7.399538000499519e-08,True
AC061975.5,1.3574694363922521,1.7695061261648062,0.32039428889382165,5.522901585649733,3.334465280446709e-08,7.524262983802511e-08,True
AC120498.6,2.3258831125586608,2.07139784605391,0.37518334100697837,5.521028307105412,3.37021474877167e-08,7.602874359520152e-08,True
AC011370.1,5.227252147253001,2.686969073511679,0.48738083618972344,5.513079042085517,3.526097752258216e-08,7.947005064544114e-08,True
SLC17A8,5.5042547603896255,1.9418214384954993,0.3531470920487023,5.498619363479578,3.827763926778086e-08,8.606533117187324e-08,True
TMEM238L,1.1767892473304167,-2.056397300395871,0.3740324473418793,-5.4979115181316045,3.843156712323318e-08,8.639977969480272e-08,True
AC109466.1,1.304729410838032,1.6023643699291066,0.29146837071942194,5.497558331883637,3.8508595219110626e-08,8.656127945282557e-08,True
AL353705.3,2.0329007979580256,1.9709438657746354,0.35860866961428073,5.496085378790706,3.883145598439792e-08,8.725761239968239e-08,True
DRD5,0.7466243208665702,-1.7107470379354297,0.31128273318204813,-5.495798049726484,3.889474170790569e-08,8.739393216661817e-08,True
LRIT2,0.6576822868307026,-1.744367808142123,0.3174610927235369,-5.494745177045104,3.9127498266848006e-08,8.789323317399394e-08,True
AL353803.2,1.58609579546566,-1.7735267562615566,0.32282491708446037,-5.493772823606273,3.9343653913028894e-08,8.834903470107068e-08,True
IGHV3OR16-16,1.3602021486515512,-1.723068291459668,0.31368708847002014,-5.492952546640586,3.952690280137497e-08,8.875455706457404e-08,True
AL162413.1,3.878668893714918,2.966671868476306,0.5404373023104652,5.4893913795240605,4.0332105027008185e-08,9.051991187466827e-08,True
H2AC5P,0.989824927371328,1.6245463766442723,0.2962017060583761,5.484594934521082,4.144178889716155e-08,9.294789279248372e-08,True
SPRR2B,0.9235346567391158,-3.0993688759421048,0.5658250072528588,-5.477610279174252,4.311083287821323e-08,9.658738096442948e-08,True
OR4K7P,1.3263534624340132,3.319168699177291,0.6064015044076608,5.473549579035904,4.411093962790983e-08,9.877497654274928e-08,True
AL157414.1,1.1445313194278928,2.9204597649032804,0.5337377059528454,5.471713413407028,4.457051837575039e-08,9.97505011283068e-08,True
NKX2-2,25.692887581118235,2.6401203975770398,0.4826564838764457,5.469978101968022,4.500911860691378e-08,1.0070507188339265e-07,True
AC006058.3,1.073096060496234,-1.679505461154015,0.30721829546495505,-5.4668145938775945,4.581948687374196e-08,1.024426165025758e-07,True
AC020930.1,0.8025322676269205,-2.097794790308029,0.38387413155824723,-5.464798531207408,4.634328435369532e-08,1.0359288088420038e-07,True
UGT2B17,105.72020435638198,1.8568314797860768,0.33984949585779994,5.46368761000903,4.663439091217906e-08,1.0421366631496652e-07,True
DPP3P2,2.3021884662085497,3.4467439949782492,0.6308918558361004,5.463288142165652,4.673950042447236e-08,1.0442955913545013e-07,True
GACAT2,6.864981606921121,1.7366052317578862,0.31807763040492604,5.459689917669204,4.769668797742983e-08,1.0651110535417888e-07,True
AP001066.1,2.542418246655354,1.9991465765795147,0.3664948495812066,5.454773999863677,4.90351702394414e-08,1.094414330287198e-07,True
AL513493.1,1.4726178671407053,-1.6233275846192767,0.2977770543411889,-5.451486476050939,4.995052103042846e-08,1.1143965251831406e-07,True
AL023754.2,3.3586973970372433,2.218734527284646,0.40771702793665904,5.441849065056312,5.273034538043262e-08,1.1749210183016286e-07,True
AC026336.3,1.957366425079388,2.2758479447716287,0.418468016577417,5.438523028319882,5.372406687388931e-08,1.1965831204016127e-07,True
AP000365.1,0.7541850039223816,-1.7306869668242262,0.318385645463595,-5.435819709472792,5.4545086615519696e-08,1.214220741967136e-07,True
AC123023.1,5.136269089411597,1.9267458277848806,0.3544769000011979,5.435462304534849,5.4654539283253446e-08,1.2165760449587634e-07,True
AL357054.5,1.354408683418827,1.871505177688879,0.344478300443263,5.432868123422257,5.545539243668396e-08,1.2338260606918228e-07,True
AC006305.1,0.7880872016198939,-1.7134732022292547,0.31553612350318233,-5.430355114988834,5.624202417487735e-08,1.2507437077940683e-07,True
AC115099.1,1.0870815506239004,1.7788663518885508,0.3276015951736806,5.4299685291381765,5.6363990458461735e-08,1.253288917055101e-07,True
LINC01470,1.5149570849942047,1.9553696483018055,0.3605684665103569,5.423019010026602,5.860075763300713e-08,1.301376217821905e-07,True
PCSK2,72.06872705244189,1.8288906288520737,0.3373324549684979,5.421626653216236,5.9059130141885346e-08,1.3112935626509548e-07,True
OFCC1,5.296238619330291,2.1934491236769493,0.4046069439949675,5.421185069192069,5.9205226588548865e-08,1.3143623362411903e-07,True
AL513123.1,2.032518671591427,3.1898432415686626,0.5884438520174007,5.4208115704373725,5.932907058111392e-08,1.316936351710309e-07,True
AC004969.1,5.687618021147205,1.6456372497641347,0.30380538978347,5.416748040372237,6.06927731800777e-08,1.346221012825016e-07,True
AC079310.1,9.870993015596818,-2.115462081132042,0.3905939488752358,-5.416013451370099,6.094251828374122e-08,1.3516706851852127e-07,True
COX6CP16,1.287883641247361,1.6751636517437714,0.309391408657596,5.414383220956461,6.150032497655249e-08,1.363589081605644e-07,True
PCBP3-AS1,0.8423978164306762,-1.7889451455600212,0.3304275922543559,-5.414030751351208,6.162157625816088e-08,1.3660050163742404e-07,True
AC020934.1,0.9785600207731132,2.51677780171523,0.4656604614039789,5.404748760775345,6.489929578742897e-08,1.4362775334892622e-07,True
DYNAP,2.1788341258363944,2.272574327521562,0.4205774452239143,5.403462200193949,6.536673571772186e-08,1.4461425430876386e-07,True
MTNR1A,0.9646218685592083,-1.5488978357461325,0.28698225972578384,-5.397190185993132,6.769262259443032e-08,1.4958131930172652e-07,True
AC084114.1,2.653789047875185,3.464739273907852,0.6428320247096834,5.389805020172419,7.053416842731239e-08,1.5569525965597305e-07,True
LINC01812,0.6772637491285104,-2.1492633288305196,0.4005553659335683,-5.365708492810387,8.063207823599867e-08,1.7731613432854071e-07,True
ANKRD34C,4.435637118677086,-1.6372849101387847,0.3051866462697693,-5.364864190982685,8.101014897252586e-08,1.7811230604461794e-07,True
LINC01414,1.3228334143233265,3.060736726262602,0.5705548038143086,5.364492079990868,8.117732140203539e-08,1.7845632771499524e-07,True
LYZL2,9.285779621173935,1.8275261932404963,0.34087123588324936,5.361338830790745,8.260740518042446e-08,1.814805240686413e-07,True
H3C11,0.6950114987734354,1.8169102839212206,0.33899621695572607,5.359677167602476,8.337079873087998e-08,1.8306115136134554e-07,True
IGLV8OR8-1,1.0368132117591964,-1.8070475326748912,0.3374628062034657,-5.35480503171473,8.564871913683424e-08,1.8790205476575785e-07,True
AL445686.1,0.8975181018782494,-1.9317785633439661,0.36127599999932164,-5.347099069264478,8.937510201079643e-08,1.9578102187060235e-07,True
ADGRG7,4.187739795586395,1.9403179506940937,0.3630364398591123,5.344691985870881,9.057093400423483e-08,1.9833541782830308e-07,True
PNLIPRP1,1.303390875638674,1.7929401307224773,0.3355194896559276,5.34377342002136,9.103134620515485e-08,1.9930438317986534e-07,True
AP003900.1,2.4530774728588782,2.9072440669625172,0.5444550183349984,5.339732336113238,9.308390864935796e-08,2.0362448471941217e-07,True
AC022874.1,1.0230374879246744,2.6167384695951816,0.4902363729606409,5.3377077139179745,9.412903863168579e-08,2.0585673220067478e-07,True
AC000124.1,4.425645952690016,1.5245983568093548,0.28641041763930175,5.323124659276174,1.0199979333979196e-07,2.225152814868007e-07,True
PSLNR,1.570853470632914,2.729040669095032,0.5128399055561579,5.321428070492054,1.0295581880233629e-07,2.2452743926491716e-07,True
GS1-594A7.3,1.841531375276844,-2.1212233771189264,0.3988207243904549,-5.3187390910062105,1.0448884628388657e-07,2.2775153821708063e-07,True
AC103563.7,0.8607007856287993,-1.654338030281079,0.3114286783009285,-5.312092769704782,1.0837340590731264e-07,2.3591022934745232e-07,True
IGLV5-37,26.97616210970224,-1.6089455532646664,0.3030352119999036,-5.309434315062958,1.0996600527997734e-07,2.392521079124455e-07,True
MINDY4B,0.7795322481533438,2.0463426169376966,0.3859670160569422,5.301858790534053,1.1462949505655564e-07,2.491870823701893e-07,True
AL355338.1,1.2677054360428377,2.2523717476772984,0.42536973526361616,5.2950916836653334,1.1895671198723124e-07,2.583916751164056e-07,True
OR1J1,1.3647901709557289,1.6149347621278909,0.3051964201191774,5.291460370004564,1.213434867310915e-07,2.6340453941256073e-07,True
FAM83C,2.0450129871156273,-1.906940039241454,0.36039453652410336,-5.291256792162599,1.2147865627653997e-07,2.6364647326346036e-07,True
AC084759.2,0.610611266683757,-1.985281694310287,0.3757025524066554,-5.284184740276783,1.262657840325765e-07,2.736264625188377e-07,True
AL359538.3,0.6259015209056237,-1.666922164362219,0.31567451630383586,-5.280509126551765,1.2882540683778624e-07,2.7904640767948384e-07,True
AC012123.1,4.8905676860391365,1.5197271784683402,0.28796443870912286,5.277482126893588,1.3097097408111672e-07,2.8360178005526665e-07,True
LINC00355,8.572535712510879,3.029257289526443,0.5742561843491751,5.2750973730646145,1.3268561675404057e-07,2.872027411650872e-07,True
APOA5,3.0967751643747334,1.7818641717537809,0.33782060155011556,5.274587054719461,1.3305534713608205e-07,2.879656545941463e-07,True
PLA2G3,69.18592252689625,1.6140254517942727,0.306407366843137,5.267580438496967,1.3823359597995638e-07,2.9876553417599256e-07,True
OTP,2.853190068358461,1.6365262553714575,0.3108488071454608,5.264701738442412,1.4041713349750137e-07,3.033668686841263e-07,True
AP006565.1,0.9024276828585667,1.875258776259911,0.35653460152295746,5.259682421424564,1.4430440831984021e-07,3.1152302647969645e-07,True
AWAT2,7.025989852026737,-1.5711607972650778,0.2990826060760199,-5.253267041767468,1.4942464031721497e-07,3.222817003494373e-07,True
IGLV4-3,8.842226814798996,-1.5406682956971018,0.2935700808105482,-5.2480426187958615,1.5372374034140191e-07,3.3121417603342886e-07,True
LINC02241,1.5531556454042963,1.538818683152065,0.29335126516706894,5.245652110195194,1.5573051349511774e-07,3.3536464513422976e-07,True
AL355538.1,0.6326948563207326,-2.4293168191983026,0.46420974918265107,-5.233230933808862,1.6657241398862873e-07,3.579728981896365e-07,True
IGFL3,16.192793041117483,1.667120031747759,0.3192688709325714,5.221680481652249,1.7730670667249274e-07,3.803551627956362e-07,True
AC016769.1,6.073526940626268,1.5099952962461483,0.28920022948496804,5.221279730432006,1.7769089503840962e-07,3.811302841932032e-07,True
LMNTD1,2.491601088663021,1.6496784845812815,0.3161089404150315,5.218702395494906,1.8018101034300067e-07,3.862974293750389e-07,True
AC108667.2,2.506434379409975,-1.6333331361724899,0.31302301587240666,-5.217933037991888,1.8093084723884878e-07,3.878302368278936e-07,True
SCGB1A1,1.4157265475337852,-1.8771689347968905,0.3601510762144419,-5.212170832662409,1.866435507101555e-07,3.997415562669691e-07,True
LINC00973,0.825585818161103,-1.5301509360718197,0.2943880410341886,-5.197734699739779,2.0173175704909905e-07,4.309218784159879e-07,True
LYPD9P,3.823681397177284,1.97808071166532,0.38073411584465,5.195438573391283,2.0423776765572855e-07,4.3616325009931424e-07,True
LINC00112,1.3875057390851606,-1.5330448821876048,0.29513483272210955,-5.194388165056327,2.0539419678697624e-07,4.384924824690398e-07,True
AC119150.1,2.4976056602189156,2.5521651375117527,0.4914137300568659,5.193516138054219,2.0635904513937952e-07,4.4049592244467566e-07,True
AP006222.2,1.308969006377784,2.0174259327063186,0.3888593172041788,5.188061191927225,2.124947847889433e-07,4.533031777602808e-07,True
FMR1NB,2.116186705390647,1.8007380082654676,0.34769622817138895,5.179055343038794,2.2301230767321757e-07,4.7519247642924617e-07,True
APOC3,1.2223409330363275,2.6766550586150952,0.5171123590269625,5.17615758333777,2.2650216834217728e-07,4.822896700321332e-07,True
AC117464.1,6.805659347920502,2.1961538876809406,0.4242890710092499,5.1760793236012015,2.2659714691722964e-07,4.824303021286192e-07,True
LINC01419,3.5888079336462853,4.444373783643494,0.8604822093030634,5.16498044421297,2.404640620298649e-07,5.10909531385956e-07,True
FAM47C,0.829100012038299,-1.6022523430740125,0.31041979787541674,-5.161566221098622,2.448922297412207e-07,5.201191548617991e-07,True
GLDCP1,2.0787185385960965,1.9986028302868784,0.38823846681755175,5.1478743120683585,2.634549169076127e-07,5.582994232669489e-07,True
LINC01937,0.6611571500435426,-1.631669288482945,0.31756605282414924,-5.138046947941487,2.776085358405332e-07,5.870991858549015e-07,True
DSPP,0.8657734528107354,1.611325504422529,0.3137243788249967,5.136118240021655,2.804712341905236e-07,5.928901615757969e-07,True
HAND1,3.185969236829074,2.59256039252486,0.50528072751733,5.130930691267936,2.8831306396776014e-07,6.088110156563562e-07,True
AC239804.2,0.8678697413474528,1.8515241832026765,0.3609454064753706,5.129651603777972,2.9027891299594774e-07,6.129233550400064e-07,True
SLC25A48-AS1,1.0846219016939884,2.0045922204591373,0.39087943080065535,5.128415727461134,2.921906417338895e-07,6.16842799973633e-07,True
AL592164.2,1.4880472348748026,1.5266229334310166,0.29770676225403997,5.127941743319604,2.929270500450702e-07,6.183582853496041e-07,True
KRT31,36.57572822674987,1.6301589592220513,0.3179155937289577,5.127647059086572,2.9338579113326035e-07,6.192874706312488e-07,True
AC096736.3,0.6366080255143542,-2.222063662193194,0.4336689845614304,-5.12387037417575,2.9932680398119573e-07,6.315481200790142e-07,True
DCAF4L2,3.4278432137561756,3.7438582484972636,0.7323852151366907,5.111870326053098,3.189847681250468e-07,6.719615332071369e-07,True
LINC02303,36.68286562456847,-1.906270435308467,0.37323201859839916,-5.107467581337469,3.2650509212497046e-07,6.871958546718611e-07,True
AJ003147.2,1.9135392759617345,2.017279209585687,0.3952472382546747,5.103841379116399,3.3282727780858016e-07,6.998837813001035e-07,True
AC012405.1,1.228920233874068,2.4880872918927195,0.48752966221504807,5.103458281057842,3.3350205972264247e-07,7.011701040026733e-07,True
AC007666.2,1.3528424479439574,1.5214347204645247,0.29812265499045826,5.103385116817841,3.3363107998561474e-07,7.013529303101529e-07,True
LINC01874,2.3456271094784253,-1.6786808870465342,0.3292730478152398,-5.0981424024369835,3.4300275427877524e-07,7.205088720359584e-07,True
AL163153.1,1.2151204479654218,2.2042548719936956,0.43253995154760616,5.096072314492528,3.4677270920474116e-07,7.283362564094289e-07,True
MIR5093,1.2636256441447389,1.96438286895459,0.3856291694187447,5.093968570674999,3.506449202774171e-07,7.361446299232976e-07,True
DDX53,1.995627834224404,2.9899452994404716,0.5891572635016937,5.074952792179021,3.875922166304378e-07,8.115151200658257e-07,True
LINC02077,5.188667801852664,4.906500050220948,0.9682916809161486,5.067171542338013,4.037703862455248e-07,8.442747890715409e-07,True
NDP-AS1,2.702458842355053,2.1143541425381844,0.4178711960899988,5.059822649472126,4.196466143066539e-07,8.767020572895196e-07,True
OR4K11P,1.667080763543675,2.3934782511552894,0.4730792543461329,5.0593599891913215,4.206660253340673e-07,8.786115913362441e-07,True
AL132633.1,2.999824600511641,1.8849900463937297,0.3729957694969362,5.053649935322425,4.3344574895515346e-07,9.041575779261729e-07,True
CIR1P2,1.0496550955927533,-1.9853443020245407,0.392854254327534,-5.053640835385485,4.334664114631219e-07,9.041575779261729e-07,True
RPS4Y1,6.0476775776488845,-2.788058906734332,0.5517502797488991,-5.053117341423324,4.3465666887662027e-07,9.064135349153582e-07,True
ZIC5,18.359852067009964,1.9875507556858198,0.3937850915481854,5.047298128711949,4.4810183541378606e-07,9.335758174057818e-07,True
AC138123.2,1.138368305801707,-1.861133764874112,0.36978750713718106,-5.03298172315941,4.829091822416353e-07,1.0030855383728618e-06,True
UGT1A7,3.9067427752560513,-2.6622513481091614,0.5294361465739172,-5.028465406710706,4.944206851398037e-07,1.026293752566122e-06,True
LINC02702,1.0636122319665873,2.430318190112061,0.4845543077977684,5.015574417566356,5.287525338198073e-07,1.0961253341428953e-06,True
LINC01603,2.2491444519713846,1.5544945783634228,0.31042676381299567,5.00760488325635,5.511152177449829e-07,1.140782161043848e-06,True
ZNF804B,9.542079455713598,2.0165658308446863,0.40309287495113916,5.002732511928234,5.652334480955416e-07,1.1692079308112032e-06,True
HAO1,0.5788710823290526,-1.8753579366425388,0.37491036138179484,-5.00215019326378,5.66943925223873e-07,1.1726733835074703e-06,True
AC011369.2,1.481620141008298,1.5673047612864122,0.31342652454995346,5.000549214961599,5.716723268354995e-07,1.1821603787212174e-06,True
AC092017.3,1.0784568975878877,1.8923701139741254,0.3793729171858765,4.988152891912801,6.095931803179475e-07,1.258158371730612e-06,True
CALHM4,1.3899226838016459,-1.5139884638633685,0.30403039293732026,-4.979727353033078,6.367391227035114e-07,1.3128856809100656e-06,True
ASZ1,1.1423375224219443,2.8089133284992034,0.5641501912123229,4.979016886377415,6.390806726705088e-07,1.3174693300914137e-06,True
MED15P9,3.305394519681561,1.7996143407983578,0.3616757735804851,4.975766894704333,6.498981931539615e-07,1.339107497280906e-06,True
AC069228.1,5.959207919369871,1.980991142695986,0.3991901671122118,4.962524896408914,6.95826438879308e-07,1.4312660155545578e-06,True
GNAT3,8.037377301824852,2.8440221528520047,0.5733239188753703,4.960585210592341,7.028112268893991e-07,1.4446530821951782e-06,True
UGT2B11,761.0128621182882,-1.8649380060632743,0.3762263013498568,-4.956958084461641,7.160541677507186e-07,1.4708771444606539e-06,True
FEZF1-AS1,11.949353576128418,1.503637729691164,0.30355243219602124,4.953469549933234,7.290177090776048e-07,1.4967685513777654e-06,True
HOMER2P1,1.2829857649523593,2.3770534652503255,0.4799198685813647,4.953021578949953,7.306986803642229e-07,1.5001274496101002e-06,True
LINC02380,1.4061297945223246,2.520445520359271,0.5089035145922103,4.952698199341245,7.31914453719147e-07,1.5024384535934898e-06,True
FGF4,2.4066430182642495,3.3268465268450576,0.6721102231090339,4.949852587356577,7.426971352179531e-07,1.5238222445172584e-06,True
AC109635.5,0.7528137830037568,-2.4291740238238493,0.49110996069936474,-4.946293535493734,7.563987304673904e-07,1.5507894542208902e-06,True
CLCA1,0.6398244840726101,-2.1808304455898853,0.4409538332103628,-4.9457115038832,7.586624710158192e-07,1.5550482326924742e-06,True
AL359555.2,0.5408360376200407,-1.9434936608779607,0.393474908875048,-4.939307734855178,7.840040198560641e-07,1.6051169536607455e-06,True
LBX1-AS1,3.261668081883105,2.1200065726993387,0.4293560546390404,4.937642196478697,7.907274794044039e-07,1.6184846689165573e-06,True
IGKV6D-41,2.0588704599774563,-1.693986662972968,0.3435289405730143,-4.931132323662043,8.17543286633249e-07,1.6717303983035272e-06,True
DMBT1L1,0.6990171251438477,-1.578475521687885,0.32037246456455215,-4.927001213519823,8.350123644541079e-07,1.7066144108708736e-06,True
AC103564.3,0.9021476728567854,2.426932547128423,0.49296237469519055,4.9231598022649266,8.515785617746914e-07,1.7387677375022458e-06,True
AC244102.3,3.610482342711852,3.582572444542981,0.727714717787512,4.923045194736694,8.520776403785794e-07,1.7396802515602573e-06,True
AC011899.1,0.8822286106764176,2.153857436195586,0.43773546442230604,4.920454501072017,8.634347117842942e-07,1.7617892929083714e-06,True
LINC01953,2.0363328934195177,3.947828482187078,0.8031967218638676,4.915145162726634,8.871669898550524e-07,1.8089961445842947e-06,True
OR7E99P,0.45593118473705685,-2.4810836149056623,0.5050975056891571,-4.912088432352208,9.011139146420025e-07,1.8363121258414996e-06,True
AC011298.1,1.7267619291949992,2.3769079566051063,0.48458571016174257,4.905031053870231,9.34125593971063e-07,1.9020731733631077e-06,True
AC016240.1,2.379090112099402,-1.7766893996268376,0.362267125719485,-4.904362757449277,9.373112884316312e-07,1.9079774252521803e-06,True
ZNF716,3.816301202774426,2.2064578968048805,0.4503585427575821,4.899336167344709,9.61609948685097e-07,1.9558874224627533e-06,True
AC024595.1,1.8056734419463594,3.013098563994185,0.6156264259942751,4.8943619649332675,9.862517082143721e-07,2.0046631448309315e-06,True
AC007128.2,1.3871833010201244,2.587662209020636,0.5289120014341654,4.89242483060337,9.960116169713887e-07,2.0241311038622085e-06,True
ANKRD63,0.8882627169545294,2.04995276378442,0.4190422762177437,4.891995104377532,9.981892820579884e-07,2.028309430133552e-06,True
BAGE2,7.7096571410916965,2.722599065504471,0.5573644763541725,4.884773215748358,1.0354796706656485e-06,2.101777938954882e-06,True
LINC01297,1.4372400160957994,2.2508480673816122,0.46139625886006924,4.878340524352284,1.0698211127195001e-06,2.169238419656023e-06,True
TBR1,2.8410002570700064,1.5916749131991024,0.3266848749767072,4.872202648844976,1.1036088217155872e-06,2.2362529223109197e-06,True
F13B,0.6616441293226812,1.7476005541144266,0.3587519567197633,4.871333860011677,1.108473505789504e-06,2.2457009261025555e-06,True
AC007405.2,2.109640684429833,1.5867463063264715,0.3258842130519921,4.869049321125965,1.1213641950085555e-06,2.270713130083206e-06,True
PCMTD1P3,1.7805151836862205,2.293374234000316,0.4712022028515464,4.867070272850253,1.1326476317605653e-06,2.2927263048001876e-06,True
NEUROD4,1.8597336375067042,3.570865882369187,0.7363065051174378,4.849700304901759,1.2364815078841178e-06,2.496544275983983e-06,True
AL354993.2,4.363358762288704,1.9174488287131364,0.395848429017893,4.843896522389544,1.273172570602008e-06,2.56844909908695e-06,True
IGLV7-35,0.8205023888660958,-1.9965733295893529,0.41226545386985125,-4.842931443437544,1.2793744055430373e-06,2.579868004018306e-06,True
KRTAP2-3,2.8044268927452154,-1.6269988793783794,0.33602915072338996,-4.841838500843876,1.2864330137866197e-06,2.5933176918799484e-06,True
LINC01445,1.126107984847637,2.912807581989069,0.6016701910640784,4.841203079776396,1.2905539913170608e-06,2.6011534543957847e-06,True
AL121888.2,1.003249133385705,1.6675565928379008,0.34458596569891875,4.839305017706161,1.3029394902381915e-06,2.625323488608148e-06,True
NYX,1.1833936155321367,1.8165782638854109,0.3769756313045111,4.818821464929191,1.4440870315783125e-06,2.9021850317045404e-06,True
AL355601.1,3.5196372133087177,1.5544736874474738,0.3238086251999742,4.800593827565522,1.581958345682277e-06,3.172382974753954e-06,True
AC025575.2,3.8178674426080104,2.2361736765943334,0.4660458904617921,4.798183445794512,1.6011110522845148e-06,3.210597828310762e-06,True
UGT2B25P,4.5175393096896155,-2.600076259126966,0.5427397557095698,-4.7906500892451955,1.6624181623205126e-06,3.3283294287823006e-06,True
AL161630.1,4.346076668819792,-1.5029105536714726,0.3137346972811175,-4.790386803550807,1.6646010971645378e-06,3.332299777257949e-06,True
MIR149,2.096914400225583,1.7773479810331334,0.37124063874535984,4.787590030659995,1.6879602183777941e-06,3.3766291957699637e-06,True
AL137027.1,1.5489345513662827,1.759146605864368,0.36830287199444295,4.776358642923943,1.7849792530190056e-06,3.5653613505588655e-06,True
TPRG1-AS2,1.2234006632777092,1.6099864169930873,0.3373811936874019,4.7720099611859474,1.8239648103447554e-06,3.6403975378650576e-06,True
LINC01833,92.0527472631041,1.538148312816821,0.3223701176307726,4.771373736875149,1.8297366677355314e-06,3.651480350207183e-06,True
LINC01967,1.2592790259764557,2.562806309708143,0.5385356901071969,4.758842091223349,1.947066801122251e-06,3.8765809403358775e-06,True
IGKV1OR-3,1.2323709113530303,-1.5196424469917413,0.3194558894592719,-4.7569711410359945,1.9651925061979503e-06,3.911501336269498e-06,True
BX276092.7,2.4120411747775354,1.8519947069243736,0.3899697598444811,4.749072614407189,2.043515645784966e-06,4.061577166176937e-06,True
AC002069.2,1.4846022625088982,1.6383840938138883,0.3454566291512397,4.742662191312617,2.1092783340019887e-06,4.187790865073068e-06,True
IGKV1OR-2,0.7337092459466493,-1.6365444645130458,0.3452629923286383,-4.7399938622883235,2.1372469295116955e-06,4.242057365330648e-06,True
LINC02031,1.1801132508036212,-3.0855113428420253,0.6511574174622397,-4.738502948898609,2.1530289668085563e-06,4.272619042790749e-06,True
AC020891.3,0.9290966046320718,2.537017161146367,0.5357228566867892,4.73568960047123,2.1831150015885532e-06,4.328460296550337e-06,True
CYP2A7,158.9612834089639,1.624630049037076,0.3432602196280611,4.732940073269896,2.2129083879097206e-06,4.385706414001383e-06,True
LINC02466,2.168142541127046,2.9451353783842453,0.6226734001937334,4.729823656298664,2.2471494174638806e-06,4.452244886109967e-06,True
AC146944.1,8.313569529375972,2.074084440213969,0.4385206841821781,4.72973001052857,2.2481861653154736e-06,4.45403436268673e-06,True
AC007749.2,2.3610763052027233,1.576409611937565,0.33343378412863167,4.7278041007668845,2.2696099563031924e-06,4.494876324767217e-06,True
C6orf118,3.332230978733052,1.5932564911881584,0.33738945394644476,4.722306736478676,2.331846382700884e-06,4.614023081564719e-06,True
AC010967.1,0.7265491215444078,-1.8147798857092377,0.3844071563026383,-4.720983613219956,2.3470684965164936e-06,4.643041125301254e-06,True
CYB5AP5,1.3049977736134677,2.429411528513164,0.5152308935059629,4.715189945195023,2.414853644405231e-06,4.774303662987316e-06,True
IGLV3-29,2.3291562029211574,-1.559730711369922,0.33095095527361934,-4.712875689028872,2.4424520931480267e-06,4.827183780438503e-06,True
PINCR,1.5338970574458501,1.897694303417908,0.4026617710339419,4.712874277945655,2.442469012897517e-06,4.827183780438503e-06,True
H2AC7,0.7099030393921306,1.6141372177712965,0.34301327405655524,4.705757298200539,2.529252793617903e-06,4.993668309417053e-06,True
AC004870.1,1.3481328534024293,-1.5803534004182576,0.3361515847972082,-4.701311764963551,2.584954895352968e-06,5.100323086328608e-06,True
AC243773.1,0.9644357204303474,2.6958625266974887,0.5735924435846406,4.699961718201543,2.6021026484387706e-06,5.132335061674033e-06,True
SMR3A,0.6236360656192447,-2.836015471922805,0.6036316592377065,-4.698255017810455,2.6239367698262665e-06,5.173258488734032e-06,True
TBX20,11.795547749777704,1.818159678368587,0.3874360936114303,4.6927989114820745,2.6949235726071615e-06,5.3078789406376226e-06,True
AP002008.3,0.6105022699373832,-1.8408687759946851,0.392372067011934,-4.6916407429652605,2.7102273061193826e-06,5.3367601813754895e-06,True
AC079460.2,1.1836596600096059,1.792756400459766,0.382430447234692,4.687797254175156,2.7616140623075178e-06,5.433775878452617e-06,True
AC008069.1,9.021674223523057,1.9847736550631239,0.42366915458276067,4.684725412728655,2.8033549849304787e-06,5.511353262538851e-06,True
AC140118.2,0.6590159585291032,-1.529239045676986,0.3266793675059584,-4.6811620132364,2.852533870294679e-06,5.605724928724646e-06,True
OR2B2,0.5544907273586821,1.9143026052205079,0.4091182066050097,4.679094145200692,2.8814512171672706e-06,5.65988435865893e-06,True
TAS2R2P,0.9251046266885987,1.7302150505730858,0.3699996374384112,4.6762614756915575,2.921520534744561e-06,5.7362253937707605e-06,True
LINC00434,1.2589677476189203,1.6573822566013254,0.3546900642138698,4.672762007796088,2.9717604964538758e-06,5.8328080040162614e-06,True
AC006206.2,31.89188704029714,2.081151466085688,0.4455234566014168,4.671250043625806,2.993722429040307e-06,5.874530702328049e-06,True
AC207130.1,1.854639123185855,2.77252692711534,0.5935998191993396,4.6707004238225425,3.0017444160156893e-06,5.889553149661902e-06,True
MYF6,2.136255922864639,-1.6098287866610406,0.3454951566734904,-4.659482935045618,3.170046743879432e-06,6.2073800047933285e-06,True
AC104663.1,1.3821040599623635,2.973556356011764,0.6386725320296249,4.655838801399768,3.2266432315637482e-06,6.314495929195437e-06,True
KLF2P3,2.9508885507532874,2.3328429436543185,0.5011547284305506,4.654935514546583,3.2408212108106195e-06,6.341869883776749e-06,True
MAGEB2,3.179866497980062,2.114844895509642,0.4544278961841227,4.653862391081643,3.25774260776434e-06,6.371244324790814e-06,True
PLSCR5,0.4276076190240785,-1.7406571792197436,0.37472776642857997,-4.6451246349034525,3.398712065625439e-06,6.636045004481427e-06,True
AC011029.1,7.39310780880555,2.1058029629584447,0.45348967007289404,4.643552217231227,3.4246938572366488e-06,6.684035550124949e-06,True
KRT78,2.654658932639267,-1.7351137620668837,0.37384397766228006,-4.641277821076299,3.4626119970549855e-06,6.753693267621167e-06,True
AL033381.3,0.4585401844368763,-1.9362903139508094,0.41721784086740593,-4.640957610837579,3.4679826793834175e-06,6.763772991096415e-06,True
PSG9,5.2112832778812255,1.59819686191277,0.344848741208402,4.6344865760926,3.57824451980471e-06,6.971075855296604e-06,True
AL121955.1,1.1931973786260077,1.6343444192796013,0.3529748680582989,4.630200524672101,3.653117821531103e-06,7.112372364425288e-06,True
CASP14,466.05004420897194,1.7510147725653822,0.3784747299338193,4.626503790283614,3.718900648699581e-06,7.235378200424849e-06,True
AC084816.1,2.6603284561296943,1.527258301288948,0.33013697688143373,4.626135235488787,3.725520926425878e-06,7.246990047560465e-06,True
OR1F1,1.2439103800800584,2.5247005177940722,0.5459474675578275,4.624438554661218,3.7561440718275938e-06,7.30357697226858e-06,True
CXADRP1,7.318602495191375,1.793793436343604,0.3879327733214714,4.623980131880033,3.7644593946913496e-06,7.319318817255237e-06,True
DMRTC2,13.63001566535437,1.637351088566256,0.3541087003961969,4.6238657416050355,3.7665370673258935e-06,7.322504643712908e-06,True
LINC02616,7.109126172816984,3.368259029961956,0.7289197028833382,4.620891734217586,3.820941435318922e-06,7.4239440646965e-06,True
MYMK,0.9087608073361061,1.9095141465307919,0.41323406091651865,4.620902116092872,3.820750213036463e-06,7.4239440646965e-06,True
CFAP20DC-AS1,0.5687429944865915,1.7161849119426371,0.3715806076007335,4.618607313831329,3.8632416908956424e-06,7.504820128716653e-06,True
KPNA2P2,0.9622830553683541,1.7557566812106011,0.3807048995188479,4.611857329468589,3.9908688559574034e-06,7.745081789881486e-06,True
LINC00491,5.018873335187937,2.2435981270369467,0.4865515788094314,4.611223608660206,4.003056467745939e-06,7.768282231181806e-06,True
AL359436.1,0.7647723630675083,2.1169653770526624,0.4599789396436135,4.602309355060611,4.178319690629501e-06,8.098028904678516e-06,True
SERPINB3,3.568443499745361,-2.7951282738994547,0.6077876706118548,-4.59885649059913,4.248162823824245e-06,8.230522396544167e-06,True
AL158195.1,1.2503652810043593,-1.612441201563507,0.3514498876874948,-4.587969033574628,4.475790084134893e-06,8.660465536165625e-06,True
ATXN8OS,0.9494354032151793,2.425547612042389,0.5291588592238405,4.58377965286291,4.566454506931424e-06,8.831797909392567e-06,True
MGC4859,4.828431820379314,3.401061890034665,0.7425175747697703,4.58044631615517,4.639847067648546e-06,8.966463455931584e-06,True
LINC01168,1.6712841084826802,1.6192838207788791,0.3540271798916596,4.57389690044255,4.78735482075038e-06,9.24081124716122e-06,True
AC007014.1,0.9639222028472993,1.6224962945767452,0.35535576191641477,4.56583646154127,4.97506521146797e-06,9.593700112018348e-06,True
OR4K8P,1.3926508956352073,3.49051205788375,0.7650570848968057,4.56242040860855,5.056726530065518e-06,9.748917392250835e-06,True
PGBD4P8,2.220687197728027,2.486660312236063,0.5452932563317778,4.56022568289948,5.1098673990792645e-06,9.847383293377312e-06,True
ADARB2-AS1,6.701884153882422,2.081737726623637,0.45750216459263676,4.550224868285009,5.3588615496152625e-06,1.0314710482403289e-05,True
AL049692.1,0.9959894196831457,2.8636521118114935,0.629709711620957,4.54757495233807,5.426759625141182e-06,1.0440579597255871e-05,True
AC109129.1,0.8979561082016472,2.4931515563682622,0.5487149215886283,4.543619023791336,5.5296558946851015e-06,1.0633634784445477e-05,True
AC112243.1,0.7990240538535606,-1.7763529277360364,0.3911638642332124,-4.541198945404048,5.593521709316075e-06,1.0749012071221725e-05,True
RNU1-38P,0.43397548302536976,-1.9756744413783682,0.4359423431788021,-4.531962706288533,5.843816851233025e-06,1.1211911642605578e-05,True
AC016044.1,2.519175482409911,2.249090173186798,0.4966225509787596,4.528771737719559,5.932754753860901e-06,1.1374694623807473e-05,True
OTOP3,3.206732937046268,2.162564289994577,0.4779668443437474,4.524506910021754,6.053647526141961e-06,1.1600476432184581e-05,True
AC239584.1,5.268268533393697,1.5296244270168045,0.33830379981708686,4.521452102648086,6.1416857868981665e-06,1.176242343693028e-05,True
SPRR1B,6.531659737954713,-2.16798297743013,0.4797583098317362,-4.518906568164496,6.215981591225991e-06,1.19006125544403e-05,True
NTS,124.55742959710858,-1.7903948410112431,0.3963520889871832,-4.51718280477926,6.266780132014899e-06,1.1993736047206017e-05,True
LINC01674,0.8553419058706395,2.376696680870047,0.526535698566487,4.513837689145659,6.36649483242156e-06,1.2178285887715188e-05,True
CFHR4,2.3938816072375766,2.4831389368700143,0.5505761732002252,4.5100733699331075,6.480520811500656e-06,1.2387876220493831e-05,True
IL21,9.497581005461573,1.5575190338098135,0.34538970215970866,4.50945417327357,6.499463206371333e-06,1.2423373558163443e-05,True
AL354796.1,0.9174534663523285,2.1387335140499744,0.4743277187677974,4.508978559393386,6.514049092218196e-06,1.2448399700669567e-05,True
RNU6-316P,0.9149542657845304,1.5135789060974396,0.33614661099926446,4.502734391990498,6.708470320763413e-06,1.2801600865595049e-05,True
LINC01998,2.282872430462036,1.5136665615371254,0.33630410450039006,4.500886374211261,6.767067536250129e-06,1.291046540425661e-05,True
AP005057.1,0.9417178251458003,2.484110692486021,0.5534780536050793,4.488182821894682,7.183327238003695e-06,1.3675673920202389e-05,True
RNVU1-8,0.9346838208736873,1.5663784136656387,0.3490369578989646,4.487715063454847,7.199112445282188e-06,1.370416124994096e-05,True
AL391560.2,3.218986673207694,1.759141173574778,0.3922527103902767,4.484713876991439,7.301183985808373e-06,1.3892119857518311e-05,True
TRPC7-AS1,0.6570080223108191,1.867167917499383,0.41657820309584254,4.48215461976488,7.38931726094054e-06,1.4055001502030803e-05,True
AL157778.1,4.369466768941374,1.9708167689042488,0.4399050195394679,4.480096114764675,7.4609434149603864e-06,1.4187193633567906e-05,True
CASC20,1.8227352793520695,2.2357795734578367,0.49932915669240646,4.477566638142677,7.54986647036518e-06,1.4350555538341886e-05,True
AC114550.3,1.5039399256975832,1.646063670722594,0.3683739925776443,4.468457882177021,7.878552086738281e-06,1.4950599382077781e-05,True
AC113423.2,0.8129608728392469,1.9247185966224856,0.4310160190897734,4.465538428680998,7.986763421248323e-06,1.5148300290870166e-05,True
LINC01665,1.936763552779949,1.9610197018341056,0.4394777847240312,4.462158884926395,8.113802724505295e-06,1.5382138994913713e-05,True
MAGEB18,0.9210481984910842,2.7803062906053766,0.624056904471078,4.455212770960105,8.381003372205593e-06,1.5867950576795977e-05,True
AC037433.1,0.904043895448516,2.2052207433857505,0.4957105013689985,4.448606066031716,8.642936629506973e-06,1.634160866636966e-05,True
AC117945.2,1.0833932857712287,2.8162211785718325,0.63363917525618,4.444518723819808,8.808883659213798e-06,1.6648765154498213e-05,True
LRRC53,2.004001011936566,1.8349492402023726,0.41288777539482535,4.444183987883139,8.822608076073004e-06,1.6673759306866065e-05,True
C11orf97,1.2856210223624107,2.1669842476655434,0.4881355437681948,4.439308457108786,9.024839353104109e-06,1.7046915252943065e-05,True
KRTAP4-1,1.6524156043937777,2.9657557132222423,0.6684387435551696,4.436839937566341,9.128912215856775e-06,1.7232132987298782e-05,True
LINC00927,0.7027302103077518,1.9374351114505182,0.4367634068925913,4.435891562515839,9.169199832373693e-06,1.7302305506129707e-05,True
MAGEA6,25.75324210411896,3.0769568642077427,0.6938368000733841,4.434698280463513,9.22013264326973e-06,1.739251108775396e-05,True
LINC01205,1.3258035036509308,1.746063974372325,0.39388796144591515,4.432894998777661,9.297615257325806e-06,1.7534704021747345e-05,True
AC091646.1,1.2874129411155983,1.96205019077227,0.4432340413899334,4.426668548786315,9.569960994529526e-06,1.8034052619458958e-05,True
ZNF280A,2.2202451787609143,1.6803878227853035,0.37964513702226693,4.426206630658739,9.59046616118009e-06,1.8070651223752463e-05,True
LINC01913,0.5360323310780806,-1.6117551074133656,0.3642296004212176,-4.425107420015926,9.63943050777959e-06,1.8159833239404676e-05,True
PTH2,1.2395141984009,2.2626522609278474,0.513121230044499,4.409586133732227,1.0356835945397767e-05,1.9468469756105638e-05,True
DEFB126,1.8189834395597877,3.1484065411740874,0.7153402145060473,4.401271559083404,1.0761833295706096e-05,2.020016764667657e-05,True
PSAPL1,1.294952942203979,-2.5660170449031483,0.5836229537138957,-4.396703434253657,1.0990734951905761e-05,2.0618215666935097e-05,True
AC073488.1,0.504876295995475,-2.162749268430006,0.4929624833792419,-4.387249215405663,1.1479323334037804e-05,2.149488792065282e-05,True
AL035425.4,0.6190318607636514,-1.868877483846863,0.42624030646251576,-4.384563016475813,1.1621883712182268e-05,2.175205971026863e-05,True
LINC02378,1.8163286011854478,3.1400894674893793,0.7164611909803634,4.38277677426277,1.1717615924837066e-05,2.192631430127883e-05,True
APOBEC3AP1,0.9392043374311106,-2.2654905545512034,0.5171391443020084,-4.3808142924647,1.1823661183721426e-05,2.2117302940090075e-05,True
AL353613.1,0.3274137334541359,-1.9794035127609564,0.45197689549093795,-4.37943517137292,1.1898731161769927e-05,2.2251488000553203e-05,True
ATP5MC1P1,0.7342445620299786,1.505742244867236,0.34390525023885116,4.3783636446999825,1.1957371597647448e-05,2.235864229940817e-05,True
AP001652.1,0.8098358469205514,1.5084239784968219,0.3448427886927015,4.374236689754351,1.2185810855232994e-05,2.277174751827665e-05,True
AC092625.1,1.696293346750723,3.002383780395837,0.6868119969160822,4.371478357799684,1.2340808453445464e-05,2.304976875463191e-05,True
AC023781.1,0.48237653790606366,-1.6943085454266449,0.38781626739639014,-4.368843413406582,1.2490628283098135e-05,2.3320454742640225e-05,True
AC005100.2,1.1090228958253463,-2.2134900899474346,0.5075380646132699,-4.3612297170933445,1.2933349150053688e-05,2.4124070742499045e-05,True
AL449214.1,0.6001289224046584,-1.5236364606063724,0.34950639989778587,-4.359395024102461,1.3042249898980669e-05,2.432175764027883e-05,True
FRG2DP,1.911233107503067,3.54248662421163,0.8135404123899046,4.354407685544484,1.3342719187316243e-05,2.486540051287004e-05,True
AC084026.3,1.1109258532424353,2.352957885148995,0.5404199280999668,4.353943596087643,1.3371012307173973e-05,2.4915342763141578e-05,True
AC011593.1,2.2203148439617393,2.0381394425867025,0.46943565866397274,4.341680068334189,1.4139732590508628e-05,2.6300738588927003e-05,True
AL161431.1,1.0111750350415414,-1.8715502332312464,0.4318468619167209,-4.333828489396697,1.4653835534776522e-05,2.7222078946594377e-05,True
CDX2,1.0062099615662752,-1.542586104852788,0.3560735157560976,-4.33221241286989,1.4761841811076465e-05,2.7416610746134384e-05,True
SPRR2G,0.7293799757579678,-2.153151408564845,0.49722733653225276,-4.330315834164078,1.4889562912953476e-05,2.7647663339871128e-05,True
AC092810.2,0.7517998428210401,1.9475981405644398,0.45133534463663216,4.3151908302959106,1.594650886881909e-05,2.9546092797724754e-05,True
XIRP2,1.9472178122799153,-1.5379269318660846,0.35835039907023886,-4.291684719359393,1.7732260326049734e-05,3.272206449830857e-05,True
CHIAP1,0.43424038078101784,-1.6703087631215108,0.3892357240995929,-4.291252471713342,1.7766817369343442e-05,3.278220606673866e-05,True
AL589182.1,1.543627327371218,2.280301205819385,0.5325091738866841,4.2821820123321,1.8506949943734418e-05,3.410822181119642e-05,True
MOXD2P,0.37138237960696774,-2.148646091131718,0.502665376701758,-4.274505845678238,1.915616796261231e-05,3.526769600227216e-05,True
KLK12,31.76082829113856,1.6475433648297326,0.3855464334902078,4.273268332208752,1.9262841058833746e-05,3.545272117584268e-05,True
FAHD2P1,1.301350023669252,1.7356555100268996,0.4062785929409597,4.2720821135636955,1.9365623453011702e-05,3.5639543984023356e-05,True
IGHV3-36,0.6311077860023663,-1.5595711295786503,0.36525078600191985,-4.269863856146371,1.9559232240177014e-05,3.598592276164974e-05,True
PRR35,1.286321685333152,1.6243122133149395,0.3809629882468634,4.263700840834406,2.010686054802686e-05,3.696492240441829e-05,True
THCAT155,1.3261771381419694,2.6574265013537115,0.6235174399107865,4.261992257560492,2.0261246473220473e-05,3.723848490688507e-05,True
ITLN2,1.4524905797343377,1.6825543053009857,0.39536540441654705,4.255694318484903,2.0840127456711743e-05,3.827289005748554e-05,True
LINC01541,0.8374451948277363,-1.8735739319147162,0.4405250768603814,-4.253047171043388,2.1088113285881722e-05,3.870913088787261e-05,True
OR56A3,8.245198570625629,2.1300324522556227,0.5011533072748855,4.2502611902095815,2.135213809904473e-05,3.918298869009204e-05,True
AC007298.2,0.9274055104157386,1.6295221458664026,0.38355654130125655,4.248453540482127,2.1525127448162356e-05,3.948957395031172e-05,True
PANX3,1.4425468628939642,1.8614384721410833,0.4383185361576147,4.246771054810536,2.1687336892457037e-05,3.9765284694664046e-05,True
TRIM43,1.0061381285406608,-2.1411232964111995,0.5042940166463799,-4.245783661384573,2.1783073187500183e-05,3.9932041981637184e-05,True
MCHR2,1.1395786347256136,2.0607543878604675,0.4860038976992277,4.240201359734367,2.2331936663693774e-05,4.0890998506425285e-05,True
C1QTNF8,0.6552575619063719,2.1173887476112028,0.5002494792716016,4.2326655705754455,2.3093778227042237e-05,4.2244221934816056e-05,True
AC048352.1,0.9828661397130424,2.433479547727635,0.5771384643878583,4.216457051270537,2.4817052596164562e-05,4.526244938635449e-05,True
GHSR,0.7066402969292677,1.826879956315581,0.4333774897639255,4.2154472704863855,2.4928363460709787e-05,4.545551933135823e-05,True
SYT4,8.099981136884114,1.947968502666481,0.46279202048795964,4.209166140359502,2.5631487106652925e-05,4.669167332276006e-05,True
RN7SL826P,0.8403745697019127,2.7755037476365643,0.6603041727299077,4.203371510075043,2.629684529195569e-05,4.786973218566759e-05,True
PEX5L-AS1,0.5818092599168968,1.8756254553112848,0.4462642108903145,4.202948409350011,2.6346065166620467e-05,4.795147777337914e-05,True
AC027584.1,1.0935785453312503,1.9942521422573862,0.4754674675491173,4.194297777168895,2.737182151078901e-05,4.975596182074036e-05,True
AL596442.3,14.826063600208544,1.6440756809446848,0.39204491740417563,4.193590091233699,2.745739553758468e-05,4.990335624736561e-05,True
AC090809.1,1.917621245581484,2.1618233378462035,0.5157868542938043,4.1913114300016225,2.7734664825668824e-05,5.0390811074433646e-05,True
TUBAP13,1.4897712810876498,1.662146220125277,0.39734903894700824,4.18308856246396,2.8757529910383236e-05,5.219237360442832e-05,True
AL354984.2,12.027602614465264,1.7524229317667113,0.4201554061013256,4.170892261098488,3.0340929462590587e-05,5.494649235123179e-05,True
AC068643.1,1.0949630894172608,1.6732239514683847,0.40187860911395373,4.163505878447832,3.1339795314695285e-05,5.6690759055639674e-05,True
RNU6-617P,0.6507389820803532,2.2287407914172617,0.5354573578079516,4.162312383830623,3.150409623298801e-05,5.697560223828184e-05,True
RHOXF1P2,1.3051167343630374,2.051780292808951,0.4944284538140841,4.149802215024754,3.327626788833965e-05,6.00730935856785e-05,True
GAST,0.5156755419033284,-1.5006521597766664,0.36167049288002523,-4.149224748269605,3.336031554325476e-05,6.0218303818782305e-05,True
LINC02027,1.5129399491679396,-1.5401753827303708,0.3715415727831418,-4.1453648677676425,3.392730367655223e-05,6.12251975275617e-05,True
AC005301.2,1.0635689375135935,2.2442985067468344,0.5423825170760952,4.137851859321572,3.505725886407113e-05,6.317884495314284e-05,True
AL592043.1,1.2754669068794884,3.2796902304472573,0.7929781118946233,4.135915205290164,3.535427331725414e-05,6.37003436629266e-05,True
AC108941.3,0.8106844647690413,-2.768983385150636,0.6700235758215008,-4.132665603229927,3.5858023390341606e-05,6.456961242140941e-05,True
UQCRBP2,0.7364229348092511,1.5713317707240206,0.3806453813133625,4.128072604749241,3.65816618689051e-05,6.583001519890547e-05,True
OR8A1,1.9803384077121267,2.2716103315634664,0.55096533123829,4.122964191699759,3.7402786083931054e-05,6.726410230333351e-05,True
LINC01351,6.137113143020517,1.5350075854615362,0.3724346215494052,4.121549116662641,3.76333211860465e-05,6.767139157950311e-05,True
Z98259.3,3.168642242838622,-1.6901570293945654,0.4104530730454222,-4.117783835443538,3.825332476752719e-05,6.875290367406437e-05,True
AL357033.2,1.1577042874266363,2.1373565351756656,0.5196803965340935,4.112828864491226,3.9084012238107406e-05,7.01967214631971e-05,True
OR8D1,1.4297005042543665,2.5971117987833745,0.633208642447432,4.101510346961164,4.104621489932666e-05,7.360201208074227e-05,True
AC018442.2,0.7265124832524885,1.510567176064092,0.36851747151979763,4.0990381536983405,4.148706481283095e-05,7.435254323103501e-05,True
RN7SL672P,0.6782093747366124,1.7521800267166714,0.42850365565857934,4.089066694247209,4.3311232014747833e-05,7.753845160295391e-05,True
OR52E6,1.2709778282041024,2.479406954587873,0.6065249998832996,4.0878891308106535,4.353160945461694e-05,7.791207232877262e-05,True
AL133467.4,1.326816550976445,2.542303694005713,0.6223163253002744,4.085227384608662,4.403367316135967e-05,7.877683419656583e-05,True
AL359396.2,3.5193529950194224,1.7011500809203357,0.41664430952665066,4.082979275183217,4.446198953371041e-05,7.950787223760813e-05,True
CST9LP2,2.484436301717052,1.6934366973729644,0.41620900523014437,4.068717101487441,4.727270159328737e-05,8.433172811782072e-05,True
AC051635.1,0.6783735406859204,-2.0056507180436562,0.49326417920549737,-4.066078184055786,4.781090183779021e-05,8.523257419086254e-05,True
AL356413.1,0.8231436202422192,2.468048834828164,0.6083063071218535,4.057246827680474,4.9654596899302754e-05,8.84247958559752e-05,True
MYO3B-AS1,1.5339114007026733,1.5798951245488553,0.3906565281312498,4.0442051028981,5.2500944175228326e-05,9.329235712268376e-05,True
AC013410.2,0.8000711745878817,1.826268568147943,0.45160799242920535,4.043924374155604,5.256388047159074e-05,9.33961771989493e-05,True
FGG,155.82380096598536,1.6750202606858149,0.4152987466966387,4.033289948523151,5.500134557501773e-05,9.75581311955589e-05,True
CLC,1.4983448544002027,-1.5301998071286884,0.3794395184494458,-4.032789766816455,5.511858641547239e-05,9.77427277661166e-05,True
KNCN,0.8706943785309758,1.8215906815069935,0.4517453147741549,4.032339953359954,5.522422327250432e-05,9.792484829663139e-05,True
RPL37P3,0.360341332404499,-1.5853997725855338,0.3937566546756962,-4.026344072562513,5.665077609326122e-05,0.00010035839213461718,True
AL442636.1,2.707144994545505,1.988568248501034,0.49431604193050704,4.022868124479349,5.749369183579188e-05,0.00010180837514107277,True
FGB,210.0092782165684,1.7100561162165142,0.4251209211138268,4.0225169623177495,5.75795060337888e-05,0.00010194409358254528,True
AC138761.1,0.9154444787089309,2.2420981384401646,0.5590073796388392,4.010856063991014,6.049898632053099e-05,0.0001069256820607021,True
OLFM3,2.9502061932711277,2.1007916375977156,0.5247742917220571,4.003228951448682,6.248377992311736e-05,0.00011027580316765669,True
UGT1A1,0.8897224006106895,-1.6196286003086733,0.4056527658709397,-3.9926477435234986,6.533959673135105e-05,0.00011515141422574783,True
AC136443.1,1.431014930970718,1.9037473388239687,0.4775832915859879,3.986210096466918,6.713706873978611e-05,0.00011820051237478235,True
FER1L6-AS2,0.6972394374579368,1.5532344891549739,0.3897091174908004,3.9856252251825754,6.730267054374293e-05,0.00011848581322722287,True
APOBEC1,0.7706739764581132,1.9564870081470913,0.49478719572740515,3.9541989466214593,7.679149435850683e-05,0.00013456568469139005,True
LINC02438,2.6458415169062524,1.9445107257477798,0.4929041155412215,3.945008094754203,7.979728292629263e-05,0.00013961280039394224,True
LINC02129,1.4125982320969768,1.7556624123851905,0.44613635021611614,3.93525972840975,8.310677105430042e-05,0.0001452202100020888,True
ZNF723,0.9902813979391346,1.646651261427729,0.4190209250013757,3.9297590243788485,8.503103447192872e-05,0.00014842711167779905,True
LINC02682,0.39143802247945103,-1.939242841927095,0.49419145896861116,-3.924071949714265,8.706471401641547e-05,0.00015187368698260485,True
OR52E5,0.8034656827706607,2.2158990979121076,0.5652149315043138,3.920453927171589,8.838233274011512e-05,0.0001540754006560428,True
LINC02247,4.985346313618739,2.0344521611683564,0.5190490844243626,3.9195756667687998,8.87050089969671e-05,0.00015460558926726537,True
POTEF-AS1,1.9775487589923602,1.6773168896669415,0.42897385639313695,3.910067862340192,9.227019469304043e-05,0.00016049229243301545,True
RIC3-DT,0.4433025956424883,-1.8616661150618208,0.47624778857800104,-3.909028366557785,9.266808342164932e-05,0.00016113394410702242,True
AC074290.1,2.958811723987508,1.7538911505678367,0.4494609260961858,3.9022105120490482,9.53182030051605e-05,0.00016551766477579264,True
NEUROD1,1.3298560330007307,3.0159885962687465,0.7729336901627023,3.9020017301016883,9.540047561597426e-05,0.00016565190364037935,True
CD177P1,1.1377163601378604,1.6065225221053392,0.41203166994707424,3.899026796439454,9.65800871186347e-05,0.00016758672799413853,True
SPINT3,0.5715064664489915,-2.1249307312843118,0.5450818870653901,-3.8983697343613932,9.68424736168131e-05,0.0001679808411862634,True
AC090812.1,0.7182425603570264,2.05332009685688,0.5275496533189319,3.892183577297393,9.934602550065781e-05,0.00017220700683099108,True
AC115622.1,1.2394979514492117,3.216191510654197,0.8287144080253408,3.8809407432866196,0.00010405319348390716,0.0001800949735050249,True
AL109955.1,0.9526254720557408,1.6247990773592846,0.4193535138971335,3.8745331170823203,0.00010682931541519474,0.0001847177290289485,True
CYCSP6,2.726743957487386,1.7080128433580983,0.4412058869065615,3.8712376558108375,0.00010828415523087443,0.0001870780859345403,True
AL591519.1,0.576211849486363,-1.5260068069812704,0.39419862521358673,-3.871162174029505,0.00010831769597221406,0.00018712633873691292,True
GRAMD4P1,5.475397178875346,1.7663003904062902,0.4580083957426829,3.856480376396044,0.00011503132788063733,0.00019830342483801366,True
OR10Q1,0.7308050405367964,-1.515387206374243,0.3932082100992984,-3.8539053037360445,0.00011624857225025272,0.00020027760685920742,True
FAM230G,0.7088192336014622,1.578299043537906,0.40960340382361093,3.8532371284140376,0.00011656639989000957,0.0002007940531989633,True
AL365226.1,0.6745497741192227,-1.6045990659977374,0.4165107035477206,-3.852479785825948,0.00011692763203883464,0.0002013850953293961,True
LINC02484,1.5276208512214675,3.37524093742051,0.8770155545549224,3.848553107057964,0.00011881754037470951,0.00020451334988160966,True
AC022748.2,0.6638049512301775,1.5056742818251683,0.3915794720559633,3.8451307825707017,0.00012048815931495195,0.00020728189966439682,True
OR5G5P,0.566800261901527,-1.668789542752242,0.4344731609959995,-3.840949666319222,0.0001225592453597979,0.00021072531828747682,True
VCX3A,1.1847152209073948,1.677291914330551,0.43731643048777047,3.83541938376234,0.00012535021788475997,0.00021529095206462688,True
OR8G3P,0.9724372822714684,2.6214016763647328,0.6850281101254495,3.8267067257789966,0.00012986908818683605,0.00022278828302174872,True
AL357558.3,0.9198312733069764,2.838017191930983,0.7465695061022916,3.801410543470725,0.00014387468381921393,0.0002459921471769785,True
CTAG2,5.389098003289988,3.078563924245657,0.8109538837754479,3.796225637286802,0.00014691578985469184,0.000251050147359301,True
SFTPC,2.3535996674416717,-1.6723364760556994,0.4412164814268154,-3.7902856000475356,0.00015047416819363922,0.0002568937767528245,True
BPIFA1,4.750009499568553,2.2312705711035545,0.5887914020222118,3.789577367196985,0.00015090380783111285,0.0002575877098510407,True
AC005993.1,3.1083053553866535,2.2620972925093494,0.6012711736595815,3.762191489642358,0.00016843100876838107,0.00028615852623244895,True
WFDC10A,0.6432422301072966,1.6941364372729126,0.4508019014834419,3.7580507795066143,0.0001712421348463498,0.0002906827830088018,True
AL731533.3,1.2924904913479445,1.617192828267137,0.43059493529483067,3.75571725468586,0.0001728457460140406,0.0002932705562870639,True
SFTA3,0.46999911267142747,-1.7876830356194746,0.4764410411869416,-3.752160038870455,0.00017531748343254262,0.0002973282523897408,True
AC017037.5,0.5584707363572546,1.9555953648630287,0.5231998435882877,3.7377598423020744,0.00018566716588234178,0.00031433720758504495,True
PMPCAP1,0.6275421991743252,1.6211861333165092,0.4346065199608008,3.730238868627032,0.00019129832016597024,0.000323542330825385,True
SCGB1D1,0.5876413434985762,-1.8449318741758247,0.4971164123472411,-3.711267277345734,0.00020622421305714403,0.0003480098816538152,True
LINC01194,2.802545842741911,3.262564041404328,0.8792814786515202,3.710488757715956,0.00020685948338672428,0.0003489434419823551,True
SOX1-OT,0.6480867414335788,-1.8319355970772961,0.4939300891669394,-3.70889653668808,0.00020816446039237922,0.0003511242015894722,True
RPS16P9,0.9437453402633647,1.672730083636448,0.4529960182427604,3.6925933480060578,0.00022197882092286412,0.0003733493896992433,True
AC103681.1,0.5463923722327836,1.9761028266116663,0.5352383208042818,3.6920055044680913,0.0002224926483182069,0.0003741758612588947,True
RNU6-848P,1.1665455269336265,3.150679374949668,0.8585199943644163,3.669896328136416,0.00024264885815244706,0.00040657079084860197,True
FAM47A,0.6979759217008594,1.614068787139912,0.43987831631984586,3.669352926153979,0.0002431651855072362,0.00040740094305354534,True
NKX2-3,3.630367182093065,1.604773747820274,0.4395489336715703,3.6509558433358786,0.0002612661602082857,0.0004365213014421904,True
RALYL,7.2698858076260775,1.5014642788778647,0.41128334615056455,3.6506809549448707,0.00026154596484617015,0.0004369450146105064,True
MAGEB6,0.8910352039568198,2.0515694945217744,0.5631464071070423,3.6430481818413063,0.0002694283805599711,0.0004496180476028061,True
OR2AF1P,0.9976869690801262,-1.6781967258939536,0.46322692437151286,-3.6228393420154963,0.00029138681716184636,0.00048473382379061276,True
IGKV2D-26,0.9113029393458382,-1.5243779762270808,0.4226016820212069,-3.6071270917246014,0.00030960603408409815,0.000513633052963416,True
AC008761.3,0.8549218487162769,2.0228107115774505,0.5642854621712527,3.584729444905592,0.00033742781308646237,0.0005578741826692001,True
Z99755.1,0.5872399441473706,1.614636445971816,0.4508521728976588,3.5812990222370082,0.0003418900835649062,0.0005649996232312219,True
FAM71E2,0.8562056351843554,1.6576550405518202,0.46508009093496355,3.564235650722846,0.0003649180077273274,0.0006016240181777062,True
SMIM34B,0.7084819540519421,1.9375935764546781,0.5440247025665378,3.5615911691394153,0.0003686140640703106,0.0006075373343224666,True
IL9,0.8615290256658893,1.5914752157393404,0.4469342231745938,3.560871227168554,0.0003696263344300081,0.0006091154136930543,True
AL365184.1,0.8292404708164512,1.816594037347475,0.5110375284906403,3.5547174836901356,0.0003783854293089024,0.0006229340811582458,True
AC004485.1,0.291180951640699,-1.9580724214996736,0.5514341695505024,-3.5508724878180518,0.00038395638997012474,0.0006316689679400962,True
AC004808.2,0.68885672390256,1.8658946780213084,0.5279861042807641,3.5339844418123025,0.000409345173476107,0.000671945864848134,True
IL36A,0.5957604190826046,-1.9586256229046253,0.5550647600397228,-3.528643437505306,0.00041769551298049607,0.000685147197008832,True
AL035666.1,0.5849652864980027,1.705602543985638,0.486519026936609,3.50572629137456,0.00045536323002708475,0.0007441519262102832,True
AC026785.3,1.5748061677319853,1.6624503311367511,0.4743270209917705,3.504861113880321,0.0004568455400690233,0.0007463914322830618,True
AC122710.1,0.7520937883182351,1.870563996462955,0.5358171250615624,3.491049294566757,0.0004811274742391412,0.0007844490142955471,True
AL450990.1,0.8699265476993178,2.421289322026255,0.6971845124649267,3.4729533986142047,0.0005147647275692343,0.0008369601140708105,True
HNRNPA1P73,0.48644036120421924,1.7122467469768505,0.49378009035716175,3.46763018682739,0.0005250693362692846,0.0008527582202807234,True
OR8G5,3.904275077689768,1.6546521922822695,0.47915837879164197,3.4532469127536243,0.0005538817709764006,0.0008972798591417459,True
LINC02845,0.6790872100236794,-1.7888158548533686,0.5184415371828223,-3.4503714046017184,0.000559815802652655,0.0009066726823691609,True
LINC00613,0.9383613136828416,2.917071582924192,0.8480978068388014,3.4395461931416618,0.0005826903365459267,0.0009422557355122975,True
ZNF722P,0.9034172298837689,2.5057451717773267,0.72970612859473,3.433909999636288,0.0005949416990910114,0.0009609023015781741,True
MAGEA10,1.4626029348464873,1.8646010684454353,0.544252007116594,3.4259884098984785,0.0006125665203643407,0.0009885546038050036,True
LINC01749,0.7247076116661226,1.6845616273515862,0.4962591670695454,3.3945199184915267,0.0006874903882998918,0.0011032199480037095,True
AC096588.1,0.7725530192149045,1.7177591620662849,0.508092748678215,3.3807984202391657,0.0007227554459185351,0.001157470772471054,True
SLC9A3P2,1.6521230986847222,1.850979977273924,0.5498149416455352,3.3665508829828195,0.0007611453869301418,0.0012163226560320713,True
LBX1,1.89730353323366,1.7804663394453593,0.5295682131377472,3.3621095361745934,0.0007734943388334438,0.0012349520521408696,True
LINC02377,1.2315240022194094,2.7594585766335022,0.8242985188613748,3.3476447106143232,0.0008150142438262368,0.0012971846521911503,True
KCNJ18,0.7417061647505727,1.6207797031374516,0.48527365701495323,3.339929294961727,0.0008379972200638839,0.0013321116016926672,True
CR392039.3,1.051612497894719,1.5798075488017722,0.4746104326562996,3.328640586259146,0.0008727094686780131,0.0013853104893589918,True
LINC02522,3.588304329677174,-1.7711443389423158,0.5349384869161654,-3.3109308495499716,0.0009298618384115303,0.00147182886939039,True
STATH,0.4185412028800103,-2.198047703974405,0.6647148433981614,-3.306752851700324,0.0009438412565401057,0.001492964097346487,True
AC021134.2,1.1010744140070359,1.6942349601687907,0.5137269797630813,3.297928718772239,0.0009740085722919349,0.001538274856855642,True
AC023158.1,0.7716967866465231,1.8876654424729504,0.5724740403548683,3.2973817315852685,0.000975907651528438,0.0015411281499584184,True
AL357558.2,0.53281345805276,1.567863390045673,0.4769412212926754,3.287330429934787,0.0010114208071314423,0.0015950192697321828,True
SPRR3,25.859638142105883,-1.5864882086108332,0.4829088861240217,-3.2852744155206697,0.001018830901717791,0.0016064011981176594,True
LINC02229,0.5213285224201056,1.684539810189544,0.5128530210948371,3.284644412532451,0.0010211115373631877,0.001609844875881669,True
LACRT,18.348930084022633,-1.5292162958569806,0.46854180467781636,-3.2637777047632204,0.0010993738525963241,0.001727757710190142,True
COX7B2,1.545765841410517,3.050077477380582,0.9356525247770545,3.25983994764226,0.0011147510088405244,0.0017510165038774738,True
AL513317.1,0.7284987804100389,2.012909545763952,0.6178489421246262,3.2579315242364344,0.0011222748343916776,0.0017624196389210802,True
AC063938.1,1.0309026116488786,1.532295432337858,0.4720575441003511,3.2459928910957494,0.001170417620930823,0.0018346536893265341,True
AC008825.1,1.7627682108225515,3.155318932528528,0.97852562101757,3.224564451615797,0.001261644537311288,0.0019708911221095254,True
AC140481.1,0.681235497599241,2.1793524283257897,0.6801382741067278,3.2042784699744806,0.0013540144553847075,0.002110245259960025,True
MARK2P5,1.0279519546167764,1.8213523459500094,0.5687550788989743,3.2023491543598666,0.0013631166996828947,0.0021241333964639435,True
CT83,1.7353555954954931,-1.7932100901947259,0.5610817682924537,-3.1959870940950763,0.001393533449053604,0.002169605368463522,True
AC009021.2,0.7036218822667428,-1.7140955518476764,0.537059870996142,-3.191628428071457,0.0014147320090459254,0.0022008628898480464,True
AC087235.2,0.8162306098809071,2.1093763092464344,0.6634981520497819,3.1791743544873796,0.0014769522143342555,0.0022932712261771624,True
LINC00261,0.9936526292117518,2.314092164271928,0.7279118045802335,3.179083165997563,0.0014774169472070247,0.0022938063402459644,True
LINC02335,1.5653290017660253,3.607937824319321,1.139997917474427,3.164863522130299,0.0015515570955051215,0.002404632288223826,True
RNA5SP107,0.8712521471051398,2.588581229050881,0.8250282801092717,3.1375666646336464,0.0017035652936024754,0.002629585696660447,True
MIR548XHG,1.322122076256719,1.8762287676957576,0.6016221528683687,3.118616491680726,0.0018170229806693519,0.002797078073409445,True
RNASEH1P1,0.9994704895215124,2.140203987019343,0.6866426425285269,3.1169109729890203,0.0018275675283667917,0.002812401342970058,True
DDC-AS1,0.45476477762583556,-2.3034114169457505,0.7405968931447536,-3.1102093976723397,0.00186954756985141,0.002874085737656141,True
LINC02697,0.5060272267501306,-1.5514656619612892,0.4988671231532155,-3.109977767536291,0.0018710142617839026,0.002876075345297597,True
RN7SL301P,0.794807597748072,1.5444307634560879,0.4974684668175594,3.10458022261437,0.0019054924625428091,0.0029257029527320504,True
LINC02327,1.8845687358852923,1.5172725216014173,0.4896497903737027,3.098689208961835,0.0019437880820317277,0.0029813452029469755,True
TGIF2LX,0.8448507607146755,2.589074355064207,0.8370293725412619,3.0931702518439126,0.001980304913417187,0.003034841622974577,True
AC140481.3,0.5824947941746138,1.6527500736030445,0.5345441658947812,3.091886843132003,0.001988886490450426,0.003047432831152366,True
BX284656.1,0.6290988245999948,2.263363427462927,0.7333668628916974,3.0862635632845294,0.0020268907205610483,0.003102812882257994,True
AC006262.4,0.459367221758044,-1.8151612885450412,0.5898207327142821,-3.0774796270587053,0.002087591079171858,0.0031904621648550613,True
MRPL45P1,0.6888224252283325,1.8493896706074258,0.6014350915137644,3.0749613660763604,0.0021052982283743036,0.0032163447990313184,True
AC007483.1,0.5791237747947835,1.8988405494488052,0.6176252074492662,3.0744220387163885,0.00210910837224916,0.0032218705101066023,True
TCHHL1,0.8745461933374915,-1.8046101589420784,0.5926020466313507,-3.0452310605412074,0.002325016124357932,0.0035388846522689493,True
AC111000.2,0.3347055832336321,-1.9318007274260491,0.634774133661875,-3.043288352475719,0.0023400798496608236,0.0035610003607729323,True
AC244102.4,4.090628546066558,2.3169581481899297,0.7619062382327012,3.0410016770098753,0.0023579251748634305,0.0035861926691531237,True
SOX14,0.38249219297357895,-2.1107003199617487,0.6949334249503629,-3.037269822087648,0.0023873165439234926,0.0036292391586499775,True
TM4SF5,0.5686739882742645,1.5743834330693698,0.5201438217537055,3.026823288530493,0.002471383891216046,0.003751055042243033,True
AC019209.3,0.7868441770867649,1.5696022271102674,0.5203004393563685,3.0167228554562153,0.002555233141053643,0.0038716251713311195,True
AC008060.1,0.7092515089623678,1.9091962518758945,0.6395117719308009,2.985396572312794,0.002832108937943024,0.004270380294409817,True
SST,1.7790607965663268,-1.694666117146605,0.56927503352712,-2.976884664424462,0.002911935328168867,0.004386361867793272,True
AL121827.1,0.5860834366265119,1.883487364832092,0.6361616112353149,2.9607057885411985,0.0030693499187961133,0.004613293241478799,True
MTNR1B,1.203002288590025,1.5410221337427394,0.5210467299495309,2.9575507246576604,0.0031009372417605094,0.004658879852028257,True
OR52E4,0.5526021866285893,1.7313533369825622,0.5874951036267152,2.947008964491108,0.0032086390141875198,0.00481288636190076,True
AL353132.1,0.49212578323467004,1.913733412374952,0.6538614489198602,2.926817929909042,0.003424492921926234,0.005122377862898317,True
AC018558.6,0.8643677639115799,2.023145547283251,0.6924427770575423,2.921751246912244,0.003480694126413786,0.005200612384488053,True
UTY,0.6300165588084629,-1.7960555273582506,0.6186591300067437,-2.9031423610262936,0.0036943865894029206,0.005503131068876095,True
MIR2052,0.6074358164800847,2.0148142423571955,0.6942402887296115,2.9021857058225455,0.003705687945452549,0.0055187329653417164,True
AL606490.8,0.5464007563246417,1.8727601750980187,0.6488772726968177,2.8861546765455133,0.0038998044534284586,0.0057959168731844405,True
CSAG4,1.4157455487406898,2.6758127214472838,0.9298267434854725,2.8777540979483462,0.004005172080645181,0.005945625805361058,True
AC093730.1,0.9869905122184285,2.6690942648910303,0.9338167861821914,2.8582633171581038,0.004259667514008445,0.006305737390121965,True
AL353747.3,0.5736957177953628,1.902068344190735,0.6660310561077644,2.855825305363807,0.004292512446492714,0.006351821341708547,True
HBM,1.1398112366578688,-1.5623981327767655,0.5480911685277796,-2.850617237591152,0.004363446108523212,0.006451060170817954,True
LRRC57P1,0.917319034677229,1.7117540753139782,0.6028808183198788,2.839290989692343,0.004521390456626065,0.006673328184909168,True
SLCO1B3,0.5423824307122668,-1.508707760789838,0.5334305624487337,-2.828311437320083,0.00467942588658726,0.00689133026680497,True
G2E3-AS1,1.129517297736322,1.6069126477016433,0.5726138787146137,2.806276109319586,0.005011772735266264,0.007357056472770254,True
LINC00383,0.4587477379225509,1.5975036393450766,0.5715244264263714,2.795162490838667,0.005187363501409743,0.007605107724469755,True
AC046144.1,0.6139058070181663,1.841208225538634,0.6606313698831152,2.7870432883990914,0.005319137303823067,0.0077883697727957266,True
CLUHP4,0.8135835753700954,2.7086137745492853,0.9744315011700552,2.7796861773217505,0.0054411453340313925,0.007955838115775733,True
ANAPC1P5,0.61084889472563,2.010127659370421,0.7238607087834092,2.7769536804240103,0.005487099798751924,0.008019866379829859,True
AP005901.3,0.48004738837106403,1.6892790660436303,0.6127622814333615,2.756826125283204,0.005836537809468558,0.008510830756797854,True
NFYAP1,0.971392391749426,2.0221081283455815,0.7355872035082788,2.7489713234561775,0.005978261622770305,0.008707592892110715,True
KRTAP21-2,0.8761145670357053,1.5630840110231377,0.5698276040650424,2.7430822934382113,0.006086542986878036,0.00885622494266038,True
AL499627.2,0.573271104454186,1.7216689923176025,0.6288222391333569,2.7379263727860637,0.006182791625909379,0.008989847102308653,True
SPANXC,0.4877493694335862,1.7288181519772499,0.6322126744927568,2.7345515547664916,0.006246531260368248,0.009077326724564065,True
PDX1,1.1219555759468038,1.7457317793754645,0.6397074189252722,2.728953467990643,0.006353566847086729,0.009226435914804933,True
LINC02726,0.9576961797787394,1.865905531855913,0.6846061615439698,2.725516708245508,0.006420092695802376,0.00931898460554139,True
LINC02780,0.614023414632257,2.0929529445192108,0.7684065449267752,2.7237573109409907,0.006454391573985796,0.009365917004649392,True
