Gene_set,Term,Overlap,P-value,Adjusted P-value,Old P-value,Old Adjusted P-value,Odds Ratio,Combined Score,Genes,Subtype,Direction
GO_Biological_Process_2023,Cellular Response To Hormone Stimulus (GO:0032870),26/94,0.0001390589855978974,0.330348817053524,0,0,2.542749920875345,22.58117637070048,OXTR;RAMP2;THRB;UCP1;ATP1A2;NR3C1;TFPI;GHR;SOCS2;CRHBP;GPER1;FFAR4;SLIT2;LHCGR;XBP1;AKR1C1;CAV1;AVPR2;AKR1C2;AVPR1A;ESR1;ESR2;NR4A3;LEP;KLF9;MGARP,Basal,Suppressed
GO_Biological_Process_2023,Sprouting Angiogenesis (GO:0002040),17/52,0.0002252866918454681,0.330348817053524,0,0,3.225135416096734,27.08512836119569,SEMA5A;CCBE1;RAMP2;EGR3;VEGFD;FGF2;BMP4;NR4A1;BMPER;ADGRA2;RSPO3;CDH13;SLIT2;TEK;RECK;TDGF1;GPLD1,Basal,Suppressed
GO_Biological_Process_2023,Positive Regulation Of Vasoconstriction (GO:0045907),7/12,0.00029003407994163653,0.330348817053524,0,0,9.276535673407096,75.5621338043245,FGB;FGA;OXTR;CAV1;AVPR2;FGG;AVPR1A,Basal,Suppressed
GO_Biological_Process_2023,Adenylate Cyclase-Modulating G Protein-Coupled Receptor Signaling Pathway (GO:0007188),37/163,0.00054209382078177,0.4446844291400991,0,0,1.954574136357232,14.698537199663336,VIPR1;ADCYAP1R1;RAMP2;GIPR;PTGER3;ADCY4;ADRB2;PTH1R;ADCY1;PTHLH;CRHR2;ADCY5;AKAP12;ADGRG4;GNA14;CALCR;GNAT3;GPER1;FFAR3;DRD1;P2RY12;LHCGR;PDE2A;AVPR2;GLP2R;SCTR;ADRA2A;ADGRD1;GNAL;ADRB3;ADGRB3;ADGRD2;GHRH;ADGRF5;ADGRL4;VIP;PF4,Basal,Suppressed
GO_Biological_Process_2023,Ethanol Oxidation (GO:0006069),5/7,0.0006506942188178214,0.4446844291400991,0,0,16.555470834921845,121.47528277295449,ADH4;ADH1C;ADH1B;ADH1A;ADH7,Basal,Suppressed
GO_Biological_Process_2023,Negative Regulation Of Peptide Hormone Secretion (GO:0090278),8/18,0.0011278980126589,0.5295597949159337,0,0,5.301374045801527,35.98254378265485,CHGA;PRKN;CRHBP;KCNJ11;IRS1;CRH;FFAR4;FOXO1,Basal,Suppressed
GO_Biological_Process_2023,Organic Cyclic Compound Catabolic Process (GO:1901361),6/11,0.0013079268067783,0.5295597949159337,0,0,7.948283752860412,52.77113558558094,ALDH4A1;HSD11B1;STS;CYP1A2;HOGA1;CYP3A4,Basal,Suppressed
GO_Biological_Process_2023,Regulation Of Insulin Secretion (GO:0050796),22/87,0.0016198227306475,0.5295597949159337,0,0,2.2477950292225044,14.44306885855559,PRKN;CHGA;TFAP2B;SLC30A8;KCNJ11;IRS1;GIPR;KCNA5;DOC2B;TRH;MYRIP;ABCA12;ADRA2A;FOXO1;ADCY5;PER2;G6PC2;IL6;RFX6;GPER1;NNAT;FFAR1,Basal,Suppressed
GO_Biological_Process_2023,Positive Regulation Of Secretion (GO:0051047),7/15,0.0016432111466907,0.5295597949159337,0,0,5.796833269744372,37.1640947910244,XBP1;NPR1;CYP4A11;TRH;LACRT;GPLD1;AQP1,Basal,Suppressed
GO_Biological_Process_2023,Response To Fatty Acid (GO:0070542),8/19,0.001725256949866,0.5295597949159337,0,0,4.819153365718251,30.661281536357105,PID1;IRS1;SCD;UCP1;PDK4;FFAR3;FFAR1;FOXO1,Basal,Suppressed
GO_Biological_Process_2023,Positive Regulation Of Peptide Hormone Secretion (GO:0090277),14/46,0.0017313253205111,0.5295597949159337,0,0,2.902161438408569,18.454461741082145,FGB;FGA;SLC30A8;GRP;FGG;DOC2B;TRH;MYRIP;GPER1;GHRH;NNAT;FFAR4;CRH;FFAR1,Basal,Suppressed
GO_Biological_Process_2023,Adenylate Cyclase-Activating G Protein-Coupled Receptor Signaling Pathway (GO:0007189),26/110,0.0018597358908373,0.5295597949159337,0,0,2.056513304783866,12.929958867415994,RAMP2;GIPR;PTGER3;ADCY4;ADRB1;ADRB2;PTH1R;ADCY1;PTHLH;ADCY5;ADGRG4;CALCR;GNG2;GPER1;DRD1;LHCGR;ADRA2A;ADGRD1;ADRB3;ADGRB3;ADGRD2;GHRH;ADGRF5;ADGRL4;VIP;PF4,Basal,Suppressed
GO_Biological_Process_2023,Regulation Of Sensory Perception (GO:0051931),6/12,0.0023258241478225,0.5904609295618202,0,0,6.6231884057971016,40.16090057349515,TMEM100;OPRPN;SCN11A;SPX;VIP;MGLL,Basal,Suppressed
GO_Biological_Process_2023,Activation Of Adenylate Cyclase Activity (GO:0007190),8/20,0.0025470569396833,0.5904609295618202,0,0,4.417302798982188,26.383740048840245,LHCGR;CALCR;ADRB3;GIPR;AVPR2;ADRB1;ADRB2;DRD1,Basal,Suppressed
GO_Biological_Process_2023,Cellular Response To Fatty Acid (GO:0071398),7/16,0.0025920146161625,0.5904609295618202,0,0,5.152443935732757,30.684451706025225,DGAT2;PID1;IRS1;UCP1;PDK4;AKR1C2;FFAR3,Basal,Suppressed
GO_Biological_Process_2023,Cardiac Muscle Cell Action Potential (GO:0086001),10/29,0.0028008243808452,0.5981510568342733,0,0,3.488601182099634,20.50544474719777,KCNE1;KCND3;KCNIP2;CACNA2D1;ATP1A2;DMD;SCN3B;SCN4B;CACNA1G;SCN2B,Basal,Suppressed
GO_Biological_Process_2023,Lipid Catabolic Process (GO:0016042),8/21,0.0036455764610369,0.6012229423169371,0,0,4.077275396359366,22.89080578053332,HSD11B1;LIPE;STS;CES1P1;CYP1A2;PLAAT3;CYP3A4;CES1,Basal,Suppressed
GO_Biological_Process_2023,Regulation Of Potassium Ion Transport (GO:0043266),10/30,0.0037133565832953,0.6012229423169371,0,0,3.313980137509549,18.54443325757293,KCNE1;DPP6;KCNIP2;FHL1;CASQ2;KCNA5;ANK2;DRD1;VIP;ADRA2A,Basal,Suppressed
GO_Biological_Process_2023,Glucose Homeostasis (GO:0042593),21/87,0.0037336601761976,0.6012229423169371,0,0,2.1121804930780765,11.80786253393256,CEBPA;NGFR;SLC30A8;CAV3;IRS1;ADIPOQ;SLC2A4;CARTPT;HNF1A;PIK3R1;ADRA2A;FOXO1;MLXIPL;G6PC2;IL6;RFX6;CRY2;LEPR;PDK4;PPARG;PCK1,Basal,Suppressed
GO_Biological_Process_2023,Negative Regulation Of Endothelial Cell Apoptotic Process (GO:2000352),9/26,0.0043866038311715,0.6012229423169371,0,0,3.508186779866586,19.04664754617213,SEMA5A;FGB;CDH5;FGA;RAMP2;FGG;NDNF;GATA3;TEK,Basal,Suppressed
GO_Biological_Process_2023,Regulation Of Vasoconstriction (GO:0019229),9/26,0.0043866038311715,0.6012229423169371,0,0,3.508186779866586,19.04664754617213,FGB;PER2;FGA;OXTR;CAV1;AVPR2;FGG;AGTR1;AVPR1A,Basal,Suppressed
GO_Biological_Process_2023,Regulation Of Release Of Sequestered Calcium Ion Into Cytosol By Sarcoplasmic Reticulum (GO:0010880),8/22,0.0050772719502537,0.6012229423169371,0,0,3.785823336968375,20.000433437373665,GSTM2;CASQ2;HRC;ANK2;ATP1A2;DMD;CASQ1;TRDN,Basal,Suppressed
GO_Biological_Process_2023,Regulation Of Heart Rate By Cardiac Conduction (GO:0086091),12/41,0.0051488675973284,0.6012229423169371,0,0,2.743277443846884,14.454269795719732,KCNE1;KCND3;CACNA2D1;CAV1;KCNA5;ANK2;SCN3B;SCN4B;CACNA1G;KCNJ3;HCN1;SCN2B,Basal,Suppressed
GO_Biological_Process_2023,Fat Cell Differentiation (GO:0045444),16/62,0.0053707718310134,0.6012229423169371,0,0,2.307210866236101,12.059292034174382,CEBPA;TFAP2B;EGR2;PID1;STEAP4;ADIPOQ;UCP1;KLF4;FOXO1;PER2;NR4A1;NR4A3;ADGRF5;PRDM16;FFAR4;PPARG,Basal,Suppressed
GO_Biological_Process_2023,Mast Cell Activation Involved In Immune Response (GO:0002279),5/10,0.005539060936867,0.6012229423169371,0,0,6.6210446054136485,34.40248627346144,NR4A3;GRP;MRGPRX2;KIT;FCER1A,Basal,Suppressed
GO_Biological_Process_2023,Mast Cell Degranulation (GO:0043303),5/10,0.005539060936867,0.6012229423169371,0,0,6.6210446054136485,34.40248627346144,NR4A3;GRP;MRGPRX2;KIT;FCER1A,Basal,Suppressed
GO_Biological_Process_2023,Signal Release (GO:0023061),5/10,0.005539060936867,0.6012229423169371,0,0,6.6210446054136485,34.40248627346144,SLC44A4;LEP;FFAR4;PCSK5;WLS,Basal,Suppressed
GO_Biological_Process_2023,Cardiac Muscle Cell Contraction (GO:0086003),7/18,0.0056820674630812,0.6012229423169371,0,0,4.215150358988589,21.79418253847757,KCNE1;GSN;CACNA2D1;SCN3B;SCN4B;CACNA1G;SCN2B,Basal,Suppressed
GO_Biological_Process_2023,Endothelial Cell Proliferation (GO:0001935),7/18,0.0056820674630812,0.6012229423169371,0,0,4.215150358988589,21.79418253847757,SEMA5A;BMP4;ANGPT4;BMPER;TEK;CD34;PROK1,Basal,Suppressed
GO_Biological_Process_2023,Energy Reserve Metabolic Process (GO:0006112),7/18,0.0056820674630812,0.6012229423169371,0,0,4.215150358988589,21.79418253847757,PID1;ADRB3;PPP1R3C;LEP;ADGRF5;LEPR;PYGM,Basal,Suppressed
GO_Biological_Process_2023,Regulation Of Peptide Hormone Secretion (GO:0090276),14/52,0.0059773830912355,0.6012229423169371,0,0,2.4430797728828573,12.5080124336389,FGB;FGA;TFAP2B;GRP;KCNJ11;GIPR;FGG;KCNA5;PER2;CRHBP;G6PC2;IL6;RFX6;FFAR3,Basal,Suppressed
GO_Biological_Process_2023,"Blood Coagulation, Fibrin Clot Formation (GO:0072378)",6/14,0.0059823178339993,0.6012229423169371,0,0,4.966819221967963,25.42488529186911,FGB;FGA;THBD;F8;FGG;F13A1,Basal,Suppressed
GO_Biological_Process_2023,Protein Activation Cascade (GO:0072376),6/14,0.0059823178339993,0.6012229423169371,0,0,4.966819221967963,25.42488529186911,FGB;FGA;THBD;F8;FGG;F13A1,Basal,Suppressed
GO_Biological_Process_2023,Regulation Of Sensory Perception Of Pain (GO:0051930),6/14,0.0059823178339993,0.6012229423169371,0,0,4.966819221967963,25.42488529186911,TMEM100;OPRPN;SCN11A;SPX;VIP;MGLL,Basal,Suppressed
GO_Biological_Process_2023,Long-Chain Fatty Acid Transport (GO:0015909),8/23,0.0069017150678975,0.6738045824858864,0,0,3.53323155216285,17.581308398261765,ABCD2;FABP4;ACSL1;FABP9;PPARG;SPX;CD36;SLC27A2,Basal,Suppressed
GO_Biological_Process_2023,Hepoxilin Biosynthetic Process (GO:0051122),4/7,0.007478684687089,0.6906666371833351,0,0,8.825711382113822,43.20802061948451,GSTM2;GSTM1;ALOX15;ALOX15B,Basal,Suppressed
GO_Biological_Process_2023,Hepoxilin Metabolic Process (GO:0051121),4/7,0.007478684687089,0.6906666371833351,0,0,8.825711382113822,43.20802061948451,GSTM2;GSTM1;ALOX15;ALOX15B,Basal,Suppressed
GO_Biological_Process_2023,Positive Regulation Of Hormone Secretion (GO:0046887),7/19,0.0079902127910231,0.7184883449191053,0,0,3.863665267709526,18.65971779459785,FGB;HCAR2;FGA;EDN3;GRP;FGG;PPARG,Basal,Suppressed
GO_Biological_Process_2023,Vasodilation (GO:0042311),6/15,0.0088750634454575,0.7554917746001902,0,0,4.414696160691584,20.85727525252821,ADRB3;GPER1;ADRB1;ADRB2;AGTR2;KLF2,Basal,Suppressed
GO_Biological_Process_2023,Mast Cell Mediated Immunity (GO:0002448),5/11,0.0090650169033092,0.7554917746001902,0,0,5.517219468801627,25.94931802399738,NR4A3;GRP;MRGPRX2;KIT;FCER1A,Basal,Suppressed
GO_Biological_Process_2023,Negative Regulation Of Vascular Permeability (GO:0043116),5/11,0.0090650169033092,0.7554917746001902,0,0,5.517219468801627,25.94931802399738,CLDN5;RAMP2;PDE2A;SLIT2;FERMT2,Basal,Suppressed
GO_Biological_Process_2023,Positive Regulation Of Insulin Secretion (GO:0032024),11/40,0.011924119079008,0.8779816380140337,0,0,2.513710091839827,11.133704922490644,ANO1;SLC30A8;RFX6;GPER1;NNAT;DOC2B;TRH;FFAR1;MYRIP;GPLD1;BAIAP3,Basal,Suppressed
GO_Biological_Process_2023,One-Carbon Compound Transport (GO:0019755),10/35,0.0122793838916649,0.8779816380140337,0,0,2.650420168067227,11.661407521957385,SLC14A1;SLC4A8;SLC14A2;CA4;HBB;SLC4A1;RHAG;HBA1;SLC4A4;SLC26A5,Basal,Suppressed
GO_Biological_Process_2023,Cardiac Muscle Cell Action Potential Involved In Contraction (GO:0086002),9/30,0.0123504169765218,0.8779816380140337,0,0,2.8393061692030765,12.476097149144348,KCNE1;CAV3;CACNA2D1;KCNA5;GPD1L;SCN3B;SCN4B;CACNA1G;SCN2B,Basal,Suppressed
GO_Biological_Process_2023,Membrane Depolarization During Cardiac Muscle Cell Action Potential (GO:0086012),6/16,0.0126449014313088,0.8779816380140337,0,0,3.9729977116704807,17.363991242468263,CACNA2D1;ATP1A2;SCN3B;SCN4B;CACNA1G;SCN2B,Basal,Suppressed
GO_Biological_Process_2023,Prostanoid Metabolic Process (GO:0006692),6/16,0.0126449014313088,0.8779816380140337,0,0,3.9729977116704807,17.363991242468263,HPGDS;GSTM1;AKR1C1;AKR1C2;CYP4F8;CES1,Basal,Suppressed
GO_Biological_Process_2023,Regulation Of Secretion (GO:0051046),6/16,0.0126449014313088,0.8779816380140337,0,0,3.9729977116704807,17.363991242468263,PTPRN2;EGF;LACRT;GPLD1;CES1;FGF10,Basal,Suppressed
GO_Biological_Process_2023,Transport Across Blood-Brain Barrier (GO:0150104),19/85,0.013129538792212,0.8779816380140337,0,0,1.909555501353125,8.2738953064479,SLC22A3;ABCB1;LRP1;ATP1A4;SLC16A12;ABCC9;ATP1A2;SLC2A4;AVPR1A;SLC4A4;SLC7A2;SLC7A3;SLCO1C1;SLC4A8;SLC7A8;LEPR;SLC16A7;CD36;ABCG2,Basal,Suppressed
GO_Biological_Process_2023,Brown Fat Cell Differentiation (GO:0050873),4/8,0.0134105530345235,0.8779816380140337,0,0,6.618902439024391,28.53880995628236,ADIPOQ;PRDM16;FFAR4;UCP1,Basal,Suppressed
GO_Biological_Process_2023,Plasminogen Activation (GO:0031639),4/8,0.0134105530345235,0.8779816380140337,0,0,6.618902439024391,28.53880995628236,FGB;FGA;FGG;PLAT,Basal,Suppressed
GO_Biological_Process_2023,Positive Regulation Of Inositol Phosphate Biosynthetic Process (GO:0060732),4/8,0.0134105530345235,0.8779816380140337,0,0,6.618902439024391,28.53880995628236,LHCGR;GPER1;PTH1R;SNCA,Basal,Suppressed
GO_Biological_Process_2023,Regulation Of Endothelial Cell Differentiation (GO:0045601),4/8,0.0134105530345235,0.8779816380140337,0,0,6.618902439024391,28.53880995628236,TMEM100;ZEB1;NOTCH4;ATOH8,Basal,Suppressed
GO_Biological_Process_2023,Cardiac Conduction (GO:0061337),12/46,0.0136180938878383,0.8779816380140337,0,0,2.33917970858068,10.049948629963003,KCNE1;KCND3;CACNA2D1;CAV1;KCNA5;ANK2;SCN3B;SCN4B;CACNA1G;KCNJ3;HCN1;SCN2B,Basal,Suppressed
GO_Biological_Process_2023,Relaxation Of Cardiac Muscle (GO:0055119),5/12,0.0138787381162249,0.8780524299066652,0,0,4.728772942650182,20.22684034224115,CHGA;GSTM2;GSN;PLN;ATP1A2,Basal,Suppressed
GO_Biological_Process_2023,Heart Contraction (GO:0060047),11/41,0.0144083817034736,0.8780524299066652,0,0,2.42977964590498,10.302132495667149,MYL7;MYL3;CASQ2;ATP1A2;DMD;SCN3B;SGCZ;SCN4B;SGCG;TRDN;SCN2B,Basal,Suppressed
GO_Biological_Process_2023,Fatty Acid Metabolic Process (GO:0006631),25/122,0.0150853023253242,0.8780524299066652,0,0,1.7104570063883464,7.173715464850536,ABCD2;ACSM1;ALOX15;ACSM6;ACSM2A;ACSM5;ABCB11;ACACB;ACSM2B;CD36;HAO2;XBP1;ACSL1;ADIPOQ;CYP4A11;CYP4B1;ACADSB;CYP4F12;PER2;ACOX2;GPAM;FASN;CYP1A1;SLC27A2;CES1,Basal,Suppressed
GO_Biological_Process_2023,Negative Regulation Of Lipid Metabolic Process (GO:0045833),8/26,0.0153482427655199,0.8780524299066652,0,0,2.943850720949958,12.295741125840532,HCAR2;GPER1;PDE3B;CIDEA;APOD;CCDC3;ADRA2A;CIDEC,Basal,Suppressed
GO_Biological_Process_2023,Positive Regulation Of Adenylate Cyclase Activity (GO:0045762),8/26,0.0153482427655199,0.8780524299066652,0,0,2.943850720949958,12.295741125840532,LHCGR;CALCR;ADRB3;GIPR;AVPR2;ADRB1;ADRB2;DRD1,Basal,Suppressed
GO_Biological_Process_2023,Muscle Organ Development (GO:0007517),14/58,0.0161323355953015,0.8780524299066652,0,0,2.1092021979550672,8.704528981241179,EGR3;LAMA2;CAV3;FHL1;TCF21;IGF1;KY;DES;MYMX;CAPN3;ITGA7;DMD;UTRN;SGCG,Basal,Suppressed
GO_Biological_Process_2023,Positive Regulation Of Protein Kinase B Signaling (GO:0051897),20/93,0.0168795807051351,0.8780524299066652,0,0,1.8172745608874696,7.417479856085828,SEMA5A;CX3CR1;P2RY12;CSF3;MYOC;CCL21;F10;EGF;AKR1C2;GATA3;IGF1;NTS;FGF2;F7;CALCR;LEP;GFRAL;SPRY2;TEK;FERMT2,Basal,Suppressed
GO_Biological_Process_2023,Cell Migration Involved In Sprouting Angiogenesis (GO:0002042),6/17,0.0174088579243901,0.8780524299066652,0,0,3.611608071562305,14.629815753412831,NR4A1;EGR3;SLIT2;FGF2;TDGF1;GPLD1,Basal,Suppressed
GO_Biological_Process_2023,Blood Vessel Endothelial Cell Proliferation Involved In Sprouting Angiogenesis (GO:0002043),3/5,0.0184362339544116,0.8780524299066652,0,0,9.925714285714283,39.63771779785689,BMP4;SEMA5A;BMPER,Basal,Suppressed
GO_Biological_Process_2023,Glomerulus Vasculature Development (GO:0072012),3/5,0.0184362339544116,0.8780524299066652,0,0,9.925714285714283,39.63771779785689,PECAM1;TEK;CD34,Basal,Suppressed
GO_Biological_Process_2023,Histamine Metabolic Process (GO:0001692),3/5,0.0184362339544116,0.8780524299066652,0,0,9.925714285714283,39.63771779785689,SLC22A3;TRH;HNMT,Basal,Suppressed
GO_Biological_Process_2023,Regulation Of Epinephrine Secretion (GO:0014060),3/5,0.0184362339544116,0.8780524299066652,0,0,9.925714285714283,39.63771779785689,CRH;CARTPT;VIP,Basal,Suppressed
GO_Biological_Process_2023,Regulation Of Glucagon Secretion (GO:0070092),3/5,0.0184362339544116,0.8780524299066652,0,0,9.925714285714283,39.63771779785689,IL6;CRH;FFAR4,Basal,Suppressed
GO_Biological_Process_2023,Regulation Of Hormone Biosynthetic Process (GO:0046885),3/5,0.0184362339544116,0.8780524299066652,0,0,9.925714285714283,39.63771779785689,EGR1;STC2;FFAR3,Basal,Suppressed
GO_Biological_Process_2023,Regulation Of Relaxation Of Cardiac Muscle (GO:1901897),3/5,0.0184362339544116,0.8780524299066652,0,0,9.925714285714283,39.63771779785689,CHGA;PLN;HRC,Basal,Suppressed
GO_Biological_Process_2023,Regulation Of Renal Sodium Excretion (GO:0035813),3/5,0.0184362339544116,0.8780524299066652,0,0,9.925714285714283,39.63771779785689,NPR1;AGTR1;SPX,Basal,Suppressed
GO_Biological_Process_2023,Response To Catecholamine (GO:0071869),3/5,0.0184362339544116,0.8780524299066652,0,0,9.925714285714283,39.63771779785689,GNG2;NR4A3;DRD1,Basal,Suppressed
GO_Biological_Process_2023,Response To Heparin (GO:0071503),3/5,0.0184362339544116,0.8780524299066652,0,0,9.925714285714283,39.63771779785689,EGR1;SLIT2;GPIHBP1,Basal,Suppressed
GO_Biological_Process_2023,Blood Vessel Endothelial Cell Migration (GO:0043534),7/22,0.0189837303010035,0.8780524299066652,0,0,3.090398066895587,12.250872472811436,CDH5;NR4A1;EGR3;SLIT2;FGF2;TDGF1;GPLD1,Basal,Suppressed
GO_Biological_Process_2023,Positive Regulation Of Cholesterol Efflux (GO:0010875),7/22,0.0189837303010035,0.8780524299066652,0,0,3.090398066895587,12.250872472811436,EEPD1;LRP1;CAV1;ADIPOQ;PPARG;ABCA8;CES1,Basal,Suppressed
GO_Biological_Process_2023,Negative Regulation Of Osteoblast Differentiation (GO:0045668),9/32,0.0190154755086605,0.8780524299066652,0,0,2.592111160914388,10.271245998615004,GDF10;RANBP3L;CITED1;TNN;CHRD;TWIST2;CRIM1;PPARG;RORB,Basal,Suppressed
GO_Biological_Process_2023,Positive Regulation Of Cell-Substrate Adhesion (GO:0010811),16/71,0.0201339784174053,0.8809286009673387,0,0,1.92866490324377,7.532104580321909,VIT;FGB;FGA;ECM2;MYOC;CCL21;FGG;ALOX15;NDNF;CCDC80;AGR2;CDH13;CD36;UTRN;FERMT2;LIMS2,Basal,Suppressed
GO_Biological_Process_2023,Body Fluid Secretion (GO:0007589),5/13,0.0201517797354472,0.8809286009673387,0,0,4.137438048036599,16.15447240861717,OXTR;NPR1;ERBB4;CSN2;VIP,Basal,Suppressed
GO_Biological_Process_2023,Lipid Oxidation (GO:0034440),5/13,0.0201517797354472,0.8809286009673387,0,0,4.137438048036599,16.15447240861717,ACSM1;ADIPOQ;ALOX15;ALOX15B;HAO2,Basal,Suppressed
GO_Biological_Process_2023,Regulation Of Endothelial Cell Apoptotic Process (GO:2000351),11/43,0.0205188572571251,0.8809286009673387,0,0,2.27765571264807,8.851906100722353,SEMA5A;FGB;CDH5;FGA;RAMP2;GPER1;FGG;ECSCR;NDNF;GATA3;TEK,Basal,Suppressed
GO_Biological_Process_2023,Vascular Transport (GO:0010232),18/83,0.020852409795674,0.8809286009673387,0,0,1.836286472148541,7.106953383860076,SLC22A3;ABCB1;LRP1;ATP1A4;SLC16A12;ABCC9;ATP1A2;SLC2A4;AVPR1A;SLC4A4;SLC7A2;SLC7A3;SLCO1C1;SLC4A8;SLC7A8;LEPR;SLC16A7;ABCG2,Basal,Suppressed
GO_Biological_Process_2023,Cellular Response To Peptide Hormone Stimulus (GO:0071375),19/89,0.0210012841318482,0.8809286009673387,0,0,1.8000219022066473,6.953793661171464,TRARG1;LHCGR;XBP1;IRS1;CAV1;PDE3B;ADIPOQ;SLC2A4;PIK3R1;SORBS1;FOXO1;CRHBP;NR4A1;NR4A3;GPER1;PPARG;MGARP;PCK1;GPLD1,Basal,Suppressed
GO_Biological_Process_2023,Amine Metabolic Process (GO:0009308),4/9,0.0216558391809354,0.8809286009673387,0,0,5.294817073170732,20.29228134548509,AOC3;AOC2;MAOA;INMT,Basal,Suppressed
GO_Biological_Process_2023,Glucan Biosynthetic Process (GO:0009250),4/9,0.0216558391809354,0.8809286009673387,0,0,5.294817073170732,20.29228134548509,GYS2;PER2;PPP1R3C;GYG2,Basal,Suppressed
GO_Biological_Process_2023,Glycogen Biosynthetic Process (GO:0005978),4/9,0.0216558391809354,0.8809286009673387,0,0,5.294817073170732,20.29228134548509,GYS2;PER2;PPP1R3C;GYG2,Basal,Suppressed
GO_Biological_Process_2023,Intestinal Cholesterol Absorption (GO:0030299),4/9,0.0216558391809354,0.8809286009673387,0,0,5.294817073170732,20.29228134548509,LIMA1;NPC1L1;AKR1C1;CD36,Basal,Suppressed
GO_Biological_Process_2023,Myoblast Fusion (GO:0007520),6/18,0.0232722630642242,0.9140381941431508,0,0,3.3104500381388253,12.448924373899342,ADAMTS15;ADAMTS5;ERVFRD-1;MYMX;ADGRB3;JAM2,Basal,Suppressed
GO_Biological_Process_2023,Negative Regulation Of Lipid Catabolic Process (GO:0050995),6/18,0.0232722630642242,0.9140381941431508,0,0,3.3104500381388253,12.448924373899342,HCAR2;PDE3B;CIDEA;CIDEC;GPLD1;PLIN5,Basal,Suppressed
GO_Biological_Process_2023,Negative Regulation Of Monoatomic Ion Transport (GO:0043271),6/18,0.0232722630642242,0.9140381941431508,0,0,3.3104500381388253,12.448924373899342,PLN;CAV3;WNK4;CASQ2;VIP;ADRA2A,Basal,Suppressed
GO_Biological_Process_2023,Ethanol Metabolic Process (GO:0006067),5/14,0.0280237164817611,0.99999620015268,0,0,3.67751090778159,13.14601335704996,ADH4;ADH1C;ADH1B;ADH1A;ADH7,Basal,Suppressed
GO_Biological_Process_2023,Membrane Repolarization During Cardiac Muscle Cell Action Potential (GO:0086013),5/14,0.0280237164817611,0.99999620015268,0,0,3.67751090778159,13.14601335704996,KCNE1;KCND3;KCNIP2;KCNA5;KCNJ3,Basal,Suppressed
GO_Biological_Process_2023,Positive Regulation Of Acute Inflammatory Response (GO:0002675),5/14,0.0280237164817611,0.99999620015268,0,0,3.67751090778159,13.14601335704996,IL6;PTGER3;FFAR3;C2CD4B;IL6ST,Basal,Suppressed
GO_Biological_Process_2023,Maintenance Of Blood-Brain Barrier (GO:0035633),8/29,0.0295102104710382,0.99999620015268,0,0,2.522864412940749,8.888099154897949,CDH5;CLDN5;IL6;LAMA2;PECAM1;DMD;JAM2;JAM3,Basal,Suppressed
GO_Biological_Process_2023,Sarcomere Organization (GO:0045214),8/29,0.0295102104710382,0.99999620015268,0,0,2.522864412940749,8.888099154897949,SYNPO2L;TNNT3;CAPN3;FLNC;CASQ1;MYOZ2;MYOM2;MYPN,Basal,Suppressed
GO_Biological_Process_2023,Regulation Of Release Of Sequestered Calcium Ion Into Cytosol (GO:0051279),12/51,0.0299746527584225,0.99999620015268,0,0,2.0386967772288878,7.150531523848587,GSTM2;GPER1;CASQ2;HRC;CAPN3;ANK2;DMD;CASQ1;DRD1;LACRT;TRDN;SNCA,Basal,Suppressed
GO_Biological_Process_2023,Glycogen Metabolic Process (GO:0005977),6/19,0.0303255272648525,0.99999620015268,0,0,3.05562400985742,10.681744802642443,GYS2;PER2;PPP1R3C;STBD1;PYGM;GYG2,Basal,Suppressed
GO_Biological_Process_2023,Linoleic Acid Metabolic Process (GO:0043651),6/19,0.0303255272648525,0.99999620015268,0,0,3.05562400985742,10.681744802642443,GSTM2;ELOVL5;ALOX15;CYP4A11;CYP4A22;ALOX15B,Basal,Suppressed
GO_Biological_Process_2023,Xenobiotic Catabolic Process (GO:0042178),6/19,0.0303255272648525,0.99999620015268,0,0,3.05562400985742,10.681744802642443,GSTM3;GSTM2;CYP2A6;GSTM1;CYP1A2;CYP3A4,Basal,Suppressed
GO_Biological_Process_2023,Regulation Of Cytosolic Calcium Ion Concentration (GO:0051480),10/40,0.0308645215182743,0.99999620015268,0,0,2.2080468551056787,7.679913588848755,SCGN;TRPC5;PLN;CAV3;CAV2;TMEM178A;GPER1;CAV1;CDH23;HRC,Basal,Suppressed
GO_Biological_Process_2023,Regulation Of Monoatomic Ion Transmembrane Transporter Activity (GO:0032412),15/69,0.0323288279888719,0.99999620015268,0,0,1.8410086320534085,6.317965947892302,CAV3;FHL1;ANK2;PDZK1;SHISA6;CRHBP;RELN;FXYD1;CRH;GPD1L;UTRN;SCN3B;SCN4B;HCN1;SCN2B,Basal,Suppressed
GO_Biological_Process_2023,Cardiac Muscle Cell Membrane Repolarization (GO:0099622),4/10,0.0324003777162915,0.99999620015268,0,0,4.412093495934959,15.131650547357658,KCNE1;KCND3;KCNIP2;KCNJ3,Basal,Suppressed
GO_Biological_Process_2023,Insulin-Like Growth Factor Receptor Signaling Pathway (GO:0048009),4/10,0.0324003777162915,0.99999620015268,0,0,4.412093495934959,15.131650547357658,GHR;IRS1;IGF1;PIK3R1,Basal,Suppressed
GO_Biological_Process_2023,Mesonephros Development (GO:0001823),4/10,0.0324003777162915,0.99999620015268,0,0,4.412093495934959,15.131650547357658,ZBTB16;GATA3;FGF1;FGF10,Basal,Suppressed
GO_Biological_Process_2023,Regulation Of Biosynthetic Process (GO:0009889),4/10,0.0324003777162915,0.99999620015268,0,0,4.412093495934959,15.131650547357658,UCP1;THRSP;PCK1;SNCA,Basal,Suppressed
GO_Biological_Process_2023,Regulation Of Glycoprotein Biosynthetic Process (GO:0010559),4/10,0.0324003777162915,0.99999620015268,0,0,4.412093495934959,15.131650547357658,ACER2;NECAB1;CCL21;IGF1,Basal,Suppressed
GO_Biological_Process_2023,Steroid Hormone Mediated Signaling Pathway (GO:0043401),4/10,0.0324003777162915,0.99999620015268,0,0,4.412093495934959,15.131650547357658,BMP4;GPER1;ESR1;PLPP1,Basal,Suppressed
GO_Biological_Process_2023,SA Node Cell Action Potential (GO:0086015),3/6,0.0332955333404368,0.99999620015268,0,0,6.616761904761905,22.51242092979785,KCNA5;SCN3B;CACNA1G,Basal,Suppressed
GO_Biological_Process_2023,Cellular Response To Monoamine Stimulus (GO:0071868),3/6,0.0332955333404368,0.99999620015268,0,0,6.616761904761905,22.51242092979785,GNG2;NR4A3;DRD1,Basal,Suppressed
GO_Biological_Process_2023,Definitive Hemopoiesis (GO:0060216),3/6,0.0332955333404368,0.99999620015268,0,0,6.616761904761905,22.51242092979785,MFAP5;TGFBR3;TEK,Basal,Suppressed
GO_Biological_Process_2023,Elastic Fiber Assembly (GO:0048251),3/6,0.0332955333404368,0.99999620015268,0,0,6.616761904761905,22.51242092979785,MFAP4;TNXB;MYH11,Basal,Suppressed
GO_Biological_Process_2023,Positive Regulation Of Hormone Metabolic Process (GO:0032352),3/6,0.0332955333404368,0.99999620015268,0,0,6.616761904761905,22.51242092979785,SLCO1C1;EGR1;GATA3,Basal,Suppressed
GO_Biological_Process_2023,Regulation Of Cardiac Muscle Cell Membrane Potential (GO:0086036),3/6,0.0332955333404368,0.99999620015268,0,0,6.616761904761905,22.51242092979785,PLN;FXYD1;TRDN,Basal,Suppressed
GO_Biological_Process_2023,Regulation Of Endothelial Cell Chemotaxis To Fibroblast Growth Factor (GO:2000544),3/6,0.0332955333404368,0.99999620015268,0,0,6.616761904761905,22.51242092979785,FGF16;FGF1;FGF2,Basal,Suppressed
GO_Biological_Process_2023,Regulation Of Skeletal Muscle Contraction (GO:0014819),3/6,0.0332955333404368,0.99999620015268,0,0,6.616761904761905,22.51242092979785,CAV3;DMD;SCN4A,Basal,Suppressed
GO_Biological_Process_2023,White Fat Cell Differentiation (GO:0050872),3/6,0.0332955333404368,0.99999620015268,0,0,6.616761904761905,22.51242092979785,PER2;FFAR4;PPARG,Basal,Suppressed
GO_Biological_Process_2023,Muscle Contraction (GO:0006936),19/94,0.0354182739134514,0.99999620015268,0,0,1.679534943145522,5.610532462891193,OXTR;KCNIP2;LMOD1;MYOM2;MYLK;TRDN;CKMT2;MYH1;P2RX6;MYH2;DES;FXYD1;CASQ2;HRC;SCN7A;SCN4A;MYH11;NMUR1;UTRN,Basal,Suppressed
GO_Biological_Process_2023,Positive Regulation Of Protein Secretion (GO:0050714),16/76,0.0363517478655895,0.99999620015268,0,0,1.76743236345074,5.858177530826411,FGB;MYOM1;FGA;SLC30A8;FGG;DOC2B;TRH;MYRIP;IGF1;SYTL4;HCAR2;GPER1;NNAT;PPARG;FFAR1;WLS,Basal,Suppressed
GO_Biological_Process_2023,Adenylate Cyclase-Activating Adrenergic Receptor Signaling Pathway (GO:0071880),5/15,0.0375980565881043,0.99999620015268,0,0,3.309569195577583,10.858044268907218,ADRB3;ADRB1;ADRB2;DRD1;ADRA2A,Basal,Suppressed
GO_Biological_Process_2023,Cellular Glucuronidation (GO:0052695),5/15,0.0375980565881043,0.99999620015268,0,0,3.309569195577583,10.858044268907218,UGT2B10;UGT2B15;UGT2B17;UGT2B28;UGT2B4,Basal,Suppressed
GO_Biological_Process_2023,Glucuronate Metabolic Process (GO:0019585),5/15,0.0375980565881043,0.99999620015268,0,0,3.309569195577583,10.858044268907218,UGT2B10;UGT2B15;UGT2B17;UGT2B28;UGT2B4,Basal,Suppressed
GO_Biological_Process_2023,Positive Regulation Of Potassium Ion Transport (GO:0043268),5/15,0.0375980565881043,0.99999620015268,0,0,3.309569195577583,10.858044268907218,KCNE1;FHL1;ANK2;DRD1;ADRA2A,Basal,Suppressed
GO_Biological_Process_2023,Regulation Of Systemic Arterial Blood Pressure By Hormone (GO:0001990),5/15,0.0375980565881043,0.99999620015268,0,0,3.309569195577583,10.858044268907218,OXTR;EDN3;AVPR2;AGTR1;AVPR1A,Basal,Suppressed
GO_Biological_Process_2023,Long-Chain Fatty Acid Biosynthetic Process (GO:0042759),7/25,0.0376801741569541,0.99999620015268,0,0,2.574886599686294,8.442077812084964,GSTM2;GSTM1;ALOX15;CYP1A2;CYP1A1;CYP3A4;ALOX15B,Basal,Suppressed
GO_Biological_Process_2023,Myotube Differentiation (GO:0014902),7/25,0.0376801741569541,0.99999620015268,0,0,2.574886599686294,8.442077812084964,ADAMTS15;ADAMTS5;ERVFRD-1;MYMX;ADGRB3;IGF1;JAM2,Basal,Suppressed
GO_Biological_Process_2023,Regulation Of Membrane Depolarization (GO:0003254),6/20,0.0386416995411134,0.99999620015268,0,0,2.8372016999019287,9.230618079303946,CAV3;FHL1;GPD1L;SCN3B;HCN1;SCN2B,Basal,Suppressed
GO_Biological_Process_2023,Response To Ketone (GO:1901654),6/20,0.0386416995411134,0.99999620015268,0,0,2.8372016999019287,9.230618079303946,TGFBR3;CCL21;CAV1;HSD3B1;CSN1S1;SLIT2,Basal,Suppressed
GO_Biological_Process_2023,Regulation Of Trans-Synaptic Signaling (GO:0099177),9/36,0.0394952301109937,0.99999620015268,0,0,2.2075855924653176,7.133979230096711,CX3CR1;GRIA1;NLGN4Y;SLC4A8;RELN;GRIK5;GRIK3;GRIK1;GRIA4,Basal,Suppressed
GO_Biological_Process_2023,Phospholipase C-activating G Protein-Coupled Receptor Signaling Pathway (GO:0007200),17/83,0.0401352722939718,0.99999620015268,0,0,1.7072409270800692,5.489632728068735,CX3CR1;P2RY12;GPR17;LHCGR;C5AR2;PTGER3;PTH1R;GRPR;ESR1;ADRA2A;ANO1;GNA14;AGTR1;NMUR1;GPR139;DRD1;VIP,Basal,Suppressed
GO_Biological_Process_2023,Negative Regulation Of Blood Vessel Morphogenesis (GO:2000181),16/77,0.0404907837171258,0.99999620015268,0,0,1.7383576431601937,5.574358240054292,ANGPT4;NPR1;PDE3B;ECSCR;KLK3;ISM1;KLF4;DCN;THBS4;CLDN5;TNMD;SPRY2;PPARG;TEK;HOXA5;PF4,Basal,Suppressed
GO_Biological_Process_2023,Fatty Acid Biosynthetic Process (GO:0006633),14/65,0.0405799561532145,0.99999620015268,0,0,1.818968750468818,5.828850846104273,XBP1;ELOVL5;ACSM1;ALOX15;ACSM2A;ACSM6;ACSM5;CYP3A4;ACACB;ACSM2B;SCD;FASN;CYP1A2;CYP1A1,Basal,Suppressed
GO_Biological_Process_2023,Monocarboxylic Acid Biosynthetic Process (GO:0072330),14/65,0.0405799561532145,0.99999620015268,0,0,1.818968750468818,5.828850846104273,XBP1;ACSM1;AKR1D1;ACSM2A;ACSM6;ACSM5;HOGA1;ACACB;ACSM2B;PER2;ACOX2;ALDH1A2;FASN;SLC27A2,Basal,Suppressed
GO_Biological_Process_2023,Positive Regulation Of Metabolic Process (GO:0009893),21/108,0.0410280655043638,0.99999620015268,0,0,1.60039945504808,5.1108739344033065,OXTR;ACSL1;EPAS1;CAV1;ADIPOQ;UCP1;EBF2;G0S2;ADRB1;ADRB2;JCHAIN;PER2;FABP4;ADRB3;SCD;LEP;PRDM16;LEPR;FFAR4;CD36;IGHA2,Basal,Suppressed
GO_Biological_Process_2023,Regulation Of Angiogenesis (GO:0045765),36/205,0.0415290537167112,0.99999620015268,0,0,1.4137902695595004,4.497778649633117,SEMA5A;RAMP2;HSPB6;NPR1;PDE3B;ECSCR;KLK3;ISM1;FGF1;FGF2;THBS4;AQP1;CDH5;BMPER;ADGRA2;ADAMTS1;CD34;HOXA5;ANGPT4;XBP1;PSG1;VEGFD;KLF4;DCN;RHOB;CLDN5;FGF16;IL6;TNMD;LEP;RHOJ;SPRY2;PPARG;TEK;RAPGEF3;PF4,Basal,Suppressed
GO_Biological_Process_2023,acyl-CoA Metabolic Process (GO:0006637),8/31,0.0428213709519673,0.99999620015268,0,0,2.303219382675074,7.256794720202036,ACSM1;ACSM2A;ACSM6;ACSM5;GLYAT;HMGCS2;ACACB;ACSM2B,Basal,Suppressed
GO_Biological_Process_2023,Desensitization Of G Protein-Coupled Receptor Signaling Pathway (GO:0002029),4/11,0.0457348887769559,0.99999620015268,0,0,3.7815766550522647,11.66576253538558,GRK3;ADRB3;ARRB1;ADRB2,Basal,Suppressed
GO_Biological_Process_2023,Intestinal Lipid Absorption (GO:0098856),4/11,0.0457348887769559,0.99999620015268,0,0,3.7815766550522647,11.66576253538558,LIMA1;NPC1L1;AKR1C1;CD36,Basal,Suppressed
GO_Biological_Process_2023,Positive Regulation Of Behavior (GO:0048520),4/11,0.0457348887769559,0.99999620015268,0,0,3.7815766550522647,11.66576253538558,NR4A3;GRP;CRH;GRPR,Basal,Suppressed
GO_Biological_Process_2023,Regulation Of Sodium Ion Transmembrane Transporter Activity (GO:2000649),9/37,0.0463224692039611,0.99999620015268,0,0,2.1286205203730977,6.5393949992237,FGF14;CAV3;FXYD1;DMD;GPD1L;SCN3B;UTRN;SCN4B;SCN2B,Basal,Suppressed
GO_Biological_Process_2023,Positive Regulation Of miRNA Transcription (GO:1902895),10/43,0.0486166295574649,0.99999620015268,0,0,2.006968076486793,6.0686492667318666,FOXA1;EGR1;NGFR;ATOH8;PPARG;GATA3;FOS;NR3C1;KLF4;FGF2,Basal,Suppressed
GO_Biological_Process_2023,Regulation Of Cardiac Muscle Contraction By Regulation Of The Release Of Sequestered Calcium Ion (GO:0010881),5/16,0.0489404131706147,0.99999620015268,0,0,3.008525976501577,9.077179501002936,GSTM2;CASQ2;HRC;ATP1A2;DMD,Basal,Suppressed
GO_Biological_Process_2023,Regulation Of Osteoblast Differentiation (GO:0045667),17/85,0.048949629944764,0.99999620015268,0,0,1.6568364611260054,4.998615078808941,GDF10;CITED1;CHRD;TWIST2;CRIM1;RORB;IGF1;BMP4;RANBP3L;IL6;TNN;FFAR4;PPARG;IL6ST;TP63;FERMT2;DDR2,Basal,Suppressed
GO_Biological_Process_2023,Muscle Cell Development (GO:0055001),8/32,0.0507566763360999,0.99999620015268,0,0,2.207124681933842,6.578803281607207,RAMP2;CAV3;DMD;MYH11;ANK2;ALPK3;IGF1;SGCZ,Basal,Suppressed
GO_Biological_Process_2023,Positive Regulation Of Cold-Induced Thermogenesis (GO:0120162),19/98,0.0513847838842963,0.99999620015268,0,0,1.5941264658363696,4.7320260177168025,OXTR;ACSL1;EPAS1;CAV1;ADIPOQ;UCP1;EBF2;G0S2;ADRB1;ADRB2;PER2;FABP4;ADRB3;SCD;LEP;PRDM16;LEPR;FFAR4;CD36,Basal,Suppressed
GO_Biological_Process_2023,Aldehyde Catabolic Process (GO:0046185),3/7,0.0526582009820684,0.99999620015268,0,0,4.962285714285715,14.608638100789236,ALDH2;HOGA1;AGXT,Basal,Suppressed
GO_Biological_Process_2023,Cellular Response To Leptin Stimulus (GO:0044320),3/7,0.0526582009820684,0.99999620015268,0,0,4.962285714285715,14.608638100789236,NR4A3;LEP;LEPR,Basal,Suppressed
GO_Biological_Process_2023,Coronary Vasculature Development (GO:0060976),3/7,0.0526582009820684,0.99999620015268,0,0,4.962285714285715,14.608638100789236,BMP4;MYOCD;GPC3,Basal,Suppressed
GO_Biological_Process_2023,Diacylglycerol Biosynthetic Process (GO:0006651),3/7,0.0526582009820684,0.99999620015268,0,0,4.962285714285715,14.608638100789236,DGAT2;GPAM;PNPLA2,Basal,Suppressed
GO_Biological_Process_2023,Negative Regulation Of SMAD Protein Signal Transduction (GO:0060392),3/7,0.0526582009820684,0.99999620015268,0,0,4.962285714285715,14.608638100789236,LRP1;CILP;PPARG,Basal,Suppressed
GO_Biological_Process_2023,Negative Regulation Of Appetite (GO:0032099),3/7,0.0526582009820684,0.99999620015268,0,0,4.962285714285715,14.608638100789236,LEP;SPX;CARTPT,Basal,Suppressed
GO_Biological_Process_2023,Positive Regulation Of Epithelial Tube Formation (GO:1905278),3/7,0.0526582009820684,0.99999620015268,0,0,4.962285714285715,14.608638100789236,MMRN2;GATA3;FGF2,Basal,Suppressed
GO_Biological_Process_2023,Regulation Of Lipase Activity (GO:0060191),3/7,0.0526582009820684,0.99999620015268,0,0,4.962285714285715,14.608638100789236,PCSK5;PLIN5;SNCA,Basal,Suppressed
GO_Biological_Process_2023,Negative Regulation Of Angiogenesis (GO:0016525),17/86,0.053833846152438,0.99999620015268,0,0,1.6327299774088444,4.770596817745911,ANGPT4;NPR1;PDE3B;ECSCR;KLK3;ISM1;KLF4;DCN;THBS4;KLF2;CLDN5;TNMD;SPRY2;PPARG;TEK;HOXA5;PF4,Basal,Suppressed
GO_Biological_Process_2023,Negative Regulation Of Epithelial Cell Apoptotic Process (GO:1904036),9/38,0.0538903181683423,0.99999620015268,0,0,2.055101315321721,6.00254905265016,SEMA5A;FGB;CDH5;FGA;RAMP2;FGG;NDNF;GATA3;TEK,Basal,Suppressed
GO_Biological_Process_2023,"Synaptic Transmission, Glutamatergic (GO:0035249)",7/27,0.0552000575270717,0.99999620015268,0,0,2.3171308660816483,6.71224449569268,GRIA1;UNC13C;GRIK5;GRIK3;GRIK1;SLC17A7;GRIA4,Basal,Suppressed
GO_Biological_Process_2023,Regulation Of Endothelial Cell Proliferation (GO:0001936),18/93,0.0575842045172549,0.99999620015268,0,0,1.590528735632184,4.540175371419822,SEMA5A;EGR3;CAV2;EGF;CAV1;TIE1;VEGFD;FGF2;THBS4;BMP4;FGF16;NR4A1;TNMD;LEP;ATOH8;CDH13;TEK;VIP,Basal,Suppressed
GO_Biological_Process_2023,Mammary Gland Development (GO:0030879),6/22,0.0592589781515641,0.99999620015268,0,0,2.482265446224256,7.0144799755294525,OXTR;ERBB4;CAV1;NOTCH4;CSN2;TDGF1,Basal,Suppressed
GO_Biological_Process_2023,Regulation Of Cardiac Muscle Cell Membrane Repolarization (GO:0099623),6/22,0.0592589781515641,0.99999620015268,0,0,2.482265446224256,7.0144799755294525,KCNE1;CAV3;CACNA2D1;ANK2;KCNA5;SCN4B,Basal,Suppressed
GO_Biological_Process_2023,Positive Regulation Of Release Of Sequestered Calcium Ion Into Cytosol (GO:0051281),8/33,0.0595811461340093,0.99999620015268,0,0,2.1187175572519084,5.975665099211808,GSTM2;GPER1;CAPN3;DRD1;CASQ1;LACRT;SNCA;TRDN,Basal,Suppressed
GO_Biological_Process_2023,Regulation Of Sprouting Angiogenesis (GO:1903670),8/33,0.0595811461340093,0.99999620015268,0,0,2.1187175572519084,5.975665099211808,FGF16;BMPER;TNN;RHOJ;FGF1;KLF4;FGF2;KLF2,Basal,Suppressed
GO_Biological_Process_2023,Biogenic Amine Metabolic Process (GO:0006576),4/12,0.0616629820980515,0.99999620015268,0,0,3.308689024390244,9.21824417375587,SLC22A3;MAOA;TRH;HNMT,Basal,Suppressed
GO_Biological_Process_2023,Dendrite Self-Avoidance (GO:0070593),4/12,0.0616629820980515,0.99999620015268,0,0,3.308689024390244,9.21824417375587,ROBO4;TNN;DSCAML1;MYPN,Basal,Suppressed
GO_Biological_Process_2023,Fibrinolysis (GO:0042730),4/12,0.0616629820980515,0.99999620015268,0,0,3.308689024390244,9.21824417375587,FGB;FGA;FGG;PLAT,Basal,Suppressed
GO_Biological_Process_2023,Negative Regulation Of Potassium Ion Transport (GO:0043267),4/12,0.0616629820980515,0.99999620015268,0,0,3.308689024390244,9.21824417375587,CAV3;CAV1;CASQ2;VIP,Basal,Suppressed
GO_Biological_Process_2023,Positive Regulation Of Fatty Acid Oxidation (GO:0046321),4/12,0.0616629820980515,0.99999620015268,0,0,3.308689024390244,9.21824417375587,ABCD2;NR4A3;IRS1;PLIN5,Basal,Suppressed
GO_Biological_Process_2023,Regulation Of Cell Communication By Electrical Coupling (GO:0010649),4/12,0.0616629820980515,0.99999620015268,0,0,3.308689024390244,9.21824417375587,CAV1;CASQ2;HRC;TRDN,Basal,Suppressed
GO_Biological_Process_2023,Response To Interleukin-6 (GO:0070741),4/12,0.0616629820980515,0.99999620015268,0,0,3.308689024390244,9.21824417375587,PTPRT;PID1;CITED1;TDGF1,Basal,Suppressed
GO_Biological_Process_2023,Steroid Catabolic Process (GO:0006706),4/12,0.0616629820980515,0.99999620015268,0,0,3.308689024390244,9.21824417375587,HSD11B1;STS;CYP1A2;CYP3A4,Basal,Suppressed
GO_Biological_Process_2023,Cellular Response To Glucocorticoid Stimulus (GO:0071385),5/17,0.0620785739506906,0.99999620015268,0,0,2.757656627271572,7.664505010448207,ZFP36;KLF9;NR3C1;PCK1;AQP1,Basal,Suppressed
GO_Biological_Process_2023,Epoxygenase P450 Pathway (GO:0019373),5/17,0.0620785739506906,0.99999620015268,0,0,2.757656627271572,7.664505010448207,CYP2A7;CYP2A6;CYP4A11;CYP1A2;CYP4F12,Basal,Suppressed
GO_Biological_Process_2023,Extracellular Matrix Assembly (GO:0085029),5/17,0.0620785739506906,0.99999620015268,0,0,2.757656627271572,7.664505010448207,MFAP4;RAMP2;TNXB;HAS3;MYH11,Basal,Suppressed
GO_Biological_Process_2023,Negative Regulation Of Insulin Secretion (GO:0046676),5/17,0.0620785739506906,0.99999620015268,0,0,2.757656627271572,7.664505010448207,CHGA;PRKN;KCNJ11;IRS1;FOXO1,Basal,Suppressed
GO_Biological_Process_2023,Positive Regulation Of Macrophage Derived Foam Cell Differentiation (GO:0010744),5/17,0.0620785739506906,0.99999620015268,0,0,2.757656627271572,7.664505010448207,AGTR1;CD36;APOB;ALOX15B;PF4,Basal,Suppressed
GO_Biological_Process_2023,Regulation Of Leukocyte Chemotaxis (GO:0002688),5/17,0.0620785739506906,0.99999620015268,0,0,2.757656627271572,7.664505010448207,F7;IL6;EDN3;PTN;SLIT2,Basal,Suppressed
GO_Biological_Process_2023,Regulation Of Receptor Signaling Pathway Via STAT (GO:1904892),5/17,0.0620785739506906,0.99999620015268,0,0,2.757656627271572,7.664505010448207,PTPRT;IL6;TSLP;EGF;PPARG,Basal,Suppressed
GO_Biological_Process_2023,Retina Homeostasis (GO:0001895),9/39,0.0622185942853039,0.99999620015268,0,0,1.986483390607102,5.516665766232559,CRB2;PIGR;OPRPN;POTEI;PIP;ALB;IGHA2;F3;JCHAIN,Basal,Suppressed
GO_Biological_Process_2023,Positive Regulation Of Phosphatidylinositol 3-Kinase Signaling (GO:0014068),14/69,0.0627667019691962,0.99999620015268,0,0,1.6862906030465326,4.668209825552839,NTRK2;CSF3;MYOC;EGF;IGF1;FGF2;DCN;SELP;GPER1;PDGFD;LEP;KIT;TEK;DDR2,Basal,Suppressed
GO_Biological_Process_2023,Regulation Of Endothelial Cell Migration (GO:0010594),17/88,0.0645987916259156,0.99999620015268,0,0,1.5865541776125924,4.346459686709834,ANGPT4;EGF;GATA3;PTN;FGF1;FGF2;DCN;RHOB;BMP4;BMPER;RHOJ;ATOH8;SLIT2;TEK;PLPP3;TDGF1;GPLD1,Basal,Suppressed
GO_Biological_Process_2023,Diterpenoid Metabolic Process (GO:0016101),7/28,0.0655795254912597,0.99999620015268,0,0,2.2066641231082285,6.012038183341775,ADH4;LRP1;ADH1B;AKR1C1;ALDH1A1;RDH5;ADH7,Basal,Suppressed
GO_Biological_Process_2023,Regulation Of Lipid Biosynthetic Process (GO:0046890),7/28,0.0655795254912597,0.99999620015268,0,0,2.2066641231082285,6.012038183341775,MLXIPL;GPER1;PDK4;HSD17B13;THRSP;SORBS1;PCK1,Basal,Suppressed
GO_Biological_Process_2023,Regulation Of Sodium Ion Transmembrane Transport (GO:1902305),7/28,0.0655795254912597,0.99999620015268,0,0,2.2066641231082285,6.012038183341775,CAV3;FXYD1;GPD1L;SCN3B;UTRN;SCN4B;SCN2B,Basal,Suppressed
GO_Biological_Process_2023,Positive Regulation Of Carbohydrate Metabolic Process (GO:0045913),8/34,0.0693117751720761,0.99999620015268,0,0,2.037110980622431,5.437335362944358,MLXIPL;IRS1;EGF;PTH1R;IGF1;SLC4A4;GPLD1;SNCA,Basal,Suppressed
GO_Biological_Process_2023,Regulation Of Blood Circulation (GO:1903522),8/34,0.0693117751720761,0.99999620015268,0,0,2.037110980622431,5.437335362944358,PER2;PLN;DES;CAV3;KCNIP2;HSPB7;FXYD1;AGTR1,Basal,Suppressed
GO_Biological_Process_2023,Response To Estrogen (GO:0043627),8/34,0.0693117751720761,0.99999620015268,0,0,2.037110980622431,5.437335362944358,CRHBP;GSTM3;CITED1;CAV1;GATA3;ESR1;ZNF366;ESR2,Basal,Suppressed
GO_Biological_Process_2023,Positive Regulation Of Monoatomic Ion Transport (GO:0043270),9/40,0.0713213952154101,0.99999620015268,0,0,1.9222924287772971,5.075926426244865,FHL1;ANK2;DRD1;FFAR1;GPD1L;SCN3B;SCN4B;ADRA2A;MYLK,Basal,Suppressed
GO_Biological_Process_2023,Myofibril Assembly (GO:0030239),10/46,0.072155264596558,0.99999620015268,0,0,1.8394024276377217,4.835669474523511,SYNPO2L;TNNT3;LMOD1;CAPN3;PGM5;FLNC;CASQ1;MYOZ2;MYOM2;MYPN,Basal,Suppressed
GO_Biological_Process_2023,Arachidonic Acid Metabolic Process (GO:0019369),11/52,0.0721710117313015,0.99999620015268,0,0,1.7767598348509277,4.670598451019636,CYP4Z1;CYP2A7;CYP2A6;CYP4A22;CYP4A11;ALOX15;CYP1A2;CYP1A1;ALOX15B;CYP4F12;MGLL,Basal,Suppressed
GO_Biological_Process_2023,Angiotensin Maturation (GO:0002003),3/8,0.0762068166512314,0.99999620015268,0,0,3.9696,10.21895859906853,CPA3;CMA1;CTSG,Basal,Suppressed
GO_Biological_Process_2023,"Complement Activation, Lectin Pathway (GO:0001867)",3/8,0.0762068166512314,0.99999620015268,0,0,3.9696,10.21895859906853,FCN2;MASP2;MASP1,Basal,Suppressed
GO_Biological_Process_2023,Lactation (GO:0007595),3/8,0.0762068166512314,0.99999620015268,0,0,3.9696,10.21895859906853,OXTR;ERBB4;CSN2,Basal,Suppressed
GO_Biological_Process_2023,Negative Regulation Of cAMP-mediated Signaling (GO:0043951),3/8,0.0762068166512314,0.99999620015268,0,0,3.9696,10.21895859906853,PDE11A;PDE2A;PDE3B,Basal,Suppressed
GO_Biological_Process_2023,Negative Regulation Of Triglyceride Metabolic Process (GO:0090209),3/8,0.0762068166512314,0.99999620015268,0,0,3.9696,10.21895859906853,CIDEC;GPLD1;PLIN5,Basal,Suppressed
GO_Biological_Process_2023,Positive Regulation Of Fatty Acid Beta-Oxidation (GO:0032000),3/8,0.0762068166512314,0.99999620015268,0,0,3.9696,10.21895859906853,ABCD2;IRS1;PLIN5,Basal,Suppressed
GO_Biological_Process_2023,Positive Regulation Of Peptide Secretion (GO:0002793),3/8,0.0762068166512314,0.99999620015268,0,0,3.9696,10.21895859906853,FGB;GRP;FGG,Basal,Suppressed
GO_Biological_Process_2023,Regulation Of Angiotensin Levels In Blood (GO:0002002),3/8,0.0762068166512314,0.99999620015268,0,0,3.9696,10.21895859906853,CPA3;CMA1;CTSG,Basal,Suppressed
GO_Biological_Process_2023,Response To Leptin (GO:0044321),3/8,0.0762068166512314,0.99999620015268,0,0,3.9696,10.21895859906853,NR4A3;LEP;LEPR,Basal,Suppressed
GO_Biological_Process_2023,Unsaturated Fatty Acid Biosynthetic Process (GO:0006636),3/8,0.0762068166512314,0.99999620015268,0,0,3.9696,10.21895859906853,SCD;ALOX15;ALOX15B,Basal,Suppressed
GO_Biological_Process_2023,Kidney Development (GO:0001822),14/71,0.0764326013064474,0.99999620015268,0,0,1.6269345897260366,4.183411676597715,KANK2;TFAP2B;CITED1;MME;ZBTB16;CYP4A22;CYP4A11;TCF21;GATA3;PCSK5;BMP4;SOX17;AGTR1;FGF10,Basal,Suppressed
GO_Biological_Process_2023,Adrenergic Receptor Signaling Pathway (GO:0071875),5/18,0.0770040900440582,0.99999620015268,0,0,2.545382562538491,6.526098056904054,ADRB3;ADRB1;ADRB2;DRD1;ADRA2A,Basal,Suppressed
GO_Biological_Process_2023,Branching Involved In Ureteric Bud Morphogenesis (GO:0001658),5/18,0.0770040900440582,0.99999620015268,0,0,2.545382562538491,6.526098056904054,BMP4;CITED1;TCF21;FGF1;FGF2,Basal,Suppressed
GO_Biological_Process_2023,Regulation Of cAMP-mediated Signaling (GO:0043949),5/18,0.0770040900440582,0.99999620015268,0,0,2.545382562538491,6.526098056904054,PDE11A;PDE2A;PDE3B;SCTR;FFAR4,Basal,Suppressed
GO_Biological_Process_2023,Regulation Of Ventricular Cardiac Muscle Cell Membrane Repolarization (GO:0060307),5/18,0.0770040900440582,0.99999620015268,0,0,2.545382562538491,6.526098056904054,KCNE1;CAV3;CACNA2D1;ANK2;SCN4B,Basal,Suppressed
GO_Biological_Process_2023,Renal Absorption (GO:0070293),5/18,0.0770040900440582,0.99999620015268,0,0,2.545382562538491,6.526098056904054,GSN;WNK4;HBB;KLHL3;HNF1A,Basal,Suppressed
GO_Biological_Process_2023,Ureteric Bud Morphogenesis (GO:0060675),5/18,0.0770040900440582,0.99999620015268,0,0,2.545382562538491,6.526098056904054,BMP4;CITED1;TCF21;GATA3;FGF2,Basal,Suppressed
GO_Biological_Process_2023,Response To Alcohol (GO:0097305),7/29,0.077056133256067,0.99999620015268,0,0,2.1062398113142105,5.398758366874831,TGFBR3;CCL21;HSD3B1;CSN1S1;SLIT2;ADH7;TGFBR2,Basal,Suppressed
GO_Biological_Process_2023,Regulation Of miRNA Transcription (GO:1902893),12/59,0.0796312129500621,0.99999620015268,0,0,1.6909037673238336,4.278576894322015,FOXA1;BMP4;EGR1;NGFR;ATOH8;PPARG;FOS;GATA3;NR3C1;KLF4;FGF2;ESR1,Basal,Suppressed
GO_Biological_Process_2023,Cellular Modified Amino Acid Catabolic Process (GO:0042219),4/13,0.0801124216640952,0.99999620015268,0,0,2.940887533875338,7.423754041711304,ALDH4A1;HOGA1;AGXT;CDO1,Basal,Suppressed
GO_Biological_Process_2023,Negative Regulation Of Fibroblast Growth Factor Receptor Signaling Pathway (GO:0040037),4/13,0.0801124216640952,0.99999620015268,0,0,2.940887533875338,7.423754041711304,SPRY2;SPRY1;GATA3;FGF2,Basal,Suppressed
GO_Biological_Process_2023,Positive Regulation Of Insulin Secretion Involved In Cellular Response To Glucose Stimulus (GO:0035774),4/13,0.0801124216640952,0.99999620015268,0,0,2.940887533875338,7.423754041711304,ANO1;RFX6;GPLD1;BAIAP3,Basal,Suppressed
GO_Biological_Process_2023,Positive Regulation Of Potassium Ion Transmembrane Transporter Activity (GO:1901018),4/13,0.0801124216640952,0.99999620015268,0,0,2.940887533875338,7.423754041711304,LRRC26;KCNIP2;LRRC38;ANK2,Basal,Suppressed
GO_Biological_Process_2023,Relaxation Of Muscle (GO:0090075),4/13,0.0801124216640952,0.99999620015268,0,0,2.940887533875338,7.423754041711304,GSTM2;GSN;PLN;ATP1A2,Basal,Suppressed
GO_Biological_Process_2023,Monocarboxylic Acid Metabolic Process (GO:0032787),18/97,0.0805175502468962,0.99999620015268,0,0,1.5096464426014842,3.8032222451542346,ACSM1;AKR1C1;CYP4A11;CYP4B1;ABAT;HOGA1;GLYAT;IGF1;ABCB11;ACADSB;CYP4F12;PER2;GPAM;FASN;CYP1A2;CYP1A1;CD36;AGXT,Basal,Suppressed
GO_Biological_Process_2023,Carboxylic Acid Transport (GO:0046942),11/53,0.0807511217202974,0.99999620015268,0,0,1.7343559510162492,4.364304569406341,SLC7A4;SLC7A8;SLC7A14;SLC16A6;SLC16A12;SLC16A7;SLC7A10;SLC1A7;SLC7A2;SLC7A3;SLC38A4,Basal,Suppressed
GO_Biological_Process_2023,Long-Chain Fatty Acid Metabolic Process (GO:0001676),15/78,0.0815907345260816,0.99999620015268,0,0,1.57718732345598,3.952493843355486,GSTM2;ACSL1;ELOVL5;CYP4A22;CYP4A11;ALOX15;CYP3A4;ALOX15B;CYP4F12;CYP4Z1;ACADL;CYP1A2;CYP1A1;SLC27A2;MGLL,Basal,Suppressed
GO_Biological_Process_2023,Metal Ion Transport (GO:0030001),29/171,0.0883915453233575,0.99999620015268,0,0,1.3539064320513308,3.2845485112646258,RAMP2;KCNA2;ITPR1;ATP1A4;KCNA4;ATP1A2;KCNA5;CSN2;SLC4A4;SLC5A4;AQP1;SCN11A;SCN9A;CDH23;SCN7A;SLC17A7;SCN3B;SCN3A;KCNJ3;TRPC5;KCND3;KCNIP2;CACNA2D1;CAV1;KCNJ16;KCNMA1;NMUR1;SCN4A;SCN4B,Basal,Suppressed
GO_Biological_Process_2023,Positive Regulation Of Cell Communication (GO:0010647),7/30,0.0896275288721245,0.99999620015268,0,0,2.014548048371846,4.8592767708405855,LGI1;TNXB;CLSTN2;EDN3;GATA3;CARTPT;WLS,Basal,Suppressed
GO_Biological_Process_2023,Positive Regulation Of Lipid Kinase Activity (GO:0090218),7/30,0.0896275288721245,0.99999620015268,0,0,2.014548048371846,4.8592767708405855,P2RY12;CCL21;IRS1;KIT;MAPT;TEK;FGF2,Basal,Suppressed
GO_Biological_Process_2023,Regulation Of Macrophage Derived Foam Cell Differentiation (GO:0010743),7/30,0.0896275288721245,0.99999620015268,0,0,2.014548048371846,4.8592767708405855,ADIPOQ;AGTR1;PPARG;CD36;APOB;ALOX15B;PF4,Basal,Suppressed
GO_Biological_Process_2023,Blood Vessel Diameter Maintenance (GO:0097746),8/36,0.0915178151966685,0.99999620015268,0,0,1.891384950926936,4.522720594058525,PER2;EDNRB;EDN3;NPR1;GPER1;AGTR1;AGTR2;KLF2,Basal,Suppressed
GO_Biological_Process_2023,Branching Morphogenesis Of An Epithelial Tube (GO:0048754),9/42,0.0918772593436616,0.99999620015268,0,0,1.805581589086744,4.310468051744919,BMP4;CITED1;NOTCH4;TIE1;TCF21;SLIT2;FGF2;TGFBR2;FGF10,Basal,Suppressed
GO_Biological_Process_2023,Positive Regulation Of Calcium Ion Transmembrane Transport (GO:1904427),9/42,0.0918772593436616,0.99999620015268,0,0,1.805581589086744,4.310468051744919,CALCR;GPER1;CAV1;CAPN3;ANK2;DRD1;CASQ1;LACRT;SNCA,Basal,Suppressed
GO_Biological_Process_2023,Bicarbonate Transport (GO:0015701),5/19,0.0936750161359038,0.99999620015268,0,0,2.36343336419585,5.596430023097083,SLC4A8;SLC4A1;RHAG;SLC4A4;SLC26A5,Basal,Suppressed
GO_Biological_Process_2023,Cellular Response To Catecholamine Stimulus (GO:0071870),5/19,0.0936750161359038,0.99999620015268,0,0,2.36343336419585,5.596430023097083,PRKN;GNG2;NR4A3;DRD1;SNCA,Basal,Suppressed
GO_Biological_Process_2023,Regulation Of Insulin-Like Growth Factor Receptor Signaling Pathway (GO:0043567),5/19,0.0936750161359038,0.99999620015268,0,0,2.36343336419585,5.596430023097083,IGFBP1;CILP;GHRH;IGF1;IGFBP6,Basal,Suppressed
GO_Biological_Process_2023,Regulation Of Cold-Induced Thermogenesis (GO:0120161),25/146,0.0985737482001334,0.99999620015268,0,0,1.3692878211091462,3.172571825519757,OXTR;EPAS1;UCP1;ADRB1;ADRB2;ADAMTS5;ACADL;PRDM16;LEPR;FFAR4;CD36;ZNF423;ACSL1;CAV1;ADIPOQ;CIDEA;EBF2;G0S2;PER2;FABP4;ADRB3;NOVA1;SCD;LEP;ALDH1A1,Basal,Suppressed
GO_Biological_Process_2023,Cellular Response To Steroid Hormone Stimulus (GO:0071383),6/25,0.1003597246767453,0.99999620015268,0,0,2.0899674816331446,4.804823329224184,BMP4;GPER1;ATP1A2;MGARP;NR3C1;TFPI,Basal,Suppressed
GO_Biological_Process_2023,Peptide Hormone Secretion (GO:0030072),6/25,0.1003597246767453,0.99999620015268,0,0,2.0899674816331446,4.804823329224184,IL6;SLC30A8;EDN3;GHRH;FFAR4;VIP,Basal,Suppressed
GO_Biological_Process_2023,Purine Nucleoside Bisphosphate Metabolic Process (GO:0034032),6/25,0.1003597246767453,0.99999620015268,0,0,2.0899674816331446,4.804823329224184,ACSM1;ACSM2A;ACSM6;ACSM5;GLYAT;ACSM2B,Basal,Suppressed
GO_Biological_Process_2023,Ribonucleoside Bisphosphate Metabolic Process (GO:0033875),6/25,0.1003597246767453,0.99999620015268,0,0,2.0899674816331446,4.804823329224184,ACSM1;ACSM2A;ACSM6;ACSM5;GLYAT;ACSM2B,Basal,Suppressed
GO_Biological_Process_2023,Aorta Development (GO:0035904),4/14,0.1009479179746081,0.99999620015268,0,0,2.6466463414634145,6.069158536763831,TFAP2B;LRP1;PDE2A;TGFBR2,Basal,Suppressed
GO_Biological_Process_2023,Medium-Chain Fatty Acid Metabolic Process (GO:0051791),4/14,0.1009479179746081,0.99999620015268,0,0,2.6466463414634145,6.069158536763831,CYP4Z1;CYP4A11;CYP4A22;CES1,Basal,Suppressed
GO_Biological_Process_2023,Regulation Of Sequestering Of Triglyceride (GO:0010889),4/14,0.1009479179746081,0.99999620015268,0,0,2.6466463414634145,6.069158536763831,CIDEA;PPARG;PLIN5;PNPLA2,Basal,Suppressed
GO_Biological_Process_2023,Striated Muscle Tissue Development (GO:0014706),4/14,0.1009479179746081,0.99999620015268,0,0,2.6466463414634145,6.069158536763831,MYL7;PGM5;SGCZ;SGCG,Basal,Suppressed
GO_Biological_Process_2023,Positive Regulation Of miRNA Metabolic Process (GO:2000630),10/49,0.101808708466842,0.99999620015268,0,0,1.6976161093808153,3.878474998559304,FOXA1;EGR1;NGFR;ATOH8;PPARG;FOS;GATA3;NR3C1;KLF4;FGF2,Basal,Suppressed
GO_Biological_Process_2023,Unsaturated Fatty Acid Metabolic Process (GO:0033559),10/49,0.101808708466842,0.99999620015268,0,0,1.6976161093808153,3.878474998559304,CYP4Z1;GSTM2;ELOVL5;SCD;CYP4A22;CYP4A11;ALOX15;ALOX15B;CYP4F12;MGLL,Basal,Suppressed
GO_Biological_Process_2023,Cellular Response To cAMP (GO:0071320),7/31,0.1032793314274502,0.99999620015268,0,0,1.9304972656746788,4.382842702530018,CRHBP;KCNE1;PDE2A;SLC26A3;RAPGEF3;AQP1;HCN1,Basal,Suppressed
GO_Biological_Process_2023,Positive Regulation Of Cholesterol Transport (GO:0032376),7/31,0.1032793314274502,0.99999620015268,0,0,1.9304972656746788,4.382842702530018,EEPD1;LRP1;CAV1;ADIPOQ;PPARG;ABCA8;CES1,Basal,Suppressed
GO_Biological_Process_2023,Response To Estradiol (GO:0032355),7/31,0.1032793314274502,0.99999620015268,0,0,1.9304972656746788,4.382842702530018,FOXA1;SOCS2;CRHBP;GPER1;CSN1S1;SSTR1;ESR1,Basal,Suppressed
GO_Biological_Process_2023,Granulocyte Migration (GO:0097530),3/9,0.1034823274598848,0.99999620015268,0,0,3.307809523809524,7.503284387048176,GP2;UMOD;JAM3,Basal,Suppressed
GO_Biological_Process_2023,Hormone Transport (GO:0009914),3/9,0.1034823274598848,0.99999620015268,0,0,3.307809523809524,7.503284387048176,SLCO1C1;SLC7A8;FFAR4,Basal,Suppressed
GO_Biological_Process_2023,Lipid Import Into Cell (GO:0140354),3/9,0.1034823274598848,0.99999620015268,0,0,3.307809523809524,7.503284387048176,SPX;CD36;SLC27A2,Basal,Suppressed
GO_Biological_Process_2023,Long-Chain Fatty Acid Import Into Cell (GO:0044539),3/9,0.1034823274598848,0.99999620015268,0,0,3.307809523809524,7.503284387048176,SPX;CD36;SLC27A2,Basal,Suppressed
GO_Biological_Process_2023,Mesenchymal To Epithelial Transition (GO:0060231),3/9,0.1034823274598848,0.99999620015268,0,0,3.307809523809524,7.503284387048176,BMP4;CITED1;GATA3,Basal,Suppressed
GO_Biological_Process_2023,Negative Regulation Of Potassium Ion Transmembrane Transporter Activity (GO:1901017),3/9,0.1034823274598848,0.99999620015268,0,0,3.307809523809524,7.503284387048176,CAV3;GRP;CASQ2,Basal,Suppressed
GO_Biological_Process_2023,Organic Hydroxy Compound Catabolic Process (GO:1901616),3/9,0.1034823274598848,0.99999620015268,0,0,3.307809523809524,7.503284387048176,LDHD;CYP3A4;CYP4F12,Basal,Suppressed
GO_Biological_Process_2023,Positive Regulation Of Protein Kinase A Signaling (GO:0010739),3/9,0.1034823274598848,0.99999620015268,0,0,3.307809523809524,7.503284387048176,CALCR;ADIPOQ;ADRB2,Basal,Suppressed
GO_Biological_Process_2023,Positive Regulation Of Smooth Muscle Contraction (GO:0045987),3/9,0.1034823274598848,0.99999620015268,0,0,3.307809523809524,7.503284387048176,MYOCD;GPER1;SPX,Basal,Suppressed
GO_Biological_Process_2023,Calcium Ion Import Across Plasma Membrane (GO:0098703),8/37,0.1039855023211798,0.99999620015268,0,0,1.8260594893393,4.133292575461711,TRPM1;SCN11A;CACNA2D1;SCN9A;SCN7A;SCN4A;SCN3A;CACNA1G,Basal,Suppressed
GO_Biological_Process_2023,Regulation Of Vascular Associated Smooth Muscle Cell Proliferation (GO:1904705),8/37,0.1039855023211798,0.99999620015268,0,0,1.8260594893393,4.133292575461711,BMP4;CNN1;NR4A3;GPER1;ADIPOQ;PPARG;IGF1;FGF2,Basal,Suppressed
GO_Biological_Process_2023,Endothelial Cell Development (GO:0001885),5/20,0.1120194645308973,0.99999620015268,0,0,2.205744058965561,4.828556010851914,GSTM3;ROBO4;PDE2A;PECAM1;RAPGEF3,Basal,Suppressed
GO_Biological_Process_2023,Hydrogen Peroxide Catabolic Process (GO:0042744),5/20,0.1120194645308973,0.99999620015268,0,0,2.205744058965561,4.828556010851914,HBM;GPX3;CAT;HBB;HBA1,Basal,Suppressed
GO_Biological_Process_2023,Positive Regulation Of Epithelial Cell Differentiation (GO:0030858),5/20,0.1120194645308973,0.99999620015268,0,0,2.205744058965561,4.828556010851914,BMP4;TMEM100;IL20;ATOH8;FGF2,Basal,Suppressed
GO_Biological_Process_2023,Regulation Of Calcium Ion Transmembrane Transport (GO:1903169),5/20,0.1120194645308973,0.99999620015268,0,0,2.205744058965561,4.828556010851914,CAV3;CACNA2D1;HRC;ATP1A2;TRDN,Basal,Suppressed
GO_Biological_Process_2023,Regulation Of Cardiac Muscle Contraction By Calcium Ion Signaling (GO:0010882),5/20,0.1120194645308973,0.99999620015268,0,0,2.205744058965561,4.828556010851914,GSTM2;CASQ2;HRC;ATP1A2;DMD,Basal,Suppressed
GO_Biological_Process_2023,Response To Fibroblast Growth Factor (GO:0071774),5/20,0.1120194645308973,0.99999620015268,0,0,2.205744058965561,4.828556010851914,NR4A1;ZFP36;EGR3;NDNF;TDGF1,Basal,Suppressed
GO_Biological_Process_2023,Xenobiotic Transport (GO:0042908),5/20,0.1120194645308973,0.99999620015268,0,0,2.205744058965561,4.828556010851914,SLC22A3;ABCB1;ABCA8;ABCC11;ABCG2,Basal,Suppressed
GO_Biological_Process_2023,Blood Circulation (GO:0008015),10/50,0.1130574583584257,0.99999620015268,0,0,1.6550802139037433,3.6078416795008335,MYL7;PLN;CXCL12;EDN3;NPR1;AGTR1;AVPR1A;SGCZ;SGCG;TRDN,Basal,Suppressed
GO_Biological_Process_2023,Cellular Response To Organic Substance (GO:0071310),15/82,0.1139372135732396,0.99999620015268,0,0,1.4826841681374985,3.220549758239433,CSF3;OXTR;RAMP2;PID1;MME;TIPARP;AVPR2;UCP1;AVPR1A;GHR;SOCS2;CLEC3B;FFAR4;CYP1A1;SLIT2,Basal,Suppressed
GO_Biological_Process_2023,Positive Regulation Of Chemotaxis (GO:0050921),9/44,0.1155511298587345,0.99999620015268,0,0,1.7022091310751104,3.673439077173207,SEMA5A;P2RY12;F7;IL6;CCL21;EDN3;CDH13;PTN;FGF2,Basal,Suppressed
GO_Biological_Process_2023,Positive Regulation Of Phosphatidylinositol 3-Kinase Activity (GO:0043552),6/26,0.1166953284400414,0.99999620015268,0,0,1.9853546910755149,4.264916653812819,P2RY12;CCL21;IRS1;KIT;TEK;FGF2,Basal,Suppressed
GO_Biological_Process_2023,Response To Glucocorticoid (GO:0051384),6/26,0.1166953284400414,0.99999620015268,0,0,1.9853546910755149,4.264916653812819,ZFP36;IL6;CALCR;HSD3B1;SLIT2;NR3C1,Basal,Suppressed
GO_Biological_Process_2023,Potassium Ion Transport (GO:0006813),21/122,0.1169766283399942,0.99999620015268,0,0,1.3774453394706558,2.955696205907929,LRRC26;KCNE1;KCNJ11;KCNC2;ABCC8;KCND3;KCNIP2;LRRC38;KCNA2;ATP1A4;KCNK15;KCNA4;KCNJ16;ABCC9;ATP1A2;KCNA5;AQP1;KCNMA1;SLC17A7;KCNJ3;HCN1,Basal,Suppressed
GO_Biological_Process_2023,Response To cAMP (GO:0051591),8/38,0.1173442230509029,0.99999620015268,0,0,1.765089058524173,3.781956750434788,CRHBP;KCNE1;CITED1;PDE2A;SLC26A3;RAPGEF3;AQP1;HCN1,Basal,Suppressed
GO_Biological_Process_2023,Regulation Of Calcium Ion Transmembrane Transporter Activity (GO:1901019),7/32,0.1179856806876748,0.99999620015268,0,0,1.853170545593285,3.960581286886819,S100G;PLN;AHNAK;CAV3;HRC;DMD;ANK2,Basal,Suppressed
GO_Biological_Process_2023,Regulation Of Cholesterol Efflux (GO:0010874),7/32,0.1179856806876748,0.99999620015268,0,0,1.853170545593285,3.960581286886819,EEPD1;LRP1;CAV1;ADIPOQ;PPARG;ABCA8;CES1,Basal,Suppressed
GO_Biological_Process_2023,Organic Anion Transport (GO:0015711),16/89,0.1180959031192078,0.99999620015268,0,0,1.451593278650695,3.1009781118072133,SLC22A3;SLC44A4;ABCC6;SLC4A1;SLC2A4;SLCO1B7;SLC4A4;SLC22A12;SLCO1C1;SLC4A8;SLC22A25;CA4;RHAG;SLC22A11;ABCG2;SLC26A5,Basal,Suppressed
GO_Biological_Process_2023,Sodium Ion Transport (GO:0006814),16/89,0.1180959031192078,0.99999620015268,0,0,1.451593278650695,3.1009781118072133,ATP1A4;WNK4;ATP1A2;SLC4A4;SLC5A4;SLC4A8;SCN11A;SCN9A;SCN7A;SCN4A;ASIC2;SCN3B;SCN4B;SCN3A;HCN1;SCN2B,Basal,Suppressed
GO_Biological_Process_2023,Negative Regulation Of Epithelial Cell Differentiation (GO:0030857),4/15,0.1239842431370827,0.99999620015268,0,0,2.40590354767184,5.022566153824421,ZEB1;NOTCH4;SPRY2;SPRY1,Basal,Suppressed
GO_Biological_Process_2023,Positive Regulation Of Sprouting Angiogenesis (GO:1903672),4/15,0.1239842431370827,0.99999620015268,0,0,2.40590354767184,5.022566153824421,TNN;FGF1;KLF4;FGF2,Basal,Suppressed
GO_Biological_Process_2023,Receptor Internalization (GO:0031623),10/51,0.1249752630513245,0.99999620015268,0,0,1.6146192401572603,3.357825879625299,CCL14;RAMP2;GRK3;LRP1;CXCR1;CAV3;CAV1;ARRB1;CD36;SNCA,Basal,Suppressed
GO_Biological_Process_2023,Triglyceride Metabolic Process (GO:0006641),9/45,0.1285292429435421,0.99999620015268,0,0,1.6548300878197786,3.3950474703522238,LIPE;DGAT2;CAV3;GPAM;CAV1;PLAAT3;APOB;GPIHBP1;PNPLA2,Basal,Suppressed
GO_Biological_Process_2023,Carboxylic Acid Transmembrane Transport (GO:1905039),8/39,0.1315701961804453,0.99999620015268,0,0,1.7080522038906674,3.4642966882753976,SLC13A2;SLC7A8;SLC16A12;SLC7A13;SLC16A7;SLC38A11;SLC7A10;SLC38A4,Basal,Suppressed
GO_Biological_Process_2023,L-ornithine Transmembrane Transport (GO:1903352),2/5,0.1315788184270689,0.99999620015268,0,0,4.409494795633409,8.943113462313752,SLC7A2;SLC7A3,Basal,Suppressed
GO_Biological_Process_2023,L-phenylalanine Catabolic Process (GO:0006559),2/5,0.1315788184270689,0.99999620015268,0,0,4.409494795633409,8.943113462313752,HGD;TAT,Basal,Suppressed
GO_Biological_Process_2023,L-phenylalanine Metabolic Process (GO:0006558),2/5,0.1315788184270689,0.99999620015268,0,0,4.409494795633409,8.943113462313752,HGD;TAT,Basal,Suppressed
GO_Biological_Process_2023,Amylin Receptor Signaling Pathway (GO:0097647),2/5,0.1315788184270689,0.99999620015268,0,0,4.409494795633409,8.943113462313752,RAMP2;CALCR,Basal,Suppressed
GO_Biological_Process_2023,"Anterior/Posterior Axis Specification, Embryo (GO:0008595)",2/5,0.1315788184270689,0.99999620015268,0,0,4.409494795633409,8.943113462313752,TDGF1;HOXD8,Basal,Suppressed
GO_Biological_Process_2023,Cellular Response To Granulocyte Macrophage Colony-Stimulating Factor Stimulus (GO:0097011),2/5,0.1315788184270689,0.99999620015268,0,0,4.409494795633409,8.943113462313752,ZFP36;PDE1B,Basal,Suppressed
GO_Biological_Process_2023,Coumarin Metabolic Process (GO:0009804),2/5,0.1315788184270689,0.99999620015268,0,0,4.409494795633409,8.943113462313752,CYP2A7;CYP2A6,Basal,Suppressed
GO_Biological_Process_2023,Erythrose 4-Phosphate/Phosphoenolpyruvate Family Amino Acid Catabolic Process (GO:1902222),2/5,0.1315788184270689,0.99999620015268,0,0,4.409494795633409,8.943113462313752,HGD;TAT,Basal,Suppressed
GO_Biological_Process_2023,Heterocycle Catabolic Process (GO:0046700),2/5,0.1315788184270689,0.99999620015268,0,0,4.409494795633409,8.943113462313752,CYP2A6;HOGA1,Basal,Suppressed
GO_Biological_Process_2023,Inclusion Body Assembly (GO:0070841),2/5,0.1315788184270689,0.99999620015268,0,0,4.409494795633409,8.943113462313752,PRKN;MAPT,Basal,Suppressed
GO_Biological_Process_2023,Induction Of Bacterial Agglutination (GO:0043152),2/5,0.1315788184270689,0.99999620015268,0,0,4.409494795633409,8.943113462313752,FGB;FGA,Basal,Suppressed
GO_Biological_Process_2023,Ketone Body Biosynthetic Process (GO:0046951),2/5,0.1315788184270689,0.99999620015268,0,0,4.409494795633409,8.943113462313752,ACSS3;HMGCS2,Basal,Suppressed
GO_Biological_Process_2023,Leukocyte Apoptotic Process (GO:0071887),2/5,0.1315788184270689,0.99999620015268,0,0,4.409494795633409,8.943113462313752,HCAR2;IL6,Basal,Suppressed
GO_Biological_Process_2023,Negative Regulation Of Actin Filament Depolymerization (GO:0030835),2/5,0.1315788184270689,0.99999620015268,0,0,4.409494795633409,8.943113462313752,LIMA1;PLEKHH2,Basal,Suppressed
GO_Biological_Process_2023,Negative Regulation Of Amino Acid Transport (GO:0051956),2/5,0.1315788184270689,0.99999620015268,0,0,4.409494795633409,8.943113462313752,GRM7;TRH,Basal,Suppressed
GO_Biological_Process_2023,Negative Regulation Of Glucocorticoid Receptor Signaling Pathway (GO:2000323),2/5,0.1315788184270689,0.99999620015268,0,0,4.409494795633409,8.943113462313752,PER1;CRY2,Basal,Suppressed
GO_Biological_Process_2023,Negative Regulation Of Lens Fiber Cell Differentiation (GO:1902747),2/5,0.1315788184270689,0.99999620015268,0,0,4.409494795633409,8.943113462313752,SPRY2;SPRY1,Basal,Suppressed
GO_Biological_Process_2023,Negative Regulation Of Monocyte Chemotaxis (GO:0090027),2/5,0.1315788184270689,0.99999620015268,0,0,4.409494795633409,8.943113462313752,DUSP1;SLIT2,Basal,Suppressed
GO_Biological_Process_2023,Negative Regulation Of Sequestering Of Triglyceride (GO:0010891),2/5,0.1315788184270689,0.99999620015268,0,0,4.409494795633409,8.943113462313752,PPARG;PNPLA2,Basal,Suppressed
GO_Biological_Process_2023,Neurotransmitter Loading Into Synaptic Vesicle (GO:0098700),2/5,0.1315788184270689,0.99999620015268,0,0,4.409494795633409,8.943113462313752,SLC17A7;SLC18A2,Basal,Suppressed
GO_Biological_Process_2023,Ornithine Transport (GO:0015822),2/5,0.1315788184270689,0.99999620015268,0,0,4.409494795633409,8.943113462313752,SLC7A2;SLC7A3,Basal,Suppressed
GO_Biological_Process_2023,Plasma Membrane Raft Assembly (GO:0044854),2/5,0.1315788184270689,0.99999620015268,0,0,4.409494795633409,8.943113462313752,CAV3;CAV2,Basal,Suppressed
GO_Biological_Process_2023,Positive Regulation Of Animal Organ Morphogenesis (GO:0110110),2/5,0.1315788184270689,0.99999620015268,0,0,4.409494795633409,8.943113462313752,GATA3;CD34,Basal,Suppressed
GO_Biological_Process_2023,Positive Regulation Of Endothelial Cell Development (GO:1901552),2/5,0.1315788184270689,0.99999620015268,0,0,4.409494795633409,8.943113462313752,CDH5;CLDN5,Basal,Suppressed
GO_Biological_Process_2023,Positive Regulation Of Establishment Of Endothelial Barrier (GO:1903142),2/5,0.1315788184270689,0.99999620015268,0,0,4.409494795633409,8.943113462313752,CDH5;CLDN5,Basal,Suppressed
GO_Biological_Process_2023,Positive Regulation Of Lipoprotein Particle Clearance (GO:0010986),2/5,0.1315788184270689,0.99999620015268,0,0,4.409494795633409,8.943113462313752,GPLD1;GPIHBP1,Basal,Suppressed
GO_Biological_Process_2023,Positive Regulation Of Vascular Associated Smooth Muscle Cell Differentiation (GO:1905065),2/5,0.1315788184270689,0.99999620015268,0,0,4.409494795633409,8.943113462313752,GPER1;KIT,Basal,Suppressed
GO_Biological_Process_2023,Positive Regulation Of Vesicle Fusion (GO:0031340),2/5,0.1315788184270689,0.99999620015268,0,0,4.409494795633409,8.943113462313752,DOC2B;SNCA,Basal,Suppressed
GO_Biological_Process_2023,Regulation Of Apoptotic DNA Fragmentation (GO:1902510),2/5,0.1315788184270689,0.99999620015268,0,0,4.409494795633409,8.943113462313752,IL6;CIDEA,Basal,Suppressed
GO_Biological_Process_2023,Regulation Of cGMP-mediated Signaling (GO:0010752),2/5,0.1315788184270689,0.99999620015268,0,0,4.409494795633409,8.943113462313752,PDE11A;PDE2A,Basal,Suppressed
GO_Biological_Process_2023,Regulation Of Fat Cell Proliferation (GO:0070344),2/5,0.1315788184270689,0.99999620015268,0,0,4.409494795633409,8.943113462313752,PER2;PID1,Basal,Suppressed
GO_Biological_Process_2023,Regulation Of Hepatocyte Proliferation (GO:2000345),2/5,0.1315788184270689,0.99999620015268,0,0,4.409494795633409,8.943113462313752,XBP1;PTN,Basal,Suppressed
GO_Biological_Process_2023,Regulation Of Type B Pancreatic Cell Proliferation (GO:0061469),2/5,0.1315788184270689,0.99999620015268,0,0,4.409494795633409,8.943113462313752,NR4A1;NR4A3,Basal,Suppressed
GO_Biological_Process_2023,Regulation Of Ventricular Cardiac Muscle Cell Membrane Depolarization (GO:0060373),2/5,0.1315788184270689,0.99999620015268,0,0,4.409494795633409,8.943113462313752,GPD1L;SCN3B,Basal,Suppressed
GO_Biological_Process_2023,Regulation Of Voltage-Gated Sodium Channel Activity (GO:1905150),2/5,0.1315788184270689,0.99999620015268,0,0,4.409494795633409,8.943113462313752,FGF14;GRP,Basal,Suppressed
GO_Biological_Process_2023,Renal System Process Involved In Regulation Of Blood Volume (GO:0001977),2/5,0.1315788184270689,0.99999620015268,0,0,4.409494795633409,8.943113462313752,CYP4A11;CYP4F12,Basal,Suppressed
GO_Biological_Process_2023,Response To Granulocyte Macrophage Colony-Stimulating Factor (GO:0097012),2/5,0.1315788184270689,0.99999620015268,0,0,4.409494795633409,8.943113462313752,ZFP36;PDE1B,Basal,Suppressed
GO_Biological_Process_2023,Thiamine Transmembrane Transport (GO:0071934),2/5,0.1315788184270689,0.99999620015268,0,0,4.409494795633409,8.943113462313752,SLC44A4;SLC19A3,Basal,Suppressed
GO_Biological_Process_2023,Tight Junction Organization (GO:0120193),2/5,0.1315788184270689,0.99999620015268,0,0,4.409494795633409,8.943113462313752,CLDN11;CLDN5,Basal,Suppressed
GO_Biological_Process_2023,Tripartite Regional Subdivision (GO:0007351),2/5,0.1315788184270689,0.99999620015268,0,0,4.409494795633409,8.943113462313752,TDGF1;HOXD8,Basal,Suppressed
GO_Biological_Process_2023,Positive Regulation Of Heart Contraction (GO:0045823),5/21,0.1319396764270136,0.99999620015268,0,0,2.0677659168890585,4.188074711968335,CHGA;EDN3;HRC;ATP1A2;SCN3B,Basal,Suppressed
GO_Biological_Process_2023,Regulation Of Lipid Storage (GO:0010883),5/21,0.1319396764270136,0.99999620015268,0,0,2.0677659168890585,4.188074711968335,IL6;PPARG;APOB;VSTM2A;PLIN5,Basal,Suppressed
GO_Biological_Process_2023,Regulation Of Membrane Protein Ectodomain Proteolysis (GO:0051043),5/21,0.1319396764270136,0.99999620015268,0,0,2.0677659168890585,4.188074711968335,TIMP3;ADRA2A;GPLD1;TIMP4;SH3D19,Basal,Suppressed
GO_Biological_Process_2023,Renal System Development (GO:0072001),11/58,0.1327332185818658,0.99999620015268,0,0,1.5494028406735014,3.1288858509193185,BMP4;TFAP2B;MYOCD;SOX17;MME;CYP4A22;CYP4A11;AGTR1;TCF21;GATA3;PCSK5,Basal,Suppressed
GO_Biological_Process_2023,Cardiac Muscle Contraction (GO:0060048),7/33,0.1337099835803479,0.99999620015268,0,0,1.7817920347489211,3.5851119056455234,GSN;MYL3;CASQ2;DMD;SCN3B;SCN4B;SCN2B,Basal,Suppressed
GO_Biological_Process_2023,Negative Regulation Of Blood Vessel Endothelial Cell Migration (GO:0043537),7/33,0.1337099835803479,0.99999620015268,0,0,1.7817920347489211,3.5851119056455234,ANGPT4;MMRN2;PPARG;AGTR2;MEOX2;KLF4;FGF2,Basal,Suppressed
GO_Biological_Process_2023,Aromatic Amino Acid Family Catabolic Process (GO:0009074),3/10,0.1339460372826895,0.99999620015268,0,0,2.8351020408163263,5.699457421419525,HGD;TAT;HPD,Basal,Suppressed
GO_Biological_Process_2023,Diol Metabolic Process (GO:0034311),3/10,0.1339460372826895,0.99999620015268,0,0,2.8351020408163263,5.699457421419525,DEGS2;PLPP3;PLPP1,Basal,Suppressed
GO_Biological_Process_2023,Fatty Acid Homeostasis (GO:0055089),3/10,0.1339460372826895,0.99999620015268,0,0,2.8351020408163263,5.699457421419525,MLXIPL;XBP1;DGAT2,Basal,Suppressed
GO_Biological_Process_2023,Omega-Hydroxylase P450 Pathway (GO:0097267),3/10,0.1339460372826895,0.99999620015268,0,0,2.8351020408163263,5.699457421419525,CYP1A2;CYP4A11;CYP4A22,Basal,Suppressed
GO_Biological_Process_2023,Positive Regulation Of Defense Response To Bacterium (GO:1900426),3/10,0.1339460372826895,0.99999620015268,0,0,2.8351020408163263,5.699457421419525,MMRN2;KLK3;PGC,Basal,Suppressed
GO_Biological_Process_2023,Positive Regulation Of Epidermal Growth Factor-Activated Receptor Activity (GO:0045741),3/10,0.1339460372826895,0.99999620015268,0,0,2.8351020408163263,5.699457421419525,EGF;AREG;ADRA2A,Basal,Suppressed
GO_Biological_Process_2023,Positive Regulation Of Lipid Localization (GO:1905954),3/10,0.1339460372826895,0.99999620015268,0,0,2.8351020408163263,5.699457421419525,LRP1;VSTM2A;PLIN5,Basal,Suppressed
GO_Biological_Process_2023,Positive Regulation Of Voltage-Gated Potassium Channel Activity (GO:1903818),3/10,0.1339460372826895,0.99999620015268,0,0,2.8351020408163263,5.699457421419525,LRRC26;KCNIP2;LRRC38,Basal,Suppressed
GO_Biological_Process_2023,Receptor-Mediated Endocytosis Of Virus By Host Cell (GO:0019065),3/10,0.1339460372826895,0.99999620015268,0,0,2.8351020408163263,5.699457421419525,CLEC4M;CAV2;CAV1,Basal,Suppressed
GO_Biological_Process_2023,Regulation Of Mitochondrial Depolarization (GO:0051900),3/10,0.1339460372826895,0.99999620015268,0,0,2.8351020408163263,5.699457421419525,MYOC;BCL2;DCN,Basal,Suppressed
GO_Biological_Process_2023,Regulation Of Triglyceride Catabolic Process (GO:0010896),3/10,0.1339460372826895,0.99999620015268,0,0,2.8351020408163263,5.699457421419525,GPLD1;PLIN5;PNPLA2,Basal,Suppressed
GO_Biological_Process_2023,Response To Prostaglandin E (GO:0034695),3/10,0.1339460372826895,0.99999620015268,0,0,2.8351020408163263,5.699457421419525,TGFBR3;GNG2;CCL21,Basal,Suppressed
GO_Biological_Process_2023,Positive Regulation Of Filopodium Assembly (GO:0051491),6/27,0.1342654120561267,0.99999620015268,0,0,1.8907050234281355,3.7964161018782674,GPM6A;DOCK11;TENM2;CCL21;PALM;PIK3R1,Basal,Suppressed
GO_Biological_Process_2023,Regulation Of Insulin Secretion Involved In Cellular Response To Glucose Stimulus (GO:0061178),6/27,0.1342654120561267,0.99999620015268,0,0,1.8907050234281355,3.7964161018782674,ANO1;RFX6;ADRA2A;GPLD1;ADCY5;BAIAP3,Basal,Suppressed
GO_Biological_Process_2023,Icosanoid Metabolic Process (GO:0006690),10/52,0.1375477070254652,0.99999620015268,0,0,1.576084979446324,3.1266128928077066,CYP4Z1;CPA1;CYP4A22;CYP4A11;ALOX15;CYP4F22;CYP4F8;ALOX15B;CYP4F12;MGLL,Basal,Suppressed
GO_Biological_Process_2023,Amino Acid Transport (GO:0006865),9/46,0.1422418357268764,0.99999620015268,0,0,1.6100120739295998,3.139888375246798,SLC7A4;SLC7A8;SLC7A14;SLC7A13;SLC38A11;SLC7A10;SLC7A2;SLC7A3;SLC38A4,Basal,Suppressed
GO_Biological_Process_2023,Cellular Component Disassembly (GO:0022411),9/46,0.1422418357268764,0.99999620015268,0,0,1.6100120739295998,3.139888375246798,ADAMTS15;ADAMTS5;GSN;TMPRSS6;CMA1;CTSG;PLAAT3;TPSAB1;ELANE,Basal,Suppressed
GO_Biological_Process_2023,Intracellular Calcium Ion Homeostasis (GO:0006874),23/139,0.1435117200346565,0.99999620015268,0,0,1.313415844860679,2.5497848438589856,CCL14;TRPC5;CCL23;CAV3;EDN3;TMEM178A;CAV2;CAV1;ANK2;PTH1R;TRDN;CDH5;CXCL12;PLN;STC2;GPER1;CDH23;BCL2;HRC;CASQ2;ATP13A4;MICU3;ELANE,Basal,Suppressed
GO_Biological_Process_2023,Retinoid Metabolic Process (GO:0001523),8/40,0.1466324002275098,0.99999620015268,0,0,1.6545801526717556,3.176506828184265,ADH4;LRP1;ADH1B;AKR1C1;ALDH1A2;ALDH1A1;RDH5;ADH7,Basal,Suppressed
GO_Biological_Process_2023,Apoptotic Nuclear Changes (GO:0030262),4/16,0.1489988625869341,0.99999620015268,0,0,2.2052845528455283,4.19845735422957,ACVR1C;DNASE2B;GPER1;DNASE1L3,Basal,Suppressed
GO_Biological_Process_2023,Heart Process (GO:0003015),4/16,0.1489988625869341,0.99999620015268,0,0,2.2052845528455283,4.19845735422957,MYL7;SGCZ;SGCG;TRDN,Basal,Suppressed
GO_Biological_Process_2023,Negative Regulation Of Biosynthetic Process (GO:0009890),4/16,0.1489988625869341,0.99999620015268,0,0,2.2052845528455283,4.19845735422957,ABCD2;IL6;GPER1;SLC18A2,Basal,Suppressed
GO_Biological_Process_2023,Positive Regulation Of Cardiac Muscle Tissue Growth (GO:0055023),4/16,0.1489988625869341,0.99999620015268,0,0,2.2052845528455283,4.19845735422957,TGFBR3;ERBB4;IGF1;FGF2,Basal,Suppressed
GO_Biological_Process_2023,Positive Regulation Of Homotypic Cell-Cell Adhesion (GO:0034112),4/16,0.1489988625869341,0.99999620015268,0,0,2.2052845528455283,4.19845735422957,IL6;MMRN1;CTSG;IL6ST,Basal,Suppressed
GO_Biological_Process_2023,Positive Regulation Of Positive Chemotaxis (GO:0050927),4/16,0.1489988625869341,0.99999620015268,0,0,2.2052845528455283,4.19845735422957,F7;CXCL12;CDH13;VEGFD,Basal,Suppressed
GO_Biological_Process_2023,Regulation Of Protein Kinase A Signaling (GO:0010738),4/16,0.1489988625869341,0.99999620015268,0,0,2.2052845528455283,4.19845735422957,AKAP12;CALCR;ADIPOQ;ADRB2,Basal,Suppressed
GO_Biological_Process_2023,Regulation Of Phosphatidylinositol 3-Kinase Activity (GO:0043551),7/34,0.1504058197135547,0.99999620015268,0,0,1.7157008210041405,3.2502548152749693,P2RY12;CCL21;IRS1;KIT;PIK3R1;TEK;FGF2,Basal,Suppressed
GO_Biological_Process_2023,Negative Regulation Of Endopeptidase Activity (GO:0010951),12/66,0.1509546798768361,0.99999620015268,0,0,1.4711179068977234,2.78155387321702,SERPINA11;CRB2;SERPIND1;SPOCK3;TIMP3;CSN2;SERPINA6;RECK;SERPINA4;TIMP4;CST5;SERPINA5,Basal,Suppressed
GO_Biological_Process_2023,Negative Regulation Of Cytoskeleton Organization (GO:0051494),6/28,0.1529979317218248,0.99999620015268,0,0,1.804659871021427,3.387943696256297,PRKN;LIMA1;PLEKHH2;CAV3;SLIT2;KANK3,Basal,Suppressed
GO_Biological_Process_2023,Regulation Of Glucose Metabolic Process (GO:0010906),6/28,0.1529979317218248,0.99999620015268,0,0,1.804659871021427,3.387943696256297,PRKN;IRS1;PDK4;FBP1;GPLD1;GNMT,Basal,Suppressed
GO_Biological_Process_2023,Homophilic Cell Adhesion Via Plasma Membrane Adhesion Molecules (GO:0007156),11/60,0.1576321756020924,0.99999620015268,0,0,1.485990345698845,2.7453537340176903,PTPRT;ROBO4;CADM3;CADM2;CEACAM5;AMIGO2;HMCN2;PECAM1;CDH13;DSCAML1;MYPN,Basal,Suppressed
GO_Biological_Process_2023,Extracellular Matrix Organization (GO:0030198),28/176,0.1629981919241568,0.99999620015268,0,0,1.2533056133056133,2.273516649398968,VIT;COL17A1;ECM2;HPSE2;COL14A1;TMPRSS6;DPT;NDNF;THSD4;ADAMTS15;ADAMTS5;MMP27;ADAMTS1;ADAMTS18;MMP28;HAS3;CTSG;ADAMTS8;TPSAB1;ELANE;GSN;CMA1;CCDC80;COL4A6;TLL1;RECK;DDR2;MATN2,Basal,Suppressed
GO_Biological_Process_2023,Regulation Of MAP Kinase Activity (GO:0043405),19/114,0.163124004433044,0.99999620015268,0,0,1.3244154848600995,2.401489231398146,CAV3;EDN3;DUSP1;EGF;ADIPOQ;FGF1;FGF2;ADRA2A;BMP4;GHR;FGF16;PDGFD;KIT;NEK10;SPRY2;PPARG;SPRY1;TDGF1;ELANE,Basal,Suppressed
GO_Biological_Process_2023,Regulation Of Smooth Muscle Cell Proliferation (GO:0048660),10/54,0.1645782859927889,0.99999620015268,0,0,1.5042711299395792,2.714260073049362,BMP4;IL6;NR4A3;OGN;CDH13;PPARG;APOD;IGF1;VIP;ELANE,Basal,Suppressed
GO_Biological_Process_2023,Carbon Dioxide Transport (GO:0015670),3/11,0.1670252301183328,0.99999620015268,0,0,2.4805714285714284,4.439256425084747,HBB;RHAG;HBA1,Basal,Suppressed
GO_Biological_Process_2023,Catecholamine Biosynthetic Process (GO:0042423),3/11,0.1670252301183328,0.99999620015268,0,0,2.4805714285714284,4.439256425084747,PNMT;GATA3;SNCA,Basal,Suppressed
GO_Biological_Process_2023,Cellular Response To Growth Hormone Stimulus (GO:0071378),3/11,0.1670252301183328,0.99999620015268,0,0,2.4805714285714284,4.439256425084747,GHR;SOCS2;PIK3R1,Basal,Suppressed
GO_Biological_Process_2023,Lipoprotein Transport (GO:0042953),3/11,0.1670252301183328,0.99999620015268,0,0,2.4805714285714284,4.439256425084747,LRP1;PPARG;CD36,Basal,Suppressed
GO_Biological_Process_2023,Negative Regulation Of Cyclase Activity (GO:0031280),3/11,0.1670252301183328,0.99999620015268,0,0,2.4805714285714284,4.439256425084747,RD3;EDNRB;PALM,Basal,Suppressed
GO_Biological_Process_2023,Negative Regulation Of Heart Contraction (GO:0045822),3/11,0.1670252301183328,0.99999620015268,0,0,2.4805714285714284,4.439256425084747,PLN;ATP1A2;SPX,Basal,Suppressed
GO_Biological_Process_2023,Negative Regulation Of Platelet-Derived Growth Factor Receptor Signaling Pathway (GO:0010642),3/11,0.1670252301183328,0.99999620015268,0,0,2.4805714285714284,4.439256425084747,LRP1;APOD;SNCA,Basal,Suppressed
GO_Biological_Process_2023,Negative Regulation Of Potassium Ion Transmembrane Transport (GO:1901380),3/11,0.1670252301183328,0.99999620015268,0,0,2.4805714285714284,4.439256425084747,CAV3;CAV1;CASQ2,Basal,Suppressed
GO_Biological_Process_2023,Negative Regulation Of Reactive Oxygen Species Biosynthetic Process (GO:1903427),3/11,0.1670252301183328,0.99999620015268,0,0,2.4805714285714284,4.439256425084747,ABCD2;MPV17L;SLC18A2,Basal,Suppressed
GO_Biological_Process_2023,Negative Regulation Of Release Of Sequestered Calcium Ion Into Cytosol (GO:0051280),3/11,0.1670252301183328,0.99999620015268,0,0,2.4805714285714284,4.439256425084747,GSTM2;CASQ2;TRDN,Basal,Suppressed
GO_Biological_Process_2023,Negative Regulation Of Ryanodine-Sensitive Calcium-Release Channel Activity (GO:0060315),3/11,0.1670252301183328,0.99999620015268,0,0,2.4805714285714284,4.439256425084747,GSTM2;CASQ2;TRDN,Basal,Suppressed
GO_Biological_Process_2023,Negative Regulation Of Voltage-Gated Potassium Channel Activity (GO:1903817),3/11,0.1670252301183328,0.99999620015268,0,0,2.4805714285714284,4.439256425084747,KCNE1;GRP;CAV1,Basal,Suppressed
GO_Biological_Process_2023,Neurotransmitter Uptake (GO:0001504),3/11,0.1670252301183328,0.99999620015268,0,0,2.4805714285714284,4.439256425084747,SLC22A3;SLC1A7;SLC18A2,Basal,Suppressed
GO_Biological_Process_2023,Phasic Smooth Muscle Contraction (GO:0014821),3/11,0.1670252301183328,0.99999620015268,0,0,2.4805714285714284,4.439256425084747,EDNRB;EDN3;PTGER3,Basal,Suppressed
GO_Biological_Process_2023,Positive Regulation Of Platelet Aggregation (GO:1901731),3/11,0.1670252301183328,0.99999620015268,0,0,2.4805714285714284,4.439256425084747,IL6;MMRN1;IL6ST,Basal,Suppressed
GO_Biological_Process_2023,Regulation Of Actin Filament Depolymerization (GO:0030834),3/11,0.1670252301183328,0.99999620015268,0,0,2.4805714285714284,4.439256425084747,SEMA5A;LIMA1;PLEKHH2,Basal,Suppressed
GO_Biological_Process_2023,Regulation Of Cell Communication By Electrical Coupling Involved In Cardiac Conduction (GO:1901844),3/11,0.1670252301183328,0.99999620015268,0,0,2.4805714285714284,4.439256425084747,CAV1;HRC;TRDN,Basal,Suppressed
GO_Biological_Process_2023,Regulation Of Muscle System Process (GO:0090257),3/11,0.1670252301183328,0.99999620015268,0,0,2.4805714285714284,4.439256425084747,ATP1A2;DMD;PPP1R12B,Basal,Suppressed
GO_Biological_Process_2023,Regulation Of Phospholipase C Activity (GO:1900274),3/11,0.1670252301183328,0.99999620015268,0,0,2.4805714285714284,4.439256425084747,KIT;ESR1;FGF2,Basal,Suppressed
GO_Biological_Process_2023,Retinoic Acid Receptor Signaling Pathway (GO:0048384),3/11,0.1670252301183328,0.99999620015268,0,0,2.4805714285714284,4.439256425084747,THRB;PPARG;RXRG,Basal,Suppressed
GO_Biological_Process_2023,Self Proteolysis (GO:0097264),3/11,0.1670252301183328,0.99999620015268,0,0,2.4805714285714284,4.439256425084747,DHH;TMPRSS6;CAPN3,Basal,Suppressed
GO_Biological_Process_2023,Smooth Muscle Cell Differentiation (GO:0051145),3/11,0.1670252301183328,0.99999620015268,0,0,2.4805714285714284,4.439256425084747,BMP4;MYOCD;EDNRB,Basal,Suppressed
GO_Biological_Process_2023,Sphingoid Metabolic Process (GO:0046519),3/11,0.1670252301183328,0.99999620015268,0,0,2.4805714285714284,4.439256425084747,DEGS2;PLPP3;PLPP1,Basal,Suppressed
GO_Biological_Process_2023,Tyrosine Metabolic Process (GO:0006570),3/11,0.1670252301183328,0.99999620015268,0,0,2.4805714285714284,4.439256425084747,IYD;TAT;HPD,Basal,Suppressed
GO_Biological_Process_2023,Action Potential (GO:0001508),7/35,0.1680179691271848,0.99999620015268,0,0,1.6543304082411294,2.9508032526359367,GNA14;KCNE1;GPER1;KCNA2;DMD;SCN4A;SCN3B,Basal,Suppressed
GO_Biological_Process_2023,Alpha-Amino Acid Catabolic Process (GO:1901606),6/29,0.1728088397230756,0.99999620015268,0,0,1.726096905780519,3.030282681577984,ALDH4A1;ALDH6A1;TAT;HOGA1;HPD;OTC,Basal,Suppressed
GO_Biological_Process_2023,Regulation Of Muscle Contraction (GO:0006937),6/29,0.1728088397230756,0.99999620015268,0,0,1.726096905780519,3.030282681577984,CNN1;CAV1;MYL3;TNNT3;ATP1A2;PPP1R12B,Basal,Suppressed
GO_Biological_Process_2023,Response To Steroid Hormone (GO:0048545),6/29,0.1728088397230756,0.99999620015268,0,0,1.726096905780519,3.030282681577984,CAV1;ATP1A2;CSN1S1;MGARP;NR3C1;TFPI,Basal,Suppressed
GO_Biological_Process_2023,Androgen Receptor Signaling Pathway (GO:0030521),4/17,0.1757435737604646,0.99999620015268,0,0,2.035530018761726,3.539235712380468,RHOXF1;SCGB2A1;SCGB2A2;PLPP1,Basal,Suppressed
GO_Biological_Process_2023,Aorta Morphogenesis (GO:0035909),4/17,0.1757435737604646,0.99999620015268,0,0,2.035530018761726,3.539235712380468,TFAP2B;LRP1;MYLK;TGFBR2,Basal,Suppressed
GO_Biological_Process_2023,cGMP-mediated Signaling (GO:0019934),4/17,0.1757435737604646,0.99999620015268,0,0,2.035530018761726,3.539235712380468,KCNC2;PDE2A;CD36;AQP1,Basal,Suppressed
GO_Biological_Process_2023,Negative Regulation Of Vascular Associated Smooth Muscle Cell Proliferation (GO:1904706),4/17,0.1757435737604646,0.99999620015268,0,0,2.035530018761726,3.539235712380468,BMP4;CNN1;GPER1;PPARG,Basal,Suppressed
GO_Biological_Process_2023,Positive Regulation Of Heart Rate (GO:0010460),4/17,0.1757435737604646,0.99999620015268,0,0,2.035530018761726,3.539235712380468,EDN3;HRC;ADRB1;SCN3B,Basal,Suppressed
GO_Biological_Process_2023,Positive Regulation Of Stem Cell Differentiation (GO:2000738),4/17,0.1757435737604646,0.99999620015268,0,0,2.035530018761726,3.539235712380468,LTBP2;PTN;RBM24;SOX5,Basal,Suppressed
GO_Biological_Process_2023,Regulation Of Cartilage Development (GO:0061035),4/17,0.1757435737604646,0.99999620015268,0,0,2.035530018761726,3.539235712380468,BMP4;ZBTB16;PTHLH;SOX5,Basal,Suppressed
GO_Biological_Process_2023,Ventricular Cardiac Muscle Cell Action Potential (GO:0086005),4/17,0.1757435737604646,0.99999620015268,0,0,2.035530018761726,3.539235712380468,KCNE1;CAV3;GPD1L;SCN3B,Basal,Suppressed
GO_Biological_Process_2023,Cellular Response To Interleukin-6 (GO:0071354),5/23,0.1760130823406622,0.99999620015268,0,0,1.8378023467615536,3.1926246411002617,PTPRT;IL6;PID1;IL6ST;TDGF1,Basal,Suppressed
GO_Biological_Process_2023,Positive Regulation Of Epithelial Cell Apoptotic Process (GO:1904037),5/23,0.1760130823406622,0.99999620015268,0,0,1.8378023467615536,3.1926246411002617,IL6;GSN;GPER1;ECSCR;PLA2R1,Basal,Suppressed
GO_Biological_Process_2023,Regulation Of Extracellular Matrix Organization (GO:1903053),5/23,0.1760130823406622,0.99999620015268,0,0,1.8378023467615536,3.1926246411002617,LAMA2;LRP1;ANGPTL7;TIE1;DDR2,Basal,Suppressed
GO_Biological_Process_2023,Regulation Of Lipid Catabolic Process (GO:0050994),5/23,0.1760130823406622,0.99999620015268,0,0,1.8378023467615536,3.1926246411002617,HCAR2;PDE3B;CIDEA;ADRA2A;CIDEC,Basal,Suppressed
GO_Biological_Process_2023,Regulation Of Protein Kinase B Signaling (GO:0051896),22/136,0.1762200087263538,0.99999620015268,0,0,1.2780089133039814,2.2186516088924804,SEMA5A;CX3CR1;P2RY12;NTRK2;CSF3;MYOC;CCL21;F10;EGF;AKR1C2;GATA3;IGF1;NTS;FGF2;F7;CALCR;GPER1;LEP;GFRAL;SPRY2;TEK;FERMT2,Basal,Suppressed
GO_Biological_Process_2023,Lipid Modification (GO:0030258),8/42,0.1791086328994194,0.99999620015268,0,0,1.5570722945666815,2.677794961642184,PLPPR1;ALOX15;CYP4A22;CYP1A1;CYP3A4;PLPP3;ALOX15B;PLPP1,Basal,Suppressed
GO_Biological_Process_2023,AV Node Cell Action Potential (GO:0086016),2/6,0.1807204819607215,0.99999620015268,0,0,3.3069306930693068,5.657509397405337,SCN4B;CACNA1G,Basal,Suppressed
GO_Biological_Process_2023,Adult Feeding Behavior (GO:0008343),2/6,0.1807204819607215,0.99999620015268,0,0,3.3069306930693068,5.657509397405337,LEP;CARTPT,Basal,Suppressed
GO_Biological_Process_2023,Angiotensin-Activated Signaling Pathway (GO:0038166),2/6,0.1807204819607215,0.99999620015268,0,0,3.3069306930693068,5.657509397405337,CAV1;AGTR1,Basal,Suppressed
GO_Biological_Process_2023,Calcitonin Family Receptor Signaling Pathway (GO:0097646),2/6,0.1807204819607215,0.99999620015268,0,0,3.3069306930693068,5.657509397405337,RAMP2;CALCR,Basal,Suppressed
GO_Biological_Process_2023,Cellular Response To Caffeine (GO:0071313),2/6,0.1807204819607215,0.99999620015268,0,0,3.3069306930693068,5.657509397405337,GSTM2;CASQ2,Basal,Suppressed
GO_Biological_Process_2023,Cellular Response To Laminar Fluid Shear Stress (GO:0071499),2/6,0.1807204819607215,0.99999620015268,0,0,3.3069306930693068,5.657509397405337,KLF4;KLF2,Basal,Suppressed
GO_Biological_Process_2023,Choline Transport (GO:0015871),2/6,0.1807204819607215,0.99999620015268,0,0,3.3069306930693068,5.657509397405337,SLC5A7;SLC44A4,Basal,Suppressed
GO_Biological_Process_2023,Glucan Catabolic Process (GO:0009251),2/6,0.1807204819607215,0.99999620015268,0,0,3.3069306930693068,5.657509397405337,STBD1;PYGM,Basal,Suppressed
GO_Biological_Process_2023,Glycerol-3-Phosphate Metabolic Process (GO:0006072),2/6,0.1807204819607215,0.99999620015268,0,0,3.3069306930693068,5.657509397405337,GPAM;GPD1,Basal,Suppressed
GO_Biological_Process_2023,Glycogen Catabolic Process (GO:0005980),2/6,0.1807204819607215,0.99999620015268,0,0,3.3069306930693068,5.657509397405337,STBD1;PYGM,Basal,Suppressed
GO_Biological_Process_2023,Heart Trabecula Formation (GO:0060347),2/6,0.1807204819607215,0.99999620015268,0,0,3.3069306930693068,5.657509397405337,TGFBR3;TEK,Basal,Suppressed
GO_Biological_Process_2023,Hemostasis (GO:0007599),2/6,0.1807204819607215,0.99999620015268,0,0,3.3069306930693068,5.657509397405337,P2RY12;VWF,Basal,Suppressed
GO_Biological_Process_2023,Histidine Catabolic Process (GO:0006548),2/6,0.1807204819607215,0.99999620015268,0,0,3.3069306930693068,5.657509397405337,HDC;HNMT,Basal,Suppressed
GO_Biological_Process_2023,Histidine Metabolic Process (GO:0006547),2/6,0.1807204819607215,0.99999620015268,0,0,3.3069306930693068,5.657509397405337,HDC;HNMT,Basal,Suppressed
GO_Biological_Process_2023,Host-Mediated Regulation Of Intestinal Microbiota Composition (GO:0048874),2/6,0.1807204819607215,0.99999620015268,0,0,3.3069306930693068,5.657509397405337,CX3CR1;ST6GALNAC1,Basal,Suppressed
GO_Biological_Process_2023,Intracellular Triglyceride Homeostasis (GO:0035356),2/6,0.1807204819607215,0.99999620015268,0,0,3.3069306930693068,5.657509397405337,XBP1;DGAT2,Basal,Suppressed
GO_Biological_Process_2023,Ketone Body Metabolic Process (GO:1902224),2/6,0.1807204819607215,0.99999620015268,0,0,3.3069306930693068,5.657509397405337,ACSS3;HMGCS2,Basal,Suppressed
GO_Biological_Process_2023,Leukotriene Transport (GO:0071716),2/6,0.1807204819607215,0.99999620015268,0,0,3.3069306930693068,5.657509397405337,ABCC6;ABCC11,Basal,Suppressed
GO_Biological_Process_2023,Lipid Hydroxylation (GO:0002933),2/6,0.1807204819607215,0.99999620015268,0,0,3.3069306930693068,5.657509397405337,CYP4A22;CYP3A4,Basal,Suppressed
GO_Biological_Process_2023,Long-Chain Fatty Acid Catabolic Process (GO:0042758),2/6,0.1807204819607215,0.99999620015268,0,0,3.3069306930693068,5.657509397405337,ACADL;CYP4F12,Basal,Suppressed
GO_Biological_Process_2023,Monoacylglycerol Biosynthetic Process (GO:0006640),2/6,0.1807204819607215,0.99999620015268,0,0,3.3069306930693068,5.657509397405337,DGAT2;DGAT2L6,Basal,Suppressed
GO_Biological_Process_2023,Negative Regulation Of Blood Vessel Endothelial Cell Proliferation Involved In Sprouting Angiogenesis (GO:1903588),2/6,0.1807204819607215,0.99999620015268,0,0,3.3069306930693068,5.657509397405337,NGFR;MMRN2,Basal,Suppressed
GO_Biological_Process_2023,Negative Regulation Of Catecholamine Secretion (GO:0033604),2/6,0.1807204819607215,0.99999620015268,0,0,3.3069306930693068,5.657509397405337,CHGA;CRH,Basal,Suppressed
GO_Biological_Process_2023,Negative Regulation Of Dendritic Cell Apoptotic Process (GO:2000669),2/6,0.1807204819607215,0.99999620015268,0,0,3.3069306930693068,5.657509397405337,CXCL12;CCL21,Basal,Suppressed
GO_Biological_Process_2023,Negative Regulation Of Heart Rate (GO:0010459),2/6,0.1807204819607215,0.99999620015268,0,0,3.3069306930693068,5.657509397405337,PLN;SPX,Basal,Suppressed
GO_Biological_Process_2023,Negative Regulation Of Membrane Protein Ectodomain Proteolysis (GO:0051045),2/6,0.1807204819607215,0.99999620015268,0,0,3.3069306930693068,5.657509397405337,TIMP3;TIMP4,Basal,Suppressed
GO_Biological_Process_2023,Negative Regulation Of Smooth Muscle Cell Apoptotic Process (GO:0034392),2/6,0.1807204819607215,0.99999620015268,0,0,3.3069306930693068,5.657509397405337,IGF1;GRIA4,Basal,Suppressed
GO_Biological_Process_2023,Positive Regulation Of Blood Circulation (GO:1903524),2/6,0.1807204819607215,0.99999620015268,0,0,3.3069306930693068,5.657509397405337,HRC;ATP1A2,Basal,Suppressed
GO_Biological_Process_2023,Positive Regulation Of Icosanoid Secretion (GO:0032305),2/6,0.1807204819607215,0.99999620015268,0,0,3.3069306930693068,5.657509397405337,CYP4A11;PLA2R1,Basal,Suppressed
GO_Biological_Process_2023,Positive Regulation Of Interleukin-5 Production (GO:0032754),2/6,0.1807204819607215,0.99999620015268,0,0,3.3069306930693068,5.657509397405337,TSLP;GATA3,Basal,Suppressed
GO_Biological_Process_2023,Positive Regulation Of Mast Cell Activation (GO:0033005),2/6,0.1807204819607215,0.99999620015268,0,0,3.3069306930693068,5.657509397405337,NR4A3;TSLP,Basal,Suppressed
GO_Biological_Process_2023,Positive Regulation Of Membrane Depolarization (GO:1904181),2/6,0.1807204819607215,0.99999620015268,0,0,3.3069306930693068,5.657509397405337,MYOC;DCN,Basal,Suppressed
GO_Biological_Process_2023,Positive Regulation Of Multicellular Organism Growth (GO:0040018),2/6,0.1807204819607215,0.99999620015268,0,0,3.3069306930693068,5.657509397405337,GHR;GHRH,Basal,Suppressed
GO_Biological_Process_2023,Positive Regulation Of Neurotransmitter Secretion (GO:0001956),2/6,0.1807204819607215,0.99999620015268,0,0,3.3069306930693068,5.657509397405337,SLC4A8;GPER1,Basal,Suppressed
GO_Biological_Process_2023,Protein Localization To Basolateral Plasma Membrane (GO:1903361),2/6,0.1807204819607215,0.99999620015268,0,0,3.3069306930693068,5.657509397405337,CAV1;LIN7A,Basal,Suppressed
GO_Biological_Process_2023,Regulation Of Adiponectin Secretion (GO:0070163),2/6,0.1807204819607215,0.99999620015268,0,0,3.3069306930693068,5.657509397405337,HCAR2;PPARG,Basal,Suppressed
GO_Biological_Process_2023,Regulation Of Atrial Cardiac Muscle Cell Membrane Depolarization (GO:0060371),2/6,0.1807204819607215,0.99999620015268,0,0,3.3069306930693068,5.657509397405337,SCN3B;SCN2B,Basal,Suppressed
GO_Biological_Process_2023,Regulation Of Cardiac Muscle Hypertrophy In Response To Stress (GO:1903242),2/6,0.1807204819607215,0.99999620015268,0,0,3.3069306930693068,5.657509397405337,PPARG;FOXO1,Basal,Suppressed
GO_Biological_Process_2023,Regulation Of Cell Adhesion Molecule Production (GO:0060353),2/6,0.1807204819607215,0.99999620015268,0,0,3.3069306930693068,5.657509397405337,CAV1;NOTCH4,Basal,Suppressed
GO_Biological_Process_2023,Regulation Of Cellular Response To Insulin Stimulus (GO:1900076),2/6,0.1807204819607215,0.99999620015268,0,0,3.3069306930693068,5.657509397405337,PPARG;GPLD1,Basal,Suppressed
GO_Biological_Process_2023,Regulation Of Glucocorticoid Receptor Signaling Pathway (GO:2000322),2/6,0.1807204819607215,0.99999620015268,0,0,3.3069306930693068,5.657509397405337,PER1;CRY2,Basal,Suppressed
GO_Biological_Process_2023,Regulation Of Inositol Phosphate Biosynthetic Process (GO:0010919),2/6,0.1807204819607215,0.99999620015268,0,0,3.3069306930693068,5.657509397405337,PTH1R;SNCA,Basal,Suppressed
GO_Biological_Process_2023,Regulation Of Lens Fiber Cell Differentiation (GO:1902746),2/6,0.1807204819607215,0.99999620015268,0,0,3.3069306930693068,5.657509397405337,SPRY2;SPRY1,Basal,Suppressed
GO_Biological_Process_2023,Regulation Of Microglial Cell Migration (GO:1904139),2/6,0.1807204819607215,0.99999620015268,0,0,3.3069306930693068,5.657509397405337,CX3CR1;P2RY12,Basal,Suppressed
GO_Biological_Process_2023,Regulation Of Systemic Arterial Blood Pressure By Renin-Angiotensin (GO:0003081),2/6,0.1807204819607215,0.99999620015268,0,0,3.3069306930693068,5.657509397405337,AGTR1;AGTR2,Basal,Suppressed
GO_Biological_Process_2023,Regulation Of Vascular Associated Smooth Muscle Cell Apoptotic Process (GO:1905459),2/6,0.1807204819607215,0.99999620015268,0,0,3.3069306930693068,5.657509397405337,PPARG;IGF1,Basal,Suppressed
GO_Biological_Process_2023,Response To Caffeine (GO:0031000),2/6,0.1807204819607215,0.99999620015268,0,0,3.3069306930693068,5.657509397405337,GSTM2;CASQ2,Basal,Suppressed
GO_Biological_Process_2023,Retinal Rod Cell Differentiation (GO:0060221),2/6,0.1807204819607215,0.99999620015268,0,0,3.3069306930693068,5.657509397405337,RP1;RORB,Basal,Suppressed
GO_Biological_Process_2023,Spontaneous Synaptic Transmission (GO:0098814),2/6,0.1807204819607215,0.99999620015268,0,0,3.3069306930693068,5.657509397405337,RPH3AL;DOC2B,Basal,Suppressed
GO_Biological_Process_2023,"Synaptic Transmission, Dopaminergic (GO:0001963)",2/6,0.1807204819607215,0.99999620015268,0,0,3.3069306930693068,5.657509397405337,CRHBP;SNCA,Basal,Suppressed
GO_Biological_Process_2023,Vascular Associated Smooth Muscle Contraction (GO:0014829),2/6,0.1807204819607215,0.99999620015268,0,0,3.3069306930693068,5.657509397405337,EDNRB;EDN3,Basal,Suppressed
GO_Biological_Process_2023,Vascular Wound Healing (GO:0061042),2/6,0.1807204819607215,0.99999620015268,0,0,3.3069306930693068,5.657509397405337,NDNF;CD34,Basal,Suppressed
GO_Biological_Process_2023,Very Long-Chain Fatty Acid Catabolic Process (GO:0042760),2/6,0.1807204819607215,0.99999620015268,0,0,3.3069306930693068,5.657509397405337,ABCD2;SLC27A2,Basal,Suppressed
GO_Biological_Process_2023,Xenobiotic Glucuronidation (GO:0052697),2/6,0.1807204819607215,0.99999620015268,0,0,3.3069306930693068,5.657509397405337,UGT2B28;UGT2B4,Basal,Suppressed
GO_Biological_Process_2023,Extracellular Structure Organization (GO:0043062),18/109,0.1812132810613845,0.99999620015268,0,0,1.309662751042061,2.237009528454105,VIT;COL17A1;ECM2;HPSE2;COL14A1;NDNF;THSD4;ADAMTS15;ADAMTS5;CCDC80;MMP27;ADAMTS1;ADAMTS18;MMP28;COL4A6;ADAMTS8;RECK;MATN2,Basal,Suppressed
GO_Biological_Process_2023,Positive Regulation Of Phospholipase C Activity (GO:0010863),7/36,0.1864835261753756,0.99999620015268,0,0,1.5971924377376363,2.682344745670644,P2RY12;KIT;NMUR1;AVPR1A;ARHGAP6;FGF2;ESR1,Basal,Suppressed
GO_Biological_Process_2023,Regulation Of Glucose Import (GO:0046324),7/36,0.1864835261753756,0.99999620015268,0,0,1.5971924377376363,2.682344745670644,PID1;IRS1;LEP;ITLN1;PIK3R1;IGF1;SORBS1,Basal,Suppressed
GO_Biological_Process_2023,Heterophilic Cell-Cell Adhesion Via Plasma Membrane Cell Adhesion Molecules (GO:0007157),9/49,0.1874994251854246,0.99999620015268,0,0,1.4890034364261169,2.4925612268962336,CRB2;SELP;TENM2;CADM3;CEACAM5;AMIGO2;UMOD;FAT4;CBLN1,Basal,Suppressed
GO_Biological_Process_2023,External Encapsulating Structure Organization (GO:0045229),18/110,0.1916863727807927,0.99999620015268,0,0,1.2953523238380809,2.1397856612171733,VIT;COL17A1;ECM2;HPSE2;COL14A1;NDNF;THSD4;ADAMTS15;ADAMTS5;CCDC80;MMP27;ADAMTS1;ADAMTS18;MMP28;COL4A6;ADAMTS8;RECK;MATN2,Basal,Suppressed
GO_Biological_Process_2023,Negative Regulation Of Blood Coagulation (GO:0030195),6/30,0.1936041703309725,0.99999620015268,0,0,1.6540808543096872,2.7159007957633,FGB;THBD;FGA;FGG;PLAT;TFPI,Basal,Suppressed
GO_Biological_Process_2023,Prostaglandin Metabolic Process (GO:0006693),6/30,0.1936041703309725,0.99999620015268,0,0,1.6540808543096872,2.7159007957633,HPGDS;GSTM1;AKR1C1;AKR1C2;CYP4F8;CES1,Basal,Suppressed
GO_Biological_Process_2023,Cellular Response To Organic Cyclic Compound (GO:0071407),24/152,0.1952511364076784,0.99999620015268,0,0,1.241647465437788,2.028192233989305,P2RY12;EGR1;KCNE1;TIPARP;PDE2A;GPBAR1;ATP1A2;SSTR1;ADCY1;NR3C1;TFPI;ESR1;AQP1;ADCY5;CRHBP;NR4A3;GNG2;GPER1;CYP1A1;MGARP;DRD1;SLC26A3;RAPGEF3;HCN1,Basal,Suppressed
GO_Biological_Process_2023,Intracellular Steroid Hormone Receptor Signaling Pathway (GO:0030518),8/43,0.1964297834233873,0.99999620015268,0,0,1.5124972737186475,2.461514062910824,RHOXF1;GPER1;SCGB2A1;SCGB2A2;PGR;ESR1;ESR2;PLPP1,Basal,Suppressed
GO_Biological_Process_2023,Regulation Of Phosphatidylinositol 3-Kinase Signaling (GO:0014066),15/90,0.1980743718414901,0.99999620015268,0,0,1.3239188672024491,2.143573856227704,NTRK2;CSF3;MYOC;EGF;IGF1;FGF2;DCN;SELP;GPER1;PDGFD;LEP;KIT;TEK;RAPGEF3;DDR2,Basal,Suppressed
GO_Biological_Process_2023,Protein Polymerization (GO:0051258),11/63,0.1989761322796805,0.99999620015268,0,0,1.4000176361658976,2.2604270344728548,FGB;PRKN;FGA;TPPP3;GSN;FGG;CASQ2;CASQ1;MAPT;TPPP;ARHGAP6,Basal,Suppressed
GO_Biological_Process_2023,Amyloid Fibril Formation (GO:1990000),5/24,0.19988057412425,0.99999620015268,0,0,1.740975580392078,2.8030320018794948,PRKN;GSN;CD36;MAPT;SNCA,Basal,Suppressed
GO_Biological_Process_2023,Fat-Soluble Vitamin Metabolic Process (GO:0006775),5/24,0.19988057412425,0.99999620015268,0,0,1.740975580392078,2.8030320018794948,NPC1L1;ALDH1A2;CYP1A1;CYP3A4;CYP4F12,Basal,Suppressed
GO_Biological_Process_2023,Regulation Of Ryanodine-Sensitive Calcium-Release Channel Activity (GO:0060314),5/24,0.19988057412425,0.99999620015268,0,0,1.740975580392078,2.8030320018794948,GSTM2;CASQ2;HRC;DMD;TRDN,Basal,Suppressed
GO_Biological_Process_2023,Adult Locomotory Behavior (GO:0008344),3/12,0.2021459869371548,0.99999620015268,0,0,2.204825396825397,3.524997973203992,NTF4;PRKN;DRD1,Basal,Suppressed
GO_Biological_Process_2023,Atrial Cardiac Muscle Cell Action Potential (GO:0086014),3/12,0.2021459869371548,0.99999620015268,0,0,2.204825396825397,3.524997973203992,KCNA5;SCN3B;KCNJ3,Basal,Suppressed
GO_Biological_Process_2023,Axonal Transport Of Mitochondrion (GO:0019896),3/12,0.2021459869371548,0.99999620015268,0,0,2.204825396825397,3.524997973203992,MAPT;MGARP;SYBU,Basal,Suppressed
GO_Biological_Process_2023,cAMP Metabolic Process (GO:0046058),3/12,0.2021459869371548,0.99999620015268,0,0,2.204825396825397,3.524997973203992,ADCY4;PTHLH;ADCY5,Basal,Suppressed
GO_Biological_Process_2023,Defense Response To Tumor Cell (GO:0002357),3/12,0.2021459869371548,0.99999620015268,0,0,2.204825396825397,3.524997973203992,PLK5;KLF4;RBMS3,Basal,Suppressed
GO_Biological_Process_2023,Endothelium Development (GO:0003158),3/12,0.2021459869371548,0.99999620015268,0,0,2.204825396825397,3.524997973203992,SCUBE1;PECAM1;CD34,Basal,Suppressed
GO_Biological_Process_2023,Glucose Import (GO:0046323),3/12,0.2021459869371548,0.99999620015268,0,0,2.204825396825397,3.524997973203992,TRARG1;HNF1A;SLC2A4,Basal,Suppressed
GO_Biological_Process_2023,Granulocyte Differentiation (GO:0030851),3/12,0.2021459869371548,0.99999620015268,0,0,2.204825396825397,3.524997973203992,CEBPA;CSF3;TAL1,Basal,Suppressed
GO_Biological_Process_2023,Lipoprotein Localization (GO:0044872),3/12,0.2021459869371548,0.99999620015268,0,0,2.204825396825397,3.524997973203992,LRP1;PPARG;CD36,Basal,Suppressed
GO_Biological_Process_2023,Multicellular Organismal-Level Iron Ion Homeostasis (GO:0060586),3/12,0.2021459869371548,0.99999620015268,0,0,2.204825396825397,3.524997973203992,TMPRSS6;SLC40A1;CYBRD1,Basal,Suppressed
GO_Biological_Process_2023,Negative Regulation Of Cardiac Muscle Hypertrophy (GO:0010614),3/12,0.2021459869371548,0.99999620015268,0,0,2.204825396825397,3.524997973203992,CAV3;PPARG;FOXO1,Basal,Suppressed
GO_Biological_Process_2023,Negative Regulation Of Locomotion (GO:0040013),3/12,0.2021459869371548,0.99999620015268,0,0,2.204825396825397,3.524997973203992,SPOCK3;GATA3;ELANE,Basal,Suppressed
GO_Biological_Process_2023,Positive Regulation Of Alcohol Biosynthetic Process (GO:1902932),3/12,0.2021459869371548,0.99999620015268,0,0,2.204825396825397,3.524997973203992,PTH1R;FGF1;SNCA,Basal,Suppressed
GO_Biological_Process_2023,Positive Regulation Of Sodium Ion Transport (GO:0010765),3/12,0.2021459869371548,0.99999620015268,0,0,2.204825396825397,3.524997973203992,GPD1L;SCN3B;SCN4B,Basal,Suppressed
GO_Biological_Process_2023,Quaternary Ammonium Group Transport (GO:0015697),3/12,0.2021459869371548,0.99999620015268,0,0,2.204825396825397,3.524997973203992,SLC22A3;SLC5A7;SLC44A4,Basal,Suppressed
GO_Biological_Process_2023,Regulation Of Platelet-Derived Growth Factor Receptor Signaling Pathway (GO:0010640),3/12,0.2021459869371548,0.99999620015268,0,0,2.204825396825397,3.524997973203992,F7;APOD;SNCA,Basal,Suppressed
GO_Biological_Process_2023,Regulation Of Vascular Associated Smooth Muscle Cell Migration (GO:1904752),3/12,0.2021459869371548,0.99999620015268,0,0,2.204825396825397,3.524997973203992,BMP4;NR4A3;ADIPOQ,Basal,Suppressed
GO_Biological_Process_2023,Response To Iron Ion (GO:0010039),3/12,0.2021459869371548,0.99999620015268,0,0,2.204825396825397,3.524997973203992,BCL2;F3;SNCA,Basal,Suppressed
GO_Biological_Process_2023,Sodium Ion Export Across Plasma Membrane (GO:0036376),3/12,0.2021459869371548,0.99999620015268,0,0,2.204825396825397,3.524997973203992,ATP1A4;ATP1A2;SLC4A4,Basal,Suppressed
GO_Biological_Process_2023,Triglyceride Catabolic Process (GO:0019433),3/12,0.2021459869371548,0.99999620015268,0,0,2.204825396825397,3.524997973203992,LIPE;GPIHBP1;PNPLA2,Basal,Suppressed
GO_Biological_Process_2023,Membrane Repolarization (GO:0086009),4/18,0.2039548592908792,0.99999620015268,0,0,1.8900261324041807,3.004870497356689,KCNE1;KCND3;KCNIP2;ATP1A2,Basal,Suppressed
GO_Biological_Process_2023,Negative Regulation Of Lipid Storage (GO:0010888),4/18,0.2039548592908792,0.99999620015268,0,0,1.8900261324041807,3.004870497356689,IL6;PPARG;CES1;PNPLA2,Basal,Suppressed
GO_Biological_Process_2023,Nitric Oxide Mediated Signal Transduction (GO:0007263),4/18,0.2039548592908792,0.99999620015268,0,0,1.8900261324041807,3.004870497356689,KCNC2;NDNF;AGTR2;CD36,Basal,Suppressed
GO_Biological_Process_2023,Regulation Of Epithelial Cell Differentiation (GO:0030856),4/18,0.2039548592908792,0.99999620015268,0,0,1.8900261324041807,3.004870497356689,CAV1;GATA3;ALOX15B;APOLD1,Basal,Suppressed
GO_Biological_Process_2023,Ureteric Bud Development (GO:0001657),4/18,0.2039548592908792,0.99999620015268,0,0,1.8900261324041807,3.004870497356689,BMP4;GPC3;TCF21;SLIT2,Basal,Suppressed
GO_Biological_Process_2023,Negative Regulation Of Endothelial Cell Proliferation (GO:0001937),7/37,0.2057330668429433,0.99999620015268,0,0,1.5438636652677096,2.4411197772199404,NGFR;CAV2;CAV1;TNMD;ATOH8;MMRN2;PPARG,Basal,Suppressed
GO_Biological_Process_2023,Negative Regulation Of Smooth Muscle Cell Proliferation (GO:0048662),7/37,0.2057330668429433,0.99999620015268,0,0,1.5438636652677096,2.4411197772199404,BMP4;CNN1;GPER1;OGN;APOD;PPARG;VIP,Basal,Suppressed
GO_Biological_Process_2023,Positive Regulation Of Signaling (GO:0023056),7/37,0.2057330668429433,0.99999620015268,0,0,1.5438636652677096,2.4411197772199404,LGI1;TNXB;CLSTN2;EDN3;GATA3;SNCA;WLS,Basal,Suppressed
GO_Biological_Process_2023,Actomyosin Structure Organization (GO:0031032),13/77,0.2059847683901722,0.99999620015268,0,0,1.3444311663479924,2.1241381255237832,LMOD1;ARRB1;SORBS1;MYOM2;MYPN;SYNPO2L;TNNT3;CAPN3;PGM5;MYH11;CASQ1;FLNC;MYOZ2,Basal,Suppressed
GO_Biological_Process_2023,Chloride Transport (GO:0006821),13/77,0.2059847683901722,0.99999620015268,0,0,1.3444311663479924,2.1241381255237832,GABRA2;CLIC5;GABRA4;SLC4A1;SLC1A7;ANO3;GABRG1;SLC4A8;GLRA3;FXYD1;SLC17A7;NMUR1;SLC26A5,Basal,Suppressed
GO_Biological_Process_2023,Positive Regulation Of Endothelial Cell Proliferation (GO:0001938),13/77,0.2059847683901722,0.99999620015268,0,0,1.3444311663479924,2.1241381255237832,SEMA5A;EGR3;EGF;PSG1;VEGFD;FGF2;THBS4;BMP4;NR4A1;AGTR1;CDH13;TEK;VIP,Basal,Suppressed
GO_Biological_Process_2023,Regulation Of Calcium Ion Transport (GO:0051924),10/57,0.2094472970514274,0.99999620015268,0,0,1.4080100125156445,2.201118308806829,PLN;CAV3;EGF;CACNA2D1;BCL2;HRC;ANK2;FFAR1;CASQ1;MYLK,Basal,Suppressed
GO_Biological_Process_2023,Cellular Response To Ketone (GO:1901655),8/44,0.2144028186483073,0.99999620015268,0,0,1.470398642917727,2.2642649634033565,GNG2;KLF9;AKR1C2;ADCY1;NR3C1;PCK1;ADCY5;AQP1,Basal,Suppressed
GO_Biological_Process_2023,Extracellular Matrix Disassembly (GO:0022617),8/44,0.2144028186483073,0.99999620015268,0,0,1.470398642917727,2.2642649634033565,ADAMTS15;ADAMTS5;GSN;TMPRSS6;CMA1;CTSG;TPSAB1;ELANE,Basal,Suppressed
GO_Biological_Process_2023,Positive Regulation Of Osteoblast Differentiation (GO:0045669),8/44,0.2144028186483073,0.99999620015268,0,0,1.470398642917727,2.2642649634033565,BMP4;IL6;FFAR4;IGF1;IL6ST;TP63;FERMT2;DDR2,Basal,Suppressed
GO_Biological_Process_2023,Regulation Of Cell-Substrate Adhesion (GO:0010810),8/44,0.2144028186483073,0.99999620015268,0,0,1.470398642917727,2.2642649634033565,VIT;ECM2;CCDC80;FZD4;ALOX15;AGR2;NDNF;CORO2B,Basal,Suppressed
GO_Biological_Process_2023,Negative Regulation Of Chemotaxis (GO:0050922),6/31,0.2152821334161263,0.99999620015268,0,0,1.5878260869565215,2.438592613221008,SEMA5A;SEMA3C;SEMA6D;SEMA3G;SLIT2;ELANE,Basal,Suppressed
GO_Biological_Process_2023,Organic Cation Transport (GO:0015695),6/31,0.2152821334161263,0.99999620015268,0,0,1.5878260869565215,2.438592613221008,SLC47A2;SLC22A3;SLC5A7;SLC44A4;SLC19A3;PDZK1,Basal,Suppressed
GO_Biological_Process_2023,Positive Regulation Of Glucose Transmembrane Transport (GO:0010828),6/31,0.2152821334161263,0.99999620015268,0,0,1.5878260869565215,2.438592613221008,NR4A3;IRS1;ITLN1;PIK3R1;IGF1;SORBS1,Basal,Suppressed
GO_Biological_Process_2023,Positive Regulation Of Leukocyte Migration (GO:0002687),6/31,0.2152821334161263,0.99999620015268,0,0,1.5878260869565215,2.438592613221008,F7;IL6;EDN3;PTN;LYVE1;JAM3,Basal,Suppressed
GO_Biological_Process_2023,Positive Regulation Of Endothelial Cell Migration (GO:0010595),14/85,0.2213726618675781,0.99999620015268,0,0,1.3050745174951777,1.967931972469384,SEMA5A;ANGPT4;EGF;PSG1;GATA3;FGF1;FGF2;RHOB;BMP4;ATOH8;TEK;PLPP3;TDGF1;GPLD1,Basal,Suppressed
GO_Biological_Process_2023,Steroid Metabolic Process (GO:0008202),15/92,0.2227602635174513,0.99999620015268,0,0,1.2893822595315132,1.936212651492363,AKR1C1;UGT2B15;HSD3B1;UGT2B17;UGT2B28;AKR1C2;CYP3A4;HSD11B1;CYP26A1;CYP2A6;STS;DHRS9;CYP1A2;CYP1A1;RDH5,Basal,Suppressed
GO_Biological_Process_2023,Lamellipodium Assembly (GO:0030032),5/25,0.2247607882389686,0.99999620015268,0,0,1.6538314906595502,2.46870503683176,P2RY12;ABLIM3;KIT;S1PR1;CDH13,Basal,Suppressed
GO_Biological_Process_2023,Positive Regulation Of Glucose Import (GO:0046326),5/25,0.2247607882389686,0.99999620015268,0,0,1.6538314906595502,2.46870503683176,IRS1;ITLN1;PIK3R1;IGF1;SORBS1,Basal,Suppressed
GO_Biological_Process_2023,Regulation Of Myelination (GO:0031641),5/25,0.2247607882389686,0.99999620015268,0,0,1.6538314906595502,2.46870503683176,EGR2;LGI4;PTN;TPPP;JAM2,Basal,Suppressed
GO_Biological_Process_2023,Regulation Of Neutrophil Chemotaxis (GO:0090022),5/25,0.2247607882389686,0.99999620015268,0,0,1.6538314906595502,2.46870503683176,CCL21;C5AR2;SLIT2;THBS4;JAM3,Basal,Suppressed
GO_Biological_Process_2023,Positive Regulation Of Cation Channel Activity (GO:2001259),7/38,0.2256918388601139,0.99999620015268,0,0,1.4939754587635845,2.223909092334048,LRRC26;GSTM2;KCNIP2;LRRC38;ANK2;CASQ1;TRDN,Basal,Suppressed
GO_Biological_Process_2023,Cholesterol Homeostasis (GO:0042632),12/72,0.2314869146814598,0.99999620015268,0,0,1.3235474006116208,1.936656818909336,LIMA1;XBP1;DGAT2;CAV3;NPC1L1;ACSM1;AKR1C1;CAV1;ABCB11;APOB;CES1;GPIHBP1,Basal,Suppressed
GO_Biological_Process_2023,Atrial Cardiac Muscle Cell To AV Node Cell Signaling (GO:0086026),2/7,0.2319454034194699,0.99999620015268,0,0,2.6453922315308454,3.865588035791419,KCNA5;SCN3B,Basal,Suppressed
GO_Biological_Process_2023,Cellular Biogenic Amine Catabolic Process (GO:0042402),2/7,0.2319454034194699,0.99999620015268,0,0,2.6453922315308454,3.865588035791419,DMGDH;HNMT,Basal,Suppressed
GO_Biological_Process_2023,Cellular Response To Nitric Oxide (GO:0071732),2/7,0.2319454034194699,0.99999620015268,0,0,2.6453922315308454,3.865588035791419,KCNC2;FOXO1,Basal,Suppressed
GO_Biological_Process_2023,Cellular Response To Potassium Ion (GO:0035865),2/7,0.2319454034194699,0.99999620015268,0,0,2.6453922315308454,3.865588035791419,CRHBP;DLG2,Basal,Suppressed
GO_Biological_Process_2023,Cellular Response To Reactive Nitrogen Species (GO:1902170),2/7,0.2319454034194699,0.99999620015268,0,0,2.6453922315308454,3.865588035791419,KCNC2;FOXO1,Basal,Suppressed
GO_Biological_Process_2023,Collecting Duct Development (GO:0072044),2/7,0.2319454034194699,0.99999620015268,0,0,2.6453922315308454,3.865588035791419,TFAP2B;DACT2,Basal,Suppressed
GO_Biological_Process_2023,Dopamine Uptake (GO:0090494),2/7,0.2319454034194699,0.99999620015268,0,0,2.6453922315308454,3.865588035791419,SLC22A3;SNCA,Basal,Suppressed
GO_Biological_Process_2023,Fatty Acid Alpha-Oxidation (GO:0001561),2/7,0.2319454034194699,0.99999620015268,0,0,2.6453922315308454,3.865588035791419,HAO2;SLC27A2,Basal,Suppressed
GO_Biological_Process_2023,Lactate Metabolic Process (GO:0006089),2/7,0.2319454034194699,0.99999620015268,0,0,2.6453922315308454,3.865588035791419,PER2;LDHD,Basal,Suppressed
GO_Biological_Process_2023,Melanin Biosynthetic Process (GO:0042438),2/7,0.2319454034194699,0.99999620015268,0,0,2.6453922315308454,3.865588035791419,CITED1;DCT,Basal,Suppressed
GO_Biological_Process_2023,Negative Regulation Of T Cell Apoptotic Process (GO:0070233),2/7,0.2319454034194699,0.99999620015268,0,0,2.6453922315308454,3.865588035791419,PIP;TSC22D3,Basal,Suppressed
GO_Biological_Process_2023,Negative Regulation Of Circadian Rhythm (GO:0042754),2/7,0.2319454034194699,0.99999620015268,0,0,2.6453922315308454,3.865588035791419,PER2;CRY2,Basal,Suppressed
GO_Biological_Process_2023,Negative Regulation Of Glucose Import (GO:0046325),2/7,0.2319454034194699,0.99999620015268,0,0,2.6453922315308454,3.865588035791419,PID1;LEP,Basal,Suppressed
GO_Biological_Process_2023,Negative Regulation Of Monooxygenase Activity (GO:0032769),2/7,0.2319454034194699,0.99999620015268,0,0,2.6453922315308454,3.865588035791419,CAV3;SNCA,Basal,Suppressed
GO_Biological_Process_2023,Osteoblast Development (GO:0002076),2/7,0.2319454034194699,0.99999620015268,0,0,2.6453922315308454,3.865588035791419,TNN;PTHLH,Basal,Suppressed
GO_Biological_Process_2023,Peptidyl-Tyrosine Dephosphorylation Involved In Inactivation Of Protein Kinase Activity (GO:1990264),2/7,0.2319454034194699,0.99999620015268,0,0,2.6453922315308454,3.865588035791419,PTPRT;PTPRB,Basal,Suppressed
GO_Biological_Process_2023,Positive Regulation Of Extracellular Matrix Disassembly (GO:0090091),2/7,0.2319454034194699,0.99999620015268,0,0,2.6453922315308454,3.865588035791419,IL6;DDR2,Basal,Suppressed
GO_Biological_Process_2023,Positive Regulation Of Insulin-Like Growth Factor Receptor Signaling Pathway (GO:0043568),2/7,0.2319454034194699,0.99999620015268,0,0,2.6453922315308454,3.865588035791419,GHRH;IGF1,Basal,Suppressed
GO_Biological_Process_2023,Positive Regulation Of Myotube Differentiation (GO:0010831),2/7,0.2319454034194699,0.99999620015268,0,0,2.6453922315308454,3.865588035791419,SMYD1;RBM24,Basal,Suppressed
GO_Biological_Process_2023,Positive Regulation Of Ryanodine-Sensitive Calcium-Release Channel Activity (GO:0060316),2/7,0.2319454034194699,0.99999620015268,0,0,2.6453922315308454,3.865588035791419,GSTM2;TRDN,Basal,Suppressed
GO_Biological_Process_2023,Positive Regulation Of Vascular Endothelial Growth Factor Signaling Pathway (GO:1900748),2/7,0.2319454034194699,0.99999620015268,0,0,2.6453922315308454,3.865588035791419,CCBE1;TNXB,Basal,Suppressed
GO_Biological_Process_2023,Regulation Of Carbohydrate Biosynthetic Process (GO:0043255),2/7,0.2319454034194699,0.99999620015268,0,0,2.6453922315308454,3.865588035791419,FBP1;GNMT,Basal,Suppressed
GO_Biological_Process_2023,Regulation Of Cardiac Muscle Cell Action Potential Involved In Regulation Of Contraction (GO:0098909),2/7,0.2319454034194699,0.99999620015268,0,0,2.6453922315308454,3.865588035791419,CAV3;CAV1,Basal,Suppressed
GO_Biological_Process_2023,Regulation Of Chaperone-Mediated Autophagy (GO:1904714),2/7,0.2319454034194699,0.99999620015268,0,0,2.6453922315308454,3.865588035791419,GFAP;SNCA,Basal,Suppressed
GO_Biological_Process_2023,Regulation Of Establishment Of Protein Localization To Mitochondrion (GO:1903747),2/7,0.2319454034194699,0.99999620015268,0,0,2.6453922315308454,3.865588035791419,PRKN;MAPT,Basal,Suppressed
GO_Biological_Process_2023,Regulation Of Mesenchymal Stem Cell Differentiation (GO:2000739),2/7,0.2319454034194699,0.99999620015268,0,0,2.6453922315308454,3.865588035791419,LTBP2;SOX5,Basal,Suppressed
GO_Biological_Process_2023,Regulation Of Phospholipase A2 Activity (GO:0032429),2/7,0.2319454034194699,0.99999620015268,0,0,2.6453922315308454,3.865588035791419,LRP1;PLA2R1,Basal,Suppressed
GO_Biological_Process_2023,Regulation Of Positive Chemotaxis (GO:0050926),2/7,0.2319454034194699,0.99999620015268,0,0,2.6453922315308454,3.865588035791419,F7;CDH13,Basal,Suppressed
GO_Biological_Process_2023,Response To Auditory Stimulus (GO:0010996),2/7,0.2319454034194699,0.99999620015268,0,0,2.6453922315308454,3.865588035791419,ATP1A2;PTN,Basal,Suppressed
GO_Biological_Process_2023,Response To Hydroperoxide (GO:0033194),2/7,0.2319454034194699,0.99999620015268,0,0,2.6453922315308454,3.865588035791419,GPX3;PSG1,Basal,Suppressed
GO_Biological_Process_2023,Response To Potassium Ion (GO:0035864),2/7,0.2319454034194699,0.99999620015268,0,0,2.6453922315308454,3.865588035791419,CRHBP;DLG2,Basal,Suppressed
GO_Biological_Process_2023,Taurine Metabolic Process (GO:0019530),2/7,0.2319454034194699,0.99999620015268,0,0,2.6453922315308454,3.865588035791419,GHR;CDO1,Basal,Suppressed
GO_Biological_Process_2023,Thyroid Hormone Transport (GO:0070327),2/7,0.2319454034194699,0.99999620015268,0,0,2.6453922315308454,3.865588035791419,SLCO1C1;SLC7A8,Basal,Suppressed
GO_Biological_Process_2023,Ventricular Cardiac Muscle Cell Membrane Repolarization (GO:0099625),2/7,0.2319454034194699,0.99999620015268,0,0,2.6453922315308454,3.865588035791419,KCNE1;KCNJ3,Basal,Suppressed
GO_Biological_Process_2023,Response To Insulin (GO:0032868),13/79,0.2333615711697973,0.99999620015268,0,0,1.3035401819340633,1.896867639984275,TRARG1;XBP1;CITED1;IRS1;PDE3B;SLC2A4;PIK3R1;SORBS1;FOXO1;LEP;PPARG;PCK1;GPLD1,Basal,Suppressed
GO_Biological_Process_2023,Calcium-Independent Cell-Cell Adhesion Via Plasma Membrane Cell-Adhesion Molecules (GO:0016338),4/19,0.2333628194792358,0.99999620015268,0,0,1.7639227642276425,2.5667913866652645,CLDN11;CLDN5;CLDN8;CLDN19,Basal,Suppressed
GO_Biological_Process_2023,Dopamine Metabolic Process (GO:0042417),4/19,0.2333628194792358,0.99999620015268,0,0,1.7639227642276425,2.5667913866652645,PRKN;MAOA;DRD1;SNCA,Basal,Suppressed
GO_Biological_Process_2023,Epithelial Structure Maintenance (GO:0010669),4/19,0.2333628194792358,0.99999620015268,0,0,1.7639227642276425,2.5667913866652645,TFF3;TFF1;LACRT;MUC6,Basal,Suppressed
GO_Biological_Process_2023,Negative Regulation Of Axon Extension Involved In Axon Guidance (GO:0048843),4/19,0.2333628194792358,0.99999620015268,0,0,1.7639227642276425,2.5667913866652645,SEMA5A;SEMA3C;SEMA6D;SEMA3G,Basal,Suppressed
GO_Biological_Process_2023,Negative Regulation Of Peptidyl-Serine Phosphorylation (GO:0033137),4/19,0.2333628194792358,0.99999620015268,0,0,1.7639227642276425,2.5667913866652645,MLXIPL;INPP5J;DMD;GPD1L,Basal,Suppressed
GO_Biological_Process_2023,Regulation Of Acute Inflammatory Response (GO:0002673),4/19,0.2333628194792358,0.99999620015268,0,0,1.7639227642276425,2.5667913866652645,IL6;C2CD4B;IL6ST;DNASE1L3,Basal,Suppressed
GO_Biological_Process_2023,Regulation Of Megakaryocyte Differentiation (GO:0045652),4/19,0.2333628194792358,0.99999620015268,0,0,1.7639227642276425,2.5667913866652645,FAXDC2;TESC;MTURN;PF4,Basal,Suppressed
GO_Biological_Process_2023,Regulation Of Tissue Remodeling (GO:0034103),4/19,0.2333628194792358,0.99999620015268,0,0,1.7639227642276425,2.5667913866652645,LEP;LEPR;THBS4;DDR2,Basal,Suppressed
GO_Biological_Process_2023,Regulation Of Vascular Endothelial Growth Factor Signaling Pathway (GO:1900746),4/19,0.2333628194792358,0.99999620015268,0,0,1.7639227642276425,2.5667913866652645,CCBE1;TNXB;SPRY2;DCN,Basal,Suppressed
GO_Biological_Process_2023,Regulation Of Transmembrane Transport (GO:0034762),6/32,0.2377351614974899,0.99999620015268,0,0,1.5266678401689844,2.193207953198982,KCNJ11;FFAR4;BCL2;KCNJ16;KCNJ3;SNCA,Basal,Suppressed
GO_Biological_Process_2023,Very Long-Chain Fatty Acid Metabolic Process (GO:0000038),6/32,0.2377351614974899,0.99999620015268,0,0,1.5266678401689844,2.193207953198982,ABCD2;ACOX2;ACSL1;ELOVL5;CYP4F12;SLC27A2,Basal,Suppressed
GO_Biological_Process_2023,Fatty Acid Oxidation (GO:0019395),9/52,0.2381523492636802,0.99999620015268,0,0,1.3848797250859106,1.987087315874808,ADH4;ABCD2;ACSM1;ADIPOQ;ALOX15;ADH7;ACADS;SLC27A2;HAO2,Basal,Suppressed
GO_Biological_Process_2023,Catecholamine Metabolic Process (GO:0006584),3/13,0.238756059659037,0.99999620015268,0,0,1.9842285714285717,2.842036217448432,PNMT;PRKN;DRD1,Basal,Suppressed
GO_Biological_Process_2023,Embryonic Hemopoiesis (GO:0035162),3/13,0.238756059659037,0.99999620015268,0,0,1.9842285714285717,2.842036217448432,TAL1;KIT;TGFBR2,Basal,Suppressed
GO_Biological_Process_2023,Eye Photoreceptor Cell Development (GO:0042462),3/13,0.238756059659037,0.99999620015268,0,0,1.9842285714285717,2.842036217448432,CRB2;RP1;RORB,Basal,Suppressed
GO_Biological_Process_2023,Intracellular Potassium Ion Homeostasis (GO:0030007),3/13,0.238756059659037,0.99999620015268,0,0,1.9842285714285717,2.842036217448432,KCNMA1;ATP1A4;ATP1A2,Basal,Suppressed
GO_Biological_Process_2023,Membrane Depolarization During Action Potential (GO:0086010),3/13,0.238756059659037,0.99999620015268,0,0,1.9842285714285717,2.842036217448432,SCN3B;SCN4B;SCN2B,Basal,Suppressed
GO_Biological_Process_2023,Monoacylglycerol Metabolic Process (GO:0046462),3/13,0.238756059659037,0.99999620015268,0,0,1.9842285714285717,2.842036217448432,DGAT2;DGAT2L6;MGLL,Basal,Suppressed
GO_Biological_Process_2023,Negative Regulation Of Cell Migration Involved In Sprouting Angiogenesis (GO:0090051),3/13,0.238756059659037,0.99999620015268,0,0,1.9842285714285717,2.842036217448432,MMRN2;KLF4;MEOX2,Basal,Suppressed
GO_Biological_Process_2023,Negative Regulation Of Lyase Activity (GO:0051350),3/13,0.238756059659037,0.99999620015268,0,0,1.9842285714285717,2.842036217448432,RD3;EDNRB;PALM,Basal,Suppressed
GO_Biological_Process_2023,Negative Regulation Of Secretion (GO:0051048),3/13,0.238756059659037,0.99999620015268,0,0,1.9842285714285717,2.842036217448432,EGF;PTGER3;SPX,Basal,Suppressed
GO_Biological_Process_2023,Positive Regulation Of Cardiac Muscle Cell Proliferation (GO:0060045),3/13,0.238756059659037,0.99999620015268,0,0,1.9842285714285717,2.842036217448432,TGFBR3;ERBB4;FGF2,Basal,Suppressed
GO_Biological_Process_2023,Positive Regulation Of Fatty Acid Biosynthetic Process (GO:0045723),3/13,0.238756059659037,0.99999620015268,0,0,1.9842285714285717,2.842036217448432,MLXIPL;ABCD2;ELOVL5,Basal,Suppressed
GO_Biological_Process_2023,Positive Regulation Of Glycogen Biosynthetic Process (GO:0045725),3/13,0.238756059659037,0.99999620015268,0,0,1.9842285714285717,2.842036217448432,IRS1;IGF1;SORBS1,Basal,Suppressed
GO_Biological_Process_2023,Positive Regulation Of Glycoprotein Biosynthetic Process (GO:0010560),3/13,0.238756059659037,0.99999620015268,0,0,1.9842285714285717,2.842036217448432,IL33;CCL21;IGF1,Basal,Suppressed
GO_Biological_Process_2023,Potassium Ion Export Across Plasma Membrane (GO:0097623),3/13,0.238756059659037,0.99999620015268,0,0,1.9842285714285717,2.842036217448432,KCNE1;KCND3;KCNIP2,Basal,Suppressed
GO_Biological_Process_2023,Regulation Of Fatty Acid Beta-Oxidation (GO:0031998),3/13,0.238756059659037,0.99999620015268,0,0,1.9842285714285717,2.842036217448432,ABCD2;IRS1;PLIN5,Basal,Suppressed
GO_Biological_Process_2023,Positive Regulation Of Lipid Biosynthetic Process (GO:0046889),7/39,0.2462809481439779,0.99999620015268,0,0,1.4472052651659673,2.027943164635382,MLXIPL;ELOVL5;HSD17B13;SORBS1;PCK1;GPLD1;PLIN5,Basal,Suppressed
GO_Biological_Process_2023,Regulation Of Nitric Oxide Biosynthetic Process (GO:0045428),7/39,0.2462809481439779,0.99999620015268,0,0,1.4472052651659673,2.027943164635382,CX3CR1;CAV1;HBB;CD36;AGTR2;KLF4;KLF2,Basal,Suppressed
GO_Biological_Process_2023,Sterol Homeostasis (GO:0055092),12/73,0.2463427766261104,0.99999620015268,0,0,1.3017747029628517,1.823827120037162,LIMA1;XBP1;DGAT2;CAV3;NPC1L1;ACSM1;AKR1C1;CAV1;ABCB11;APOB;CES1;GPIHBP1,Basal,Suppressed
GO_Biological_Process_2023,Positive Regulation Of ERK1 And ERK2 Cascade (GO:0070374),27/179,0.2491420983616531,0.99999620015268,0,0,1.176015297759971,1.6343459378931064,CCL14;ALOX15;ARRB1;FGF1;FGF2;CALCR;BMPER;ERBB4;PDGFD;GPER1;FFAR4;CD36;CCL16;FGB;FGA;NTRK2;CCL23;CCL21;FGG;IGF1;MTURN;ACKR3;SPRY2;TEK;FERMT2;FGF10;DDR2,Basal,Suppressed
GO_Biological_Process_2023,Regulation Of Potassium Ion Transmembrane Transporter Activity (GO:1901016),5/26,0.2504906597778962,0.99999620015268,0,0,1.5749868380444056,2.180307271074372,KCNE1;CAV3;FHL1;CASQ2;ANK2,Basal,Suppressed
GO_Biological_Process_2023,Regulation Of Reactive Oxygen Species Biosynthetic Process (GO:1903426),5/26,0.2504906597778962,0.99999620015268,0,0,1.5749868380444056,2.180307271074372,ABCD2;UCP1;CD36;SLC18A2;SNCA,Basal,Suppressed
GO_Biological_Process_2023,Cell-Cell Adhesion Via Plasma-Membrane Adhesion Molecules (GO:0098742),26/172,0.2505636392771075,0.99999620015268,0,0,1.17895612437219,1.6317251951515466,PTPRT;CRB2;ROBO4;TENM2;AMIGO2;UMOD;MYPN;CDH5;HMCN2;CDH23;CADM3;CADM2;TGFBR2;SELP;CLDN11;CLDN5;MAG;LRFN5;CLDN8;CEACAM5;CLDN19;PECAM1;CDH13;FAT4;DSCAML1;CBLN1,Basal,Suppressed
GO_Biological_Process_2023,Negative Regulation Of Peptidase Activity (GO:0010466),10/60,0.258709730324162,0.99999620015268,0,0,1.3233002291825822,1.7891661932813996,SERPINA11;CRB2;LRP1;SERPIND1;SPOCK3;TIMP3;SERPINA6;SERPINA4;TIMP4;SERPINA5,Basal,Suppressed
GO_Biological_Process_2023,Epithelial Tube Morphogenesis (GO:0060562),6/33,0.2608518670822886,0.99999620015268,0,0,1.4700398338842275,1.975443338901884,BMP4;SOX17;GATA3;SLIT2;RHOB;FGF10,Basal,Suppressed
GO_Biological_Process_2023,Positive Regulation Of Nitrogen Compound Metabolic Process (GO:0051173),6/33,0.2608518670822886,0.99999620015268,0,0,1.4700398338842275,1.975443338901884,SLCO1C1;EGF;AGTR1;GATA3;KLF4;KLF2,Basal,Suppressed
GO_Biological_Process_2023,Positive Regulation Of Small Molecule Metabolic Process (GO:0062013),6/33,0.2608518670822886,0.99999620015268,0,0,1.4700398338842275,1.975443338901884,MLXIPL;IRS1;IGF1;SLC4A4;GPLD1;CES1,Basal,Suppressed
GO_Biological_Process_2023,Regulation Of Potassium Ion Transmembrane Transport (GO:1901379),6/33,0.2608518670822886,0.99999620015268,0,0,1.4700398338842275,1.975443338901884,KCNE1;DPP6;CAV3;KCNIP2;CAV1;FHL1,Basal,Suppressed
GO_Biological_Process_2023,Cellular Response To Estradiol Stimulus (GO:0071392),4/20,0.2636986578494635,0.99999620015268,0,0,1.6535823170731707,2.20413969764751,CRHBP;GPER1;SSTR1;ESR1,Basal,Suppressed
GO_Biological_Process_2023,Monocarboxylic Acid Catabolic Process (GO:0072329),4/20,0.2636986578494635,0.99999620015268,0,0,1.6535823170731707,2.20413969764751,CYP26A1;LDHD;HOGA1;AGXT,Basal,Suppressed
GO_Biological_Process_2023,Negative Regulation Of Small GTPase Mediated Signal Transduction (GO:0051058),4/20,0.2636986578494635,0.99999620015268,0,0,1.6535823170731707,2.20413969764751,SPRY2;SPRY1;SLIT2;FBP1,Basal,Suppressed
GO_Biological_Process_2023,Positive Regulation Of Lipid Catabolic Process (GO:0050996),4/20,0.2636986578494635,0.99999620015268,0,0,1.6535823170731707,2.20413969764751,ABCD2;IRS1;PLIN5;PNPLA2,Basal,Suppressed
GO_Biological_Process_2023,Positive Regulation Of Phospholipase Activity (GO:0010518),4/20,0.2636986578494635,0.99999620015268,0,0,1.6535823170731707,2.20413969764751,KIT;AGTR1;ESR1;FGF2,Basal,Suppressed
GO_Biological_Process_2023,Positive Regulation Of Protein Processing (GO:0010954),4/20,0.2636986578494635,0.99999620015268,0,0,1.6535823170731707,2.20413969764751,CCBE1;CLEC3B;GSN;ANGPTL8,Basal,Suppressed
GO_Biological_Process_2023,Sensory Perception Of Pain (GO:0019233),4/20,0.2636986578494635,0.99999620015268,0,0,1.6535823170731707,2.20413969764751,MME;MRGPRX2;KCNA2;SCN9A,Basal,Suppressed
GO_Biological_Process_2023,Bicellular Tight Junction Assembly (GO:0070830),8/47,0.2716416681482384,0.99999620015268,0,0,1.357056175376786,1.7686126070454358,CLDN11;CDH5;CLDN5;RAMP2;CLDN8;FRMPD2;CLDN19;PECAM1,Basal,Suppressed
GO_Biological_Process_2023,Response To Lipid (GO:0033993),17/110,0.2736689854442398,0.99999620015268,0,0,1.20970006959802,1.567572881525256,FOXA1;CITED1;GPX3;WNT9B;ESR1;FOXO1;SOCS2;ACER2;SELP;SCD;ALDH1A2;PPARG;CD36;CSN1S1;FFAR1;RXRG;SNCA,Basal,Suppressed
GO_Biological_Process_2023,L-glutamate Transmembrane Transport (GO:0015813),3/14,0.2763400974839218,0.99999620015268,0,0,1.80374025974026,2.3198317160873887,SLC25A18;SLC17A7;SLC1A7,Basal,Suppressed
GO_Biological_Process_2023,Icosanoid Transport (GO:0071715),3/14,0.2763400974839218,0.99999620015268,0,0,1.80374025974026,2.3198317160873887,ABCC6;ABCC11;SLC22A11,Basal,Suppressed
GO_Biological_Process_2023,Mitochondrion Transport Along Microtubule (GO:0047497),3/14,0.2763400974839218,0.99999620015268,0,0,1.80374025974026,2.3198317160873887,MAPT;MGARP;SYBU,Basal,Suppressed
GO_Biological_Process_2023,Negative Regulation Of Receptor Signaling Pathway Via STAT (GO:1904893),3/14,0.2763400974839218,0.99999620015268,0,0,1.80374025974026,2.3198317160873887,PTPRT;CAV1;PPARG,Basal,Suppressed
GO_Biological_Process_2023,Negative Regulation Of Smooth Muscle Cell Migration (GO:0014912),3/14,0.2763400974839218,0.99999620015268,0,0,1.80374025974026,2.3198317160873887,BMP4;LRP1;SLIT2,Basal,Suppressed
GO_Biological_Process_2023,Positive Regulation Of Glycogen Metabolic Process (GO:0070875),3/14,0.2763400974839218,0.99999620015268,0,0,1.80374025974026,2.3198317160873887,IRS1;IGF1;SORBS1,Basal,Suppressed
GO_Biological_Process_2023,Positive Regulation Of Heterotypic Cell-Cell Adhesion (GO:0034116),3/14,0.2763400974839218,0.99999620015268,0,0,1.80374025974026,2.3198317160873887,FGB;FGA;FGG,Basal,Suppressed
GO_Biological_Process_2023,Positive Regulation Of Membrane Protein Ectodomain Proteolysis (GO:0051044),3/14,0.2763400974839218,0.99999620015268,0,0,1.80374025974026,2.3198317160873887,ADRA2A;GPLD1;SH3D19,Basal,Suppressed
GO_Biological_Process_2023,Protein Homotrimerization (GO:0070207),3/14,0.2763400974839218,0.99999620015268,0,0,1.80374025974026,2.3198317160873887,STEAP4;SCARA5;ITLN1,Basal,Suppressed
GO_Biological_Process_2023,Protein Trimerization (GO:0070206),3/14,0.2763400974839218,0.99999620015268,0,0,1.80374025974026,2.3198317160873887,STEAP4;SCARA5;ITLN1,Basal,Suppressed
GO_Biological_Process_2023,Regulation Of Bone Remodeling (GO:0046850),3/14,0.2763400974839218,0.99999620015268,0,0,1.80374025974026,2.3198317160873887,LEP;LEPR;S1PR1,Basal,Suppressed
GO_Biological_Process_2023,Regulation Of Cholesterol Storage (GO:0010885),3/14,0.2763400974839218,0.99999620015268,0,0,1.80374025974026,2.3198317160873887,PPARG;APOB;CES1,Basal,Suppressed
GO_Biological_Process_2023,Regulation Of Extracellular Matrix Disassembly (GO:0010715),3/14,0.2763400974839218,0.99999620015268,0,0,1.80374025974026,2.3198317160873887,IL6;LRP1;DDR2,Basal,Suppressed
GO_Biological_Process_2023,Regulation Of Integrin Activation (GO:0033623),3/14,0.2763400974839218,0.99999620015268,0,0,1.80374025974026,2.3198317160873887,SELP;FERMT2;JAM3,Basal,Suppressed
GO_Biological_Process_2023,Renal Water Homeostasis (GO:0003091),3/14,0.2763400974839218,0.99999620015268,0,0,1.80374025974026,2.3198317160873887,CYP4A11;CYP4F12;AQP1,Basal,Suppressed
GO_Biological_Process_2023,Response To Muscle Stretch (GO:0035994),3/14,0.2763400974839218,0.99999620015268,0,0,1.80374025974026,2.3198317160873887,GSN;CAV3;DMD,Basal,Suppressed
GO_Biological_Process_2023,Smooth Muscle Contraction (GO:0006939),3/14,0.2763400974839218,0.99999620015268,0,0,1.80374025974026,2.3198317160873887,MYH11;NMUR1;MYLK,Basal,Suppressed
GO_Biological_Process_2023,"Synaptic Transmission, GABAergic (GO:0051932)",3/14,0.2763400974839218,0.99999620015268,0,0,1.80374025974026,2.3198317160873887,GABRA2;GABRA4;GABRG1,Basal,Suppressed
GO_Biological_Process_2023,Cell Surface Receptor Signaling Pathway Involved In Cell-Cell Signaling (GO:1905114),5/27,0.2769054873470448,0.99999620015268,0,0,1.503309881121547,1.9303686968417653,BMP4;FZD4;CPE;FERMT2;WLS,Basal,Suppressed
GO_Biological_Process_2023,Positive Regulation Of Nitric Oxide Biosynthetic Process (GO:0045429),5/27,0.2769054873470448,0.99999620015268,0,0,1.503309881121547,1.9303686968417653,HBB;CD36;AGTR2;KLF4;KLF2,Basal,Suppressed
GO_Biological_Process_2023,Regulation Of Catecholamine Secretion (GO:0050433),5/27,0.2769054873470448,0.99999620015268,0,0,1.503309881121547,1.9303686968417653,PRKN;KCNA2;FFAR3;SYT9;SNCA,Basal,Suppressed
GO_Biological_Process_2023,Respiratory Tube Development (GO:0030323),5/27,0.2769054873470448,0.99999620015268,0,0,1.503309881121547,1.9303686968417653,BMP4;CEBPA;DNAAF1;TCF21;PCSK5,Basal,Suppressed
GO_Biological_Process_2023,Regulation Of Fat Cell Differentiation (GO:0045598),12/75,0.2770432787172198,0.99999620015268,0,0,1.2603028979175768,1.617701539796614,ZFP36;XBP1;IL6;GPER1;ZBTB16;LEP;ADIPOQ;PPARG;FOXO1;FERMT2;MEDAG;RUNX1T1,Basal,Suppressed
GO_Biological_Process_2023,N-acylphosphatidylethanolamine Metabolic Process (GO:0070292),2/8,0.2838582654791245,0.99999620015268,0,0,2.204366590505205,2.775915268439876,PLAAT3;PLAAT5,Basal,Suppressed
GO_Biological_Process_2023,Schwann Cell Development (GO:0014044),2/8,0.2838582654791245,0.99999620015268,0,0,2.204366590505205,2.775915268439876,MYOC;LGI4,Basal,Suppressed
GO_Biological_Process_2023,Apoptotic DNA Fragmentation (GO:0006309),2/8,0.2838582654791245,0.99999620015268,0,0,2.204366590505205,2.775915268439876,DNASE2B;DNASE1L3,Basal,Suppressed
GO_Biological_Process_2023,Collagen-Activated Signaling Pathway (GO:0038065),2/8,0.2838582654791245,0.99999620015268,0,0,2.204366590505205,2.775915268439876,COL4A6;DDR2,Basal,Suppressed
GO_Biological_Process_2023,Detection Of Mechanical Stimulus Involved In Sensory Perception Of Sound (GO:0050910),2/8,0.2838582654791245,0.99999620015268,0,0,2.204366590505205,2.775915268439876,KIT;TMC2,Basal,Suppressed
GO_Biological_Process_2023,Endothelial Cell Chemotaxis (GO:0035767),2/8,0.2838582654791245,0.99999620015268,0,0,2.204366590505205,2.775915268439876,NR4A1;EGR3,Basal,Suppressed
GO_Biological_Process_2023,Fat-Soluble Vitamin Catabolic Process (GO:0042363),2/8,0.2838582654791245,0.99999620015268,0,0,2.204366590505205,2.775915268439876,CYP26A1;CYP3A4,Basal,Suppressed
GO_Biological_Process_2023,Glucan Metabolic Process (GO:0044042),2/8,0.2838582654791245,0.99999620015268,0,0,2.204366590505205,2.775915268439876,PPP1R3C;PYGM,Basal,Suppressed
GO_Biological_Process_2023,Glycerol Transmembrane Transport (GO:0015793),2/8,0.2838582654791245,0.99999620015268,0,0,2.204366590505205,2.775915268439876,AQP7;AQP7P3,Basal,Suppressed
GO_Biological_Process_2023,Integrin Activation (GO:0033622),2/8,0.2838582654791245,0.99999620015268,0,0,2.204366590505205,2.775915268439876,CXCL12;FERMT2,Basal,Suppressed
GO_Biological_Process_2023,Leptin-Mediated Signaling Pathway (GO:0033210),2/8,0.2838582654791245,0.99999620015268,0,0,2.204366590505205,2.775915268439876,LEP;LEPR,Basal,Suppressed
GO_Biological_Process_2023,Maintenance Of Apical/Basal Cell Polarity (GO:0035090),2/8,0.2838582654791245,0.99999620015268,0,0,2.204366590505205,2.775915268439876,CRB2;LIN7A,Basal,Suppressed
GO_Biological_Process_2023,Maintenance Of Epithelial Cell Apical/Basal Polarity (GO:0045199),2/8,0.2838582654791245,0.99999620015268,0,0,2.204366590505205,2.775915268439876,CRB2;LIN7A,Basal,Suppressed
GO_Biological_Process_2023,Negative Regulation Of Cholesterol Storage (GO:0010887),2/8,0.2838582654791245,0.99999620015268,0,0,2.204366590505205,2.775915268439876,PPARG;CES1,Basal,Suppressed
GO_Biological_Process_2023,Negative Regulation Of Systemic Arterial Blood Pressure (GO:0003085),2/8,0.2838582654791245,0.99999620015268,0,0,2.204366590505205,2.775915268439876,ADRB3;ADRB2,Basal,Suppressed
GO_Biological_Process_2023,Neuronal Action Potential (GO:0019228),2/8,0.2838582654791245,0.99999620015268,0,0,2.204366590505205,2.775915268439876,GPER1;KCNA2,Basal,Suppressed
GO_Biological_Process_2023,Neuronal Ion Channel Clustering (GO:0045161),2/8,0.2838582654791245,0.99999620015268,0,0,2.204366590505205,2.775915268439876,MYOC;KCNIP2,Basal,Suppressed
GO_Biological_Process_2023,Neurotransmitter Reuptake (GO:0098810),2/8,0.2838582654791245,0.99999620015268,0,0,2.204366590505205,2.775915268439876,SLC22A3;SLC18A2,Basal,Suppressed
GO_Biological_Process_2023,Peripheral Nervous System Axon Ensheathment (GO:0032292),2/8,0.2838582654791245,0.99999620015268,0,0,2.204366590505205,2.775915268439876,MYOC;LGI4,Basal,Suppressed
GO_Biological_Process_2023,Positive Regulation Of Blood Pressure (GO:0045777),2/8,0.2838582654791245,0.99999620015268,0,0,2.204366590505205,2.775915268439876,SPX;CARTPT,Basal,Suppressed
GO_Biological_Process_2023,Positive Regulation Of Dendritic Spine Morphogenesis (GO:0061003),2/8,0.2838582654791245,0.99999620015268,0,0,2.204366590505205,2.775915268439876,CUX2;RELN,Basal,Suppressed
GO_Biological_Process_2023,Positive Regulation Of Epithelial Cell Proliferation Involved In Wound Healing (GO:0060054),2/8,0.2838582654791245,0.99999620015268,0,0,2.204366590505205,2.775915268439876,LACRT;FGF10,Basal,Suppressed
GO_Biological_Process_2023,Positive Regulation Of Megakaryocyte Differentiation (GO:0045654),2/8,0.2838582654791245,0.99999620015268,0,0,2.204366590505205,2.775915268439876,TESC;MTURN,Basal,Suppressed
GO_Biological_Process_2023,Positive Regulation Of Respiratory Burst (GO:0060267),2/8,0.2838582654791245,0.99999620015268,0,0,2.204366590505205,2.775915268439876,IGHA2;JCHAIN,Basal,Suppressed
GO_Biological_Process_2023,Positive Regulation Of Sequestering Of Triglyceride (GO:0010890),2/8,0.2838582654791245,0.99999620015268,0,0,2.204366590505205,2.775915268439876,CIDEA;PLIN5,Basal,Suppressed
GO_Biological_Process_2023,Protein K29-linked Ubiquitination (GO:0035519),2/8,0.2838582654791245,0.99999620015268,0,0,2.204366590505205,2.775915268439876,PRKN;RNF186,Basal,Suppressed
GO_Biological_Process_2023,Regulation Of Macrophage Migration (GO:1905521),2/8,0.2838582654791245,0.99999620015268,0,0,2.204366590505205,2.775915268439876,CX3CR1;P2RY12,Basal,Suppressed
GO_Biological_Process_2023,Regulation Of Morphogenesis Of An Epithelium (GO:1905330),2/8,0.2838582654791245,0.99999620015268,0,0,2.204366590505205,2.775915268439876,MMRN2;FGF1,Basal,Suppressed
GO_Biological_Process_2023,Regulation Of Tumor Necrosis Factor Superfamily Cytokine Production (GO:1903555),2/8,0.2838582654791245,0.99999620015268,0,0,2.204366590505205,2.775915268439876,CX3CR1;ZFP36,Basal,Suppressed
GO_Biological_Process_2023,Response To Magnesium Ion (GO:0032026),2/8,0.2838582654791245,0.99999620015268,0,0,2.204366590505205,2.775915268439876,FBP1;SNCA,Basal,Suppressed
GO_Biological_Process_2023,Serotonin Uptake (GO:0051610),2/8,0.2838582654791245,0.99999620015268,0,0,2.204366590505205,2.775915268439876,SLC22A3;SLC18A2,Basal,Suppressed
GO_Biological_Process_2023,Vascular Associated Smooth Muscle Cell Differentiation (GO:0035886),2/8,0.2838582654791245,0.99999620015268,0,0,2.204366590505205,2.775915268439876,MYOCD;RAMP2,Basal,Suppressed
GO_Biological_Process_2023,Cellular Response To Amyloid-Beta (GO:1904646),6/34,0.2845188754053112,0.99999620015268,0,0,1.417456685191239,1.7816802340543612,NGFR;LRP1;CACNA2D1;ADRB2;CD36;IGF1,Basal,Suppressed
GO_Biological_Process_2023,Regulation Of Metal Ion Transport (GO:0010959),6/34,0.2845188754053112,0.99999620015268,0,0,1.417456685191239,1.7816802340543612,PER1;PLN;CACNA2D1;BCL2;KCNA5;F3,Basal,Suppressed
GO_Biological_Process_2023,Positive Regulation Of Multicellular Organismal Process (GO:0051240),55/387,0.2854686794397827,0.99999620015268,0,0,1.097120702007408,1.375375702084651,OXTR;IL20;GRPR;FGF2;GHR;ACADL;LEPR;FFAR4;CD36;SOX5;FGB;FGA;ACSL1;ADIPOQ;AVPR2;FGG;EBF2;AVPR1A;ADRA2A;TGFBR2;ADRB3;MMRN2;CRH;PPARG;PLA2R1;CRB2;TNXB;GRP;LRP1;EPAS1;NPR1;UCP1;ADRB1;PTN;ADRB2;HCAR2;PRDM16;NLRP5;LURAP1;IL33;XBP1;EGF;ZBTB16;CAV1;G0S2;PER2;BMP4;IL6;FABP4;SCD;LEP;GHRH;SAA1;VIP;FERMT2,Basal,Suppressed
GO_Biological_Process_2023,Acylglycerol Metabolic Process (GO:0006639),7/41,0.2890208015100889,0.99999620015268,0,0,1.3619184415467829,1.6904902759085023,DGAT2;CAV3;CAV1;PLAAT3;DGAT2L6;MGLL;PNPLA2,Basal,Suppressed
GO_Biological_Process_2023,Lymphocyte Migration (GO:0072676),7/41,0.2890208015100889,0.99999620015268,0,0,1.3619184415467829,1.6904902759085023,CCL14;CCL23;CCL21;S1PR1;SAA1;GATA3;CCL16,Basal,Suppressed
GO_Biological_Process_2023,Regulation Of Chemokine Production (GO:0032642),7/41,0.2890208015100889,0.99999620015268,0,0,1.3619184415467829,1.6904902759085023,EGR1;IL33;IL6;TSLP;FFAR3;ALOX15B;ELANE,Basal,Suppressed
GO_Biological_Process_2023,Chloride Transmembrane Transport (GO:1902476),8/48,0.2916179373915337,0.99999620015268,0,0,1.3230534351145038,1.6304129934755944,GABRA2;SLC4A8;GLRA3;GABRA4;SLC4A1;SLC1A7;ANO3;GABRG1,Basal,Suppressed
GO_Biological_Process_2023,Cellular Response To Fibroblast Growth Factor Stimulus (GO:0044344),9/55,0.2929706957346944,0.99999620015268,0,0,1.2943373673987748,1.5890355803598213,KL;FGF16;NR4A1;ZFP36;EGR3;NDNF;FGF1;FGF2;TDGF1,Basal,Suppressed
GO_Biological_Process_2023,Response To Peptide Hormone (GO:0043434),9/55,0.2929706957346944,0.99999620015268,0,0,1.2943373673987748,1.5890355803598213,TGFBR3;XBP1;CITED1;IRS1;GPER1;CAV1;LEP;PRLH;PCK1,Basal,Suppressed
GO_Biological_Process_2023,Negative Regulation Of Reactive Oxygen Species Metabolic Process (GO:2000378),4/21,0.2947007685346444,0.99999620015268,0,0,1.5562230989956958,1.9013852610278557,PRKN;ABCD2;SLC18A2;PLIN5,Basal,Suppressed
GO_Biological_Process_2023,Regulation Of Anoikis (GO:2000209),4/21,0.2947007685346444,0.99999620015268,0,0,1.5562230989956958,1.9013852610278557,CAV1;CEACAM5;BCL2;PDK4,Basal,Suppressed
GO_Biological_Process_2023,Positive Regulation Of Angiogenesis (GO:0045766),18/119,0.297547808345603,0.99999620015268,0,0,1.179310344827586,1.4295368461117788,SEMA5A;ANGPT4;XBP1;RAMP2;HSPB6;PSG1;VEGFD;FGF1;KLF4;FGF2;AQP1;RHOB;CDH5;BMPER;TNN;TEK;CD34;RAPGEF3,Basal,Suppressed
GO_Biological_Process_2023,Cell-Substrate Junction Assembly (GO:0007044),5/28,0.3038419095054605,0.99999620015268,0,0,1.4378657030615458,1.7128542797815414,COL17A1;DST;SORBS1;THSD1;FERMT2,Basal,Suppressed
GO_Biological_Process_2023,Negative Regulation Of Actin Filament Bundle Assembly (GO:0032232),5/28,0.3038419095054605,0.99999620015268,0,0,1.4378657030615458,1.7128542797815414,PRKN;TMEFF2;MYOC;PIK3R1;ARHGAP6,Basal,Suppressed
GO_Biological_Process_2023,Negative Regulation Of Wound Healing (GO:0061045),5/28,0.3038419095054605,0.99999620015268,0,0,1.4378657030615458,1.7128542797815414,THBD;MMRN1;CLDN19;TFPI;FGF2,Basal,Suppressed
GO_Biological_Process_2023,Positive Regulation Of Nitric Oxide Metabolic Process (GO:1904407),5/28,0.3038419095054605,0.99999620015268,0,0,1.4378657030615458,1.7128542797815414,HBB;CD36;AGTR2;KLF4;KLF2,Basal,Suppressed
GO_Biological_Process_2023,Regulation Of Protein Localization To Membrane (GO:1905475),5/28,0.3038419095054605,0.99999620015268,0,0,1.4378657030615458,1.7128542797815414,PRKN;GSN;GPC3;PDZK1;SPTBN1,Basal,Suppressed
GO_Biological_Process_2023,Liver Development (GO:0001889),6/35,0.3086225082510721,0.99999620015268,0,0,1.3684999605460428,1.6088583739410556,TGFBR3;CEBPA;XBP1;IL6;DNAAF1;PCK1,Basal,Suppressed
GO_Biological_Process_2023,Positive Regulation Of Substrate Adhesion-Dependent Cell Spreading (GO:1900026),6/35,0.3086225082510721,0.99999620015268,0,0,1.3684999605460428,1.6088583739410556,FGB;FGA;MYOC;FGG;FERMT2;LIMS2,Basal,Suppressed
GO_Biological_Process_2023,Skeletal Muscle Organ Development (GO:0060538),6/35,0.3086225082510721,0.99999620015268,0,0,1.3684999605460428,1.6088583739410556,DES;MYMX;CAV1;TCF21;DMD;MYOZ2,Basal,Suppressed
GO_Biological_Process_2023,Neutrophil Migration (GO:1990266),12/77,0.3088603993354263,0.99999620015268,0,0,1.2213832039520114,1.434961460367642,CCL14;CCL23;EDN3;CXCR1;CCL21;PECAM1;GP2;SAA1;UMOD;CXCL2;CCL16;PF4,Basal,Suppressed
GO_Biological_Process_2023,Cardiac Ventricle Morphogenesis (GO:0003208),7/42,0.3110032324402823,0.99999620015268,0,0,1.32293017932087,1.5451189132884209,BMP4;TGFBR3;NPY2R;MYL3;CPE;GATA3;TGFBR2,Basal,Suppressed
GO_Biological_Process_2023,Lysosome Localization (GO:0032418),7/42,0.3110032324402823,0.99999620015268,0,0,1.32293017932087,1.5451189132884209,CHGA;NR4A3;GRP;MRGPRX2;KIT;FCER1A;SYTL4,Basal,Suppressed
GO_Biological_Process_2023,Monocyte Chemotaxis (GO:0002548),7/42,0.3110032324402823,0.99999620015268,0,0,1.32293017932087,1.5451189132884209,CCL14;CCL23;IL6;CCL21;CTSG;FOLR2;CCL16,Basal,Suppressed
GO_Biological_Process_2023,Organic Hydroxy Compound Biosynthetic Process (GO:1901617),7/42,0.3110032324402823,0.99999620015268,0,0,1.32293017932087,1.5451189132884209,PER2;ACOX2;FAXDC2;AKR1D1;ALOX15;ALOX15B;SLC27A2,Basal,Suppressed
GO_Biological_Process_2023,Cellular Response To Peptide (GO:1901653),9/56,0.3119311567211023,0.99999620015268,0,0,1.2667251590261022,1.4757003136084614,NGFR;XBP1;LRP1;GPER1;CACNA2D1;CAV1;CD36;ADRB2;IGF1,Basal,Suppressed
GO_Biological_Process_2023,Positive Regulation Of MAPK Cascade (GO:0043410),44/310,0.3140932168267596,0.99999620015268,0,0,1.0950324728229242,1.2681192933948746,CCL14;ALOX15;ARRB1;ADRB2;FGF1;FGF2;GHR;CALCR;BMPER;ERBB4;PDGFD;GPER1;FFAR4;CD36;IGFBP6;ELANE;CCL16;FGB;FGA;NTRK2;CCL23;EDN3;CCL21;CAV2;EGF;FGG;IGF1;CARTPT;MTURN;ADRA2A;BMP4;IL6;ADRB3;LEP;GFRAL;KIT;NEK10;ACKR3;SPRY2;TEK;TDGF1;FERMT2;DDR2;FGF10,Basal,Suppressed
GO_Biological_Process_2023,L-glutamate Import (GO:0051938),3/15,0.3144290566900388,0.99999620015268,0,0,1.653333333333333,1.9129013812905435,SLC25A18;SLC17A7;SLC1A7,Basal,Suppressed
GO_Biological_Process_2023,Cellular Response To Corticosteroid Stimulus (GO:0071384),3/15,0.3144290566900388,0.99999620015268,0,0,1.653333333333333,1.9129013812905435,ZFP36;GPER1;NR3C1,Basal,Suppressed
GO_Biological_Process_2023,Cellular Response To Estrogen Stimulus (GO:0071391),3/15,0.3144290566900388,0.99999620015268,0,0,1.653333333333333,1.9129013812905435,CRHBP;ESR1;ESR2,Basal,Suppressed
GO_Biological_Process_2023,Digestive Tract Morphogenesis (GO:0048546),3/15,0.3144290566900388,0.99999620015268,0,0,1.653333333333333,1.9129013812905435,PERCC1;SOX17;TCF21,Basal,Suppressed
GO_Biological_Process_2023,Gas Transport (GO:0015669),3/15,0.3144290566900388,0.99999620015268,0,0,1.653333333333333,1.9129013812905435,HBB;RHAG;HBA1,Basal,Suppressed
GO_Biological_Process_2023,Membrane Repolarization During Action Potential (GO:0086011),3/15,0.3144290566900388,0.99999620015268,0,0,1.653333333333333,1.9129013812905435,KCNE1;KCND3;KCNIP2,Basal,Suppressed
GO_Biological_Process_2023,Negative Regulation Of Synaptic Transmission (GO:0050805),3/15,0.3144290566900388,0.99999620015268,0,0,1.653333333333333,1.9129013812905435,ADIPOQ;GRIK3;HCN1,Basal,Suppressed
GO_Biological_Process_2023,Platelet-Derived Growth Factor Receptor Signaling Pathway (GO:0048008),3/15,0.3144290566900388,0.99999620015268,0,0,1.653333333333333,1.9129013812905435,NR4A3;PDGFD;PLAT,Basal,Suppressed
GO_Biological_Process_2023,Positive Regulation Of Glucose Metabolic Process (GO:0010907),3/15,0.3144290566900388,0.99999620015268,0,0,1.653333333333333,1.9129013812905435,IRS1;FOXO1;GPLD1,Basal,Suppressed
GO_Biological_Process_2023,Positive Regulation Of Syncytium Formation By Plasma Membrane Fusion (GO:0060143),3/15,0.3144290566900388,0.99999620015268,0,0,1.653333333333333,1.9129013812905435,EHD2;SCGB3A1;RAPGEF3,Basal,Suppressed
GO_Biological_Process_2023,Retrograde Axonal Transport (GO:0008090),3/15,0.3144290566900388,0.99999620015268,0,0,1.653333333333333,1.9129013812905435,DLG2;DST;MGARP,Basal,Suppressed
GO_Biological_Process_2023,Acylglycerol Biosynthetic Process (GO:0046463),4/22,0.326119521509625,0.99999620015268,0,0,1.469681571815718,1.6467654655620332,DGAT2;GPAM;DGAT2L6;PNPLA2,Basal,Suppressed
GO_Biological_Process_2023,Cellular Response To Low-Density Lipoprotein Particle Stimulus (GO:0071404),4/22,0.326119521509625,0.99999620015268,0,0,1.469681571815718,1.6467654655620332,CDH13;PPARG;CD36;CES1,Basal,Suppressed
GO_Biological_Process_2023,Negative Regulation Of Cell Development (GO:0010721),4/22,0.326119521509625,0.99999620015268,0,0,1.469681571815718,1.6467654655620332,IL6;CAV3;IGF1;PTHLH,Basal,Suppressed
GO_Biological_Process_2023,Negative Regulation Of Myeloid Cell Differentiation (GO:0045638),4/22,0.326119521509625,0.99999620015268,0,0,1.469681571815718,1.6467654655620332,ZFP36;ZBTB16;HOXA5;PF4,Basal,Suppressed
GO_Biological_Process_2023,Regulation Of Dopamine Secretion (GO:0014059),4/22,0.326119521509625,0.99999620015268,0,0,1.469681571815718,1.6467654655620332,PRKN;KCNA2;SYT9;SNCA,Basal,Suppressed
GO_Biological_Process_2023,Lipid Biosynthetic Process (GO:0008610),11/71,0.3273288153369201,0.99999620015268,0,0,1.2127881798497009,1.354429786353848,MLXIPL;XBP1;ACSL1;ACSM1;FASN;HSD3B1;ACSM2A;ACSM6;ACSM5;ACACB;ACSM2B,Basal,Suppressed
GO_Biological_Process_2023,Myeloid Leukocyte Differentiation (GO:0002573),11/71,0.3273288153369201,0.99999620015268,0,0,1.2127881798497009,1.354429786353848,BMP4;CEBPA;IL1RL1;IL33;CSF3;PDE1B;KIT;PPARG;GATA3;DHRS2;TGFBR2,Basal,Suppressed
GO_Biological_Process_2023,Negative Regulation Of Cellular Response To Growth Factor Stimulus (GO:0090288),11/71,0.3273288153369201,0.99999620015268,0,0,1.2127881798497009,1.354429786353848,BMPER;MMRN2;CHRD;CRIM1;SPRY2;PPARG;SPRY1;AGTR2;SLIT2;CHRDL1;FGF2,Basal,Suppressed
GO_Biological_Process_2023,Response To Metal Ion (GO:0010038),10/64,0.3293705656512714,0.99999620015268,0,0,1.2249950485244605,1.3604449838327446,FGB;FGA;SLC30A8;CAV1;FGG;KCNMA1;BCL2;CAPN3;MAPT;SNCA,Basal,Suppressed
GO_Biological_Process_2023,Regulation Of Striated Muscle Contraction (GO:0006942),5/29,0.3311404612714225,0.99999620015268,0,0,1.3778752065065447,1.5228450936416014,CAV3;MYL3;TNNT3;ATP1A2;DMD,Basal,Suppressed
GO_Biological_Process_2023,Positive Regulation Of Myeloid Cell Differentiation (GO:0045639),6/36,0.3330503006051296,0.99999620015268,0,0,1.3228070175438595,1.4543757151679682,CSF3;TAL1;FAXDC2;TESC;HOXA5;MTURN,Basal,Suppressed
GO_Biological_Process_2023,Energy Derivation By Oxidation Of Organic Compounds (GO:0015980),7/43,0.3332813993859915,0.99999620015268,0,0,1.2861079316630633,1.4131343718746143,PID1;NR4A3;ADRB3;ACSM1;LEP;ADGRF5;LEPR,Basal,Suppressed
GO_Biological_Process_2023,Intracellular Glucose Homeostasis (GO:0001678),7/43,0.3332813993859915,0.99999620015268,0,0,1.2861079316630633,1.4131343718746143,NGFR;XBP1;GPER1;PIK3R1;CARTPT;PCK1;FOXO1,Basal,Suppressed
GO_Biological_Process_2023,Positive Regulation Of Cell-Matrix Adhesion (GO:0001954),7/43,0.3332813993859915,0.99999620015268,0,0,1.2861079316630633,1.4131343718746143,CCL21;MYOC;CDH13;CD36;TEK;UTRN;FERMT2,Basal,Suppressed
GO_Biological_Process_2023,Response To Amyloid-Beta (GO:1904645),7/43,0.3332813993859915,0.99999620015268,0,0,1.2861079316630633,1.4131343718746143,NGFR;CALCR;LRP1;CACNA2D1;ADRB2;CD36;IGF1,Basal,Suppressed
GO_Biological_Process_2023,Actin-Mediated Cell Contraction (GO:0070252),2/9,0.335394240305461,0.99999620015268,0,0,1.889348275486889,2.064015882915391,GSN;EPDR1,Basal,Suppressed
GO_Biological_Process_2023,Adherens Junction Assembly (GO:0034333),2/9,0.335394240305461,0.99999620015268,0,0,1.889348275486889,2.064015882915391,RAMP2;JAM3,Basal,Suppressed
GO_Biological_Process_2023,cAMP Biosynthetic Process (GO:0006171),2/9,0.335394240305461,0.99999620015268,0,0,1.889348275486889,2.064015882915391,ADCY4;ADCY5,Basal,Suppressed
GO_Biological_Process_2023,Cellular Response To Prostaglandin Stimulus (GO:0071379),2/9,0.335394240305461,0.99999620015268,0,0,1.889348275486889,2.064015882915391,GNG2;AKR1C2,Basal,Suppressed
GO_Biological_Process_2023,Cellular Response To Purine-Containing Compound (GO:0071415),2/9,0.335394240305461,0.99999620015268,0,0,1.889348275486889,2.064015882915391,GSTM2;CASQ2,Basal,Suppressed
GO_Biological_Process_2023,Dopamine Transport (GO:0015872),2/9,0.335394240305461,0.99999620015268,0,0,1.889348275486889,2.064015882915391,SLC22A3;SLC18A2,Basal,Suppressed
GO_Biological_Process_2023,Embryonic Eye Morphogenesis (GO:0048048),2/9,0.335394240305461,0.99999620015268,0,0,1.889348275486889,2.064015882915391,MFAP5;EFEMP1,Basal,Suppressed
GO_Biological_Process_2023,Endothelial Tube Morphogenesis (GO:0061154),2/9,0.335394240305461,0.99999620015268,0,0,1.889348275486889,2.064015882915391,BMP4;RHOB,Basal,Suppressed
GO_Biological_Process_2023,Iron Ion Transmembrane Transport (GO:0034755),2/9,0.335394240305461,0.99999620015268,0,0,1.889348275486889,2.064015882915391,SCARA5;SLC40A1,Basal,Suppressed
GO_Biological_Process_2023,Lung Epithelium Development (GO:0060428),2/9,0.335394240305461,0.99999620015268,0,0,1.889348275486889,2.064015882915391,BMP4;FGF10,Basal,Suppressed
GO_Biological_Process_2023,Muscle Cell Migration (GO:0014812),2/9,0.335394240305461,0.99999620015268,0,0,1.889348275486889,2.064015882915391,PLAT;THBS4,Basal,Suppressed
GO_Biological_Process_2023,Myeloid Dendritic Cell Differentiation (GO:0043011),2/9,0.335394240305461,0.99999620015268,0,0,1.889348275486889,2.064015882915391,DHRS2;TGFBR2,Basal,Suppressed
GO_Biological_Process_2023,Negative Regulation Of Bone Resorption (GO:0045779),2/9,0.335394240305461,0.99999620015268,0,0,1.889348275486889,2.064015882915391,IL6;CARTPT,Basal,Suppressed
GO_Biological_Process_2023,Negative Regulation Of Cell Adhesion Mediated By Integrin (GO:0033629),2/9,0.335394240305461,0.99999620015268,0,0,1.889348275486889,2.064015882915391,PDE3B;JAM3,Basal,Suppressed
GO_Biological_Process_2023,Negative Regulation Of Leukocyte Migration (GO:0002686),2/9,0.335394240305461,0.99999620015268,0,0,1.889348275486889,2.064015882915391,SLIT2;HOXA7,Basal,Suppressed
GO_Biological_Process_2023,Negative Regulation Of Lipid Localization (GO:1905953),2/9,0.335394240305461,0.99999620015268,0,0,1.889348275486889,2.064015882915391,IL6;PPARG,Basal,Suppressed
GO_Biological_Process_2023,Negative Regulation Of Muscle Cell Apoptotic Process (GO:0010656),2/9,0.335394240305461,0.99999620015268,0,0,1.889348275486889,2.064015882915391,IGF1;GRIA4,Basal,Suppressed
GO_Biological_Process_2023,Negative Regulation Of Vascular Endothelial Growth Factor Signaling Pathway (GO:1900747),2/9,0.335394240305461,0.99999620015268,0,0,1.889348275486889,2.064015882915391,SPRY2;DCN,Basal,Suppressed
GO_Biological_Process_2023,Positive Regulation Of Cardiocyte Differentiation (GO:1905209),2/9,0.335394240305461,0.99999620015268,0,0,1.889348275486889,2.064015882915391,MYOCD;GPER1,Basal,Suppressed
GO_Biological_Process_2023,Positive Regulation Of Myoblast Fusion (GO:1901741),2/9,0.335394240305461,0.99999620015268,0,0,1.889348275486889,2.064015882915391,EHD2;SCGB3A1,Basal,Suppressed
GO_Biological_Process_2023,Positive Regulation Of Sodium Ion Transmembrane Transport (GO:1902307),2/9,0.335394240305461,0.99999620015268,0,0,1.889348275486889,2.064015882915391,FXYD1;DMD,Basal,Suppressed
GO_Biological_Process_2023,Positive Regulation Of Vasculogenesis (GO:2001214),2/9,0.335394240305461,0.99999620015268,0,0,1.889348275486889,2.064015882915391,TMEM100;CD34,Basal,Suppressed
GO_Biological_Process_2023,Regulation Of Cellular Extravasation (GO:0002691),2/9,0.335394240305461,0.99999620015268,0,0,1.889348275486889,2.064015882915391,LYVE1;JAM3,Basal,Suppressed
GO_Biological_Process_2023,Regulation Of Dendritic Cell Apoptotic Process (GO:2000668),2/9,0.335394240305461,0.99999620015268,0,0,1.889348275486889,2.064015882915391,CXCL12;CCL21,Basal,Suppressed
GO_Biological_Process_2023,Regulation Of Endoplasmic Reticulum Unfolded Protein Response (GO:1900101),2/9,0.335394240305461,0.99999620015268,0,0,1.889348275486889,2.064015882915391,XBP1;PIK3R1,Basal,Suppressed
GO_Biological_Process_2023,Regulation Of Hair Cycle (GO:0042634),2/9,0.335394240305461,0.99999620015268,0,0,1.889348275486889,2.064015882915391,PER1;EPS8L3,Basal,Suppressed
GO_Biological_Process_2023,Regulation Of Leukocyte Mediated Cytotoxicity (GO:0001910),2/9,0.335394240305461,0.99999620015268,0,0,1.889348275486889,2.064015882915391,LEP;DNASE1L3,Basal,Suppressed
GO_Biological_Process_2023,Regulation Of Long-Term Synaptic Depression (GO:1900452),2/9,0.335394240305461,0.99999620015268,0,0,1.889348275486889,2.064015882915391,MAPT;CBLN1,Basal,Suppressed
GO_Biological_Process_2023,Regulation Of Receptor Binding (GO:1900120),2/9,0.335394240305461,0.99999620015268,0,0,1.889348275486889,2.064015882915391,GREM2;ADIPOQ,Basal,Suppressed
GO_Biological_Process_2023,Regulation Of Transmembrane Transporter Activity (GO:0022898),2/9,0.335394240305461,0.99999620015268,0,0,1.889348275486889,2.064015882915391,BCL2;SNCA,Basal,Suppressed
GO_Biological_Process_2023,Response To Interleukin-4 (GO:0070670),2/9,0.335394240305461,0.99999620015268,0,0,1.889348275486889,2.064015882915391,XBP1;GATA3,Basal,Suppressed
GO_Biological_Process_2023,Response To Laminar Fluid Shear Stress (GO:0034616),2/9,0.335394240305461,0.99999620015268,0,0,1.889348275486889,2.064015882915391,KLF4;KLF2,Basal,Suppressed
GO_Biological_Process_2023,Serotonin Transport (GO:0006837),2/9,0.335394240305461,0.99999620015268,0,0,1.889348275486889,2.064015882915391,SLC22A3;SLC18A2,Basal,Suppressed
GO_Biological_Process_2023,Skeletal Muscle Tissue Regeneration (GO:0043403),2/9,0.335394240305461,0.99999620015268,0,0,1.889348275486889,2.064015882915391,MYMX;EYS,Basal,Suppressed
GO_Biological_Process_2023,Toxin Transport (GO:1901998),2/9,0.335394240305461,0.99999620015268,0,0,1.889348275486889,2.064015882915391,SLC22A3;ANTXR2,Basal,Suppressed
GO_Biological_Process_2023,Vasoconstriction (GO:0042310),2/9,0.335394240305461,0.99999620015268,0,0,1.889348275486889,2.064015882915391,EDNRB;EDN3,Basal,Suppressed
GO_Biological_Process_2023,Transforming Growth Factor Beta Receptor Signaling Pathway (GO:0007179),11/72,0.3446117779981443,0.99999620015268,0,0,1.1928375000783027,1.2707736574839146,TGFBR3;GDF10;CDH5;CLDN5;CITED1;WFIKKN2;LTBP2;FOS;FMOD;FERMT2;TGFBR2,Basal,Suppressed
GO_Biological_Process_2023,Positive Regulation Of Epithelial Cell Proliferation (GO:0050679),18/123,0.3496519093285481,0.99999620015268,0,0,1.1341215106732347,1.1917543496608425,SEMA5A;XBP1;EGR3;EGF;VEGFD;IGF1;PTN;FGF2;AREG;THBS4;BMP4;NR4A1;NR4A3;CDH13;TEK;VIP;LACRT;FGF10,Basal,Suppressed
GO_Biological_Process_2023,Autonomic Nervous System Development (GO:0048483),3/16,0.3526052477016295,0.99999620015268,0,0,1.5260659340659342,1.590780478738453,TFAP2B;EDNRB;GATA3,Basal,Suppressed
GO_Biological_Process_2023,Negative Regulation Of Amyloid-Beta Formation (GO:1902430),3/16,0.3526052477016295,0.99999620015268,0,0,1.5260659340659342,1.590780478738453,NTRK2;RTN1;IGF1,Basal,Suppressed
GO_Biological_Process_2023,Negative Regulation Of Anoikis (GO:2000811),3/16,0.3526052477016295,0.99999620015268,0,0,1.5260659340659342,1.590780478738453,CAV1;CEACAM5;PDK4,Basal,Suppressed
GO_Biological_Process_2023,Negative Regulation Of Chemokine Production (GO:0032682),3/16,0.3526052477016295,0.99999620015268,0,0,1.5260659340659342,1.590780478738453,IL6;KLF4;ELANE,Basal,Suppressed
GO_Biological_Process_2023,Positive Regulation Of Lymphocyte Migration (GO:2000403),3/16,0.3526052477016295,0.99999620015268,0,0,1.5260659340659342,1.590780478738453,CXCL12;CCL21;JAM2,Basal,Suppressed
GO_Biological_Process_2023,Positive Regulation Of Muscle Hypertrophy (GO:0014742),3/16,0.3526052477016295,0.99999620015268,0,0,1.5260659340659342,1.590780478738453,NR4A3;IGF1;IL6ST,Basal,Suppressed
GO_Biological_Process_2023,Positive Regulation Of Stem Cell Proliferation (GO:2000648),3/16,0.3526052477016295,0.99999620015268,0,0,1.5260659340659342,1.590780478738453,CITED1;LTBP2;FERMT2,Basal,Suppressed
GO_Biological_Process_2023,Regulation Of NMDA Receptor Activity (GO:2000310),3/16,0.3526052477016295,0.99999620015268,0,0,1.5260659340659342,1.590780478738453,CRHBP;RELN;CRH,Basal,Suppressed
GO_Biological_Process_2023,Regulation Of Blood Vessel Endothelial Cell Proliferation Involved In Sprouting Angiogenesis (GO:1903587),3/16,0.3526052477016295,0.99999620015268,0,0,1.5260659340659342,1.590780478738453,NGFR;MMRN2;FGF2,Basal,Suppressed
GO_Biological_Process_2023,Regulation Of Fatty Acid Oxidation (GO:0046320),3/16,0.3526052477016295,0.99999620015268,0,0,1.5260659340659342,1.590780478738453,NR4A3;ACADL;PDK4,Basal,Suppressed
GO_Biological_Process_2023,Regulation Of Presynapse Assembly (GO:1905606),3/16,0.3526052477016295,0.99999620015268,0,0,1.5260659340659342,1.590780478738453,LRFN5;IL1RAPL2;SNCA,Basal,Suppressed
GO_Biological_Process_2023,Regulation Of Presynapse Organization (GO:0099174),3/16,0.3526052477016295,0.99999620015268,0,0,1.5260659340659342,1.590780478738453,LRFN5;IL1RAPL2;SNCA,Basal,Suppressed
GO_Biological_Process_2023,Vasculature Development (GO:0001944),3/16,0.3526052477016295,0.99999620015268,0,0,1.5260659340659342,1.590780478738453,CDH5;NOTCH4;TCF21,Basal,Suppressed
GO_Biological_Process_2023,Cholesterol Transport (GO:0030301),8/51,0.3533197807279074,0.99999620015268,0,0,1.2305343511450382,1.280225466556382,LIMA1;NPC1L1;AKR1C1;CAV1;CD36;ABCA8;APOB;CES1,Basal,Suppressed
GO_Biological_Process_2023,Regulation Of Transport (GO:0051049),7/44,0.3557719371357264,0.99999620015268,0,0,1.2512760757705437,1.2931505044327485,PRKN;PTPRN2;SLC30A8;LEPR;CLDN19;REEP6;SNCA,Basal,Suppressed
GO_Biological_Process_2023,Negative Regulation Of Endothelial Cell Migration (GO:0010596),6/37,0.3576923407121093,0.99999620015268,0,0,1.280062006348269,1.3160087659158963,ANGPT4;PPARG;SLIT2;AGTR2;FGF2;DCN,Basal,Suppressed
GO_Biological_Process_2023,Positive Regulation Of Receptor Signaling Pathway Via STAT (GO:1904894),6/37,0.3576923407121093,0.99999620015268,0,0,1.280062006348269,1.3160087659158963,GHR;IL6;TSLP;ERBB4;LEP;KIT,Basal,Suppressed
GO_Biological_Process_2023,Bile Acid And Bile Salt Transport (GO:0015721),4/23,0.35772087042895,0.99999620015268,0,0,1.3922496790757382,1.4312358558887854,SLCO1C1;SLC10A6;AKR1C1;ABCC11,Basal,Suppressed
GO_Biological_Process_2023,Cell-Cell Signaling By Wnt (GO:0198738),4/23,0.35772087042895,0.99999620015268,0,0,1.3922496790757382,1.4312358558887854,FZD4;CPE;FERMT2;WLS,Basal,Suppressed
GO_Biological_Process_2023,Diacylglycerol Metabolic Process (GO:0046339),4/23,0.35772087042895,0.99999620015268,0,0,1.3922496790757382,1.4312358558887854,LIPE;DGAT2;GPAM;PNPLA2,Basal,Suppressed
GO_Biological_Process_2023,Negative Regulation Of Protein Depolymerization (GO:1901880),4/23,0.35772087042895,0.99999620015268,0,0,1.3922496790757382,1.4312358558887854,LIMA1;PLEKHH2;NAV3;BMERB1,Basal,Suppressed
GO_Biological_Process_2023,Positive Regulation Of Cell-Substrate Junction Organization (GO:0150117),4/23,0.35772087042895,0.99999620015268,0,0,1.3922496790757382,1.4312358558887854,MYOC;PIK3R1;TEK;FERMT2,Basal,Suppressed
GO_Biological_Process_2023,Positive Regulation Of Morphogenesis Of An Epithelium (GO:1905332),4/23,0.35772087042895,0.99999620015268,0,0,1.3922496790757382,1.4312358558887854,BMP4;EGF;MMRN2;FGF2,Basal,Suppressed
GO_Biological_Process_2023,Regulation Of Axon Extension Involved In Axon Guidance (GO:0048841),4/23,0.35772087042895,0.99999620015268,0,0,1.3922496790757382,1.4312358558887854,SEMA5A;SEMA3C;SEMA6D;SEMA3G,Basal,Suppressed
GO_Biological_Process_2023,Regulation Of Cardiac Muscle Hypertrophy (GO:0010611),4/23,0.35772087042895,0.99999620015268,0,0,1.3922496790757382,1.4312358558887854,NR4A3;CAV3;IGF1;IL6ST,Basal,Suppressed
GO_Biological_Process_2023,Regulation Of Cholesterol Metabolic Process (GO:0090181),4/23,0.35772087042895,0.99999620015268,0,0,1.3922496790757382,1.4312358558887854,SEC14L2;ACADL;FMO5;CES1,Basal,Suppressed
GO_Biological_Process_2023,Regulation Of Myotube Differentiation (GO:0010830),4/23,0.35772087042895,0.99999620015268,0,0,1.3922496790757382,1.4312358558887854,XBP1;CEACAM5;SMYD1;RBM24,Basal,Suppressed
GO_Biological_Process_2023,Lamellipodium Organization (GO:0097581),5/30,0.3586477136087358,0.99999620015268,0,0,1.3226839496759435,1.3562995276535432,P2RY12;ABLIM3;KIT;S1PR1;CDH13,Basal,Suppressed
GO_Biological_Process_2023,Negative Regulation Of Axon Extension (GO:0030517),5/30,0.3586477136087358,0.99999620015268,0,0,1.3226839496759435,1.3562995276535432,SEMA5A;MAG;SEMA3C;SEMA6D;SEMA3G,Basal,Suppressed
GO_Biological_Process_2023,Negative Regulation Of Calcium Ion Transmembrane Transporter Activity (GO:1901020),5/30,0.3586477136087358,0.99999620015268,0,0,1.3226839496759435,1.3562995276535432,GSTM2;PLN;CASQ2;ATP1A2;TRDN,Basal,Suppressed
GO_Biological_Process_2023,Regulation Of Cell Migration Involved In Sprouting Angiogenesis (GO:0090049),5/30,0.3586477136087358,0.99999620015268,0,0,1.3226839496759435,1.3562995276535432,MMRN2;RHOJ;MEOX2;KLF4;FGF2,Basal,Suppressed
GO_Biological_Process_2023,Regulation Of Vasculature Development (GO:1901342),5/30,0.3586477136087358,0.99999620015268,0,0,1.3226839496759435,1.3562995276535432,IL6;BMPER;LEP;FGF2;RAPGEF3,Basal,Suppressed
GO_Biological_Process_2023,Calcium Ion Homeostasis (GO:0055074),15/102,0.3615920893879458,0.99999620015268,0,0,1.14051757129472,1.1601784146931509,CCL14;CCL23;EDN3;CAV1;ANK2;PTH1R;TRDN;CDH5;CXCL12;PLN;STC2;CASQ2;ATP13A4;ELANE;SNCA,Basal,Suppressed
GO_Biological_Process_2023,Regulation Of Protein Secretion (GO:0050708),15/102,0.3615920893879458,0.99999620015268,0,0,1.14051757129472,1.1601784146931509,FGB;TFAP2B;MYOM1;FGA;KCNJ11;GIPR;FGG;KCNA5;IGF1;SYTL4;PER2;G6PC2;IL6;RFX6;SAA1,Basal,Suppressed
GO_Biological_Process_2023,Positive Regulation Of Epithelial Cell Migration (GO:0010634),14/95,0.3658425201797791,0.99999620015268,0,0,1.1432929997071797,1.149640917899909,ANGPT4;EGF;GATA3;FGF1;FGF2;RHOB;BMP4;ATOH8;ENPP2;TEK;PLPP3;TDGF1;GPLD1;FGF10,Basal,Suppressed
GO_Biological_Process_2023,Positive Regulation Of Cell Adhesion (GO:0045785),13/88,0.3702490672468979,0.99999620015268,0,0,1.1465188017845762,1.1391574002099574,VIT;P2RY12;ECM2;LAMA2;CCL21;ALOX15;CHRD;NDNF;CCDC80;CXCL12;AGR2;SAA1;PLPP3,Basal,Suppressed
GO_Biological_Process_2023,Rho Protein Signal Transduction (GO:0007266),8/52,0.374259308926042,0.99999620015268,0,0,1.2024982650936848,1.1818229698093403,NGFR;RHOJ;AGTR1;CDH13;EPS8L3;ARHGAP6;ADRA2A;RHOB,Basal,Suppressed
GO_Biological_Process_2023,Adenylate Cyclase-Inhibiting G Protein-Coupled Receptor Signaling Pathway (GO:0007193),8/52,0.374259308926042,0.99999620015268,0,0,1.2024982650936848,1.1818229698093403,AKAP12;P2RY12;GRM7;PDE2A;ADCY4;FFAR3;ADRA2A;ADCY5,Basal,Suppressed
GO_Biological_Process_2023,Neurotransmitter Transport (GO:0006836),8/52,0.374259308926042,0.99999620015268,0,0,1.2024982650936848,1.1818229698093403,GABRA2;SLC5A7;SLC22A3;PTPRN2;LIN7A;SLC17A7;SLC1A7;SLC18A2,Basal,Suppressed
GO_Biological_Process_2023,Cellular Response To Transforming Growth Factor Beta Stimulus (GO:0071560),14/96,0.3812350857652671,0.99999620015268,0,0,1.1292850878011458,1.0890137326110192,GDF10;CITED1;WFIKKN2;PDE2A;LTBP2;FOS;NR3C1;TGFBR2;TGFBR3;CDH5;CLDN5;CLEC3B;FERMT2;SOX5,Basal,Suppressed
GO_Biological_Process_2023,Positive Regulation Of Supramolecular Fiber Organization (GO:1902905),14/96,0.3812350857652671,0.99999620015268,0,0,1.1292850878011458,1.0890137326110192,SEMA5A;CSF3;TNXB;GSN;CAV3;CCL21;SYNPO2;ALOX15;LMOD1;NAV3;SYNPO2L;ANKRD53;MAPT;SYNPO,Basal,Suppressed
GO_Biological_Process_2023,Amino Acid Catabolic Process (GO:0009063),6/38,0.3824424285855647,0.99999620015268,0,0,1.2399885583524028,1.1918486692263488,ALDH4A1;ALDH6A1;HDC;HOGA1;HNMT;OTC,Basal,Suppressed
GO_Biological_Process_2023,Fatty Acid Transport (GO:0015908),6/38,0.3824424285855647,0.99999620015268,0,0,1.2399885583524028,1.1918486692263488,FABP4;ACSL1;FABP9;PPARG;CD36;SLC22A11,Basal,Suppressed
GO_Biological_Process_2023,Negative Regulation Of Cell Differentiation (GO:0045596),29/207,0.3851968536597548,0.99999620015268,0,0,1.0778259572610036,1.028246790092711,FOXA1;CITED1;NOTCH4;TCF23;TWIST2;CHRD;DTX1;GATA3;RORB;FOXO1;PTHLH;RANBP3L;EFEMP1;TNN;GPER1;RUNX1T1;GDF10;MYOCD;ADGRV1;CAV1;ZBTB16;ADIPOQ;CRIM1;BMP4;IL6;SPRY2;PPARG;SPRY1;FERMT2,Basal,Suppressed
GO_Biological_Process_2023,Angiogenesis Involved In Wound Healing (GO:0060055),2/10,0.3857562778638554,0.99999620015268,0,0,1.653084539223153,1.5746448735037,NDNF;CD34,Basal,Suppressed
GO_Biological_Process_2023,Cellular Response To Increased Oxygen Levels (GO:0036295),2/10,0.3857562778638554,0.99999620015268,0,0,1.653084539223153,1.5746448735037,CAV1;FOXO1,Basal,Suppressed
GO_Biological_Process_2023,Fatty Acid Beta-Oxidation Using acyl-CoA Dehydrogenase (GO:0033539),2/10,0.3857562778638554,0.99999620015268,0,0,1.653084539223153,1.5746448735037,ACADL;ACADS,Basal,Suppressed
GO_Biological_Process_2023,Induction Of Positive Chemotaxis (GO:0050930),2/10,0.3857562778638554,0.99999620015268,0,0,1.653084539223153,1.5746448735037,CXCL12;VEGFD,Basal,Suppressed
GO_Biological_Process_2023,Midbrain Dopaminergic Neuron Differentiation (GO:1904948),2/10,0.3857562778638554,0.99999620015268,0,0,1.653084539223153,1.5746448735037,LMX1A;WNT9B,Basal,Suppressed
GO_Biological_Process_2023,Monoamine Transport (GO:0015844),2/10,0.3857562778638554,0.99999620015268,0,0,1.653084539223153,1.5746448735037,SLC22A3;SLC18A2,Basal,Suppressed
GO_Biological_Process_2023,Monocyte Differentiation (GO:0030224),2/10,0.3857562778638554,0.99999620015268,0,0,1.653084539223153,1.5746448735037,PDE1B;PPARG,Basal,Suppressed
GO_Biological_Process_2023,Negative Regulation Of Activin Receptor Signaling Pathway (GO:0032926),2/10,0.3857562778638554,0.99999620015268,0,0,1.653084539223153,1.5746448735037,IGSF1;DACT2,Basal,Suppressed
GO_Biological_Process_2023,Negative Regulation Of Adenylate Cyclase Activity (GO:0007194),2/10,0.3857562778638554,0.99999620015268,0,0,1.653084539223153,1.5746448735037,EDNRB;PALM,Basal,Suppressed
GO_Biological_Process_2023,Negative Regulation Of Exocytosis (GO:0045920),2/10,0.3857562778638554,0.99999620015268,0,0,1.653084539223153,1.5746448735037,PRKN;SNCA,Basal,Suppressed
GO_Biological_Process_2023,Negative Regulation Of Hemostasis (GO:1900047),2/10,0.3857562778638554,0.99999620015268,0,0,1.653084539223153,1.5746448735037,THBD;TFPI,Basal,Suppressed
GO_Biological_Process_2023,Negative Regulation Of Intracellular Estrogen Receptor Signaling Pathway (GO:0033147),2/10,0.3857562778638554,0.99999620015268,0,0,1.653084539223153,1.5746448735037,KANK2;ZNF366,Basal,Suppressed
GO_Biological_Process_2023,Negative Regulation Of Oxidoreductase Activity (GO:0051354),2/10,0.3857562778638554,0.99999620015268,0,0,1.653084539223153,1.5746448735037,PRKN;SNCA,Basal,Suppressed
GO_Biological_Process_2023,Negative Regulation Of Pathway-Restricted SMAD Protein Phosphorylation (GO:0060394),2/10,0.3857562778638554,0.99999620015268,0,0,1.653084539223153,1.5746448735037,LRP1;PPARG,Basal,Suppressed
GO_Biological_Process_2023,Oxygen Transport (GO:0015671),2/10,0.3857562778638554,0.99999620015268,0,0,1.653084539223153,1.5746448735037,HBB;HBA1,Basal,Suppressed
GO_Biological_Process_2023,Positive Regulation Of Cholesterol Metabolic Process (GO:0090205),2/10,0.3857562778638554,0.99999620015268,0,0,1.653084539223153,1.5746448735037,FGF1;CES1,Basal,Suppressed
GO_Biological_Process_2023,Positive Regulation Of Chondrocyte Differentiation (GO:0032332),2/10,0.3857562778638554,0.99999620015268,0,0,1.653084539223153,1.5746448735037,ZBTB16;SOX5,Basal,Suppressed
GO_Biological_Process_2023,Positive Regulation Of Integrin Activation (GO:0033625),2/10,0.3857562778638554,0.99999620015268,0,0,1.653084539223153,1.5746448735037,P2RY12;FERMT2,Basal,Suppressed
GO_Biological_Process_2023,Prostaglandin Transport (GO:0015732),2/10,0.3857562778638554,0.99999620015268,0,0,1.653084539223153,1.5746448735037,LEP;SLC22A11,Basal,Suppressed
GO_Biological_Process_2023,Regulation Of Amyloid Precursor Protein Biosynthetic Process (GO:0042984),2/10,0.3857562778638554,0.99999620015268,0,0,1.653084539223153,1.5746448735037,NECAB1;ITM2A,Basal,Suppressed
GO_Biological_Process_2023,Regulation Of Lipid Transport (GO:0032368),2/10,0.3857562778638554,0.99999620015268,0,0,1.653084539223153,1.5746448735037,PRKN;LRP1,Basal,Suppressed
GO_Biological_Process_2023,Regulation Of Peptidyl-Lysine Acetylation (GO:2000756),2/10,0.3857562778638554,0.99999620015268,0,0,1.653084539223153,1.5746448735037,MYOCD;KLF15,Basal,Suppressed
GO_Biological_Process_2023,Regulation Of Phospholipase Activity (GO:0010517),2/10,0.3857562778638554,0.99999620015268,0,0,1.653084539223153,1.5746448735037,LRP1;SNCA,Basal,Suppressed
GO_Biological_Process_2023,Regulation Of Respiratory Burst (GO:0060263),2/10,0.3857562778638554,0.99999620015268,0,0,1.653084539223153,1.5746448735037,IGHA2;JCHAIN,Basal,Suppressed
GO_Biological_Process_2023,Regulation Of Smooth Muscle Cell Apoptotic Process (GO:0034391),2/10,0.3857562778638554,0.99999620015268,0,0,1.653084539223153,1.5746448735037,IGF1;GRIA4,Basal,Suppressed
GO_Biological_Process_2023,Regulation Of Synapse Maturation (GO:0090128),2/10,0.3857562778638554,0.99999620015268,0,0,1.653084539223153,1.5746448735037,RELN;ARHGEF15,Basal,Suppressed
GO_Biological_Process_2023,Response To Corticosteroid (GO:0031960),2/10,0.3857562778638554,0.99999620015268,0,0,1.653084539223153,1.5746448735037,IL6;CALCR,Basal,Suppressed
GO_Biological_Process_2023,Leukocyte Cell-Cell Adhesion (GO:0007159),5/31,0.3862180103034384,0.99999620015268,0,0,1.271738174140004,1.2098722774459132,SELP;CLEC4M;PECAM1;UMOD;JAM2,Basal,Suppressed
GO_Biological_Process_2023,Negative Regulation Of Intracellular Steroid Hormone Receptor Signaling Pathway (GO:0033144),5/31,0.3862180103034384,0.99999620015268,0,0,1.271738174140004,1.2098722774459132,KANK2;PER1;CRY2;TCF21;ZNF366,Basal,Suppressed
GO_Biological_Process_2023,Triglyceride Homeostasis (GO:0070328),5/31,0.3862180103034384,0.99999620015268,0,0,1.271738174140004,1.2098722774459132,MLXIPL;XBP1;DGAT2;ANGPTL8;GPIHBP1,Basal,Suppressed
GO_Biological_Process_2023,Acylglycerol Catabolic Process (GO:0046464),4/24,0.3892889211514413,0.99999620015268,0,0,1.322560975609756,1.2477483079028269,LIPE;MGLL;GPIHBP1;PNPLA2,Basal,Suppressed
GO_Biological_Process_2023,Negative Regulation Of Ion Transmembrane Transporter Activity (GO:0032413),4/24,0.3892889211514413,0.99999620015268,0,0,1.322560975609756,1.2477483079028269,PLN;CAV3;CASQ2;ADRA2A,Basal,Suppressed
GO_Biological_Process_2023,Positive Regulation Of BMP Signaling Pathway (GO:0030513),4/24,0.3892889211514413,0.99999620015268,0,0,1.322560975609756,1.2477483079028269,CRB2;BMP4;CDH5;ZNF423,Basal,Suppressed
GO_Biological_Process_2023,Positive Regulation Of Lipid Metabolic Process (GO:0045834),4/24,0.3892889211514413,0.99999620015268,0,0,1.322560975609756,1.2477483079028269,MLXIPL;HSD17B13;SORBS1;PCK1,Basal,Suppressed
GO_Biological_Process_2023,Regulation Of Heterotypic Cell-Cell Adhesion (GO:0034114),4/24,0.3892889211514413,0.99999620015268,0,0,1.322560975609756,1.2477483079028269,FGB;FGA;FGG;KLF4,Basal,Suppressed
GO_Biological_Process_2023,Carboxylic Acid Biosynthetic Process (GO:0046394),3/17,0.3905041674344614,0.99999620015268,0,0,1.4169795918367347,1.332409485502534,CYP4A11;CYP4A22;CDO1,Basal,Suppressed
GO_Biological_Process_2023,Cellular Response To Alkaloid (GO:0071312),3/17,0.3905041674344614,0.99999620015268,0,0,1.4169795918367347,1.332409485502534,CRHBP;GSTM2;CASQ2,Basal,Suppressed
GO_Biological_Process_2023,Detection Of Visible Light (GO:0009584),3/17,0.3905041674344614,0.99999620015268,0,0,1.4169795918367347,1.332409485502534,RP1;REEP6;EYS,Basal,Suppressed
GO_Biological_Process_2023,Embryo Development Ending In Birth Or Egg Hatching (GO:0009792),3/17,0.3905041674344614,0.99999620015268,0,0,1.4169795918367347,1.332409485502534,NR5A2;TDGF1;RAI2,Basal,Suppressed
GO_Biological_Process_2023,Growth Hormone Receptor Signaling Pathway (GO:0060396),3/17,0.3905041674344614,0.99999620015268,0,0,1.4169795918367347,1.332409485502534,GHR;SOCS2;PIK3R1,Basal,Suppressed
GO_Biological_Process_2023,Leukocyte Tethering Or Rolling (GO:0050901),3/17,0.3905041674344614,0.99999620015268,0,0,1.4169795918367347,1.332409485502534,CX3CR1;SELP;JAM2,Basal,Suppressed
GO_Biological_Process_2023,Muscle Tissue Morphogenesis (GO:0060415),3/17,0.3905041674344614,0.99999620015268,0,0,1.4169795918367347,1.332409485502534,BMP4;TGFBR3;MYLK,Basal,Suppressed
GO_Biological_Process_2023,Negative Regulation Of Calcium Ion Transport (GO:0051926),3/17,0.3905041674344614,0.99999620015268,0,0,1.4169795918367347,1.332409485502534,PLN;CAV3;ATP1A2,Basal,Suppressed
GO_Biological_Process_2023,Negative Regulation Of Interleukin-8 Production (GO:0032717),3/17,0.3905041674344614,0.99999620015268,0,0,1.4169795918367347,1.332409485502534,ARRB1;KLF4;ELANE,Basal,Suppressed
GO_Biological_Process_2023,Nicotinamide Nucleotide Metabolic Process (GO:0046496),3/17,0.3905041674344614,0.99999620015268,0,0,1.4169795918367347,1.332409485502534,NMRK2;FMO2;GPD1L,Basal,Suppressed
GO_Biological_Process_2023,Positive Regulation Of Cardiac Muscle Hypertrophy (GO:0010613),3/17,0.3905041674344614,0.99999620015268,0,0,1.4169795918367347,1.332409485502534,NR4A3;IGF1;IL6ST,Basal,Suppressed
GO_Biological_Process_2023,Positive Regulation Of Cartilage Development (GO:0061036),3/17,0.3905041674344614,0.99999620015268,0,0,1.4169795918367347,1.332409485502534,BMP4;ZBTB16;SOX5,Basal,Suppressed
GO_Biological_Process_2023,Positive Regulation Of Fatty Acid Metabolic Process (GO:0045923),3/17,0.3905041674344614,0.99999620015268,0,0,1.4169795918367347,1.332409485502534,MLXIPL;NR4A3;ELOVL5,Basal,Suppressed
GO_Biological_Process_2023,Positive Regulation Of Potassium Ion Transmembrane Transport (GO:1901381),3/17,0.3905041674344614,0.99999620015268,0,0,1.4169795918367347,1.332409485502534,KCNE1;KCNIP2;ANK2,Basal,Suppressed
GO_Biological_Process_2023,Positive Regulation Of Small GTPase Mediated Signal Transduction (GO:0051057),3/17,0.3905041674344614,0.99999620015268,0,0,1.4169795918367347,1.332409485502534,RELN;IGF1;FGF10,Basal,Suppressed
GO_Biological_Process_2023,Sensory Perception Of Taste (GO:0050909),3/17,0.3905041674344614,0.99999620015268,0,0,1.4169795918367347,1.332409485502534,GNAT3;CD36;ASIC2,Basal,Suppressed
GO_Biological_Process_2023,Triglyceride Biosynthetic Process (GO:0019432),3/17,0.3905041674344614,0.99999620015268,0,0,1.4169795918367347,1.332409485502534,DGAT2;GPAM;PCK1,Basal,Suppressed
GO_Biological_Process_2023,Positive Regulation Of Vasculature Development (GO:1904018),15/104,0.3912738705340974,0.99999620015268,0,0,1.1147589623189154,1.0460313166513828,SEMA5A;ANGPT4;XBP1;RAMP2;HSPB6;PSG1;VEGFD;FGF1;FGF2;AQP1;RHOB;CDH5;TEK;CD34;RAPGEF3,Basal,Suppressed
GO_Biological_Process_2023,Tight Junction Assembly (GO:0120192),8/53,0.3952780552248814,0.99999620015268,0,0,1.1757082273112809,1.0912521961155732,CLDN11;CDH5;CLDN5;RAMP2;CLDN8;FRMPD2;CLDN19;PECAM1,Basal,Suppressed
GO_Biological_Process_2023,Homotypic Cell-Cell Adhesion (GO:0034109),7/46,0.4010666014690913,0.99999620015268,0,0,1.1869711110458916,1.0844497775660351,FGB;P2RY12;FGA;CEACAM5;FGG;HBB;PLPP3,Basal,Suppressed
GO_Biological_Process_2023,Response To Glucose (GO:0009749),7/46,0.4010666014690913,0.99999620015268,0,0,1.1869711110458916,1.0844497775660351,GYS2;XBP1;SLC30A8;GPER1;ADIPOQ;PCK1;GPLD1,Basal,Suppressed
GO_Biological_Process_2023,Digestive Tract Development (GO:0048565),6/39,0.4071990541830216,0.99999620015268,0,0,1.2023438041744678,1.0802495619899726,PERCC1;CLMP;EDNRB;DNAAF1;KIT;PCSK5,Basal,Suppressed
GO_Biological_Process_2023,Regulation Of Monoatomic Cation Transmembrane Transport (GO:1904062),6/39,0.4071990541830216,0.99999620015268,0,0,1.2023438041744678,1.0802495619899726,KCNE1;DPP6;KCNIP2;HRC;PDZK1;HCN1,Basal,Suppressed
GO_Biological_Process_2023,Calcium Ion Transmembrane Import Into Cytosol (GO:0097553),12/83,0.4084592741850525,0.99999620015268,0,0,1.1177800749450832,1.0008189946247343,TRPM1;CCL21;SCN11A;CACNA2D1;SCN9A;ITPR1;SCN7A;SCN4A;PLCH2;FGF2;SCN3A;CACNA1G,Basal,Suppressed
GO_Biological_Process_2023,Gluconeogenesis (GO:0006094),5/32,0.4137148256445506,0.99999620015268,0,0,1.224566159754875,1.080775604563332,PER2;PFKFB1;G6PC2;PCK1;FBP1,Basal,Suppressed
GO_Biological_Process_2023,Mesenchymal Cell Migration (GO:0090497),5/32,0.4137148256445506,0.99999620015268,0,0,1.224566159754875,1.080775604563332,SEMA5A;SEMA3C;ERBB4;SEMA6D;SEMA3G,Basal,Suppressed
GO_Biological_Process_2023,Negative Regulation Of Fat Cell Differentiation (GO:0045599),5/32,0.4137148256445506,0.99999620015268,0,0,1.224566159754875,1.080775604563332,IL6;GPER1;FOXO1;FERMT2;RUNX1T1,Basal,Suppressed
GO_Biological_Process_2023,Phosphatidylinositol 3-Kinase Signaling (GO:0014065),5/32,0.4137148256445506,0.99999620015268,0,0,1.224566159754875,1.080775604563332,IRS1;PIK3C2G;GATA3;PIK3R1;IGF1,Basal,Suppressed
GO_Biological_Process_2023,Apical Junction Assembly (GO:0043297),8/54,0.4163144173219918,0.99999620015268,0,0,1.1500829737802851,1.007834378457915,CLDN11;CDH5;CLDN5;RAMP2;CLDN8;FRMPD2;CLDN19;PECAM1,Basal,Suppressed
GO_Biological_Process_2023,Monoatomic Anion Transmembrane Transport (GO:0098656),8/54,0.4163144173219918,0.99999620015268,0,0,1.1500829737802851,1.007834378457915,GABRA2;SLC4A8;GLRA3;GABRA4;SLC4A1;SLC1A7;ANO3;GABRG1,Basal,Suppressed
GO_Biological_Process_2023,Regulation Of Lipid Metabolic Process (GO:0019216),8/54,0.4163144173219918,0.99999620015268,0,0,1.1500829737802851,1.007834378457915,CAV1;ADGRF5;ANGPTL8;PPARG;THRSP;CCDC3;PCK1;PLPP1,Basal,Suppressed
GO_Biological_Process_2023,Metanephros Development (GO:0001656),4/25,0.4206276028583566,0.99999620015268,0,0,1.2595092915214867,1.0907443548974665,BMP4;CITED1;SOX17;FGF10,Basal,Suppressed
GO_Biological_Process_2023,Negative Regulation Of Response To Wounding (GO:1903035),4/25,0.4206276028583566,0.99999620015268,0,0,1.2595092915214867,1.0907443548974665,IL33;MMRN1;CLDN19;FGF2,Basal,Suppressed
GO_Biological_Process_2023,Negative Regulation Of Signaling Receptor Activity (GO:2000272),4/25,0.4206276028583566,0.99999620015268,0,0,1.2595092915214867,1.0907443548974665,CRHBP;CALCR;CNRIP1;PPARG,Basal,Suppressed
GO_Biological_Process_2023,Negative Regulation Of Stress Fiber Assembly (GO:0051497),4/25,0.4206276028583566,0.99999620015268,0,0,1.2595092915214867,1.0907443548974665,TMEFF2;MYOC;PIK3R1;ARHGAP6,Basal,Suppressed
GO_Biological_Process_2023,Positive Regulation Of Striated Muscle Cell Differentiation (GO:0051155),4/25,0.4206276028583566,0.99999620015268,0,0,1.2595092915214867,1.0907443548974665,MYOCD;SMYD1;IGF1;RBM24,Basal,Suppressed
GO_Biological_Process_2023,Regulation Of Chondrocyte Differentiation (GO:0032330),4/25,0.4206276028583566,0.99999620015268,0,0,1.2595092915214867,1.0907443548974665,EFEMP1;ZBTB16;PTHLH;SOX5,Basal,Suppressed
GO_Biological_Process_2023,Regulation Of Glycogen Biosynthetic Process (GO:0005979),4/25,0.4206276028583566,0.99999620015268,0,0,1.2595092915214867,1.0907443548974665,PPP1R3C;IRS1;IGF1;SORBS1,Basal,Suppressed
GO_Biological_Process_2023,Regulation Of Intracellular Estrogen Receptor Signaling Pathway (GO:0033146),4/25,0.4206276028583566,0.99999620015268,0,0,1.2595092915214867,1.0907443548974665,FOXA1;KANK2;SRARP;ZNF366,Basal,Suppressed
GO_Biological_Process_2023,Regulation Of Platelet Aggregation (GO:0090330),4/25,0.4206276028583566,0.99999620015268,0,0,1.2595092915214867,1.0907443548974665,IL6;MMRN1;CTSG;IL6ST,Basal,Suppressed
GO_Biological_Process_2023,Sodium Ion Homeostasis (GO:0055078),4/25,0.4206276028583566,0.99999620015268,0,0,1.2595092915214867,1.0907443548974665,CYP4A11;ATP1A4;ATP1A2;CYP4F12,Basal,Suppressed
GO_Biological_Process_2023,Sterol Transport (GO:0015918),4/25,0.4206276028583566,0.99999620015268,0,0,1.2595092915214867,1.0907443548974665,NPC1L1;CAV1;CD36;APOB,Basal,Suppressed
GO_Biological_Process_2023,Insulin Receptor Signaling Pathway (GO:0008286),7/47,0.4237159577372298,0.99999620015268,0,0,1.15723006486074,0.9937041516842888,IRS1;CAV2;PDK4;PIK3R1;SORBS1;FOXO1;GPLD1,Basal,Suppressed
GO_Biological_Process_2023,Positive Regulation Of Smooth Muscle Cell Proliferation (GO:0048661),7/47,0.4237159577372298,0.99999620015268,0,0,1.15723006486074,0.9937041516842888,BMP4;IL6;NR4A3;CDH13;IGF1;FGF2;ELANE,Basal,Suppressed
GO_Biological_Process_2023,Cellular Response To Inorganic Substance (GO:0071241),3/18,0.4278140160976469,0.99999620015268,0,0,1.3224380952380952,1.122838175489035,KCNC2;FOXO1;AQP1,Basal,Suppressed
GO_Biological_Process_2023,fatty-acyl-CoA Metabolic Process (GO:0035337),3/18,0.4278140160976469,0.99999620015268,0,0,1.3224380952380952,1.122838175489035,DGAT2;ACSM2A;SLC27A2,Basal,Suppressed
GO_Biological_Process_2023,Heart Trabecula Morphogenesis (GO:0061384),3/18,0.4278140160976469,0.99999620015268,0,0,1.3224380952380952,1.122838175489035,TGFBR3;S1PR1;TEK,Basal,Suppressed
GO_Biological_Process_2023,Maintenance Of Gastrointestinal Epithelium (GO:0030277),3/18,0.4278140160976469,0.99999620015268,0,0,1.3224380952380952,1.122838175489035,TFF3;TFF1;MUC6,Basal,Suppressed
GO_Biological_Process_2023,Negative Regulation Of Amyloid Precursor Protein Catabolic Process (GO:1902992),3/18,0.4278140160976469,0.99999620015268,0,0,1.3224380952380952,1.122838175489035,NTRK2;RTN1;IGF1,Basal,Suppressed
GO_Biological_Process_2023,Positive Regulation Of G Protein-Coupled Receptor Signaling Pathway (GO:0045745),3/18,0.4278140160976469,0.99999620015268,0,0,1.3224380952380952,1.122838175489035,CHGA;GRP;GPER1,Basal,Suppressed
GO_Biological_Process_2023,Positive Regulation Of Cation Transmembrane Transport (GO:1904064),3/18,0.4278140160976469,0.99999620015268,0,0,1.3224380952380952,1.122838175489035,KCNE1;ANK2;PDZK1,Basal,Suppressed
GO_Biological_Process_2023,Positive Regulation Of Extracellular Matrix Organization (GO:1903055),3/18,0.4278140160976469,0.99999620015268,0,0,1.3224380952380952,1.122838175489035,IL6;TNXB;DDR2,Basal,Suppressed
GO_Biological_Process_2023,Positive Regulation Of Focal Adhesion Assembly (GO:0051894),3/18,0.4278140160976469,0.99999620015268,0,0,1.3224380952380952,1.122838175489035,MYOC;TEK;FERMT2,Basal,Suppressed
GO_Biological_Process_2023,Positive Regulation Of Glycolytic Process (GO:0045821),3/18,0.4278140160976469,0.99999620015268,0,0,1.3224380952380952,1.122838175489035,MLXIPL;IGF1;SLC4A4,Basal,Suppressed
GO_Biological_Process_2023,Positive Regulation Of Nervous System Process (GO:0031646),3/18,0.4278140160976469,0.99999620015268,0,0,1.3224380952380952,1.122838175489035,EGR2;CARTPT;TPPP,Basal,Suppressed
GO_Biological_Process_2023,Positive Regulation Of Triglyceride Metabolic Process (GO:0090208),3/18,0.4278140160976469,0.99999620015268,0,0,1.3224380952380952,1.122838175489035,GPLD1;PLIN5;PNPLA2,Basal,Suppressed
GO_Biological_Process_2023,Regulation Of Epidermal Cell Differentiation (GO:0045604),3/18,0.4278140160976469,0.99999620015268,0,0,1.3224380952380952,1.122838175489035,BMP4;ZFP36;IL20,Basal,Suppressed
GO_Biological_Process_2023,Regulation Of Vascular Endothelial Cell Proliferation (GO:1905562),3/18,0.4278140160976469,0.99999620015268,0,0,1.3224380952380952,1.122838175489035,PSG1;PPARG;FGF2,Basal,Suppressed
GO_Biological_Process_2023,Response To Cholesterol (GO:0070723),3/18,0.4278140160976469,0.99999620015268,0,0,1.3224380952380952,1.122838175489035,GPLD1;TGFBR2;CES1,Basal,Suppressed
GO_Biological_Process_2023,Response To Organophosphorus (GO:0046683),3/18,0.4278140160976469,0.99999620015268,0,0,1.3224380952380952,1.122838175489035,CITED1;KCNJ11;AKR1C1,Basal,Suppressed
GO_Biological_Process_2023,L-alpha-amino Acid Transmembrane Transport (GO:1902475),6/40,0.4318661994238745,0.99999620015268,0,0,1.1669134473011171,0.9797865794053476,SLC25A18;SLC7A8;SLC17A7;SLC1A7;SLC7A2;SLC7A3,Basal,Suppressed
GO_Biological_Process_2023,Regulation Of Microtubule Polymerization (GO:0031113),6/40,0.4318661994238745,0.99999620015268,0,0,1.1669134473011171,0.9797865794053476,CDH5;CAV3;NAV3;ANKRD53;MAPT;SNCA,Basal,Suppressed
GO_Biological_Process_2023,Biogenic Amine Biosynthetic Process (GO:0042401),2/11,0.4343631595896915,0.99999620015268,0,0,1.4693238554624692,1.2252314330862415,PNMT;HDC,Basal,Suppressed
GO_Biological_Process_2023,cGMP Metabolic Process (GO:0046068),2/11,0.4343631595896915,0.99999620015268,0,0,1.4693238554624692,1.2252314330862415,NPR1;PDE2A,Basal,Suppressed
GO_Biological_Process_2023,Cellular Response To UV-B (GO:0071493),2/11,0.4343631595896915,0.99999620015268,0,0,1.4693238554624692,1.2252314330862415,MFAP4;MME,Basal,Suppressed
GO_Biological_Process_2023,Cellular Response To Fluid Shear Stress (GO:0071498),2/11,0.4343631595896915,0.99999620015268,0,0,1.4693238554624692,1.2252314330862415,KLF4;KLF2,Basal,Suppressed
GO_Biological_Process_2023,Cellular Response To Thyroid Hormone Stimulus (GO:0097067),2/11,0.4343631595896915,0.99999620015268,0,0,1.4693238554624692,1.2252314330862415,THRB;KLF9,Basal,Suppressed
GO_Biological_Process_2023,Complement Receptor Mediated Signaling Pathway (GO:0002430),2/11,0.4343631595896915,0.99999620015268,0,0,1.4693238554624692,1.2252314330862415,C5AR2;GPLD1,Basal,Suppressed
GO_Biological_Process_2023,Detection Of Light Stimulus Involved In Sensory Perception (GO:0050962),2/11,0.4343631595896915,0.99999620015268,0,0,1.4693238554624692,1.2252314330862415,REEP6;EYS,Basal,Suppressed
GO_Biological_Process_2023,Detection Of Light Stimulus Involved In Visual Perception (GO:0050908),2/11,0.4343631595896915,0.99999620015268,0,0,1.4693238554624692,1.2252314330862415,REEP6;EYS,Basal,Suppressed
GO_Biological_Process_2023,Digestive System Development (GO:0055123),2/11,0.4343631595896915,0.99999620015268,0,0,1.4693238554624692,1.2252314330862415,CLMP;KIT,Basal,Suppressed
GO_Biological_Process_2023,Epithelial Cell-Cell Adhesion (GO:0090136),2/11,0.4343631595896915,0.99999620015268,0,0,1.4693238554624692,1.2252314330862415,KIT;THBS4,Basal,Suppressed
GO_Biological_Process_2023,Intestinal Absorption (GO:0050892),2/11,0.4343631595896915,0.99999620015268,0,0,1.4693238554624692,1.2252314330862415,LEP;CD36,Basal,Suppressed
GO_Biological_Process_2023,Macrophage Chemotaxis (GO:0048246),2/11,0.4343631595896915,0.99999620015268,0,0,1.4693238554624692,1.2252314330862415,EDNRB;SAA1,Basal,Suppressed
GO_Biological_Process_2023,Negative Regulation Of Bone Remodeling (GO:0046851),2/11,0.4343631595896915,0.99999620015268,0,0,1.4693238554624692,1.2252314330862415,IL6;CARTPT,Basal,Suppressed
GO_Biological_Process_2023,Negative Regulation Of Cellular Response To Vascular Endothelial Growth Factor Stimulus (GO:1902548),2/11,0.4343631595896915,0.99999620015268,0,0,1.4693238554624692,1.2252314330862415,SPRY2;DCN,Basal,Suppressed
GO_Biological_Process_2023,Negative Regulation Of Fibrinolysis (GO:0051918),2/11,0.4343631595896915,0.99999620015268,0,0,1.4693238554624692,1.2252314330862415,THBD;PLAT,Basal,Suppressed
GO_Biological_Process_2023,Negative Regulation Of Glucose Transmembrane Transport (GO:0010829),2/11,0.4343631595896915,0.99999620015268,0,0,1.4693238554624692,1.2252314330862415,PID1;LEP,Basal,Suppressed
GO_Biological_Process_2023,Negative Regulation Of Leukocyte Apoptotic Process (GO:2000107),2/11,0.4343631595896915,0.99999620015268,0,0,1.4693238554624692,1.2252314330862415,CXCL12;CCL21,Basal,Suppressed
GO_Biological_Process_2023,Negative Regulation Of Leukocyte Chemotaxis (GO:0002689),2/11,0.4343631595896915,0.99999620015268,0,0,1.4693238554624692,1.2252314330862415,DUSP1;SLIT2,Basal,Suppressed
GO_Biological_Process_2023,Negative Regulation Of Microtubule Polymerization (GO:0031115),2/11,0.4343631595896915,0.99999620015268,0,0,1.4693238554624692,1.2252314330862415,CDH5;SNCA,Basal,Suppressed
GO_Biological_Process_2023,Negative Regulation Of Myotube Differentiation (GO:0010832),2/11,0.4343631595896915,0.99999620015268,0,0,1.4693238554624692,1.2252314330862415,XBP1;CEACAM5,Basal,Suppressed
GO_Biological_Process_2023,Neurotransmitter Biosynthetic Process (GO:0042136),2/11,0.4343631595896915,0.99999620015268,0,0,1.4693238554624692,1.2252314330862415,SLC5A7;SLC44A4,Basal,Suppressed
GO_Biological_Process_2023,Positive Regulation Of Endoplasmic Reticulum Unfolded Protein Response (GO:1900103),2/11,0.4343631595896915,0.99999620015268,0,0,1.4693238554624692,1.2252314330862415,XBP1;PIK3R1,Basal,Suppressed
GO_Biological_Process_2023,Positive Regulation Of Lipid Transport (GO:0032370),2/11,0.4343631595896915,0.99999620015268,0,0,1.4693238554624692,1.2252314330862415,LRP1;ADIPOQ,Basal,Suppressed
GO_Biological_Process_2023,Positive Regulation Of Myelination (GO:0031643),2/11,0.4343631595896915,0.99999620015268,0,0,1.4693238554624692,1.2252314330862415,EGR2;TPPP,Basal,Suppressed
GO_Biological_Process_2023,Positive Regulation Of Protein Maturation (GO:1903319),2/11,0.4343631595896915,0.99999620015268,0,0,1.4693238554624692,1.2252314330862415,CCBE1;ANGPTL8,Basal,Suppressed
GO_Biological_Process_2023,Positive Regulation Of Triglyceride Biosynthetic Process (GO:0010867),2/11,0.4343631595896915,0.99999620015268,0,0,1.4693238554624692,1.2252314330862415,GPLD1;PLIN5,Basal,Suppressed
GO_Biological_Process_2023,Regulation Of Adipose Tissue Development (GO:1904177),2/11,0.4343631595896915,0.99999620015268,0,0,1.4693238554624692,1.2252314330862415,PLAAT3;PPARG,Basal,Suppressed
GO_Biological_Process_2023,Regulation Of Epithelial Cell Apoptotic Process (GO:1904035),2/11,0.4343631595896915,0.99999620015268,0,0,1.4693238554624692,1.2252314330862415,ZFP36;TEK,Basal,Suppressed
GO_Biological_Process_2023,Regulation Of Fatty Acid Metabolic Process (GO:0019217),2/11,0.4343631595896915,0.99999620015268,0,0,1.4693238554624692,1.2252314330862415,CAV1;PDK4,Basal,Suppressed
GO_Biological_Process_2023,Regulation Of Leukocyte Tethering Or Rolling (GO:1903236),2/11,0.4343631595896915,0.99999620015268,0,0,1.4693238554624692,1.2252314330862415,SELP;CXCL12,Basal,Suppressed
GO_Biological_Process_2023,Regulation Of Mitochondrial Fusion (GO:0010635),2/11,0.4343631595896915,0.99999620015268,0,0,1.4693238554624692,1.2252314330862415,PRKN;PID1,Basal,Suppressed
GO_Biological_Process_2023,Response To Nitric Oxide (GO:0071731),2/11,0.4343631595896915,0.99999620015268,0,0,1.4693238554624692,1.2252314330862415,KCNC2;FOXO1,Basal,Suppressed
GO_Biological_Process_2023,Vitamin D Metabolic Process (GO:0042359),2/11,0.4343631595896915,0.99999620015268,0,0,1.4693238554624692,1.2252314330862415,CYP1A1;CYP3A4,Basal,Suppressed
GO_Biological_Process_2023,Positive Regulation Of Tyrosine Phosphorylation Of STAT Protein (GO:0042531),8/55,0.4373090864890855,0.99999620015268,0,0,1.125548156569758,0.9309578109770392,GHR;IL6;IL20;TSLP;ERBB4;KIT;IGF1;IL6ST,Basal,Suppressed
GO_Biological_Process_2023,Positive Regulation Of Protein Polymerization (GO:0032273),10/70,0.4403619469219663,0.99999620015268,0,0,1.102113572701808,0.9039075761021936,CSF3;TPPP3;NAV3;CAV3;CCL21;ALOX15;LMOD1;ANKRD53;MAPT;TPPP,Basal,Suppressed
GO_Biological_Process_2023,Carboxylic Acid Metabolic Process (GO:0019752),5/33,0.4410117728682708,0.99999620015268,0,0,1.1807635749686836,0.966671901880068,CYP1A2;GLYAT;CYP4F22;PCK1;CYP4F8,Basal,Suppressed
GO_Biological_Process_2023,Lung Development (GO:0030324),5/33,0.4410117728682708,0.99999620015268,0,0,1.1807635749686836,0.966671901880068,BMP4;CEBPA;DNAAF1;TCF21;FGF10,Basal,Suppressed
GO_Biological_Process_2023,Positive Regulation Of DNA Binding (GO:0043388),5/33,0.4410117728682708,0.99999620015268,0,0,1.1807635749686836,0.966671901880068,PRKN;EGF;PPARG;GATA3;IGF1,Basal,Suppressed
GO_Biological_Process_2023,Positive Regulation Of Epidermal Growth Factor Receptor Signaling Pathway (GO:0045742),5/33,0.4410117728682708,0.99999620015268,0,0,1.1807635749686836,0.966671901880068,EGF;GPER1;AGR2;AREG;ADRA2A,Basal,Suppressed
GO_Biological_Process_2023,Positive Regulation Of Ion Transmembrane Transporter Activity (GO:0032414),5/33,0.4410117728682708,0.99999620015268,0,0,1.1807635749686836,0.966671901880068,RELN;DMD;ANK2;ADRB2;PDZK1,Basal,Suppressed
GO_Biological_Process_2023,Regulation Of Cell Adhesion Mediated By Integrin (GO:0033628),5/33,0.4410117728682708,0.99999620015268,0,0,1.1807635749686836,0.966671901880068,P2RY12;CCL21;TESC;PDE3B;JAM3,Basal,Suppressed
GO_Biological_Process_2023,Vasculogenesis (GO:0001570),5/33,0.4410117728682708,0.99999620015268,0,0,1.1807635749686836,0.966671901880068,TGFBR3;RAMP2;SOX17;CAV1;TGFBR2,Basal,Suppressed
GO_Biological_Process_2023,Modulation Of Chemical Synaptic Transmission (GO:0050804),17/123,0.4511452901364979,0.99999620015268,0,0,1.0605421186128354,0.8441552985942795,GRIA1;CX3CR1;LGI1;NLGN4Y;FER1L5;CLSTN2;GRIK5;ADIPOQ;GRIK3;GRIK1;ATP1A2;BAIAP3;SLC4A8;RELN;GRM7;DLGAP2;GRIA4,Basal,Suppressed
GO_Biological_Process_2023,Cellular Response To Xenobiotic Stimulus (GO:0071466),4/26,0.4515615806605817,0.99999620015268,0,0,1.202189578713969,0.9557930393580234,CRHBP;ADIPOQ;FBP1;GPLD1,Basal,Suppressed
GO_Biological_Process_2023,Negative Regulation Of Interleukin-1 Beta Production (GO:0032691),4/26,0.4515615806605817,0.99999620015268,0,0,1.202189578713969,0.9557930393580234,CX3CR1;FFAR4;FFAR1;IGF1,Basal,Suppressed
GO_Biological_Process_2023,Negative Regulation Of Protein Polymerization (GO:0032272),4/26,0.4515615806605817,0.99999620015268,0,0,1.202189578713969,0.9557930393580234,CDH5;SLIT2;SNCA;KANK3,Basal,Suppressed
GO_Biological_Process_2023,Positive Regulation Of Microtubule Polymerization Or Depolymerization (GO:0031112),4/26,0.4515615806605817,0.99999620015268,0,0,1.202189578713969,0.9557930393580234,CAV3;NAV3;ANKRD53;MAPT,Basal,Suppressed
GO_Biological_Process_2023,Protein Localization To Cell Surface (GO:0034394),4/26,0.4515615806605817,0.99999620015268,0,0,1.202189578713969,0.9557930393580234,ANK2;GPIHBP1;JAM3;FGF10,Basal,Suppressed
GO_Biological_Process_2023,Regulation Of Actin Filament Bundle Assembly (GO:0032231),4/26,0.4515615806605817,0.99999620015268,0,0,1.202189578713969,0.9557930393580234,PRKN;SYNPO2L;SYNPO2;SYNPO,Basal,Suppressed
GO_Biological_Process_2023,Regulation Of Cardiac Muscle Cell Contraction (GO:0086004),4/26,0.4515615806605817,0.99999620015268,0,0,1.202189578713969,0.9557930393580234,PLN;CAV3;CAV1;ANK2,Basal,Suppressed
GO_Biological_Process_2023,Regulation Of Cation Channel Activity (GO:2001257),8/56,0.4582054006365302,0.99999620015268,0,0,1.102035623409669,0.8600701719335271,S100G;KCNE1;FGF14;AHNAK;HRC;ANK2;DMD;HCN1,Basal,Suppressed
GO_Biological_Process_2023,Regulation Of Reactive Oxygen Species Metabolic Process (GO:2000377),8/56,0.4582054006365302,0.99999620015268,0,0,1.102035623409669,0.8600701719335271,PRKN;PID1;AKR1C1;AGTR1;UCP1;TGFBR2;PLIN5;SNCA,Basal,Suppressed
GO_Biological_Process_2023,Negative Regulation Of Supramolecular Fiber Organization (GO:1902904),10/71,0.4588919621558432,0.99999620015268,0,0,1.0839835188919085,0.8443586351399369,PRKN;CDH5;LIMA1;PLEKHH2;NAV3;CAV3;BMERB1;SLIT2;KANK3;SNCA,Basal,Suppressed
GO_Biological_Process_2023,Cardiac Epithelial To Mesenchymal Transition (GO:0060317),3/19,0.4642736002369301,0.99999620015268,0,0,1.2397142857142858,0.9512095204029776,BMP4;TGFBR3;SPRY1,Basal,Suppressed
GO_Biological_Process_2023,Cyclic Nucleotide Biosynthetic Process (GO:0009190),3/19,0.4642736002369301,0.99999620015268,0,0,1.2397142857142858,0.9512095204029776,NPR1;ADCY4;ADCY5,Basal,Suppressed
GO_Biological_Process_2023,Dopaminergic Neuron Differentiation (GO:0071542),3/19,0.4642736002369301,0.99999620015268,0,0,1.2397142857142858,0.9512095204029776,FOXA1;LMX1A;WNT9B,Basal,Suppressed
GO_Biological_Process_2023,Inositol Phosphate-Mediated Signaling (GO:0048016),3/19,0.4642736002369301,0.99999620015268,0,0,1.2397142857142858,0.9512095204029776,EDN3;NMUR1;LACRT,Basal,Suppressed
GO_Biological_Process_2023,Leukocyte Adhesion To Vascular Endothelial Cell (GO:0061756),3/19,0.4642736002369301,0.99999620015268,0,0,1.2397142857142858,0.9512095204029776,CX3CR1;SELP;JAM2,Basal,Suppressed
GO_Biological_Process_2023,Multicellular Organismal-Level Water Homeostasis (GO:0050891),3/19,0.4642736002369301,0.99999620015268,0,0,1.2397142857142858,0.9512095204029776,CYP4A11;CYP4F12;AQP1,Basal,Suppressed
GO_Biological_Process_2023,Neuron Apoptotic Process (GO:0051402),3/19,0.4642736002369301,0.99999620015268,0,0,1.2397142857142858,0.9512095204029776,NGFR;TRPC5;BCL2,Basal,Suppressed
GO_Biological_Process_2023,Positive Regulation Of Axon Extension (GO:0045773),3/19,0.4642736002369301,0.99999620015268,0,0,1.2397142857142858,0.9512095204029776,SEMA5A;ISLR2;MAPT,Basal,Suppressed
GO_Biological_Process_2023,Positive Regulation Of calcineurin-NFAT Signaling Cascade (GO:0070886),3/19,0.4642736002369301,0.99999620015268,0,0,1.2397142857142858,0.9512095204029776,C10ORF71;IGF1;LACRT,Basal,Suppressed
GO_Biological_Process_2023,Positive Regulation Of Calcineurin-Mediated Signaling (GO:0106058),3/19,0.4642736002369301,0.99999620015268,0,0,1.2397142857142858,0.9512095204029776,C10ORF71;IGF1;LACRT,Basal,Suppressed
GO_Biological_Process_2023,Regulation Of Fibroblast Growth Factor Receptor Signaling Pathway (GO:0040036),3/19,0.4642736002369301,0.99999620015268,0,0,1.2397142857142858,0.9512095204029776,SPRY2;SPRY1;FGF2,Basal,Suppressed
GO_Biological_Process_2023,Regulation Of Neuroinflammatory Response (GO:0150077),3/19,0.4642736002369301,0.99999620015268,0,0,1.2397142857142858,0.9512095204029776,IL33;IL6;IGF1,Basal,Suppressed
GO_Biological_Process_2023,Regulation Of Smooth Muscle Cell Migration (GO:0014910),3/19,0.4642736002369301,0.99999620015268,0,0,1.2397142857142858,0.9512095204029776,LRP1;IGF1;SLIT2,Basal,Suppressed
GO_Biological_Process_2023,Sphingosine Metabolic Process (GO:0006670),3/19,0.4642736002369301,0.99999620015268,0,0,1.2397142857142858,0.9512095204029776,ACER2;PLPP3;PLPP1,Basal,Suppressed
GO_Biological_Process_2023,Cellular Response To Glucose Stimulus (GO:0071333),5/34,0.4679932960408697,0.99999620015268,0,0,1.1399818580987813,0.8655897157980156,MLXIPL;XBP1;PTPRN2;GPER1;PCK1,Basal,Suppressed
GO_Biological_Process_2023,Cellular Response To Vascular Endothelial Growth Factor Stimulus (GO:0035924),5/34,0.4679932960408697,0.99999620015268,0,0,1.1399818580987813,0.8655897157980156,NR4A1;RAMP2;EGR3;SPRY2;VEGFD,Basal,Suppressed
GO_Biological_Process_2023,Semaphorin-Plexin Signaling Pathway (GO:0071526),5/34,0.4679932960408697,0.99999620015268,0,0,1.1399818580987813,0.8655897157980156,SEMA5A;SEMA3C;SEMA6D;SEMA3G;PLXNA4,Basal,Suppressed
GO_Biological_Process_2023,Second-Messenger-Mediated Signaling (GO:0019932),10/72,0.4773242430826413,0.99999620015268,0,0,1.0664383055274895,0.7886943284783792,P2RY12;EDNRB;EDN3;PTGDR2;AGTR1;NDNF;NMUR1;CD36;AGTR2;LACRT,Basal,Suppressed
GO_Biological_Process_2023,Striated Muscle Contraction (GO:0006941),8/57,0.4789496412565285,0.99999620015268,0,0,1.0794827854806044,0.7946718532405807,MYL3;TNNT3;CASQ2;ATP1A2;DMD;SCN3B;SCN4B;SCN2B,Basal,Suppressed
GO_Biological_Process_2023,Amino Acid Transmembrane Transport (GO:0003333),6/42,0.4805790862619966,0.99999620015268,0,0,1.101957793033308,0.8074744189927398,SLC25A18;SLC7A8;SLC7A13;SLC38A11;SLC7A10;SLC38A4,Basal,Suppressed
GO_Biological_Process_2023,Potassium Ion Import Across Plasma Membrane (GO:1990573),6/42,0.4805790862619966,0.99999620015268,0,0,1.101957793033308,0.8074744189927398,KCNJ11;ATP1A4;KCNJ16;ATP1A2;ABCC9;KCNJ3,Basal,Suppressed
GO_Biological_Process_2023,Skeletal Muscle Tissue Development (GO:0007519),6/42,0.4805790862619966,0.99999620015268,0,0,1.101957793033308,0.8074744189927398,EGR2;CAV2;CAV1;TCF21;DMD;MYOZ2,Basal,Suppressed
GO_Biological_Process_2023,C4-dicarboxylate Transport (GO:0015740),2/12,0.4808065727530574,0.99999620015268,0,0,1.3223153084539223,0.96831857528173,SLC13A2;SLC25A18,Basal,Suppressed
GO_Biological_Process_2023,G Protein-Coupled Glutamate Receptor Signaling Pathway (GO:0007216),2/12,0.4808065727530574,0.99999620015268,0,0,1.3223153084539223,0.96831857528173,TRPM1;GRM7,Basal,Suppressed
GO_Biological_Process_2023,Adipose Tissue Development (GO:0060612),2/12,0.4808065727530574,0.99999620015268,0,0,1.3223153084539223,0.96831857528173,XBP1;DGAT2,Basal,Suppressed
GO_Biological_Process_2023,Astrocyte Activation (GO:0048143),2/12,0.4808065727530574,0.99999620015268,0,0,1.3223153084539223,0.96831857528173,LRP1;MAPT,Basal,Suppressed
GO_Biological_Process_2023,Atrial Cardiac Muscle Tissue Development (GO:0003228),2/12,0.4808065727530574,0.99999620015268,0,0,1.3223153084539223,0.96831857528173,BMP4;CACNA1G,Basal,Suppressed
GO_Biological_Process_2023,Detection Of Calcium Ion (GO:0005513),2/12,0.4808065727530574,0.99999620015268,0,0,1.3223153084539223,0.96831857528173,KCNIP2;CASQ2,Basal,Suppressed
GO_Biological_Process_2023,Fatty Acid Transmembrane Transport (GO:1902001),2/12,0.4808065727530574,0.99999620015268,0,0,1.3223153084539223,0.96831857528173,ABCD2;CD36,Basal,Suppressed
GO_Biological_Process_2023,Low-Density Lipoprotein Particle Remodeling (GO:0034374),2/12,0.4808065727530574,0.99999620015268,0,0,1.3223153084539223,0.96831857528173,AGTR1;APOB,Basal,Suppressed
GO_Biological_Process_2023,Macrophage Migration (GO:1905517),2/12,0.4808065727530574,0.99999620015268,0,0,1.3223153084539223,0.96831857528173,EDNRB;SAA1,Basal,Suppressed
GO_Biological_Process_2023,Myelination In Peripheral Nervous System (GO:0022011),2/12,0.4808065727530574,0.99999620015268,0,0,1.3223153084539223,0.96831857528173,MYOC;LGI4,Basal,Suppressed
GO_Biological_Process_2023,Negative Regulation Of Coagulation (GO:0050819),2/12,0.4808065727530574,0.99999620015268,0,0,1.3223153084539223,0.96831857528173,THBD;TFPI,Basal,Suppressed
GO_Biological_Process_2023,Negative Regulation Of Macrophage Derived Foam Cell Differentiation (GO:0010745),2/12,0.4808065727530574,0.99999620015268,0,0,1.3223153084539223,0.96831857528173,ADIPOQ;PPARG,Basal,Suppressed
GO_Biological_Process_2023,Negative Regulation Of Mononuclear Cell Migration (GO:0071676),2/12,0.4808065727530574,0.99999620015268,0,0,1.3223153084539223,0.96831857528173,DUSP1;SLIT2,Basal,Suppressed
GO_Biological_Process_2023,Positive Regulation Of Calcium-Mediated Signaling (GO:0050850),2/12,0.4808065727530574,0.99999620015268,0,0,1.3223153084539223,0.96831857528173,CDH13;LACRT,Basal,Suppressed
GO_Biological_Process_2023,Positive Regulation Of Cellular Extravasation (GO:0002693),2/12,0.4808065727530574,0.99999620015268,0,0,1.3223153084539223,0.96831857528173,LYVE1;JAM3,Basal,Suppressed
GO_Biological_Process_2023,Positive Regulation Of Insulin Receptor Signaling Pathway (GO:0046628),2/12,0.4808065727530574,0.99999620015268,0,0,1.3223153084539223,0.96831857528173,IRS1;SORBS1,Basal,Suppressed
GO_Biological_Process_2023,Positive Regulation Of Integrin-Mediated Signaling Pathway (GO:2001046),2/12,0.4808065727530574,0.99999620015268,0,0,1.3223153084539223,0.96831857528173,LAMA2;LIMS2,Basal,Suppressed
GO_Biological_Process_2023,Positive Regulation Of Neuroinflammatory Response (GO:0150078),2/12,0.4808065727530574,0.99999620015268,0,0,1.3223153084539223,0.96831857528173,IL33;IL6,Basal,Suppressed
GO_Biological_Process_2023,Positive Regulation Of Nuclear-Transcribed mRNA poly(A) Tail Shortening (GO:0060213),2/12,0.4808065727530574,0.99999620015268,0,0,1.3223153084539223,0.96831857528173,BTG2;ZFP36,Basal,Suppressed
GO_Biological_Process_2023,Positive Regulation Of Ruffle Assembly (GO:1900029),2/12,0.4808065727530574,0.99999620015268,0,0,1.3223153084539223,0.96831857528173,P2RY12;EPS8L3,Basal,Suppressed
GO_Biological_Process_2023,Positive Regulation Of Sodium Ion Transmembrane Transporter Activity (GO:2000651),2/12,0.4808065727530574,0.99999620015268,0,0,1.3223153084539223,0.96831857528173,TESC;DMD,Basal,Suppressed
GO_Biological_Process_2023,Positive Regulation Of Vascular Endothelial Cell Proliferation (GO:1905564),2/12,0.4808065727530574,0.99999620015268,0,0,1.3223153084539223,0.96831857528173,PSG1;FGF2,Basal,Suppressed
GO_Biological_Process_2023,Regulation Of Actin Filament Organization (GO:0110053),2/12,0.4808065727530574,0.99999620015268,0,0,1.3223153084539223,0.96831857528173,CSF3;CXCL12,Basal,Suppressed
GO_Biological_Process_2023,Regulation Of Interleukin-5 Production (GO:0032674),2/12,0.4808065727530574,0.99999620015268,0,0,1.3223153084539223,0.96831857528173,TSLP;GATA3,Basal,Suppressed
GO_Biological_Process_2023,Regulation Of Monooxygenase Activity (GO:0032768),2/12,0.4808065727530574,0.99999620015268,0,0,1.3223153084539223,0.96831857528173,LEP;SNCA,Basal,Suppressed
GO_Biological_Process_2023,Regulation Of Retinoic Acid Receptor Signaling Pathway (GO:0048385),2/12,0.4808065727530574,0.99999620015268,0,0,1.3223153084539223,0.96831857528173,CYP26A1;KLF2,Basal,Suppressed
GO_Biological_Process_2023,Regulation Of Tube Diameter (GO:0035296),2/12,0.4808065727530574,0.99999620015268,0,0,1.3223153084539223,0.96831857528173,NPR1;AGTR1,Basal,Suppressed
GO_Biological_Process_2023,Response To Thyroid Hormone (GO:0097066),2/12,0.4808065727530574,0.99999620015268,0,0,1.3223153084539223,0.96831857528173,THRB;KLF9,Basal,Suppressed
GO_Biological_Process_2023,Secretion (GO:0046903),2/12,0.4808065727530574,0.99999620015268,0,0,1.3223153084539223,0.96831857528173,NPR1;VIP,Basal,Suppressed
GO_Biological_Process_2023,Spinal Cord Development (GO:0021510),2/12,0.4808065727530574,0.99999620015268,0,0,1.3223153084539223,0.96831857528173,VIT;RELN,Basal,Suppressed
GO_Biological_Process_2023,Vascular Process In Circulatory System (GO:0003018),2/12,0.4808065727530574,0.99999620015268,0,0,1.3223153084539223,0.96831857528173,NPR1;AGTR1,Basal,Suppressed
GO_Biological_Process_2023,Activation Of Phospholipase C Activity (GO:0007202),4/27,0.4819365400633786,0.99999620015268,0,0,1.1498541887592788,0.8393278243316501,P2RY12;NMUR1;AVPR1A;ARHGAP6,Basal,Suppressed
GO_Biological_Process_2023,Amino Acid Import Across Plasma Membrane (GO:0089718),4/27,0.4819365400633786,0.99999620015268,0,0,1.1498541887592788,0.8393278243316501,SLC7A8;SLC7A2;SLC7A3;SLC38A4,Basal,Suppressed
GO_Biological_Process_2023,Microtubule Polymerization Or Depolymerization (GO:0031109),4/27,0.4819365400633786,0.99999620015268,0,0,1.1498541887592788,0.8393278243316501,TPPP3;STMND1;TPPP;MAPT,Basal,Suppressed
GO_Biological_Process_2023,Positive Regulation Of Calcium Ion Transmembrane Transporter Activity (GO:1901021),4/27,0.4819365400633786,0.99999620015268,0,0,1.1498541887592788,0.8393278243316501,GSTM2;ANK2;CASQ1;TRDN,Basal,Suppressed
GO_Biological_Process_2023,Positive Regulation Of Immune System Process (GO:0002684),4/27,0.4819365400633786,0.99999620015268,0,0,1.1498541887592788,0.8393278243316501,HCAR2;C6;C7;C8B,Basal,Suppressed
GO_Biological_Process_2023,Regulation Of SMAD Protein Signal Transduction (GO:0060390),4/27,0.4819365400633786,0.99999620015268,0,0,1.1498541887592788,0.8393278243316501,BMP4;LRP1;CILP;PPARG,Basal,Suppressed
GO_Biological_Process_2023,Regulation Of Mitochondrial Fission (GO:0090140),4/27,0.4819365400633786,0.99999620015268,0,0,1.1498541887592788,0.8393278243316501,PRKN;PPARG;MAPT;DCN,Basal,Suppressed
GO_Biological_Process_2023,Regulation Of Transcription Regulatory Region DNA Binding (GO:2000677),4/27,0.4819365400633786,0.99999620015268,0,0,1.1498541887592788,0.8393278243316501,PER2;MSX2;GATA3;IGF1,Basal,Suppressed
GO_Biological_Process_2023,Ventricular Septum Morphogenesis (GO:0060412),4/27,0.4819365400633786,0.99999620015268,0,0,1.1498541887592788,0.8393278243316501,BMP4;TGFBR3;SLIT2;TGFBR2,Basal,Suppressed
GO_Biological_Process_2023,Inorganic Cation Import Across Plasma Membrane (GO:0098659),14/103,0.4896577898418773,0.99999620015268,0,0,1.040043671500907,0.7426416443100837,KCNJ11;CACNA2D1;ATP1A4;KCNJ16;ABCC9;ATP1A2;CACNA1G;TRPM1;SCN11A;SCN9A;SCN7A;SCN4A;SCN3A;KCNJ3,Basal,Suppressed
GO_Biological_Process_2023,Cell Chemotaxis (GO:0060326),7/50,0.4908201100638497,0.99999620015268,0,0,1.0763067531476536,0.7659833993393451,SEMA5A;NR4A1;EGR3;CXCL12;CCL21;KIT;AGTR1,Basal,Suppressed
GO_Biological_Process_2023,Positive Regulation Of Developmental Growth (GO:0048639),7/50,0.4908201100638497,0.99999620015268,0,0,1.0763067531476536,0.7659833993393451,GHR;RNF157;GHRH;LEP;AGR2;ISLR2;MAPT,Basal,Suppressed
GO_Biological_Process_2023,Positive Regulation Of Transport (GO:0051050),7/50,0.4908201100638497,0.99999620015268,0,0,1.0763067531476536,0.7659833993393451,LRP1;GPC3;DOC2B;SGK2;LACRT;GPLD1;SNCA,Basal,Suppressed
GO_Biological_Process_2023,Adherens Junction Organization (GO:0034332),5/35,0.4945550820980947,0.99999620015268,0,0,1.1019189223535393,0.7758575260888156,CDH5;RAMP2;CDH13;FERMT2;JAM3,Basal,Suppressed
GO_Biological_Process_2023,Glutamate Receptor Signaling Pathway (GO:0007215),5/35,0.4945550820980947,0.99999620015268,0,0,1.1019189223535393,0.7758575260888156,TRPM1;GRM7;GRIK3;GRIK1;GRIA4,Basal,Suppressed
GO_Biological_Process_2023,Hexose Biosynthetic Process (GO:0019319),5/35,0.4945550820980947,0.99999620015268,0,0,1.1019189223535393,0.7758575260888156,PER2;PFKFB1;G6PC2;PCK1;FBP1,Basal,Suppressed
GO_Biological_Process_2023,Platelet Aggregation (GO:0070527),5/35,0.4945550820980947,0.99999620015268,0,0,1.1019189223535393,0.7758575260888156,FGB;P2RY12;FGA;FGG;HBB,Basal,Suppressed
GO_Biological_Process_2023,Regulation Of Sodium Ion Transport (GO:0002028),5/35,0.4945550820980947,0.99999620015268,0,0,1.1019189223535393,0.7758575260888156,PER1;WNK4;GPD1L;SCN3B;SCN4B,Basal,Suppressed
GO_Biological_Process_2023,Monocarboxylic Acid Transport (GO:0015718),10/73,0.4956222747878862,0.99999620015268,0,0,1.0494500830635285,0.7366522350556732,SLCO1C1;SLC10A6;FABP4;ACSL1;AKR1C1;SLC16A6;SLC16A12;SLC16A7;ABCC11;ABCG2,Basal,Suppressed
GO_Biological_Process_2023,Positive Regulation Of Secretion By Cell (GO:1903532),10/73,0.4956222747878862,0.99999620015268,0,0,1.0494500830635285,0.7366522350556732,FGB;MYOM1;FGA;EDN3;GPER1;FGG;IGF1;SYTL4;SNCA;BAIAP3,Basal,Suppressed
GO_Biological_Process_2023,Anterior/Posterior Axis Specification (GO:0009948),3/20,0.4996691611181195,0.99999620015268,0,0,1.16672268907563,0.8094827924064316,TDGF1;HOXD8;WLS,Basal,Suppressed
GO_Biological_Process_2023,Cellular Response To Copper Ion (GO:0071280),3/20,0.4996691611181195,0.99999620015268,0,0,1.16672268907563,0.8094827924064316,MT1A;AQP1;SNCA,Basal,Suppressed
GO_Biological_Process_2023,Epithelial Cilium Movement Involved In Extracellular Fluid Movement (GO:0003351),3/20,0.4996691611181195,0.99999620015268,0,0,1.16672268907563,0.8094827924064316,SPAG6;DNAAF1;NEK10,Basal,Suppressed
GO_Biological_Process_2023,Gamma-Aminobutyric Acid Signaling Pathway (GO:0007214),3/20,0.4996691611181195,0.99999620015268,0,0,1.16672268907563,0.8094827924064316,GABRA2;GABRA4;GABRG1,Basal,Suppressed
GO_Biological_Process_2023,Microglial Cell Activation (GO:0001774),3/20,0.4996691611181195,0.99999620015268,0,0,1.16672268907563,0.8094827924064316,CX3CR1;MAPT;SNCA,Basal,Suppressed
GO_Biological_Process_2023,Myoblast Differentiation (GO:0045445),3/20,0.4996691611181195,0.99999620015268,0,0,1.16672268907563,0.8094827924064316,MYOCD;EPAS1;IGF1,Basal,Suppressed
GO_Biological_Process_2023,Peripheral Nervous System Development (GO:0007422),3/20,0.4996691611181195,0.99999620015268,0,0,1.16672268907563,0.8094827924064316,GSTM3;EGR2;ASIC2,Basal,Suppressed
GO_Biological_Process_2023,Positive Regulation Of Leukocyte Activation (GO:0002696),3/20,0.4996691611181195,0.99999620015268,0,0,1.16672268907563,0.8094827924064316,CEBPA;IL33;TSLP,Basal,Suppressed
GO_Biological_Process_2023,Positive Regulation Of Lipid Storage (GO:0010884),3/20,0.4996691611181195,0.99999620015268,0,0,1.16672268907563,0.8094827924064316,CIDEA;VSTM2A;PLIN5,Basal,Suppressed
GO_Biological_Process_2023,Positive Regulation Of Vascular Associated Smooth Muscle Cell Proliferation (GO:1904707),3/20,0.4996691611181195,0.99999620015268,0,0,1.16672268907563,0.8094827924064316,NR4A3;IGF1;FGF2,Basal,Suppressed
GO_Biological_Process_2023,Regulation Of Calcium Ion Import (GO:0090279),3/20,0.4996691611181195,0.99999620015268,0,0,1.16672268907563,0.8094827924064316,CXCL12;PLN;EGF,Basal,Suppressed
GO_Biological_Process_2023,Regulation Of Cardiac Muscle Cell Proliferation (GO:0060043),3/20,0.4996691611181195,0.99999620015268,0,0,1.16672268907563,0.8094827924064316,TGFBR3;ERBB4;FGF2,Basal,Suppressed
GO_Biological_Process_2023,Regulation Of Smooth Muscle Contraction (GO:0006940),3/20,0.4996691611181195,0.99999620015268,0,0,1.16672268907563,0.8094827924064316,CNN1;MYOCD;CAV1,Basal,Suppressed
GO_Biological_Process_2023,Learning (GO:0007612),6/43,0.5044651868054918,0.99999620015268,0,0,1.0721133032345846,0.7336004395566684,NLGN4Y;NTRK2;CLDN5;GPR88;NRXN3;PTN,Basal,Suppressed
GO_Biological_Process_2023,Negative Regulation Of BMP Signaling Pathway (GO:0030514),6/43,0.5044651868054918,0.99999620015268,0,0,1.0721133032345846,0.7336004395566684,GREM2;BMPER;CHRD;CRIM1;PPARG;CHRDL1,Basal,Suppressed
GO_Biological_Process_2023,Regulation Of Filopodium Assembly (GO:0051489),6/43,0.5044651868054918,0.99999620015268,0,0,1.0721133032345846,0.7336004395566684,GPM6A;DOCK11;TENM2;CCL21;PALM;PIK3R1,Basal,Suppressed
GO_Biological_Process_2023,C-terminal Protein Lipidation (GO:0006501),1/5,0.5056132860825439,0.99999620015268,0,0,1.6528359345260757,1.1272062713444562,GPLD1,Basal,Suppressed
GO_Biological_Process_2023,ERBB2-EGFR Signaling Pathway (GO:0038134),1/5,0.5056132860825439,0.99999620015268,0,0,1.6528359345260757,1.1272062713444562,EGF,Basal,Suppressed
GO_Biological_Process_2023,T-helper 2 Cell Differentiation (GO:0045064),1/5,0.5056132860825439,0.99999620015268,0,0,1.6528359345260757,1.1272062713444562,GATA3,Basal,Suppressed
GO_Biological_Process_2023,Adenylate Cyclase-Activating Dopamine Receptor Signaling Pathway (GO:0007191),1/5,0.5056132860825439,0.99999620015268,0,0,1.6528359345260757,1.1272062713444562,GNG2,Basal,Suppressed
GO_Biological_Process_2023,Ammonium Homeostasis (GO:0097272),1/5,0.5056132860825439,0.99999620015268,0,0,1.6528359345260757,1.1272062713444562,RHAG,Basal,Suppressed
GO_Biological_Process_2023,Aromatic Compound Biosynthetic Process (GO:0019438),1/5,0.5056132860825439,0.99999620015268,0,0,1.6528359345260757,1.1272062713444562,HDC,Basal,Suppressed
GO_Biological_Process_2023,Autocrine Signaling (GO:0035425),1/5,0.5056132860825439,0.99999620015268,0,0,1.6528359345260757,1.1272062713444562,CX3CR1,Basal,Suppressed
GO_Biological_Process_2023,Axo-Dendritic Transport (GO:0008088),1/5,0.5056132860825439,0.99999620015268,0,0,1.6528359345260757,1.1272062713444562,MAPT,Basal,Suppressed
GO_Biological_Process_2023,Behavioral Fear Response (GO:0001662),1/5,0.5056132860825439,0.99999620015268,0,0,1.6528359345260757,1.1272062713444562,GRM7,Basal,Suppressed
GO_Biological_Process_2023,Bradykinin Catabolic Process (GO:0010815),1/5,0.5056132860825439,0.99999620015268,0,0,1.6528359345260757,1.1272062713444562,MME,Basal,Suppressed
GO_Biological_Process_2023,Cell Junction Disassembly (GO:0150146),1/5,0.5056132860825439,0.99999620015268,0,0,1.6528359345260757,1.1272062713444562,CX3CR1,Basal,Suppressed
GO_Biological_Process_2023,Cell-Cell Signaling Involved In Cardiac Conduction (GO:0086019),1/5,0.5056132860825439,0.99999620015268,0,0,1.6528359345260757,1.1272062713444562,CASQ2,Basal,Suppressed
GO_Biological_Process_2023,Cellular Response To Cold (GO:0070417),1/5,0.5056132860825439,0.99999620015268,0,0,1.6528359345260757,1.1272062713444562,FOXO1,Basal,Suppressed
GO_Biological_Process_2023,Cellular Response To Iron Ion (GO:0071281),1/5,0.5056132860825439,0.99999620015268,0,0,1.6528359345260757,1.1272062713444562,F3,Basal,Suppressed
GO_Biological_Process_2023,Cellular Response To Magnesium Ion (GO:0071286),1/5,0.5056132860825439,0.99999620015268,0,0,1.6528359345260757,1.1272062713444562,FBP1,Basal,Suppressed
GO_Biological_Process_2023,Cerebral Cortex Cell Migration (GO:0021795),1/5,0.5056132860825439,0.99999620015268,0,0,1.6528359345260757,1.1272062713444562,RELN,Basal,Suppressed
GO_Biological_Process_2023,Cholesterol Import (GO:0070508),1/5,0.5056132860825439,0.99999620015268,0,0,1.6528359345260757,1.1272062713444562,CD36,Basal,Suppressed
GO_Biological_Process_2023,Choline Metabolic Process (GO:0019695),1/5,0.5056132860825439,0.99999620015268,0,0,1.6528359345260757,1.1272062713444562,DMGDH,Basal,Suppressed
GO_Biological_Process_2023,Determination Of Liver Left/Right Asymmetry (GO:0071910),1/5,0.5056132860825439,0.99999620015268,0,0,1.6528359345260757,1.1272062713444562,DNAAF1,Basal,Suppressed
GO_Biological_Process_2023,Ear Development (GO:0043583),1/5,0.5056132860825439,0.99999620015268,0,0,1.6528359345260757,1.1272062713444562,GATA3,Basal,Suppressed
GO_Biological_Process_2023,Endothelin Receptor Signaling Pathway (GO:0086100),1/5,0.5056132860825439,0.99999620015268,0,0,1.6528359345260757,1.1272062713444562,EDNRB,Basal,Suppressed
GO_Biological_Process_2023,Epithelial Tube Branching Involved In Lung Morphogenesis (GO:0060441),1/5,0.5056132860825439,0.99999620015268,0,0,1.6528359345260757,1.1272062713444562,FGF10,Basal,Suppressed
GO_Biological_Process_2023,Epithelial Tube Formation (GO:0072175),1/5,0.5056132860825439,0.99999620015268,0,0,1.6528359345260757,1.1272062713444562,GATA3,Basal,Suppressed
GO_Biological_Process_2023,Establishment Of Lymphocyte Polarity (GO:0001767),1/5,0.5056132860825439,0.99999620015268,0,0,1.6528359345260757,1.1272062713444562,CCL21,Basal,Suppressed
GO_Biological_Process_2023,Gamma-Aminobutyric Acid Metabolic Process (GO:0009448),1/5,0.5056132860825439,0.99999620015268,0,0,1.6528359345260757,1.1272062713444562,ALDH1A1,Basal,Suppressed
GO_Biological_Process_2023,Glomerular Epithelial Cell Differentiation (GO:0072311),1/5,0.5056132860825439,0.99999620015268,0,0,1.6528359345260757,1.1272062713444562,KLF15,Basal,Suppressed
GO_Biological_Process_2023,Glyoxylate Metabolic Process (GO:0046487),1/5,0.5056132860825439,0.99999620015268,0,0,1.6528359345260757,1.1272062713444562,HOGA1,Basal,Suppressed
GO_Biological_Process_2023,Hepatocyte Differentiation (GO:0070365),1/5,0.5056132860825439,0.99999620015268,0,0,1.6528359345260757,1.1272062713444562,PCK1,Basal,Suppressed
GO_Biological_Process_2023,Inflammatory Response To Wounding (GO:0090594),1/5,0.5056132860825439,0.99999620015268,0,0,1.6528359345260757,1.1272062713444562,IL6,Basal,Suppressed
GO_Biological_Process_2023,Insulin Processing (GO:0030070),1/5,0.5056132860825439,0.99999620015268,0,0,1.6528359345260757,1.1272062713444562,SLC30A8,Basal,Suppressed
GO_Biological_Process_2023,Intracellular Water Homeostasis (GO:0009992),1/5,0.5056132860825439,0.99999620015268,0,0,1.6528359345260757,1.1272062713444562,SCTR,Basal,Suppressed
GO_Biological_Process_2023,Leukocyte Chemotaxis Involved In Inflammatory Response (GO:0002232),1/5,0.5056132860825439,0.99999620015268,0,0,1.6528359345260757,1.1272062713444562,PTN,Basal,Suppressed
GO_Biological_Process_2023,Lipid Droplet Disassembly (GO:1905691),1/5,0.5056132860825439,0.99999620015268,0,0,1.6528359345260757,1.1272062713444562,PNPLA2,Basal,Suppressed
GO_Biological_Process_2023,Lipoprotein Metabolic Process (GO:0042157),1/5,0.5056132860825439,0.99999620015268,0,0,1.6528359345260757,1.1272062713444562,NPC1L1,Basal,Suppressed
GO_Biological_Process_2023,Medium-Chain fatty-acyl-CoA Metabolic Process (GO:0036112),1/5,0.5056132860825439,0.99999620015268,0,0,1.6528359345260757,1.1272062713444562,ACSM2A,Basal,Suppressed
GO_Biological_Process_2023,Mesenchymal Cell Differentiation Involved In Kidney Development (GO:0072161),1/5,0.5056132860825439,0.99999620015268,0,0,1.6528359345260757,1.1272062713444562,TCF21,Basal,Suppressed
GO_Biological_Process_2023,Mesodermal Cell Fate Commitment (GO:0001710),1/5,0.5056132860825439,0.99999620015268,0,0,1.6528359345260757,1.1272062713444562,KLF4,Basal,Suppressed
GO_Biological_Process_2023,Mitochondrial Protein Catabolic Process (GO:0035694),1/5,0.5056132860825439,0.99999620015268,0,0,1.6528359345260757,1.1272062713444562,SPATA18,Basal,Suppressed
GO_Biological_Process_2023,Monoterpenoid Metabolic Process (GO:0016098),1/5,0.5056132860825439,0.99999620015268,0,0,1.6528359345260757,1.1272062713444562,CYP3A4,Basal,Suppressed
GO_Biological_Process_2023,Morphogenesis Of An Endothelium (GO:0003159),1/5,0.5056132860825439,0.99999620015268,0,0,1.6528359345260757,1.1272062713444562,RHOB,Basal,Suppressed
GO_Biological_Process_2023,Negative Regulation Of Amyloid Precursor Protein Biosynthetic Process (GO:0042985),1/5,0.5056132860825439,0.99999620015268,0,0,1.6528359345260757,1.1272062713444562,ITM2A,Basal,Suppressed
GO_Biological_Process_2023,Negative Regulation Of Calcium Ion Import (GO:0090281),1/5,0.5056132860825439,0.99999620015268,0,0,1.6528359345260757,1.1272062713444562,PLN,Basal,Suppressed
GO_Biological_Process_2023,Negative Regulation Of Cell Size (GO:0045792),1/5,0.5056132860825439,0.99999620015268,0,0,1.6528359345260757,1.1272062713444562,CAV3,Basal,Suppressed
GO_Biological_Process_2023,Negative Regulation Of Cellular Extravasation (GO:0002692),1/5,0.5056132860825439,0.99999620015268,0,0,1.6528359345260757,1.1272062713444562,CXCL12,Basal,Suppressed
GO_Biological_Process_2023,Negative Regulation Of Chemokine-Mediated Signaling Pathway (GO:0070100),1/5,0.5056132860825439,0.99999620015268,0,0,1.6528359345260757,1.1272062713444562,SLIT2,Basal,Suppressed
GO_Biological_Process_2023,Negative Regulation Of Erythrocyte Differentiation (GO:0045647),1/5,0.5056132860825439,0.99999620015268,0,0,1.6528359345260757,1.1272062713444562,ZFP36,Basal,Suppressed
GO_Biological_Process_2023,Negative Regulation Of Insulin-Like Growth Factor Receptor Signaling Pathway (GO:0043569),1/5,0.5056132860825439,0.99999620015268,0,0,1.6528359345260757,1.1272062713444562,CILP,Basal,Suppressed
GO_Biological_Process_2023,Negative Regulation Of Lamellipodium Organization (GO:1902744),1/5,0.5056132860825439,0.99999620015268,0,0,1.6528359345260757,1.1272062713444562,SLIT2,Basal,Suppressed
GO_Biological_Process_2023,Negative Regulation Of Meiotic Cell Cycle (GO:0051447),1/5,0.5056132860825439,0.99999620015268,0,0,1.6528359345260757,1.1272062713444562,DUSP1,Basal,Suppressed
GO_Biological_Process_2023,Negative Regulation Of Myeloid Leukocyte Mediated Immunity (GO:0002887),1/5,0.5056132860825439,0.99999620015268,0,0,1.6528359345260757,1.1272062713444562,CX3CR1,Basal,Suppressed
GO_Biological_Process_2023,Negative Regulation Of Nervous System Process (GO:0031645),1/5,0.5056132860825439,0.99999620015268,0,0,1.6528359345260757,1.1272062713444562,JAM2,Basal,Suppressed
GO_Biological_Process_2023,Negative Regulation Of Neuron Migration (GO:2001223),1/5,0.5056132860825439,0.99999620015268,0,0,1.6528359345260757,1.1272062713444562,TNN,Basal,Suppressed
GO_Biological_Process_2023,Negative Regulation Of Protein Targeting To Membrane (GO:0090315),1/5,0.5056132860825439,0.99999620015268,0,0,1.6528359345260757,1.1272062713444562,KCNE1,Basal,Suppressed
GO_Biological_Process_2023,Nephron Tubule Development (GO:0072080),1/5,0.5056132860825439,0.99999620015268,0,0,1.6528359345260757,1.1272062713444562,TFAP2B,Basal,Suppressed
GO_Biological_Process_2023,Neutrophil Extravasation (GO:0072672),1/5,0.5056132860825439,0.99999620015268,0,0,1.6528359345260757,1.1272062713444562,PECAM1,Basal,Suppressed
GO_Biological_Process_2023,Nucleoside Triphosphate Biosynthetic Process (GO:0009142),1/5,0.5056132860825439,0.99999620015268,0,0,1.6528359345260757,1.1272062713444562,AK5,Basal,Suppressed
GO_Biological_Process_2023,Photoreceptor Cell Differentiation (GO:0046530),1/5,0.5056132860825439,0.99999620015268,0,0,1.6528359345260757,1.1272062713444562,RP1,Basal,Suppressed
GO_Biological_Process_2023,Plus-End-Directed Organelle Transport Along Microtubule (GO:0072386),1/5,0.5056132860825439,0.99999620015268,0,0,1.6528359345260757,1.1272062713444562,MAPT,Basal,Suppressed
GO_Biological_Process_2023,Podocyte Cell Migration (GO:0090521),1/5,0.5056132860825439,0.99999620015268,0,0,1.6528359345260757,1.1272062713444562,KANK2,Basal,Suppressed
GO_Biological_Process_2023,Polyamine Transport (GO:0015846),1/5,0.5056132860825439,0.99999620015268,0,0,1.6528359345260757,1.1272062713444562,SLC22A3,Basal,Suppressed
GO_Biological_Process_2023,Positive Regulation Of I-kappaB Phosphorylation (GO:1903721),1/5,0.5056132860825439,0.99999620015268,0,0,1.6528359345260757,1.1272062713444562,CX3CR1,Basal,Suppressed
GO_Biological_Process_2023,"Positive Regulation Of Wnt Signaling Pathway, Planar Cell Polarity Pathway (GO:2000096)",1/5,0.5056132860825439,0.99999620015268,0,0,1.6528359345260757,1.1272062713444562,RSPO3,Basal,Suppressed
GO_Biological_Process_2023,Positive Regulation Of Antigen Processing And Presentation (GO:0002579),1/5,0.5056132860825439,0.99999620015268,0,0,1.6528359345260757,1.1272062713444562,CCL21,Basal,Suppressed
GO_Biological_Process_2023,Positive Regulation Of Autophagy Of Mitochondrion In Response To Mitochondrial Depolarization (GO:1904925),1/5,0.5056132860825439,0.99999620015268,0,0,1.6528359345260757,1.1272062713444562,PRKN,Basal,Suppressed
GO_Biological_Process_2023,Positive Regulation Of Cardiac Muscle Cell Differentiation (GO:2000727),1/5,0.5056132860825439,0.99999620015268,0,0,1.6528359345260757,1.1272062713444562,MYOCD,Basal,Suppressed
GO_Biological_Process_2023,Positive Regulation Of Cholesterol Biosynthetic Process (GO:0045542),1/5,0.5056132860825439,0.99999620015268,0,0,1.6528359345260757,1.1272062713444562,FGF1,Basal,Suppressed
GO_Biological_Process_2023,Positive Regulation Of Dendritic Cell Antigen Processing And Presentation (GO:0002606),1/5,0.5056132860825439,0.99999620015268,0,0,1.6528359345260757,1.1272062713444562,CCL21,Basal,Suppressed
GO_Biological_Process_2023,Positive Regulation Of Extrinsic Apoptotic Signaling Pathway Via Death Domain Receptors (GO:1902043),1/5,0.5056132860825439,0.99999620015268,0,0,1.6528359345260757,1.1272062713444562,TIMP3,Basal,Suppressed
GO_Biological_Process_2023,Positive Regulation Of Fever Generation (GO:0031622),1/5,0.5056132860825439,0.99999620015268,0,0,1.6528359345260757,1.1272062713444562,PTGER3,Basal,Suppressed
GO_Biological_Process_2023,Positive Regulation Of Focal Adhesion Disassembly (GO:0120183),1/5,0.5056132860825439,0.99999620015268,0,0,1.6528359345260757,1.1272062713444562,PIK3R1,Basal,Suppressed
GO_Biological_Process_2023,Positive Regulation Of Gap Junction Assembly (GO:1903598),1/5,0.5056132860825439,0.99999620015268,0,0,1.6528359345260757,1.1272062713444562,CAV1,Basal,Suppressed
GO_Biological_Process_2023,Positive Regulation Of Granulocyte Differentiation (GO:0030854),1/5,0.5056132860825439,0.99999620015268,0,0,1.6528359345260757,1.1272062713444562,TESC,Basal,Suppressed
GO_Biological_Process_2023,Positive Regulation Of Growth Hormone Secretion (GO:0060124),1/5,0.5056132860825439,0.99999620015268,0,0,1.6528359345260757,1.1272062713444562,GHRH,Basal,Suppressed
GO_Biological_Process_2023,Positive Regulation Of Hemoglobin Biosynthetic Process (GO:0046985),1/5,0.5056132860825439,0.99999620015268,0,0,1.6528359345260757,1.1272062713444562,KLF4,Basal,Suppressed
GO_Biological_Process_2023,Positive Regulation Of Microglial Cell Migration (GO:1904141),1/5,0.5056132860825439,0.99999620015268,0,0,1.6528359345260757,1.1272062713444562,P2RY12,Basal,Suppressed
GO_Biological_Process_2023,Positive Regulation Of Monoatomic Ion Transmembrane Transport (GO:0034767),1/5,0.5056132860825439,0.99999620015268,0,0,1.6528359345260757,1.1272062713444562,PDZK1,Basal,Suppressed
GO_Biological_Process_2023,Positive Regulation Of Protein Catabolic Process In The Vacuole (GO:1904352),1/5,0.5056132860825439,0.99999620015268,0,0,1.6528359345260757,1.1272062713444562,LRP1,Basal,Suppressed
GO_Biological_Process_2023,Positive Regulation Of Sterol Biosynthetic Process (GO:0106120),1/5,0.5056132860825439,0.99999620015268,0,0,1.6528359345260757,1.1272062713444562,FGF1,Basal,Suppressed
GO_Biological_Process_2023,Positive Regulation Of Tau-Protein Kinase Activity (GO:1902949),1/5,0.5056132860825439,0.99999620015268,0,0,1.6528359345260757,1.1272062713444562,EGR1,Basal,Suppressed
GO_Biological_Process_2023,Positive Regulation Of Transcription Of Notch Receptor Target (GO:0007221),1/5,0.5056132860825439,0.99999620015268,0,0,1.6528359345260757,1.1272062713444562,NOTCH4,Basal,Suppressed
GO_Biological_Process_2023,Positive Regulation Of Urine Volume (GO:0035810),1/5,0.5056132860825439,0.99999620015268,0,0,1.6528359345260757,1.1272062713444562,NPR1,Basal,Suppressed
GO_Biological_Process_2023,Prepulse Inhibition (GO:0060134),1/5,0.5056132860825439,0.99999620015268,0,0,1.6528359345260757,1.1272062713444562,DRD1,Basal,Suppressed
GO_Biological_Process_2023,Proline Metabolic Process (GO:0006560),1/5,0.5056132860825439,0.99999620015268,0,0,1.6528359345260757,1.1272062713444562,ALDH4A1,Basal,Suppressed
GO_Biological_Process_2023,Protein Import (GO:0017038),1/5,0.5056132860825439,0.99999620015268,0,0,1.6528359345260757,1.1272062713444562,GPIHBP1,Basal,Suppressed
GO_Biological_Process_2023,Protein Repair (GO:0030091),1/5,0.5056132860825439,0.99999620015268,0,0,1.6528359345260757,1.1272062713444562,MSRB3,Basal,Suppressed
GO_Biological_Process_2023,Purine-Containing Compound Catabolic Process (GO:0072523),1/5,0.5056132860825439,0.99999620015268,0,0,1.6528359345260757,1.1272062713444562,URAD,Basal,Suppressed
GO_Biological_Process_2023,Regulation Of 3'-UTR-mediated mRNA Stabilization (GO:1905868),1/5,0.5056132860825439,0.99999620015268,0,0,1.6528359345260757,1.1272062713444562,RBM24,Basal,Suppressed
GO_Biological_Process_2023,Regulation Of Basement Membrane Organization (GO:0110011),1/5,0.5056132860825439,0.99999620015268,0,0,1.6528359345260757,1.1272062713444562,LAMA2,Basal,Suppressed
GO_Biological_Process_2023,Regulation Of Establishment Of T Cell Polarity (GO:1903903),1/5,0.5056132860825439,0.99999620015268,0,0,1.6528359345260757,1.1272062713444562,GSN,Basal,Suppressed
GO_Biological_Process_2023,Regulation Of Focal Adhesion Disassembly (GO:0120182),1/5,0.5056132860825439,0.99999620015268,0,0,1.6528359345260757,1.1272062713444562,PIK3R1,Basal,Suppressed
GO_Biological_Process_2023,Regulation Of Guanylate Cyclase Activity (GO:0031282),1/5,0.5056132860825439,0.99999620015268,0,0,1.6528359345260757,1.1272062713444562,RD3,Basal,Suppressed
GO_Biological_Process_2023,Regulation Of Hyaluronan Biosynthetic Process (GO:1900125),1/5,0.5056132860825439,0.99999620015268,0,0,1.6528359345260757,1.1272062713444562,EGF,Basal,Suppressed
GO_Biological_Process_2023,Regulation Of Interleukin-1-Mediated Signaling Pathway (GO:2000659),1/5,0.5056132860825439,0.99999620015268,0,0,1.6528359345260757,1.1272062713444562,IL6,Basal,Suppressed
GO_Biological_Process_2023,Regulation Of Keratinocyte Apoptotic Process (GO:1902172),1/5,0.5056132860825439,0.99999620015268,0,0,1.6528359345260757,1.1272062713444562,ZFP36,Basal,Suppressed
GO_Biological_Process_2023,Regulation Of Macrophage Proliferation (GO:0120040),1/5,0.5056132860825439,0.99999620015268,0,0,1.6528359345260757,1.1272062713444562,IL33,Basal,Suppressed
GO_Biological_Process_2023,Regulation Of Mast Cell Chemotaxis (GO:0060753),1/5,0.5056132860825439,0.99999620015268,0,0,1.6528359345260757,1.1272062713444562,VEGFD,Basal,Suppressed
GO_Biological_Process_2023,Regulation Of Mitotic Spindle Checkpoint (GO:1903504),1/5,0.5056132860825439,0.99999620015268,0,0,1.6528359345260757,1.1272062713444562,DUSP1,Basal,Suppressed
GO_Biological_Process_2023,Regulation Of Monoatomic Anion Transport (GO:0044070),1/5,0.5056132860825439,0.99999620015268,0,0,1.6528359345260757,1.1272062713444562,PDZK1,Basal,Suppressed
GO_Biological_Process_2023,Regulation Of Natural Killer Cell Mediated Immunity (GO:0002715),1/5,0.5056132860825439,0.99999620015268,0,0,1.6528359345260757,1.1272062713444562,LEP,Basal,Suppressed
GO_Biological_Process_2023,Regulation Of Peptidyl-Cysteine S-nitrosylation (GO:2000169),1/5,0.5056132860825439,0.99999620015268,0,0,1.6528359345260757,1.1272062713444562,DMD,Basal,Suppressed
GO_Biological_Process_2023,Regulation Of Plasma Membrane Repair (GO:1905684),1/5,0.5056132860825439,0.99999620015268,0,0,1.6528359345260757,1.1272062713444562,SYTL4,Basal,Suppressed
GO_Biological_Process_2023,Regulation Of Protein Targeting (GO:1903533),1/5,0.5056132860825439,0.99999620015268,0,0,1.6528359345260757,1.1272062713444562,PRKN,Basal,Suppressed
GO_Biological_Process_2023,Regulation Of Retinal Ganglion Cell Axon Guidance (GO:0090259),1/5,0.5056132860825439,0.99999620015268,0,0,1.6528359345260757,1.1272062713444562,SLIT2,Basal,Suppressed
GO_Biological_Process_2023,"Regulation Of Retrograde Transport, Endosome To Golgi (GO:1905279)",1/5,0.5056132860825439,0.99999620015268,0,0,1.6528359345260757,1.1272062713444562,PRKN,Basal,Suppressed
GO_Biological_Process_2023,Regulation Of Sarcomere Organization (GO:0060297),1/5,0.5056132860825439,0.99999620015268,0,0,1.6528359345260757,1.1272062713444562,CAV3,Basal,Suppressed
GO_Biological_Process_2023,Regulation Of Thymocyte Apoptotic Process (GO:0070243),1/5,0.5056132860825439,0.99999620015268,0,0,1.6528359345260757,1.1272062713444562,BMP4,Basal,Suppressed
GO_Biological_Process_2023,Renal Filtration Cell Differentiation (GO:0061318),1/5,0.5056132860825439,0.99999620015268,0,0,1.6528359345260757,1.1272062713444562,KLF15,Basal,Suppressed
GO_Biological_Process_2023,Reproductive System Development (GO:0061458),1/5,0.5056132860825439,0.99999620015268,0,0,1.6528359345260757,1.1272062713444562,LHCGR,Basal,Suppressed
GO_Biological_Process_2023,Response To Bile Acid (GO:1903412),1/5,0.5056132860825439,0.99999620015268,0,0,1.6528359345260757,1.1272062713444562,GPBAR1,Basal,Suppressed
GO_Biological_Process_2023,Response To cGMP (GO:0070305),1/5,0.5056132860825439,0.99999620015268,0,0,1.6528359345260757,1.1272062713444562,PDE2A,Basal,Suppressed
GO_Biological_Process_2023,Response To Gonadotropin (GO:0034698),1/5,0.5056132860825439,0.99999620015268,0,0,1.6528359345260757,1.1272062713444562,TGFBR3,Basal,Suppressed
GO_Biological_Process_2023,Response To Lithium Ion (GO:0010226),1/5,0.5056132860825439,0.99999620015268,0,0,1.6528359345260757,1.1272062713444562,SLC13A2,Basal,Suppressed
GO_Biological_Process_2023,Response To Manganese Ion (GO:0010042),1/5,0.5056132860825439,0.99999620015268,0,0,1.6528359345260757,1.1272062713444562,PRKN,Basal,Suppressed
GO_Biological_Process_2023,Response To Peptidoglycan (GO:0032494),1/5,0.5056132860825439,0.99999620015268,0,0,1.6528359345260757,1.1272062713444562,IL6,Basal,Suppressed
GO_Biological_Process_2023,Retinal Ganglion Cell Axon Guidance (GO:0031290),1/5,0.5056132860825439,0.99999620015268,0,0,1.6528359345260757,1.1272062713444562,SLIT2,Basal,Suppressed
GO_Biological_Process_2023,Short-Chain Fatty Acid Catabolic Process (GO:0019626),1/5,0.5056132860825439,0.99999620015268,0,0,1.6528359345260757,1.1272062713444562,PCK1,Basal,Suppressed
GO_Biological_Process_2023,Striated Muscle Hypertrophy (GO:0014897),1/5,0.5056132860825439,0.99999620015268,0,0,1.6528359345260757,1.1272062713444562,MYOC,Basal,Suppressed
GO_Biological_Process_2023,Subtelomeric Heterochromatin Formation (GO:0031509),1/5,0.5056132860825439,0.99999620015268,0,0,1.6528359345260757,1.1272062713444562,EZH1,Basal,Suppressed
GO_Biological_Process_2023,Thiamine-Containing Compound Metabolic Process (GO:0042723),1/5,0.5056132860825439,0.99999620015268,0,0,1.6528359345260757,1.1272062713444562,SLC19A3,Basal,Suppressed
GO_Biological_Process_2023,Transmembrane Receptor Protein Tyrosine Phosphatase Signaling Pathway (GO:0007185),1/5,0.5056132860825439,0.99999620015268,0,0,1.6528359345260757,1.1272062713444562,PTN,Basal,Suppressed
GO_Biological_Process_2023,Urea Cycle (GO:0000050),1/5,0.5056132860825439,0.99999620015268,0,0,1.6528359345260757,1.1272062713444562,OTC,Basal,Suppressed
GO_Biological_Process_2023,Ventricular Compact Myocardium Morphogenesis (GO:0003223),1/5,0.5056132860825439,0.99999620015268,0,0,1.6528359345260757,1.1272062713444562,TGFBR3,Basal,Suppressed
GO_Biological_Process_2023,Xenobiotic Transport Across Blood-Brain Barrier (GO:1990962),1/5,0.5056132860825439,0.99999620015268,0,0,1.6528359345260757,1.1272062713444562,ABCG2,Basal,Suppressed
GO_Biological_Process_2023,Establishment Of Endothelial Barrier (GO:0061028),4/28,0.511618963799779,0.99999620015268,0,0,1.101880081300813,0.7384526403206698,ROBO4;PDE2A;PECAM1;RAPGEF3,Basal,Suppressed
GO_Biological_Process_2023,Fatty Acid Derivative Biosynthetic Process (GO:1901570),4/28,0.511618963799779,0.99999620015268,0,0,1.101880081300813,0.7384526403206698,ACSS3;HMGCS2;SLC27A2;GGTA1,Basal,Suppressed
GO_Biological_Process_2023,Negative Regulation Of Cation Channel Activity (GO:2001258),4/28,0.511618963799779,0.99999620015268,0,0,1.101880081300813,0.7384526403206698,GSTM2;GRP;CASQ2;TRDN,Basal,Suppressed
GO_Biological_Process_2023,Regulation Of Calcium Ion-Dependent Exocytosis (GO:0017158),4/28,0.511618963799779,0.99999620015268,0,0,1.101880081300813,0.7384526403206698,RPH3AL;DOC2B;SYT9;BAIAP3,Basal,Suppressed
GO_Biological_Process_2023,Regulation Of Cardiac Muscle Cell Action Potential (GO:0098901),4/28,0.511618963799779,0.99999620015268,0,0,1.101880081300813,0.7384526403206698,CAV3;CAV1;ANK2;HCN1,Basal,Suppressed
GO_Biological_Process_2023,Regulation Of Monoatomic Ion Transport (GO:0043269),4/28,0.511618963799779,0.99999620015268,0,0,1.101880081300813,0.7384526403206698,KCNJ11;KCNJ16;PDZK1;KCNJ3,Basal,Suppressed
GO_Biological_Process_2023,Sterol Biosynthetic Process (GO:0016126),4/28,0.511618963799779,0.99999620015268,0,0,1.101880081300813,0.7384526403206698,NPC1L1;FAXDC2;TM7SF2;CES1,Basal,Suppressed
GO_Biological_Process_2023,Positive Regulation Of Actin Filament Bundle Assembly (GO:0032233),7/51,0.5126951524967915,0.99999620015268,0,0,1.0517845374770212,0.7026697506766696,ARHGEF15;MYOC;SYNPO2L;SYNPO2;SYNPO;RAPGEF3;FERMT2,Basal,Suppressed
GO_Biological_Process_2023,Cellular Response To Chemokine (GO:1990869),8/59,0.5197831488490509,0.99999620015268,0,0,1.0370303846729532,0.6785741701496234,CCL14;CCL23;CXCL12;CCL21;DUSP1;CXCL2;CCL16;PF4,Basal,Suppressed
GO_Biological_Process_2023,Glucose Metabolic Process (GO:0006006),8/59,0.5197831488490509,0.99999620015268,0,0,1.0370303846729532,0.6785741701496234,PER2;PFKFB1;TFAP2B;G6PC2;KCNJ11;APOD;PCK1;FBP1,Basal,Suppressed
GO_Biological_Process_2023,Sodium Ion Transmembrane Transport (GO:0035725),11/82,0.5198096805434428,0.99999620015268,0,0,1.0242402062355025,0.670152719302434,SLC4A8;SCN9A;ATP1A4;SCN4A;ATP1A2;ASIC2;SCN3B;SLC4A4;SCN4B;HCN1;SCN2B,Basal,Suppressed
GO_Biological_Process_2023,Neural Crest Cell Migration (GO:0001755),5/36,0.5206042274901439,0.99999620015268,0,0,1.0663116598821836,0.6960511077087096,SEMA5A;SEMA3C;ERBB4;SEMA6D;SEMA3G,Basal,Suppressed
GO_Biological_Process_2023,Positive Regulation Of Signaling Receptor Activity (GO:2000273),5/36,0.5206042274901439,0.99999620015268,0,0,1.0663116598821836,0.6960511077087096,RELN;EGF;ADRB2;AREG;ADRA2A,Basal,Suppressed
GO_Biological_Process_2023,Protein Destabilization (GO:0031648),5/36,0.5206042274901439,0.99999620015268,0,0,1.0663116598821836,0.6960511077087096,PRKN;GSN;SOX17;CAPN3;SNCA,Basal,Suppressed
GO_Biological_Process_2023,ERBB2 Signaling Pathway (GO:0038128),2/13,0.5248157326043377,0.99999620015268,0,0,1.202035588174202,0.7749620363289774,MYOC;EGF,Basal,Suppressed
GO_Biological_Process_2023,Branching Involved In Blood Vessel Morphogenesis (GO:0001569),2/13,0.5248157326043377,0.99999620015268,0,0,1.202035588174202,0.7749620363289774,NOTCH4;TGFBR2,Basal,Suppressed
GO_Biological_Process_2023,Cardiac Left Ventricle Morphogenesis (GO:0003214),2/13,0.5248157326043377,0.99999620015268,0,0,1.202035588174202,0.7749620363289774,NPY2R;TGFBR2,Basal,Suppressed
GO_Biological_Process_2023,Cellular Response To Interleukin-4 (GO:0071353),2/13,0.5248157326043377,0.99999620015268,0,0,1.202035588174202,0.7749620363289774,XBP1;GATA3,Basal,Suppressed
GO_Biological_Process_2023,Endothelial Cell Differentiation (GO:0045446),2/13,0.5248157326043377,0.99999620015268,0,0,1.202035588174202,0.7749620363289774,SCUBE1;TIE1,Basal,Suppressed
GO_Biological_Process_2023,Ether Lipid Metabolic Process (GO:0046485),2/13,0.5248157326043377,0.99999620015268,0,0,1.202035588174202,0.7749620363289774,LIPE;PLAAT3,Basal,Suppressed
GO_Biological_Process_2023,Glomerular Filtration (GO:0003094),2/13,0.5248157326043377,0.99999620015268,0,0,1.202035588174202,0.7749620363289774,IGHA2;JCHAIN,Basal,Suppressed
GO_Biological_Process_2023,Immune Response-Regulating Cell Surface Receptor Signaling Pathway (GO:0002768),2/13,0.5248157326043377,0.99999620015268,0,0,1.202035588174202,0.7749620363289774,PIGR;KIT,Basal,Suppressed
GO_Biological_Process_2023,Interleukin-6-Mediated Signaling Pathway (GO:0070102),2/13,0.5248157326043377,0.99999620015268,0,0,1.202035588174202,0.7749620363289774,IL6;IL6ST,Basal,Suppressed
GO_Biological_Process_2023,Killing By Host Of Symbiont Cells (GO:0051873),2/13,0.5248157326043377,0.99999620015268,0,0,1.202035588174202,0.7749620363289774,CFHR5;PF4,Basal,Suppressed
GO_Biological_Process_2023,Mature B Cell Differentiation Involved In Immune Response (GO:0002313),2/13,0.5248157326043377,0.99999620015268,0,0,1.202035588174202,0.7749620363289774,DOCK11;IL6,Basal,Suppressed
GO_Biological_Process_2023,Membrane Depolarization (GO:0051899),2/13,0.5248157326043377,0.99999620015268,0,0,1.202035588174202,0.7749620363289774,CAV1;SCN3B,Basal,Suppressed
GO_Biological_Process_2023,Myeloid Dendritic Cell Activation (GO:0001773),2/13,0.5248157326043377,0.99999620015268,0,0,1.202035588174202,0.7749620363289774,DHRS2;TGFBR2,Basal,Suppressed
GO_Biological_Process_2023,Negative Regulation Of Cartilage Development (GO:0061037),2/13,0.5248157326043377,0.99999620015268,0,0,1.202035588174202,0.7749620363289774,EFEMP1;PTHLH,Basal,Suppressed
GO_Biological_Process_2023,Negative Regulation Of Cell Activation (GO:0050866),2/13,0.5248157326043377,0.99999620015268,0,0,1.202035588174202,0.7749620363289774,THBD;GPER1,Basal,Suppressed
GO_Biological_Process_2023,Plasma Membrane Tubulation (GO:0097320),2/13,0.5248157326043377,0.99999620015268,0,0,1.202035588174202,0.7749620363289774,EHD2;CAVIN2,Basal,Suppressed
GO_Biological_Process_2023,Positive Regulation Of Cellular Response To Insulin Stimulus (GO:1900078),2/13,0.5248157326043377,0.99999620015268,0,0,1.202035588174202,0.7749620363289774,IRS1;SORBS1,Basal,Suppressed
GO_Biological_Process_2023,Regulation Of cAMP-dependent Protein Kinase Activity (GO:2000479),2/13,0.5248157326043377,0.99999620015268,0,0,1.202035588174202,0.7749620363289774,PRKAR2B;ADRB2,Basal,Suppressed
GO_Biological_Process_2023,Regulation Of Cellular Ketone Metabolic Process (GO:0010565),2/13,0.5248157326043377,0.99999620015268,0,0,1.202035588174202,0.7749620363289774,PDK4;CES1,Basal,Suppressed
GO_Biological_Process_2023,Regulation Of Myoblast Fusion (GO:1901739),2/13,0.5248157326043377,0.99999620015268,0,0,1.202035588174202,0.7749620363289774,EHD2;SCGB3A1,Basal,Suppressed
GO_Biological_Process_2023,Regulation Of Response To Stress (GO:0080134),2/13,0.5248157326043377,0.99999620015268,0,0,1.202035588174202,0.7749620363289774,CRHBP;CORO2B,Basal,Suppressed
GO_Biological_Process_2023,Regulation Of Vasculogenesis (GO:2001212),2/13,0.5248157326043377,0.99999620015268,0,0,1.202035588174202,0.7749620363289774,TMEM100;CD34,Basal,Suppressed
GO_Biological_Process_2023,Response To Chemokine (GO:1990868),2/13,0.5248157326043377,0.99999620015268,0,0,1.202035588174202,0.7749620363289774,CXCL12;DUSP1,Basal,Suppressed
GO_Biological_Process_2023,Response To Progesterone (GO:0032570),2/13,0.5248157326043377,0.99999620015268,0,0,1.202035588174202,0.7749620363289774,CAV1;CSN1S1,Basal,Suppressed
GO_Biological_Process_2023,Secondary Palate Development (GO:0062009),2/13,0.5248157326043377,0.99999620015268,0,0,1.202035588174202,0.7749620363289774,TGFBR3;TGFBR2,Basal,Suppressed
GO_Biological_Process_2023,Sodium-Independent Organic Anion Transport (GO:0043252),2/13,0.5248157326043377,0.99999620015268,0,0,1.202035588174202,0.7749620363289774,SLCO1C1;SLCO1B7,Basal,Suppressed
GO_Biological_Process_2023,Regulation Of Peptidyl-Tyrosine Phosphorylation (GO:0050730),12/90,0.5253470850877484,0.99999620015268,0,0,1.0170548106327923,0.6546742358156508,GHR;ANGPT4;CSF3;IL6;RELN;ENPP2;PECAM1;IGF1;LACRT;TDGF1;THBS4;FGF10,Basal,Suppressed
GO_Biological_Process_2023,Positive Regulation Of Biosynthetic Process (GO:0009891),6/44,0.5279430567421582,0.99999620015268,0,0,1.0438395760568469,0.6667701159940221,BMP4;MLXIPL;HSD17B13;CD36;SORBS1;PCK1,Basal,Suppressed
GO_Biological_Process_2023,Regulation Of Insulin Receptor Signaling Pathway (GO:0046626),6/44,0.5279430567421582,0.99999620015268,0,0,1.0438395760568469,0.6667701159940221,PID1;IRS1;FFAR3;SORBS1;SIK2;TNS2,Basal,Suppressed
GO_Biological_Process_2023,Regulation Of BMP Signaling Pathway (GO:0030510),10/75,0.5316790306007182,0.99999620015268,0,0,1.017041781747664,0.642480851882592,CRB2;BMP4;CDH5;TFAP2B;BMPER;CHRD;CRIM1;PPARG;ZNF423;CHRDL1,Basal,Suppressed
GO_Biological_Process_2023,Positive Regulation Of Cell Motility (GO:2000147),29/221,0.533471875562747,0.99999620015268,0,0,0.9984208670001282,0.6273566799505139,SEMA5A;SEMA3C;TWIST2;SEMA3G;FGF1;MYLK;CDH5;PDGFD;GPER1;DRD1;XBP1;MYOC;CAVIN1;CCL21;F10;FZD4;EGF;SEMA6D;CAV1;IGF1;ADRA2A;F7;CXCL12;KIT;PECAM1;CDH13;SPRY2;TDGF1;FERMT2,Basal,Suppressed
GO_Biological_Process_2023,Regulation Of ERK1 And ERK2 Cascade (GO:0070372),32/244,0.5335857780897785,0.99999620015268,0,0,0.9977614326830828,0.6267293140302366,CCL14;ALOX15;ARRB1;FGF1;FGF2;CALCR;BMPER;ERBB4;PDGFD;GPER1;FFAR4;TIMP3;CD36;CCL16;FGB;FGA;NTRK2;CCL23;CCL21;ADIPOQ;FGG;IGF1;MTURN;TGFBR3;NEK10;ACKR3;SPRY2;SPRY1;TEK;FERMT2;DDR2;FGF10,Basal,Suppressed
GO_Biological_Process_2023,Cellular Response To Nerve Growth Factor Stimulus (GO:1990090),3/21,0.5338305408535641,0.99999620015268,0,0,1.1018412698412698,0.6916002349876723,NTF4;NTRK2;MAPT,Basal,Suppressed
GO_Biological_Process_2023,Endocardial Cushion Morphogenesis (GO:0003203),3/21,0.5338305408535641,0.99999620015268,0,0,1.1018412698412698,0.6916002349876723,BMP4;ADAMTS5;TGFBR2,Basal,Suppressed
GO_Biological_Process_2023,Focal Adhesion Assembly (GO:0048041),3/21,0.5338305408535641,0.99999620015268,0,0,1.1018412698412698,0.6916002349876723,SORBS1;THSD1;FERMT2,Basal,Suppressed
GO_Biological_Process_2023,Macrophage Differentiation (GO:0030225),3/21,0.5338305408535641,0.99999620015268,0,0,1.1018412698412698,0.6916002349876723,IL33;IL1RL1;GATA3,Basal,Suppressed
GO_Biological_Process_2023,Peptide Catabolic Process (GO:0043171),3/21,0.5338305408535641,0.99999620015268,0,0,1.1018412698412698,0.6916002349876723,MME;LVRN;TRHDE,Basal,Suppressed
GO_Biological_Process_2023,Regulation Of Steroid Metabolic Process (GO:0019218),3/21,0.5338305408535641,0.99999620015268,0,0,1.1018412698412698,0.6916002349876723,ACADL;ABCB11;FMO5,Basal,Suppressed
GO_Biological_Process_2023,Response To Calcium Ion (GO:0051592),14/106,0.5352155406831216,0.99999620015268,0,0,1.0059545590632382,0.6288078433582124,FGB;FGA;ADGRV1;KCNIP2;CAV1;ALOX15;FGG;ADCY1;SYT9;CRHBP;KCNMA1;CASQ2;CAPN3;GPLD1,Basal,Suppressed
GO_Biological_Process_2023,Potassium Ion Transmembrane Transport (GO:0071805),18/137,0.5384970482121768,0.99999620015268,0,0,0.9998840915676616,0.618901519680175,LRRC26;KCNE1;KCNJ11;KCNC2;ABCC8;KCND3;KCNIP2;LRRC38;KCNA2;ATP1A4;KCNK15;KCNA4;KCNJ16;ABCC9;ATP1A2;KCNA5;KCNJ3;HCN1,Basal,Suppressed
GO_Biological_Process_2023,Response To Retinoic Acid (GO:0032526),8/60,0.5397816209774308,0.99999620015268,0,0,1.0170287727539635,0.6270904084814231,ACER2;FZD4;TESC;ALDH1A2;WNT9B;RORB;RXRG;AQP1,Basal,Suppressed
GO_Biological_Process_2023,Alpha-Amino Acid Metabolic Process (GO:1901605),4/29,0.540495508308209,0.99999620015268,0,0,1.0577439024390245,0.650796982539535,ALDH6A1;IYD;NAT8L;GNMT,Basal,Suppressed
GO_Biological_Process_2023,Lipid Droplet Organization (GO:0034389),4/29,0.540495508308209,0.99999620015268,0,0,1.0577439024390245,0.650796982539535,CIDEA;CIDEC;PLIN5;PNPLA2,Basal,Suppressed
GO_Biological_Process_2023,Modified Amino Acid Transport (GO:0072337),4/29,0.540495508308209,0.99999620015268,0,0,1.0577439024390245,0.650796982539535,SLC16A12;FOLR2;SLC7A2;SLC7A3,Basal,Suppressed
GO_Biological_Process_2023,Peptidyl-Tyrosine Dephosphorylation (GO:0035335),4/29,0.540495508308209,0.99999620015268,0,0,1.0577439024390245,0.650796982539535,PTPRT;PTPRB;DUSP1;TNS2,Basal,Suppressed
GO_Biological_Process_2023,Positive Regulation Of Microtubule Polymerization (GO:0031116),4/29,0.540495508308209,0.99999620015268,0,0,1.0577439024390245,0.650796982539535,CAV3;NAV3;ANKRD53;MAPT,Basal,Suppressed
GO_Biological_Process_2023,Neuropeptide Signaling Pathway (GO:0007218),9/68,0.54478901488988,0.99999620015268,0,0,1.0083872095055042,0.6124507157010648,GRP;PTGDR2;NXPH3;GALR1;PENK;CPE;NMUR1;SSTR1;NTS,Basal,Suppressed
GO_Biological_Process_2023,Cellular Response To Insulin Stimulus (GO:0032869),13/99,0.5459843690906999,0.99999620015268,0,0,0.9992351816443594,0.6047020904380898,TRARG1;XBP1;IRS1;CAV2;PDE3B;PIK3R1;SLC2A4;SORBS1;FOXO1;PDK4;PPARG;PCK1;GPLD1,Basal,Suppressed
GO_Biological_Process_2023,Aortic Valve Morphogenesis (GO:0003180),5/37,0.5460591959571236,0.99999620015268,0,0,1.0329298513152878,0.6249513701224179,BMP4;TIE1;GATA3;SLIT2;TGFBR2,Basal,Suppressed
GO_Biological_Process_2023,Muscle Cell Differentiation (GO:0042692),5/37,0.5460591959571236,0.99999620015268,0,0,1.0329298513152878,0.6249513701224179,FBXO40;MYOCD;DMD;SGCZ;SYNE1,Basal,Suppressed
GO_Biological_Process_2023,Negative Regulation Of Stress-Activated MAPK Cascade (GO:0032873),5/37,0.5460591959571236,0.99999620015268,0,0,1.0329298513152878,0.6249513701224179,PRKN;PER1;DUSP1;FOXO1;KLHL31,Basal,Suppressed
GO_Biological_Process_2023,Positive Regulation Of Exocytosis (GO:0045921),5/37,0.5460591959571236,0.99999620015268,0,0,1.0329298513152878,0.6249513701224179,FGB;FGA;FGG;SYTL4;SNCA,Basal,Suppressed
GO_Biological_Process_2023,Positive Regulation Of Receptor Signaling Pathway Via JAK-STAT (GO:0046427),5/37,0.5460591959571236,0.99999620015268,0,0,1.0329298513152878,0.6249513701224179,GHR;IL6;ERBB4;LEP;KIT,Basal,Suppressed
GO_Biological_Process_2023,Regulation Of Ossification (GO:0030278),5/37,0.5460591959571236,0.99999620015268,0,0,1.0329298513152878,0.6249513701224179,BMP4;ZBTB16;S1PR1;PTN;DDR2,Basal,Suppressed
GO_Biological_Process_2023,Ventricular Septum Development (GO:0003281),5/37,0.5460591959571236,0.99999620015268,0,0,1.0329298513152878,0.6249513701224179,TGFBR3;PDE2A;GATA3;SLIT2;TGFBR2,Basal,Suppressed
GO_Biological_Process_2023,Positive Regulation Of Peptidyl-Tyrosine Phosphorylation (GO:0050731),17/130,0.5478462687926975,0.99999620015268,0,0,0.9944414881898572,0.5984156695954527,ANGPT4;CSF3;IL20;TSLP;IGF1;THBS4;GHR;IL6;RELN;ERBB4;KIT;ENPP2;PECAM1;IL6ST;LACRT;TDGF1;FGF10,Basal,Suppressed
GO_Biological_Process_2023,Zymogen Activation (GO:0031638),6/45,0.550950695102837,0.99999620015268,0,0,1.0170157836061726,0.6062532344286831,FGB;THBD;FGA;FGG;PLAT;MASP1,Basal,Suppressed
GO_Biological_Process_2023,Cellular Response To Alcohol (GO:0097306),7/53,0.5553743964504833,0.99999620015268,0,0,1.0059386560058392,0.5916054041073471,GNG2;KLF9;AKR1C2;ADCY1;GPLD1;CES1;ADCY5,Basal,Suppressed
GO_Biological_Process_2023,Negative Regulation Of Metabolic Process (GO:0009892),7/53,0.5553743964504833,0.99999620015268,0,0,1.0059386560058392,0.5916054041073471,ADAMTS5;NOVA1;ADIPOQ;ALDH1A1;CIDEA;CCDC3;ZNF423,Basal,Suppressed
GO_Biological_Process_2023,Positive Regulation Of Chemokine Production (GO:0032722),7/53,0.5553743964504833,0.99999620015268,0,0,1.0059386560058392,0.5916054041073471,EGR1;IL33;IL6;TSLP;ADIPOQ;FFAR3;ALOX15B,Basal,Suppressed
GO_Biological_Process_2023,Regulation Of Receptor Signaling Pathway Via JAK-STAT (GO:0046425),7/53,0.5553743964504833,0.99999620015268,0,0,1.0059386560058392,0.5916054041073471,GHR;IL6;ERBB4;EGF;CAV1;LEP;KIT,Basal,Suppressed
GO_Biological_Process_2023,Positive Regulation Of Cell Junction Assembly (GO:1901890),8/61,0.5594466647931274,0.99999620015268,0,0,0.9977819386432378,0.5795188165828149,CLDN5;CUX2;CLSTN2;MYOC;CAV1;CLDN19;TEK;FERMT2,Basal,Suppressed
GO_Biological_Process_2023,Regulation Of Pathway-Restricted SMAD Protein Phosphorylation (GO:0060393),8/61,0.5594466647931274,0.99999620015268,0,0,0.9977819386432378,0.5795188165828149,GDF10;BMP4;BMP3;TNXB;BMPER;LRP1;PPARG;TGFBR2,Basal,Suppressed
GO_Biological_Process_2023,Regulation Of Endopeptidase Activity (GO:0052548),9/69,0.5632414899563226,0.99999620015268,0,0,0.9915234822451318,0.5691808906400961,SERPINA11;CRB2;SERPIND1;SPOCK3;TIMP3;SERPINA6;SERPINA4;TIMP4;SERPINA5,Basal,Suppressed
GO_Biological_Process_2023,Regulation Of Heart Contraction (GO:0008016),9/69,0.5632414899563226,0.99999620015268,0,0,0.9915234822451318,0.5691808906400961,PLN;DES;CAV3;KCNIP2;HSPB7;FXYD1;HRC;ANK2;ATP1A2,Basal,Suppressed
GO_Biological_Process_2023,Organic Substance Transport (GO:0071702),26/201,0.566148031537749,0.99999620015268,0,0,0.9819303832216976,0.5586198956784387,RD3;SLC47A2;SLC22A3;RAMP2;ITPR1;AQP7;CSN2;ABCA12;ABCC11;AQP1;SLC22A12;CDH23;SLC18A2;SLC22A11;TRPC5;ABCA6;CACNA2D1;CAV1;ABCA9;ABCA8;LRP1B;SLC22A25;TXNIP;NMUR1;ABCG2;AQP7P3,Basal,Suppressed
GO_Biological_Process_2023,Cardiac Cell Development (GO:0055006),2/14,0.5662283116730427,0.99999620015268,0,0,1.1018024879411017,0.6266588743239876,ALPK3;MYH11,Basal,Suppressed
GO_Biological_Process_2023,Detection Of Mechanical Stimulus Involved In Sensory Perception (GO:0050974),2/14,0.5662283116730427,0.99999620015268,0,0,1.1018024879411017,0.6266588743239876,KIT;TMC2,Basal,Suppressed
GO_Biological_Process_2023,Endoderm Development (GO:0007492),2/14,0.5662283116730427,0.99999620015268,0,0,1.1018024879411017,0.6266588743239876,SOX17;DUSP1,Basal,Suppressed
GO_Biological_Process_2023,Hyaluronan Metabolic Process (GO:0030212),2/14,0.5662283116730427,0.99999620015268,0,0,1.1018024879411017,0.6266588743239876,HAS3;FGF2,Basal,Suppressed
GO_Biological_Process_2023,Inner Dynein Arm Assembly (GO:0036159),2/14,0.5662283116730427,0.99999620015268,0,0,1.1018024879411017,0.6266588743239876,DNAH7;DNAAF1,Basal,Suppressed
GO_Biological_Process_2023,Myotube Cell Development (GO:0014904),2/14,0.5662283116730427,0.99999620015268,0,0,1.1018024879411017,0.6266588743239876,CAV2;IGF1,Basal,Suppressed
GO_Biological_Process_2023,Negative Regulation Of Chondrocyte Differentiation (GO:0032331),2/14,0.5662283116730427,0.99999620015268,0,0,1.1018024879411017,0.6266588743239876,EFEMP1;PTHLH,Basal,Suppressed
GO_Biological_Process_2023,Negative Regulation Of Transcription Regulatory Region DNA Binding (GO:2000678),2/14,0.5662283116730427,0.99999620015268,0,0,1.1018024879411017,0.6266588743239876,PER2;MSX2,Basal,Suppressed
GO_Biological_Process_2023,Neuron Cell-Cell Adhesion (GO:0007158),2/14,0.5662283116730427,0.99999620015268,0,0,1.1018024879411017,0.6266588743239876,NLGN4Y;NRXN3,Basal,Suppressed
GO_Biological_Process_2023,Pathway-Restricted SMAD Protein Phosphorylation (GO:0060389),2/14,0.5662283116730427,0.99999620015268,0,0,1.1018024879411017,0.6266588743239876,TGFBR3;TGFBR2,Basal,Suppressed
GO_Biological_Process_2023,Photoreceptor Cell Development (GO:0042461),2/14,0.5662283116730427,0.99999620015268,0,0,1.1018024879411017,0.6266588743239876,RP1;RORB,Basal,Suppressed
GO_Biological_Process_2023,Positive Regulation Of Endothelial Cell Chemotaxis (GO:2001028),2/14,0.5662283116730427,0.99999620015268,0,0,1.1018024879411017,0.6266588743239876,SEMA5A;FGF2,Basal,Suppressed
GO_Biological_Process_2023,Positive Regulation Of Response To Cytokine Stimulus (GO:0060760),2/14,0.5662283116730427,0.99999620015268,0,0,1.1018024879411017,0.6266588743239876,TSLP;LRRC70,Basal,Suppressed
GO_Biological_Process_2023,Positive Regulation Of Transporter Activity (GO:0032411),2/14,0.5662283116730427,0.99999620015268,0,0,1.1018024879411017,0.6266588743239876,PDZK1;SGK2,Basal,Suppressed
GO_Biological_Process_2023,Regulation Of MHC Class II Biosynthetic Process (GO:0045346),2/14,0.5662283116730427,0.99999620015268,0,0,1.1018024879411017,0.6266588743239876,XBP1;PF4,Basal,Suppressed
GO_Biological_Process_2023,Regulation Of Endothelial Cell Chemotaxis (GO:2001026),2/14,0.5662283116730427,0.99999620015268,0,0,1.1018024879411017,0.6266588743239876,SEMA5A;FGF2,Basal,Suppressed
GO_Biological_Process_2023,Regulation Of Feeding Behavior (GO:0060259),2/14,0.5662283116730427,0.99999620015268,0,0,1.1018024879411017,0.6266588743239876,NR4A3;LEPR,Basal,Suppressed
GO_Biological_Process_2023,Regulation Of Non-Canonical Wnt Signaling Pathway (GO:2000050),2/14,0.5662283116730427,0.99999620015268,0,0,1.1018024879411017,0.6266588743239876,GPC3;RSPO3,Basal,Suppressed
GO_Biological_Process_2023,Regulation Of Nuclear-Transcribed mRNA poly(A) Tail Shortening (GO:0060211),2/14,0.5662283116730427,0.99999620015268,0,0,1.1018024879411017,0.6266588743239876,BTG2;ZFP36,Basal,Suppressed
GO_Biological_Process_2023,Serine Family Amino Acid Metabolic Process (GO:0009069),2/14,0.5662283116730427,0.99999620015268,0,0,1.1018024879411017,0.6266588743239876,GLYAT;CDO1,Basal,Suppressed
GO_Biological_Process_2023,Striated Muscle Cell Development (GO:0055002),2/14,0.5662283116730427,0.99999620015268,0,0,1.1018024879411017,0.6266588743239876,LMOD1;PGM5,Basal,Suppressed
GO_Biological_Process_2023,Modulation By Host Of Viral Process (GO:0044788),3/22,0.5666269970932807,0.99999620015268,0,0,1.0437894736842106,0.5929288328487955,CAV2;FASN;PIK3C2G,Basal,Suppressed
GO_Biological_Process_2023,Negative Regulation Of G Protein-Coupled Receptor Signaling Pathway (GO:0045744),3/22,0.5666269970932807,0.99999620015268,0,0,1.0437894736842106,0.5929288328487955,GRK3;GPRASP1;SNCA,Basal,Suppressed
GO_Biological_Process_2023,Placenta Development (GO:0001890),3/22,0.5666269970932807,0.99999620015268,0,0,1.0437894736842106,0.5929288328487955,CITED1;LEP;PPARG,Basal,Suppressed
GO_Biological_Process_2023,Positive Regulation Of Receptor Internalization (GO:0002092),3/22,0.5666269970932807,0.99999620015268,0,0,1.0437894736842106,0.5929288328487955,CCL14;EGF;ARRB1,Basal,Suppressed
GO_Biological_Process_2023,Artery Morphogenesis (GO:0048844),4/30,0.5684720750638453,0.99999620015268,0,0,1.0170028142589118,0.5744063293657626,BMP4;TFAP2B;LRP1;TGFBR2,Basal,Suppressed
GO_Biological_Process_2023,Negative Regulation Of Epithelial To Mesenchymal Transition (GO:0010719),4/30,0.5684720750638453,0.99999620015268,0,0,1.0170028142589118,0.5744063293657626,FOXA1;SPRY2;SPRY1;GATA3,Basal,Suppressed
GO_Biological_Process_2023,Negative Regulation Of Interleukin-1 Production (GO:0032692),4/30,0.5684720750638453,0.99999620015268,0,0,1.0170028142589118,0.5744063293657626,CX3CR1;FFAR4;FFAR1;IGF1,Basal,Suppressed
GO_Biological_Process_2023,Phospholipid Dephosphorylation (GO:0046839),4/30,0.5684720750638453,0.99999620015268,0,0,1.0170028142589118,0.5744063293657626,PLPPR1;INPP5J;PLPP3;PLPP1,Basal,Suppressed
GO_Biological_Process_2023,Regulation Of Calcium-Mediated Signaling (GO:0050848),4/30,0.5684720750638453,0.99999620015268,0,0,1.0170028142589118,0.5744063293657626,ITPR1;CDH13;MAPT;LACRT,Basal,Suppressed
GO_Biological_Process_2023,ATF6-mediated Unfolded Protein Response (GO:0036500),1/6,0.5705918026793521,0.99999620015268,0,0,1.3221926151503616,0.7418574276651632,XBP1,Basal,Suppressed
GO_Biological_Process_2023,G Protein-Coupled Receptor Internalization (GO:0002031),1/6,0.5705918026793521,0.99999620015268,0,0,1.3221926151503616,0.7418574276651632,ARRB1,Basal,Suppressed
GO_Biological_Process_2023,IRE1-mediated Unfolded Protein Response (GO:0036498),1/6,0.5705918026793521,0.99999620015268,0,0,1.3221926151503616,0.7418574276651632,XBP1,Basal,Suppressed
GO_Biological_Process_2023,L-methionine Salvage (GO:0071267),1/6,0.5705918026793521,0.99999620015268,0,0,1.3221926151503616,0.7418574276651632,BHMT2,Basal,Suppressed
GO_Biological_Process_2023,N-acetylneuraminate Catabolic Process (GO:0019262),1/6,0.5705918026793521,0.99999620015268,0,0,1.3221926151503616,0.7418574276651632,HOGA1,Basal,Suppressed
GO_Biological_Process_2023,Adherens Junction Maintenance (GO:0034334),1/6,0.5705918026793521,0.99999620015268,0,0,1.3221926151503616,0.7418574276651632,FERMT2,Basal,Suppressed
GO_Biological_Process_2023,Aggrephagy (GO:0035973),1/6,0.5705918026793521,0.99999620015268,0,0,1.3221926151503616,0.7418574276651632,MAP1LC3C,Basal,Suppressed
GO_Biological_Process_2023,Aldehyde Biosynthetic Process (GO:0046184),1/6,0.5705918026793521,0.99999620015268,0,0,1.3221926151503616,0.7418574276651632,DDR2,Basal,Suppressed
GO_Biological_Process_2023,Amino-Acid Betaine Metabolic Process (GO:0006577),1/6,0.5705918026793521,0.99999620015268,0,0,1.3221926151503616,0.7418574276651632,BHMT2,Basal,Suppressed
GO_Biological_Process_2023,Axon Extension Involved In Axon Guidance (GO:0048846),1/6,0.5705918026793521,0.99999620015268,0,0,1.3221926151503616,0.7418574276651632,SLIT2,Basal,Suppressed
GO_Biological_Process_2023,Bleb Assembly (GO:0032060),1/6,0.5705918026793521,0.99999620015268,0,0,1.3221926151503616,0.7418574276651632,MYLK,Basal,Suppressed
GO_Biological_Process_2023,Catecholamine Uptake (GO:0090493),1/6,0.5705918026793521,0.99999620015268,0,0,1.3221926151503616,0.7418574276651632,SLC22A3,Basal,Suppressed
GO_Biological_Process_2023,Cellular Hyperosmotic Response (GO:0071474),1/6,0.5705918026793521,0.99999620015268,0,0,1.3221926151503616,0.7418574276651632,AQP1,Basal,Suppressed
GO_Biological_Process_2023,Cellular Hypotonic Response (GO:0071476),1/6,0.5705918026793521,0.99999620015268,0,0,1.3221926151503616,0.7418574276651632,MYLK,Basal,Suppressed
GO_Biological_Process_2023,Cellular Response To Bacterial Lipopeptide (GO:0071221),1/6,0.5705918026793521,0.99999620015268,0,0,1.3221926151503616,0.7418574276651632,CD36,Basal,Suppressed
GO_Biological_Process_2023,Cellular Response To Gonadotropin Stimulus (GO:0071371),1/6,0.5705918026793521,0.99999620015268,0,0,1.3221926151503616,0.7418574276651632,LHCGR,Basal,Suppressed
GO_Biological_Process_2023,Cellular Response To Hepatocyte Growth Factor Stimulus (GO:0035729),1/6,0.5705918026793521,0.99999620015268,0,0,1.3221926151503616,0.7418574276651632,TDGF1,Basal,Suppressed
GO_Biological_Process_2023,Cellular Response To Prostaglandin E Stimulus (GO:0071380),1/6,0.5705918026793521,0.99999620015268,0,0,1.3221926151503616,0.7418574276651632,GNG2,Basal,Suppressed
GO_Biological_Process_2023,Citrulline Metabolic Process (GO:0000052),1/6,0.5705918026793521,0.99999620015268,0,0,1.3221926151503616,0.7418574276651632,OTC,Basal,Suppressed
GO_Biological_Process_2023,Copper Ion Import (GO:0015677),1/6,0.5705918026793521,0.99999620015268,0,0,1.3221926151503616,0.7418574276651632,STEAP4,Basal,Suppressed
GO_Biological_Process_2023,Cytolysis By Host Of Symbiont Cells (GO:0051838),1/6,0.5705918026793521,0.99999620015268,0,0,1.3221926151503616,0.7418574276651632,CFHR5,Basal,Suppressed
GO_Biological_Process_2023,Dendrite Arborization (GO:0140059),1/6,0.5705918026793521,0.99999620015268,0,0,1.3221926151503616,0.7418574276651632,PTN,Basal,Suppressed
GO_Biological_Process_2023,Determination Of Digestive Tract Left/Right Asymmetry (GO:0071907),1/6,0.5705918026793521,0.99999620015268,0,0,1.3221926151503616,0.7418574276651632,DNAAF1,Basal,Suppressed
GO_Biological_Process_2023,Excitatory Chemical Synaptic Transmission (GO:0098976),1/6,0.5705918026793521,0.99999620015268,0,0,1.3221926151503616,0.7418574276651632,SHISA6,Basal,Suppressed
GO_Biological_Process_2023,"Fatty Acid Elongation, Monounsaturated Fatty Acid (GO:0034625)",1/6,0.5705918026793521,0.99999620015268,0,0,1.3221926151503616,0.7418574276651632,ELOVL5,Basal,Suppressed
GO_Biological_Process_2023,"Fatty Acid Elongation, Polyunsaturated Fatty Acid (GO:0034626)",1/6,0.5705918026793521,0.99999620015268,0,0,1.3221926151503616,0.7418574276651632,ELOVL5,Basal,Suppressed
GO_Biological_Process_2023,"Fatty Acid Elongation, Saturated Fatty Acid (GO:0019367)",1/6,0.5705918026793521,0.99999620015268,0,0,1.3221926151503616,0.7418574276651632,ELOVL5,Basal,Suppressed
GO_Biological_Process_2023,"Fatty Acid Elongation, Unsaturated Fatty Acid (GO:0019368)",1/6,0.5705918026793521,0.99999620015268,0,0,1.3221926151503616,0.7418574276651632,ELOVL5,Basal,Suppressed
GO_Biological_Process_2023,Forebrain Neuron Development (GO:0021884),1/6,0.5705918026793521,0.99999620015268,0,0,1.3221926151503616,0.7418574276651632,CCL14,Basal,Suppressed
GO_Biological_Process_2023,Gap Junction Assembly (GO:0016264),1/6,0.5705918026793521,0.99999620015268,0,0,1.3221926151503616,0.7418574276651632,GJB1,Basal,Suppressed
GO_Biological_Process_2023,Hindlimb Morphogenesis (GO:0035137),1/6,0.5705918026793521,0.99999620015268,0,0,1.3221926151503616,0.7418574276651632,TFAP2B,Basal,Suppressed
GO_Biological_Process_2023,Hyaluronan Biosynthetic Process (GO:0030213),1/6,0.5705918026793521,0.99999620015268,0,0,1.3221926151503616,0.7418574276651632,HAS3,Basal,Suppressed
GO_Biological_Process_2023,Hypotonic Response (GO:0006971),1/6,0.5705918026793521,0.99999620015268,0,0,1.3221926151503616,0.7418574276651632,MYLK,Basal,Suppressed
GO_Biological_Process_2023,Insulin Secretion Involved In Cellular Response To Glucose Stimulus (GO:0035773),1/6,0.5705918026793521,0.99999620015268,0,0,1.3221926151503616,0.7418574276651632,PTPRN2,Basal,Suppressed
GO_Biological_Process_2023,Locomotor Rhythm (GO:0045475),1/6,0.5705918026793521,0.99999620015268,0,0,1.3221926151503616,0.7418574276651632,EGR1,Basal,Suppressed
GO_Biological_Process_2023,Lymphoid Progenitor Cell Differentiation (GO:0002320),1/6,0.5705918026793521,0.99999620015268,0,0,1.3221926151503616,0.7418574276651632,BMP4,Basal,Suppressed
GO_Biological_Process_2023,Macrophage Derived Foam Cell Differentiation (GO:0010742),1/6,0.5705918026793521,0.99999620015268,0,0,1.3221926151503616,0.7418574276651632,PPARG,Basal,Suppressed
GO_Biological_Process_2023,Marginal Zone B Cell Differentiation (GO:0002315),1/6,0.5705918026793521,0.99999620015268,0,0,1.3221926151503616,0.7418574276651632,DOCK11,Basal,Suppressed
GO_Biological_Process_2023,Meiotic DNA Double-Strand Break Formation (GO:0042138),1/6,0.5705918026793521,0.99999620015268,0,0,1.3221926151503616,0.7418574276651632,IHO1,Basal,Suppressed
GO_Biological_Process_2023,Membrane Biogenesis (GO:0044091),1/6,0.5705918026793521,0.99999620015268,0,0,1.3221926151503616,0.7418574276651632,SPTBN1,Basal,Suppressed
GO_Biological_Process_2023,Monoacylglycerol Catabolic Process (GO:0052651),1/6,0.5705918026793521,0.99999620015268,0,0,1.3221926151503616,0.7418574276651632,MGLL,Basal,Suppressed
GO_Biological_Process_2023,Negative Regulation Of Digestive System Process (GO:0060457),1/6,0.5705918026793521,0.99999620015268,0,0,1.3221926151503616,0.7418574276651632,PTGER3,Basal,Suppressed
GO_Biological_Process_2023,Negative Regulation Of Epidermal Cell Differentiation (GO:0045605),1/6,0.5705918026793521,0.99999620015268,0,0,1.3221926151503616,0.7418574276651632,HOXA7,Basal,Suppressed
GO_Biological_Process_2023,Negative Regulation Of Establishment Of Protein Localization To Mitochondrion (GO:1903748),1/6,0.5705918026793521,0.99999620015268,0,0,1.3221926151503616,0.7418574276651632,MAPT,Basal,Suppressed
GO_Biological_Process_2023,Negative Regulation Of Low-Density Lipoprotein Receptor Activity (GO:1905598),1/6,0.5705918026793521,0.99999620015268,0,0,1.3221926151503616,0.7418574276651632,ADIPOQ,Basal,Suppressed
GO_Biological_Process_2023,Negative Regulation Of miRNA Processing (GO:1903799),1/6,0.5705918026793521,0.99999620015268,0,0,1.3221926151503616,0.7418574276651632,IL6,Basal,Suppressed
GO_Biological_Process_2023,Negative Regulation Of p38MAPK Cascade (GO:1903753),1/6,0.5705918026793521,0.99999620015268,0,0,1.3221926151503616,0.7418574276651632,DUSP1,Basal,Suppressed
GO_Biological_Process_2023,Negative Regulation Of Plasminogen Activation (GO:0010757),1/6,0.5705918026793521,0.99999620015268,0,0,1.3221926151503616,0.7418574276651632,PLAT,Basal,Suppressed
GO_Biological_Process_2023,Negative Regulation Of Response To Type II Interferon (GO:0060331),1/6,0.5705918026793521,0.99999620015268,0,0,1.3221926151503616,0.7418574276651632,PPARG,Basal,Suppressed
GO_Biological_Process_2023,Negative Regulation Of Retinoic Acid Receptor Signaling Pathway (GO:0048387),1/6,0.5705918026793521,0.99999620015268,0,0,1.3221926151503616,0.7418574276651632,CYP26A1,Basal,Suppressed
GO_Biological_Process_2023,Negative Regulation Of Stress-Activated Protein Kinase Signaling Cascade (GO:0070303),1/6,0.5705918026793521,0.99999620015268,0,0,1.3221926151503616,0.7418574276651632,FOXO1,Basal,Suppressed
GO_Biological_Process_2023,Negative Regulation Of Type II Interferon-Mediated Signaling Pathway (GO:0060336),1/6,0.5705918026793521,0.99999620015268,0,0,1.3221926151503616,0.7418574276651632,PPARG,Basal,Suppressed
GO_Biological_Process_2023,Neuron Projection Extension Involved In Neuron Projection Guidance (GO:1902284),1/6,0.5705918026793521,0.99999620015268,0,0,1.3221926151503616,0.7418574276651632,SLIT2,Basal,Suppressed
GO_Biological_Process_2023,Norepinephrine Biosynthetic Process (GO:0042421),1/6,0.5705918026793521,0.99999620015268,0,0,1.3221926151503616,0.7418574276651632,GATA3,Basal,Suppressed
GO_Biological_Process_2023,Norepinephrine Transport (GO:0015874),1/6,0.5705918026793521,0.99999620015268,0,0,1.3221926151503616,0.7418574276651632,SLC22A3,Basal,Suppressed
GO_Biological_Process_2023,"Nuclear-Transcribed mRNA Catabolic Process, Deadenylation-Independent Decay (GO:0031086)",1/6,0.5705918026793521,0.99999620015268,0,0,1.3221926151503616,0.7418574276651632,ZFP36,Basal,Suppressed
GO_Biological_Process_2023,Nucleotide Transport (GO:0006862),1/6,0.5705918026793521,0.99999620015268,0,0,1.3221926151503616,0.7418574276651632,ABCC11,Basal,Suppressed
GO_Biological_Process_2023,Peptide Transport (GO:0015833),1/6,0.5705918026793521,0.99999620015268,0,0,1.3221926151503616,0.7418574276651632,CLEC4M,Basal,Suppressed
GO_Biological_Process_2023,Phospholipase C-activating Dopamine Receptor Signaling Pathway (GO:0060158),1/6,0.5705918026793521,0.99999620015268,0,0,1.3221926151503616,0.7418574276651632,GNA14,Basal,Suppressed
GO_Biological_Process_2023,Positive Regulation Of ER-associated Ubiquitin-Dependent Protein Catabolic Process (GO:1903071),1/6,0.5705918026793521,0.99999620015268,0,0,1.3221926151503616,0.7418574276651632,CAV1,Basal,Suppressed
GO_Biological_Process_2023,Positive Regulation Of Amyloid-Beta Clearance (GO:1900223),1/6,0.5705918026793521,0.99999620015268,0,0,1.3221926151503616,0.7418574276651632,LRP1,Basal,Suppressed
GO_Biological_Process_2023,Positive Regulation Of Autophagosome Maturation (GO:1901098),1/6,0.5705918026793521,0.99999620015268,0,0,1.3221926151503616,0.7418574276651632,FYCO1,Basal,Suppressed
GO_Biological_Process_2023,Positive Regulation Of cAMP-mediated Signaling (GO:0043950),1/6,0.5705918026793521,0.99999620015268,0,0,1.3221926151503616,0.7418574276651632,SCTR,Basal,Suppressed
GO_Biological_Process_2023,Positive Regulation Of Catecholamine Secretion (GO:0033605),1/6,0.5705918026793521,0.99999620015268,0,0,1.3221926151503616,0.7418574276651632,VIP,Basal,Suppressed
GO_Biological_Process_2023,Positive Regulation Of Cysteine-Type Endopeptidase Activity Involved In Apoptotic Signaling Pathway (GO:2001269),1/6,0.5705918026793521,0.99999620015268,0,0,1.3221926151503616,0.7418574276651632,GSN,Basal,Suppressed
GO_Biological_Process_2023,Positive Regulation Of Fibroblast Apoptotic Process (GO:2000271),1/6,0.5705918026793521,0.99999620015268,0,0,1.3221926151503616,0.7418574276651632,TP63,Basal,Suppressed
GO_Biological_Process_2023,Positive Regulation Of Gliogenesis (GO:0014015),1/6,0.5705918026793521,0.99999620015268,0,0,1.3221926151503616,0.7418574276651632,IL6,Basal,Suppressed
GO_Biological_Process_2023,Positive Regulation Of Intracellular Estrogen Receptor Signaling Pathway (GO:0033148),1/6,0.5705918026793521,0.99999620015268,0,0,1.3221926151503616,0.7418574276651632,SRARP,Basal,Suppressed
GO_Biological_Process_2023,Positive Regulation Of Lamellipodium Morphogenesis (GO:2000394),1/6,0.5705918026793521,0.99999620015268,0,0,1.3221926151503616,0.7418574276651632,ENPP2,Basal,Suppressed
GO_Biological_Process_2023,Positive Regulation Of Leukocyte Tethering Or Rolling (GO:1903238),1/6,0.5705918026793521,0.99999620015268,0,0,1.3221926151503616,0.7418574276651632,SELP,Basal,Suppressed
GO_Biological_Process_2023,Positive Regulation Of Lipoprotein Lipase Activity (GO:0051006),1/6,0.5705918026793521,0.99999620015268,0,0,1.3221926151503616,0.7418574276651632,GPIHBP1,Basal,Suppressed
GO_Biological_Process_2023,Positive Regulation Of Mitophagy In Response To Mitochondrial Depolarization (GO:0098779),1/6,0.5705918026793521,0.99999620015268,0,0,1.3221926151503616,0.7418574276651632,PRKN,Basal,Suppressed
GO_Biological_Process_2023,Positive Regulation Of Steroid Metabolic Process (GO:0045940),1/6,0.5705918026793521,0.99999620015268,0,0,1.3221926151503616,0.7418574276651632,CES1,Basal,Suppressed
GO_Biological_Process_2023,Positive Regulation Of Striated Muscle Contraction (GO:0045989),1/6,0.5705918026793521,0.99999620015268,0,0,1.3221926151503616,0.7418574276651632,CHGA,Basal,Suppressed
GO_Biological_Process_2023,Positive Regulation Of Triglyceride Catabolic Process (GO:0010898),1/6,0.5705918026793521,0.99999620015268,0,0,1.3221926151503616,0.7418574276651632,PNPLA2,Basal,Suppressed
GO_Biological_Process_2023,Positive Regulation Of Unsaturated Fatty Acid Biosynthetic Process (GO:2001280),1/6,0.5705918026793521,0.99999620015268,0,0,1.3221926151503616,0.7418574276651632,ABCD2,Basal,Suppressed
GO_Biological_Process_2023,Purine Ribonucleoside Metabolic Process (GO:0046128),1/6,0.5705918026793521,0.99999620015268,0,0,1.3221926151503616,0.7418574276651632,GNMT,Basal,Suppressed
GO_Biological_Process_2023,Receptor-Mediated Virion Attachment To Host Cell (GO:0046813),1/6,0.5705918026793521,0.99999620015268,0,0,1.3221926151503616,0.7418574276651632,CLEC4M,Basal,Suppressed
GO_Biological_Process_2023,Regulation Of I-kappaB Phosphorylation (GO:1903719),1/6,0.5705918026793521,0.99999620015268,0,0,1.3221926151503616,0.7418574276651632,CX3CR1,Basal,Suppressed
GO_Biological_Process_2023,Regulation Of NAD(P)H Oxidase Activity (GO:0033860),1/6,0.5705918026793521,0.99999620015268,0,0,1.3221926151503616,0.7418574276651632,AGTR1,Basal,Suppressed
GO_Biological_Process_2023,Regulation Of SA Node Cell Action Potential (GO:0098907),1/6,0.5705918026793521,0.99999620015268,0,0,1.3221926151503616,0.7418574276651632,HCN1,Basal,Suppressed
GO_Biological_Process_2023,Regulation Of T Cell Tolerance Induction (GO:0002664),1/6,0.5705918026793521,0.99999620015268,0,0,1.3221926151503616,0.7418574276651632,TGFBR2,Basal,Suppressed
GO_Biological_Process_2023,Regulation Of Aldosterone Biosynthetic Process (GO:0032347),1/6,0.5705918026793521,0.99999620015268,0,0,1.3221926151503616,0.7418574276651632,DKK3,Basal,Suppressed
GO_Biological_Process_2023,Regulation Of Atrial Cardiac Muscle Cell Membrane Repolarization (GO:0060372),1/6,0.5705918026793521,0.99999620015268,0,0,1.3221926151503616,0.7418574276651632,KCNA5,Basal,Suppressed
GO_Biological_Process_2023,Regulation Of Bile Acid Metabolic Process (GO:1904251),1/6,0.5705918026793521,0.99999620015268,0,0,1.3221926151503616,0.7418574276651632,CES1,Basal,Suppressed
GO_Biological_Process_2023,Regulation Of Collagen Fibril Organization (GO:1904026),1/6,0.5705918026793521,0.99999620015268,0,0,1.3221926151503616,0.7418574276651632,TNXB,Basal,Suppressed
GO_Biological_Process_2023,Regulation Of Cortisol Biosynthetic Process (GO:2000064),1/6,0.5705918026793521,0.99999620015268,0,0,1.3221926151503616,0.7418574276651632,DKK3,Basal,Suppressed
GO_Biological_Process_2023,Regulation Of Digestive System Process (GO:0044058),1/6,0.5705918026793521,0.99999620015268,0,0,1.3221926151503616,0.7418574276651632,FGF10,Basal,Suppressed
GO_Biological_Process_2023,Regulation Of Extracellular Matrix Assembly (GO:1901201),1/6,0.5705918026793521,0.99999620015268,0,0,1.3221926151503616,0.7418574276651632,TIE1,Basal,Suppressed
GO_Biological_Process_2023,Regulation Of Growth Hormone Secretion (GO:0060123),1/6,0.5705918026793521,0.99999620015268,0,0,1.3221926151503616,0.7418574276651632,GHRH,Basal,Suppressed
GO_Biological_Process_2023,Regulation Of Hemoglobin Biosynthetic Process (GO:0046984),1/6,0.5705918026793521,0.99999620015268,0,0,1.3221926151503616,0.7418574276651632,KLF4,Basal,Suppressed
GO_Biological_Process_2023,Regulation Of Ketone Biosynthetic Process (GO:0010566),1/6,0.5705918026793521,0.99999620015268,0,0,1.3221926151503616,0.7418574276651632,EGR1,Basal,Suppressed
GO_Biological_Process_2023,Regulation Of Metallopeptidase Activity (GO:1905048),1/6,0.5705918026793521,0.99999620015268,0,0,1.3221926151503616,0.7418574276651632,LRP1,Basal,Suppressed
GO_Biological_Process_2023,Regulation Of Norepinephrine Secretion (GO:0014061),1/6,0.5705918026793521,0.99999620015268,0,0,1.3221926151503616,0.7418574276651632,FFAR3,Basal,Suppressed
GO_Biological_Process_2023,Regulation Of Oxidative Stress-Induced Neuron Intrinsic Apoptotic Signaling Pathway (GO:1903376),1/6,0.5705918026793521,0.99999620015268,0,0,1.3221926151503616,0.7418574276651632,PRKN,Basal,Suppressed
GO_Biological_Process_2023,Regulation Of Potassium Ion Export Across Plasma Membrane (GO:1903764),1/6,0.5705918026793521,0.99999620015268,0,0,1.3221926151503616,0.7418574276651632,KCNIP2,Basal,Suppressed
GO_Biological_Process_2023,Regulation Of Relaxation Of Muscle (GO:1901077),1/6,0.5705918026793521,0.99999620015268,0,0,1.3221926151503616,0.7418574276651632,PLN,Basal,Suppressed
GO_Biological_Process_2023,Regulation Of Respiratory Gaseous Exchange (GO:0043576),1/6,0.5705918026793521,0.99999620015268,0,0,1.3221926151503616,0.7418574276651632,GRPR,Basal,Suppressed
GO_Biological_Process_2023,Regulation Of Saliva Secretion (GO:0046877),1/6,0.5705918026793521,0.99999620015268,0,0,1.3221926151503616,0.7418574276651632,FGF10,Basal,Suppressed
GO_Biological_Process_2023,Regulation Of Skeletal Muscle Satellite Cell Proliferation (GO:0014842),1/6,0.5705918026793521,0.99999620015268,0,0,1.3221926151503616,0.7418574276651632,FGF2,Basal,Suppressed
GO_Biological_Process_2023,Regulation Of Smooth Muscle Cell Differentiation (GO:0051150),1/6,0.5705918026793521,0.99999620015268,0,0,1.3221926151503616,0.7418574276651632,MYOCD,Basal,Suppressed
GO_Biological_Process_2023,Regulation Of Striated Muscle Cell Differentiation (GO:0051153),1/6,0.5705918026793521,0.99999620015268,0,0,1.3221926151503616,0.7418574276651632,RBM24,Basal,Suppressed
GO_Biological_Process_2023,Regulation Of Vascular Associated Smooth Muscle Cell Differentiation (GO:1905063),1/6,0.5705918026793521,0.99999620015268,0,0,1.3221926151503616,0.7418574276651632,KIT,Basal,Suppressed
GO_Biological_Process_2023,Regulation Of Vitamin D Receptor Signaling Pathway (GO:0070562),1/6,0.5705918026793521,0.99999620015268,0,0,1.3221926151503616,0.7418574276651632,KANK2,Basal,Suppressed
GO_Biological_Process_2023,Release Of Sequestered Calcium Ion Into Cytosol By Sarcoplasmic Reticulum (GO:0014808),1/6,0.5705918026793521,0.99999620015268,0,0,1.3221926151503616,0.7418574276651632,TRDN,Basal,Suppressed
GO_Biological_Process_2023,Response To Cocaine (GO:0042220),1/6,0.5705918026793521,0.99999620015268,0,0,1.3221926151503616,0.7418574276651632,CRHBP,Basal,Suppressed
GO_Biological_Process_2023,Response To Hepatocyte Growth Factor (GO:0035728),1/6,0.5705918026793521,0.99999620015268,0,0,1.3221926151503616,0.7418574276651632,TDGF1,Basal,Suppressed
GO_Biological_Process_2023,Serine Transport (GO:0032329),1/6,0.5705918026793521,0.99999620015268,0,0,1.3221926151503616,0.7418574276651632,SLC7A10,Basal,Suppressed
GO_Biological_Process_2023,Short-Chain Fatty Acid Metabolic Process (GO:0046459),1/6,0.5705918026793521,0.99999620015268,0,0,1.3221926151503616,0.7418574276651632,ACSM1,Basal,Suppressed
GO_Biological_Process_2023,Smooth Muscle Cell Migration (GO:0014909),1/6,0.5705918026793521,0.99999620015268,0,0,1.3221926151503616,0.7418574276651632,PLAT,Basal,Suppressed
GO_Biological_Process_2023,Spinal Cord Dorsal/Ventral Patterning (GO:0021513),1/6,0.5705918026793521,0.99999620015268,0,0,1.3221926151503616,0.7418574276651632,CHRD,Basal,Suppressed
GO_Biological_Process_2023,"Substrate-Dependent Cell Migration, Cell Extension (GO:0006930)",1/6,0.5705918026793521,0.99999620015268,0,0,1.3221926151503616,0.7418574276651632,P2RY12,Basal,Suppressed
GO_Biological_Process_2023,Synaptic Signaling (GO:0099536),1/6,0.5705918026793521,0.99999620015268,0,0,1.3221926151503616,0.7418574276651632,UTRN,Basal,Suppressed
GO_Biological_Process_2023,Synaptic Vesicle Docking (GO:0016081),1/6,0.5705918026793521,0.99999620015268,0,0,1.3221926151503616,0.7418574276651632,UNC13C,Basal,Suppressed
GO_Biological_Process_2023,Ureter Development (GO:0072189),1/6,0.5705918026793521,0.99999620015268,0,0,1.3221926151503616,0.7418574276651632,SOX17,Basal,Suppressed
GO_Biological_Process_2023,Vascular Associated Smooth Muscle Cell Development (GO:0097084),1/6,0.5705918026793521,0.99999620015268,0,0,1.3221926151503616,0.7418574276651632,RAMP2,Basal,Suppressed
GO_Biological_Process_2023,Zinc Ion Import Into Organelle (GO:0062111),1/6,0.5705918026793521,0.99999620015268,0,0,1.3221926151503616,0.7418574276651632,SLC30A8,Basal,Suppressed
GO_Biological_Process_2023,Positive Regulation Of Axonogenesis (GO:0050772),5/38,0.5708496004869075,0.99999620015268,0,0,1.0015711826615372,0.5615103520676344,NTRK2;ISLR2;SLIT2;MAPT;PLXNA4,Basal,Suppressed
GO_Biological_Process_2023,Response To Transforming Growth Factor Beta (GO:0071559),5/38,0.5708496004869075,0.99999620015268,0,0,1.0015711826615372,0.5615103520676344,CLEC3B;CITED1;PDE2A;NR3C1;SOX5,Basal,Suppressed
GO_Biological_Process_2023,Regulation Of Peptidyl-Serine Phosphorylation (GO:0033135),12/93,0.5734027722406854,0.99999620015268,0,0,0.9792162192773812,0.5446076400995785,NTF4;MLXIPL;CSF3;IL6;CALCR;CAV1;INPP5J;HRC;SPRY2;DMD;GPD1L;SNCA,Basal,Suppressed
GO_Biological_Process_2023,Negative Regulation Of Cold-Induced Thermogenesis (GO:0120163),6/46,0.5734332960566882,0.99999620015268,0,0,0.991533180778032,0.5514051456318629,ADAMTS5;NOVA1;ADIPOQ;ALDH1A1;CIDEA;ZNF423,Basal,Suppressed
GO_Biological_Process_2023,Response To Hydrogen Peroxide (GO:0042542),6/46,0.5734332960566882,0.99999620015268,0,0,0.991533180778032,0.5514051456318629,IL6;CAT;HBB;HBA1;AQP1;RHOB,Basal,Suppressed
GO_Biological_Process_2023,Positive Regulation Of Macromolecule Metabolic Process (GO:0010604),47/364,0.5754537872395639,0.99999620015268,0,0,0.9797207694667536,0.5413901253769386,PRKN;MYOM1;RAMP2;PID1;RHOXF1;CITED1;TCF23;FGF1;NTS;FGF2;CDH5;CUX2;CALCR;GPER1;AGR2;CD36;CD34;HOXA5;SNCA;EGR1;IL33;NTRK2;GSN;EGF;TESC;PDE2A;AVPR2;PSG1;ANK2;IGF1;KLF4;KLF2;BMP4;ACTA2;CLDN5;FGF16;IL6;PIP;AGTR1;CLDN19;SPRY2;PPARG;PGR;VSTM2A;PF4;FGF10;RBMS3,Basal,Suppressed
GO_Biological_Process_2023,Neutrophil Chemotaxis (GO:0030593),9/70,0.5813712484955215,0.99999620015268,0,0,0.9752126640752634,0.5289219423749011,CCL14;CCL23;EDN3;CXCR1;CCL21;SAA1;CXCL2;CCL16;PF4,Basal,Suppressed
GO_Biological_Process_2023,Positive Regulation Of Protein Serine/Threonine Kinase Activity (GO:0071902),15/117,0.5822657913057175,0.99999620015268,0,0,0.9719502037324688,0.5256581271961431,EDN3;EGF;ADIPOQ;ADRB2;FGF1;FGF2;ADRA2A;GHR;PDGFD;KIT;NEK10;TDGF1;ELANE;FERMT2;SNCA,Basal,Suppressed
GO_Biological_Process_2023,Negative Regulation Of Cell Motility (GO:2000146),17/133,0.5876563149275592,0.99999620015268,0,0,0.9685547880980996,0.5148963169446971,PTPRT;NGFR;ADIPOQ;CHRD;GATA3;PODN;ALOX15B;RHOB;CLDN5;TMEFF2;DACH1;NAV3;MMRN2;SPOCK3;CLDN19;SLIT2;RECK,Basal,Suppressed
GO_Biological_Process_2023,Fibroblast Growth Factor Receptor Signaling Pathway (GO:0008543),5/39,0.594915841739988,0.99999620015268,0,0,0.9720571415756544,0.5048236124080121,KL;FGF16;FGF1;FGF2;FGF10,Basal,Suppressed
GO_Biological_Process_2023,Negative Regulation Of Mitochondrion Organization (GO:0010823),5/39,0.594915841739988,0.99999620015268,0,0,0.9720571415756544,0.5048236124080121,PRKN;MPV17L;PPARG;IGF1;MAPT,Basal,Suppressed
GO_Biological_Process_2023,Negative Regulation Of Protein Secretion (GO:0050709),5/39,0.594915841739988,0.99999620015268,0,0,0.9720571415756544,0.5048236124080121,PRKN;CHGA;KCNJ11;IRS1;FOXO1,Basal,Suppressed
GO_Biological_Process_2023,Vitamin Transport (GO:0051180),5/39,0.594915841739988,0.99999620015268,0,0,0.9720571415756544,0.5048236124080121,NPC1L1;SLC19A3;SLC2A4;FOLR2;ABCG2,Basal,Suppressed
GO_Biological_Process_2023,Regulation Of Wound Healing (GO:0061041),6/47,0.5953431366720716,0.99999620015268,0,0,0.9672936317463862,0.5016552496907084,MMRN1;CAV1;CLDN19;FGF2;ADRA2A;MYLK,Basal,Suppressed
GO_Biological_Process_2023,Response To Organonitrogen Compound (GO:0010243),6/47,0.5953431366720716,0.99999620015268,0,0,0.9672936317463862,0.5016552496907084,PRKN;XBP1;IL6;GLRA3;SEL1L2;GPIHBP1,Basal,Suppressed
GO_Biological_Process_2023,Bile Acid Metabolic Process (GO:0008206),4/31,0.5954726592096848,0.99999620015268,0,0,0.9792795844625112,0.5076583442226286,ACOX2;AKR1C1;AKR1D1;SLC27A2,Basal,Suppressed
GO_Biological_Process_2023,Negative Chemotaxis (GO:0050919),4/31,0.5954726592096848,0.99999620015268,0,0,0.9792795844625112,0.5076583442226286,SEMA3C;SEMA6D;SEMA3G;SLIT2,Basal,Suppressed
GO_Biological_Process_2023,Negative Regulation Of Cell-Matrix Adhesion (GO:0001953),4/31,0.5954726592096848,0.99999620015268,0,0,0.9792795844625112,0.5076583442226286,MYOC;APOD;HOXA7;ARHGAP6,Basal,Suppressed
GO_Biological_Process_2023,Negative Regulation Of Microtubule Polymerization Or Depolymerization (GO:0031111),4/31,0.5954726592096848,0.99999620015268,0,0,0.9792795844625112,0.5076583442226286,CDH5;NAV3;BMERB1;SNCA,Basal,Suppressed
GO_Biological_Process_2023,Positive Regulation Of Extrinsic Apoptotic Signaling Pathway (GO:2001238),4/31,0.5954726592096848,0.99999620015268,0,0,0.9792795844625112,0.5076583442226286,GPER1;CAV1;G0S2;AGTR2,Basal,Suppressed
GO_Biological_Process_2023,Regulation Of Long-Term Synaptic Potentiation (GO:1900271),4/31,0.5954726592096848,0.99999620015268,0,0,0.9792795844625112,0.5076583442226286,SCGN;RELN;ADCY1;PTN,Basal,Suppressed
GO_Biological_Process_2023,Regulation Of Macrophage Activation (GO:0043030),4/31,0.5954726592096848,0.99999620015268,0,0,0.9792795844625112,0.5076583442226286,CEBPA;IL33;IL6;LRFN5,Basal,Suppressed
GO_Biological_Process_2023,"Regulation Of Synaptic Transmission, Glutamatergic (GO:0051966)",7/55,0.5963236519037033,0.99999620015268,0,0,0.9639132646572556,0.4983158975922677,RELN;GRM7;GRIK3;GRIK1;ATP1A2;DRD1;HCN1,Basal,Suppressed
GO_Biological_Process_2023,Inorganic Anion Transmembrane Transport (GO:0098661),8/63,0.5976346808153465,0.99999620015268,0,0,0.9613879250520472,0.4948990587903017,GABRA2;SLC4A8;GLRA3;GABRA4;SLC4A1;SLC1A7;ANO3;GABRG1,Basal,Suppressed
GO_Biological_Process_2023,Entrainment Of Circadian Clock By Photoperiod (GO:0043153),3/23,0.5979628941868772,0.99999620015268,0,0,0.9915428571428572,0.5098776891903641,PER2;PER1;CRY2,Basal,Suppressed
GO_Biological_Process_2023,Hepaticobiliary System Development (GO:0061008),3/23,0.5979628941868772,0.99999620015268,0,0,0.9915428571428572,0.5098776891903641,TGFBR3;CEBPA;XBP1,Basal,Suppressed
GO_Biological_Process_2023,Long-Chain fatty-acyl-CoA Metabolic Process (GO:0035336),3/23,0.5979628941868772,0.99999620015268,0,0,0.9915428571428572,0.5098776891903641,DGAT2;ACSL1;ELOVL5,Basal,Suppressed
GO_Biological_Process_2023,Negative Regulation Of Actin Filament Polymerization (GO:0030837),3/23,0.5979628941868772,0.99999620015268,0,0,0.9915428571428572,0.5098776891903641,GSN;SLIT2;KANK3,Basal,Suppressed
GO_Biological_Process_2023,Negative Regulation Of Extrinsic Apoptotic Signaling Pathway Via Death Domain Receptors (GO:1902042),3/23,0.5979628941868772,0.99999620015268,0,0,0.9915428571428572,0.5098776891903641,FGB;FGA;FGG,Basal,Suppressed
GO_Biological_Process_2023,Potassium Ion Homeostasis (GO:0055075),3/23,0.5979628941868772,0.99999620015268,0,0,0.9915428571428572,0.5098776891903641,KCNMA1;ATP1A4;ATP1A2,Basal,Suppressed
GO_Biological_Process_2023,Regulation Of T Cell Migration (GO:2000404),3/23,0.5979628941868772,0.99999620015268,0,0,0.9915428571428572,0.5098776891903641,CXCL12;CCL21;APOD,Basal,Suppressed
GO_Biological_Process_2023,Regulation Of Cellular Response To Transforming Growth Factor Beta Stimulus (GO:1903844),3/23,0.5979628941868772,0.99999620015268,0,0,0.9915428571428572,0.5098776891903641,LTBP4;PPARG;DKK3,Basal,Suppressed
GO_Biological_Process_2023,Response To BMP (GO:0071772),3/23,0.5979628941868772,0.99999620015268,0,0,0.9915428571428572,0.5098776891903641,BMP4;TMEM100;VSTM2A,Basal,Suppressed
GO_Biological_Process_2023,Cellular Response To Lipid (GO:0071396),29/228,0.6047374581581927,0.99999620015268,0,0,0.9629080376874756,0.4843050630113201,CX3CR1;PID1;IRS1;UCP1;ATP1A2;ADCY1;RORB;NR3C1;TFPI;CXCL2;AQP1;ADCY5;CRHBP;ZFP36;GPER1;PDK4;FFAR3;CTSG;XBP1;FZD4;TESC;WNT9B;GPBAR1;SSTR1;ESR1;IL6;MGARP;GPLD1;PF4,Basal,Suppressed
GO_Biological_Process_2023,3'-UTR-mediated mRNA Destabilization (GO:0061158),2/15,0.6049666298122581,0.99999620015268,0,0,1.01698986466694,0.5111207796286023,ZFP36;RBM24,Basal,Suppressed
GO_Biological_Process_2023,Dendritic Cell Chemotaxis (GO:0002407),2/15,0.6049666298122581,0.99999620015268,0,0,1.01698986466694,0.5111207796286023,CCL21;CXCR1,Basal,Suppressed
GO_Biological_Process_2023,Negative Regulation Of Cation Transmembrane Transport (GO:1904063),2/15,0.6049666298122581,0.99999620015268,0,0,1.01698986466694,0.5111207796286023,CAV3;CAV1,Basal,Suppressed
GO_Biological_Process_2023,Negative Regulation Of Cell-Substrate Junction Organization (GO:0150118),2/15,0.6049666298122581,0.99999620015268,0,0,1.01698986466694,0.5111207796286023,APOD;ARHGAP6,Basal,Suppressed
GO_Biological_Process_2023,Negative Regulation Of Endoplasmic Reticulum Stress-Induced Intrinsic Apoptotic Signaling Pathway (GO:1902236),2/15,0.6049666298122581,0.99999620015268,0,0,1.01698986466694,0.5111207796286023,PRKN;XBP1,Basal,Suppressed
GO_Biological_Process_2023,Negative Regulation Of Focal Adhesion Assembly (GO:0051895),2/15,0.6049666298122581,0.99999620015268,0,0,1.01698986466694,0.5111207796286023,APOD;ARHGAP6,Basal,Suppressed
GO_Biological_Process_2023,Oogenesis (GO:0048477),2/15,0.6049666298122581,0.99999620015268,0,0,1.01698986466694,0.5111207796286023,IHO1;PTN,Basal,Suppressed
GO_Biological_Process_2023,Positive Regulation Of Endothelial Cell Apoptotic Process (GO:2000353),2/15,0.6049666298122581,0.99999620015268,0,0,1.01698986466694,0.5111207796286023,GPER1;ECSCR,Basal,Suppressed
GO_Biological_Process_2023,Positive Regulation Of Muscle Cell Differentiation (GO:0051149),2/15,0.6049666298122581,0.99999620015268,0,0,1.01698986466694,0.5111207796286023,MYOCD;LAMA2,Basal,Suppressed
GO_Biological_Process_2023,Regulation Of Amyloid-Beta Clearance (GO:1900221),2/15,0.6049666298122581,0.99999620015268,0,0,1.01698986466694,0.5111207796286023,MYOCD;LRP1,Basal,Suppressed
GO_Biological_Process_2023,Regulation Of Carbohydrate Metabolic Process (GO:0006109),2/15,0.6049666298122581,0.99999620015268,0,0,1.01698986466694,0.5111207796286023,PRKN;PDK4,Basal,Suppressed
GO_Biological_Process_2023,Regulation Of Cholesterol Biosynthetic Process (GO:0045540),2/15,0.6049666298122581,0.99999620015268,0,0,1.01698986466694,0.5111207796286023,SEC14L2;FGF1,Basal,Suppressed
GO_Biological_Process_2023,Regulation Of Hormone Secretion (GO:0046883),2/15,0.6049666298122581,0.99999620015268,0,0,1.01698986466694,0.5111207796286023,EDN3;FFAR3,Basal,Suppressed
GO_Biological_Process_2023,Regulation Of Lipoprotein Lipase Activity (GO:0051004),2/15,0.6049666298122581,0.99999620015268,0,0,1.01698986466694,0.5111207796286023,PCSK5;GPIHBP1,Basal,Suppressed
GO_Biological_Process_2023,Regulation Of miRNA-mediated Gene Silencing (GO:0060964),2/15,0.6049666298122581,0.99999620015268,0,0,1.01698986466694,0.5111207796286023,ZFP36;PPARG,Basal,Suppressed
GO_Biological_Process_2023,Regulation Of Multicellular Organism Growth (GO:0040014),2/15,0.6049666298122581,0.99999620015268,0,0,1.01698986466694,0.5111207796286023,GHR;GHRH,Basal,Suppressed
GO_Biological_Process_2023,Renal Filtration (GO:0097205),2/15,0.6049666298122581,0.99999620015268,0,0,1.01698986466694,0.5111207796286023,IGHA2;JCHAIN,Basal,Suppressed
GO_Biological_Process_2023,Sphingolipid Catabolic Process (GO:0030149),2/15,0.6049666298122581,0.99999620015268,0,0,1.01698986466694,0.5111207796286023,ACER2;ENPP2,Basal,Suppressed
GO_Biological_Process_2023,Sympathetic Nervous System Development (GO:0048485),2/15,0.6049666298122581,0.99999620015268,0,0,1.01698986466694,0.5111207796286023,TFAP2B;GATA3,Basal,Suppressed
GO_Biological_Process_2023,Negative Regulation Of Transmembrane Receptor Protein Serine/Threonine Kinase Signaling Pathway (GO:0090101),14/111,0.6079245350663629,0.99999620015268,0,0,0.9538251603183492,0.4747230980403768,LRP1;IGSF1;CAV1;WFIKKN2;CHRD;CIDEA;CRIM1;CHRDL1;BMPER;CILP;PRDM16;SPRY2;PPARG;SPRY1,Basal,Suppressed
GO_Biological_Process_2023,Intracellular Monoatomic Cation Homeostasis (GO:0030003),24/190,0.6150322878457615,0.99999620015268,0,0,0.9553050913330744,0.4643551879032786,CCL14;ALAS2;CCL23;SLC30A8;SCARA5;EDN3;TMPRSS6;CAV1;SLC40A1;ATP1A4;CYBRD1;ANK2;ATP1A2;PTH1R;F3;TRDN;CDH5;CXCL12;PLN;STC2;KCNMA1;CASQ2;ATP13A4;ELANE,Basal,Suppressed
GO_Biological_Process_2023,Positive Regulation Of Cellular Metabolic Process (GO:0031325),7/56,0.6160548177127917,0.99999620015268,0,0,0.9441870605548592,0.4573824629046523,SLCO1C1;PID1;AKR1C1;ADIPOQ;AGTR1;GATA3;TGFBR2,Basal,Suppressed
GO_Biological_Process_2023,Negative Regulation Of Cell Death (GO:0060548),8/64,0.6160959216829743,0.99999620015268,0,0,0.944165757906216,0.4573091496370411,KANK2;PRKN;CHGA;AMIGO2;ALB;CCN5;AGR3;SNCA,Basal,Suppressed
GO_Biological_Process_2023,Negative Regulation Of Cell Adhesion (GO:0007162),9/72,0.6165542278911795,0.99999620015268,0,0,0.9441444389897998,0.4565967473836355,SEMA5A;DUSP1;FZD4;PDE3B;DACT2;CDH13;CORO2B;PLXNA4;JAM3,Basal,Suppressed
GO_Biological_Process_2023,Plasma Membrane Organization (GO:0007009),9/72,0.6165542278911795,0.99999620015268,0,0,0.9441444389897998,0.4565967473836355,EHD2;ABCD2;MYMX;CAV3;CAVIN2;PLSCR4;ANK2;SYTL4;SPTBN1,Basal,Suppressed
GO_Biological_Process_2023,Positive Regulation Of Reactive Oxygen Species Metabolic Process (GO:2000379),6/48,0.6166393888588866,0.99999620015268,0,0,0.9442083469543424,0.4564972449745059,PID1;AKR1C1;AGTR1;CD36;MAPT;TGFBR2,Basal,Suppressed
GO_Biological_Process_2023,Negative Regulation Of Protein Serine/Threonine Kinase Activity (GO:0071901),10/80,0.617300570387112,0.99999620015268,0,0,0.9441231037869692,0.4554442541186578,BMP4;CEBPA;MYOCD;CAV3;DUSP1;PRKAR2B;ADIPOQ;SPRY2;PPARG;SPRY1,Basal,Suppressed
GO_Biological_Process_2023,Aortic Valve Development (GO:0003176),5/40,0.6182086314164693,0.99999620015268,0,0,0.9442296171232504,0.4541076767226142,BMP4;TIE1;GATA3;SLIT2;TGFBR2,Basal,Suppressed
GO_Biological_Process_2023,Endothelial Cell Migration (GO:0043542),5/40,0.6182086314164693,0.99999620015268,0,0,0.9442296171232504,0.4541076767226142,CDH5;NR4A1;EGR3;ADGRA2;CDH13,Basal,Suppressed
GO_Biological_Process_2023,Regulation Of Microtubule Cytoskeleton Organization (GO:0070507),5/40,0.6182086314164693,0.99999620015268,0,0,0.9442296171232504,0.4541076767226142,FRMPD2;STMND1;TPPP;MAPT;GAS2L2,Basal,Suppressed
GO_Biological_Process_2023,Regulation Of Small Molecule Metabolic Process (GO:0062012),5/40,0.6182086314164693,0.99999620015268,0,0,0.9442296171232504,0.4541076767226142,PRKN;ACADL;ADIPOQ;PDK4;FMO5,Basal,Suppressed
GO_Biological_Process_2023,Amide Transport (GO:0042886),4/32,0.621438044924472,0.99999620015268,0,0,0.9442508710801394,0.4491981361947059,SLC14A1;SLC14A2;FOLR2;ABCG2,Basal,Suppressed
GO_Biological_Process_2023,Respiratory System Development (GO:0060541),4/32,0.621438044924472,0.99999620015268,0,0,0.9442508710801394,0.4491981361947059,BMP4;CEBPA;DNAAF1;TCF21,Basal,Suppressed
GO_Biological_Process_2023,T-helper 17 Cell Lineage Commitment (GO:0072540),1/7,0.6270328225803066,0.99999620015268,0,0,1.1017637355665524,0.5142552650649809,IL6,Basal,Suppressed
GO_Biological_Process_2023,UV Protection (GO:0009650),1/7,0.6270328225803066,0.99999620015268,0,0,1.1017637355665524,0.5142552650649809,MFAP4,Basal,Suppressed
GO_Biological_Process_2023,Amine Transport (GO:0015837),1/7,0.6270328225803066,0.99999620015268,0,0,1.1017637355665524,0.5142552650649809,SLC18A2,Basal,Suppressed
GO_Biological_Process_2023,Amino Sugar Catabolic Process (GO:0046348),1/7,0.6270328225803066,0.99999620015268,0,0,1.1017637355665524,0.5142552650649809,HOGA1,Basal,Suppressed
GO_Biological_Process_2023,Aromatic Amino Acid Transport (GO:0015801),1/7,0.6270328225803066,0.99999620015268,0,0,1.1017637355665524,0.5142552650649809,SLC7A8,Basal,Suppressed
GO_Biological_Process_2023,Benzene-Containing Compound Metabolic Process (GO:0042537),1/7,0.6270328225803066,0.99999620015268,0,0,1.1017637355665524,0.5142552650649809,ACSM1,Basal,Suppressed
GO_Biological_Process_2023,"Blood Coagulation, Intrinsic Pathway (GO:0007597)",1/7,0.6270328225803066,0.99999620015268,0,0,1.1017637355665524,0.5142552650649809,F8,Basal,Suppressed
GO_Biological_Process_2023,Catecholamine Catabolic Process (GO:0042424),1/7,0.6270328225803066,0.99999620015268,0,0,1.1017637355665524,0.5142552650649809,MAOA,Basal,Suppressed
GO_Biological_Process_2023,Catecholamine Transport (GO:0051937),1/7,0.6270328225803066,0.99999620015268,0,0,1.1017637355665524,0.5142552650649809,SLC22A3,Basal,Suppressed
GO_Biological_Process_2023,Cellular Response To Epinephrine Stimulus (GO:0071872),1/7,0.6270328225803066,0.99999620015268,0,0,1.1017637355665524,0.5142552650649809,SNCA,Basal,Suppressed
GO_Biological_Process_2023,Cellular Response To Interferon-Alpha (GO:0035457),1/7,0.6270328225803066,0.99999620015268,0,0,1.1017637355665524,0.5142552650649809,GATA3,Basal,Suppressed
GO_Biological_Process_2023,Coronary Vasculature Morphogenesis (GO:0060977),1/7,0.6270328225803066,0.99999620015268,0,0,1.1017637355665524,0.5142552650649809,TGFBR3,Basal,Suppressed
GO_Biological_Process_2023,Dopamine Catabolic Process (GO:0042420),1/7,0.6270328225803066,0.99999620015268,0,0,1.1017637355665524,0.5142552650649809,MAOA,Basal,Suppressed
GO_Biological_Process_2023,Estrogen Biosynthetic Process (GO:0006703),1/7,0.6270328225803066,0.99999620015268,0,0,1.1017637355665524,0.5142552650649809,HSD3B1,Basal,Suppressed
GO_Biological_Process_2023,Foam Cell Differentiation (GO:0090077),1/7,0.6270328225803066,0.99999620015268,0,0,1.1017637355665524,0.5142552650649809,PPARG,Basal,Suppressed
GO_Biological_Process_2023,Folic Acid Transport (GO:0015884),1/7,0.6270328225803066,0.99999620015268,0,0,1.1017637355665524,0.5142552650649809,FOLR2,Basal,Suppressed
GO_Biological_Process_2023,Fructose Metabolic Process (GO:0006000),1/7,0.6270328225803066,0.99999620015268,0,0,1.1017637355665524,0.5142552650649809,FBP1,Basal,Suppressed
GO_Biological_Process_2023,Glycine Metabolic Process (GO:0006544),1/7,0.6270328225803066,0.99999620015268,0,0,1.1017637355665524,0.5142552650649809,GLYAT,Basal,Suppressed
GO_Biological_Process_2023,Immunological Synapse Formation (GO:0001771),1/7,0.6270328225803066,0.99999620015268,0,0,1.1017637355665524,0.5142552650649809,CCL21,Basal,Suppressed
GO_Biological_Process_2023,Inhibitory Postsynaptic Potential (GO:0060080),1/7,0.6270328225803066,0.99999620015268,0,0,1.1017637355665524,0.5142552650649809,INSYN2B,Basal,Suppressed
GO_Biological_Process_2023,Intracellular pH Elevation (GO:0051454),1/7,0.6270328225803066,0.99999620015268,0,0,1.1017637355665524,0.5142552650649809,SLC26A3,Basal,Suppressed
GO_Biological_Process_2023,Kidney Epithelium Development (GO:0072073),1/7,0.6270328225803066,0.99999620015268,0,0,1.1017637355665524,0.5142552650649809,KANK2,Basal,Suppressed
GO_Biological_Process_2023,Leukocyte Aggregation (GO:0070486),1/7,0.6270328225803066,0.99999620015268,0,0,1.1017637355665524,0.5142552650649809,JAM2,Basal,Suppressed
GO_Biological_Process_2023,Lipoxygenase Pathway (GO:0019372),1/7,0.6270328225803066,0.99999620015268,0,0,1.1017637355665524,0.5142552650649809,ALOX15,Basal,Suppressed
GO_Biological_Process_2023,Lymphatic Endothelial Cell Differentiation (GO:0060836),1/7,0.6270328225803066,0.99999620015268,0,0,1.1017637355665524,0.5142552650649809,TIE1,Basal,Suppressed
GO_Biological_Process_2023,Mammary Gland Epithelial Cell Differentiation (GO:0060644),1/7,0.6270328225803066,0.99999620015268,0,0,1.1017637355665524,0.5142552650649809,ERBB4,Basal,Suppressed
GO_Biological_Process_2023,Myeloid Leukocyte Mediated Immunity (GO:0002444),1/7,0.6270328225803066,0.99999620015268,0,0,1.1017637355665524,0.5142552650649809,IL6,Basal,Suppressed
GO_Biological_Process_2023,Myoblast Migration (GO:0051451),1/7,0.6270328225803066,0.99999620015268,0,0,1.1017637355665524,0.5142552650649809,THBS4,Basal,Suppressed
GO_Biological_Process_2023,Negative Regulation Of Amyloid-Beta Clearance (GO:1900222),1/7,0.6270328225803066,0.99999620015268,0,0,1.1017637355665524,0.5142552650649809,MYOCD,Basal,Suppressed
GO_Biological_Process_2023,Negative Regulation Of cAMP-dependent Protein Kinase Activity (GO:2000480),1/7,0.6270328225803066,0.99999620015268,0,0,1.1017637355665524,0.5142552650649809,PRKAR2B,Basal,Suppressed
GO_Biological_Process_2023,Negative Regulation Of Cell Cycle G2/M Phase Transition (GO:1902750),1/7,0.6270328225803066,0.99999620015268,0,0,1.1017637355665524,0.5142552650649809,FHL1,Basal,Suppressed
GO_Biological_Process_2023,"Negative Regulation Of Complement Activation, Classical Pathway (GO:0045959)",1/7,0.6270328225803066,0.99999620015268,0,0,1.1017637355665524,0.5142552650649809,SVEP1,Basal,Suppressed
GO_Biological_Process_2023,Negative Regulation Of Fatty Acid Oxidation (GO:0046322),1/7,0.6270328225803066,0.99999620015268,0,0,1.1017637355665524,0.5142552650649809,PLIN5,Basal,Suppressed
GO_Biological_Process_2023,Negative Regulation Of Inflammatory Response To Wounding (GO:0106015),1/7,0.6270328225803066,0.99999620015268,0,0,1.1017637355665524,0.5142552650649809,IL33,Basal,Suppressed
GO_Biological_Process_2023,Negative Regulation Of Intracellular Transport (GO:0032387),1/7,0.6270328225803066,0.99999620015268,0,0,1.1017637355665524,0.5142552650649809,PLN,Basal,Suppressed
GO_Biological_Process_2023,Negative Regulation Of Keratinocyte Proliferation (GO:0010839),1/7,0.6270328225803066,0.99999620015268,0,0,1.1017637355665524,0.5142552650649809,KLF9,Basal,Suppressed
GO_Biological_Process_2023,Negative Regulation Of Leukocyte Proliferation (GO:0070664),1/7,0.6270328225803066,0.99999620015268,0,0,1.1017637355665524,0.5142552650649809,IL33,Basal,Suppressed
GO_Biological_Process_2023,Negative Regulation Of miRNA-mediated Gene Silencing (GO:0060965),1/7,0.6270328225803066,0.99999620015268,0,0,1.1017637355665524,0.5142552650649809,PPARG,Basal,Suppressed
GO_Biological_Process_2023,Negative Regulation Of Mitochondrial Fusion (GO:0010637),1/7,0.6270328225803066,0.99999620015268,0,0,1.1017637355665524,0.5142552650649809,PRKN,Basal,Suppressed
GO_Biological_Process_2023,Negative Regulation Of Mitochondrial Membrane Potential (GO:0010917),1/7,0.6270328225803066,0.99999620015268,0,0,1.1017637355665524,0.5142552650649809,MAPT,Basal,Suppressed
GO_Biological_Process_2023,Negative Regulation Of Muscle Cell Differentiation (GO:0051148),1/7,0.6270328225803066,0.99999620015268,0,0,1.1017637355665524,0.5142552650649809,TCF23,Basal,Suppressed
GO_Biological_Process_2023,Negative Regulation Of Muscle Hypertrophy (GO:0014741),1/7,0.6270328225803066,0.99999620015268,0,0,1.1017637355665524,0.5142552650649809,CAV3,Basal,Suppressed
GO_Biological_Process_2023,Negative Regulation Of Neural Precursor Cell Proliferation (GO:2000178),1/7,0.6270328225803066,0.99999620015268,0,0,1.1017637355665524,0.5142552650649809,PTN,Basal,Suppressed
GO_Biological_Process_2023,Negative Regulation Of Nitric Oxide Biosynthetic Process (GO:0045019),1/7,0.6270328225803066,0.99999620015268,0,0,1.1017637355665524,0.5142552650649809,CAV1,Basal,Suppressed
GO_Biological_Process_2023,Negative Regulation Of Nitric Oxide Metabolic Process (GO:1904406),1/7,0.6270328225803066,0.99999620015268,0,0,1.1017637355665524,0.5142552650649809,CAV1,Basal,Suppressed
GO_Biological_Process_2023,Negative Regulation Of Osteoblast Proliferation (GO:0033689),1/7,0.6270328225803066,0.99999620015268,0,0,1.1017637355665524,0.5142552650649809,TNN,Basal,Suppressed
GO_Biological_Process_2023,Negative Regulation Of Peptidyl-Lysine Acetylation (GO:2000757),1/7,0.6270328225803066,0.99999620015268,0,0,1.1017637355665524,0.5142552650649809,KLF15,Basal,Suppressed
GO_Biological_Process_2023,Negative Regulation Of Phospholipase Activity (GO:0010519),1/7,0.6270328225803066,0.99999620015268,0,0,1.1017637355665524,0.5142552650649809,PLA2R1,Basal,Suppressed
GO_Biological_Process_2023,Neuron Projection Arborization (GO:0140058),1/7,0.6270328225803066,0.99999620015268,0,0,1.1017637355665524,0.5142552650649809,PTN,Basal,Suppressed
GO_Biological_Process_2023,Norepinephrine Metabolic Process (GO:0042415),1/7,0.6270328225803066,0.99999620015268,0,0,1.1017637355665524,0.5142552650649809,GATA3,Basal,Suppressed
GO_Biological_Process_2023,Nucleobase-Containing Small Molecule Interconversion (GO:0015949),1/7,0.6270328225803066,0.99999620015268,0,0,1.1017637355665524,0.5142552650649809,AK5,Basal,Suppressed
GO_Biological_Process_2023,Peroxisome Proliferator Activated Receptor Signaling Pathway (GO:0035357),1/7,0.6270328225803066,0.99999620015268,0,0,1.1017637355665524,0.5142552650649809,PPARG,Basal,Suppressed
GO_Biological_Process_2023,Plasma Membrane Phospholipid Scrambling (GO:0017121),1/7,0.6270328225803066,0.99999620015268,0,0,1.1017637355665524,0.5142552650649809,PLSCR4,Basal,Suppressed
GO_Biological_Process_2023,Positive Regulation Of CoA-transferase Activity (GO:1905920),1/7,0.6270328225803066,0.99999620015268,0,0,1.1017637355665524,0.5142552650649809,AGTR1,Basal,Suppressed
GO_Biological_Process_2023,Positive Regulation Of T-helper 2 Cell Cytokine Production (GO:2000553),1/7,0.6270328225803066,0.99999620015268,0,0,1.1017637355665524,0.5142552650649809,IL6,Basal,Suppressed
GO_Biological_Process_2023,Positive Regulation Of Adipose Tissue Development (GO:1904179),1/7,0.6270328225803066,0.99999620015268,0,0,1.1017637355665524,0.5142552650649809,PPARG,Basal,Suppressed
GO_Biological_Process_2023,Positive Regulation Of Calcium Ion Import (GO:0090280),1/7,0.6270328225803066,0.99999620015268,0,0,1.1017637355665524,0.5142552650649809,CXCL12,Basal,Suppressed
GO_Biological_Process_2023,Positive Regulation Of Cardiac Epithelial To Mesenchymal Transition (GO:0062043),1/7,0.6270328225803066,0.99999620015268,0,0,1.1017637355665524,0.5142552650649809,TGFBR2,Basal,Suppressed
GO_Biological_Process_2023,Positive Regulation Of Dendritic Cell Chemotaxis (GO:2000510),1/7,0.6270328225803066,0.99999620015268,0,0,1.1017637355665524,0.5142552650649809,CCL21,Basal,Suppressed
GO_Biological_Process_2023,Positive Regulation Of Endocytic Recycling (GO:2001137),1/7,0.6270328225803066,0.99999620015268,0,0,1.1017637355665524,0.5142552650649809,EHD2,Basal,Suppressed
GO_Biological_Process_2023,Positive Regulation Of Fibroblast Migration (GO:0010763),1/7,0.6270328225803066,0.99999620015268,0,0,1.1017637355665524,0.5142552650649809,DDR2,Basal,Suppressed
GO_Biological_Process_2023,Positive Regulation Of Glial Cell Migration (GO:1903977),1/7,0.6270328225803066,0.99999620015268,0,0,1.1017637355665524,0.5142552650649809,P2RY12,Basal,Suppressed
GO_Biological_Process_2023,Positive Regulation Of Gluconeogenesis (GO:0045722),1/7,0.6270328225803066,0.99999620015268,0,0,1.1017637355665524,0.5142552650649809,FOXO1,Basal,Suppressed
GO_Biological_Process_2023,Positive Regulation Of Intracellular Steroid Hormone Receptor Signaling Pathway (GO:0033145),1/7,0.6270328225803066,0.99999620015268,0,0,1.1017637355665524,0.5142552650649809,SRARP,Basal,Suppressed
GO_Biological_Process_2023,Positive Regulation Of Myeloid Cell Apoptotic Process (GO:0033034),1/7,0.6270328225803066,0.99999620015268,0,0,1.1017637355665524,0.5142552650649809,HCAR2,Basal,Suppressed
GO_Biological_Process_2023,Positive Regulation Of Neuron Projection Arborization (GO:0150012),1/7,0.6270328225803066,0.99999620015268,0,0,1.1017637355665524,0.5142552650649809,FZD4,Basal,Suppressed
GO_Biological_Process_2023,Positive Regulation Of Oligodendrocyte Differentiation (GO:0048714),1/7,0.6270328225803066,0.99999620015268,0,0,1.1017637355665524,0.5142552650649809,PTN,Basal,Suppressed
GO_Biological_Process_2023,Positive Regulation Of Plasminogen Activation (GO:0010756),1/7,0.6270328225803066,0.99999620015268,0,0,1.1017637355665524,0.5142552650649809,CLEC3B,Basal,Suppressed
GO_Biological_Process_2023,Positive Regulation Of Triglyceride Lipase Activity (GO:0061365),1/7,0.6270328225803066,0.99999620015268,0,0,1.1017637355665524,0.5142552650649809,GPIHBP1,Basal,Suppressed
GO_Biological_Process_2023,Positive Regulation Of Vascular Associated Smooth Muscle Cell Migration (GO:1904754),1/7,0.6270328225803066,0.99999620015268,0,0,1.1017637355665524,0.5142552650649809,NR4A3,Basal,Suppressed
GO_Biological_Process_2023,Postsynaptic Membrane Assembly (GO:0097104),1/7,0.6270328225803066,0.99999620015268,0,0,1.1017637355665524,0.5142552650649809,NLGN4Y,Basal,Suppressed
GO_Biological_Process_2023,Protein K27-linked Ubiquitination (GO:0044314),1/7,0.6270328225803066,0.99999620015268,0,0,1.1017637355665524,0.5142552650649809,PRKN,Basal,Suppressed
GO_Biological_Process_2023,Regulation Of ATPase-coupled Calcium Transmembrane Transporter Activity (GO:1901894),1/7,0.6270328225803066,0.99999620015268,0,0,1.1017637355665524,0.5142552650649809,PLN,Basal,Suppressed
GO_Biological_Process_2023,Regulation Of CoA-transferase Activity (GO:1905918),1/7,0.6270328225803066,0.99999620015268,0,0,1.1017637355665524,0.5142552650649809,AGTR1,Basal,Suppressed
GO_Biological_Process_2023,Regulation Of Chemokine-Mediated Signaling Pathway (GO:0070099),1/7,0.6270328225803066,0.99999620015268,0,0,1.1017637355665524,0.5142552650649809,SLIT2,Basal,Suppressed
GO_Biological_Process_2023,Regulation Of Cilium Beat Frequency (GO:0003356),1/7,0.6270328225803066,0.99999620015268,0,0,1.1017637355665524,0.5142552650649809,DNAAF1,Basal,Suppressed
GO_Biological_Process_2023,Regulation Of Dopamine Metabolic Process (GO:0042053),1/7,0.6270328225803066,0.99999620015268,0,0,1.1017637355665524,0.5142552650649809,PRKN,Basal,Suppressed
GO_Biological_Process_2023,Regulation Of Dopamine Receptor Signaling Pathway (GO:0060159),1/7,0.6270328225803066,0.99999620015268,0,0,1.1017637355665524,0.5142552650649809,PALM,Basal,Suppressed
GO_Biological_Process_2023,Regulation Of Dopamine Uptake Involved In Synaptic Transmission (GO:0051584),1/7,0.6270328225803066,0.99999620015268,0,0,1.1017637355665524,0.5142552650649809,SNCA,Basal,Suppressed
GO_Biological_Process_2023,Regulation Of Epithelial To Mesenchymal Transition Involved In Endocardial Cushion Formation (GO:1905005),1/7,0.6270328225803066,0.99999620015268,0,0,1.1017637355665524,0.5142552650649809,TGFBR2,Basal,Suppressed
GO_Biological_Process_2023,Regulation Of Mammary Gland Epithelial Cell Proliferation (GO:0033599),1/7,0.6270328225803066,0.99999620015268,0,0,1.1017637355665524,0.5142552650649809,GATA3,Basal,Suppressed
GO_Biological_Process_2023,Regulation Of Nitric Oxide Metabolic Process (GO:0080164),1/7,0.6270328225803066,0.99999620015268,0,0,1.1017637355665524,0.5142552650649809,CX3CR1,Basal,Suppressed
GO_Biological_Process_2023,Regulation Of Oxidative Stress-Induced Cell Death (GO:1903201),1/7,0.6270328225803066,0.99999620015268,0,0,1.1017637355665524,0.5142552650649809,PRKN,Basal,Suppressed
GO_Biological_Process_2023,Regulation Of Protein Glycosylation (GO:0060049),1/7,0.6270328225803066,0.99999620015268,0,0,1.1017637355665524,0.5142552650649809,ACER2,Basal,Suppressed
GO_Biological_Process_2023,Regulation Of Transforming Growth Factor Beta Activation (GO:1901388),1/7,0.6270328225803066,0.99999620015268,0,0,1.1017637355665524,0.5142552650649809,TNXB,Basal,Suppressed
GO_Biological_Process_2023,Regulation Of Triglyceride Metabolic Process (GO:0090207),1/7,0.6270328225803066,0.99999620015268,0,0,1.1017637355665524,0.5142552650649809,CIDEC,Basal,Suppressed
GO_Biological_Process_2023,Regulation Of Vascular Wound Healing (GO:0061043),1/7,0.6270328225803066,0.99999620015268,0,0,1.1017637355665524,0.5142552650649809,XBP1,Basal,Suppressed
GO_Biological_Process_2023,"Regulation Of Wound Healing, Spreading Of Epidermal Cells (GO:1903689)",1/7,0.6270328225803066,0.99999620015268,0,0,1.1017637355665524,0.5142552650649809,FERMT2,Basal,Suppressed
GO_Biological_Process_2023,Release Of Sequestered Calcium Ion Into Cytosol By Endoplasmic Reticulum (GO:1903514),1/7,0.6270328225803066,0.99999620015268,0,0,1.1017637355665524,0.5142552650649809,TRDN,Basal,Suppressed
GO_Biological_Process_2023,Response To Epinephrine (GO:0071871),1/7,0.6270328225803066,0.99999620015268,0,0,1.1017637355665524,0.5142552650649809,SNCA,Basal,Suppressed
GO_Biological_Process_2023,Sinoatrial Node Development (GO:0003163),1/7,0.6270328225803066,0.99999620015268,0,0,1.1017637355665524,0.5142552650649809,CACNA1G,Basal,Suppressed
GO_Biological_Process_2023,Sodium-Dependent Phosphate Transport (GO:0044341),1/7,0.6270328225803066,0.99999620015268,0,0,1.1017637355665524,0.5142552650649809,SLC17A7,Basal,Suppressed
GO_Biological_Process_2023,Spleen Development (GO:0048536),1/7,0.6270328225803066,0.99999620015268,0,0,1.1017637355665524,0.5142552650649809,TCF21,Basal,Suppressed
GO_Biological_Process_2023,Stress-Induced Premature Senescence (GO:0090400),1/7,0.6270328225803066,0.99999620015268,0,0,1.1017637355665524,0.5142552650649809,PLA2R1,Basal,Suppressed
GO_Biological_Process_2023,Sulfur Amino Acid Biosynthetic Process (GO:0000097),1/7,0.6270328225803066,0.99999620015268,0,0,1.1017637355665524,0.5142552650649809,CDO1,Basal,Suppressed
GO_Biological_Process_2023,Terpenoid Metabolic Process (GO:0006721),1/7,0.6270328225803066,0.99999620015268,0,0,1.1017637355665524,0.5142552650649809,CYP3A4,Basal,Suppressed
GO_Biological_Process_2023,Venous Blood Vessel Development (GO:0060841),1/7,0.6270328225803066,0.99999620015268,0,0,1.1017637355665524,0.5142552650649809,CCBE1,Basal,Suppressed
GO_Biological_Process_2023,ERK1 And ERK2 Cascade (GO:0070371),3/24,0.6277734385712206,0.99999620015268,0,0,0.9442721088435374,0.4396303786680779,EGF;IGF1;FGF10,Basal,Suppressed
GO_Biological_Process_2023,Acylglycerol Homeostasis (GO:0055090),3/24,0.6277734385712206,0.99999620015268,0,0,0.9442721088435374,0.4396303786680779,MLXIPL;ANGPTL8;GPIHBP1,Basal,Suppressed
GO_Biological_Process_2023,Dicarboxylic Acid Transport (GO:0006835),3/24,0.6277734385712206,0.99999620015268,0,0,0.9442721088435374,0.4396303786680779,SLC13A2;FOLR2;SLC1A7,Basal,Suppressed
GO_Biological_Process_2023,Eosinophil Chemotaxis (GO:0048245),3/24,0.6277734385712206,0.99999620015268,0,0,0.9442721088435374,0.4396303786680779,CCL14;CCL23;CCL16,Basal,Suppressed
GO_Biological_Process_2023,Eosinophil Migration (GO:0072677),3/24,0.6277734385712206,0.99999620015268,0,0,0.9442721088435374,0.4396303786680779,CCL14;CCL23;CCL16,Basal,Suppressed
GO_Biological_Process_2023,Iron Ion Transport (GO:0006826),3/24,0.6277734385712206,0.99999620015268,0,0,0.9442721088435374,0.4396303786680779,SCARA5;SLC40A1;F3,Basal,Suppressed
GO_Biological_Process_2023,Mononuclear Cell Differentiation (GO:1903131),3/24,0.6277734385712206,0.99999620015268,0,0,0.9442721088435374,0.4396303786680779,BMP4;PDE1B;PPARG,Basal,Suppressed
GO_Biological_Process_2023,Outflow Tract Septum Morphogenesis (GO:0003148),3/24,0.6277734385712206,0.99999620015268,0,0,0.9442721088435374,0.4396303786680779,BMP4;SEMA3C;TGFBR2,Basal,Suppressed
GO_Biological_Process_2023,Peroxisome Organization (GO:0007031),3/24,0.6277734385712206,0.99999620015268,0,0,0.9442721088435374,0.4396303786680779,ABCD2;PEX11A;PLAAT3,Basal,Suppressed
GO_Biological_Process_2023,Photoperiodism (GO:0009648),3/24,0.6277734385712206,0.99999620015268,0,0,0.9442721088435374,0.4396303786680779,PER2;PER1;CRY2,Basal,Suppressed
GO_Biological_Process_2023,Positive Regulation Of Vascular Endothelial Growth Factor Production (GO:0010575),3/24,0.6277734385712206,0.99999620015268,0,0,0.9442721088435374,0.4396303786680779,CCBE1;IL6;IL6ST,Basal,Suppressed
GO_Biological_Process_2023,Regulation Of Muscle Cell Differentiation (GO:0051147),3/24,0.6277734385712206,0.99999620015268,0,0,0.9442721088435374,0.4396303786680779,MYOCD;LAMA2;TCF23,Basal,Suppressed
GO_Biological_Process_2023,Regulation Of Neuroblast Proliferation (GO:1902692),3/24,0.6277734385712206,0.99999620015268,0,0,0.9442721088435374,0.4396303786680779,CX3CR1;DCT;PTN,Basal,Suppressed
GO_Biological_Process_2023,Regulation Of Ruffle Assembly (GO:1900027),3/24,0.6277734385712206,0.99999620015268,0,0,0.9442721088435374,0.4396303786680779,P2RY12;CAV1;EPS8L3,Basal,Suppressed
GO_Biological_Process_2023,Response To Copper Ion (GO:0046688),3/24,0.6277734385712206,0.99999620015268,0,0,0.9442721088435374,0.4396303786680779,MT1A;AQP1;SNCA,Basal,Suppressed
GO_Biological_Process_2023,Response To Hexose (GO:0009746),3/24,0.6277734385712206,0.99999620015268,0,0,0.9442721088435374,0.4396303786680779,GYS2;SLC30A8;GPLD1,Basal,Suppressed
GO_Biological_Process_2023,Secondary Alcohol Biosynthetic Process (GO:1902653),3/24,0.6277734385712206,0.99999620015268,0,0,0.9442721088435374,0.4396303786680779,NPC1L1;TM7SF2;CES1,Basal,Suppressed
GO_Biological_Process_2023,Granulocyte Chemotaxis (GO:0071621),9/73,0.6335602725298,0.99999620015268,0,0,0.9293384879725086,0.4241502175344895,CCL14;CCL23;EDN3;CXCR1;CCL21;SAA1;CXCL2;CCL16;PF4,Basal,Suppressed
GO_Biological_Process_2023,Regulation Of Tyrosine Phosphorylation Of STAT Protein (GO:0042509),8/65,0.6341001924996301,0.99999620015268,0,0,0.927547877326905,0.422542863041483,GHR;IL6;IL20;TSLP;ERBB4;KIT;IGF1;IL6ST,Basal,Suppressed
GO_Biological_Process_2023,Chemokine-Mediated Signaling Pathway (GO:0070098),7/57,0.6352495290078628,0.99999620015268,0,0,0.9252499046165584,0.4198204844148963,CCL14;CCL23;CXCL12;CCL21;CXCL2;CCL16;PF4,Basal,Suppressed
GO_Biological_Process_2023,Membrane Lipid Biosynthetic Process (GO:0046467),7/57,0.6352495290078628,0.99999620015268,0,0,0.9252499046165584,0.4198204844148963,ACER2;ALDH3B2;ELOVL5;ST8SIA6;DEGS2;PLPP3;PLPP1,Basal,Suppressed
GO_Biological_Process_2023,Monoatomic Anion Transport (GO:0006820),7/57,0.6352495290078628,0.99999620015268,0,0,0.9252499046165584,0.4198204844148963,CLIC5;FXYD1;SLC4A1;SLC17A7;NMUR1;SLC26A3;SLC26A5,Basal,Suppressed
GO_Biological_Process_2023,Antibacterial Humoral Response (GO:0019731),6/49,0.6372878677121049,0.99999620015268,0,0,0.9221967963386728,0.4154808397796258,FGB;FGA;CTSG;F3;IGHA2;JCHAIN,Basal,Suppressed
GO_Biological_Process_2023,Fatty Acid Beta-Oxidation (GO:0006635),6/49,0.6372878677121049,0.99999620015268,0,0,0.9221967963386728,0.4154808397796258,ABCD2;ACADL;ACOX2;ADIPOQ;ACADS;SLC27A2,Basal,Suppressed
GO_Biological_Process_2023,Positive Regulation Of Pathway-Restricted SMAD Protein Phosphorylation (GO:0010862),6/49,0.6372878677121049,0.99999620015268,0,0,0.9221967963386728,0.4154808397796258,GDF10;BMP4;BMP3;TNXB;PPARG;TGFBR2,Basal,Suppressed
GO_Biological_Process_2023,Regulation Of Cell Communication (GO:0010646),6/49,0.6372878677121049,0.99999620015268,0,0,0.9221967963386728,0.4154808397796258,SOCS2;CASQ2;TDGF1;MGLL;TRDN;HCN1,Basal,Suppressed
GO_Biological_Process_2023,Cellular Response To Retinoic Acid (GO:0071300),5/41,0.6406884281082501,0.99999620015268,0,0,0.9179480662515356,0.4086815053281396,FZD4;TESC;WNT9B;RORB;AQP1,Basal,Suppressed
GO_Biological_Process_2023,Positive Regulation Of Ossification (GO:0045778),5/41,0.6406884281082501,0.99999620015268,0,0,0.9179480662515356,0.4086815053281396,BMP4;KL;ADGRV1;ZBTB16;PTN,Basal,Suppressed
GO_Biological_Process_2023,acetyl-CoA Metabolic Process (GO:0006084),2/16,0.6410182253202112,0.99999620015268,0,0,0.9442933304319444,0.4199247792758602,HMGCS2;ACACB,Basal,Suppressed
GO_Biological_Process_2023,Dicarboxylic Acid Catabolic Process (GO:0043649),2/16,0.6410182253202112,0.99999620015268,0,0,0.9442933304319444,0.4199247792758602,ALDH1L1;ASPA,Basal,Suppressed
GO_Biological_Process_2023,Mesonephric Tubule Development (GO:0072164),2/16,0.6410182253202112,0.99999620015268,0,0,0.9442933304319444,0.4199247792758602,TCF21;SLIT2,Basal,Suppressed
GO_Biological_Process_2023,Negative Regulation Of Intrinsic Apoptotic Signaling Pathway By P53 Class Mediator (GO:1902254),2/16,0.6410182253202112,0.99999620015268,0,0,0.9442933304319444,0.4199247792758602,PRKN;BCL2,Basal,Suppressed
GO_Biological_Process_2023,Negative Regulation Of Release Of Cytochrome C From Mitochondria (GO:0090201),2/16,0.6410182253202112,0.99999620015268,0,0,0.9442933304319444,0.4199247792758602,PRKN;IGF1,Basal,Suppressed
GO_Biological_Process_2023,Positive Regulation Of Cell Migration Involved In Sprouting Angiogenesis (GO:0090050),2/16,0.6410182253202112,0.99999620015268,0,0,0.9442933304319444,0.4199247792758602,RHOJ;FGF2,Basal,Suppressed
GO_Biological_Process_2023,Positive Regulation Of Myeloid Leukocyte Cytokine Production Involved In Immune Response (GO:0061081),2/16,0.6410182253202112,0.99999620015268,0,0,0.9442933304319444,0.4199247792758602,NR4A3;KIT,Basal,Suppressed
GO_Biological_Process_2023,Positive Regulation Of Smooth Muscle Cell Migration (GO:0014911),2/16,0.6410182253202112,0.99999620015268,0,0,0.9442933304319444,0.4199247792758602,NR4A3;IGF1,Basal,Suppressed
GO_Biological_Process_2023,Protein Kinase A Signaling (GO:0010737),2/16,0.6410182253202112,0.99999620015268,0,0,0.9442933304319444,0.4199247792758602,MYOM1;MROH2B,Basal,Suppressed
GO_Biological_Process_2023,Regulation Of Establishment Of Endothelial Barrier (GO:1903140),2/16,0.6410182253202112,0.99999620015268,0,0,0.9442933304319444,0.4199247792758602,CDH5;CLDN5,Basal,Suppressed
GO_Biological_Process_2023,Regulation Of Fibrinolysis (GO:0051917),2/16,0.6410182253202112,0.99999620015268,0,0,0.9442933304319444,0.4199247792758602,THBD;PLAT,Basal,Suppressed
GO_Biological_Process_2023,Regulation Of Plasminogen Activation (GO:0010755),2/16,0.6410182253202112,0.99999620015268,0,0,0.9442933304319444,0.4199247792758602,CLEC3B;PLAT,Basal,Suppressed
GO_Biological_Process_2023,Regulation Of Protein Kinase C Signaling (GO:0090036),2/16,0.6410182253202112,0.99999620015268,0,0,0.9442933304319444,0.4199247792758602,GPD1L;SEZ6L,Basal,Suppressed
GO_Biological_Process_2023,Regulation Of Response To Cytokine Stimulus (GO:0060759),2/16,0.6410182253202112,0.99999620015268,0,0,0.9442933304319444,0.4199247792758602,LRRC70;KLF4,Basal,Suppressed
GO_Biological_Process_2023,Regulation Of Steroid Biosynthetic Process (GO:0050810),2/16,0.6410182253202112,0.99999620015268,0,0,0.9442933304319444,0.4199247792758602,EGR1;CES1,Basal,Suppressed
GO_Biological_Process_2023,Regulation Of Triglyceride Biosynthetic Process (GO:0010866),2/16,0.6410182253202112,0.99999620015268,0,0,0.9442933304319444,0.4199247792758602,GPLD1;PLIN5,Basal,Suppressed
GO_Biological_Process_2023,Response To UV-B (GO:0010224),2/16,0.6410182253202112,0.99999620015268,0,0,0.9442933304319444,0.4199247792758602,MFAP4;MME,Basal,Suppressed
GO_Biological_Process_2023,Ruffle Organization (GO:0031529),2/16,0.6410182253202112,0.99999620015268,0,0,0.9442933304319444,0.4199247792758602,LIMA1;CCL21,Basal,Suppressed
GO_Biological_Process_2023,Regulation Of Amyloid-Beta Formation (GO:1902003),4/33,0.6463244074247725,0.99999620015268,0,0,0.9116379310344828,0.3978877686386843,NTRK2;RTN1;PSG1;IGF1,Basal,Suppressed
GO_Biological_Process_2023,Regulation Of Protein Polymerization (GO:0032271),4/33,0.6463244074247725,0.99999620015268,0,0,0.9116379310344828,0.3978877686386843,TPPP3;ARHGAP40;TPPP;MAPT,Basal,Suppressed
GO_Biological_Process_2023,Transmembrane Receptor Protein Serine/Threonine Kinase Signaling Pathway (GO:0007178),16/130,0.6499035457384831,0.99999620015268,0,0,0.9273259718975848,0.3996138035405441,GDF10;CITED1;WFIKKN2;LTBP2;FOS;TGFBR2;BMP4;TMEM100;TGFBR3;CDH5;CLDN5;BMP3;ACVR1C;ATOH8;PPARG;FERMT2,Basal,Suppressed
GO_Biological_Process_2023,Gland Development (GO:0048732),9/74,0.6501491790466419,0.99999620015268,0,0,0.9149881046788264,0.3939512725510232,TGFBR3;CEBPA;XBP1;NOTCH4;CAV1;TCF21;TDGF1;DKK3;FGF10,Basal,Suppressed
GO_Biological_Process_2023,Negative Regulation Of Neuron Apoptotic Process (GO:0043524),9/74,0.6501491790466419,0.99999620015268,0,0,0.9149881046788264,0.3939512725510232,CX3CR1;PRKN;NTF4;NTRK2;MAG;CITED1;BCL2;NDNF;IL6ST,Basal,Suppressed
GO_Biological_Process_2023,Response To Reactive Oxygen Species (GO:0000302),8/66,0.651625559828068,0.99999620015268,0,0,0.911503027112398,0.3903832350914922,MPV17L;CAT;UCP1;HBB;APOD;FOS;HBA1;MAPT,Basal,Suppressed
GO_Biological_Process_2023,Bile Acid Biosynthetic Process (GO:0006699),3/25,0.6560205737417264,0.99999620015268,0,0,0.9012987012987012,0.3799542998887751,ACOX2;AKR1D1;SLC27A2,Basal,Suppressed
GO_Biological_Process_2023,Cellular Response To Hexose Stimulus (GO:0071331),3/25,0.6560205737417264,0.99999620015268,0,0,0.9012987012987012,0.3799542998887751,XBP1;GPER1;PCK1,Basal,Suppressed
GO_Biological_Process_2023,Cholesterol Biosynthetic Process (GO:0006695),3/25,0.6560205737417264,0.99999620015268,0,0,0.9012987012987012,0.3799542998887751,NPC1L1;TM7SF2;CES1,Basal,Suppressed
GO_Biological_Process_2023,fatty-acyl-CoA Biosynthetic Process (GO:0046949),3/25,0.6560205737417264,0.99999620015268,0,0,0.9012987012987012,0.3799542998887751,ACSL1;ELOVL5;SLC27A2,Basal,Suppressed
GO_Biological_Process_2023,Negative Regulation Of Intracellular Protein Transport (GO:0090317),3/25,0.6560205737417264,0.99999620015268,0,0,0.9012987012987012,0.3799542998887751,S100G;KCNE1;APOD,Basal,Suppressed
GO_Biological_Process_2023,Phosphatidylethanolamine Metabolic Process (GO:0046337),3/25,0.6560205737417264,0.99999620015268,0,0,0.9012987012987012,0.3799542998887751,ALOX15;PLAAT3;PLAAT5,Basal,Suppressed
GO_Biological_Process_2023,Regulation Of Keratinocyte Proliferation (GO:0010837),3/25,0.6560205737417264,0.99999620015268,0,0,0.9012987012987012,0.3799542998887751,ZFP36;KLF9;FGF10,Basal,Suppressed
GO_Biological_Process_2023,Regulation Of Monocyte Chemotaxis (GO:0090025),3/25,0.6560205737417264,0.99999620015268,0,0,0.9012987012987012,0.3799542998887751,CXCL12;DUSP1;SLIT2,Basal,Suppressed
GO_Biological_Process_2023,"G Protein-Coupled Receptor Signaling Pathway, Coupled To Cyclic Nucleotide Second Messenger (GO:0007187)",6/50,0.6572607281977622,0.99999620015268,0,0,0.9011857707509882,0.3782046811218462,VIPR1;LHCGR;PTH1R;AGTR2;DRD1;HTR4,Basal,Suppressed
GO_Biological_Process_2023,Intracellular Iron Ion Homeostasis (GO:0006879),6/50,0.6572607281977622,0.99999620015268,0,0,0.9011857707509882,0.3782046811218462,ALAS2;SCARA5;TMPRSS6;SLC40A1;CYBRD1;F3,Basal,Suppressed
GO_Biological_Process_2023,Positive Regulation Of Fat Cell Differentiation (GO:0045600),6/50,0.6572607281977622,0.99999620015268,0,0,0.9011857707509882,0.3782046811218462,ZFP36;XBP1;ZBTB16;PPARG;VSTM2A;MEDAG,Basal,Suppressed
GO_Biological_Process_2023,Modulation By Host Of Symbiont Process (GO:0051851),5/42,0.6623248079882739,0.99999620015268,0,0,0.8930871397512647,0.367951184307805,CX3CR1;ST6GALNAC1;FASN;PSG1;PIK3C2G,Basal,Suppressed
GO_Biological_Process_2023,Monoatomic Cation Transport (GO:0006812),5/42,0.6623248079882739,0.99999620015268,0,0,0.8930871397512647,0.367951184307805,TRPM1;ANO1;ATP1A2;CNGA3;TRPM3,Basal,Suppressed
GO_Biological_Process_2023,Regulation Of Neurotransmitter Receptor Activity (GO:0099601),5/42,0.6623248079882739,0.99999620015268,0,0,0.8930871397512647,0.367951184307805,CRHBP;RELN;CRH;DLGAP2;SHISA6,Basal,Suppressed
GO_Biological_Process_2023,Cellular Response To Growth Factor Stimulus (GO:0071363),19/155,0.6634367430332833,0.99999620015268,0,0,0.922947714923455,0.3787055382160766,RAMP2;EGR3;PLK5;PDE2A;NDNF;NR3C1;KLF4;TGFBR2;BMP4;TMEM100;NR4A1;ZFP36;CLEC3B;ACVR1C;SPRY2;MAPT;VSTM2A;TDGF1;SOX5,Basal,Suppressed
GO_Biological_Process_2023,Positive Regulation Of MAP Kinase Activity (GO:0043406),11/91,0.6634835168776023,0.99999620015268,0,0,0.9085403133358808,0.3727298157612462,GHR;EDN3;EGF;PDGFD;KIT;NEK10;FGF1;FGF2;TDGF1;ADRA2A;ELANE,Basal,Suppressed
GO_Biological_Process_2023,Regulation Of Epithelial Cell Proliferation (GO:0050678),11/91,0.6634835168776023,0.99999620015268,0,0,0.9085403133358808,0.3727298157612462,TGFBR3;BMP4;FGF16;NR4A1;ZFP36;NR4A3;TIE1;LEP;IGF1;LACRT;FGF10,Basal,Suppressed
GO_Biological_Process_2023,Nitrogen Compound Transport (GO:0071705),20/163,0.6640139201016764,0.99999620015268,0,0,0.9239456862156248,0.3783115622257714,RD3;SLC22A3;RAMP2;SLC7A14;HBB;HBA1;SLC7A10;LRP1B;SLC7A2;AQP1;SLC7A3;SLC22A12;SLC7A4;SLC7A8;SLC19A3;TXNIP;RHAG;SLC18A2;ABCG2;SLC38A4,Basal,Suppressed
GO_Biological_Process_2023,Defense Response To Gram-negative Bacterium (GO:0050829),9/75,0.6663041873318247,0.99999620015268,0,0,0.9010725814849526,0.3658435551905725,CHGA;SELP;FCN2;IL6;CTSG;UMOD;DEFB132;ELANE;AQP1,Basal,Suppressed
GO_Biological_Process_2023,Cellular Response To Hydrogen Peroxide (GO:0070301),4/34,0.6701018682430847,0.99999620015268,0,0,0.8811991869918699,0.352766536855729,IL6;CAT;AQP1;RHOB,Basal,Suppressed
GO_Biological_Process_2023,Glial Cell Differentiation (GO:0010001),4/34,0.6701018682430847,0.99999620015268,0,0,0.8811991869918699,0.352766536855729,EGR2;RELN;TPPP;FGF10,Basal,Suppressed
GO_Biological_Process_2023,Negative Regulation Of Ras Protein Signal Transduction (GO:0046580),4/34,0.6701018682430847,0.99999620015268,0,0,0.8811991869918699,0.352766536855729,MYOC;SPRY2;SPRY1;FBP1,Basal,Suppressed
GO_Biological_Process_2023,Regulation Of calcineurin-NFAT Signaling Cascade (GO:0070884),4/34,0.6701018682430847,0.99999620015268,0,0,0.8811991869918699,0.352766536855729,C10ORF71;IGF1;MYOZ2;LACRT,Basal,Suppressed
GO_Biological_Process_2023,Cilium Movement (GO:0003341),7/59,0.6719348896403038,0.99999620015268,0,0,0.8895606491943768,0.3536838287056602,CFAP61;DNAH7;SPAG6;DNAAF1;DNAH5;CFAP70;DNAH9,Basal,Suppressed
GO_Biological_Process_2023,Regulation Of Cell Death (GO:0010941),7/59,0.6719348896403038,0.99999620015268,0,0,0.8895606491943768,0.3536838287056602,CCN5;AGR2;HBB;AGR3;SNCG;HBA1;SNCA,Basal,Suppressed
GO_Biological_Process_2023,Epithelial Cell Differentiation (GO:0030855),16/132,0.6743327905439714,0.99999620015268,0,0,0.9112319797222368,0.3590541360848322,CITED1;AKR1C1;KRT24;TCF21;AKR1C2;PLAAT3;GATA3;KRT32;BMP4;SCUBE1;DHRS9;ERBB4;KRT37;PPARG;PCK1;CES1,Basal,Suppressed
GO_Biological_Process_2023,Cellular Response To Unfolded Protein (GO:0034620),2/17,0.6744200678770184,0.99999620015268,0,0,0.8812896674282813,0.3471418648959113,PRKN;HSPB8,Basal,Suppressed
GO_Biological_Process_2023,Central Nervous System Neuron Development (GO:0021954),2/17,0.6744200678770184,0.99999620015268,0,0,0.8812896674282813,0.3471418648959113,NTRK2;MAPT,Basal,Suppressed
GO_Biological_Process_2023,Embryonic Axis Specification (GO:0000578),2/17,0.6744200678770184,0.99999620015268,0,0,0.8812896674282813,0.3471418648959113,TDGF1;HOXD8,Basal,Suppressed
GO_Biological_Process_2023,Filopodium Assembly (GO:0046847),2/17,0.6744200678770184,0.99999620015268,0,0,0.8812896674282813,0.3471418648959113,MRAP;SPAG6,Basal,Suppressed
GO_Biological_Process_2023,Intracellular Estrogen Receptor Signaling Pathway (GO:0030520),2/17,0.6744200678770184,0.99999620015268,0,0,0.8812896674282813,0.3471418648959113,ESR1;ESR2,Basal,Suppressed
GO_Biological_Process_2023,Long-Chain fatty-acyl-CoA Biosynthetic Process (GO:0035338),2/17,0.6744200678770184,0.99999620015268,0,0,0.8812896674282813,0.3471418648959113,ACSL1;ELOVL5,Basal,Suppressed
GO_Biological_Process_2023,Megakaryocyte Differentiation (GO:0030219),2/17,0.6744200678770184,0.99999620015268,0,0,0.8812896674282813,0.3471418648959113,TAL1;KIT,Basal,Suppressed
GO_Biological_Process_2023,Mesenchyme Development (GO:0060485),2/17,0.6744200678770184,0.99999620015268,0,0,0.8812896674282813,0.3471418648959113,BMP4;MEOX1,Basal,Suppressed
GO_Biological_Process_2023,Negative Regulation Of Leukocyte Activation (GO:0002695),2/17,0.6744200678770184,0.99999620015268,0,0,0.8812896674282813,0.3471418648959113,LRFN5;GPER1,Basal,Suppressed
GO_Biological_Process_2023,Negative Regulation Of Striated Muscle Cell Differentiation (GO:0051154),2/17,0.6744200678770184,0.99999620015268,0,0,0.8812896674282813,0.3471418648959113,XBP1;CEACAM5,Basal,Suppressed
GO_Biological_Process_2023,Neuron Maturation (GO:0042551),2/17,0.6744200678770184,0.99999620015268,0,0,0.8812896674282813,0.3471418648959113,LGI4;ADGRB3,Basal,Suppressed
GO_Biological_Process_2023,Polyol Metabolic Process (GO:0019751),2/17,0.6744200678770184,0.99999620015268,0,0,0.8812896674282813,0.3471418648959113,INPP4B;INPP5J,Basal,Suppressed
GO_Biological_Process_2023,Positive Chemotaxis (GO:0050918),2/17,0.6744200678770184,0.99999620015268,0,0,0.8812896674282813,0.3471418648959113,SEMA5A;FGF10,Basal,Suppressed
GO_Biological_Process_2023,Positive Regulation Of SMAD Protein Signal Transduction (GO:0060391),2/17,0.6744200678770184,0.99999620015268,0,0,0.8812896674282813,0.3471418648959113,BMP4;PPARG,Basal,Suppressed
GO_Biological_Process_2023,Positive Regulation Of Cell Adhesion Mediated By Integrin (GO:0033630),2/17,0.6744200678770184,0.99999620015268,0,0,0.8812896674282813,0.3471418648959113,P2RY12;CCL21,Basal,Suppressed
GO_Biological_Process_2023,Positive Regulation Of Dendrite Morphogenesis (GO:0050775),2/17,0.6744200678770184,0.99999620015268,0,0,0.8812896674282813,0.3471418648959113,CUX2;RELN,Basal,Suppressed
GO_Biological_Process_2023,Positive Regulation Of Glial Cell Differentiation (GO:0045687),2/17,0.6744200678770184,0.99999620015268,0,0,0.8812896674282813,0.3471418648959113,EGR2;PTN,Basal,Suppressed
GO_Biological_Process_2023,Positive Regulation Of Leukocyte Adhesion To Vascular Endothelial Cell (GO:1904996),2/17,0.6744200678770184,0.99999620015268,0,0,0.8812896674282813,0.3471418648959113,SELP;IL6,Basal,Suppressed
GO_Biological_Process_2023,Positive Regulation Of Macrophage Activation (GO:0043032),2/17,0.6744200678770184,0.99999620015268,0,0,0.8812896674282813,0.3471418648959113,CEBPA;IL33,Basal,Suppressed
GO_Biological_Process_2023,Regulation Of Adenylate Cyclase Activity (GO:0045761),2/17,0.6744200678770184,0.99999620015268,0,0,0.8812896674282813,0.3471418648959113,EDNRB;PALM,Basal,Suppressed
GO_Biological_Process_2023,Regulation Of Brown Fat Cell Differentiation (GO:0090335),2/17,0.6744200678770184,0.99999620015268,0,0,0.8812896674282813,0.3471418648959113,LEP;VSTM2A,Basal,Suppressed
GO_Biological_Process_2023,Regulation Of Establishment Of Cell Polarity (GO:2000114),2/17,0.6744200678770184,0.99999620015268,0,0,0.8812896674282813,0.3471418648959113,CDH5;GSN,Basal,Suppressed
GO_Biological_Process_2023,Regulation Of Glucose Transmembrane Transport (GO:0010827),2/17,0.6744200678770184,0.99999620015268,0,0,0.8812896674282813,0.3471418648959113,NR4A3;FFAR4,Basal,Suppressed
GO_Biological_Process_2023,Regulation Of Oxidative Phosphorylation (GO:0002082),2/17,0.6744200678770184,0.99999620015268,0,0,0.8812896674282813,0.3471418648959113,MLXIPL;COX7A1,Basal,Suppressed
GO_Biological_Process_2023,Regulation Of Tubulin Deacetylation (GO:0090043),2/17,0.6744200678770184,0.99999620015268,0,0,0.8812896674282813,0.3471418648959113,MAPT;TPPP,Basal,Suppressed
GO_Biological_Process_2023,Transepithelial Transport (GO:0070633),2/17,0.6744200678770184,0.99999620015268,0,0,0.8812896674282813,0.3471418648959113,GPLD1;ABCG2,Basal,Suppressed
GO_Biological_Process_2023,Positive Regulation Of Protein Phosphorylation (GO:0001934),47/377,0.6747591398294299,0.99999620015268,0,0,0.9404083453676636,0.3699561556265942,CX3CR1;CSF3;TNXB;FAXDC2;ITLN1;ARRB1;FGF1;FGF2;THBS4;NTF4;GHR;RELN;CALCR;ERBB4;PDGFD;GPER1;ENPP2;LEPR;RSPO1;SNCA;GDF10;ANGPT4;NTRK2;CCL21;MMD;EGF;CAV1;ADIPOQ;VEGFD;IGF1;CARTPT;TGFBR2;BMP4;BMP3;FGF16;IL6;LEP;CLDN19;NEK10;PECAM1;SPRY2;PPARG;TEK;LACRT;TDGF1;DDR2;FGF10,Basal,Suppressed
GO_Biological_Process_2023,Cdc42 Protein Signal Transduction (GO:0032488),1/8,0.6760577111096429,0.99999620015268,0,0,0.9443145358638316,0.3696772658569727,RHOJ,Basal,Suppressed
GO_Biological_Process_2023,T-helper 17 Cell Differentiation (GO:0072539),1/8,0.6760577111096429,0.99999620015268,0,0,0.9443145358638316,0.3696772658569727,IL6,Basal,Suppressed
GO_Biological_Process_2023,Adult Heart Development (GO:0007512),1/8,0.6760577111096429,0.99999620015268,0,0,0.9443145358638316,0.3696772658569727,SCUBE1,Basal,Suppressed
GO_Biological_Process_2023,Alcohol Catabolic Process (GO:0046164),1/8,0.6760577111096429,0.99999620015268,0,0,0.9443145358638316,0.3696772658569727,AKR1D1,Basal,Suppressed
GO_Biological_Process_2023,Androgen Biosynthetic Process (GO:0006702),1/8,0.6760577111096429,0.99999620015268,0,0,0.9443145358638316,0.3696772658569727,HSD3B1,Basal,Suppressed
GO_Biological_Process_2023,Astral Microtubule Organization (GO:0030953),1/8,0.6760577111096429,0.99999620015268,0,0,0.9443145358638316,0.3696772658569727,TPPP,Basal,Suppressed
GO_Biological_Process_2023,Cardioblast Differentiation (GO:0010002),1/8,0.6760577111096429,0.99999620015268,0,0,0.9443145358638316,0.3696772658569727,MYOCD,Basal,Suppressed
GO_Biological_Process_2023,Cell Surface Pattern Recognition Receptor Signaling Pathway (GO:0002752),1/8,0.6760577111096429,0.99999620015268,0,0,0.9443145358638316,0.3696772658569727,FCN2,Basal,Suppressed
GO_Biological_Process_2023,Cellular Response To Sterol Depletion (GO:0071501),1/8,0.6760577111096429,0.99999620015268,0,0,0.9443145358638316,0.3696772658569727,NPC1L1,Basal,Suppressed
GO_Biological_Process_2023,Constitutive Heterochromatin Formation (GO:0140719),1/8,0.6760577111096429,0.99999620015268,0,0,0.9443145358638316,0.3696772658569727,EZH1,Basal,Suppressed
GO_Biological_Process_2023,Dehydroascorbic Acid Transport (GO:0070837),1/8,0.6760577111096429,0.99999620015268,0,0,0.9443145358638316,0.3696772658569727,SLC2A4,Basal,Suppressed
GO_Biological_Process_2023,Embryonic Digestive Tract Morphogenesis (GO:0048557),1/8,0.6760577111096429,0.99999620015268,0,0,0.9443145358638316,0.3696772658569727,TCF21,Basal,Suppressed
GO_Biological_Process_2023,"Fructose 1,6-Bisphosphate Metabolic Process (GO:0030388)",1/8,0.6760577111096429,0.99999620015268,0,0,0.9443145358638316,0.3696772658569727,FBP1,Basal,Suppressed
GO_Biological_Process_2023,Hyaluronan Catabolic Process (GO:0030214),1/8,0.6760577111096429,0.99999620015268,0,0,0.9443145358638316,0.3696772658569727,FGF2,Basal,Suppressed
GO_Biological_Process_2023,Internal Protein Amino Acid Acetylation (GO:0006475),1/8,0.6760577111096429,0.99999620015268,0,0,0.9443145358638316,0.3696772658569727,MAPT,Basal,Suppressed
GO_Biological_Process_2023,Intestinal Epithelial Cell Differentiation (GO:0060575),1/8,0.6760577111096429,0.99999620015268,0,0,0.9443145358638316,0.3696772658569727,IL6ST,Basal,Suppressed
GO_Biological_Process_2023,Membrane Lipid Catabolic Process (GO:0046466),1/8,0.6760577111096429,0.99999620015268,0,0,0.9443145358638316,0.3696772658569727,ENPP2,Basal,Suppressed
GO_Biological_Process_2023,Mitochondrial Fragmentation Involved In Apoptotic Process (GO:0043653),1/8,0.6760577111096429,0.99999620015268,0,0,0.9443145358638316,0.3696772658569727,ERBB4,Basal,Suppressed
GO_Biological_Process_2023,Negative Regulation By Host Of Viral Genome Replication (GO:0044828),1/8,0.6760577111096429,0.99999620015268,0,0,0.9443145358638316,0.3696772658569727,PRKN,Basal,Suppressed
GO_Biological_Process_2023,Negative Regulation Of Cytoplasmic Translation (GO:2000766),1/8,0.6760577111096429,0.99999620015268,0,0,0.9443145358638316,0.3696772658569727,RBM24,Basal,Suppressed
GO_Biological_Process_2023,Negative Regulation Of Glycoprotein Biosynthetic Process (GO:0010561),1/8,0.6760577111096429,0.99999620015268,0,0,0.9443145358638316,0.3696772658569727,ITM2A,Basal,Suppressed
GO_Biological_Process_2023,Negative Regulation Of Lipase Activity (GO:0060192),1/8,0.6760577111096429,0.99999620015268,0,0,0.9443145358638316,0.3696772658569727,PLIN5,Basal,Suppressed
GO_Biological_Process_2023,Negative Regulation Of Long-Term Synaptic Potentiation (GO:1900272),1/8,0.6760577111096429,0.99999620015268,0,0,0.9443145358638316,0.3696772658569727,PTN,Basal,Suppressed
GO_Biological_Process_2023,Negative Regulation Of Membrane Potential (GO:0045837),1/8,0.6760577111096429,0.99999620015268,0,0,0.9443145358638316,0.3696772658569727,MAPT,Basal,Suppressed
GO_Biological_Process_2023,Negative Regulation Of Mitotic Nuclear Division (GO:0045839),1/8,0.6760577111096429,0.99999620015268,0,0,0.9443145358638316,0.3696772658569727,BMP4,Basal,Suppressed
GO_Biological_Process_2023,Negative Regulation Of Oxidative Stress-Induced Neuron Death (GO:1903204),1/8,0.6760577111096429,0.99999620015268,0,0,0.9443145358638316,0.3696772658569727,PRKN,Basal,Suppressed
GO_Biological_Process_2023,Negative Regulation Of Protein Import Into Nucleus (GO:0042308),1/8,0.6760577111096429,0.99999620015268,0,0,0.9443145358638316,0.3696772658569727,S100G,Basal,Suppressed
GO_Biological_Process_2023,Negative Regulation Of Transporter Activity (GO:0032410),1/8,0.6760577111096429,0.99999620015268,0,0,0.9443145358638316,0.3696772658569727,SNCA,Basal,Suppressed
GO_Biological_Process_2023,p38MAPK Cascade (GO:0038066),1/8,0.6760577111096429,0.99999620015268,0,0,0.9443145358638316,0.3696772658569727,ZFP36,Basal,Suppressed
GO_Biological_Process_2023,Peroxisome Fission (GO:0016559),1/8,0.6760577111096429,0.99999620015268,0,0,0.9443145358638316,0.3696772658569727,PEX11A,Basal,Suppressed
GO_Biological_Process_2023,"Phototransduction, Visible Light (GO:0007603)",1/8,0.6760577111096429,0.99999620015268,0,0,0.9443145358638316,0.3696772658569727,RP1,Basal,Suppressed
GO_Biological_Process_2023,Positive Regulation Of ATP Biosynthetic Process (GO:2001171),1/8,0.6760577111096429,0.99999620015268,0,0,0.9443145358638316,0.3696772658569727,PID1,Basal,Suppressed
GO_Biological_Process_2023,Positive Regulation Of Actin Cytoskeleton Reorganization (GO:2000251),1/8,0.6760577111096429,0.99999620015268,0,0,0.9443145358638316,0.3696772658569727,TEK,Basal,Suppressed
GO_Biological_Process_2023,Positive Regulation Of Adaptive Immune Response (GO:0002821),1/8,0.6760577111096429,0.99999620015268,0,0,0.9443145358638316,0.3696772658569727,IL6ST,Basal,Suppressed
GO_Biological_Process_2023,Positive Regulation Of Calcium Ion Import Across Plasma Membrane (GO:1905665),1/8,0.6760577111096429,0.99999620015268,0,0,0.9443145358638316,0.3696772658569727,CALCR,Basal,Suppressed
GO_Biological_Process_2023,Positive Regulation Of Cell-Cell Adhesion Mediated By Cadherin (GO:2000049),1/8,0.6760577111096429,0.99999620015268,0,0,0.9443145358638316,0.3696772658569727,FOXA1,Basal,Suppressed
GO_Biological_Process_2023,Positive Regulation Of Dendritic Cell Cytokine Production (GO:0002732),1/8,0.6760577111096429,0.99999620015268,0,0,0.9443145358638316,0.3696772658569727,KIT,Basal,Suppressed
GO_Biological_Process_2023,Positive Regulation Of Memory T Cell Differentiation (GO:0043382),1/8,0.6760577111096429,0.99999620015268,0,0,0.9443145358638316,0.3696772658569727,PCK1,Basal,Suppressed
GO_Biological_Process_2023,Positive Regulation Of Opsonization (GO:1903028),1/8,0.6760577111096429,0.99999620015268,0,0,0.9443145358638316,0.3696772658569727,FCN2,Basal,Suppressed
GO_Biological_Process_2023,Positive Regulation Of Protein Localization To Early Endosome (GO:1902966),1/8,0.6760577111096429,0.99999620015268,0,0,0.9443145358638316,0.3696772658569727,EGF,Basal,Suppressed
GO_Biological_Process_2023,Positive Regulation Of Protein Localization To Endosome (GO:1905668),1/8,0.6760577111096429,0.99999620015268,0,0,0.9443145358638316,0.3696772658569727,EGF,Basal,Suppressed
GO_Biological_Process_2023,Positive Regulation Of Smooth Muscle Cell Apoptotic Process (GO:0034393),1/8,0.6760577111096429,0.99999620015268,0,0,0.9443145358638316,0.3696772658569727,PPARG,Basal,Suppressed
GO_Biological_Process_2023,Positive Regulation Of Synapse Maturation (GO:0090129),1/8,0.6760577111096429,0.99999620015268,0,0,0.9443145358638316,0.3696772658569727,RELN,Basal,Suppressed
GO_Biological_Process_2023,Positive Regulation Of Tumor Necrosis Factor-Mediated Signaling Pathway (GO:1903265),1/8,0.6760577111096429,0.99999620015268,0,0,0.9443145358638316,0.3696772658569727,PRKN,Basal,Suppressed
GO_Biological_Process_2023,Presynaptic Membrane Assembly (GO:0097105),1/8,0.6760577111096429,0.99999620015268,0,0,0.9443145358638316,0.3696772658569727,NLGN4Y,Basal,Suppressed
GO_Biological_Process_2023,Pyrimidine-Containing Compound Metabolic Process (GO:0072527),1/8,0.6760577111096429,0.99999620015268,0,0,0.9443145358638316,0.3696772658569727,SLC19A3,Basal,Suppressed
GO_Biological_Process_2023,Regulation Of ER-associated Ubiquitin-Dependent Protein Catabolic Process (GO:1903069),1/8,0.6760577111096429,0.99999620015268,0,0,0.9443145358638316,0.3696772658569727,CAV1,Basal,Suppressed
GO_Biological_Process_2023,"Regulation Of Wnt Signaling Pathway, Planar Cell Polarity Pathway (GO:2000095)",1/8,0.6760577111096429,0.99999620015268,0,0,0.9443145358638316,0.3696772658569727,RSPO3,Basal,Suppressed
GO_Biological_Process_2023,"Regulation Of Complement Activation, Classical Pathway (GO:0030450)",1/8,0.6760577111096429,0.99999620015268,0,0,0.9443145358638316,0.3696772658569727,SVEP1,Basal,Suppressed
GO_Biological_Process_2023,Regulation Of Defense Response To Bacterium (GO:1900424),1/8,0.6760577111096429,0.99999620015268,0,0,0.9443145358638316,0.3696772658569727,MMRN2,Basal,Suppressed
GO_Biological_Process_2023,Regulation Of Dendritic Cell Antigen Processing And Presentation (GO:0002604),1/8,0.6760577111096429,0.99999620015268,0,0,0.9443145358638316,0.3696772658569727,CCL21,Basal,Suppressed
GO_Biological_Process_2023,Regulation Of Fertilization (GO:0080154),1/8,0.6760577111096429,0.99999620015268,0,0,0.9443145358638316,0.3696772658569727,CFAP69,Basal,Suppressed
GO_Biological_Process_2023,Regulation Of Fibroblast Apoptotic Process (GO:2000269),1/8,0.6760577111096429,0.99999620015268,0,0,0.9443145358638316,0.3696772658569727,TP63,Basal,Suppressed
GO_Biological_Process_2023,Regulation Of Gap Junction Assembly (GO:1903596),1/8,0.6760577111096429,0.99999620015268,0,0,0.9443145358638316,0.3696772658569727,CAV1,Basal,Suppressed
GO_Biological_Process_2023,Regulation Of Generation Of Precursor Metabolites And Energy (GO:0043467),1/8,0.6760577111096429,0.99999620015268,0,0,0.9443145358638316,0.3696772658569727,PRDM16,Basal,Suppressed
GO_Biological_Process_2023,Regulation Of Glial Cell Proliferation (GO:0060251),1/8,0.6760577111096429,0.99999620015268,0,0,0.9443145358638316,0.3696772658569727,IL6,Basal,Suppressed
GO_Biological_Process_2023,Regulation Of Glucan Biosynthetic Process (GO:0010962),1/8,0.6760577111096429,0.99999620015268,0,0,0.9443145358638316,0.3696772658569727,PPP1R3C,Basal,Suppressed
GO_Biological_Process_2023,Regulation Of Intrinsic Apoptotic Signaling Pathway By P53 Class Mediator (GO:1902253),1/8,0.6760577111096429,0.99999620015268,0,0,0.9443145358638316,0.3696772658569727,PRKN,Basal,Suppressed
GO_Biological_Process_2023,Regulation Of Lysosomal Protein Catabolic Process (GO:1905165),1/8,0.6760577111096429,0.99999620015268,0,0,0.9443145358638316,0.3696772658569727,LRP1,Basal,Suppressed
GO_Biological_Process_2023,Regulation Of Mitotic Sister Chromatid Segregation (GO:0033047),1/8,0.6760577111096429,0.99999620015268,0,0,0.9443145358638316,0.3696772658569727,DUSP1,Basal,Suppressed
GO_Biological_Process_2023,Regulation Of Nephron Tubule Epithelial Cell Differentiation (GO:0072182),1/8,0.6760577111096429,0.99999620015268,0,0,0.9443145358638316,0.3696772658569727,GATA3,Basal,Suppressed
GO_Biological_Process_2023,Regulation Of Neutrophil Migration (GO:1902622),1/8,0.6760577111096429,0.99999620015268,0,0,0.9443145358638316,0.3696772658569727,JAM3,Basal,Suppressed
GO_Biological_Process_2023,Regulation Of Pattern Recognition Receptor Signaling Pathway (GO:0062207),1/8,0.6760577111096429,0.99999620015268,0,0,0.9443145358638316,0.3696772658569727,CD36,Basal,Suppressed
GO_Biological_Process_2023,Regulation Of Pinocytosis (GO:0048548),1/8,0.6760577111096429,0.99999620015268,0,0,0.9443145358638316,0.3696772658569727,CAV1,Basal,Suppressed
GO_Biological_Process_2023,Regulation Of Podosome Assembly (GO:0071801),1/8,0.6760577111096429,0.99999620015268,0,0,0.9443145358638316,0.3696772658569727,GSN,Basal,Suppressed
GO_Biological_Process_2023,Regulation Of Protein Localization To Early Endosome (GO:1902965),1/8,0.6760577111096429,0.99999620015268,0,0,0.9443145358638316,0.3696772658569727,EGF,Basal,Suppressed
GO_Biological_Process_2023,Regulation Of Skeletal Muscle Cell Differentiation (GO:2001014),1/8,0.6760577111096429,0.99999620015268,0,0,0.9443145358638316,0.3696772658569727,MYOCD,Basal,Suppressed
GO_Biological_Process_2023,Regulation Of Sterol Biosynthetic Process (GO:0106118),1/8,0.6760577111096429,0.99999620015268,0,0,0.9443145358638316,0.3696772658569727,SEC14L2,Basal,Suppressed
GO_Biological_Process_2023,Regulation Of Urine Volume (GO:0035809),1/8,0.6760577111096429,0.99999620015268,0,0,0.9443145358638316,0.3696772658569727,NPR1,Basal,Suppressed
GO_Biological_Process_2023,Regulation Of Vesicle Fusion (GO:0031338),1/8,0.6760577111096429,0.99999620015268,0,0,0.9443145358638316,0.3696772658569727,DOC2B,Basal,Suppressed
GO_Biological_Process_2023,Semaphorin-Plexin Signaling Pathway Involved In Axon Guidance (GO:1902287),1/8,0.6760577111096429,0.99999620015268,0,0,0.9443145358638316,0.3696772658569727,PLXNA4,Basal,Suppressed
GO_Biological_Process_2023,Sensory Perception Of Sour Taste (GO:0050915),1/8,0.6760577111096429,0.99999620015268,0,0,0.9443145358638316,0.3696772658569727,ASIC2,Basal,Suppressed
GO_Biological_Process_2023,Skeletal Myofibril Assembly (GO:0014866),1/8,0.6760577111096429,0.99999620015268,0,0,0.9443145358638316,0.3696772658569727,MYH11,Basal,Suppressed
GO_Biological_Process_2023,Somite Development (GO:0061053),1/8,0.6760577111096429,0.99999620015268,0,0,0.9443145358638316,0.3696772658569727,MEOX1,Basal,Suppressed
GO_Biological_Process_2023,Sphingosine-1-Phosphate Receptor Signaling Pathway (GO:0003376),1/8,0.6760577111096429,0.99999620015268,0,0,0.9443145358638316,0.3696772658569727,S1PR1,Basal,Suppressed
GO_Biological_Process_2023,Synapse Pruning (GO:0098883),1/8,0.6760577111096429,0.99999620015268,0,0,0.9443145358638316,0.3696772658569727,CX3CR1,Basal,Suppressed
GO_Biological_Process_2023,Tricarboxylic Acid Metabolic Process (GO:0072350),1/8,0.6760577111096429,0.99999620015268,0,0,0.9443145358638316,0.3696772658569727,PCK1,Basal,Suppressed
GO_Biological_Process_2023,Type B Pancreatic Cell Differentiation (GO:0003309),1/8,0.6760577111096429,0.99999620015268,0,0,0.9443145358638316,0.3696772658569727,RFX6,Basal,Suppressed
GO_Biological_Process_2023,Tyrosine Phosphorylation Of STAT Protein (GO:0007260),1/8,0.6760577111096429,0.99999620015268,0,0,0.9443145358638316,0.3696772658569727,LEP,Basal,Suppressed
GO_Biological_Process_2023,Ubiquitin-Dependent Protein Catabolic Process Via The C-end Degron Rule Pathway (GO:0140627),1/8,0.6760577111096429,0.99999620015268,0,0,0.9443145358638316,0.3696772658569727,KLHDC1,Basal,Suppressed
GO_Biological_Process_2023,SMAD Protein Signal Transduction (GO:0060395),6/51,0.6765361222694886,0.99999620015268,0,0,0.8811085685227562,0.3443102992406424,GDF10;BMP4;BMP3;CITED1;ATOH8;FOS,Basal,Suppressed
GO_Biological_Process_2023,Amide Biosynthetic Process (GO:0043604),6/51,0.6765361222694886,0.99999620015268,0,0,0.8811085685227562,0.3443102992406424,DMD;ABCA8;DEGS2;CYP4F22;PCSK5;OTC,Basal,Suppressed
GO_Biological_Process_2023,Microtubule Bundle Formation (GO:0001578),6/51,0.6765361222694886,0.99999620015268,0,0,0.8811085685227562,0.3443102992406424,RP1;TPPP3;DNAAF1;CFAP46;TPPP;GAS2L2,Basal,Suppressed
GO_Biological_Process_2023,Negative Regulation Of MAP Kinase Activity (GO:0043407),6/51,0.6765361222694886,0.99999620015268,0,0,0.8811085685227562,0.3443102992406424,BMP4;CAV3;DUSP1;SPRY2;PPARG;SPRY1,Basal,Suppressed
GO_Biological_Process_2023,Positive Regulation Of Protein Localization To Plasma Membrane (GO:1903078),6/51,0.6765361222694886,0.99999620015268,0,0,0.8811085685227562,0.3443102992406424,LRP1;GPER1;AGR2;PIK3R1;SORBS1;SPTBN1,Basal,Suppressed
GO_Biological_Process_2023,Regulation Of Substrate Adhesion-Dependent Cell Spreading (GO:1900024),6/51,0.6765361222694886,0.99999620015268,0,0,0.8811085685227562,0.3443102992406424,FGB;FGA;MYOC;FGG;FERMT2;LIMS2,Basal,Suppressed
GO_Biological_Process_2023,Sensory Perception (GO:0007600),6/51,0.6765361222694886,0.99999620015268,0,0,0.8811085685227562,0.3443102992406424,MME;MRGPRX2;SCN9A;KCNA2;PENK;CDH23,Basal,Suppressed
GO_Biological_Process_2023,Regulation Of MAPK Cascade (GO:0043408),25/204,0.6774372010594714,0.99999620015268,0,0,0.9224959597542156,0.3592553715023719,ADRB2;FGF2;GPER1;IGFBP6;NTRK2;MYOC;CAV3;DUSP1;CAV2;EGF;CAV1;IGF1;CARTPT;ADRA2A;BMP4;TGFBR3;IL6;ADRB3;LEP;GFRAL;KIT;NEK10;TEK;TDGF1;FGF10,Basal,Suppressed
GO_Biological_Process_2023,Purine Ribonucleotide Metabolic Process (GO:0009150),10/84,0.6796390647247886,0.99999620015268,0,0,0.8928829517064811,0.3448255108671393,SULT1C3;ACSM1;ACSM2A;ACSM6;AMPD1;ACSM5;ATP1A2;GLYAT;ACSM2B;PTHLH,Basal,Suppressed
GO_Biological_Process_2023,Fc Receptor Signaling Pathway (GO:0038093),3/26,0.6826891128516914,0.99999620015268,0,0,0.8620621118012423,0.3290626440682489,MAPK10;PIGR;KIT,Basal,Suppressed
GO_Biological_Process_2023,Acute Inflammatory Response (GO:0002526),3/26,0.6826891128516914,0.99999620015268,0,0,0.8620621118012423,0.3290626440682489,IL6;C2CD4B;ELANE,Basal,Suppressed
GO_Biological_Process_2023,Negative Regulation Of Insulin Receptor Signaling Pathway (GO:0046627),3/26,0.6826891128516914,0.99999620015268,0,0,0.8620621118012423,0.3290626440682489,PID1;IRS1;TNS2,Basal,Suppressed
GO_Biological_Process_2023,Positive Regulation Of Nuclear Division (GO:0051785),3/26,0.6826891128516914,0.99999620015268,0,0,0.8620621118012423,0.3290626440682489,EDN3;EGF;IGF1,Basal,Suppressed
GO_Biological_Process_2023,Regulation Of Epidermal Growth Factor-Activated Receptor Activity (GO:0007176),3/26,0.6826891128516914,0.99999620015268,0,0,0.8620621118012423,0.3290626440682489,EGF;AREG;ADRA2A,Basal,Suppressed
GO_Biological_Process_2023,Regulation Of Fatty Acid Biosynthetic Process (GO:0042304),3/26,0.6826891128516914,0.99999620015268,0,0,0.8620621118012423,0.3290626440682489,MLXIPL;ELOVL5;PDK4,Basal,Suppressed
GO_Biological_Process_2023,Regulation Of Keratinocyte Differentiation (GO:0045616),3/26,0.6826891128516914,0.99999620015268,0,0,0.8620621118012423,0.3290626440682489,ZFP36;IL20;HOXA7,Basal,Suppressed
GO_Biological_Process_2023,Regulation Of Myeloid Cell Differentiation (GO:0045637),3/26,0.6826891128516914,0.99999620015268,0,0,0.8620621118012423,0.3290626440682489,CSF3;ZBTB16;HOXA5,Basal,Suppressed
GO_Biological_Process_2023,Regulation Of Vascular Endothelial Growth Factor Production (GO:0010574),3/26,0.6826891128516914,0.99999620015268,0,0,0.8620621118012423,0.3290626440682489,CCBE1;IL6;IL6ST,Basal,Suppressed
GO_Biological_Process_2023,Neurotransmitter Secretion (GO:0007269),5/43,0.6830957924769763,0.99999620015268,0,0,0.8695346830667977,0.3313972120722372,RPH3AL;PTPRN2;LIN7A;DOC2B;SNCA,Basal,Suppressed
GO_Biological_Process_2023,Positive Regulation Of Receptor-Mediated Endocytosis (GO:0048260),5/43,0.6830957924769763,0.99999620015268,0,0,0.8695346830667977,0.3313972120722372,CCL14;CCL21;EGF;ARRB1;F3,Basal,Suppressed
GO_Biological_Process_2023,Positive Regulation Of Stress Fiber Assembly (GO:0051496),5/43,0.6830957924769763,0.99999620015268,0,0,0.8695346830667977,0.3313972120722372,ARHGEF15;MYOC;SYNPO2L;FERMT2;RAPGEF3,Basal,Suppressed
GO_Biological_Process_2023,Cell-Matrix Adhesion (GO:0007160),13/109,0.6886314324878311,0.99999620015268,0,0,0.8946303377947737,0.3337410263978526,COL17A1;FGB;FGA;ECM2;CCL21;FGG;SORBS1;THSD1;LYVE1;TNN;ITGA7;CD34;FERMT2,Basal,Suppressed
GO_Biological_Process_2023,Endoderm Formation (GO:0001706),4/35,0.6927530450752101,0.99999620015268,0,0,0.8527242328874902,0.3130194607112894,SOX17;DUSP1;LAMA3;ITGA7,Basal,Suppressed
GO_Biological_Process_2023,Positive Regulation Of Cell Development (GO:0010720),4/35,0.6927530450752101,0.99999620015268,0,0,0.8527242328874902,0.3130194607112894,CX3CR1;BMP4;MME;GPER1,Basal,Suppressed
GO_Biological_Process_2023,Regulation Of Axon Extension (GO:0030516),4/35,0.6927530450752101,0.99999620015268,0,0,0.8527242328874902,0.3130194607112894,MAG;SEMA3G;ISLR2;MAPT,Basal,Suppressed
GO_Biological_Process_2023,Regulation Of Cardiac Muscle Contraction (GO:0055117),4/35,0.6927530450752101,0.99999620015268,0,0,0.8527242328874902,0.3130194607112894,CHGA;PLN;CAV3;ANK2,Basal,Suppressed
GO_Biological_Process_2023,Regulation Of Postsynaptic Membrane Potential (GO:0060078),4/35,0.6927530450752101,0.99999620015268,0,0,0.8527242328874902,0.3130194607112894,GABRA2;GABRA4;INSYN2B;GABRG1,Basal,Suppressed
GO_Biological_Process_2023,Epidermis Development (GO:0008544),10/85,0.6942325989189745,0.99999620015268,0,0,0.8809269162210339,0.3214927079848234,COL17A1;NTF4;STS;DCT;LAMA3;SVEP1;KRT32;ASIC2;EDA2R;PTHLH,Basal,Suppressed
GO_Biological_Process_2023,Negative Regulation Of Cell Cycle (GO:0045786),10/85,0.6942325989189745,0.99999620015268,0,0,0.8809269162210339,0.3214927079848234,BMP4;CEBPA;NR4A1;BTG2;MYOCD;DUSP1;GPER1;GMNC;GATA3;RHOB,Basal,Suppressed
GO_Biological_Process_2023,Cartilage Development (GO:0051216),6/52,0.6950978252076322,0.99999620015268,0,0,0.8619042881305343,0.3134769060712281,BMP4;ZBTB16;OGN;FGF2;GPLD1;SOX5,Basal,Suppressed
GO_Biological_Process_2023,Phagocytosis (GO:0006909),8/69,0.7011591914389951,0.99999620015268,0,0,0.8665248404455012,0.3076339311727653,SRPX;GSN;LRP1;ALOX15;PECAM1;CD36;CD302;ELANE,Basal,Suppressed
GO_Biological_Process_2023,Embryonic Organ Morphogenesis (GO:0048562),5/44,0.7029871500950967,0.99999620015268,0,0,0.8471900446738418,0.2985638910194436,MFAP5;EFEMP1;SOX17;TCF21;DSCAML1,Basal,Suppressed
GO_Biological_Process_2023,Lymphocyte Chemotaxis (GO:0048247),5/44,0.7029871500950967,0.99999620015268,0,0,0.8471900446738418,0.2985638910194436,CCL14;CCL23;CCL21;SAA1;CCL16,Basal,Suppressed
GO_Biological_Process_2023,Neural Crest Cell Development (GO:0014032),5/44,0.7029871500950967,0.99999620015268,0,0,0.8471900446738418,0.2985638910194436,SEMA5A;SEMA3C;ERBB4;SEMA6D;SEMA3G,Basal,Suppressed
GO_Biological_Process_2023,T-helper Cell Differentiation (GO:0042093),2/18,0.7052457913372555,0.99999620015268,0,0,0.8261614623000761,0.2885029327756516,IL6;GATA3,Basal,Suppressed
GO_Biological_Process_2023,Actin Filament Capping (GO:0051693),2/18,0.7052457913372555,0.99999620015268,0,0,0.8261614623000761,0.2885029327756516,GSN;CAPZA3,Basal,Suppressed
GO_Biological_Process_2023,Barbed-End Actin Filament Capping (GO:0051016),2/18,0.7052457913372555,0.99999620015268,0,0,0.8261614623000761,0.2885029327756516,GSN;CAPZA3,Basal,Suppressed
GO_Biological_Process_2023,Dendritic Cell Migration (GO:0036336),2/18,0.7052457913372555,0.99999620015268,0,0,0.8261614623000761,0.2885029327756516,CCL21;CXCR1,Basal,Suppressed
GO_Biological_Process_2023,Detection Of Mechanical Stimulus (GO:0050982),2/18,0.7052457913372555,0.99999620015268,0,0,0.8261614623000761,0.2885029327756516,PKD1L1;PKD1L2,Basal,Suppressed
GO_Biological_Process_2023,Icosanoid Biosynthetic Process (GO:0046456),2/18,0.7052457913372555,0.99999620015268,0,0,0.8261614623000761,0.2885029327756516,CYP4A11;CYP4A22,Basal,Suppressed
GO_Biological_Process_2023,Intracellular Sodium Ion Homeostasis (GO:0006883),2/18,0.7052457913372555,0.99999620015268,0,0,0.8261614623000761,0.2885029327756516,ATP1A4;ATP1A2,Basal,Suppressed
GO_Biological_Process_2023,Neuromuscular Synaptic Transmission (GO:0007274),2/18,0.7052457913372555,0.99999620015268,0,0,0.8261614623000761,0.2885029327756516,SLC5A7;RIMBP2,Basal,Suppressed
GO_Biological_Process_2023,Neutrophil Activation (GO:0042119),2/18,0.7052457913372555,0.99999620015268,0,0,0.8261614623000761,0.2885029327756516,CTSG;DNASE1L3,Basal,Suppressed
GO_Biological_Process_2023,Positive Regulation Of Neuroblast Proliferation (GO:0002052),2/18,0.7052457913372555,0.99999620015268,0,0,0.8261614623000761,0.2885029327756516,CX3CR1;DCT,Basal,Suppressed
GO_Biological_Process_2023,Positive Regulation Of Neutrophil Chemotaxis (GO:0090023),2/18,0.7052457913372555,0.99999620015268,0,0,0.8261614623000761,0.2885029327756516,CCL21;THBS4,Basal,Suppressed
GO_Biological_Process_2023,Positive Regulation Of Response To Endoplasmic Reticulum Stress (GO:1905898),2/18,0.7052457913372555,0.99999620015268,0,0,0.8261614623000761,0.2885029327756516,XBP1;PIK3R1,Basal,Suppressed
GO_Biological_Process_2023,Pulmonary Valve Morphogenesis (GO:0003184),2/18,0.7052457913372555,0.99999620015268,0,0,0.8261614623000761,0.2885029327756516,BMP4;SLIT2,Basal,Suppressed
GO_Biological_Process_2023,Regulation Of Adaptive Immune Response (GO:0002819),2/18,0.7052457913372555,0.99999620015268,0,0,0.8261614623000761,0.2885029327756516,ALOX15;IL6ST,Basal,Suppressed
GO_Biological_Process_2023,Regulation Of Cell-Cell Adhesion Mediated By Cadherin (GO:2000047),2/18,0.7052457913372555,0.99999620015268,0,0,0.8261614623000761,0.2885029327756516,FOXA1;NOTCH4,Basal,Suppressed
GO_Biological_Process_2023,Regulation Of Collagen Biosynthetic Process (GO:0032965),2/18,0.7052457913372555,0.99999620015268,0,0,0.8261614623000761,0.2885029327756516,BMP4;IL6,Basal,Suppressed
GO_Biological_Process_2023,Regulation Of Establishment Or Maintenance Of Cell Polarity (GO:0032878),2/18,0.7052457913372555,0.99999620015268,0,0,0.8261614623000761,0.2885029327756516,CDH5;TEK,Basal,Suppressed
GO_Biological_Process_2023,Regulation Of Lymphocyte Proliferation (GO:0050670),2/18,0.7052457913372555,0.99999620015268,0,0,0.8261614623000761,0.2885029327756516,LEP;FGF10,Basal,Suppressed
GO_Biological_Process_2023,Response To Ethanol (GO:0045471),2/18,0.7052457913372555,0.99999620015268,0,0,0.8261614623000761,0.2885029327756516,CRHBP;ADH7,Basal,Suppressed
GO_Biological_Process_2023,BMP Signaling Pathway (GO:0030509),7/61,0.7062334522408089,0.99999620015268,0,0,0.8565150423219863,0.2979040063022834,TMEM100;TGFBR3;GDF10;BMP4;BMP3;CHRD;PPARG,Basal,Suppressed
GO_Biological_Process_2023,Cardiac Muscle Cell Differentiation (GO:0055007),3/27,0.7077831583248001,0.99999620015268,0,0,0.8260952380952381,0.2855129757043143,MYOCD;MYH11;ALPK3,Basal,Suppressed
GO_Biological_Process_2023,Dorsal/Ventral Pattern Formation (GO:0009953),3/27,0.7077831583248001,0.99999620015268,0,0,0.8260952380952381,0.2855129757043143,CHRD;TLL1;DSCAML1,Basal,Suppressed
GO_Biological_Process_2023,Negative Regulation Of Cellular Response To Insulin Stimulus (GO:1900077),3/27,0.7077831583248001,0.99999620015268,0,0,0.8260952380952381,0.2855129757043143,PID1;IRS1;TNS2,Basal,Suppressed
GO_Biological_Process_2023,Peptide Cross-Linking (GO:0018149),3/27,0.7077831583248001,0.99999620015268,0,0,0.8260952380952381,0.2855129757043143,EPB42;F13A1;NDNF,Basal,Suppressed
GO_Biological_Process_2023,Positive Regulation Of Response To Wounding (GO:1903036),3/27,0.7077831583248001,0.99999620015268,0,0,0.8260952380952381,0.2855129757043143,PTN;ADRA2A;MYLK,Basal,Suppressed
GO_Biological_Process_2023,Regulation Of Microtubule Polymerization Or Depolymerization (GO:0031110),3/27,0.7077831583248001,0.99999620015268,0,0,0.8260952380952381,0.2855129757043143,STMND1;MAPT;GAS2L2,Basal,Suppressed
GO_Biological_Process_2023,Cellular Response To Metal Ion (GO:0071248),16/135,0.709137566902201,0.99999620015268,0,0,0.8881053186971573,0.3052468973504972,PRKN;SLC13A2;ADGRV1;ALOX15;FOS;ADCY1;SYT9;F3;AQP1;CRHBP;MT1A;DLG2;CAPN3;FBP1;GPLD1;SNCA,Basal,Suppressed
GO_Biological_Process_2023,Negative Regulation Of Protein Modification Process (GO:0031400),9/78,0.7120367186803641,0.99999620015268,0,0,0.8617461028935703,0.2926712076270044,PRKN;PID1;FXYD1;DMD;MAPT;SLIT2;TPPP;PLPP3;KLHL31,Basal,Suppressed
GO_Biological_Process_2023,Negative Regulation Of Inflammatory Response (GO:0050728),13/111,0.7137352619931888,0.99999620015268,0,0,0.8762711203028056,0.2955164476924727,IL33;ADIPOQ;GATA3;IGF1;KLF4;CDH5;LRFN5;GPER1;FFAR4;SAA1;PPARG;TEK;ELANE,Basal,Suppressed
GO_Biological_Process_2023,Negative Regulation Of Sequestering Of Calcium Ion (GO:0051283),4/36,0.714271625269379,0.99999620015268,0,0,0.8260289634146342,0.2779521061044964,CCL21;ITPR1;PLCH2;FGF2,Basal,Suppressed
GO_Biological_Process_2023,Regulation Of Receptor Internalization (GO:0002090),4/36,0.714271625269379,0.99999620015268,0,0,0.8260289634146342,0.2779521061044964,CCL14;EGF;ARRB1;RSPO1,Basal,Suppressed
GO_Biological_Process_2023,Protein Localization To Membrane (GO:0072657),23/192,0.715102550831311,0.99999620015268,0,0,0.8987472884416632,0.3013763160395679,TRARG1;RAB3C;PIGR;FYB2;RAMP2;CAV3;CAV1;TESC;ADIPOQ;ANK2;LIN7A;PDZK1;PTN;SYNE3;EHD2;ANO1;DPP6;TMEM88;CAPN3;CPE;SCN3B;SPTBN1;FERMT2,Basal,Suppressed
GO_Biological_Process_2023,B Cell Homeostasis (GO:0001782),1/9,0.7186405955604056,0.99999620015268,0,0,0.8262276360867911,0.2729805819872139,DOCK11,Basal,Suppressed
GO_Biological_Process_2023,IMP Metabolic Process (GO:0046040),1/9,0.7186405955604056,0.99999620015268,0,0,0.8262276360867911,0.2729805819872139,AMPD1,Basal,Suppressed
GO_Biological_Process_2023,SNARE Complex Assembly (GO:0035493),1/9,0.7186405955604056,0.99999620015268,0,0,0.8262276360867911,0.2729805819872139,SNCA,Basal,Suppressed
GO_Biological_Process_2023,Wnt Signaling Pathway Involved In Midbrain Dopaminergic Neuron Differentiation (GO:1904953),1/9,0.7186405955604056,0.99999620015268,0,0,0.8262276360867911,0.2729805819872139,WNT9B,Basal,Suppressed
GO_Biological_Process_2023,Alpha-Linolenic Acid Metabolic Process (GO:0036109),1/9,0.7186405955604056,0.99999620015268,0,0,0.8262276360867911,0.2729805819872139,ELOVL5,Basal,Suppressed
GO_Biological_Process_2023,Apical Protein Localization (GO:0045176),1/9,0.7186405955604056,0.99999620015268,0,0,0.8262276360867911,0.2729805819872139,JAM3,Basal,Suppressed
GO_Biological_Process_2023,Aspartate Transmembrane Transport (GO:0015810),1/9,0.7186405955604056,0.99999620015268,0,0,0.8262276360867911,0.2729805819872139,SLC25A18,Basal,Suppressed
GO_Biological_Process_2023,Biomineral Tissue Development (GO:0031214),1/9,0.7186405955604056,0.99999620015268,0,0,0.8262276360867911,0.2729805819872139,DDR2,Basal,Suppressed
GO_Biological_Process_2023,cGMP Biosynthetic Process (GO:0006182),1/9,0.7186405955604056,0.99999620015268,0,0,0.8262276360867911,0.2729805819872139,NPR1,Basal,Suppressed
GO_Biological_Process_2023,Calcium Import Into The Mitochondrion (GO:0036444),1/9,0.7186405955604056,0.99999620015268,0,0,0.8262276360867911,0.2729805819872139,MICU3,Basal,Suppressed
GO_Biological_Process_2023,Calcium Ion Transport Into Cytosol (GO:0060402),1/9,0.7186405955604056,0.99999620015268,0,0,0.8262276360867911,0.2729805819872139,CACNA2D1,Basal,Suppressed
GO_Biological_Process_2023,Cell Differentiation Involved In Metanephros Development (GO:0072202),1/9,0.7186405955604056,0.99999620015268,0,0,0.8262276360867911,0.2729805819872139,TCF21,Basal,Suppressed
GO_Biological_Process_2023,Cellular Response To Oxidised Low-Density Lipoprotein Particle Stimulus (GO:0140052),1/9,0.7186405955604056,0.99999620015268,0,0,0.8262276360867911,0.2729805819872139,CD36,Basal,Suppressed
GO_Biological_Process_2023,Ectoderm Development (GO:0007398),1/9,0.7186405955604056,0.99999620015268,0,0,0.8262276360867911,0.2729805819872139,EDA2R,Basal,Suppressed
GO_Biological_Process_2023,Endodermal Cell Fate Commitment (GO:0001711),1/9,0.7186405955604056,0.99999620015268,0,0,0.8262276360867911,0.2729805819872139,SOX17,Basal,Suppressed
GO_Biological_Process_2023,Epithelial Cilium Movement Involved In Determination Of Left/Right Asymmetry (GO:0060287),1/9,0.7186405955604056,0.99999620015268,0,0,0.8262276360867911,0.2729805819872139,DNAAF1,Basal,Suppressed
GO_Biological_Process_2023,Forelimb Morphogenesis (GO:0035136),1/9,0.7186405955604056,0.99999620015268,0,0,0.8262276360867911,0.2729805819872139,TFAP2B,Basal,Suppressed
GO_Biological_Process_2023,Hematopoietic Stem Cell Differentiation (GO:0060218),1/9,0.7186405955604056,0.99999620015268,0,0,0.8262276360867911,0.2729805819872139,MEOX1,Basal,Suppressed
GO_Biological_Process_2023,Histone Methylation (GO:0016571),1/9,0.7186405955604056,0.99999620015268,0,0,0.8262276360867911,0.2729805819872139,SMYD1,Basal,Suppressed
GO_Biological_Process_2023,Insulin Metabolic Process (GO:1901142),1/9,0.7186405955604056,0.99999620015268,0,0,0.8262276360867911,0.2729805819872139,SLC30A8,Basal,Suppressed
GO_Biological_Process_2023,Leucine Transport (GO:0015820),1/9,0.7186405955604056,0.99999620015268,0,0,0.8262276360867911,0.2729805819872139,SLC7A8,Basal,Suppressed
GO_Biological_Process_2023,Leukotriene D4 Biosynthetic Process (GO:1901750),1/9,0.7186405955604056,0.99999620015268,0,0,0.8262276360867911,0.2729805819872139,GGTA1,Basal,Suppressed
GO_Biological_Process_2023,Mitochondrion Morphogenesis (GO:0070584),1/9,0.7186405955604056,0.99999620015268,0,0,0.8262276360867911,0.2729805819872139,PID1,Basal,Suppressed
GO_Biological_Process_2023,Motor Neuron Axon Guidance (GO:0008045),1/9,0.7186405955604056,0.99999620015268,0,0,0.8262276360867911,0.2729805819872139,SLIT2,Basal,Suppressed
GO_Biological_Process_2023,Myelin Assembly (GO:0032288),1/9,0.7186405955604056,0.99999620015268,0,0,0.8262276360867911,0.2729805819872139,TPPP,Basal,Suppressed
GO_Biological_Process_2023,Myelin Maintenance (GO:0043217),1/9,0.7186405955604056,0.99999620015268,0,0,0.8262276360867911,0.2729805819872139,ABCD2,Basal,Suppressed
GO_Biological_Process_2023,Negative Regulation Of Cell-Cell Adhesion Mediated By Cadherin (GO:2000048),1/9,0.7186405955604056,0.99999620015268,0,0,0.8262276360867911,0.2729805819872139,NOTCH4,Basal,Suppressed
GO_Biological_Process_2023,Negative Regulation Of Delayed Rectifier Potassium Channel Activity (GO:1902260),1/9,0.7186405955604056,0.99999620015268,0,0,0.8262276360867911,0.2729805819872139,KCNE1,Basal,Suppressed
GO_Biological_Process_2023,Negative Regulation Of Establishment Of Protein Localization (GO:1904950),1/9,0.7186405955604056,0.99999620015268,0,0,0.8262276360867911,0.2729805819872139,MAPT,Basal,Suppressed
GO_Biological_Process_2023,Negative Regulation Of Heterotypic Cell-Cell Adhesion (GO:0034115),1/9,0.7186405955604056,0.99999620015268,0,0,0.8262276360867911,0.2729805819872139,KLF4,Basal,Suppressed
GO_Biological_Process_2023,Negative Regulation Of Humoral Immune Response Mediated By Circulating Immunoglobulin (GO:0002924),1/9,0.7186405955604056,0.99999620015268,0,0,0.8262276360867911,0.2729805819872139,SVEP1,Basal,Suppressed
GO_Biological_Process_2023,Negative Regulation Of Lymphocyte Apoptotic Process (GO:0070229),1/9,0.7186405955604056,0.99999620015268,0,0,0.8262276360867911,0.2729805819872139,PIP,Basal,Suppressed
GO_Biological_Process_2023,Negative Regulation Of Protein Autophosphorylation (GO:0031953),1/9,0.7186405955604056,0.99999620015268,0,0,0.8262276360867911,0.2729805819872139,CAV1,Basal,Suppressed
GO_Biological_Process_2023,Negative Regulation Of Protein Localization To Cell Surface (GO:2000009),1/9,0.7186405955604056,0.99999620015268,0,0,0.8262276360867911,0.2729805819872139,CAV3,Basal,Suppressed
GO_Biological_Process_2023,Negative Regulation Of Receptor Binding (GO:1900121),1/9,0.7186405955604056,0.99999620015268,0,0,0.8262276360867911,0.2729805819872139,ADIPOQ,Basal,Suppressed
GO_Biological_Process_2023,Negative Regulation Of Transcription By Competitive Promoter Binding (GO:0010944),1/9,0.7186405955604056,0.99999620015268,0,0,0.8262276360867911,0.2729805819872139,DACH1,Basal,Suppressed
GO_Biological_Process_2023,Nerve Growth Factor Signaling Pathway (GO:0038180),1/9,0.7186405955604056,0.99999620015268,0,0,0.8262276360867911,0.2729805819872139,NTF4,Basal,Suppressed
GO_Biological_Process_2023,Neuron Projection Regeneration (GO:0031102),1/9,0.7186405955604056,0.99999620015268,0,0,0.8262276360867911,0.2729805819872139,PTN,Basal,Suppressed
GO_Biological_Process_2023,Ornithine Metabolic Process (GO:0006591),1/9,0.7186405955604056,0.99999620015268,0,0,0.8262276360867911,0.2729805819872139,OTC,Basal,Suppressed
GO_Biological_Process_2023,Phosphatidylethanolamine Acyl-Chain Remodeling (GO:0036152),1/9,0.7186405955604056,0.99999620015268,0,0,0.8262276360867911,0.2729805819872139,PLAAT3,Basal,Suppressed
GO_Biological_Process_2023,Phosphatidylglycerol Biosynthetic Process (GO:0006655),1/9,0.7186405955604056,0.99999620015268,0,0,0.8262276360867911,0.2729805819872139,GPAM,Basal,Suppressed
GO_Biological_Process_2023,Positive Regulation Of ATP Metabolic Process (GO:1903580),1/9,0.7186405955604056,0.99999620015268,0,0,0.8262276360867911,0.2729805819872139,PID1,Basal,Suppressed
GO_Biological_Process_2023,Positive Regulation Of Epidermis Development (GO:0045684),1/9,0.7186405955604056,0.99999620015268,0,0,0.8262276360867911,0.2729805819872139,IL20,Basal,Suppressed
GO_Biological_Process_2023,Positive Regulation Of Hippo Signaling (GO:0035332),1/9,0.7186405955604056,0.99999620015268,0,0,0.8262276360867911,0.2729805819872139,FRMD1,Basal,Suppressed
GO_Biological_Process_2023,Positive Regulation Of Keratinocyte Migration (GO:0051549),1/9,0.7186405955604056,0.99999620015268,0,0,0.8262276360867911,0.2729805819872139,FGF10,Basal,Suppressed
GO_Biological_Process_2023,Positive Regulation Of Leukocyte Apoptotic Process (GO:2000108),1/9,0.7186405955604056,0.99999620015268,0,0,0.8262276360867911,0.2729805819872139,HCAR2,Basal,Suppressed
GO_Biological_Process_2023,Positive Regulation Of Lipase Activity (GO:0060193),1/9,0.7186405955604056,0.99999620015268,0,0,0.8262276360867911,0.2729805819872139,PLIN5,Basal,Suppressed
GO_Biological_Process_2023,Positive Regulation Of Mesenchymal Cell Proliferation (GO:0002053),1/9,0.7186405955604056,0.99999620015268,0,0,0.8262276360867911,0.2729805819872139,TGFBR2,Basal,Suppressed
GO_Biological_Process_2023,Positive Regulation Of miRNA-mediated Gene Silencing (GO:2000637),1/9,0.7186405955604056,0.99999620015268,0,0,0.8262276360867911,0.2729805819872139,ZFP36,Basal,Suppressed
GO_Biological_Process_2023,Positive Regulation Of Platelet Activation (GO:0010572),1/9,0.7186405955604056,0.99999620015268,0,0,0.8262276360867911,0.2729805819872139,SELP,Basal,Suppressed
GO_Biological_Process_2023,Positive Regulation Of Receptor Recycling (GO:0001921),1/9,0.7186405955604056,0.99999620015268,0,0,0.8262276360867911,0.2729805819872139,SNCA,Basal,Suppressed
GO_Biological_Process_2023,Postsynapse Assembly (GO:0099068),1/9,0.7186405955604056,0.99999620015268,0,0,0.8262276360867911,0.2729805819872139,NLGN4Y,Basal,Suppressed
GO_Biological_Process_2023,Presynaptic Membrane Organization (GO:0097090),1/9,0.7186405955604056,0.99999620015268,0,0,0.8262276360867911,0.2729805819872139,NLGN4Y,Basal,Suppressed
GO_Biological_Process_2023,Protein K6-linked Ubiquitination (GO:0085020),1/9,0.7186405955604056,0.99999620015268,0,0,0.8262276360867911,0.2729805819872139,PRKN,Basal,Suppressed
GO_Biological_Process_2023,Protein O-linked Glycosylation Via Serine (GO:0018242),1/9,0.7186405955604056,0.99999620015268,0,0,0.8262276360867911,0.2729805819872139,GALNT16,Basal,Suppressed
GO_Biological_Process_2023,Protein O-linked Glycosylation Via Threonine (GO:0018243),1/9,0.7186405955604056,0.99999620015268,0,0,0.8262276360867911,0.2729805819872139,GALNT16,Basal,Suppressed
GO_Biological_Process_2023,Receptor Guanylyl Cyclase Signaling Pathway (GO:0007168),1/9,0.7186405955604056,0.99999620015268,0,0,0.8262276360867911,0.2729805819872139,NPR1,Basal,Suppressed
GO_Biological_Process_2023,"Regulation Of CD4-positive, Alpha-Beta T Cell Proliferation (GO:2000561)",1/9,0.7186405955604056,0.99999620015268,0,0,0.8262276360867911,0.2729805819872139,TGFBR2,Basal,Suppressed
GO_Biological_Process_2023,Regulation Of PERK-mediated Unfolded Protein Response (GO:1903897),1/9,0.7186405955604056,0.99999620015268,0,0,0.8262276360867911,0.2729805819872139,AGR2,Basal,Suppressed
GO_Biological_Process_2023,Regulation Of Actin Filament Length (GO:0030832),1/9,0.7186405955604056,0.99999620015268,0,0,0.8262276360867911,0.2729805819872139,CXCL12,Basal,Suppressed
GO_Biological_Process_2023,Regulation Of Actin Filament-Based Movement (GO:1903115),1/9,0.7186405955604056,0.99999620015268,0,0,0.8262276360867911,0.2729805819872139,PLN,Basal,Suppressed
GO_Biological_Process_2023,Regulation Of Cardiac Muscle Cell Differentiation (GO:2000725),1/9,0.7186405955604056,0.99999620015268,0,0,0.8262276360867911,0.2729805819872139,MYOCD,Basal,Suppressed
GO_Biological_Process_2023,Regulation Of Cell-Cell Adhesion Involved In Gastrulation (GO:0070587),1/9,0.7186405955604056,0.99999620015268,0,0,0.8262276360867911,0.2729805819872139,KLF4,Basal,Suppressed
GO_Biological_Process_2023,Regulation Of Cellular Response To Oxidative Stress (GO:1900407),1/9,0.7186405955604056,0.99999620015268,0,0,0.8262276360867911,0.2729805819872139,PRKN,Basal,Suppressed
GO_Biological_Process_2023,Regulation Of Granulocyte Differentiation (GO:0030852),1/9,0.7186405955604056,0.99999620015268,0,0,0.8262276360867911,0.2729805819872139,TESC,Basal,Suppressed
GO_Biological_Process_2023,Regulation Of Histone Methylation (GO:0031060),1/9,0.7186405955604056,0.99999620015268,0,0,0.8262276360867911,0.2729805819872139,FAM47E,Basal,Suppressed
GO_Biological_Process_2023,Regulation Of Inflammatory Response To Wounding (GO:0106014),1/9,0.7186405955604056,0.99999620015268,0,0,0.8262276360867911,0.2729805819872139,IL33,Basal,Suppressed
GO_Biological_Process_2023,Regulation Of Mast Cell Activation (GO:0033003),1/9,0.7186405955604056,0.99999620015268,0,0,0.8262276360867911,0.2729805819872139,TSLP,Basal,Suppressed
GO_Biological_Process_2023,Regulation Of Memory T Cell Differentiation (GO:0043380),1/9,0.7186405955604056,0.99999620015268,0,0,0.8262276360867911,0.2729805819872139,PCK1,Basal,Suppressed
GO_Biological_Process_2023,Regulation Of Myeloid Leukocyte Mediated Immunity (GO:0002886),1/9,0.7186405955604056,0.99999620015268,0,0,0.8262276360867911,0.2729805819872139,DNASE1L3,Basal,Suppressed
GO_Biological_Process_2023,Regulation Of Natural Killer Cell Proliferation (GO:0032817),1/9,0.7186405955604056,0.99999620015268,0,0,0.8262276360867911,0.2729805819872139,LEP,Basal,Suppressed
GO_Biological_Process_2023,Regulation Of Postsynaptic Neurotransmitter Receptor Activity (GO:0098962),1/9,0.7186405955604056,0.99999620015268,0,0,0.8262276360867911,0.2729805819872139,DLGAP2,Basal,Suppressed
GO_Biological_Process_2023,Regulation Of Sequestering Of Calcium Ion (GO:0051282),1/9,0.7186405955604056,0.99999620015268,0,0,0.8262276360867911,0.2729805819872139,TRDN,Basal,Suppressed
GO_Biological_Process_2023,Regulation Of Tau-Protein Kinase Activity (GO:1902947),1/9,0.7186405955604056,0.99999620015268,0,0,0.8262276360867911,0.2729805819872139,EGR1,Basal,Suppressed
GO_Biological_Process_2023,Sequestering Of Extracellular Ligand From Receptor (GO:0035581),1/9,0.7186405955604056,0.99999620015268,0,0,0.8262276360867911,0.2729805819872139,GREM2,Basal,Suppressed
GO_Biological_Process_2023,Smooth Muscle Tissue Development (GO:0048745),1/9,0.7186405955604056,0.99999620015268,0,0,0.8262276360867911,0.2729805819872139,MYLK,Basal,Suppressed
GO_Biological_Process_2023,Epidermal Growth Factor Receptor Signaling Pathway (GO:0007173),5/45,0.7219916876237686,0.99999620015268,0,0,0.8259626382005337,0.2690504352010155,PIGR;EFEMP1;EGF;AREG;TDGF1,Basal,Suppressed
GO_Biological_Process_2023,Hexose Metabolic Process (GO:0019318),5/45,0.7219916876237686,0.99999620015268,0,0,0.8259626382005337,0.2690504352010155,TFAP2B;KCNJ11;APOD;PCK1;FBP1,Basal,Suppressed
GO_Biological_Process_2023,Organic Hydroxy Compound Transport (GO:0015850),5/45,0.7219916876237686,0.99999620015268,0,0,0.8259626382005337,0.2690504352010155,SLCO1C1;SLC22A3;SLC10A6;AKR1C1;ABCC11,Basal,Suppressed
GO_Biological_Process_2023,Positive Regulation Of Cytoskeleton Organization (GO:0051495),9/79,0.7263391567360085,0.99999620015268,0,0,0.849386352479136,0.2715812763595557,SEMA5A;CSF3;GSN;SYNPO2L;CCL21;SYNPO2;LMOD1;TEK;SYNPO,Basal,Suppressed
GO_Biological_Process_2023,ERBB Signaling Pathway (GO:0038127),6/54,0.7300409989352626,0.99999620015268,0,0,0.8258962623951183,0.259872044451338,PIGR;EFEMP1;ERBB4;EGF;AREG;TDGF1,Basal,Suppressed
GO_Biological_Process_2023,Positive Regulation Of Leukocyte Chemotaxis (GO:0002690),6/54,0.7300409989352626,0.99999620015268,0,0,0.8258962623951183,0.259872044451338,F7;IL6;CXCL12;EDN3;VEGFD;PTN,Basal,Suppressed
GO_Biological_Process_2023,Regulation Of Exocytosis (GO:0017157),6/54,0.7300409989352626,0.99999620015268,0,0,0.8258962623951183,0.259872044451338,FGB;RAB3C;FGA;FGG;SYTL4;SNCA,Basal,Suppressed
GO_Biological_Process_2023,Apoptotic Cell Clearance (GO:0043277),3/28,0.7313228348291846,0.99999620015268,0,0,0.7930057142857143,0.2481317117948793,FCN2;LRP1;ALOX15,Basal,Suppressed
GO_Biological_Process_2023,Hematopoietic Progenitor Cell Differentiation (GO:0002244),3/28,0.7313228348291846,0.99999620015268,0,0,0.7930057142857143,0.2481317117948793,BMP4;KIT;MEOX1,Basal,Suppressed
GO_Biological_Process_2023,Positive Regulation Of Fibroblast Proliferation (GO:0048146),3/28,0.7313228348291846,0.99999620015268,0,0,0.7930057142857143,0.2481317117948793,IGF1;AQP1;DDR2,Basal,Suppressed
GO_Biological_Process_2023,Regulation Of Bone Resorption (GO:0045124),3/28,0.7313228348291846,0.99999620015268,0,0,0.7930057142857143,0.2481317117948793,IL6;S1PR1;CARTPT,Basal,Suppressed
GO_Biological_Process_2023,Regulation Of Chemotaxis (GO:0050920),3/28,0.7313228348291846,0.99999620015268,0,0,0.7930057142857143,0.2481317117948793,P2RY12;CCL21;ELANE,Basal,Suppressed
GO_Biological_Process_2023,Positive Regulation Of Signal Transduction (GO:0009967),32/266,0.7315130238619075,0.99999620015268,0,0,0.9027958858467332,0.2822503353844378,TNXB;THRB;LAMA2;DHH;IRS1;GATA3;PIK3R1;SLC2A4;FGF1;CUX2;RELN;GPER1;RSPO3;RSPO1;TP63;WLS;CCBE1;XBP1;TSLP;VWF;CAV2;ADIPOQ;DCDC2;IGF1;SORBS1;KLF2;F7;IL6;GHRH;TEK;IL6ST;LIMS2,Basal,Suppressed
GO_Biological_Process_2023,Cell-Cell Junction Assembly (GO:0007043),8/71,0.7315318872337329,0.99999620015268,0,0,0.8389191809039137,0.262258273350776,CLDN11;CDH5;CLDN5;RAMP2;GJB1;CDH13;TLN2;JAM3,Basal,Suppressed
GO_Biological_Process_2023,DNA Catabolic Process (GO:0006308),2/19,0.7335954268602957,0.99999620015268,0,0,0.7775189283634246,0.2408734916574847,DNASE2B;DNASE1L3,Basal,Suppressed
GO_Biological_Process_2023,NADP Metabolic Process (GO:0006739),2/19,0.7335954268602957,0.99999620015268,0,0,0.7775189283634246,0.2408734916574847,FMO2;FMO5,Basal,Suppressed
GO_Biological_Process_2023,Cardiac Ventricle Development (GO:0003231),2/19,0.7335954268602957,0.99999620015268,0,0,0.7775189283634246,0.2408734916574847,PDE2A;GATA3,Basal,Suppressed
GO_Biological_Process_2023,Embryonic Digestive Tract Development (GO:0048566),2/19,0.7335954268602957,0.99999620015268,0,0,0.7775189283634246,0.2408734916574847,TCF21;PCSK5,Basal,Suppressed
GO_Biological_Process_2023,Eye Morphogenesis (GO:0048592),2/19,0.7335954268602957,0.99999620015268,0,0,0.7775189283634246,0.2408734916574847,MFAP5;EFEMP1,Basal,Suppressed
GO_Biological_Process_2023,Fluid Transport (GO:0042044),2/19,0.7335954268602957,0.99999620015268,0,0,0.7775189283634246,0.2408734916574847,AQP7;AQP7P3,Basal,Suppressed
GO_Biological_Process_2023,Gastrulation (GO:0007369),2/19,0.7335954268602957,0.99999620015268,0,0,0.7775189283634246,0.2408734916574847,NR4A3;GPC3,Basal,Suppressed
GO_Biological_Process_2023,Insulin Secretion (GO:0030073),2/19,0.7335954268602957,0.99999620015268,0,0,0.7775189283634246,0.2408734916574847,PTPRN2;SLC30A8,Basal,Suppressed
GO_Biological_Process_2023,Negative Regulation Of Calcium Ion Transmembrane Transport (GO:1903170),2/19,0.7335954268602957,0.99999620015268,0,0,0.7775189283634246,0.2408734916574847,PLN;ATP1A2,Basal,Suppressed
GO_Biological_Process_2023,Negative Regulation Of Cyclin-Dependent Protein Serine/Threonine Kinase Activity (GO:0045736),2/19,0.7335954268602957,0.99999620015268,0,0,0.7775189283634246,0.2408734916574847,CEBPA;MYOCD,Basal,Suppressed
GO_Biological_Process_2023,Positive Regulation Of Mitochondrial Fission (GO:0090141),2/19,0.7335954268602957,0.99999620015268,0,0,0.7775189283634246,0.2408734916574847,PRKN;DCN,Basal,Suppressed
GO_Biological_Process_2023,Receptor Clustering (GO:0043113),2/19,0.7335954268602957,0.99999620015268,0,0,0.7775189283634246,0.2408734916574847,PIGR;PTN,Basal,Suppressed
GO_Biological_Process_2023,Regulation Of Behavior (GO:0050795),2/19,0.7335954268602957,0.99999620015268,0,0,0.7775189283634246,0.2408734916574847,RELN;LEPR,Basal,Suppressed
GO_Biological_Process_2023,Regulation Of Cellular Response To Growth Factor Stimulus (GO:0090287),2/19,0.7335954268602957,0.99999620015268,0,0,0.7775189283634246,0.2408734916574847,TFAP2B;SLIT2,Basal,Suppressed
GO_Biological_Process_2023,Regulation Of Integrin-Mediated Signaling Pathway (GO:2001044),2/19,0.7335954268602957,0.99999620015268,0,0,0.7775189283634246,0.2408734916574847,LAMA2;LIMS2,Basal,Suppressed
GO_Biological_Process_2023,Water Transport (GO:0006833),2/19,0.7335954268602957,0.99999620015268,0,0,0.7775189283634246,0.2408734916574847,AQP7;AQP7P3,Basal,Suppressed
GO_Biological_Process_2023,Negative Regulation Of Macromolecule Metabolic Process (GO:0010605),22/186,0.7341277150377034,0.99999620015268,0,0,0.8857982516893473,0.2737756735900968,PRKN;LRP1;TIPARP;IGF1;NTS;KLF4;FGF2;ESR1;BMP4;CLDN5;EDNRB;CILP;STC2;GPER1;ATOH8;CLDN19;PGR;PPARG;MAPT;CCDC3;CD34;RBMS3,Basal,Suppressed
GO_Biological_Process_2023,Muscle Tissue Development (GO:0060537),4/37,0.734660988071207,0.99999620015268,0,0,0.8009515890613451,0.2469703203158331,CAV1;DMD;PGM5;MYOZ2,Basal,Suppressed
GO_Biological_Process_2023,Regulation Of p38MAPK Cascade (GO:1900744),4/37,0.734660988071207,0.99999620015268,0,0,0.8009515890613451,0.2469703203158331,BMP4;PER1;DUSP1;LEP,Basal,Suppressed
GO_Biological_Process_2023,Negative Regulation Of Neuron Death (GO:1901215),10/88,0.7354819142285389,0.99999620015268,0,0,0.8468981998393763,0.2601919656739141,PRKN;NTF4;CHGA;NTRK2;MAG;CITED1;BCL2;NDNF;IL6ST;SNCA,Basal,Suppressed
GO_Biological_Process_2023,Positive Regulation Of Cell Differentiation (GO:0045597),34/283,0.73921257637932,0.99999620015268,0,0,0.9013416812972784,0.2723581862651768,CRB2;CSF3;TNXB;LAMA2;PTN;MEDAG;TMEM100;RANBP3L;ZFP36;FFAR4;SMYD1;CD36;APOB;CD34;HOXA5;TP63;SOX5;XBP1;EDN3;MMD;ZBTB16;IGF1;ALOX15B;TGFBR2;BMP4;IL6;ZEB1;AGTR1;PPARG;IL6ST;RBM24;FERMT2;DDR2;PF4,Basal,Suppressed
GO_Biological_Process_2023,T Cell Differentiation (GO:0030217),5/46,0.7401085448914925,0.99999620015268,0,0,0.805770714969826,0.2425034822707634,LEP;KIT;LEPR;GATA3;PIK3R1,Basal,Suppressed
GO_Biological_Process_2023,Positive Regulation Of Cell-Cell Adhesion (GO:0022409),5/46,0.7401085448914925,0.99999620015268,0,0,0.805770714969826,0.2425034822707634,FOXA1;FGB;FGA;FGG;PLPP3,Basal,Suppressed
GO_Biological_Process_2023,Regulation Of Cytokine Production Involved In Inflammatory Response (GO:1900015),5/46,0.7401085448914925,0.99999620015268,0,0,0.805770714969826,0.2425034822707634,PER1;ABCD2;IL6;LEP;APOD,Basal,Suppressed
GO_Biological_Process_2023,Heart Development (GO:0007507),20/171,0.7453038992938252,0.99999620015268,0,0,0.8745886320237273,0.2570968950485001,MYOCD;RAMP2;CCM2L;LDB3;PCSK5;SGCZ;TGFBR2;BMP4;TGFBR3;PDLIM3;MYL7;SCUBE1;SOX17;SYNPO2L;ERBB4;GPC3;ALPK3;TEK;TDGF1;SGCG,Basal,Suppressed
GO_Biological_Process_2023,Receptor-Mediated Endocytosis (GO:0006898),14/122,0.7461113595979939,0.99999620015268,0,0,0.8561308056334835,0.2507439450646306,RAMP2;CLEC4M;LRP1;CAV2;CAV1;STAB2;ADRB2;LRP1B;GRK3;ADRB3;CXCR1;ACKR3;CD36;SNCA,Basal,Suppressed
GO_Biological_Process_2023,Purine Ribonucleotide Biosynthetic Process (GO:0009152),6/55,0.7464145338951514,0.99999620015268,0,0,0.8089945360295148,0.2366099954655682,NPR1;ADCY4;AMPD1;ADCY1;AK5;ADCY5,Basal,Suppressed
GO_Biological_Process_2023,Negative Regulation Of Cell Migration (GO:0030336),19/163,0.7466148442077918,0.99999620015268,0,0,0.8712682594438056,0.2545896651549288,PTPRT;NGFR;LRP1;ADIPOQ;CHRD;PODN;FGF2;ALOX15B;RHOB;CLDN5;TMEFF2;DACH1;NAV3;TNN;MMRN2;CLDN19;SLIT2;HOXA7;RECK,Basal,Suppressed
GO_Biological_Process_2023,Chondrocyte Differentiation (GO:0002062),3/29,0.7533413450742272,0.99999620015268,0,0,0.7624615384615384,0.2159571970698343,BMP4;GPLD1;SOX5,Basal,Suppressed
GO_Biological_Process_2023,Positive Regulation Of Calcium Ion Transport (GO:0051928),3/29,0.7533413450742272,0.99999620015268,0,0,0.7624615384615384,0.2159571970698343,CXCL12;FFAR1;MYLK,Basal,Suppressed
GO_Biological_Process_2023,Protein Acetylation (GO:0006473),3/29,0.7533413450742272,0.99999620015268,0,0,0.7624615384615384,0.2159571970698343,MAPT;LACRT;FOXO1,Basal,Suppressed
GO_Biological_Process_2023,Regulation Of Blood Coagulation (GO:0030193),3/29,0.7533413450742272,0.99999620015268,0,0,0.7624615384615384,0.2159571970698343,THBD;CAV1;TFPI,Basal,Suppressed
GO_Biological_Process_2023,Regulation Of Developmental Growth (GO:0048638),3/29,0.7533413450742272,0.99999620015268,0,0,0.7624615384615384,0.2159571970698343,GHR;LEP;AGR2,Basal,Suppressed
GO_Biological_Process_2023,Regulation Of Monoatomic Ion Transmembrane Transport (GO:0034765),3/29,0.7533413450742272,0.99999620015268,0,0,0.7624615384615384,0.2159571970698343,KCNJ11;KCNJ16;KCNJ3,Basal,Suppressed
GO_Biological_Process_2023,Regulation Of Neuron Migration (GO:2001222),3/29,0.7533413450742272,0.99999620015268,0,0,0.7624615384615384,0.2159571970698343,IGSF10;RELN;TNN,Basal,Suppressed
GO_Biological_Process_2023,Regulation Of Protein Modification By Small Protein Conjugation Or Removal (GO:1903320),3/29,0.7533413450742272,0.99999620015268,0,0,0.7624615384615384,0.2159571970698343,PRKN;EGR1;EPAS1,Basal,Suppressed
GO_Biological_Process_2023,Calcium-Dependent Cell-Cell Adhesion Via Plasma Membrane Cell Adhesion Molecules (GO:0016339),4/38,0.7539328929143655,0.99999620015268,0,0,0.7773493543758967,0.2195638148362459,SELP;CDH5;CDH23;CDH13,Basal,Suppressed
GO_Biological_Process_2023,Positive Regulation Of Bone Mineralization (GO:0030501),4/38,0.7539328929143655,0.99999620015268,0,0,0.7773493543758967,0.2195638148362459,BMP4;KL;ADGRV1;PTN,Basal,Suppressed
GO_Biological_Process_2023,Positive Regulation Of Protein Tyrosine Kinase Activity (GO:0061098),4/38,0.7539328929143655,0.99999620015268,0,0,0.7773493543758967,0.2195638148362459,RELN;EGF;AREG;ADRA2A,Basal,Suppressed
GO_Biological_Process_2023,N-acetylneuraminate Metabolic Process (GO:0006054),1/10,0.7556276918103656,0.99999620015268,0,0,0.7343822695935373,0.2057786819414355,HOGA1,Basal,Suppressed
GO_Biological_Process_2023,Rap Protein Signal Transduction (GO:0032486),1/10,0.7556276918103656,0.99999620015268,0,0,0.7343822695935373,0.2057786819414355,RAPGEF3,Basal,Suppressed
GO_Biological_Process_2023,T-helper Cell Lineage Commitment (GO:0002295),1/10,0.7556276918103656,0.99999620015268,0,0,0.7343822695935373,0.2057786819414355,IL6,Basal,Suppressed
GO_Biological_Process_2023,Actin Filament Depolymerization (GO:0030042),1/10,0.7556276918103656,0.99999620015268,0,0,0.7343822695935373,0.2057786819414355,GSN,Basal,Suppressed
GO_Biological_Process_2023,Alpha-Amino Acid Biosynthetic Process (GO:1901607),1/10,0.7556276918103656,0.99999620015268,0,0,0.7343822695935373,0.2057786819414355,OTC,Basal,Suppressed
GO_Biological_Process_2023,Ammonium Transmembrane Transport (GO:0072488),1/10,0.7556276918103656,0.99999620015268,0,0,0.7343822695935373,0.2057786819414355,RHAG,Basal,Suppressed
GO_Biological_Process_2023,Basement Membrane Organization (GO:0071711),1/10,0.7556276918103656,0.99999620015268,0,0,0.7343822695935373,0.2057786819414355,RAMP2,Basal,Suppressed
GO_Biological_Process_2023,Branched-Chain Amino Acid Transport (GO:0015803),1/10,0.7556276918103656,0.99999620015268,0,0,0.7343822695935373,0.2057786819414355,SLC7A8,Basal,Suppressed
GO_Biological_Process_2023,calcineurin-NFAT Signaling Cascade (GO:0033173),1/10,0.7556276918103656,0.99999620015268,0,0,0.7343822695935373,0.2057786819414355,LACRT,Basal,Suppressed
GO_Biological_Process_2023,Cellular Response To UV-A (GO:0071492),1/10,0.7556276918103656,0.99999620015268,0,0,0.7343822695935373,0.2057786819414355,MME,Basal,Suppressed
GO_Biological_Process_2023,Cellular Response To Cholesterol (GO:0071397),1/10,0.7556276918103656,0.99999620015268,0,0,0.7343822695935373,0.2057786819414355,GPLD1,Basal,Suppressed
GO_Biological_Process_2023,Cellular Response To Forskolin (GO:1904322),1/10,0.7556276918103656,0.99999620015268,0,0,0.7343822695935373,0.2057786819414355,ADCY5,Basal,Suppressed
GO_Biological_Process_2023,Copper Ion Transport (GO:0006825),1/10,0.7556276918103656,0.99999620015268,0,0,0.7343822695935373,0.2057786819414355,STEAP4,Basal,Suppressed
GO_Biological_Process_2023,Epithelial Cell Apoptotic Process (GO:1904019),1/10,0.7556276918103656,0.99999620015268,0,0,0.7343822695935373,0.2057786819414355,GSN,Basal,Suppressed
GO_Biological_Process_2023,Glycine Transport (GO:0015816),1/10,0.7556276918103656,0.99999620015268,0,0,0.7343822695935373,0.2057786819414355,SLC7A8,Basal,Suppressed
GO_Biological_Process_2023,Hematopoietic Stem Cell Proliferation (GO:0071425),1/10,0.7556276918103656,0.99999620015268,0,0,0.7343822695935373,0.2057786819414355,CD34,Basal,Suppressed
GO_Biological_Process_2023,Heme Catabolic Process (GO:0042167),1/10,0.7556276918103656,0.99999620015268,0,0,0.7343822695935373,0.2057786819414355,AMBP,Basal,Suppressed
GO_Biological_Process_2023,Lens Fiber Cell Differentiation (GO:0070306),1/10,0.7556276918103656,0.99999620015268,0,0,0.7343822695935373,0.2057786819414355,PLAAT3,Basal,Suppressed
GO_Biological_Process_2023,Maintenance Of Synapse Structure (GO:0099558),1/10,0.7556276918103656,0.99999620015268,0,0,0.7343822695935373,0.2057786819414355,CBLN1,Basal,Suppressed
GO_Biological_Process_2023,Megakaryocyte Development (GO:0035855),1/10,0.7556276918103656,0.99999620015268,0,0,0.7343822695935373,0.2057786819414355,KIT,Basal,Suppressed
GO_Biological_Process_2023,Metanephric Mesenchyme Development (GO:0072075),1/10,0.7556276918103656,0.99999620015268,0,0,0.7343822695935373,0.2057786819414355,TCF21,Basal,Suppressed
GO_Biological_Process_2023,Microtubule Anchoring At Centrosome (GO:0034454),1/10,0.7556276918103656,0.99999620015268,0,0,0.7343822695935373,0.2057786819414355,CCDC68,Basal,Suppressed
GO_Biological_Process_2023,Negative Regulation Of Glycolytic Process (GO:0045820),1/10,0.7556276918103656,0.99999620015268,0,0,0.7343822695935373,0.2057786819414355,FBP1,Basal,Suppressed
GO_Biological_Process_2023,Negative Regulation Of Lipopolysaccharide-Mediated Signaling Pathway (GO:0031665),1/10,0.7556276918103656,0.99999620015268,0,0,0.7343822695935373,0.2057786819414355,LACRT,Basal,Suppressed
GO_Biological_Process_2023,Negative Regulation Of Lymphocyte Migration (GO:2000402),1/10,0.7556276918103656,0.99999620015268,0,0,0.7343822695935373,0.2057786819414355,APOD,Basal,Suppressed
GO_Biological_Process_2023,Negative Regulation Of Mitochondrial Outer Membrane Permeabilization Involved In Apoptotic Signaling Pathway (GO:1901029),1/10,0.7556276918103656,0.99999620015268,0,0,0.7343822695935373,0.2057786819414355,MPV17L,Basal,Suppressed
GO_Biological_Process_2023,Negative Regulation Of Nuclear Division (GO:0051784),1/10,0.7556276918103656,0.99999620015268,0,0,0.7343822695935373,0.2057786819414355,BMP4,Basal,Suppressed
GO_Biological_Process_2023,Negative Regulation Of Response To Cytokine Stimulus (GO:0060761),1/10,0.7556276918103656,0.99999620015268,0,0,0.7343822695935373,0.2057786819414355,KLF4,Basal,Suppressed
GO_Biological_Process_2023,Negative Regulation Of Sodium Ion Transmembrane Transporter Activity (GO:2000650),1/10,0.7556276918103656,0.99999620015268,0,0,0.7343822695935373,0.2057786819414355,GRP,Basal,Suppressed
GO_Biological_Process_2023,Negative Regulation Of Sprouting Angiogenesis (GO:1903671),1/10,0.7556276918103656,0.99999620015268,0,0,0.7343822695935373,0.2057786819414355,KLF2,Basal,Suppressed
GO_Biological_Process_2023,Negative Regulation Of Vascular Endothelial Growth Factor Receptor Signaling Pathway (GO:0030948),1/10,0.7556276918103656,0.99999620015268,0,0,0.7343822695935373,0.2057786819414355,MMRN2,Basal,Suppressed
GO_Biological_Process_2023,Neuron Projection Fasciculation (GO:0106030),1/10,0.7556276918103656,0.99999620015268,0,0,0.7343822695935373,0.2057786819414355,SEMA5A,Basal,Suppressed
GO_Biological_Process_2023,Neuron Projection Maintenance (GO:1990535),1/10,0.7556276918103656,0.99999620015268,0,0,0.7343822695935373,0.2057786819414355,ABCD2,Basal,Suppressed
GO_Biological_Process_2023,Nucleoside Triphosphate Metabolic Process (GO:0009141),1/10,0.7556276918103656,0.99999620015268,0,0,0.7343822695935373,0.2057786819414355,AK5,Basal,Suppressed
GO_Biological_Process_2023,Phenol-Containing Compound Biosynthetic Process (GO:0046189),1/10,0.7556276918103656,0.99999620015268,0,0,0.7343822695935373,0.2057786819414355,CITED1,Basal,Suppressed
GO_Biological_Process_2023,Positive Regulation Of B Cell Differentiation (GO:0045579),1/10,0.7556276918103656,0.99999620015268,0,0,0.7343822695935373,0.2057786819414355,XBP1,Basal,Suppressed
GO_Biological_Process_2023,Positive Regulation Of MHC Class II Biosynthetic Process (GO:0045348),1/10,0.7556276918103656,0.99999620015268,0,0,0.7343822695935373,0.2057786819414355,XBP1,Basal,Suppressed
GO_Biological_Process_2023,Positive Regulation Of Actin Filament Depolymerization (GO:0030836),1/10,0.7556276918103656,0.99999620015268,0,0,0.7343822695935373,0.2057786819414355,SEMA5A,Basal,Suppressed
GO_Biological_Process_2023,Positive Regulation Of Actin Nucleation (GO:0051127),1/10,0.7556276918103656,0.99999620015268,0,0,0.7343822695935373,0.2057786819414355,GSN,Basal,Suppressed
GO_Biological_Process_2023,Positive Regulation Of Autophagy Of Mitochondrion (GO:1903599),1/10,0.7556276918103656,0.99999620015268,0,0,0.7343822695935373,0.2057786819414355,PRKN,Basal,Suppressed
GO_Biological_Process_2023,Positive Regulation Of Dendrite Development (GO:1900006),1/10,0.7556276918103656,0.99999620015268,0,0,0.7343822695935373,0.2057786819414355,PTN,Basal,Suppressed
GO_Biological_Process_2023,Positive Regulation Of Interleukin-13 Production (GO:0032736),1/10,0.7556276918103656,0.99999620015268,0,0,0.7343822695935373,0.2057786819414355,TSLP,Basal,Suppressed
GO_Biological_Process_2023,Positive Regulation Of Macrophage Differentiation (GO:0045651),1/10,0.7556276918103656,0.99999620015268,0,0,0.7343822695935373,0.2057786819414355,PF4,Basal,Suppressed
GO_Biological_Process_2023,Positive Regulation Of Nitric-Oxide Synthase Biosynthetic Process (GO:0051770),1/10,0.7556276918103656,0.99999620015268,0,0,0.7343822695935373,0.2057786819414355,IL33,Basal,Suppressed
GO_Biological_Process_2023,Positive Regulation Of Non-Canonical Wnt Signaling Pathway (GO:2000052),1/10,0.7556276918103656,0.99999620015268,0,0,0.7343822695935373,0.2057786819414355,RSPO3,Basal,Suppressed
GO_Biological_Process_2023,Positive Regulation Of Post-Transcriptional Gene Silencing By RNA (GO:1900370),1/10,0.7556276918103656,0.99999620015268,0,0,0.7343822695935373,0.2057786819414355,ZFP36,Basal,Suppressed
GO_Biological_Process_2023,Positive Regulation Of Protein Depolymerization (GO:1901881),1/10,0.7556276918103656,0.99999620015268,0,0,0.7343822695935373,0.2057786819414355,SEMA5A,Basal,Suppressed
GO_Biological_Process_2023,Positive Regulation Of Transforming Growth Factor Beta Production (GO:0071636),1/10,0.7556276918103656,0.99999620015268,0,0,0.7343822695935373,0.2057786819414355,TNXB,Basal,Suppressed
GO_Biological_Process_2023,Progesterone Receptor Signaling Pathway (GO:0050847),1/10,0.7556276918103656,0.99999620015268,0,0,0.7343822695935373,0.2057786819414355,PGR,Basal,Suppressed
GO_Biological_Process_2023,Protein Kinase C-activating G Protein-Coupled Receptor Signaling Pathway (GO:0007205),1/10,0.7556276918103656,0.99999620015268,0,0,0.7343822695935373,0.2057786819414355,PLPP1,Basal,Suppressed
GO_Biological_Process_2023,Regulation Of T-helper 2 Cell Cytokine Production (GO:2000551),1/10,0.7556276918103656,0.99999620015268,0,0,0.7343822695935373,0.2057786819414355,IL6,Basal,Suppressed
GO_Biological_Process_2023,Regulation Of Axon Regeneration (GO:0048679),1/10,0.7556276918103656,0.99999620015268,0,0,0.7343822695935373,0.2057786819414355,PTN,Basal,Suppressed
GO_Biological_Process_2023,Regulation Of Calcium Ion Import Across Plasma Membrane (GO:1905664),1/10,0.7556276918103656,0.99999620015268,0,0,0.7343822695935373,0.2057786819414355,CALCR,Basal,Suppressed
GO_Biological_Process_2023,Regulation Of Calcium Ion Transmembrane Transport Via High Voltage-Gated Calcium Channel (GO:1902514),1/10,0.7556276918103656,0.99999620015268,0,0,0.7343822695935373,0.2057786819414355,CACNA2D1,Basal,Suppressed
GO_Biological_Process_2023,Regulation Of Cysteine-Type Endopeptidase Activity Involved In Apoptotic Signaling Pathway (GO:2001267),1/10,0.7556276918103656,0.99999620015268,0,0,0.7343822695935373,0.2057786819414355,GSN,Basal,Suppressed
GO_Biological_Process_2023,Regulation Of Lamellipodium Morphogenesis (GO:2000392),1/10,0.7556276918103656,0.99999620015268,0,0,0.7343822695935373,0.2057786819414355,ENPP2,Basal,Suppressed
GO_Biological_Process_2023,Regulation Of Mitotic Sister Chromatid Separation (GO:0010965),1/10,0.7556276918103656,0.99999620015268,0,0,0.7343822695935373,0.2057786819414355,DUSP1,Basal,Suppressed
GO_Biological_Process_2023,Regulation Of Opsonization (GO:1903027),1/10,0.7556276918103656,0.99999620015268,0,0,0.7343822695935373,0.2057786819414355,FCN2,Basal,Suppressed
GO_Biological_Process_2023,Regulation Of Peroxisome Proliferator Activated Receptor Signaling Pathway (GO:0035358),1/10,0.7556276918103656,0.99999620015268,0,0,0.7343822695935373,0.2057786819414355,PLIN5,Basal,Suppressed
GO_Biological_Process_2023,Regulation Of Programmed Necrotic Cell Death (GO:0062098),1/10,0.7556276918103656,0.99999620015268,0,0,0.7343822695935373,0.2057786819414355,PRKN,Basal,Suppressed
GO_Biological_Process_2023,Response To Forskolin (GO:1904321),1/10,0.7556276918103656,0.99999620015268,0,0,0.7343822695935373,0.2057786819414355,ADCY5,Basal,Suppressed
GO_Biological_Process_2023,Response To Sterol (GO:0036314),1/10,0.7556276918103656,0.99999620015268,0,0,0.7343822695935373,0.2057786819414355,TGFBR2,Basal,Suppressed
GO_Biological_Process_2023,Sarcoplasmic Reticulum Calcium Ion Transport (GO:0070296),1/10,0.7556276918103656,0.99999620015268,0,0,0.7343822695935373,0.2057786819414355,TRDN,Basal,Suppressed
GO_Biological_Process_2023,Very-Low-Density Lipoprotein Particle Assembly (GO:0034379),1/10,0.7556276918103656,0.99999620015268,0,0,0.7343822695935373,0.2057786819414355,APOB,Basal,Suppressed
GO_Biological_Process_2023,Organonitrogen Compound Biosynthetic Process (GO:1901566),14/123,0.7569049997225862,0.99999620015268,0,0,0.848227259007602,0.236246160347407,ALAS2;GSTM1;SLC44A4;ELOVL5;PCSK5;ACER2;SLC5A7;ALDH3B2;DMD;DEGS2;PLPP3;CDO1;PLPP1;OTC,Basal,Suppressed
GO_Biological_Process_2023,Regulation Of Cell Motility (GO:2000145),14/123,0.7569049997225862,0.99999620015268,0,0,0.848227259007602,0.236246160347407,ROBO4;TNXB;CAVIN1;CCL21;GATA3;LDB2;FGF1;FGF2;RHOB;TNN;ERBB4;SPOCK3;ENPP2;PLXNA4,Basal,Suppressed
GO_Biological_Process_2023,Positive Regulation Of Epithelial To Mesenchymal Transition (GO:0010718),5/47,0.7573425018879393,0.99999620015268,0,0,0.7865403118929616,0.2186107637873154,CRB2;IL6;TNXB;FERMT2;TGFBR2,Basal,Suppressed
GO_Biological_Process_2023,Ameboidal-Type Cell Migration (GO:0001667),2/20,0.7595871993646347,0.99999620015268,0,0,0.7342811204197343,0.2019127341012844,GPC3;TNS1,Basal,Suppressed
GO_Biological_Process_2023,Cell Projection Organization (GO:0030030),2/20,0.7595871993646347,0.99999620015268,0,0,0.7342811204197343,0.2019127341012844,P2RY12;GSN,Basal,Suppressed
GO_Biological_Process_2023,Intracellular Monoatomic Ion Homeostasis (GO:0006873),2/20,0.7595871993646347,0.99999620015268,0,0,0.7342811204197343,0.2019127341012844,SLC4A1;RHAG,Basal,Suppressed
GO_Biological_Process_2023,Leukotriene Metabolic Process (GO:0006691),2/20,0.7595871993646347,0.99999620015268,0,0,0.7342811204197343,0.2019127341012844,CPA1;CYP4A11,Basal,Suppressed
GO_Biological_Process_2023,Limb Morphogenesis (GO:0035108),2/20,0.7595871993646347,0.99999620015268,0,0,0.7342811204197343,0.2019127341012844,TFAP2B;PCSK5,Basal,Suppressed
GO_Biological_Process_2023,Long-Term Memory (GO:0007616),2/20,0.7595871993646347,0.99999620015268,0,0,0.7342811204197343,0.2019127341012844,NTF4;SLC2A4,Basal,Suppressed
GO_Biological_Process_2023,Negative Regulation Of Cyclin-Dependent Protein Kinase Activity (GO:1904030),2/20,0.7595871993646347,0.99999620015268,0,0,0.7342811204197343,0.2019127341012844,CEBPA;MYOCD,Basal,Suppressed
GO_Biological_Process_2023,Negative Regulation Of Cytokine Production Involved In Inflammatory Response (GO:1900016),2/20,0.7595871993646347,0.99999620015268,0,0,0.7342811204197343,0.2019127341012844,ABCD2;APOD,Basal,Suppressed
GO_Biological_Process_2023,Negative Regulation Of miRNA Transcription (GO:1902894),2/20,0.7595871993646347,0.99999620015268,0,0,0.7342811204197343,0.2019127341012844,PPARG;ESR1,Basal,Suppressed
GO_Biological_Process_2023,Negative Regulation Of Microtubule Depolymerization (GO:0007026),2/20,0.7595871993646347,0.99999620015268,0,0,0.7342811204197343,0.2019127341012844,NAV3;BMERB1,Basal,Suppressed
GO_Biological_Process_2023,Negative Regulation Of Reproductive Process (GO:2000242),2/20,0.7595871993646347,0.99999620015268,0,0,0.7342811204197343,0.2019127341012844,DUSP1;IGF1,Basal,Suppressed
GO_Biological_Process_2023,Pulmonary Valve Development (GO:0003177),2/20,0.7595871993646347,0.99999620015268,0,0,0.7342811204197343,0.2019127341012844,BMP4;SLIT2,Basal,Suppressed
GO_Biological_Process_2023,Regulation Of Fibroblast Migration (GO:0010762),2/20,0.7595871993646347,0.99999620015268,0,0,0.7342811204197343,0.2019127341012844,FGF2;DDR2,Basal,Suppressed
GO_Biological_Process_2023,Response To ATP (GO:0033198),2/20,0.7595871993646347,0.99999620015268,0,0,0.7342811204197343,0.2019127341012844,P2RY12;KCNJ11,Basal,Suppressed
GO_Biological_Process_2023,Peptide Metabolic Process (GO:0006518),6/56,0.7620576817921575,0.99999620015268,0,0,0.7927688787185355,0.2154214881327655,MME;LVRN;CPE;DMD;PCSK5;TRHDE,Basal,Suppressed
GO_Biological_Process_2023,Regulation Of Mitotic Nuclear Division (GO:0007088),6/56,0.7620576817921575,0.99999620015268,0,0,0.7927688787185355,0.2154214881327655,BMP4;EDN3;DUSP1;CAV2;EGF;IGF1,Basal,Suppressed
GO_Biological_Process_2023,Axonal Transport (GO:0098930),4/39,0.7721062466631752,0.99999620015268,0,0,0.755095818815331,0.195292782396197,DST;MAPT;MGARP;SYBU,Basal,Suppressed
GO_Biological_Process_2023,Negative Regulation Of Cell-Substrate Adhesion (GO:0010812),4/39,0.7721062466631752,0.99999620015268,0,0,0.755095818815331,0.195292782396197,MYOC;FZD4;HOXA7;CORO2B,Basal,Suppressed
GO_Biological_Process_2023,Release Of Sequestered Calcium Ion Into Cytosol (GO:0051209),4/39,0.7721062466631752,0.99999620015268,0,0,0.755095818815331,0.195292782396197,CCL21;ITPR1;PLCH2;FGF2,Basal,Suppressed
GO_Biological_Process_2023,Myelination (GO:0042552),5/48,0.7737033084383809,0.99999620015268,0,0,0.7682043461685093,0.1970957318490983,ABCD2;MYOC;LGI4;TPPP;BCAS1,Basal,Suppressed
GO_Biological_Process_2023,Intrinsic Apoptotic Signaling Pathway In Response To Endoplasmic Reticulum Stress (GO:0070059),3/30,0.7738823471128614,0.99999620015268,0,0,0.7341798941798942,0.1881963139240793,ITPR1;BCL2;RNF186,Basal,Suppressed
GO_Biological_Process_2023,Negative Regulation Of Myeloid Leukocyte Differentiation (GO:0002762),3/30,0.7738823471128614,0.99999620015268,0,0,0.7341798941798942,0.1881963139240793,TMEM178A;CARTPT;HOXA7,Basal,Suppressed
GO_Biological_Process_2023,Positive Regulation Of Locomotion (GO:0040017),3/30,0.7738823471128614,0.99999620015268,0,0,0.7341798941798942,0.1881963139240793,P2RY12;CAVIN1;CCL21,Basal,Suppressed
GO_Biological_Process_2023,Positive Regulation Of Phosphate Metabolic Process (GO:0045937),3/30,0.7738823471128614,0.99999620015268,0,0,0.7341798941798942,0.1881963139240793,EGF;PTH1R;SNCA,Basal,Suppressed
GO_Biological_Process_2023,Lipid Transport (GO:0006869),12/108,0.774644466985891,0.99999620015268,0,0,0.8254969418960245,0.2107915580737107,SLCO1C1;SLC10A6;FABP4;ACSL1;ABCA6;AKR1C1;ABCA9;ABCA8;CD36;ABCA12;ABCB11;ABCC11,Basal,Suppressed
GO_Biological_Process_2023,Response To Tumor Necrosis Factor (GO:0034612),12/108,0.774644466985891,0.99999620015268,0,0,0.8254969418960245,0.2107915580737107,CCL14;CRHBP;ZFP36;CCL23;PID1;CCL21;GPER1;ADIPOQ;GATA3;AFF3;TDGF1;CCL16,Basal,Suppressed
GO_Biological_Process_2023,Response To Cytokine (GO:0034097),14/125,0.777556701009772,0.99999620015268,0,0,0.832847384492373,0.209543327768419,CSF3;PID1;CITED1;MME;ADIPOQ;LIFR;AFF3;SELP;ALDH1A2;BCL2;TIMP3;IL6ST;TIMP4;SNCA,Basal,Suppressed
GO_Biological_Process_2023,Regulation Of Epithelial To Mesenchymal Transition (GO:0010717),9/83,0.7787243900513842,0.99999620015268,0,0,0.8032878239063806,0.200900754809413,FOXA1;CRB2;IL6;TNXB;SPRY2;SPRY1;GATA3;FERMT2;TGFBR2,Basal,Suppressed
GO_Biological_Process_2023,Protein Localization To Cell Periphery (GO:1990778),16/142,0.7811126151472794,0.99999620015268,0,0,0.8384258246432825,0.2071213167473615,TRARG1;RAB3C;FYB2;RAMP2;CAV3;CAV1;TESC;ADIPOQ;ANK2;LIN7A;PDZK1;EHD2;DPP6;TMEM88;SCN3B;SPTBN1,Basal,Suppressed
GO_Biological_Process_2023,Cellular Response To BMP Stimulus (GO:0071773),7/66,0.7811314824650312,0.99999620015268,0,0,0.78370268819638,0.1935838053159037,TMEM100;TGFBR3;GDF10;BMP4;BMP3;PPARG;VSTM2A,Basal,Suppressed
GO_Biological_Process_2023,Chemical Synaptic Transmission (GO:0007268),32/273,0.7824642774429972,0.99999620015268,0,0,0.8762155630430474,0.2149418193948239,GRIA1;CHRNA2;GRIK5;GRIK3;GRIK1;LIN7A;HTR4;CRHBP;GLRA3;GRM7;PENK;SNCG;SLC17A7;ASIC2;DLGAP2;SLC18A2;GRIA4;SNCA;GABRA2;NLGN4Y;UNC13C;PTPRN2;KCNIP2;GABRA4;GABRG1;SHISA6;SLC5A7;DLG2;RIMBP2;CRH;SCN2B;CBLN1,Basal,Suppressed
GO_Biological_Process_2023,Negative Regulation Of Interleukin-2 Production (GO:0032703),2/21,0.7833510226821478,0.99999620015268,0,0,0.695594660680643,0.169846394042802,ZFP36;NAV3,Basal,Suppressed
GO_Biological_Process_2023,Negative Regulation Of miRNA Metabolic Process (GO:2000629),2/21,0.7833510226821478,0.99999620015268,0,0,0.695594660680643,0.169846394042802,PPARG;ESR1,Basal,Suppressed
GO_Biological_Process_2023,Negative Regulation Of Osteoclast Differentiation (GO:0045671),2/21,0.7833510226821478,0.99999620015268,0,0,0.695594660680643,0.169846394042802,TMEM178A;CARTPT,Basal,Suppressed
GO_Biological_Process_2023,Outer Dynein Arm Assembly (GO:0036158),2/21,0.7833510226821478,0.99999620015268,0,0,0.695594660680643,0.169846394042802,DNAAF1;DNAH5,Basal,Suppressed
GO_Biological_Process_2023,Positive Regulation Of Blood Coagulation (GO:0030194),2/21,0.7833510226821478,0.99999620015268,0,0,0.695594660680643,0.169846394042802,THBD;PLAT,Basal,Suppressed
GO_Biological_Process_2023,Positive Regulation Of Dendritic Spine Development (GO:0060999),2/21,0.7833510226821478,0.99999620015268,0,0,0.695594660680643,0.169846394042802,CUX2;RELN,Basal,Suppressed
GO_Biological_Process_2023,Positive Regulation Of Granulocyte Chemotaxis (GO:0071624),2/21,0.7833510226821478,0.99999620015268,0,0,0.695594660680643,0.169846394042802,CCL21;THBS4,Basal,Suppressed
GO_Biological_Process_2023,Positive Regulation Of Smoothened Signaling Pathway (GO:0045880),2/21,0.7833510226821478,0.99999620015268,0,0,0.695594660680643,0.169846394042802,DHH;DCDC2,Basal,Suppressed
GO_Biological_Process_2023,Positive Regulation Of Transcription Regulatory Region DNA Binding (GO:2000679),2/21,0.7833510226821478,0.99999620015268,0,0,0.695594660680643,0.169846394042802,GATA3;IGF1,Basal,Suppressed
GO_Biological_Process_2023,Regulation Of Lipopolysaccharide-Mediated Signaling Pathway (GO:0031664),2/21,0.7833510226821478,0.99999620015268,0,0,0.695594660680643,0.169846394042802,CD36;LACRT,Basal,Suppressed
GO_Biological_Process_2023,Response To Cadmium Ion (GO:0046686),2/21,0.7833510226821478,0.99999620015268,0,0,0.695594660680643,0.169846394042802,MT1A;FOS,Basal,Suppressed
GO_Biological_Process_2023,Positive Regulation Of Protein Catabolic Process (GO:0045732),10/92,0.7844229241542856,0.99999620015268,0,0,0.8053997652275988,0.1955566685836822,PRKN;TIPARP;ECSCR;GPC3;ASB5;VIP;ADRA2A;GPLD1;FOXO1;SH3D19,Basal,Suppressed
GO_Biological_Process_2023,Sensory Perception Of Sound (GO:0007605),10/92,0.7844229241542856,0.99999620015268,0,0,0.8053997652275988,0.1955566685836822,CLIC5;KCNE1;GRXCR2;GRM7;KIT;CDH23;DCDC2;OTOR;TMC2;SLC26A5,Basal,Suppressed
GO_Biological_Process_2023,Regulation Of Cell Migration (GO:0030334),52/434,0.7846028327710444,0.99999620015268,0,0,0.897816331176222,0.2177901620548018,SEMA5A;PTPRT;ROBO4;LDB2;FGF1;FGF2;MYLK;CDH5;DACH1;TNN;GPER1;ENPP2;MYOC;SEMA6D;ADIPOQ;ADRA2A;RHOB;CLDN5;F7;TMEFF2;NAV3;KIT;MMRN2;PECAM1;CLDN19;CDH13;TNXB;SEMA3C;CHRD;SEMA3G;TWIST2;RELN;ERBB4;PDGFD;DRD1;SLIT2;PLXNA4;NGFR;XBP1;F10;FZD4;EGF;CAV1;IGF1;PODN;ALOX15B;IGSF10;CXCL12;SPRY2;RECK;TDGF1;FERMT2,Basal,Suppressed
GO_Biological_Process_2023,Positive Regulation Of Neurogenesis (GO:0050769),8/75,0.7857550345738351,0.99999620015268,0,0,0.7886521590520679,0.1901520766265734,CX3CR1;NTRK2;CUX2;MME;DCT;GPER1;SLIT2;PLXNA4,Basal,Suppressed
GO_Biological_Process_2023,Regulation Of Stress Fiber Assembly (GO:0051492),8/75,0.7857550345738351,0.99999620015268,0,0,0.7886521590520679,0.1901520766265734,TMEFF2;ARHGEF15;MYOC;SYNPO2L;PIK3R1;ARHGAP6;RAPGEF3;FERMT2,Basal,Suppressed
GO_Biological_Process_2023,AMP Metabolic Process (GO:0046033),1/11,0.7877540942899549,0.99999620015268,0,0,0.6609059763989341,0.1576718767566606,AMPD1,Basal,Suppressed
GO_Biological_Process_2023,Golgi To Lysosome Transport (GO:0090160),1/11,0.7877540942899549,0.99999620015268,0,0,0.6609059763989341,0.1576718767566606,ASB15,Basal,Suppressed
GO_Biological_Process_2023,Actin Crosslink Formation (GO:0051764),1/11,0.7877540942899549,0.99999620015268,0,0,0.6609059763989341,0.1576718767566606,GAS2L2,Basal,Suppressed
GO_Biological_Process_2023,Aspartate Family Amino Acid Catabolic Process (GO:0009068),1/11,0.7877540942899549,0.99999620015268,0,0,0.6609059763989341,0.1576718767566606,ASPA,Basal,Suppressed
GO_Biological_Process_2023,Calcineurin-Mediated Signaling (GO:0097720),1/11,0.7877540942899549,0.99999620015268,0,0,0.6609059763989341,0.1576718767566606,LACRT,Basal,Suppressed
GO_Biological_Process_2023,Cell Differentiation In Hindbrain (GO:0021533),1/11,0.7877540942899549,0.99999620015268,0,0,0.6609059763989341,0.1576718767566606,CBLN1,Basal,Suppressed
GO_Biological_Process_2023,Cell Part Morphogenesis (GO:0032990),1/11,0.7877540942899549,0.99999620015268,0,0,0.6609059763989341,0.1576718767566606,PID1,Basal,Suppressed
GO_Biological_Process_2023,Cellular Response To Nitrogen Levels (GO:0043562),1/11,0.7877540942899549,0.99999620015268,0,0,0.6609059763989341,0.1576718767566606,MAP1LC3C,Basal,Suppressed
GO_Biological_Process_2023,Cellular Response To Nitrogen Starvation (GO:0006995),1/11,0.7877540942899549,0.99999620015268,0,0,0.6609059763989341,0.1576718767566606,MAP1LC3C,Basal,Suppressed
GO_Biological_Process_2023,Endoplasmic Reticulum Membrane Organization (GO:0090158),1/11,0.7877540942899549,0.99999620015268,0,0,0.6609059763989341,0.1576718767566606,TRDN,Basal,Suppressed
GO_Biological_Process_2023,Erythrocyte Development (GO:0048821),1/11,0.7877540942899549,0.99999620015268,0,0,0.6609059763989341,0.1576718767566606,ALAS2,Basal,Suppressed
GO_Biological_Process_2023,Fatty Acid Beta-Oxidation Using acyl-CoA Oxidase (GO:0033540),1/11,0.7877540942899549,0.99999620015268,0,0,0.6609059763989341,0.1576718767566606,ACOX2,Basal,Suppressed
GO_Biological_Process_2023,Heterocycle Biosynthetic Process (GO:0018130),1/11,0.7877540942899549,0.99999620015268,0,0,0.6609059763989341,0.1576718767566606,HDC,Basal,Suppressed
GO_Biological_Process_2023,Leukotriene D4 Metabolic Process (GO:1901748),1/11,0.7877540942899549,0.99999620015268,0,0,0.6609059763989341,0.1576718767566606,GGTA1,Basal,Suppressed
GO_Biological_Process_2023,Melanocyte Differentiation (GO:0030318),1/11,0.7877540942899549,0.99999620015268,0,0,0.6609059763989341,0.1576718767566606,KIT,Basal,Suppressed
GO_Biological_Process_2023,Mitochondrion Distribution (GO:0048311),1/11,0.7877540942899549,0.99999620015268,0,0,0.6609059763989341,0.1576718767566606,MAPT,Basal,Suppressed
GO_Biological_Process_2023,Negative Regulation Of calcineurin-NFAT Signaling Cascade (GO:0070885),1/11,0.7877540942899549,0.99999620015268,0,0,0.6609059763989341,0.1576718767566606,MYOZ2,Basal,Suppressed
GO_Biological_Process_2023,Negative Regulation Of Calcineurin-Mediated Signaling (GO:0106057),1/11,0.7877540942899549,0.99999620015268,0,0,0.6609059763989341,0.1576718767566606,MYOZ2,Basal,Suppressed
GO_Biological_Process_2023,Negative Regulation Of Cell Division (GO:0051782),1/11,0.7877540942899549,0.99999620015268,0,0,0.6609059763989341,0.1576718767566606,TXNIP,Basal,Suppressed
GO_Biological_Process_2023,Negative Regulation Of Nitrogen Compound Metabolic Process (GO:0051172),1/11,0.7877540942899549,0.99999620015268,0,0,0.6609059763989341,0.1576718767566606,EDNRB,Basal,Suppressed
GO_Biological_Process_2023,Neutrophil Activation Involved In Immune Response (GO:0002283),1/11,0.7877540942899549,0.99999620015268,0,0,0.6609059763989341,0.1576718767566606,DNASE1L3,Basal,Suppressed
GO_Biological_Process_2023,Nucleoside Phosphate Biosynthetic Process (GO:1901293),1/11,0.7877540942899549,0.99999620015268,0,0,0.6609059763989341,0.1576718767566606,AK5,Basal,Suppressed
GO_Biological_Process_2023,Phosphatidylinositol-3-Phosphate Biosynthetic Process (GO:0036092),1/11,0.7877540942899549,0.99999620015268,0,0,0.6609059763989341,0.1576718767566606,PIK3C2G,Basal,Suppressed
GO_Biological_Process_2023,Phospholipid Efflux (GO:0033700),1/11,0.7877540942899549,0.99999620015268,0,0,0.6609059763989341,0.1576718767566606,ABCA12,Basal,Suppressed
GO_Biological_Process_2023,Podocyte Differentiation (GO:0072112),1/11,0.7877540942899549,0.99999620015268,0,0,0.6609059763989341,0.1576718767566606,KLF15,Basal,Suppressed
GO_Biological_Process_2023,Positive Regulation Of Circadian Rhythm (GO:0042753),1/11,0.7877540942899549,0.99999620015268,0,0,0.6609059763989341,0.1576718767566606,CRH,Basal,Suppressed
GO_Biological_Process_2023,Positive Regulation Of Cytoplasmic Transport (GO:1903651),1/11,0.7877540942899549,0.99999620015268,0,0,0.6609059763989341,0.1576718767566606,PRKN,Basal,Suppressed
GO_Biological_Process_2023,Positive Regulation Of Keratinocyte Proliferation (GO:0010838),1/11,0.7877540942899549,0.99999620015268,0,0,0.6609059763989341,0.1576718767566606,FGF10,Basal,Suppressed
GO_Biological_Process_2023,Positive Regulation Of Muscle Contraction (GO:0045933),1/11,0.7877540942899549,0.99999620015268,0,0,0.6609059763989341,0.1576718767566606,MYOCD,Basal,Suppressed
GO_Biological_Process_2023,Positive Regulation Of Protein Polyubiquitination (GO:1902916),1/11,0.7877540942899549,0.99999620015268,0,0,0.6609059763989341,0.1576718767566606,PRKN,Basal,Suppressed
GO_Biological_Process_2023,Positive Regulation Of Pseudopodium Assembly (GO:0031274),1/11,0.7877540942899549,0.99999620015268,0,0,0.6609059763989341,0.1576718767566606,CCL21,Basal,Suppressed
GO_Biological_Process_2023,Positive Regulation Of Vascular Permeability (GO:0043117),1/11,0.7877540942899549,0.99999620015268,0,0,0.6609059763989341,0.1576718767566606,PDE2A,Basal,Suppressed
GO_Biological_Process_2023,Presynapse Organization (GO:0099172),1/11,0.7877540942899549,0.99999620015268,0,0,0.6609059763989341,0.1576718767566606,NLGN4Y,Basal,Suppressed
GO_Biological_Process_2023,Purine Ribonucleoside Monophosphate Biosynthetic Process (GO:0009168),1/11,0.7877540942899549,0.99999620015268,0,0,0.6609059763989341,0.1576718767566606,AMPD1,Basal,Suppressed
GO_Biological_Process_2023,Purine Ribonucleoside Monophosphate Metabolic Process (GO:0009167),1/11,0.7877540942899549,0.99999620015268,0,0,0.6609059763989341,0.1576718767566606,AMPD1,Basal,Suppressed
GO_Biological_Process_2023,Regulation Of T Cell Apoptotic Process (GO:0070232),1/11,0.7877540942899549,0.99999620015268,0,0,0.6609059763989341,0.1576718767566606,PIP,Basal,Suppressed
GO_Biological_Process_2023,Regulation Of Alcohol Biosynthetic Process (GO:1902930),1/11,0.7877540942899549,0.99999620015268,0,0,0.6609059763989341,0.1576718767566606,SEC14L2,Basal,Suppressed
GO_Biological_Process_2023,Regulation Of Astrocyte Differentiation (GO:0048710),1/11,0.7877540942899549,0.99999620015268,0,0,0.6609059763989341,0.1576718767566606,IL6,Basal,Suppressed
GO_Biological_Process_2023,Regulation Of Cell Activation (GO:0050865),1/11,0.7877540942899549,0.99999620015268,0,0,0.6609059763989341,0.1576718767566606,IL6,Basal,Suppressed
GO_Biological_Process_2023,Regulation Of Cilium Movement (GO:0003352),1/11,0.7877540942899549,0.99999620015268,0,0,0.6609059763989341,0.1576718767566606,DNAAF1,Basal,Suppressed
GO_Biological_Process_2023,Regulation Of Endocytic Recycling (GO:2001135),1/11,0.7877540942899549,0.99999620015268,0,0,0.6609059763989341,0.1576718767566606,EHD2,Basal,Suppressed
GO_Biological_Process_2023,Regulation Of Glycogen Metabolic Process (GO:0070873),1/11,0.7877540942899549,0.99999620015268,0,0,0.6609059763989341,0.1576718767566606,PPP1R3C,Basal,Suppressed
GO_Biological_Process_2023,Regulation Of Keratinocyte Migration (GO:0051547),1/11,0.7877540942899549,0.99999620015268,0,0,0.6609059763989341,0.1576718767566606,FGF10,Basal,Suppressed
GO_Biological_Process_2023,Regulation Of Lipid Kinase Activity (GO:0043550),1/11,0.7877540942899549,0.99999620015268,0,0,0.6609059763989341,0.1576718767566606,PIK3R1,Basal,Suppressed
GO_Biological_Process_2023,Regulation Of Mesenchymal Cell Proliferation (GO:0010464),1/11,0.7877540942899549,0.99999620015268,0,0,0.6609059763989341,0.1576718767566606,TGFBR2,Basal,Suppressed
GO_Biological_Process_2023,Regulation Of Monocyte Chemotactic Protein-1 Production (GO:0071637),1/11,0.7877540942899549,0.99999620015268,0,0,0.6609059763989341,0.1576718767566606,APOD,Basal,Suppressed
GO_Biological_Process_2023,Regulation Of Pseudopodium Assembly (GO:0031272),1/11,0.7877540942899549,0.99999620015268,0,0,0.6609059763989341,0.1576718767566606,CCL21,Basal,Suppressed
GO_Biological_Process_2023,Regulation Of Response To Oxidative Stress (GO:1902882),1/11,0.7877540942899549,0.99999620015268,0,0,0.6609059763989341,0.1576718767566606,PRKN,Basal,Suppressed
GO_Biological_Process_2023,Regulation Of Type II Interferon-Mediated Signaling Pathway (GO:0060334),1/11,0.7877540942899549,0.99999620015268,0,0,0.6609059763989341,0.1576718767566606,PPARG,Basal,Suppressed
GO_Biological_Process_2023,Regulation Of Ventricular Cardiac Muscle Cell Action Potential (GO:0098911),1/11,0.7877540942899549,0.99999620015268,0,0,0.6609059763989341,0.1576718767566606,CAV1,Basal,Suppressed
GO_Biological_Process_2023,Skeletal Muscle Fiber Development (GO:0048741),1/11,0.7877540942899549,0.99999620015268,0,0,0.6609059763989341,0.1576718767566606,CAV2,Basal,Suppressed
GO_Biological_Process_2023,Visual Learning (GO:0008542),1/11,0.7877540942899549,0.99999620015268,0,0,0.6609059763989341,0.1576718767566606,DRD1,Basal,Suppressed
GO_Biological_Process_2023,Positive Regulation Of Nervous System Development (GO:0051962),5/49,0.789205042290692,0.99999620015268,0,0,0.7507018334315323,0.1777129812108794,CX3CR1;CUX2;CLSTN2;MME;GPER1,Basal,Suppressed
GO_Biological_Process_2023,Cyclic-Nucleotide-Mediated Signaling (GO:0019935),4/40,0.789205957756564,0.99999620015268,0,0,0.7340785907859079,0.1737769241591573,PDE2A;CD36;RAPGEF3;AQP1,Basal,Suppressed
GO_Biological_Process_2023,Negative Regulation Of Secretion By Cell (GO:1903531),4/40,0.789205957756564,0.99999620015268,0,0,0.7340785907859079,0.1737769241591573,CHGA;GRM7;TRH;SNCA,Basal,Suppressed
GO_Biological_Process_2023,Positive Regulation Of Wound Healing (GO:0090303),4/40,0.789205957756564,0.99999620015268,0,0,0.7340785907859079,0.1737769241591573,XBP1;ADRA2A;FERMT2;MYLK,Basal,Suppressed
GO_Biological_Process_2023,Regulation Of Glycolytic Process (GO:0006110),4/40,0.789205957756564,0.99999620015268,0,0,0.7340785907859079,0.1737769241591573,MLXIPL;IGF1;SLC4A4;FBP1,Basal,Suppressed
GO_Biological_Process_2023,Synaptic Vesicle Endocytosis (GO:0048488),4/40,0.789205957756564,0.99999620015268,0,0,0.7340785907859079,0.1737769241591573,NLGN4Y;ITSN1;SNCG;SNCA,Basal,Suppressed
GO_Biological_Process_2023,Hemopoiesis (GO:0030097),11/101,0.7900480109277164,0.99999620015268,0,0,0.8071243578312741,0.1902081869282367,BMP4;TGFBR3;MFAP5;CEBPA;TAL1;NOTCH4;ZBTB16;KIT;TEK;CD34;TGFBR2,Basal,Suppressed
GO_Biological_Process_2023,Visual Perception (GO:0007601),11/101,0.7900480109277164,0.99999620015268,0,0,0.8071243578312741,0.1902081869282367,RD3;TRPM1;S100G;EFEMP1;ADGRV1;AOC2;CRYBG3;ARRB1;REEP6;EYS;NXNL2,Basal,Suppressed
GO_Biological_Process_2023,Inorganic Anion Transport (GO:0015698),6/58,0.7911793206194238,0.99999620015268,0,0,0.7621897553247667,0.1785281909480099,CLIC5;FXYD1;SLC4A1;SLC17A7;NMUR1;SLC26A5,Basal,Suppressed
GO_Biological_Process_2023,Regulation Of Bone Mineralization (GO:0030500),6/58,0.7911793206194238,0.99999620015268,0,0,0.7621897553247667,0.1785281909480099,BMP4;KL;ADGRV1;S1PR1;PTN;DDR2,Basal,Suppressed
GO_Biological_Process_2023,Regulation Of Neuron Death (GO:1901214),6/58,0.7911793206194238,0.99999620015268,0,0,0.7621897553247667,0.1785281909480099,PRKN;CHGA;EGR1;SNCG;MAPT;SNCA,Basal,Suppressed
GO_Biological_Process_2023,Response To Organic Cyclic Compound (GO:0014070),6/58,0.7911793206194238,0.99999620015268,0,0,0.7621897553247667,0.1785281909480099,FOXA1;SOCS2;TIPARP;CYP1A1;CSN1S1;ESR1,Basal,Suppressed
GO_Biological_Process_2023,Cardiac Muscle Tissue Morphogenesis (GO:0055008),3/31,0.7929976424377824,0.99999620015268,0,0,0.7079183673469388,0.1641910679932351,TGFBR3;MYL3;S1PR1,Basal,Suppressed
GO_Biological_Process_2023,Central Nervous System Neuron Differentiation (GO:0021953),3/31,0.7929976424377824,0.99999620015268,0,0,0.7079183673469388,0.1641910679932351,NTRK2;MAPT;CBLN1,Basal,Suppressed
GO_Biological_Process_2023,Modulation Of Excitatory Postsynaptic Potential (GO:0098815),3/31,0.7929976424377824,0.99999620015268,0,0,0.7079183673469388,0.1641910679932351,CUX2;RELN;CBLN1,Basal,Suppressed
GO_Biological_Process_2023,Positive Regulation Of Rho Protein Signal Transduction (GO:0035025),3/31,0.7929976424377824,0.99999620015268,0,0,0.7079183673469388,0.1641910679932351,GPR17;SYNPO2L;ARRB1,Basal,Suppressed
GO_Biological_Process_2023,Positive Regulation Of Proteolysis Involved In Protein Catabolic Process (GO:1903052),3/31,0.7929976424377824,0.99999620015268,0,0,0.7079183673469388,0.1641910679932351,PRKN;CAV3;ECSCR,Basal,Suppressed
GO_Biological_Process_2023,Presynaptic Endocytosis (GO:0140238),3/31,0.7929976424377824,0.99999620015268,0,0,0.7079183673469388,0.1641910679932351,NLGN4Y;SNCG;SNCA,Basal,Suppressed
GO_Biological_Process_2023,Regulation Of Extrinsic Apoptotic Signaling Pathway Via Death Domain Receptors (GO:1902041),3/31,0.7929976424377824,0.99999620015268,0,0,0.7079183673469388,0.1641910679932351,FGB;FGA;FGG,Basal,Suppressed
GO_Biological_Process_2023,Regulation Of Gluconeogenesis (GO:0006111),3/31,0.7929976424377824,0.99999620015268,0,0,0.7079183673469388,0.1641910679932351,FBP1;FOXO1;GNMT,Basal,Suppressed
GO_Biological_Process_2023,Regulation Of Protein Localization To Cell Surface (GO:2000008),3/31,0.7929976424377824,0.99999620015268,0,0,0.7079183673469388,0.1641910679932351,CAV3;EGF;GPD1L,Basal,Suppressed
GO_Biological_Process_2023,Regulation Of Transmembrane Receptor Protein Serine/Threonine Kinase Signaling Pathway (GO:0090092),3/31,0.7929976424377824,0.99999620015268,0,0,0.7079183673469388,0.1641910679932351,TFAP2B;LTBP4;DKK3,Basal,Suppressed
GO_Biological_Process_2023,Negative Regulation Of Cellular Catabolic Process (GO:0031330),7/67,0.7942538974515782,0.99999620015268,0,0,0.7705964644537708,0.1775085128842787,LEP;LEPR;BCL2;TIMP3;TIMP4;GPLD1;PLIN5,Basal,Suppressed
GO_Biological_Process_2023,Protein Secretion (GO:0009306),7/67,0.7942538974515782,0.99999620015268,0,0,0.7705964644537708,0.1775085128842787,RAB3C;SLC30A8;FGG;LTBP2;VIP;PCSK5;WLS,Basal,Suppressed
GO_Biological_Process_2023,Positive Regulation Of Cellular Component Biogenesis (GO:0044089),10/93,0.7955730454110783,0.99999620015268,0,0,0.7956501329995306,0.1819593072732002,CHGA;CDH5;SYNPO2L;TAL1;SYNPO2;CLDN19;HAS3;TPPP;SYNPO;TRABD2B,Basal,Suppressed
GO_Biological_Process_2023,Positive Regulation Of Cell Death (GO:0010942),5/50,0.8038655004848451,0.99999620015268,0,0,0.7339772101495319,0.1602443352699974,BMP4;HBB;HBA1;MAPT;SNCA,Basal,Suppressed
GO_Biological_Process_2023,Regulation Of Epithelial Cell Migration (GO:0010632),5/50,0.8038655004848451,0.99999620015268,0,0,0.7339772101495319,0.1602443352699974,BMPER;RHOJ;ENPP2;PTN;FGF10,Basal,Suppressed
GO_Biological_Process_2023,Regulation Of Mitochondrion Organization (GO:0010821),5/50,0.8038655004848451,0.99999620015268,0,0,0.7339772101495319,0.1602443352699974,PRKN;PID1;PDE2A;MAPT;MGARP,Basal,Suppressed
GO_Biological_Process_2023,Steroid Biosynthetic Process (GO:0006694),5/50,0.8038655004848451,0.99999620015268,0,0,0.7339772101495319,0.1602443352699974,ACOX2;FAXDC2;AKR1D1;HSD3B1;SLC27A2,Basal,Suppressed
GO_Biological_Process_2023,Positive Regulation Of Protein Binding (GO:0032092),6/59,0.8046786713578752,0.99999620015268,0,0,0.7477656405163853,0.1624986317693611,PRKN;BMP4;CLDN5;CSF3;LRP1;CAV1,Basal,Suppressed
GO_Biological_Process_2023,Positive Regulation Of Proteolysis (GO:0045862),6/59,0.8046786713578752,0.99999620015268,0,0,0.7477656405163853,0.1624986317693611,CCBE1;ANGPTL8;CAPN3;ADRA2A;GPLD1;SH3D19,Basal,Suppressed
GO_Biological_Process_2023,Fc-epsilon Receptor Signaling Pathway (GO:0038095),2/22,0.8050233893437369,0.99999620015268,0,0,0.6607768469154608,0.1433118905793453,MAPK10;NR4A3,Basal,Suppressed
GO_Biological_Process_2023,NAD Metabolic Process (GO:0019674),2/22,0.8050233893437369,0.99999620015268,0,0,0.6607768469154608,0.1433118905793453,NMRK2;GPD1L,Basal,Suppressed
GO_Biological_Process_2023,Cellular Response To Cadmium Ion (GO:0071276),2/22,0.8050233893437369,0.99999620015268,0,0,0.6607768469154608,0.1433118905793453,MT1A;FOS,Basal,Suppressed
GO_Biological_Process_2023,Cellular Response To Topologically Incorrect Protein (GO:0035967),2/22,0.8050233893437369,0.99999620015268,0,0,0.6607768469154608,0.1433118905793453,PRKN;HSPB8,Basal,Suppressed
GO_Biological_Process_2023,Dendritic Cell Differentiation (GO:0097028),2/22,0.8050233893437369,0.99999620015268,0,0,0.6607768469154608,0.1433118905793453,DHRS2;TGFBR2,Basal,Suppressed
GO_Biological_Process_2023,Glucose Transmembrane Transport (GO:1904659),2/22,0.8050233893437369,0.99999620015268,0,0,0.6607768469154608,0.1433118905793453,HNF1A;SLC2A4,Basal,Suppressed
GO_Biological_Process_2023,Homologous Chromosome Segregation (GO:0045143),2/22,0.8050233893437369,0.99999620015268,0,0,0.6607768469154608,0.1433118905793453,TERB2;IHO1,Basal,Suppressed
GO_Biological_Process_2023,Inositol Phosphate Metabolic Process (GO:0043647),2/22,0.8050233893437369,0.99999620015268,0,0,0.6607768469154608,0.1433118905793453,INPP4B;INPP5J,Basal,Suppressed
GO_Biological_Process_2023,Negative Regulation Of Axonogenesis (GO:0050771),2/22,0.8050233893437369,0.99999620015268,0,0,0.6607768469154608,0.1433118905793453,MAG;SEMA3G,Basal,Suppressed
GO_Biological_Process_2023,Negative Regulation Of Extrinsic Apoptotic Signaling Pathway In Absence Of Ligand (GO:2001240),2/22,0.8050233893437369,0.99999620015268,0,0,0.6607768469154608,0.1433118905793453,BCL2;PF4,Basal,Suppressed
GO_Biological_Process_2023,Negative Regulation Of Signal Transduction In Absence Of Ligand (GO:1901099),2/22,0.8050233893437369,0.99999620015268,0,0,0.6607768469154608,0.1433118905793453,BCL2;PF4,Basal,Suppressed
GO_Biological_Process_2023,Organelle Fission (GO:0048285),2/22,0.8050233893437369,0.99999620015268,0,0,0.6607768469154608,0.1433118905793453,PRKN;PEX11A,Basal,Suppressed
GO_Biological_Process_2023,Oxoacid Metabolic Process (GO:0043436),2/22,0.8050233893437369,0.99999620015268,0,0,0.6607768469154608,0.1433118905793453,SULT1C3;MTARC1,Basal,Suppressed
GO_Biological_Process_2023,Positive Regulation Of Excitatory Postsynaptic Potential (GO:2000463),2/22,0.8050233893437369,0.99999620015268,0,0,0.6607768469154608,0.1433118905793453,CUX2;RELN,Basal,Suppressed
GO_Biological_Process_2023,Positive Regulation Of Protein Autophosphorylation (GO:0031954),2/22,0.8050233893437369,0.99999620015268,0,0,0.6607768469154608,0.1433118905793453,PDGFD;NEK10,Basal,Suppressed
GO_Biological_Process_2023,"Positive Regulation Of Synaptic Transmission, Glutamatergic (GO:0051968)",2/22,0.8050233893437369,0.99999620015268,0,0,0.6607768469154608,0.1433118905793453,RELN;DRD1,Basal,Suppressed
GO_Biological_Process_2023,Visual System Development (GO:0150063),4/41,0.8052618827275673,0.99999620015268,0,0,0.7141974291364536,0.1546864030268583,ADAMTS18;MAB21L1;MEIS3P2;CHRDL1,Basal,Suppressed
GO_Biological_Process_2023,Regulation Of Transforming Growth Factor Beta Receptor Signaling Pathway (GO:0017015),12/111,0.8054824779278636,0.99999620015268,0,0,0.8003428783245297,0.1731252330352736,TNXB;CITED1;CILP;CAV1;PRDM16;WFIKKN2;LTBP4;CIDEA;SPRY2;PPARG;SPRY1;DKK3,Basal,Suppressed
GO_Biological_Process_2023,Negative Regulation Of Transforming Growth Factor Beta Receptor Signaling Pathway (GO:0030512),8/77,0.8096357364576139,0.99999620015268,0,0,0.7657041708153557,0.1616943933573456,CILP;CAV1;WFIKKN2;PRDM16;CIDEA;SPRY2;PPARG;SPRY1,Basal,Suppressed
GO_Biological_Process_2023,Sphingolipid Biosynthetic Process (GO:0030148),8/77,0.8096357364576139,0.99999620015268,0,0,0.7657041708153557,0.1616943933573456,ACER2;ALDH3B2;ELOVL5;ABCA8;DEGS2;PLPP3;CYP4F22;PLPP1,Basal,Suppressed
GO_Biological_Process_2023,Left/Right Pattern Formation (GO:0060972),3/32,0.8107451581889716,0.99999620015268,0,0,0.6834679802955665,0.1433926114508068,DNAH5;DNAAF1;PKD1L1,Basal,Suppressed
GO_Biological_Process_2023,Negative Regulation Of G1/S Transition Of Mitotic Cell Cycle (GO:2000134),3/32,0.8107451581889716,0.99999620015268,0,0,0.6834679802955665,0.1433926114508068,KANK2;FHL1;KLF4,Basal,Suppressed
GO_Biological_Process_2023,C-terminal Protein Amino Acid Modification (GO:0018410),1/12,0.8156583633569711,0.99999620015268,0,0,0.6007890092397135,0.1224165786988452,GPLD1,Basal,Suppressed
GO_Biological_Process_2023,NADPH Regeneration (GO:0006740),1/12,0.8156583633569711,0.99999620015268,0,0,0.6007890092397135,0.1224165786988452,DDR2,Basal,Suppressed
GO_Biological_Process_2023,Actin-Myosin Filament Sliding (GO:0033275),1/12,0.8156583633569711,0.99999620015268,0,0,0.6007890092397135,0.1224165786988452,MYH2,Basal,Suppressed
GO_Biological_Process_2023,Alanine Transport (GO:0032328),1/12,0.8156583633569711,0.99999620015268,0,0,0.6007890092397135,0.1224165786988452,SLC7A10,Basal,Suppressed
GO_Biological_Process_2023,Aspartate Family Amino Acid Metabolic Process (GO:0009066),1/12,0.8156583633569711,0.99999620015268,0,0,0.6007890092397135,0.1224165786988452,NAT8L,Basal,Suppressed
GO_Biological_Process_2023,Axonal Fasciculation (GO:0007413),1/12,0.8156583633569711,0.99999620015268,0,0,0.6007890092397135,0.1224165786988452,SEMA5A,Basal,Suppressed
GO_Biological_Process_2023,Calcium Ion Import (GO:0070509),1/12,0.8156583633569711,0.99999620015268,0,0,0.6007890092397135,0.1224165786988452,CACNA1G,Basal,Suppressed
GO_Biological_Process_2023,Cardiac Right Ventricle Morphogenesis (GO:0003215),1/12,0.8156583633569711,0.99999620015268,0,0,0.6007890092397135,0.1224165786988452,GATA3,Basal,Suppressed
GO_Biological_Process_2023,Cell Projection Assembly (GO:0030031),1/12,0.8156583633569711,0.99999620015268,0,0,0.6007890092397135,0.1224165786988452,GSN,Basal,Suppressed
GO_Biological_Process_2023,Cell-Cell Junction Maintenance (GO:0045217),1/12,0.8156583633569711,0.99999620015268,0,0,0.6007890092397135,0.1224165786988452,FERMT2,Basal,Suppressed
GO_Biological_Process_2023,Detection Of Bacterium (GO:0016045),1/12,0.8156583633569711,0.99999620015268,0,0,0.6007890092397135,0.1224165786988452,PGLYRP2,Basal,Suppressed
GO_Biological_Process_2023,Epithelial Cell Morphogenesis (GO:0003382),1/12,0.8156583633569711,0.99999620015268,0,0,0.6007890092397135,0.1224165786988452,DACT2,Basal,Suppressed
GO_Biological_Process_2023,Eye Photoreceptor Cell Differentiation (GO:0001754),1/12,0.8156583633569711,0.99999620015268,0,0,0.6007890092397135,0.1224165786988452,RORB,Basal,Suppressed
GO_Biological_Process_2023,Fatty Acid Elongation (GO:0030497),1/12,0.8156583633569711,0.99999620015268,0,0,0.6007890092397135,0.1224165786988452,ELOVL5,Basal,Suppressed
GO_Biological_Process_2023,Granulocyte Activation (GO:0036230),1/12,0.8156583633569711,0.99999620015268,0,0,0.6007890092397135,0.1224165786988452,CTSG,Basal,Suppressed
GO_Biological_Process_2023,Icosanoid Secretion (GO:0032309),1/12,0.8156583633569711,0.99999620015268,0,0,0.6007890092397135,0.1224165786988452,LEP,Basal,Suppressed
GO_Biological_Process_2023,Mesoderm Morphogenesis (GO:0048332),1/12,0.8156583633569711,0.99999620015268,0,0,0.6007890092397135,0.1224165786988452,CRB2,Basal,Suppressed
GO_Biological_Process_2023,Microtubule Anchoring At Microtubule Organizing Center (GO:0072393),1/12,0.8156583633569711,0.99999620015268,0,0,0.6007890092397135,0.1224165786988452,CCDC68,Basal,Suppressed
GO_Biological_Process_2023,Negative Regulation By Host Of Viral Process (GO:0044793),1/12,0.8156583633569711,0.99999620015268,0,0,0.6007890092397135,0.1224165786988452,PRKN,Basal,Suppressed
GO_Biological_Process_2023,Negative Regulation Of Alcohol Biosynthetic Process (GO:1902931),1/12,0.8156583633569711,0.99999620015268,0,0,0.6007890092397135,0.1224165786988452,DKK3,Basal,Suppressed
GO_Biological_Process_2023,Negative Regulation Of Complement Activation (GO:0045916),1/12,0.8156583633569711,0.99999620015268,0,0,0.6007890092397135,0.1224165786988452,SVEP1,Basal,Suppressed
GO_Biological_Process_2023,Negative Regulation Of Intrinsic Apoptotic Signaling Pathway In Response To DNA Damage By P53 Class Mediator (GO:1902166),1/12,0.8156583633569711,0.99999620015268,0,0,0.6007890092397135,0.1224165786988452,BCL2,Basal,Suppressed
GO_Biological_Process_2023,Negative Regulation Of Mitochondrial Membrane Permeability (GO:0035795),1/12,0.8156583633569711,0.99999620015268,0,0,0.6007890092397135,0.1224165786988452,MPV17L,Basal,Suppressed
GO_Biological_Process_2023,Neutrophil Mediated Immunity (GO:0002446),1/12,0.8156583633569711,0.99999620015268,0,0,0.6007890092397135,0.1224165786988452,IL6,Basal,Suppressed
GO_Biological_Process_2023,Organophosphate Catabolic Process (GO:0046434),1/12,0.8156583633569711,0.99999620015268,0,0,0.6007890092397135,0.1224165786988452,ENPP2,Basal,Suppressed
GO_Biological_Process_2023,Phospholipid Homeostasis (GO:0055091),1/12,0.8156583633569711,0.99999620015268,0,0,0.6007890092397135,0.1224165786988452,ABCB11,Basal,Suppressed
GO_Biological_Process_2023,Polysaccharide Biosynthetic Process (GO:0000271),1/12,0.8156583633569711,0.99999620015268,0,0,0.6007890092397135,0.1224165786988452,HAS3,Basal,Suppressed
GO_Biological_Process_2023,Porphyrin-Containing Compound Catabolic Process (GO:0006787),1/12,0.8156583633569711,0.99999620015268,0,0,0.6007890092397135,0.1224165786988452,AMBP,Basal,Suppressed
GO_Biological_Process_2023,"Positive Regulation Of CD4-positive, Alpha-Beta T Cell Activation (GO:2000516)",1/12,0.8156583633569711,0.99999620015268,0,0,0.6007890092397135,0.1224165786988452,TGFBR2,Basal,Suppressed
GO_Biological_Process_2023,Positive Regulation Of ERAD Pathway (GO:1904294),1/12,0.8156583633569711,0.99999620015268,0,0,0.6007890092397135,0.1224165786988452,CAV1,Basal,Suppressed
GO_Biological_Process_2023,Positive Regulation Of T Cell Chemotaxis (GO:0010820),1/12,0.8156583633569711,0.99999620015268,0,0,0.6007890092397135,0.1224165786988452,CCL21,Basal,Suppressed
GO_Biological_Process_2023,Positive Regulation Of Cell Morphogenesis Involved In Differentiation (GO:0010770),1/12,0.8156583633569711,0.99999620015268,0,0,0.6007890092397135,0.1224165786988452,CUX2,Basal,Suppressed
GO_Biological_Process_2023,Positive Regulation Of Protein Export From Nucleus (GO:0046827),1/12,0.8156583633569711,0.99999620015268,0,0,0.6007890092397135,0.1224165786988452,RAPGEF3,Basal,Suppressed
GO_Biological_Process_2023,Positive Regulation Of Protein Localization To Cell Surface (GO:2000010),1/12,0.8156583633569711,0.99999620015268,0,0,0.6007890092397135,0.1224165786988452,GPD1L,Basal,Suppressed
GO_Biological_Process_2023,Positive Regulation Of Purine Nucleotide Biosynthetic Process (GO:1900373),1/12,0.8156583633569711,0.99999620015268,0,0,0.6007890092397135,0.1224165786988452,PID1,Basal,Suppressed
GO_Biological_Process_2023,Positive Regulation Of Reactive Oxygen Species Biosynthetic Process (GO:1903428),1/12,0.8156583633569711,0.99999620015268,0,0,0.6007890092397135,0.1224165786988452,CD36,Basal,Suppressed
GO_Biological_Process_2023,Positive Regulation Of Regulated Secretory Pathway (GO:1903307),1/12,0.8156583633569711,0.99999620015268,0,0,0.6007890092397135,0.1224165786988452,SLC4A8,Basal,Suppressed
GO_Biological_Process_2023,Positive Regulation Of Voltage-Gated Calcium Channel Activity (GO:1901387),1/12,0.8156583633569711,0.99999620015268,0,0,0.6007890092397135,0.1224165786988452,CACNA2D1,Basal,Suppressed
GO_Biological_Process_2023,Regulation Of SNARE Complex Assembly (GO:0035542),1/12,0.8156583633569711,0.99999620015268,0,0,0.6007890092397135,0.1224165786988452,SNCA,Basal,Suppressed
GO_Biological_Process_2023,Regulation Of T Cell Differentiation In Thymus (GO:0033081),1/12,0.8156583633569711,0.99999620015268,0,0,0.6007890092397135,0.1224165786988452,BMP4,Basal,Suppressed
GO_Biological_Process_2023,Regulation Of Chemokine (C-X-C Motif) Ligand 2 Production (GO:2000341),1/12,0.8156583633569711,0.99999620015268,0,0,0.6007890092397135,0.1224165786988452,KLF4,Basal,Suppressed
GO_Biological_Process_2023,Regulation Of Leukocyte Adhesion To Vascular Endothelial Cell (GO:1904994),1/12,0.8156583633569711,0.99999620015268,0,0,0.6007890092397135,0.1224165786988452,IL6,Basal,Suppressed
GO_Biological_Process_2023,Regulation Of Lymphocyte Migration (GO:2000401),1/12,0.8156583633569711,0.99999620015268,0,0,0.6007890092397135,0.1224165786988452,JAM2,Basal,Suppressed
GO_Biological_Process_2023,Regulation Of Transcription From RNA Polymerase II Promoter In Response To Stress (GO:0043618),1/12,0.8156583633569711,0.99999620015268,0,0,0.6007890092397135,0.1224165786988452,KLF2,Basal,Suppressed
GO_Biological_Process_2023,Semaphorin-Plexin Signaling Pathway Involved In Neuron Projection Guidance (GO:1902285),1/12,0.8156583633569711,0.99999620015268,0,0,0.6007890092397135,0.1224165786988452,PLXNA4,Basal,Suppressed
GO_Biological_Process_2023,Sphingomyelin Metabolic Process (GO:0006684),1/12,0.8156583633569711,0.99999620015268,0,0,0.6007890092397135,0.1224165786988452,ABCA8,Basal,Suppressed
GO_Biological_Process_2023,Synaptic Membrane Adhesion (GO:0099560),1/12,0.8156583633569711,0.99999620015268,0,0,0.6007890092397135,0.1224165786988452,LRFN5,Basal,Suppressed
GO_Biological_Process_2023,Very Long-Chain Fatty Acid Biosynthetic Process (GO:0042761),1/12,0.8156583633569711,0.99999620015268,0,0,0.6007890092397135,0.1224165786988452,ELOVL5,Basal,Suppressed
GO_Biological_Process_2023,Negative Regulation Of Response To External Stimulus (GO:0032102),16/146,0.8162447497484503,0.99999620015268,0,0,0.8124396277535635,0.1649585792977092,ADIPOQ;GATA3;KLF4;FGF2;CDH5;LRFN5;MMRN1;GPER1;FFAR4;CLDN19;SAA1;PPARG;DRD1;TEK;LACRT;ELANE,Basal,Suppressed
GO_Biological_Process_2023,Positive Regulation Of Transmembrane Receptor Protein Serine/Threonine Kinase Signaling Pathway (GO:0090100),10/95,0.8165914871906791,0.99999620015268,0,0,0.7768390778771401,0.1574002789594402,CRB2;GDF10;BMP4;CDH5;BMP3;TNXB;CITED1;PPARG;ZNF423;TGFBR2,Basal,Suppressed
GO_Biological_Process_2023,Regulation Of Extrinsic Apoptotic Signaling Pathway (GO:2001236),6/60,0.817488606911159,0.99999620015268,0,0,0.7338757521823883,0.1478894033904629,BMP4;GPER1;CAV1;G0S2;AGTR2;IGF1,Basal,Suppressed
GO_Biological_Process_2023,Response To Light Stimulus (GO:0009416),6/60,0.817488606911159,0.99999620015268,0,0,0.7338757521823883,0.1478894033904629,TRPM1;MAPK10;DCT;CRY2;GPR88;ELANE,Basal,Suppressed
GO_Biological_Process_2023,Positive Regulation Of Ras Protein Signal Transduction (GO:0046579),5/51,0.8177056289984118,0.99999620015268,0,0,0.7179797444015316,0.144495486960696,GPR17;SYNPO2L;ARRB1;IGF1;FGF10,Basal,Suppressed
GO_Biological_Process_2023,Positive Regulation Of Protein Localization To Cell Periphery (GO:1904377),5/51,0.8177056289984118,0.99999620015268,0,0,0.7179797444015316,0.144495486960696,LRP1;GPER1;PIK3R1;SORBS1;SPTBN1,Basal,Suppressed
GO_Biological_Process_2023,Regulation Of Synapse Assembly (GO:0051963),5/51,0.8177056289984118,0.99999620015268,0,0,0.7179797444015316,0.144495486960696,LRFN5;CUX2;CLSTN2;IL1RAPL2;SNCA,Basal,Suppressed
GO_Biological_Process_2023,Cellular Response To Calcium Ion (GO:0071277),7/69,0.8186958410859886,0.99999620015268,0,0,0.7456523612017083,0.1491622687304692,CRHBP;ADGRV1;ALOX15;CAPN3;ADCY1;SYT9;GPLD1,Basal,Suppressed
GO_Biological_Process_2023,Collagen Fibril Organization (GO:0030199),4/42,0.8203078661415132,0.99999620015268,0,0,0.6953626444159179,0.1377343470539148,COL14A1;DPT;TLL1;DDR2,Basal,Suppressed
GO_Biological_Process_2023,Regulation Of Axonogenesis (GO:0050770),4/42,0.8203078661415132,0.99999620015268,0,0,0.6953626444159179,0.1377343470539148,NTRK2;KIF13B;SLIT2;PLXNA4,Basal,Suppressed
GO_Biological_Process_2023,Organonitrogen Compound Catabolic Process (GO:1901565),8/78,0.8207898940951599,0.99999620015268,0,0,0.754721919302072,0.1490486106288827,PRKN;LVRN;ENPP2;CAPN3;HOGA1;CYP3A4;TRHDE;ELANE,Basal,Suppressed
GO_Biological_Process_2023,Positive Regulation Of Cellular Component Organization (GO:0051130),12/113,0.8242522699911748,0.99999620015268,0,0,0.7844036697247706,0.1516084768690111,CDH5;RELN;AHNAK;LRP1;TAL1;CLDN19;GPC3;HAS3;TPPP;TRABD2B;RAPGEF3;SNCA,Basal,Suppressed
GO_Biological_Process_2023,Actin Nucleation (GO:0045010),2/23,0.8247434002512596,0.99999620015268,0,0,0.6292750154136293,0.1212505795621986,LMOD1;IQGAP2,Basal,Suppressed
GO_Biological_Process_2023,Artery Development (GO:0060840),2/23,0.8247434002512596,0.99999620015268,0,0,0.6292750154136293,0.1212505795621986,PDE2A;TGFBR2,Basal,Suppressed
GO_Biological_Process_2023,Axon Extension (GO:0048675),2/23,0.8247434002512596,0.99999620015268,0,0,0.6292750154136293,0.1212505795621986,SEMA5A;SLIT2,Basal,Suppressed
GO_Biological_Process_2023,Cellular Lipid Catabolic Process (GO:0044242),2/23,0.8247434002512596,0.99999620015268,0,0,0.6292750154136293,0.1212505795621986,ACADL;ENPP2,Basal,Suppressed
GO_Biological_Process_2023,Endocardial Cushion Development (GO:0003197),2/23,0.8247434002512596,0.99999620015268,0,0,0.6292750154136293,0.1212505795621986,BMP4;ADAMTS5,Basal,Suppressed
GO_Biological_Process_2023,Immune Response-Activating Cell Surface Receptor Signaling Pathway (GO:0002429),2/23,0.8247434002512596,0.99999620015268,0,0,0.6292750154136293,0.1212505795621986,C5AR2;GPLD1,Basal,Suppressed
GO_Biological_Process_2023,Positive Regulation Of Neutrophil Migration (GO:1902624),2/23,0.8247434002512596,0.99999620015268,0,0,0.6292750154136293,0.1212505795621986,CCL21;THBS4,Basal,Suppressed
GO_Biological_Process_2023,Positive Regulation Of Oxidoreductase Activity (GO:0051353),2/23,0.8247434002512596,0.99999620015268,0,0,0.6292750154136293,0.1212505795621986,EDN3;AGTR1,Basal,Suppressed
GO_Biological_Process_2023,Protein Localization To Cell Junction (GO:1902414),2/23,0.8247434002512596,0.99999620015268,0,0,0.6292750154136293,0.1212505795621986,FERMT2;JAM3,Basal,Suppressed
GO_Biological_Process_2023,Regulation Of Cholesterol Transport (GO:0032374),2/23,0.8247434002512596,0.99999620015268,0,0,0.6292750154136293,0.1212505795621986,LRP1;ABCA8,Basal,Suppressed
GO_Biological_Process_2023,Positive Regulation Of Reproductive Process (GO:2000243),3/33,0.8271872042428192,0.99999620015268,0,0,0.660647619047619,0.1253408701444335,CFAP69;ASIC2;VIP,Basal,Suppressed
GO_Biological_Process_2023,Fatty Acid Catabolic Process (GO:0009062),6/61,0.8296255137276718,0.99999620015268,0,0,0.7204909506969004,0.1345739253644285,ABCD2;ACADL;ADIPOQ;ACADS;SLC27A2;HAO2,Basal,Suppressed
GO_Biological_Process_2023,Cellular Response To Organonitrogen Compound (GO:0071417),11/105,0.8297209257143883,0.99999620015268,0,0,0.7725997772339612,0.1442180086597092,P2RY12;CRHBP;EGR1;KCNE1;XBP1;PDE2A;SLIT2;SLC26A3;RAPGEF3;AQP1;HCN1,Basal,Suppressed
GO_Biological_Process_2023,Negative Regulation Of MAPK Cascade (GO:0043409),11/105,0.8297209257143883,0.99999620015268,0,0,0.7725997772339612,0.1442180086597092,BMP4;CAV3;DUSP1;CAV1;GPER1;ADIPOQ;TIMP3;SPRY2;PPARG;SPRY1;FOXO1,Basal,Suppressed
GO_Biological_Process_2023,Negative Regulation Of Epithelial Cell Proliferation (GO:0050680),7/70,0.8300380630760669,0.99999620015268,0,0,0.7337742167959642,0.1366901908293692,TGFBR3;CAV2;TNMD;CAV1;ATOH8;KLF9;GATA3,Basal,Suppressed
GO_Biological_Process_2023,Negative Regulation Of Extrinsic Apoptotic Signaling Pathway (GO:2001237),7/70,0.8300380630760669,0.99999620015268,0,0,0.7337742167959642,0.1366901908293692,FGB;BMP4;FGA;FGG;BCL2;IGF1;PF4,Basal,Suppressed
GO_Biological_Process_2023,Regulation Of Actin Filament Polymerization (GO:0030833),7/70,0.8300380630760669,0.99999620015268,0,0,0.7337742167959642,0.1366901908293692,CSF3;ARHGAP40;CCL21;ALOX15;LMOD1;SLIT2;KANK3,Basal,Suppressed
GO_Biological_Process_2023,Cardiac Muscle Tissue Development (GO:0048738),5/52,0.8307489908448923,0.99999620015268,0,0,0.7026630218768505,0.130293108269443,MYOCD;MYL7;MSX2;SGCZ;SGCG,Basal,Suppressed
GO_Biological_Process_2023,Proteolysis (GO:0006508),38/330,0.8320170080372953,0.99999620015268,0,0,0.8582006664198445,0.1578251588182977,FCN2;CPB1;DHH;TMPRSS6;KLK3;PLAT;PCSK5;TRHDE;ADAMTS15;ADAM29;ADAMTS5;THBD;CAPN8;ADAMTS1;ADAMTS18;NAALAD2;CAPN3;CTSG;TPSAB1;ADAMTS8;ELANE;CPA3;CPA1;ADGRV1;MME;TPSG1;LVRN;ADAM33;PGC;PGA5;F7;CYP2A6;CAPN11;PIP;CPE;TLL1;TRABD2B;PAPPA2,Basal,Suppressed
GO_Biological_Process_2023,Positive Regulation Of Biomineral Tissue Development (GO:0070169),4/43,0.8343808745985775,0.99999620015268,0,0,0.6774937460913071,0.122670606149035,BMP4;KL;ADGRV1;PTN,Basal,Suppressed
GO_Biological_Process_2023,Regulation Of Primary Metabolic Process (GO:0080090),4/43,0.8343808745985775,0.99999620015268,0,0,0.6774937460913071,0.122670606149035,ADGRF5;ANGPTL8;PPARG;PLPP1,Basal,Suppressed
GO_Biological_Process_2023,Positive Regulation Of Cellular Biosynthetic Process (GO:0031328),19/174,0.8373269464739027,0.99999620015268,0,0,0.8089194970264222,0.143616107625704,EGR1;IRS1;ELOVL5;PSG1;HBB;IGF1;PTH1R;SORBS1;KLF4;FGF2;FOXO1;KLF2;MLXIPL;IL6;AGTR2;CD36;GPLD1;PLIN5;SNCA,Basal,Suppressed
GO_Biological_Process_2023,Acute-Phase Response (GO:0006953),1/13,0.8398951979370441,0.99999620015268,0,0,0.5506915366070295,0.0960836456433134,IL6,Basal,Suppressed
GO_Biological_Process_2023,acyl-CoA Biosynthetic Process (GO:0071616),1/13,0.8398951979370441,0.99999620015268,0,0,0.5506915366070295,0.0960836456433134,SLC27A2,Basal,Suppressed
GO_Biological_Process_2023,Atrioventricular Valve Development (GO:0003171),1/13,0.8398951979370441,0.99999620015268,0,0,0.5506915366070295,0.0960836456433134,TGFBR2,Basal,Suppressed
GO_Biological_Process_2023,Cardiocyte Differentiation (GO:0035051),1/13,0.8398951979370441,0.99999620015268,0,0,0.5506915366070295,0.0960836456433134,MYOCD,Basal,Suppressed
GO_Biological_Process_2023,Extracellular Transport (GO:0006858),1/13,0.8398951979370441,0.99999620015268,0,0,0.5506915366070295,0.0960836456433134,SPAG6,Basal,Suppressed
GO_Biological_Process_2023,Inhibitory Synapse Assembly (GO:1904862),1/13,0.8398951979370441,0.99999620015268,0,0,0.5506915366070295,0.0960836456433134,GABRA2,Basal,Suppressed
GO_Biological_Process_2023,Microtubule-Based Transport (GO:0099111),1/13,0.8398951979370441,0.99999620015268,0,0,0.5506915366070295,0.0960836456433134,SPAG6,Basal,Suppressed
GO_Biological_Process_2023,Mitochondrial Fission (GO:0000266),1/13,0.8398951979370441,0.99999620015268,0,0,0.5506915366070295,0.0960836456433134,PRKN,Basal,Suppressed
GO_Biological_Process_2023,ncRNA Transcription (GO:0098781),1/13,0.8398951979370441,0.99999620015268,0,0,0.5506915366070295,0.0960836456433134,CAVIN1,Basal,Suppressed
GO_Biological_Process_2023,Negative Regulation Of Myoblast Differentiation (GO:0045662),1/13,0.8398951979370441,0.99999620015268,0,0,0.5506915366070295,0.0960836456433134,BMP4,Basal,Suppressed
GO_Biological_Process_2023,Negative Regulation Of Neuroinflammatory Response (GO:0150079),1/13,0.8398951979370441,0.99999620015268,0,0,0.5506915366070295,0.0960836456433134,IGF1,Basal,Suppressed
GO_Biological_Process_2023,Negative Regulation Of Translational Initiation (GO:0045947),1/13,0.8398951979370441,0.99999620015268,0,0,0.5506915366070295,0.0960836456433134,C8ORF88,Basal,Suppressed
GO_Biological_Process_2023,Negative Regulation Of Viral Transcription (GO:0032897),1/13,0.8398951979370441,0.99999620015268,0,0,0.5506915366070295,0.0960836456433134,ZFP36,Basal,Suppressed
GO_Biological_Process_2023,Positive Regulation Of Alpha-Beta T Cell Differentiation (GO:0046638),1/13,0.8398951979370441,0.99999620015268,0,0,0.5506915366070295,0.0960836456433134,TGFBR2,Basal,Suppressed
GO_Biological_Process_2023,Positive Regulation Of Brown Fat Cell Differentiation (GO:0090336),1/13,0.8398951979370441,0.99999620015268,0,0,0.5506915366070295,0.0960836456433134,VSTM2A,Basal,Suppressed
GO_Biological_Process_2023,Positive Regulation Of Keratinocyte Differentiation (GO:0045618),1/13,0.8398951979370441,0.99999620015268,0,0,0.5506915366070295,0.0960836456433134,IL20,Basal,Suppressed
GO_Biological_Process_2023,Positive Regulation Of Superoxide Anion Generation (GO:0032930),1/13,0.8398951979370441,0.99999620015268,0,0,0.5506915366070295,0.0960836456433134,MAPT,Basal,Suppressed
GO_Biological_Process_2023,Positive Regulation Of Type 2 Immune Response (GO:0002830),1/13,0.8398951979370441,0.99999620015268,0,0,0.5506915366070295,0.0960836456433134,IL6,Basal,Suppressed
GO_Biological_Process_2023,Purine Ribonucleoside Bisphosphate Metabolic Process (GO:0034035),1/13,0.8398951979370441,0.99999620015268,0,0,0.5506915366070295,0.0960836456433134,SULT1C3,Basal,Suppressed
GO_Biological_Process_2023,Regulation Of T Cell Chemotaxis (GO:0010819),1/13,0.8398951979370441,0.99999620015268,0,0,0.5506915366070295,0.0960836456433134,CCL21,Basal,Suppressed
GO_Biological_Process_2023,Regulation Of Cell Projection Organization (GO:0031344),1/13,0.8398951979370441,0.99999620015268,0,0,0.5506915366070295,0.0960836456433134,SPRY2,Basal,Suppressed
GO_Biological_Process_2023,Regulation Of Flagellated Sperm Motility (GO:1901317),1/13,0.8398951979370441,0.99999620015268,0,0,0.5506915366070295,0.0960836456433134,CFAP69,Basal,Suppressed
GO_Biological_Process_2023,Regulation Of Gastrulation (GO:0010470),1/13,0.8398951979370441,0.99999620015268,0,0,0.5506915366070295,0.0960836456433134,CRB2,Basal,Suppressed
GO_Biological_Process_2023,Regulation Of Intrinsic Apoptotic Signaling Pathway In Response To DNA Damage By P53 Class Mediator (GO:1902165),1/13,0.8398951979370441,0.99999620015268,0,0,0.5506915366070295,0.0960836456433134,BCL2,Basal,Suppressed
GO_Biological_Process_2023,Regulation Of Leukocyte Migration (GO:0002685),1/13,0.8398951979370441,0.99999620015268,0,0,0.5506915366070295,0.0960836456433134,HOXA7,Basal,Suppressed
GO_Biological_Process_2023,Regulation Of Nitric-Oxide Synthase Biosynthetic Process (GO:0051769),1/13,0.8398951979370441,0.99999620015268,0,0,0.5506915366070295,0.0960836456433134,IL33,Basal,Suppressed
GO_Biological_Process_2023,Regulation Of Nitrogen Compound Metabolic Process (GO:0051171),1/13,0.8398951979370441,0.99999620015268,0,0,0.5506915366070295,0.0960836456433134,ALDH2,Basal,Suppressed
GO_Biological_Process_2023,Regulation Of Short-Term Neuronal Synaptic Plasticity (GO:0048172),1/13,0.8398951979370441,0.99999620015268,0,0,0.5506915366070295,0.0960836456433134,SHISA6,Basal,Suppressed
GO_Biological_Process_2023,Regulation Of Trophoblast Cell Migration (GO:1901163),1/13,0.8398951979370441,0.99999620015268,0,0,0.5506915366070295,0.0960836456433134,ACVR1C,Basal,Suppressed
GO_Biological_Process_2023,Response To UV-A (GO:0070141),1/13,0.8398951979370441,0.99999620015268,0,0,0.5506915366070295,0.0960836456433134,MME,Basal,Suppressed
GO_Biological_Process_2023,Response To Nerve Growth Factor (GO:1990089),1/13,0.8398951979370441,0.99999620015268,0,0,0.5506915366070295,0.0960836456433134,MAPT,Basal,Suppressed
GO_Biological_Process_2023,Signal Peptide Processing (GO:0006465),1/13,0.8398951979370441,0.99999620015268,0,0,0.5506915366070295,0.0960836456433134,PCSK5,Basal,Suppressed
GO_Biological_Process_2023,Sphingoid Biosynthetic Process (GO:0046520),1/13,0.8398951979370441,0.99999620015268,0,0,0.5506915366070295,0.0960836456433134,ACER2,Basal,Suppressed
GO_Biological_Process_2023,Sphingosine Biosynthetic Process (GO:0046512),1/13,0.8398951979370441,0.99999620015268,0,0,0.5506915366070295,0.0960836456433134,ACER2,Basal,Suppressed
GO_Biological_Process_2023,Substrate-Dependent Cell Migration (GO:0006929),1/13,0.8398951979370441,0.99999620015268,0,0,0.5506915366070295,0.0960836456433134,P2RY12,Basal,Suppressed
GO_Biological_Process_2023,Thymus Development (GO:0048538),1/13,0.8398951979370441,0.99999620015268,0,0,0.5506915366070295,0.0960836456433134,FGF10,Basal,Suppressed
GO_Biological_Process_2023,Circulatory System Development (GO:0072359),14/132,0.8400842974947239,0.99999620015268,0,0,0.7831234681571201,0.136461643470772,CRB2;RAMP2;NOTCH4;TCF21;LDB3;PCSK5;TGFBR2;CDH5;PDLIM3;SOX17;ERBB4;ALPK3;TEK;TDGF1,Basal,Suppressed
GO_Biological_Process_2023,Cell Junction Organization (GO:0034330),6/62,0.8411075531355643,0.99999620015268,0,0,0.7075841778358941,0.1224373518139552,HMCN2;SNCG;MAPT;LIMS2;SNCA;CBLN1,Basal,Suppressed
GO_Biological_Process_2023,Phosphatidylinositol-Mediated Signaling (GO:0048015),6/62,0.8411075531355643,0.99999620015268,0,0,0.7075841778358941,0.1224373518139552,IRS1;PIK3C2G;GATA3;PIK3R1;IGF1;PLCH2,Basal,Suppressed
GO_Biological_Process_2023,Wound Healing (GO:0042060),8/80,0.8415734518814296,0.99999620015268,0,0,0.7336726039016115,0.1265453050903748,DST;IGF1;FGF1;PLPP3;FGF2;SYTL4;LACRT;FGF10,Basal,Suppressed
GO_Biological_Process_2023,Microtubule Polymerization (GO:0046785),3/34,0.8423889816498903,0.99999620015268,0,0,0.6392995391705069,0.1096484362778862,TPPP3;TPPP;MAPT,Basal,Suppressed
GO_Biological_Process_2023,Negative Regulation Of JNK Cascade (GO:0046329),3/34,0.8423889816498903,0.99999620015268,0,0,0.6392995391705069,0.1096484362778862,PRKN;PER1;KLHL31,Basal,Suppressed
GO_Biological_Process_2023,Positive Regulation Of Neuron Death (GO:1901216),3/34,0.8423889816498903,0.99999620015268,0,0,0.6392995391705069,0.1096484362778862,TFAP2B;MAPT;SNCA,Basal,Suppressed
GO_Biological_Process_2023,Positive Regulation Of Organelle Organization (GO:0010638),3/34,0.8423889816498903,0.99999620015268,0,0,0.6392995391705069,0.1096484362778862,FYCO1;DOC2B;MGARP,Basal,Suppressed
GO_Biological_Process_2023,Purine Nucleotide Metabolic Process (GO:0006163),3/34,0.8423889816498903,0.99999620015268,0,0,0.6392995391705069,0.1096484362778862,NMRK2;FMO2;GPD1L,Basal,Suppressed
GO_Biological_Process_2023,Regulation Of DNA Biosynthetic Process (GO:2000278),3/34,0.8423889816498903,0.99999620015268,0,0,0.6392995391705069,0.1096484362778862,DACH1;ADIPOQ;FGF2,Basal,Suppressed
GO_Biological_Process_2023,Cell Morphogenesis Involved In Differentiation (GO:0000904),2/24,0.8426497238471811,0.99999620015268,0,0,0.6006369867756006,0.102831405899978,RELN;DACT2,Basal,Suppressed
GO_Biological_Process_2023,Negative Regulation Of Cell Junction Assembly (GO:1901889),2/24,0.8426497238471811,0.99999620015268,0,0,0.6006369867756006,0.102831405899978,APOD;ARHGAP6,Basal,Suppressed
GO_Biological_Process_2023,Neuromuscular Junction Development (GO:0007528),2/24,0.8426497238471811,0.99999620015268,0,0,0.6006369867756006,0.102831405899978,UNC13C;KY,Basal,Suppressed
GO_Biological_Process_2023,Positive Regulation Of ERBB Signaling Pathway (GO:1901186),2/24,0.8426497238471811,0.99999620015268,0,0,0.6006369867756006,0.102831405899978,GPER1;AGR2,Basal,Suppressed
GO_Biological_Process_2023,Positive Regulation Of Cellular Response To Transforming Growth Factor Beta Stimulus (GO:1903846),2/24,0.8426497238471811,0.99999620015268,0,0,0.6006369867756006,0.102831405899978,TNXB;CITED1,Basal,Suppressed
GO_Biological_Process_2023,Positive Regulation Of p38MAPK Cascade (GO:1900745),2/24,0.8426497238471811,0.99999620015268,0,0,0.6006369867756006,0.102831405899978,BMP4;LEP,Basal,Suppressed
GO_Biological_Process_2023,Positive Regulation Of Transforming Growth Factor Beta Receptor Signaling Pathway (GO:0030511),2/24,0.8426497238471811,0.99999620015268,0,0,0.6006369867756006,0.102831405899978,TNXB;CITED1,Basal,Suppressed
GO_Biological_Process_2023,Regulation Of AMPA Receptor Activity (GO:2000311),2/24,0.8426497238471811,0.99999620015268,0,0,0.6006369867756006,0.102831405899978,RELN;SHISA6,Basal,Suppressed
GO_Biological_Process_2023,Regulation Of Cysteine-Type Endopeptidase Activity (GO:2000116),2/24,0.8426497238471811,0.99999620015268,0,0,0.6006369867756006,0.102831405899978,CSN2;CST5,Basal,Suppressed
GO_Biological_Process_2023,Regulation Of Endoplasmic Reticulum Stress-Induced Intrinsic Apoptotic Signaling Pathway (GO:1902235),2/24,0.8426497238471811,0.99999620015268,0,0,0.6006369867756006,0.102831405899978,PRKN;XBP1,Basal,Suppressed
GO_Biological_Process_2023,Regulation Of Microtubule Depolymerization (GO:0031114),2/24,0.8426497238471811,0.99999620015268,0,0,0.6006369867756006,0.102831405899978,NAV3;BMERB1,Basal,Suppressed
GO_Biological_Process_2023,Regulation Of Supramolecular Fiber Organization (GO:1902903),2/24,0.8426497238471811,0.99999620015268,0,0,0.6006369867756006,0.102831405899978,CSF3;MAPT,Basal,Suppressed
GO_Biological_Process_2023,Response To Purine-Containing Compound (GO:0014074),2/24,0.8426497238471811,0.99999620015268,0,0,0.6006369867756006,0.102831405899978,CITED1;KCNJ11,Basal,Suppressed
GO_Biological_Process_2023,Blood Vessel Morphogenesis (GO:0048514),5/53,0.8430212763876019,0.99999620015268,0,0,0.687984496124031,0.1174823532048696,CCBE1;RAMP2;SOX17;CAV1;TGFBR2,Basal,Suppressed
GO_Biological_Process_2023,Negative Regulation Of Cysteine-Type Endopeptidase Activity (GO:2000117),5/53,0.8430212763876019,0.99999620015268,0,0,0.687984496124031,0.1174823532048696,CSN2;KLF4;CST5;AQP1;SNCA,Basal,Suppressed
GO_Biological_Process_2023,Enzyme-Linked Receptor Protein Signaling Pathway (GO:0007167),13/124,0.8446842926978005,0.99999620015268,0,0,0.7730625462939038,0.1304870358048849,PTPRT;NTRK2;LRP1;NPR1;TIE1;LIFR;PTN;NTF4;ERBB4;TEK;IL6ST;ANGPTL1;DDR2,Basal,Suppressed
GO_Biological_Process_2023,Negative Regulation Of Signal Transduction (GO:0009968),30/267,0.8461095399432488,0.99999620015268,0,0,0.8348681069176874,0.139511843828166,PTPRT;KANK2;CX3CR1;PID1;CITED1;LRP1;IRS1;ARRB1;GATA3;FGF2;CRHBP;PALM;GPC3;APOD;TNS2;SNCA;ADIPOQ;DCN;DKK3;CYP26A1;CILP;MMRN2;BCL2;SPRY2;PPARG;SPRY1;AGTR2;LACRT;TRABD2B;PLIN5,Basal,Suppressed
GO_Biological_Process_2023,Neuron Development (GO:0048666),16/150,0.8470815874821418,0.99999620015268,0,0,0.788004845603529,0.1307759159828557,LGI1;GPM6A;NTRK2;XBP1;BTG2;TENM2;SLC44A4;TNXB;MYOC;LGI4;STMND1;FRY;IL6;RP1;DMD;MAPT,Basal,Suppressed
GO_Biological_Process_2023,Negative Regulation Of Immune System Process (GO:0002683),4/44,0.8475202222955498,0.99999620015268,0,0,0.6605182926829268,0.1092765287131982,AMBP;GPER1;TSC22D3;HOXA7,Basal,Suppressed
GO_Biological_Process_2023,Inorganic Cation Transmembrane Transport (GO:0098662),32/284,0.8487686685729383,0.99999620015268,0,0,0.8374299899723628,0.137312227222511,KCNE1;KCNC2;LRRC38;KCNA2;UCP1;SLC40A1;ATP1A4;KCNA4;KCNA5;ATP1A2;SLC4A4;AQP1;CACNA1G;TRPM1;SCN9A;SCN3B;ASIC2;TRPM3;LRRC26;TRPC5;SLC30A8;SCARA5;KCNJ11;ABCC8;KCNK15;ABCC9;SLC4A8;RHAG;SCN4A;SCN4B;SCN2B;HCN1,Basal,Suppressed
GO_Biological_Process_2023,Spindle Assembly (GO:0051225),8/81,0.8512253952121243,0.99999620015268,0,0,0.7235804663808428,0.1165531304239263,STARD9;GOLGA8H;GOLGA8IP;GOLGA8K;GOLGA8M;GOLGA8O;GOLGA8N;GOLGA8Q,Basal,Suppressed
GO_Biological_Process_2023,Mesenchymal Cell Differentiation (GO:0048762),5/54,0.8545498543268184,0.99999620015268,0,0,0.6739050938713267,0.1059246957059287,TGFBR3;RANBP3L;SEMA3C;NOTCH4;IGF1,Basal,Suppressed
GO_Biological_Process_2023,Negative Regulation Of Protein Modification By Small Protein Conjugation Or Removal (GO:1903321),5/54,0.8545498543268184,0.99999620015268,0,0,0.6739050938713267,0.1059246957059287,PER2;CAV1;CAPN3;SPRY2;ARRB1,Basal,Suppressed
GO_Biological_Process_2023,Peptidyl-Tyrosine Modification (GO:0018212),5/54,0.8545498543268184,0.99999620015268,0,0,0.6739050938713267,0.1059246957059287,EFEMP1;RELN;ERBB4;TEK;DDR2,Basal,Suppressed
GO_Biological_Process_2023,Regulation Of Blood Vessel Endothelial Cell Migration (GO:0043535),5/54,0.8545498543268184,0.99999620015268,0,0,0.6739050938713267,0.1059246957059287,ANGPT4;PSG1;PPARG;AGTR2;FGF2,Basal,Suppressed
GO_Biological_Process_2023,Regulation Of Focal Adhesion Assembly (GO:0051893),5/54,0.8545498543268184,0.99999620015268,0,0,0.6739050938713267,0.1059246957059287,MYOC;APOD;TEK;ARHGAP6;FERMT2,Basal,Suppressed
GO_Biological_Process_2023,Negative Regulation Of Cell Cycle G1/S Phase Transition (GO:1902807),3/35,0.8564173212770605,0.99999620015268,0,0,0.6192857142857143,0.0959877355093975,KANK2;FHL1;KLF4,Basal,Suppressed
GO_Biological_Process_2023,Neutral Amino Acid Transport (GO:0015804),3/35,0.8564173212770605,0.99999620015268,0,0,0.6192857142857143,0.0959877355093975,SLC7A8;SLC7A10;SLC38A4,Basal,Suppressed
GO_Biological_Process_2023,Positive Regulation Of Mitotic Nuclear Division (GO:0045840),3/35,0.8564173212770605,0.99999620015268,0,0,0.6192857142857143,0.0959877355093975,EDN3;EGF;IGF1,Basal,Suppressed
GO_Biological_Process_2023,Regulation Of Regulated Secretory Pathway (GO:1903305),3/35,0.8564173212770605,0.99999620015268,0,0,0.6192857142857143,0.0959877355093975,RPH3AL;DOC2B;SYT9,Basal,Suppressed
GO_Biological_Process_2023,Inflammatory Response (GO:0006954),26/236,0.8582451234091736,0.99999620015268,0,0,0.8166099337505948,0.1248315092458142,CCL14;C5AR2;PTGER3;ALOX15;GATA3;ADCY1;CXCL2;CRHBP;IL1RL1;SCUBE1;TAC1;CCL16;AOC3;CCL23;CCL21;FOS;IL6;KIT;AGTR1;CRH;AGTR2;ACKR1;CDO1;FOLR2;MGLL;PF4,Basal,Suppressed
GO_Biological_Process_2023,Activation Of Protein Kinase B Activity (GO:0032148),2/25,0.8588783089352892,0.99999620015268,0,0,0.5744892214974006,0.0873959152457306,IGF1;FGF1,Basal,Suppressed
GO_Biological_Process_2023,Carbohydrate Biosynthetic Process (GO:0016051),2/25,0.8588783089352892,0.99999620015268,0,0,0.5744892214974006,0.0873959152457306,ST6GALNAC1;ST8SIA6,Basal,Suppressed
GO_Biological_Process_2023,Cardiac Conduction System Development (GO:0003161),2/25,0.8588783089352892,0.99999620015268,0,0,0.5744892214974006,0.0873959152457306,MSX2;CACNA1G,Basal,Suppressed
GO_Biological_Process_2023,Negative Regulation Of Intrinsic Apoptotic Signaling Pathway In Response To DNA Damage (GO:1902230),2/25,0.8588783089352892,0.99999620015268,0,0,0.5744892214974006,0.0873959152457306,CXCL12;BCL2,Basal,Suppressed
GO_Biological_Process_2023,Negative Regulation Of Lipid Biosynthetic Process (GO:0051055),2/25,0.8588783089352892,0.99999620015268,0,0,0.5744892214974006,0.0873959152457306,ACADL;GPER1,Basal,Suppressed
GO_Biological_Process_2023,Negative Regulation Of Protein Localization To Membrane (GO:1905476),2/25,0.8588783089352892,0.99999620015268,0,0,0.5744892214974006,0.0873959152457306,KCNE1;PID1,Basal,Suppressed
GO_Biological_Process_2023,Negative Regulation Of Response To Endoplasmic Reticulum Stress (GO:1903573),2/25,0.8588783089352892,0.99999620015268,0,0,0.5744892214974006,0.0873959152457306,PRKN;XBP1,Basal,Suppressed
GO_Biological_Process_2023,Positive Regulation Of T Cell Migration (GO:2000406),2/25,0.8588783089352892,0.99999620015268,0,0,0.5744892214974006,0.0873959152457306,CXCL12;CCL21,Basal,Suppressed
GO_Biological_Process_2023,Regulation Of Actin Cytoskeleton Reorganization (GO:2000249),2/25,0.8588783089352892,0.99999620015268,0,0,0.5744892214974006,0.0873959152457306,TEK;RAPGEF3,Basal,Suppressed
GO_Biological_Process_2023,Regulation Of Biomineral Tissue Development (GO:0070167),2/25,0.8588783089352892,0.99999620015268,0,0,0.5744892214974006,0.0873959152457306,S1PR1;DDR2,Basal,Suppressed
GO_Biological_Process_2023,Regulation Of Protein Processing (GO:0070613),2/25,0.8588783089352892,0.99999620015268,0,0,0.5744892214974006,0.0873959152457306,CCBE1;ANGPTL8,Basal,Suppressed
GO_Biological_Process_2023,Response To Zinc Ion (GO:0010043),2/25,0.8588783089352892,0.99999620015268,0,0,0.5744892214974006,0.0873959152457306,SLC30A8;MT1A,Basal,Suppressed
GO_Biological_Process_2023,Ventricular Cardiac Muscle Tissue Development (GO:0003229),2/25,0.8588783089352892,0.99999620015268,0,0,0.5744892214974006,0.0873959152457306,TGFBR3;MYL3,Basal,Suppressed
GO_Biological_Process_2023,Regulation Of Cellular Metabolic Process (GO:0031323),4/45,0.8597668835847678,0.99999620015268,0,0,0.6443709101725164,0.0973605731972933,PRKN;PID1;ANGPTL8;PDK4,Basal,Suppressed
GO_Biological_Process_2023,Cellular Response To Reactive Oxygen Species (GO:0034614),7/73,0.8607165403117591,0.99999620015268,0,0,0.7002994461979583,0.1050379491131487,IL6;MPV17L;UCP1;FOS;MAPT;AQP1;RHOB,Basal,Suppressed
GO_Biological_Process_2023,Regulation Of Rho Protein Signal Transduction (GO:0035023),7/73,0.8607165403117591,0.99999620015268,0,0,0.7002994461979583,0.1050379491131487,KANK2;GPR17;MYOC;SYNPO2L;ARRB1;EPS8L3;ABRA,Basal,Suppressed
GO_Biological_Process_2023,Positive Regulation Of Binding (GO:0051099),9/91,0.8608878606105284,0.99999620015268,0,0,0.7245830190260666,0.1085360340088434,PRKN;BMP4;CLDN5;CSF3;LRP1;EGF;CAV1;PPARG;IGF1,Basal,Suppressed
GO_Biological_Process_2023,2-Oxoglutarate Metabolic Process (GO:0006103),1/14,0.8609464455989648,0.99999620015268,0,0,0.5083013674562971,0.076104393807629,TAT,Basal,Suppressed
GO_Biological_Process_2023,Calcium Ion-Regulated Exocytosis Of Neurotransmitter (GO:0048791),1/14,0.8609464455989648,0.99999620015268,0,0,0.5083013674562971,0.076104393807629,UNC13C,Basal,Suppressed
GO_Biological_Process_2023,Cellular Response To ATP (GO:0071318),1/14,0.8609464455989648,0.99999620015268,0,0,0.5083013674562971,0.076104393807629,P2RY12,Basal,Suppressed
GO_Biological_Process_2023,Ceramide Transport (GO:0035627),1/14,0.8609464455989648,0.99999620015268,0,0,0.5083013674562971,0.076104393807629,ABCB1,Basal,Suppressed
GO_Biological_Process_2023,Contractile Actin Filament Bundle Assembly (GO:0030038),1/14,0.8609464455989648,0.99999620015268,0,0,0.5083013674562971,0.076104393807629,SORBS1,Basal,Suppressed
GO_Biological_Process_2023,Electron Transport Chain (GO:0022900),1/14,0.8609464455989648,0.99999620015268,0,0,0.5083013674562971,0.076104393807629,DHRS2,Basal,Suppressed
GO_Biological_Process_2023,Embryonic Cranial Skeleton Morphogenesis (GO:0048701),1/14,0.8609464455989648,0.99999620015268,0,0,0.5083013674562971,0.076104393807629,TGFBR2,Basal,Suppressed
GO_Biological_Process_2023,Establishment Of Spindle Localization (GO:0051293),1/14,0.8609464455989648,0.99999620015268,0,0,0.5083013674562971,0.076104393807629,NLRP5,Basal,Suppressed
GO_Biological_Process_2023,Genitalia Development (GO:0048806),1/14,0.8609464455989648,0.99999620015268,0,0,0.5083013674562971,0.076104393807629,LHCGR,Basal,Suppressed
GO_Biological_Process_2023,Mammary Gland Epithelium Development (GO:0061180),1/14,0.8609464455989648,0.99999620015268,0,0,0.5083013674562971,0.076104393807629,ERBB4,Basal,Suppressed
GO_Biological_Process_2023,Membrane Raft Organization (GO:0031579),1/14,0.8609464455989648,0.99999620015268,0,0,0.5083013674562971,0.076104393807629,CAV3,Basal,Suppressed
GO_Biological_Process_2023,miRNA-mediated Gene Silencing By Inhibition Of Translation (GO:0035278),1/14,0.8609464455989648,0.99999620015268,0,0,0.5083013674562971,0.076104393807629,ZFP36,Basal,Suppressed
GO_Biological_Process_2023,Mitochondrial Calcium Ion Transmembrane Transport (GO:0006851),1/14,0.8609464455989648,0.99999620015268,0,0,0.5083013674562971,0.076104393807629,MICU3,Basal,Suppressed
GO_Biological_Process_2023,Negative Regulation Of Androgen Receptor Signaling Pathway (GO:0060766),1/14,0.8609464455989648,0.99999620015268,0,0,0.5083013674562971,0.076104393807629,TCF21,Basal,Suppressed
GO_Biological_Process_2023,Negative Regulation Of Blood Pressure (GO:0045776),1/14,0.8609464455989648,0.99999620015268,0,0,0.5083013674562971,0.076104393807629,FFAR3,Basal,Suppressed
GO_Biological_Process_2023,Negative Regulation Of Leukocyte Mediated Cytotoxicity (GO:0001911),1/14,0.8609464455989648,0.99999620015268,0,0,0.5083013674562971,0.076104393807629,CX3CR1,Basal,Suppressed
GO_Biological_Process_2023,Negative Regulation Of Nucleocytoplasmic Transport (GO:0046823),1/14,0.8609464455989648,0.99999620015268,0,0,0.5083013674562971,0.076104393807629,S100G,Basal,Suppressed
GO_Biological_Process_2023,Negative Regulation Of Peptidyl-Threonine Phosphorylation (GO:0010801),1/14,0.8609464455989648,0.99999620015268,0,0,0.5083013674562971,0.076104393807629,SPRY2,Basal,Suppressed
GO_Biological_Process_2023,Pancreas Development (GO:0031016),1/14,0.8609464455989648,0.99999620015268,0,0,0.5083013674562971,0.076104393807629,DNAAF1,Basal,Suppressed
GO_Biological_Process_2023,Phagolysosome Assembly (GO:0001845),1/14,0.8609464455989648,0.99999620015268,0,0,0.5083013674562971,0.076104393807629,SRPX,Basal,Suppressed
GO_Biological_Process_2023,Positive Regulation Of Long-Term Synaptic Potentiation (GO:1900273),1/14,0.8609464455989648,0.99999620015268,0,0,0.5083013674562971,0.076104393807629,RELN,Basal,Suppressed
GO_Biological_Process_2023,"Positive Regulation Of Nuclear-Transcribed mRNA Catabolic Process, Deadenylation-Dependent Decay (GO:1900153)",1/14,0.8609464455989648,0.99999620015268,0,0,0.5083013674562971,0.076104393807629,ZFP36,Basal,Suppressed
GO_Biological_Process_2023,Positive Regulation Of Protein-Containing Complex Disassembly (GO:0043243),1/14,0.8609464455989648,0.99999620015268,0,0,0.5083013674562971,0.076104393807629,FYCO1,Basal,Suppressed
GO_Biological_Process_2023,Positive Regulation Of Transcription From RNA Polymerase II Promoter Involved In Cellular Response To Chemical Stimulus (GO:1901522),1/14,0.8609464455989648,0.99999620015268,0,0,0.5083013674562971,0.076104393807629,XBP1,Basal,Suppressed
GO_Biological_Process_2023,Primary Alcohol Metabolic Process (GO:0034308),1/14,0.8609464455989648,0.99999620015268,0,0,0.5083013674562971,0.076104393807629,IGF1,Basal,Suppressed
GO_Biological_Process_2023,Regulation Of ATP Biosynthetic Process (GO:2001169),1/14,0.8609464455989648,0.99999620015268,0,0,0.5083013674562971,0.076104393807629,PID1,Basal,Suppressed
GO_Biological_Process_2023,Regulation Of Branching Involved In Ureteric Bud Morphogenesis (GO:0090189),1/14,0.8609464455989648,0.99999620015268,0,0,0.5083013674562971,0.076104393807629,BMP4,Basal,Suppressed
GO_Biological_Process_2023,Regulation Of Cell Fate Specification (GO:0042659),1/14,0.8609464455989648,0.99999620015268,0,0,0.5083013674562971,0.076104393807629,FGF2,Basal,Suppressed
GO_Biological_Process_2023,Regulation Of Establishment Of Protein Localization (GO:0070201),1/14,0.8609464455989648,0.99999620015268,0,0,0.5083013674562971,0.076104393807629,CORO2B,Basal,Suppressed
GO_Biological_Process_2023,Regulation Of Hemopoiesis (GO:1903706),1/14,0.8609464455989648,0.99999620015268,0,0,0.5083013674562971,0.076104393807629,PTN,Basal,Suppressed
GO_Biological_Process_2023,Regulation Of Leukocyte Activation (GO:0002694),1/14,0.8609464455989648,0.99999620015268,0,0,0.5083013674562971,0.076104393807629,GPER1,Basal,Suppressed
GO_Biological_Process_2023,Regulation Of Macrophage Differentiation (GO:0045649),1/14,0.8609464455989648,0.99999620015268,0,0,0.5083013674562971,0.076104393807629,PF4,Basal,Suppressed
GO_Biological_Process_2023,Regulation Of Microglial Cell Activation (GO:1903978),1/14,0.8609464455989648,0.99999620015268,0,0,0.5083013674562971,0.076104393807629,IL6,Basal,Suppressed
GO_Biological_Process_2023,Regulation Of Neuron Projection Arborization (GO:0150011),1/14,0.8609464455989648,0.99999620015268,0,0,0.5083013674562971,0.076104393807629,FZD4,Basal,Suppressed
GO_Biological_Process_2023,Regulation Of Superoxide Anion Generation (GO:0032928),1/14,0.8609464455989648,0.99999620015268,0,0,0.5083013674562971,0.076104393807629,MAPT,Basal,Suppressed
GO_Biological_Process_2023,Respiratory Electron Transport Chain (GO:0022904),1/14,0.8609464455989648,0.99999620015268,0,0,0.5083013674562971,0.076104393807629,SLC25A18,Basal,Suppressed
GO_Biological_Process_2023,Stress Fiber Assembly (GO:0043149),1/14,0.8609464455989648,0.99999620015268,0,0,0.5083013674562971,0.076104393807629,SORBS1,Basal,Suppressed
GO_Biological_Process_2023,Vascular Endothelial Growth Factor Signaling Pathway (GO:0038084),1/14,0.8609464455989648,0.99999620015268,0,0,0.5083013674562971,0.076104393807629,VEGFD,Basal,Suppressed
GO_Biological_Process_2023,Antimicrobial Humoral Response (GO:0019730),10/100,0.8619444448845348,0.99999620015268,0,0,0.7334691452338511,0.10896744711077,CST9L;TSLP;CTSG;CST9;CXCL14;IGHA2;CXCL2;F3;JCHAIN;PF4,Basal,Suppressed
GO_Biological_Process_2023,Cellular Response To Salt (GO:1902075),11/109,0.8634099263557737,0.99999620015268,0,0,0.740893529746633,0.1088118462087903,P2RY12;CRHBP;EGR1;SLC13A2;DLG2;ADGRV1;ALOX15;CAPN3;ADCY1;SYT9;GPLD1,Basal,Suppressed
GO_Biological_Process_2023,Regulation Of Small GTPase Mediated Signal Transduction (GO:0051056),12/118,0.8651708470975519,0.99999620015268,0,0,0.7471871213432577,0.108213825964186,PREX2;MRAP;ARHGAP20;DNMBP;RELN;ARHGAP40;ARHGEF15;RASGRF2;FAM13A;ITSN1;SLIT2;ARHGAP6,Basal,Suppressed
GO_Biological_Process_2023,Ceramide Metabolic Process (GO:0006672),5/55,0.865363364454994,0.99999620015268,0,0,0.6603888677087305,0.0954960511105623,ACER2;DEGS2;PLPP3;CYP4F22;PLPP1,Basal,Suppressed
GO_Biological_Process_2023,Neuron Migration (GO:0001764),5/55,0.865363364454994,0.99999620015268,0,0,0.6603888677087305,0.0954960511105623,GPM6A;NTRK2;RELN;DCDC2;NDNF,Basal,Suppressed
GO_Biological_Process_2023,Regulation Of Anatomical Structure Morphogenesis (GO:0022603),13/127,0.8671452011017836,0.99999620015268,0,0,0.752587970883231,0.1072805429282833,CRB2;PID1;FGF2;IL6;BMPER;ADGRA2;ADGRB3;LEP;KIF13B;MAPT;FERMT2;RAPGEF3;SH3D19,Basal,Suppressed
GO_Biological_Process_2023,Regulation Of Erythrocyte Differentiation (GO:0045646),3/36,0.8693396277852692,0.99999620015268,0,0,0.6004848484848485,0.0840807316132399,ZFP36;TAL1;HOXA5,Basal,Suppressed
GO_Biological_Process_2023,Substrate Adhesion-Dependent Cell Spreading (GO:0034446),3/36,0.8693396277852692,0.99999620015268,0,0,0.6004848484848485,0.0840807316132399,PIK3R1;TEK;FERMT2,Basal,Suppressed
GO_Biological_Process_2023,Development Of Primary Male Sexual Characteristics (GO:0046546),4/46,0.8711628908283059,0.99999620015268,0,0,0.6289924506387921,0.0867546037960719,ADAM29;LHCGR;KIT;GATA3,Basal,Suppressed
GO_Biological_Process_2023,Epithelial Cell Migration (GO:0010631),4/46,0.8711628908283059,0.99999620015268,0,0,0.6289924506387921,0.0867546037960719,KANK2;ADGRA2;KIT;CDH13,Basal,Suppressed
GO_Biological_Process_2023,Male Gonad Development (GO:0008584),4/46,0.8711628908283059,0.99999620015268,0,0,0.6289924506387921,0.0867546037960719,ADAM29;LHCGR;KIT;GATA3,Basal,Suppressed
GO_Biological_Process_2023,Negative Regulation Of Cellular Metabolic Process (GO:0031324),4/46,0.8711628908283059,0.99999620015268,0,0,0.6289924506387921,0.0867546037960719,PRKN;FBP1;CIDEC;PLIN5,Basal,Suppressed
GO_Biological_Process_2023,Positive Regulation Of Blood Vessel Endothelial Cell Migration (GO:0043536),4/46,0.8711628908283059,0.99999620015268,0,0,0.6289924506387921,0.0867546037960719,ANGPT4;RHOJ;PSG1;FGF2,Basal,Suppressed
GO_Biological_Process_2023,Regulation Of Nervous System Development (GO:0051960),4/46,0.8711628908283059,0.99999620015268,0,0,0.6289924506387921,0.0867546037960719,CX3CR1;PER2;LGI4;PTN,Basal,Suppressed
GO_Biological_Process_2023,Positive Regulation Of Cell Migration (GO:0030335),30/272,0.8717971963987542,0.99999620015268,0,0,0.8173801843757754,0.1121432984927245,SEMA5A;SEMA3C;TWIST2;SEMA3G;FGF1;MYLK;CDH5;PDGFD;GPER1;ENPP2;DRD1;XBP1;MYOC;F10;FZD4;EGF;SEMA6D;CAV1;IGF1;ADRA2A;F7;CXCL12;KIT;PECAM1;CDH13;SPRY2;TDGF1;FERMT2;DDR2;FGF10,Basal,Suppressed
GO_Biological_Process_2023,Canonical Wnt Signaling Pathway (GO:0060070),6/65,0.8718264577652717,0.99999620015268,0,0,0.6714889655974867,0.0921047109107071,CCL14;FZD4;CAV1;DIXDC1;WNT9B;GATA3,Basal,Suppressed
GO_Biological_Process_2023,Regulation Of Cell-Matrix Adhesion (GO:0001952),6/65,0.8718264577652717,0.99999620015268,0,0,0.6714889655974867,0.0921047109107071,MYOC;CCL21;CDH13;CD36;HOXA7;UTRN,Basal,Suppressed
GO_Biological_Process_2023,cAMP-mediated Signaling (GO:0019933),2/26,0.873560705284053,0.99999620015268,0,0,0.5505204366590505,0.0744180617773126,PDE2A;RAPGEF3,Basal,Suppressed
GO_Biological_Process_2023,Calcium-Ion Regulated Exocytosis (GO:0017156),2/26,0.873560705284053,0.99999620015268,0,0,0.5505204366590505,0.0744180617773126,DOC2B;SYT9,Basal,Suppressed
GO_Biological_Process_2023,Cardiac Muscle Cell Development (GO:0055013),2/26,0.873560705284053,0.99999620015268,0,0,0.5505204366590505,0.0744180617773126,MYH11;ALPK3,Basal,Suppressed
GO_Biological_Process_2023,Cell-Cell Adhesion Mediated By Cadherin (GO:0044331),2/26,0.873560705284053,0.99999620015268,0,0,0.5505204366590505,0.0744180617773126,CDH5;CDH13,Basal,Suppressed
GO_Biological_Process_2023,Establishment Or Maintenance Of Apical/Basal Cell Polarity (GO:0035088),2/26,0.873560705284053,0.99999620015268,0,0,0.5505204366590505,0.0744180617773126,CRB2;DLG2,Basal,Suppressed
GO_Biological_Process_2023,Negative Regulation Of Catalytic Activity (GO:0043086),2/26,0.873560705284053,0.99999620015268,0,0,0.5505204366590505,0.0744180617773126,PLN;SERPINA5,Basal,Suppressed
GO_Biological_Process_2023,Organelle Fusion (GO:0048284),2/26,0.873560705284053,0.99999620015268,0,0,0.5505204366590505,0.0744180617773126,CIDEA;CIDEC,Basal,Suppressed
GO_Biological_Process_2023,Plasma Membrane Invagination (GO:0099024),2/26,0.873560705284053,0.99999620015268,0,0,0.5505204366590505,0.0744180617773126,GSN;CD36,Basal,Suppressed
GO_Biological_Process_2023,Protein Export From Nucleus (GO:0006611),2/26,0.873560705284053,0.99999620015268,0,0,0.5505204366590505,0.0744180617773126,RANBP3L;EGR2,Basal,Suppressed
GO_Biological_Process_2023,Monoatomic Cation Transmembrane Transport (GO:0098655),31/281,0.8749448286535599,0.99999620015268,0,0,0.8175309973045822,0.1092176019642723,KCNE1;KCNC2;LRRC38;KCNA2;UCP1;SLC40A1;ATP1A4;KCNA4;KCNA5;ATP1A2;SLC4A4;CACNA1G;TRPM1;SCN9A;CNGA3;SCN3B;ASIC2;TRPM3;LRRC26;TRPC5;SLC30A8;SCARA5;KCNJ11;ABCC8;KCNK15;ABCC9;SLC4A8;SCN4A;SCN4B;SCN2B;HCN1,Basal,Suppressed
GO_Biological_Process_2023,Protein Localization To Plasma Membrane (GO:0072659),14/137,0.8758718056338113,0.99999620015268,0,0,0.7510714663382289,0.0995436618854742,TRARG1;RAB3C;FYB2;RAMP2;CAV3;TESC;ADIPOQ;ANK2;PDZK1;EHD2;DPP6;TMEM88;SCN3B;SPTBN1,Basal,Suppressed
GO_Biological_Process_2023,Sensory Perception Of Light Stimulus (GO:0050953),10/102,0.8773775881109696,0.99999620015268,0,0,0.7174411266482877,0.09385409428346,RD3;TRPM1;S100G;EFEMP1;ADGRV1;AOC2;CRYBG3;CDH23;ARRB1;NXNL2,Basal,Suppressed
GO_Biological_Process_2023,Regulation Of Protein Phosphorylation (GO:0001932),29/265,0.878184148878108,0.99999620015268,0,0,0.8101942728950509,0.1052434020152161,PRKN;PID1;FAXDC2;ITLN1;ARRB1;FGF1;FGF2;KLHL31;CDH5;RELN;BMPER;ERBB4;GPER1;LEPR;RSPO1;SLIT2;NTRK2;ADIPOQ;VEGFD;IGF1;BMP4;FGF16;LEP;HRC;CLDN19;PECAM1;TEK;PLPP3;FGF10,Basal,Suppressed
GO_Biological_Process_2023,Negative Regulation Of Phosphorylation (GO:0042326),7/75,0.8785393688067491,0.99999620015268,0,0,0.6796238525933075,0.0880075908679626,PRKN;BMP4;PID1;MAPT;SLIT2;PLPP3;KLHL31,Basal,Suppressed
GO_Biological_Process_2023,Regulation Of Inflammatory Response (GO:0050727),26/240,0.8789850222719887,0.99999620015268,0,0,0.80115942445423,0.1033394879306817,CEBPA;IL20;ALOX15;GATA3;CDH5;NLRP8;GPER1;NLRP5;FFAR4;ELANE;SNCA;IL33;TSLP;CMA1;PDE2A;ADIPOQ;KLF4;NLRP13;IL6;LRFN5;AGTR1;SAA1;PPARG;TEK;DNASE1L3;MGLL,Basal,Suppressed
GO_Biological_Process_2023,3'-Phosphoadenosine 5'-Phosphosulfate Metabolic Process (GO:0050427),1/15,0.8792306670733245,0.99999620015268,0,0,0.4719669367556691,0.0607459185346399,SULT1C3,Basal,Suppressed
GO_Biological_Process_2023,DNA Alkylation (GO:0006305),1/15,0.8792306670733245,0.99999620015268,0,0,0.4719669367556691,0.0607459185346399,FOS,Basal,Suppressed
GO_Biological_Process_2023,Amyloid-Beta Metabolic Process (GO:0050435),1/15,0.8792306670733245,0.99999620015268,0,0,0.4719669367556691,0.0607459185346399,MME,Basal,Suppressed
GO_Biological_Process_2023,Astrocyte Development (GO:0014002),1/15,0.8792306670733245,0.99999620015268,0,0,0.4719669367556691,0.0607459185346399,MAPT,Basal,Suppressed
GO_Biological_Process_2023,Cellular Response To Sterol (GO:0036315),1/15,0.8792306670733245,0.99999620015268,0,0,0.4719669367556691,0.0607459185346399,GPLD1,Basal,Suppressed
GO_Biological_Process_2023,Cellular Response To Zinc Ion (GO:0071294),1/15,0.8792306670733245,0.99999620015268,0,0,0.4719669367556691,0.0607459185346399,MT1A,Basal,Suppressed
GO_Biological_Process_2023,Ceramide Catabolic Process (GO:0046514),1/15,0.8792306670733245,0.99999620015268,0,0,0.4719669367556691,0.0607459185346399,ACER2,Basal,Suppressed
GO_Biological_Process_2023,Defense Response To Protozoan (GO:0042832),1/15,0.8792306670733245,0.99999620015268,0,0,0.4719669367556691,0.0607459185346399,PF4,Basal,Suppressed
GO_Biological_Process_2023,Epiboly Involved In Wound Healing (GO:0090505),1/15,0.8792306670733245,0.99999620015268,0,0,0.4719669367556691,0.0607459185346399,TMEFF2,Basal,Suppressed
GO_Biological_Process_2023,Ganglioside Biosynthetic Process (GO:0001574),1/15,0.8792306670733245,0.99999620015268,0,0,0.4719669367556691,0.0607459185346399,ST8SIA6,Basal,Suppressed
GO_Biological_Process_2023,Glycosaminoglycan Catabolic Process (GO:0006027),1/15,0.8792306670733245,0.99999620015268,0,0,0.4719669367556691,0.0607459185346399,FGF2,Basal,Suppressed
GO_Biological_Process_2023,Melanosome Transport (GO:0032402),1/15,0.8792306670733245,0.99999620015268,0,0,0.4719669367556691,0.0607459185346399,MLPH,Basal,Suppressed
GO_Biological_Process_2023,Negative Regulation Of DNA Replication (GO:0008156),1/15,0.8792306670733245,0.99999620015268,0,0,0.4719669367556691,0.0607459185346399,GMNC,Basal,Suppressed
GO_Biological_Process_2023,Negative Regulation Of Macrophage Activation (GO:0043031),1/15,0.8792306670733245,0.99999620015268,0,0,0.4719669367556691,0.0607459185346399,LRFN5,Basal,Suppressed
GO_Biological_Process_2023,Negative Regulation Of Platelet Activation (GO:0010544),1/15,0.8792306670733245,0.99999620015268,0,0,0.4719669367556691,0.0607459185346399,THBD,Basal,Suppressed
GO_Biological_Process_2023,Negative Regulation Of Protein Processing (GO:0010955),1/15,0.8792306670733245,0.99999620015268,0,0,0.4719669367556691,0.0607459185346399,PLAT,Basal,Suppressed
GO_Biological_Process_2023,Neurotrophin Signaling Pathway (GO:0038179),1/15,0.8792306670733245,0.99999620015268,0,0,0.4719669367556691,0.0607459185346399,NTF4,Basal,Suppressed
GO_Biological_Process_2023,Nitric Oxide Biosynthetic Process (GO:0006809),1/15,0.8792306670733245,0.99999620015268,0,0,0.4719669367556691,0.0607459185346399,MTARC1,Basal,Suppressed
GO_Biological_Process_2023,Phagosome Maturation (GO:0090382),1/15,0.8792306670733245,0.99999620015268,0,0,0.4719669367556691,0.0607459185346399,SRPX,Basal,Suppressed
GO_Biological_Process_2023,Pigment Granule Transport (GO:0051904),1/15,0.8792306670733245,0.99999620015268,0,0,0.4719669367556691,0.0607459185346399,MLPH,Basal,Suppressed
GO_Biological_Process_2023,Polyol Biosynthetic Process (GO:0046173),1/15,0.8792306670733245,0.99999620015268,0,0,0.4719669367556691,0.0607459185346399,FGF2,Basal,Suppressed
GO_Biological_Process_2023,"Positive Regulation Of DNA Damage Response, Signal Transduction By P53 Class Mediator (GO:0043517)",1/15,0.8792306670733245,0.99999620015268,0,0,0.4719669367556691,0.0607459185346399,PLA2R1,Basal,Suppressed
GO_Biological_Process_2023,Positive Regulation Of Cell Activation (GO:0050867),1/15,0.8792306670733245,0.99999620015268,0,0,0.4719669367556691,0.0607459185346399,SELP,Basal,Suppressed
GO_Biological_Process_2023,Positive Regulation Of Collagen Biosynthetic Process (GO:0032967),1/15,0.8792306670733245,0.99999620015268,0,0,0.4719669367556691,0.0607459185346399,BMP4,Basal,Suppressed
GO_Biological_Process_2023,Positive Regulation Of Transmembrane Transport (GO:0034764),1/15,0.8792306670733245,0.99999620015268,0,0,0.4719669367556691,0.0607459185346399,NR4A3,Basal,Suppressed
GO_Biological_Process_2023,Presynapse Assembly (GO:0099054),1/15,0.8792306670733245,0.99999620015268,0,0,0.4719669367556691,0.0607459185346399,NLGN4Y,Basal,Suppressed
GO_Biological_Process_2023,Protein Localization To Cell-Cell Junction (GO:0150105),1/15,0.8792306670733245,0.99999620015268,0,0,0.4719669367556691,0.0607459185346399,CDH5,Basal,Suppressed
GO_Biological_Process_2023,Receptor Catabolic Process (GO:0032801),1/15,0.8792306670733245,0.99999620015268,0,0,0.4719669367556691,0.0607459185346399,GPRASP1,Basal,Suppressed
GO_Biological_Process_2023,Regulation Of Activin Receptor Signaling Pathway (GO:0032925),1/15,0.8792306670733245,0.99999620015268,0,0,0.4719669367556691,0.0607459185346399,IGSF1,Basal,Suppressed
GO_Biological_Process_2023,Regulation Of Bicellular Tight Junction Assembly (GO:2000810),1/15,0.8792306670733245,0.99999620015268,0,0,0.4719669367556691,0.0607459185346399,CLDN5,Basal,Suppressed
GO_Biological_Process_2023,Regulation Of Cellular Response To Heat (GO:1900034),1/15,0.8792306670733245,0.99999620015268,0,0,0.4719669367556691,0.0607459185346399,MAPT,Basal,Suppressed
GO_Biological_Process_2023,Regulation Of Clathrin-Dependent Endocytosis (GO:2000369),1/15,0.8792306670733245,0.99999620015268,0,0,0.4719669367556691,0.0607459185346399,CCL14,Basal,Suppressed
GO_Biological_Process_2023,Regulation Of Interleukin-13 Production (GO:0032656),1/15,0.8792306670733245,0.99999620015268,0,0,0.4719669367556691,0.0607459185346399,TSLP,Basal,Suppressed
GO_Biological_Process_2023,Regulation Of Intrinsic Apoptotic Signaling Pathway In Response To DNA Damage (GO:1902229),1/15,0.8792306670733245,0.99999620015268,0,0,0.4719669367556691,0.0607459185346399,CXCL12,Basal,Suppressed
GO_Biological_Process_2023,Regulation Of Monocyte Differentiation (GO:0045655),1/15,0.8792306670733245,0.99999620015268,0,0,0.4719669367556691,0.0607459185346399,HOXA7,Basal,Suppressed
GO_Biological_Process_2023,Regulation Of Systemic Arterial Blood Pressure (GO:0003073),1/15,0.8792306670733245,0.99999620015268,0,0,0.4719669367556691,0.0607459185346399,SPX,Basal,Suppressed
GO_Biological_Process_2023,tRNA Wobble Base Modification (GO:0002097),1/15,0.8792306670733245,0.99999620015268,0,0,0.4719669367556691,0.0607459185346399,TRMT9B,Basal,Suppressed
GO_Biological_Process_2023,tRNA Wobble Uridine Modification (GO:0002098),1/15,0.8792306670733245,0.99999620015268,0,0,0.4719669367556691,0.0607459185346399,TRMT9B,Basal,Suppressed
GO_Biological_Process_2023,Cellular Response To Oxygen-Containing Compound (GO:1901701),46/406,0.8794099565717521,0.99999620015268,0,0,0.8418882864274034,0.1081860967953177,CX3CR1;KCNE1;PID1;KCNC2;IRS1;MPV17L;ALOX15;UCP1;ADCY1;RORB;CXCL2;FOXO1;AQP1;CRHBP;ZFP36;GNG2;GPER1;PDK4;FFAR3;CAPN3;CTSG;DRD1;SLIT2;P2RY12;SLC13A2;EGR1;XBP1;ADGRV1;FZD4;TESC;PDE2A;WNT9B;GPBAR1;FOS;SSTR1;SYT9;ESR1;IL6;DLG2;NR4A3;MAPT;SLC26A3;GPLD1;RAPGEF3;PF4;HCN1,Basal,Suppressed
GO_Biological_Process_2023,Axonemal Dynein Complex Assembly (GO:0070286),3/37,0.8812230076787613,0.99999620015268,0,0,0.5827899159663865,0.0736906115299038,DNAH7;DNAH5;DNAAF1,Basal,Suppressed
GO_Biological_Process_2023,Positive Regulation Of Immune Effector Process (GO:0002699),3/37,0.8812230076787613,0.99999620015268,0,0,0.5827899159663865,0.0736906115299038,FCN2;XBP1;PCK1,Basal,Suppressed
GO_Biological_Process_2023,Regulation Of Cellular Component Biogenesis (GO:0044087),3/37,0.8812230076787613,0.99999620015268,0,0,0.5827899159663865,0.0736906115299038,TIE1;CD36;GFAP,Basal,Suppressed
GO_Biological_Process_2023,Synaptic Vesicle Cycle (GO:0099504),3/37,0.8812230076787613,0.99999620015268,0,0,0.5827899159663865,0.0736906115299038,SLC17A7;SLC18A2;SNCA,Basal,Suppressed
GO_Biological_Process_2023,Regulation Of Interleukin-2 Production (GO:0032663),4/47,0.8817508088990862,0.99999620015268,0,0,0.614329268292683,0.0773107536163885,ZFP36;NAV3;CD34;SPTBN1,Basal,Suppressed
GO_Biological_Process_2023,Myeloid Cell Differentiation (GO:0030099),5/57,0.8849639326384476,0.99999620015268,0,0,0.6349159799407608,0.0775920589862364,CEBPA;ALAS2;TAL1;ZBTB16;KIT,Basal,Suppressed
GO_Biological_Process_2023,Calcium Ion Transport (GO:0006816),11/112,0.8850224683634644,0.99999620015268,0,0,0.7187619411539932,0.0877911980583943,TRPM1;TRPC5;RAMP2;CACNA2D1;CAV1;ITPR1;CDH23;NMUR1;CSN2;TRPM3;CACNA1G,Basal,Suppressed
GO_Biological_Process_2023,Negative Regulation Of Defense Response (GO:0031348),11/112,0.8850224683634644,0.99999620015268,0,0,0.7187619411539932,0.0877911980583943,CDH5;LRFN5;GPER1;ADIPOQ;FFAR4;SAA1;PPARG;GATA3;TEK;KLF4;ELANE,Basal,Suppressed
GO_Biological_Process_2023,Calcium-Mediated Signaling (GO:0019722),8/85,0.8852041006006287,0.99999620015268,0,0,0.6858332507187469,0.0836284754397275,P2RY12;SELP;EDNRB;PTGDR2;AGTR1;ANK2;NMUR1;LACRT,Basal,Suppressed
GO_Biological_Process_2023,Positive Regulation Of Canonical Wnt Signaling Pathway (GO:0090263),8/85,0.8852041006006287,0.99999620015268,0,0,0.6858332507187469,0.0836284754397275,SEMA5A;EGF;CAV1;GPC3;RSPO1;LYPD6;WLS;FGF10,Basal,Suppressed
GO_Biological_Process_2023,Positive Regulation Of Protein Localization (GO:1903829),8/85,0.8852041006006287,0.99999620015268,0,0,0.6858332507187469,0.0836284754397275,PRKN;NGFR;PECAM1;PDZK1;MAPT;GPD1L;CORO2B;FERMT2,Basal,Suppressed
GO_Biological_Process_2023,Regulation Of Ras Protein Signal Transduction (GO:0046578),7/76,0.8867140509893691,0.99999620015268,0,0,0.6697355252171702,0.08052412812158,KANK2;SPRY2;SPRY1;EPS8L3;IGF1;FBP1;FGF10,Basal,Suppressed
GO_Biological_Process_2023,GPI Anchor Metabolic Process (GO:0006505),2/27,0.8868228723264069,0.99999620015268,0,0,0.5284691546077684,0.0634744352301942,PGAP4;GPLD1,Basal,Suppressed
GO_Biological_Process_2023,Cellular Response To Acid Chemical (GO:0071229),2/27,0.8868228723264069,0.99999620015268,0,0,0.5284691546077684,0.0634744352301942,XBP1;KLF2,Basal,Suppressed
GO_Biological_Process_2023,Cellular Response To Epidermal Growth Factor Stimulus (GO:0071364),2/27,0.8868228723264069,0.99999620015268,0,0,0.5284691546077684,0.0634744352301942,ZFP36;TDGF1,Basal,Suppressed
GO_Biological_Process_2023,Myeloid Cell Development (GO:0061515),2/27,0.8868228723264069,0.99999620015268,0,0,0.5284691546077684,0.0634744352301942,ALAS2;KIT,Basal,Suppressed
GO_Biological_Process_2023,Negative Regulation Of Neurogenesis (GO:0050768),2/27,0.8868228723264069,0.99999620015268,0,0,0.5284691546077684,0.0634744352301942,IL6;PTN,Basal,Suppressed
GO_Biological_Process_2023,Positive Regulation Of Cytosolic Calcium Ion Concentration Involved In Phospholipase C-activating G Protein-Coupled Signaling Pathway (GO:0051482),2/27,0.8868228723264069,0.99999620015268,0,0,0.5284691546077684,0.0634744352301942,GPR17;DRD1,Basal,Suppressed
GO_Biological_Process_2023,Positive Regulation Of Mitotic Cell Cycle (GO:0045931),2/27,0.8868228723264069,0.99999620015268,0,0,0.5284691546077684,0.0634744352301942,FOXA1;TAL1,Basal,Suppressed
GO_Biological_Process_2023,Regulation Of Actin Polymerization Or Depolymerization (GO:0008064),2/27,0.8868228723264069,0.99999620015268,0,0,0.5284691546077684,0.0634744352301942,CXCL12;ARHGAP40,Basal,Suppressed
GO_Biological_Process_2023,Regulation Of Extrinsic Apoptotic Signaling Pathway In Absence Of Ligand (GO:2001239),2/27,0.8868228723264069,0.99999620015268,0,0,0.5284691546077684,0.0634744352301942,BCL2;PF4,Basal,Suppressed
GO_Biological_Process_2023,Regulation Of Immunoglobulin Production (GO:0002637),2/27,0.8868228723264069,0.99999620015268,0,0,0.5284691546077684,0.0634744352301942,XBP1;IL6,Basal,Suppressed
GO_Biological_Process_2023,Positive Regulation Of Protein Modification Process (GO:0031401),24/225,0.8880927916429113,0.99999620015268,0,0,0.7873535548066121,0.0934423690293217,EGR1;NTRK2;FAXDC2;ADIPOQ;ITLN1;VEGFD;ARRB1;FGF1;FGF2;BMP4;CDH5;FGF16;RELN;ERBB4;GPER1;LEP;CLDN19;LEPR;PECAM1;FAM47E;RSPO1;TEK;TRABD2B;FGF10,Basal,Suppressed
GO_Biological_Process_2023,Cholesterol Metabolic Process (GO:0008203),6/67,0.8894180836915652,0.99999620015268,0,0,0.6493979067411937,0.07610155659703,NPC1L1;AKR1D1;APOF;APOB;TM7SF2;CES1,Basal,Suppressed
GO_Biological_Process_2023,Peptidyl-Tyrosine Phosphorylation (GO:0018108),6/67,0.8894180836915652,0.99999620015268,0,0,0.6493979067411937,0.07610155659703,EFEMP1;RELN;ERBB4;LEP;TEK;DDR2,Basal,Suppressed
GO_Biological_Process_2023,Cytoplasmic Microtubule Organization (GO:0031122),4/48,0.8915732838475805,0.99999620015268,0,0,0.6003325942350333,0.0688987563760307,CEP126;TPPP;MAPT;TRDN,Basal,Suppressed
GO_Biological_Process_2023,Negative Regulation Of ERK1 And ERK2 Cascade (GO:0070373),4/48,0.8915732838475805,0.99999620015268,0,0,0.6003325942350333,0.0688987563760307,GPER1;TIMP3;SPRY2;SPRY1,Basal,Suppressed
GO_Biological_Process_2023,Regulation Of DNA Binding (GO:0051101),4/48,0.8915732838475805,0.99999620015268,0,0,0.6003325942350333,0.0688987563760307,PRKN;EGF;PPARG;IGF1,Basal,Suppressed
GO_Biological_Process_2023,Connective Tissue Development (GO:0061448),3/38,0.8921335594300499,0.99999620015268,0,0,0.5661061224489796,0.0646150286117908,XBP1;ZBTB16;SOX5,Basal,Suppressed
GO_Biological_Process_2023,Heart Looping (GO:0001947),3/38,0.8921335594300499,0.99999620015268,0,0,0.5661061224489796,0.0646150286117908,SOX17;DNAAF1;TGFBR2,Basal,Suppressed
GO_Biological_Process_2023,Positive Regulation Of Myoblast Differentiation (GO:0045663),3/38,0.8921335594300499,0.99999620015268,0,0,0.5661061224489796,0.0646150286117908,RANBP3L;SMYD1;RBM24,Basal,Suppressed
GO_Biological_Process_2023,Positive Regulation Of Production Of Molecular Mediator Of Immune Response (GO:0002702),3/38,0.8921335594300499,0.99999620015268,0,0,0.5661061224489796,0.0646150286117908,XBP1;IL6;FFAR3,Basal,Suppressed
GO_Biological_Process_2023,Regulation Of Protein Import Into Nucleus (GO:0042306),3/38,0.8921335594300499,0.99999620015268,0,0,0.5661061224489796,0.0646150286117908,BMP4;S100G;PIK3R1,Basal,Suppressed
GO_Biological_Process_2023,Response To Peptide (GO:1901652),3/38,0.8921335594300499,0.99999620015268,0,0,0.5661061224489796,0.0646150286117908,CALCR;IRS1;PRLH,Basal,Suppressed
GO_Biological_Process_2023,Signal Release From Synapse (GO:0099643),3/38,0.8921335594300499,0.99999620015268,0,0,0.5661061224489796,0.0646150286117908,PTPRN2;LIN7A;SNCA,Basal,Suppressed
GO_Biological_Process_2023,Eye Development (GO:0001654),5/58,0.8938115156089106,0.99999620015268,0,0,0.6229004668426618,0.0699270298354125,EFEMP1;ADAMTS18;MAB21L1;MEIS3P2;CHRDL1,Basal,Suppressed
GO_Biological_Process_2023,Memory (GO:0007613),5/58,0.8938115156089106,0.99999620015268,0,0,0.6229004668426618,0.0699270298354125,NTF4;CUX2;SLC2A4;MAPT;PTN,Basal,Suppressed
GO_Biological_Process_2023,Monoatomic Cation Homeostasis (GO:0055080),7/77,0.8944218646112118,0.99999620015268,0,0,0.660129721480351,0.0736557763289818,TMPRSS6;CAV1;CYP4A11;SLC40A1;CYBRD1;CYP4F12;SNCA,Basal,Suppressed
GO_Biological_Process_2023,Positive Regulation Of Response To Stimulus (GO:0048584),7/77,0.8944218646112118,0.99999620015268,0,0,0.660129721480351,0.0736557763289818,C6;C7;ADIPOQ;LRRC70;GATA3;C8B;FGF10,Basal,Suppressed
GO_Biological_Process_2023,Positive Regulation Of Synaptic Transmission (GO:0050806),7/77,0.8944218646112118,0.99999620015268,0,0,0.660129721480351,0.0736557763289818,LGI1;RELN;CLSTN2;GPER1;DRD1;CRHR2;BAIAP3,Basal,Suppressed
GO_Biological_Process_2023,Activin Receptor Signaling Pathway (GO:0032924),1/16,0.8951114457273064,0.99999620015268,0,0,0.440477096815125,0.0488079668509199,ACVR1C,Basal,Suppressed
GO_Biological_Process_2023,Antifungal Innate Immune Response (GO:0061760),1/16,0.8951114457273064,0.99999620015268,0,0,0.440477096815125,0.0488079668509199,CX3CR1,Basal,Suppressed
GO_Biological_Process_2023,Cell Communication By Electrical Coupling Involved In Cardiac Conduction (GO:0086064),1/16,0.8951114457273064,0.99999620015268,0,0,0.440477096815125,0.0488079668509199,ATP1A2,Basal,Suppressed
GO_Biological_Process_2023,Cell Surface Receptor Signaling Pathway Involved In Heart Development (GO:0061311),1/16,0.8951114457273064,0.99999620015268,0,0,0.440477096815125,0.0488079668509199,BMP4,Basal,Suppressed
GO_Biological_Process_2023,Chondroitin Sulfate Metabolic Process (GO:0030204),1/16,0.8951114457273064,0.99999620015268,0,0,0.440477096815125,0.0488079668509199,NDNF,Basal,Suppressed
GO_Biological_Process_2023,Endoplasmic Reticulum Tubular Network Organization (GO:0071786),1/16,0.8951114457273064,0.99999620015268,0,0,0.440477096815125,0.0488079668509199,RTN1,Basal,Suppressed
GO_Biological_Process_2023,Establishment Of Melanosome Localization (GO:0032401),1/16,0.8951114457273064,0.99999620015268,0,0,0.440477096815125,0.0488079668509199,MLPH,Basal,Suppressed
GO_Biological_Process_2023,Extrinsic Apoptotic Signaling Pathway In Absence Of Ligand (GO:0097192),1/16,0.8951114457273064,0.99999620015268,0,0,0.440477096815125,0.0488079668509199,BCL2,Basal,Suppressed
GO_Biological_Process_2023,Mitophagy (GO:0000423),1/16,0.8951114457273064,0.99999620015268,0,0,0.440477096815125,0.0488079668509199,PRKN,Basal,Suppressed
GO_Biological_Process_2023,Negative Regulation Of ATP-dependent Activity (GO:0032780),1/16,0.8951114457273064,0.99999620015268,0,0,0.440477096815125,0.0488079668509199,PLN,Basal,Suppressed
GO_Biological_Process_2023,Negative Regulation Of Phosphatase Activity (GO:0010923),1/16,0.8951114457273064,0.99999620015268,0,0,0.440477096815125,0.0488079668509199,CRY2,Basal,Suppressed
GO_Biological_Process_2023,Negative Regulation Of Receptor Signaling Pathway Via JAK-STAT (GO:0046426),1/16,0.8951114457273064,0.99999620015268,0,0,0.440477096815125,0.0488079668509199,CAV1,Basal,Suppressed
GO_Biological_Process_2023,Neuron Projection Organization (GO:0106027),1/16,0.8951114457273064,0.99999620015268,0,0,0.440477096815125,0.0488079668509199,ABCD2,Basal,Suppressed
GO_Biological_Process_2023,Nitric Oxide Metabolic Process (GO:0046209),1/16,0.8951114457273064,0.99999620015268,0,0,0.440477096815125,0.0488079668509199,MTARC1,Basal,Suppressed
GO_Biological_Process_2023,Nuclear Migration (GO:0007097),1/16,0.8951114457273064,0.99999620015268,0,0,0.440477096815125,0.0488079668509199,SYNE3,Basal,Suppressed
GO_Biological_Process_2023,Oligodendrocyte Development (GO:0014003),1/16,0.8951114457273064,0.99999620015268,0,0,0.440477096815125,0.0488079668509199,TPPP,Basal,Suppressed
GO_Biological_Process_2023,Pharyngeal System Development (GO:0060037),1/16,0.8951114457273064,0.99999620015268,0,0,0.440477096815125,0.0488079668509199,GATA3,Basal,Suppressed
GO_Biological_Process_2023,Phosphatidylinositol Dephosphorylation (GO:0046856),1/16,0.8951114457273064,0.99999620015268,0,0,0.440477096815125,0.0488079668509199,INPP5J,Basal,Suppressed
GO_Biological_Process_2023,Positive Regulation By Host Of Viral Transcription (GO:0043923),1/16,0.8951114457273064,0.99999620015268,0,0,0.440477096815125,0.0488079668509199,PSG1,Basal,Suppressed
GO_Biological_Process_2023,Positive Regulation Of Collagen Metabolic Process (GO:0010714),1/16,0.8951114457273064,0.99999620015268,0,0,0.440477096815125,0.0488079668509199,BMP4,Basal,Suppressed
GO_Biological_Process_2023,Protein O-linked Mannosylation (GO:0035269),1/16,0.8951114457273064,0.99999620015268,0,0,0.440477096815125,0.0488079668509199,TMTC1,Basal,Suppressed
GO_Biological_Process_2023,Protein Localization To Mitochondrion (GO:0070585),1/16,0.8951114457273064,0.99999620015268,0,0,0.440477096815125,0.0488079668509199,RNF186,Basal,Suppressed
GO_Biological_Process_2023,Regulation Of Autophagosome Maturation (GO:1901096),1/16,0.8951114457273064,0.99999620015268,0,0,0.440477096815125,0.0488079668509199,FYCO1,Basal,Suppressed
GO_Biological_Process_2023,Regulation Of Interleukin-1 Production (GO:0032652),1/16,0.8951114457273064,0.99999620015268,0,0,0.440477096815125,0.0488079668509199,SAA1,Basal,Suppressed
GO_Biological_Process_2023,Regulation Of Natural Killer Cell Activation (GO:0032814),1/16,0.8951114457273064,0.99999620015268,0,0,0.440477096815125,0.0488079668509199,LEP,Basal,Suppressed
GO_Biological_Process_2023,Regulation Of Nucleocytoplasmic Transport (GO:0046822),1/16,0.8951114457273064,0.99999620015268,0,0,0.440477096815125,0.0488079668509199,BMP4,Basal,Suppressed
GO_Biological_Process_2023,Regulation Of Osteoblast Proliferation (GO:0033688),1/16,0.8951114457273064,0.99999620015268,0,0,0.440477096815125,0.0488079668509199,TNN,Basal,Suppressed
GO_Biological_Process_2023,"Regulation Of Synaptic Transmission, GABAergic (GO:0032228)",1/16,0.8951114457273064,0.99999620015268,0,0,0.440477096815125,0.0488079668509199,BAIAP3,Basal,Suppressed
GO_Biological_Process_2023,Retinal Metabolic Process (GO:0042574),1/16,0.8951114457273064,0.99999620015268,0,0,0.440477096815125,0.0488079668509199,AKR1C1,Basal,Suppressed
GO_Biological_Process_2023,Reverse Cholesterol Transport (GO:0043691),1/16,0.8951114457273064,0.99999620015268,0,0,0.440477096815125,0.0488079668509199,CES1,Basal,Suppressed
GO_Biological_Process_2023,Stabilization Of Membrane Potential (GO:0030322),1/16,0.8951114457273064,0.99999620015268,0,0,0.440477096815125,0.0488079668509199,KCNK15,Basal,Suppressed
GO_Biological_Process_2023,Sulfation (GO:0051923),1/16,0.8951114457273064,0.99999620015268,0,0,0.440477096815125,0.0488079668509199,SULT1C3,Basal,Suppressed
GO_Biological_Process_2023,"Synaptic Transmission, Cholinergic (GO:0007271)",1/16,0.8951114457273064,0.99999620015268,0,0,0.440477096815125,0.0488079668509199,SLC5A7,Basal,Suppressed
GO_Biological_Process_2023,Negative Regulation Of Protein Phosphorylation (GO:0001933),15/149,0.8953418762343573,0.99999620015268,0,0,0.7384718200044553,0.0816378005166699,PRKN;PID1;CAV3;LRP1;CAV1;KLHL31;MLXIPL;INPP5J;SPRY2;PPARG;DMD;SLIT2;GPD1L;PLPP3;SNCA,Basal,Suppressed
GO_Biological_Process_2023,Negative Regulation Of Canonical Wnt Signaling Pathway (GO:0090090),11/114,0.8978198679761332,0.99999620015268,0,0,0.7047237813994384,0.0759592329458599,IGFBP1;CCL14;PRKN;SOX17;TMEM88;TNN;CAV1;IGFBP6;DKK3;SHISA6;RBMS3,Basal,Suppressed
GO_Biological_Process_2023,Response To Endoplasmic Reticulum Stress (GO:0034976),11/114,0.8978198679761332,0.99999620015268,0,0,0.7047237813994384,0.0759592329458599,PRKN;XBP1;RASGRF2;ALOX15;ITPR1;BCL2;PIK3R1;SEL1L2;RNF186;ATF3;THBS4,Basal,Suppressed
GO_Biological_Process_2023,Regulation Of Neuron Apoptotic Process (GO:0043523),10/105,0.8978693025932292,0.99999620015268,0,0,0.6946644686582767,0.0748367339610711,PRKN;NTF4;EGR1;TFAP2B;NTRK2;MAG;CITED1;BCL2;NDNF;IL6ST,Basal,Suppressed
GO_Biological_Process_2023,Cellular Response To Osmotic Stress (GO:0071470),2/28,0.8987843771445264,0.99999620015268,0,0,0.5081141250219696,0.054221935852035,CAPN3;MYLK,Basal,Suppressed
GO_Biological_Process_2023,Limb Development (GO:0060173),2/28,0.8987843771445264,0.99999620015268,0,0,0.5081141250219696,0.054221935852035,PCSK5;FGF10,Basal,Suppressed
GO_Biological_Process_2023,Mucosal Immune Response (GO:0002385),2/28,0.8987843771445264,0.99999620015268,0,0,0.5081141250219696,0.054221935852035,PIGR;FFAR3,Basal,Suppressed
GO_Biological_Process_2023,Protein Depolymerization (GO:0051261),2/28,0.8987843771445264,0.99999620015268,0,0,0.5081141250219696,0.054221935852035,GSN;STMND1,Basal,Suppressed
GO_Biological_Process_2023,Regulation Of Nitric-Oxide Synthase Activity (GO:0050999),2/28,0.8987843771445264,0.99999620015268,0,0,0.5081141250219696,0.054221935852035,CAV3;LEP,Basal,Suppressed
GO_Biological_Process_2023,Regulation Of Platelet Activation (GO:0010543),2/28,0.8987843771445264,0.99999620015268,0,0,0.5081141250219696,0.054221935852035,SELP;THBD,Basal,Suppressed
GO_Biological_Process_2023,Regulation Of Protein Targeting To Membrane (GO:0090313),2/28,0.8987843771445264,0.99999620015268,0,0,0.5081141250219696,0.054221935852035,KCNE1;PDZK1,Basal,Suppressed
GO_Biological_Process_2023,Vascular Endothelial Growth Factor Receptor Signaling Pathway (GO:0048010),2/28,0.8987843771445264,0.99999620015268,0,0,0.5081141250219696,0.054221935852035,CLEC14A;VEGFD,Basal,Suppressed
GO_Biological_Process_2023,Erythrocyte Differentiation (GO:0030218),4/49,0.9006726581419966,0.99999620015268,0,0,0.5869579945799458,0.0614036696418291,TGFBR3;ALAS2;TAL1;KIT,Basal,Suppressed
GO_Biological_Process_2023,Anterior/Posterior Pattern Specification (GO:0009952),5/59,0.902064534833002,0.99999620015268,0,0,0.6113299727481961,0.0630093004587393,HOXA7;PCSK5;HOXA6;HOXA5;WLS,Basal,Suppressed
GO_Biological_Process_2023,Heart Morphogenesis (GO:0003007),5/59,0.902064534833002,0.99999620015268,0,0,0.6113299727481961,0.0630093004587393,TGFBR3;ADAMTS5;SOX17;SYNPO2L;CCM2L,Basal,Suppressed
GO_Biological_Process_2023,Regulation Of Multicellular Organismal Development (GO:2000026),5/59,0.902064534833002,0.99999620015268,0,0,0.6113299727481961,0.0630093004587393,SOX17;TNN;GATA3;PTN;ALOX15B,Basal,Suppressed
GO_Biological_Process_2023,Negative Regulation Of Transport (GO:0051051),3/39,0.9021358060855174,0.99999620015268,0,0,0.5503492063492064,0.056680579885204,PRKN;EGF;SNCA,Basal,Suppressed
GO_Biological_Process_2023,Neuron Projection Extension (GO:1990138),3/39,0.9021358060855174,0.99999620015268,0,0,0.5503492063492064,0.056680579885204,SEMA5A;TNN;SPAG6,Basal,Suppressed
GO_Biological_Process_2023,Positive Regulation Of ATP-dependent Activity (GO:0032781),3/39,0.9021358060855174,0.99999620015268,0,0,0.5503492063492064,0.056680579885204,MYL3;TNNT3;FGF10,Basal,Suppressed
GO_Biological_Process_2023,Regulation Of Mitochondrial Membrane Potential (GO:0051881),3/39,0.9021358060855174,0.99999620015268,0,0,0.5503492063492064,0.056680579885204,PID1;BCL2;MAPT,Basal,Suppressed
GO_Biological_Process_2023,Regulation Of Receptor-Mediated Endocytosis (GO:0048259),3/39,0.9021358060855174,0.99999620015268,0,0,0.5503492063492064,0.056680579885204,CCL21;RSPO1;F3,Basal,Suppressed
GO_Biological_Process_2023,Neuron Projection Guidance (GO:0097485),12/124,0.9038836937389112,0.99999620015268,0,0,0.706913499344692,0.0714368497667336,SEMA5A;LGI1;ROBO4;CXCL12;RELN;SEMA3C;SEMA6D;NRXN3;SEMA3G;SLIT2;DSCAML1;MYPN,Basal,Suppressed
GO_Biological_Process_2023,Phospholipid Metabolic Process (GO:0006644),6/69,0.9049132334457366,0.99999620015268,0,0,0.6287094547964113,0.0628182687587515,PLPPR1;ENPP2;PLAAT3;PLPP3;ALOX15B;PLPP1,Basal,Suppressed
GO_Biological_Process_2023,Positive Regulation Of Plasma Membrane Bounded Cell Projection Assembly (GO:0120034),8/88,0.906231121909931,0.99999620015268,0,0,0.66,0.0649841966572648,P2RY12;DOCK11;GPM6A;TENM2;CCL21;PALM;PIK3R1;EPS8L3,Basal,Suppressed
GO_Biological_Process_2023,Positive Regulation Of Catabolic Process (GO:0009896),7/79,0.9085110947754576,0.99999620015268,0,0,0.6417185976514477,0.061571730894054,PRKN;CAV3;TIPARP;GPC3;ASB5;VIP;FOXO1,Basal,Suppressed
GO_Biological_Process_2023,Positive Regulation Of Protein Localization To Membrane (GO:1905477),7/79,0.9085110947754576,0.99999620015268,0,0,0.6417185976514477,0.061571730894054,PRKN;LRP1;GPER1;PDZK1;PIK3R1;SORBS1;SPTBN1,Basal,Suppressed
GO_Biological_Process_2023,Golgi To Vacuole Transport (GO:0006896),1/17,0.9089046066061388,0.99999620015268,0,0,0.4129234868671488,0.0394404419895689,ASB15,Basal,Suppressed
GO_Biological_Process_2023,Rac Protein Signal Transduction (GO:0016601),1/17,0.9089046066061388,0.99999620015268,0,0,0.4129234868671488,0.0394404419895689,CDH13,Basal,Suppressed
GO_Biological_Process_2023,T Cell Migration (GO:0072678),1/17,0.9089046066061388,0.99999620015268,0,0,0.4129234868671488,0.0394404419895689,S1PR1,Basal,Suppressed
GO_Biological_Process_2023,Branched-Chain Amino Acid Catabolic Process (GO:0009083),1/17,0.9089046066061388,0.99999620015268,0,0,0.4129234868671488,0.0394404419895689,ALDH6A1,Basal,Suppressed
GO_Biological_Process_2023,Carboxylic Acid Catabolic Process (GO:0046395),1/17,0.9089046066061388,0.99999620015268,0,0,0.4129234868671488,0.0394404419895689,HOGA1,Basal,Suppressed
GO_Biological_Process_2023,Diol Biosynthetic Process (GO:0034312),1/17,0.9089046066061388,0.99999620015268,0,0,0.4129234868671488,0.0394404419895689,ACER2,Basal,Suppressed
GO_Biological_Process_2023,Embryonic Heart Tube Development (GO:0035050),1/17,0.9089046066061388,0.99999620015268,0,0,0.4129234868671488,0.0394404419895689,SOX17,Basal,Suppressed
GO_Biological_Process_2023,Hippo Signaling (GO:0035329),1/17,0.9089046066061388,0.99999620015268,0,0,0.4129234868671488,0.0394404419895689,FAT4,Basal,Suppressed
GO_Biological_Process_2023,Intracellular Zinc Ion Homeostasis (GO:0006882),1/17,0.9089046066061388,0.99999620015268,0,0,0.4129234868671488,0.0394404419895689,SLC30A8,Basal,Suppressed
GO_Biological_Process_2023,Microtubule Depolymerization (GO:0007019),1/17,0.9089046066061388,0.99999620015268,0,0,0.4129234868671488,0.0394404419895689,STMND1,Basal,Suppressed
GO_Biological_Process_2023,Motile Cilium Assembly (GO:0044458),1/17,0.9089046066061388,0.99999620015268,0,0,0.4129234868671488,0.0394404419895689,DNAAF1,Basal,Suppressed
GO_Biological_Process_2023,Myeloid Cell Activation Involved In Immune Response (GO:0002275),1/17,0.9089046066061388,0.99999620015268,0,0,0.4129234868671488,0.0394404419895689,DNASE1L3,Basal,Suppressed
GO_Biological_Process_2023,ncRNA Metabolic Process (GO:0034660),1/17,0.9089046066061388,0.99999620015268,0,0,0.4129234868671488,0.0394404419895689,MAPT,Basal,Suppressed
GO_Biological_Process_2023,Negative Regulation Of Rho Protein Signal Transduction (GO:0035024),1/17,0.9089046066061388,0.99999620015268,0,0,0.4129234868671488,0.0394404419895689,MYOC,Basal,Suppressed
GO_Biological_Process_2023,Negative Regulation Of Oxidative Stress-Induced Intrinsic Apoptotic Signaling Pathway (GO:1902176),1/17,0.9089046066061388,0.99999620015268,0,0,0.4129234868671488,0.0394404419895689,PRKN,Basal,Suppressed
GO_Biological_Process_2023,Peroxisomal Membrane Transport (GO:0015919),1/17,0.9089046066061388,0.99999620015268,0,0,0.4129234868671488,0.0394404419895689,ABCD2,Basal,Suppressed
GO_Biological_Process_2023,Positive Regulation By Host Of Viral Process (GO:0044794),1/17,0.9089046066061388,0.99999620015268,0,0,0.4129234868671488,0.0394404419895689,CAV2,Basal,Suppressed
GO_Biological_Process_2023,Positive Regulation Of Alpha-Beta T Cell Proliferation (GO:0046641),1/17,0.9089046066061388,0.99999620015268,0,0,0.4129234868671488,0.0394404419895689,TGFBR2,Basal,Suppressed
GO_Biological_Process_2023,Positive Regulation Of Amyloid-Beta Formation (GO:1902004),1/17,0.9089046066061388,0.99999620015268,0,0,0.4129234868671488,0.0394404419895689,PSG1,Basal,Suppressed
GO_Biological_Process_2023,Positive Regulation Of Dendrite Extension (GO:1903861),1/17,0.9089046066061388,0.99999620015268,0,0,0.4129234868671488,0.0394404419895689,RNF157,Basal,Suppressed
GO_Biological_Process_2023,Positive Regulation Of Lymphocyte Chemotaxis (GO:0140131),1/17,0.9089046066061388,0.99999620015268,0,0,0.4129234868671488,0.0394404419895689,CCL21,Basal,Suppressed
GO_Biological_Process_2023,Positive Regulation Of Transcription From RNA Polymerase II Promoter In Response To Stress (GO:0036003),1/17,0.9089046066061388,0.99999620015268,0,0,0.4129234868671488,0.0394404419895689,KLF2,Basal,Suppressed
GO_Biological_Process_2023,Postsynaptic Membrane Organization (GO:0001941),1/17,0.9089046066061388,0.99999620015268,0,0,0.4129234868671488,0.0394404419895689,NLGN4Y,Basal,Suppressed
GO_Biological_Process_2023,rRNA Transcription (GO:0009303),1/17,0.9089046066061388,0.99999620015268,0,0,0.4129234868671488,0.0394404419895689,CAVIN1,Basal,Suppressed
GO_Biological_Process_2023,Regulation Of Aerobic Respiration (GO:1903715),1/17,0.9089046066061388,0.99999620015268,0,0,0.4129234868671488,0.0394404419895689,COX7A1,Basal,Suppressed
GO_Biological_Process_2023,Regulation Of Cellular Respiration (GO:0043457),1/17,0.9089046066061388,0.99999620015268,0,0,0.4129234868671488,0.0394404419895689,PRDM16,Basal,Suppressed
GO_Biological_Process_2023,Regulation Of Delayed Rectifier Potassium Channel Activity (GO:1902259),1/17,0.9089046066061388,0.99999620015268,0,0,0.4129234868671488,0.0394404419895689,KCNE1,Basal,Suppressed
GO_Biological_Process_2023,Regulation Of Mitotic Cell Cycle Spindle Assembly Checkpoint (GO:0090266),1/17,0.9089046066061388,0.99999620015268,0,0,0.4129234868671488,0.0394404419895689,DUSP1,Basal,Suppressed
GO_Biological_Process_2023,Regulation Of Protein Sumoylation (GO:0033233),1/17,0.9089046066061388,0.99999620015268,0,0,0.4129234868671488,0.0394404419895689,EGR1,Basal,Suppressed
GO_Biological_Process_2023,Regulation Of Receptor Recycling (GO:0001919),1/17,0.9089046066061388,0.99999620015268,0,0,0.4129234868671488,0.0394404419895689,SNCA,Basal,Suppressed
GO_Biological_Process_2023,Regulation Of Vacuole Organization (GO:0044088),1/17,0.9089046066061388,0.99999620015268,0,0,0.4129234868671488,0.0394404419895689,RNF186,Basal,Suppressed
GO_Biological_Process_2023,Regulation Of Viral Transcription (GO:0046782),1/17,0.9089046066061388,0.99999620015268,0,0,0.4129234868671488,0.0394404419895689,ZFP36,Basal,Suppressed
GO_Biological_Process_2023,Response To Interferon-Alpha (GO:0035455),1/17,0.9089046066061388,0.99999620015268,0,0,0.4129234868671488,0.0394404419895689,GATA3,Basal,Suppressed
GO_Biological_Process_2023,Sulfur Amino Acid Metabolic Process (GO:0000096),1/17,0.9089046066061388,0.99999620015268,0,0,0.4129234868671488,0.0394404419895689,CDO1,Basal,Suppressed
GO_Biological_Process_2023,Pyruvate Metabolic Process (GO:0006090),4/50,0.909090646869992,0.99999620015268,0,0,0.5741648992576882,0.0547239253994572,PFKFB1;NR4A3;HOGA1;PCK1,Basal,Suppressed
GO_Biological_Process_2023,Carbohydrate Derivative Biosynthetic Process (GO:1901137),2/29,0.9095578988241468,0.99999620015268,0,0,0.4892668754054892,0.046380847529623,ST8SIA6;DDR2,Basal,Suppressed
GO_Biological_Process_2023,Heterotypic Cell-Cell Adhesion (GO:0034113),2/29,0.9095578988241468,0.99999620015268,0,0,0.4892668754054892,0.046380847529623,ITGA7;JAM3,Basal,Suppressed
GO_Biological_Process_2023,Integrated Stress Response Signaling (GO:0140467),2/29,0.9095578988241468,0.99999620015268,0,0,0.4892668754054892,0.046380847529623,CEBPA;FOS,Basal,Suppressed
GO_Biological_Process_2023,Negative Regulation Of DNA Binding (GO:0043392),2/29,0.9095578988241468,0.99999620015268,0,0,0.4892668754054892,0.046380847529623,PER2;MSX2,Basal,Suppressed
GO_Biological_Process_2023,Negative Regulation Of Plasma Membrane Bounded Cell Projection Assembly (GO:0120033),2/29,0.9095578988241468,0.99999620015268,0,0,0.4892668754054892,0.046380847529623,CCL21;SLIT2,Basal,Suppressed
GO_Biological_Process_2023,Organic Cyclic Compound Biosynthetic Process (GO:1901362),2/29,0.9095578988241468,0.99999620015268,0,0,0.4892668754054892,0.046380847529623,HDC;HSD3B1,Basal,Suppressed
GO_Biological_Process_2023,Positive Regulation Of Neural Precursor Cell Proliferation (GO:2000179),2/29,0.9095578988241468,0.99999620015268,0,0,0.4892668754054892,0.046380847529623,CX3CR1;DCT,Basal,Suppressed
GO_Biological_Process_2023,Regulation Of Voltage-Gated Calcium Channel Activity (GO:1901385),2/29,0.9095578988241468,0.99999620015268,0,0,0.4892668754054892,0.046380847529623,S100G;DMD,Basal,Suppressed
GO_Biological_Process_2023,Sterol Metabolic Process (GO:0016125),5/60,0.9097532336871184,0.99999620015268,0,0,0.6001802238935293,0.056766178726527,CYP26A1;FAXDC2;APOF;APOB;CES1,Basal,Suppressed
GO_Biological_Process_2023,Notch Signaling Pathway (GO:0007219),3/40,0.9112922509530064,0.99999620015268,0,0,0.5354440154440154,0.0497382677993242,NOTCH4;DTX1;ZNF423,Basal,Suppressed
GO_Biological_Process_2023,Establishment Or Maintenance Of Epithelial Cell Apical/Basal Polarity (GO:0045197),3/40,0.9112922509530064,0.99999620015268,0,0,0.5354440154440154,0.0497382677993242,CRB2;DLG2;LIN7A,Basal,Suppressed
GO_Biological_Process_2023,Negative Regulation Of Mitotic Cell Cycle Phase Transition (GO:1901991),3/40,0.9112922509530064,0.99999620015268,0,0,0.5354440154440154,0.0497382677993242,KANK2;FHL1;KLF4,Basal,Suppressed
GO_Biological_Process_2023,Positive Regulation Of Protein Transport (GO:0051222),6/70,0.9119327610431116,0.99999620015268,0,0,0.618850114416476,0.0570511846789603,FGB;MYOM1;FGA;FGG;IGF1;SYTL4,Basal,Suppressed
GO_Biological_Process_2023,Sensory Organ Development (GO:0007423),6/70,0.9119327610431116,0.99999620015268,0,0,0.618850114416476,0.0570511846789603,NTF4;ADAMTS18;MAB21L1;MEIS3P2;GATA3;CHRDL1,Basal,Suppressed
GO_Biological_Process_2023,Sensory Perception Of Mechanical Stimulus (GO:0050954),8/89,0.9124717863578466,0.99999620015268,0,0,0.6518141551220432,0.059704946677186,CLIC5;KCNE1;GRXCR2;GRM7;CDH23;DCDC2;OTOR;SLC26A5,Basal,Suppressed
GO_Biological_Process_2023,Regulation Of Protein Localization To Plasma Membrane (GO:1903076),7/80,0.91492975515432,0.99999620015268,0,0,0.6328913465006036,0.0562690955923767,PID1;LRP1;GPER1;AGR2;PIK3R1;SORBS1;SPTBN1,Basal,Suppressed
GO_Biological_Process_2023,Response To Type II Interferon (GO:0034341),7/80,0.91492975515432,0.99999620015268,0,0,0.6328913465006036,0.0562690955923767,CCL14;CCL23;CITED1;CCL21;TDGF1;CCL16;SNCA,Basal,Suppressed
GO_Biological_Process_2023,Regulation Of Cell Adhesion (GO:0030155),14/144,0.9149312284139968,0.99999620015268,0,0,0.7103407686422224,0.0631538239868276,SEMA5A;TNXB;LAMA2;DUSP1;TESC;PDE3B;CHRD;C2CD4B;CXCL12;TNN;DACT2;SAA1;CDH13;PLXNA4,Basal,Suppressed
GO_Biological_Process_2023,Regulation Of Stress-Activated MAPK Cascade (GO:0032872),4/51,0.9168680704156624,0.99999620015268,0,0,0.5619161909704203,0.0487696546964379,TGFBR3;PER1;IGFBP6;FOXO1,Basal,Suppressed
GO_Biological_Process_2023,Embryonic Skeletal System Morphogenesis (GO:0048704),2/30,0.9192489736860192,0.99999620015268,0,0,0.4717658579044718,0.0397218715669314,DSCAML1;TGFBR2,Basal,Suppressed
GO_Biological_Process_2023,Homologous Chromosome Pairing At Meiosis (GO:0007129),2/30,0.9192489736860192,0.99999620015268,0,0,0.4717658579044718,0.0397218715669314,TERB2;IHO1,Basal,Suppressed
GO_Biological_Process_2023,Negative Regulation Of Carbohydrate Metabolic Process (GO:0045912),2/30,0.9192489736860192,0.99999620015268,0,0,0.4717658579044718,0.0397218715669314,ADIPOQ;FBP1,Basal,Suppressed
GO_Biological_Process_2023,"Phagocytosis, Engulfment (GO:0006911)",2/30,0.9192489736860192,0.99999620015268,0,0,0.4717658579044718,0.0397218715669314,GSN;CD36,Basal,Suppressed
GO_Biological_Process_2023,Positive Regulation Of Interleukin-10 Production (GO:0032733),2/30,0.9192489736860192,0.99999620015268,0,0,0.4717658579044718,0.0397218715669314,IL6;TSLP,Basal,Suppressed
GO_Biological_Process_2023,Regulation Of Dendritic Spine Morphogenesis (GO:0061001),2/30,0.9192489736860192,0.99999620015268,0,0,0.4717658579044718,0.0397218715669314,CUX2;RELN,Basal,Suppressed
GO_Biological_Process_2023,Response To Amino Acid (GO:0043200),2/30,0.9192489736860192,0.99999620015268,0,0,0.4717658579044718,0.0397218715669314,XBP1;GLRA3,Basal,Suppressed
GO_Biological_Process_2023,Response To Epidermal Growth Factor (GO:0070849),2/30,0.9192489736860192,0.99999620015268,0,0,0.4717658579044718,0.0397218715669314,ZFP36;TDGF1,Basal,Suppressed
GO_Biological_Process_2023,Regulation Of Response To External Stimulus (GO:0032101),12/127,0.919486655151179,0.99999620015268,0,0,0.6883526126844834,0.0577801449823197,P2RY12;NLRP13;NLRP8;IL20;ADGRA2;CMA1;CAV1;ALOX15;NLRP5;AGTR1;CD36;MGLL,Basal,Suppressed
GO_Biological_Process_2023,Axoneme Assembly (GO:0035082),3/41,0.9196630404540932,0.99999620015268,0,0,0.5213233082706767,0.0436597512673667,RP1;DNAAF1;CFAP46,Basal,Suppressed
GO_Biological_Process_2023,Detection Of Chemical Stimulus Involved In Sensory Perception Of Bitter Taste (GO:0001580),3/41,0.9196630404540932,0.99999620015268,0,0,0.5213233082706767,0.0436597512673667,PIGR;GNAT3;PIP,Basal,Suppressed
GO_Biological_Process_2023,Negative Regulation Of Proteolysis (GO:0045861),3/41,0.9196630404540932,0.99999620015268,0,0,0.5213233082706767,0.0436597512673667,TIMP3;PLAT;TIMP4,Basal,Suppressed
GO_Biological_Process_2023,Non-Canonical Wnt Signaling Pathway (GO:0035567),3/41,0.9196630404540932,0.99999620015268,0,0,0.5213233082706767,0.0436597512673667,FZD4;PRICKLE2;WNT9B,Basal,Suppressed
GO_Biological_Process_2023,Positive Regulation Of Actin Filament Polymerization (GO:0030838),3/41,0.9196630404540932,0.99999620015268,0,0,0.5213233082706767,0.0436597512673667,CSF3;CCL21;LMOD1,Basal,Suppressed
GO_Biological_Process_2023,Regulation Of Microtubule-Based Process (GO:0032886),3/41,0.9196630404540932,0.99999620015268,0,0,0.5213233082706767,0.0436597512673667,FRMPD2;TPPP;MAPT,Basal,Suppressed
GO_Biological_Process_2023,Regulation Of Release Of Cytochrome C From Mitochondria (GO:0090199),3/41,0.9196630404540932,0.99999620015268,0,0,0.5213233082706767,0.0436597512673667,PRKN;GPER1;IGF1,Basal,Suppressed
GO_Biological_Process_2023,Stem Cell Differentiation (GO:0048863),3/41,0.9196630404540932,0.99999620015268,0,0,0.5213233082706767,0.0436597512673667,GPM6A;KIT;MEOX1,Basal,Suppressed
GO_Biological_Process_2023,Synaptic Vesicle Exocytosis (GO:0016079),3/41,0.9196630404540932,0.99999620015268,0,0,0.5213233082706767,0.0436597512673667,UNC13C;DOC2B;SNCA,Basal,Suppressed
GO_Biological_Process_2023,Positive Regulation Of Cell Projection Organization (GO:0031346),11/118,0.919888802965001,0.99999620015268,0,0,0.6782218349469143,0.0566332069623481,NTRK2;PLK5;CUX2;RELN;TNN;FZD4;NDNF;PTN;SLIT2;PLXNA4;DDR2,Basal,Suppressed
GO_Biological_Process_2023,Epithelium Development (GO:0060429),15/154,0.91994987685901,0.99999620015268,0,0,0.7117015916543459,0.0593815995477221,KANK2;AKR1C1;KRT24;TCF21;AKR1C2;KRT32;MEOX1;SOX17;DHRS9;ALDH1A2;KRT37;PPARG;CD34;CES1;FGF10,Basal,Suppressed
GO_Biological_Process_2023,Transmembrane Receptor Protein Tyrosine Kinase Signaling Pathway (GO:0007169),30/284,0.9200232843462898,0.99999620015268,0,0,0.7782182538960921,0.0648693943829727,PTPRT;IRS1;PLAT;PIK3R1;ADRB2;FGF1;FGF2;FOXO1;NTF4;SOCS2;GHR;ERBB4;PDGFD;PDK4;KL;NTRK2;CAV2;TIE1;VEGFD;IGF1;SORBS1;FGF16;NR4A3;GFRAL;KIT;COL4A6;TEK;GPLD1;ANGPTL1;DDR2,Basal,Suppressed
GO_Biological_Process_2023,3'-UTR-mediated mRNA Stabilization (GO:0070935),1/18,0.9208844873059918,0.99999620015268,0,0,0.3886114780895228,0.0320296189929404,ZFP36,Basal,Suppressed
GO_Biological_Process_2023,Associative Learning (GO:0008306),1/18,0.9208844873059918,0.99999620015268,0,0,0.3886114780895228,0.0320296189929404,DRD1,Basal,Suppressed
GO_Biological_Process_2023,Cell Junction Maintenance (GO:0034331),1/18,0.9208844873059918,0.99999620015268,0,0,0.3886114780895228,0.0320296189929404,CBLN1,Basal,Suppressed
GO_Biological_Process_2023,Epithelial Cell Development (GO:0002064),1/18,0.9208844873059918,0.99999620015268,0,0,0.3886114780895228,0.0320296189929404,DACT2,Basal,Suppressed
GO_Biological_Process_2023,Glucose 6-Phosphate Metabolic Process (GO:0051156),1/18,0.9208844873059918,0.99999620015268,0,0,0.3886114780895228,0.0320296189929404,G6PC2,Basal,Suppressed
GO_Biological_Process_2023,Glycerolipid Catabolic Process (GO:0046503),1/18,0.9208844873059918,0.99999620015268,0,0,0.3886114780895228,0.0320296189929404,MGLL,Basal,Suppressed
GO_Biological_Process_2023,Intracellular Lipid Transport (GO:0032365),1/18,0.9208844873059918,0.99999620015268,0,0,0.3886114780895228,0.0320296189929404,ABCD2,Basal,Suppressed
GO_Biological_Process_2023,Maintenance Of Protein Location In Nucleus (GO:0051457),1/18,0.9208844873059918,0.99999620015268,0,0,0.3886114780895228,0.0320296189929404,SYNE1,Basal,Suppressed
GO_Biological_Process_2023,Melanosome Localization (GO:0032400),1/18,0.9208844873059918,0.99999620015268,0,0,0.3886114780895228,0.0320296189929404,MLPH,Basal,Suppressed
GO_Biological_Process_2023,Mesenchyme Morphogenesis (GO:0072132),1/18,0.9208844873059918,0.99999620015268,0,0,0.3886114780895228,0.0320296189929404,ADAMTS5,Basal,Suppressed
GO_Biological_Process_2023,Negative Regulation Of Nervous System Development (GO:0051961),1/18,0.9208844873059918,0.99999620015268,0,0,0.3886114780895228,0.0320296189929404,IL6,Basal,Suppressed
GO_Biological_Process_2023,Negative Regulation Of Signal Transduction By P53 Class Mediator (GO:1901797),1/18,0.9208844873059918,0.99999620015268,0,0,0.3886114780895228,0.0320296189929404,PRKN,Basal,Suppressed
GO_Biological_Process_2023,Negative Regulation Of Viral Entry Into Host Cell (GO:0046597),1/18,0.9208844873059918,0.99999620015268,0,0,0.3886114780895228,0.0320296189929404,GSN,Basal,Suppressed
GO_Biological_Process_2023,Positive Regulation Of CREB Transcription Factor Activity (GO:0032793),1/18,0.9208844873059918,0.99999620015268,0,0,0.3886114780895228,0.0320296189929404,RELN,Basal,Suppressed
GO_Biological_Process_2023,Positive Regulation Of DNA Replication (GO:0045740),1/18,0.9208844873059918,0.99999620015268,0,0,0.3886114780895228,0.0320296189929404,EGF,Basal,Suppressed
GO_Biological_Process_2023,Positive Regulation Of NLRP3 Inflammasome Complex Assembly (GO:1900227),1/18,0.9208844873059918,0.99999620015268,0,0,0.3886114780895228,0.0320296189929404,CD36,Basal,Suppressed
GO_Biological_Process_2023,Positive Regulation Of Cytokine Production Involved In Inflammatory Response (GO:1900017),1/18,0.9208844873059918,0.99999620015268,0,0,0.3886114780895228,0.0320296189929404,IL6,Basal,Suppressed
GO_Biological_Process_2023,Positive Regulation Of Epidermal Cell Differentiation (GO:0045606),1/18,0.9208844873059918,0.99999620015268,0,0,0.3886114780895228,0.0320296189929404,IL20,Basal,Suppressed
GO_Biological_Process_2023,Positive Regulation Of Establishment Of Protein Localization (GO:1904951),1/18,0.9208844873059918,0.99999620015268,0,0,0.3886114780895228,0.0320296189929404,CORO2B,Basal,Suppressed
GO_Biological_Process_2023,Positive Regulation Of Interleukin-4 Production (GO:0032753),1/18,0.9208844873059918,0.99999620015268,0,0,0.3886114780895228,0.0320296189929404,GATA3,Basal,Suppressed
GO_Biological_Process_2023,Positive Regulation Of Macrophage Migration (GO:1905523),1/18,0.9208844873059918,0.99999620015268,0,0,0.3886114780895228,0.0320296189929404,P2RY12,Basal,Suppressed
GO_Biological_Process_2023,Positive Regulation Of Monocyte Chemotaxis (GO:0090026),1/18,0.9208844873059918,0.99999620015268,0,0,0.3886114780895228,0.0320296189929404,CXCL12,Basal,Suppressed
GO_Biological_Process_2023,Positive Regulation Of Stress-Activated Protein Kinase Signaling Cascade (GO:0070304),1/18,0.9208844873059918,0.99999620015268,0,0,0.3886114780895228,0.0320296189929404,IGFBP6,Basal,Suppressed
GO_Biological_Process_2023,Regulation Of Cell Cycle G2/M Phase Transition (GO:1902749),1/18,0.9208844873059918,0.99999620015268,0,0,0.3886114780895228,0.0320296189929404,NEK10,Basal,Suppressed
GO_Biological_Process_2023,Regulation Of Dendrite Extension (GO:1903859),1/18,0.9208844873059918,0.99999620015268,0,0,0.3886114780895228,0.0320296189929404,RNF157,Basal,Suppressed
GO_Biological_Process_2023,Regulation Of Exosomal Secretion (GO:1903541),1/18,0.9208844873059918,0.99999620015268,0,0,0.3886114780895228,0.0320296189929404,PRKN,Basal,Suppressed
GO_Biological_Process_2023,Regulation Of Histone Modification (GO:0031056),1/18,0.9208844873059918,0.99999620015268,0,0,0.3886114780895228,0.0320296189929404,MYOCD,Basal,Suppressed
GO_Biological_Process_2023,Regulation Of Lymphocyte Activation (GO:0051249),1/18,0.9208844873059918,0.99999620015268,0,0,0.3886114780895228,0.0320296189929404,LEP,Basal,Suppressed
GO_Biological_Process_2023,Regulation Of Mitochondrial Membrane Permeability (GO:0046902),1/18,0.9208844873059918,0.99999620015268,0,0,0.3886114780895228,0.0320296189929404,BCL2,Basal,Suppressed
GO_Biological_Process_2023,Regulation Of Mitochondrial Outer Membrane Permeabilization Involved In Apoptotic Signaling Pathway (GO:1901028),1/18,0.9208844873059918,0.99999620015268,0,0,0.3886114780895228,0.0320296189929404,MPV17L,Basal,Suppressed
GO_Biological_Process_2023,Regulation Of Nervous System Process (GO:0031644),1/18,0.9208844873059918,0.99999620015268,0,0,0.3886114780895228,0.0320296189929404,DLGAP2,Basal,Suppressed
GO_Biological_Process_2023,Regulation Of Oligodendrocyte Differentiation (GO:0048713),1/18,0.9208844873059918,0.99999620015268,0,0,0.3886114780895228,0.0320296189929404,PTN,Basal,Suppressed
GO_Biological_Process_2023,Regulation Of Protein Neddylation (GO:2000434),1/18,0.9208844873059918,0.99999620015268,0,0,0.3886114780895228,0.0320296189929404,EPAS1,Basal,Suppressed
GO_Biological_Process_2023,Regulation Of Synaptic Vesicle Exocytosis (GO:2000300),1/18,0.9208844873059918,0.99999620015268,0,0,0.3886114780895228,0.0320296189929404,SLC4A8,Basal,Suppressed
GO_Biological_Process_2023,Response To Axon Injury (GO:0048678),1/18,0.9208844873059918,0.99999620015268,0,0,0.3886114780895228,0.0320296189929404,P2RY12,Basal,Suppressed
GO_Biological_Process_2023,Vesicle-Mediated Transport In Synapse (GO:0099003),1/18,0.9208844873059918,0.99999620015268,0,0,0.3886114780895228,0.0320296189929404,SNCA,Basal,Suppressed
GO_Biological_Process_2023,Activation Of Protein Kinase Activity (GO:0032147),7/81,0.9209558255852812,0.99999620015268,0,0,0.6243026697051878,0.0514070842187839,CAB39L;LEP;ADRB2;IGF1;FGF1;ADRA2A;TGFBR2,Basal,Suppressed
GO_Biological_Process_2023,Negative Regulation Of Response To Stimulus (GO:0048585),4/52,0.9240446356868848,0.99999620015268,0,0,0.5501778455284553,0.043461244707719,AMBP;SLIT2;KLF4;ADRA2A,Basal,Suppressed
GO_Biological_Process_2023,Cellular Response To Hypoxia (GO:0071456),6/72,0.9246308562308924,0.99999620015268,0,0,0.6000277373275085,0.0470185907959047,ANGPT4;EPAS1;PPARG;NDNF;MGARP;AQP1,Basal,Suppressed
GO_Biological_Process_2023,Negative Regulation Of Catabolic Process (GO:0009895),6/72,0.9246308562308924,0.99999620015268,0,0,0.6000277373275085,0.0470185907959047,HCAR2;PDE3B;CIDEA;FBP1;ADRA2A;CIDEC,Basal,Suppressed
GO_Biological_Process_2023,Ceramide Biosynthetic Process (GO:0046513),3/42,0.9273057173277324,0.99999620015268,0,0,0.50792673992674,0.038334234537937,ST8SIA6;DEGS2;CYP4F22,Basal,Suppressed
GO_Biological_Process_2023,Determination Of Heart Left/Right Asymmetry (GO:0061371),3/42,0.9273057173277324,0.99999620015268,0,0,0.50792673992674,0.038334234537937,SOX17;DNAAF1;TGFBR2,Basal,Suppressed
GO_Biological_Process_2023,Embryonic Heart Tube Morphogenesis (GO:0003143),3/42,0.9273057173277324,0.99999620015268,0,0,0.50792673992674,0.038334234537937,SOX17;DNAAF1;TGFBR2,Basal,Suppressed
GO_Biological_Process_2023,Sensory Perception Of Bitter Taste (GO:0050913),3/42,0.9273057173277324,0.99999620015268,0,0,0.50792673992674,0.038334234537937,PIGR;GNAT3;PIP,Basal,Suppressed
GO_Biological_Process_2023,Actin Filament Polymerization (GO:0030041),2/31,0.9279559264546136,0.99999620015268,0,0,0.4554718071276624,0.0340561008773942,GSN;ARHGAP6,Basal,Suppressed
GO_Biological_Process_2023,Endodermal Cell Differentiation (GO:0035987),2/31,0.9279559264546136,0.99999620015268,0,0,0.4554718071276624,0.0340561008773942,LAMA3;ITGA7,Basal,Suppressed
GO_Biological_Process_2023,Glutamine Family Amino Acid Metabolic Process (GO:0009064),2/31,0.9279559264546136,0.99999620015268,0,0,0.4554718071276624,0.0340561008773942,ALDH4A1;TAT,Basal,Suppressed
GO_Biological_Process_2023,Negative Regulation Of DNA Biosynthetic Process (GO:2000279),2/31,0.9279559264546136,0.99999620015268,0,0,0.4554718071276624,0.0340561008773942,DACH1;ADIPOQ,Basal,Suppressed
GO_Biological_Process_2023,Negative Regulation Of Developmental Growth (GO:0048640),2/31,0.9279559264546136,0.99999620015268,0,0,0.4554718071276624,0.0340561008773942,MAG;SEMA3G,Basal,Suppressed
GO_Biological_Process_2023,Phospholipid Translocation (GO:0045332),2/31,0.9279559264546136,0.99999620015268,0,0,0.4554718071276624,0.0340561008773942,ABCB1;PLSCR4,Basal,Suppressed
GO_Biological_Process_2023,Positive Regulation Of G1/S Transition Of Mitotic Cell Cycle (GO:1900087),2/31,0.9279559264546136,0.99999620015268,0,0,0.4554718071276624,0.0340561008773942,ADAMTS1;FGF10,Basal,Suppressed
GO_Biological_Process_2023,Positive Regulation Of Lamellipodium Organization (GO:1902745),2/31,0.9279559264546136,0.99999620015268,0,0,0.4554718071276624,0.0340561008773942,ENPP2;PIK3R1,Basal,Suppressed
GO_Biological_Process_2023,Positive Regulation Of Mononuclear Cell Migration (GO:0071677),2/31,0.9279559264546136,0.99999620015268,0,0,0.4554718071276624,0.0340561008773942,CXCL12;JAM2,Basal,Suppressed
GO_Biological_Process_2023,Protein Localization To Chromatin (GO:0071168),2/31,0.9279559264546136,0.99999620015268,0,0,0.4554718071276624,0.0340561008773942,FAM47E;ESR1,Basal,Suppressed
GO_Biological_Process_2023,Regulation Of Cell Morphogenesis (GO:0022604),2/31,0.9279559264546136,0.99999620015268,0,0,0.4554718071276624,0.0340561008773942,FERMT2;SH3D19,Basal,Suppressed
GO_Biological_Process_2023,Regulation Of Protein Autophosphorylation (GO:0031952),2/31,0.9279559264546136,0.99999620015268,0,0,0.4554718071276624,0.0340561008773942,PDGFD;NEK10,Basal,Suppressed
GO_Biological_Process_2023,Positive Regulation Of Neuron Projection Development (GO:0010976),8/92,0.9291035858006572,0.99999620015268,0,0,0.6284260268993094,0.0462113354808134,NTRK2;CUX2;RELN;PLK5;TNN;NDNF;PTN;DDR2,Basal,Suppressed
GO_Biological_Process_2023,Cellular Response To Decreased Oxygen Levels (GO:0036294),6/73,0.9303545069417468,0.99999620015268,0,0,0.5910379452850165,0.0426667782027868,ANGPT4;EPAS1;PPARG;NDNF;MGARP;AQP1,Basal,Suppressed
GO_Biological_Process_2023,Actin Cytoskeleton Reorganization (GO:0031532),4/53,0.93065876297437,0.99999620015268,0,0,0.5389186162269786,0.0387280909619142,THSD7B;KIT;S1PR1;FGF10,Basal,Suppressed
GO_Biological_Process_2023,Gonad Development (GO:0008406),4/53,0.93065876297437,0.99999620015268,0,0,0.5389186162269786,0.0387280909619142,ADAM29;LHCGR;KIT;GATA3,Basal,Suppressed
GO_Biological_Process_2023,Protein Homotetramerization (GO:0051289),4/53,0.93065876297437,0.99999620015268,0,0,0.5389186162269786,0.0387280909619142,ALDH1A2;ACACB;GNMT;HCN1,Basal,Suppressed
GO_Biological_Process_2023,Arp2/3 Complex-Mediated Actin Nucleation (GO:0034314),1/19,0.9312893861826244,0.99999620015268,0,0,0.3670008036205219,0.026125031586293,IQGAP2,Basal,Suppressed
GO_Biological_Process_2023,N-glycan Processing (GO:0006491),1/19,0.9312893861826244,0.99999620015268,0,0,0.3670008036205219,0.026125031586293,ST8SIA6,Basal,Suppressed
GO_Biological_Process_2023,RNA Destabilization (GO:0050779),1/19,0.9312893861826244,0.99999620015268,0,0,0.3670008036205219,0.026125031586293,RBM24,Basal,Suppressed
GO_Biological_Process_2023,Atrioventricular Valve Morphogenesis (GO:0003181),1/19,0.9312893861826244,0.99999620015268,0,0,0.3670008036205219,0.026125031586293,TGFBR2,Basal,Suppressed
GO_Biological_Process_2023,Establishment Of Skin Barrier (GO:0061436),1/19,0.9312893861826244,0.99999620015268,0,0,0.3670008036205219,0.026125031586293,TP63,Basal,Suppressed
GO_Biological_Process_2023,Ganglioside Metabolic Process (GO:0001573),1/19,0.9312893861826244,0.99999620015268,0,0,0.3670008036205219,0.026125031586293,ST8SIA6,Basal,Suppressed
GO_Biological_Process_2023,Glycosphingolipid Biosynthetic Process (GO:0006688),1/19,0.9312893861826244,0.99999620015268,0,0,0.3670008036205219,0.026125031586293,ST8SIA6,Basal,Suppressed
GO_Biological_Process_2023,Heme Biosynthetic Process (GO:0006783),1/19,0.9312893861826244,0.99999620015268,0,0,0.3670008036205219,0.026125031586293,ALAS2,Basal,Suppressed
GO_Biological_Process_2023,Leukotriene Biosynthetic Process (GO:0019370),1/19,0.9312893861826244,0.99999620015268,0,0,0.3670008036205219,0.026125031586293,GGTA1,Basal,Suppressed
GO_Biological_Process_2023,Mesoderm Development (GO:0007498),1/19,0.9312893861826244,0.99999620015268,0,0,0.3670008036205219,0.026125031586293,TIE1,Basal,Suppressed
GO_Biological_Process_2023,Negative Regulation Of Execution Phase Of Apoptosis (GO:1900118),1/19,0.9312893861826244,0.99999620015268,0,0,0.3670008036205219,0.026125031586293,CIDEA,Basal,Suppressed
GO_Biological_Process_2023,Negative Regulation Of Leukocyte Cell-Cell Adhesion (GO:1903038),1/19,0.9312893861826244,0.99999620015268,0,0,0.3670008036205219,0.026125031586293,CTSG,Basal,Suppressed
GO_Biological_Process_2023,Negative Regulation Of Protein Dephosphorylation (GO:0035308),1/19,0.9312893861826244,0.99999620015268,0,0,0.3670008036205219,0.026125031586293,CRY2,Basal,Suppressed
GO_Biological_Process_2023,Oligodendrocyte Differentiation (GO:0048709),1/19,0.9312893861826244,0.99999620015268,0,0,0.3670008036205219,0.026125031586293,TPPP,Basal,Suppressed
GO_Biological_Process_2023,Phosphate Ion Transport (GO:0006817),1/19,0.9312893861826244,0.99999620015268,0,0,0.3670008036205219,0.026125031586293,SLC17A7,Basal,Suppressed
GO_Biological_Process_2023,Phosphatidylcholine Biosynthetic Process (GO:0006656),1/19,0.9312893861826244,0.99999620015268,0,0,0.3670008036205219,0.026125031586293,SLC44A4,Basal,Suppressed
GO_Biological_Process_2023,piRNA Processing (GO:0034587),1/19,0.9312893861826244,0.99999620015268,0,0,0.3670008036205219,0.026125031586293,ANKRD34C,Basal,Suppressed
GO_Biological_Process_2023,Positive Regulation Of Activated T Cell Proliferation (GO:0042104),1/19,0.9312893861826244,0.99999620015268,0,0,0.3670008036205219,0.026125031586293,IGF1,Basal,Suppressed
GO_Biological_Process_2023,Positive Regulation Of Histone Methylation (GO:0031062),1/19,0.9312893861826244,0.99999620015268,0,0,0.3670008036205219,0.026125031586293,FAM47E,Basal,Suppressed
GO_Biological_Process_2023,Protein Heterooligomerization (GO:0051291),1/19,0.9312893861826244,0.99999620015268,0,0,0.3670008036205219,0.026125031586293,KCNC2,Basal,Suppressed
GO_Biological_Process_2023,Purine Ribonucleotide Transport (GO:0015868),1/19,0.9312893861826244,0.99999620015268,0,0,0.3670008036205219,0.026125031586293,ABCC6,Basal,Suppressed
GO_Biological_Process_2023,Regulation Of B Cell Differentiation (GO:0045577),1/19,0.9312893861826244,0.99999620015268,0,0,0.3670008036205219,0.026125031586293,XBP1,Basal,Suppressed
GO_Biological_Process_2023,Regulation Of Autophagy Of Mitochondrion (GO:1903146),1/19,0.9312893861826244,0.99999620015268,0,0,0.3670008036205219,0.026125031586293,PRKN,Basal,Suppressed
GO_Biological_Process_2023,Regulation Of Granulocyte Chemotaxis (GO:0071622),1/19,0.9312893861826244,0.99999620015268,0,0,0.3670008036205219,0.026125031586293,JAM3,Basal,Suppressed
GO_Biological_Process_2023,Regulation Of Nuclear Division (GO:0051783),1/19,0.9312893861826244,0.99999620015268,0,0,0.3670008036205219,0.026125031586293,CAV2,Basal,Suppressed
GO_Biological_Process_2023,Regulation Of Transcription Involved In G1/S Transition Of Mitotic Cell Cycle (GO:0000083),1/19,0.9312893861826244,0.99999620015268,0,0,0.3670008036205219,0.026125031586293,CDK15,Basal,Suppressed
GO_Biological_Process_2023,Release Of Cytochrome C From Mitochondria (GO:0001836),1/19,0.9312893861826244,0.99999620015268,0,0,0.3670008036205219,0.026125031586293,BCL2,Basal,Suppressed
GO_Biological_Process_2023,Skeletal Muscle Contraction (GO:0003009),1/19,0.9312893861826244,0.99999620015268,0,0,0.3670008036205219,0.026125031586293,TNNT3,Basal,Suppressed
GO_Biological_Process_2023,Steroid Hormone Biosynthetic Process (GO:0120178),1/19,0.9312893861826244,0.99999620015268,0,0,0.3670008036205219,0.026125031586293,HSD3B1,Basal,Suppressed
GO_Biological_Process_2023,Positive Regulation Of Cell Division (GO:0051781),3/43,0.9342750518611592,0.99999620015268,0,0,0.4952,0.0336658729152197,MRGPRX2;TAL1;FGF1,Basal,Suppressed
GO_Biological_Process_2023,Cellular Nitrogen Compound Biosynthetic Process (GO:0044271),2/32,0.9357699424260312,0.99999620015268,0,0,0.4402640264026403,0.0292272006741937,ACER2;MTARC1,Basal,Suppressed
GO_Biological_Process_2023,Female Gamete Generation (GO:0007292),2/32,0.9357699424260312,0.99999620015268,0,0,0.4402640264026403,0.0292272006741937,IHO1;PTN,Basal,Suppressed
GO_Biological_Process_2023,Positive Regulation Of Synapse Assembly (GO:0051965),2/32,0.9357699424260312,0.99999620015268,0,0,0.4402640264026403,0.0292272006741937,CUX2;CLSTN2,Basal,Suppressed
GO_Biological_Process_2023,Transition Metal Ion Transport (GO:0000041),2/32,0.9357699424260312,0.99999620015268,0,0,0.4402640264026403,0.0292272006741937,SLC30A8;F3,Basal,Suppressed
GO_Biological_Process_2023,Regulation Of Cytokine Production (GO:0001817),16/167,0.9360576074154292,0.99999620015268,0,0,0.6985994340942974,0.046162233654825,BTNL9;BTNL8;IL33;BTN1A1;C5AR2;CIDEA;GATA3;ADRA2A;PER1;IL6;LEP;FFAR4;SAA1;ACKR1;PLA2R1;LURAP1,Basal,Suppressed
GO_Biological_Process_2023,Skeletal System Development (GO:0001501),14/149,0.936063377122066,0.99999620015268,0,0,0.6838334891892658,0.045182310712302,GDF10;MYOC;ZBTB16;CHRD;IGF1;PTH1R;PCSK5;PTHLH;BMP3;CLEC3A;OGN;SHOX;TLL1;SOX5,Basal,Suppressed
GO_Biological_Process_2023,Negative Regulation Of Wnt Signaling Pathway (GO:0030178),13/140,0.9363642430612468,0.99999620015268,0,0,0.675042531729423,0.0443845389948569,IGFBP1;CCL14;PRKN;CITED1;LRP1;CAV1;DKK3;SHISA6;SOX17;TMEM88;IGFBP6;TRABD2B;RBMS3,Basal,Suppressed
GO_Biological_Process_2023,Negative Regulation Of Protein Ubiquitination (GO:0031397),4/54,0.9367474513225836,0.99999620015268,0,0,0.528109756097561,0.0345075164119925,PER2;CAV1;SPRY2;ARRB1,Basal,Suppressed
GO_Biological_Process_2023,Regulation Of Myoblast Differentiation (GO:0045661),4/54,0.9367474513225836,0.99999620015268,0,0,0.528109756097561,0.0345075164119925,BMP4;RANBP3L;SMYD1;RBM24,Basal,Suppressed
GO_Biological_Process_2023,Regulation Of Interleukin-1 Beta Production (GO:0032651),7/84,0.936860187555462,0.99999620015268,0,0,0.5998751344039402,0.0391245885522514,CX3CR1;EGR1;IL6;FFAR4;CD36;FFAR1;IGF1,Basal,Suppressed
GO_Biological_Process_2023,DNA Methylation (GO:0006306),1/20,0.9403262952437234,0.99999620015268,0,0,0.3476649369903632,0.0213912469190883,FOS,Basal,Suppressed
GO_Biological_Process_2023,Adenine Nucleotide Transport (GO:0051503),1/20,0.9403262952437234,0.99999620015268,0,0,0.3476649369903632,0.0213912469190883,ABCC6,Basal,Suppressed
GO_Biological_Process_2023,Calcium-Mediated Signaling Using Intracellular Calcium Source (GO:0035584),1/20,0.9403262952437234,0.99999620015268,0,0,0.3476649369903632,0.0213912469190883,SELP,Basal,Suppressed
GO_Biological_Process_2023,Cellular Response To pH (GO:0071467),1/20,0.9403262952437234,0.99999620015268,0,0,0.3476649369903632,0.0213912469190883,GPLD1,Basal,Suppressed
GO_Biological_Process_2023,Cilium-Dependent Cell Motility (GO:0060285),1/20,0.9403262952437234,0.99999620015268,0,0,0.3476649369903632,0.0213912469190883,DNAH7,Basal,Suppressed
GO_Biological_Process_2023,Endoplasmic Reticulum Calcium Ion Homeostasis (GO:0032469),1/20,0.9403262952437234,0.99999620015268,0,0,0.3476649369903632,0.0213912469190883,BCL2,Basal,Suppressed
GO_Biological_Process_2023,Glutamate Metabolic Process (GO:0006536),1/20,0.9403262952437234,0.99999620015268,0,0,0.3476649369903632,0.0213912469190883,TAT,Basal,Suppressed
GO_Biological_Process_2023,Mesoderm Formation (GO:0001707),1/20,0.9403262952437234,0.99999620015268,0,0,0.3476649369903632,0.0213912469190883,CRB2,Basal,Suppressed
GO_Biological_Process_2023,Negative Regulation Of Phosphate Metabolic Process (GO:0045936),1/20,0.9403262952437234,0.99999620015268,0,0,0.3476649369903632,0.0213912469190883,BMP4,Basal,Suppressed
GO_Biological_Process_2023,Negative Regulation Of Phosphoprotein Phosphatase Activity (GO:0032515),1/20,0.9403262952437234,0.99999620015268,0,0,0.3476649369903632,0.0213912469190883,CRY2,Basal,Suppressed
GO_Biological_Process_2023,Negative Regulation Of Protein Localization To Cell Periphery (GO:1904376),1/20,0.9403262952437234,0.99999620015268,0,0,0.3476649369903632,0.0213912469190883,PID1,Basal,Suppressed
GO_Biological_Process_2023,Negative Regulation Of Protein Localization To Plasma Membrane (GO:1903077),1/20,0.9403262952437234,0.99999620015268,0,0,0.3476649369903632,0.0213912469190883,PID1,Basal,Suppressed
GO_Biological_Process_2023,Negative Regulation Of Stem Cell Population Maintenance (GO:1902455),1/20,0.9403262952437234,0.99999620015268,0,0,0.3476649369903632,0.0213912469190883,WNT9B,Basal,Suppressed
GO_Biological_Process_2023,Negative Regulation Of Viral Life Cycle (GO:1903901),1/20,0.9403262952437234,0.99999620015268,0,0,0.3476649369903632,0.0213912469190883,GSN,Basal,Suppressed
GO_Biological_Process_2023,Nuclear-Transcribed mRNA poly(A) Tail Shortening (GO:0000289),1/20,0.9403262952437234,0.99999620015268,0,0,0.3476649369903632,0.0213912469190883,ZFP36,Basal,Suppressed
GO_Biological_Process_2023,Phosphatidylglycerol Metabolic Process (GO:0046471),1/20,0.9403262952437234,0.99999620015268,0,0,0.3476649369903632,0.0213912469190883,GPAM,Basal,Suppressed
GO_Biological_Process_2023,Positive Regulation Of Embryonic Development (GO:0040019),1/20,0.9403262952437234,0.99999620015268,0,0,0.3476649369903632,0.0213912469190883,NLRP5,Basal,Suppressed
GO_Biological_Process_2023,Regulation Of Meiotic Cell Cycle (GO:0051445),1/20,0.9403262952437234,0.99999620015268,0,0,0.3476649369903632,0.0213912469190883,DUSP1,Basal,Suppressed
GO_Biological_Process_2023,Regulation Of Necroptotic Process (GO:0060544),1/20,0.9403262952437234,0.99999620015268,0,0,0.3476649369903632,0.0213912469190883,PRKN,Basal,Suppressed
GO_Biological_Process_2023,Regulation Of Protein Localization To Cell Periphery (GO:1904375),1/20,0.9403262952437234,0.99999620015268,0,0,0.3476649369903632,0.0213912469190883,SPTBN1,Basal,Suppressed
GO_Biological_Process_2023,Regulation Of Toll-Like Receptor Signaling Pathway (GO:0034121),1/20,0.9403262952437234,0.99999620015268,0,0,0.3476649369903632,0.0213912469190883,CD36,Basal,Suppressed
GO_Biological_Process_2023,Striated Muscle Cell Differentiation (GO:0051146),1/20,0.9403262952437234,0.99999620015268,0,0,0.3476649369903632,0.0213912469190883,MYOCD,Basal,Suppressed
GO_Biological_Process_2023,Bone Development (GO:0060348),3/44,0.9406229379724358,0.99999620015268,0,0,0.4830940766550523,0.0295716006300867,RANBP3L;MYOC;OGN,Basal,Suppressed
GO_Biological_Process_2023,Phosphatidylinositol Phosphate Biosynthetic Process (GO:0046854),3/44,0.9406229379724358,0.99999620015268,0,0,0.4830940766550523,0.0295716006300867,SOCS2;PIK3C2G;PIK3R1,Basal,Suppressed
GO_Biological_Process_2023,Response To Unfolded Protein (GO:0006986),3/44,0.9406229379724358,0.99999620015268,0,0,0.4830940766550523,0.0295716006300867,PRKN;HSPB8;HSPB7,Basal,Suppressed
GO_Biological_Process_2023,Synaptic Vesicle Recycling (GO:0036465),3/44,0.9406229379724358,0.99999620015268,0,0,0.4830940766550523,0.0295716006300867,NLGN4Y;SNCG;SNCA,Basal,Suppressed
GO_Biological_Process_2023,Positive Regulation Of Inflammatory Response (GO:0050729),9/104,0.940684578060555,0.99999620015268,0,0,0.6249593054801953,0.0382146330416504,CEBPA;IL33;IL6;TSLP;PDE2A;AGTR1;C2CD4B;IL6ST;SNCA,Basal,Suppressed
GO_Biological_Process_2023,Positive Regulation Of Kinase Activity (GO:0033674),9/104,0.940684578060555,0.99999620015268,0,0,0.6249593054801953,0.0382146330416504,NTRK2;RELN;CCL21;MMD;ERBB4;TIE1;CARTPT;TEK;DDR2,Basal,Suppressed
GO_Biological_Process_2023,Plasma Membrane Bounded Cell Projection Organization (GO:0120036),12/132,0.9407309003224577,0.99999620015268,0,0,0.659480122324159,0.040293016966894,CFAP61;LGI1;GPM6A;LIMA1;IL6;BTG2;TNXB;MYOC;CCL21;STMND1;MAPT;FRY,Basal,Suppressed
GO_Biological_Process_2023,Integrin-Mediated Signaling Pathway (GO:0007229),7/85,0.941495972873538,0.99999620015268,0,0,0.5921501873428618,0.0356978973566379,FYB2;DST;ADAMTS1;ITGA7;PTN;PLPP3;FERMT2,Basal,Suppressed
GO_Biological_Process_2023,Regulation Of Kinase Activity (GO:0043549),7/85,0.941495972873538,0.99999620015268,0,0,0.5921501873428618,0.0356978973566379,NTRK2;ERBB4;TIE1;LDB2;MAPT;TEK;DDR2,Basal,Suppressed
GO_Biological_Process_2023,Phosphatidylcholine Metabolic Process (GO:0046470),4/55,0.9423461790782156,0.99999620015268,0,0,0.5177247728359636,0.0307438318097569,SLC44A4;ENPP2;PLAAT3;GPLD1,Basal,Suppressed
GO_Biological_Process_2023,Positive Regulation Of Phosphorylation (GO:0042327),23/231,0.9425123741067272,0.99999620015268,0,0,0.7285767016093312,0.0431362802930272,NTRK2;EGF;FAXDC2;TIE1;ADIPOQ;ITLN1;VEGFD;ARRB1;FGF1;FGF2;BMP4;FGF16;RELN;ERBB4;GPER1;LEP;CLDN19;LEPR;PECAM1;RSPO1;TEK;DDR2;FGF10,Basal,Suppressed
GO_Biological_Process_2023,Inositol Lipid-Mediated Signaling (GO:0048017),2/33,0.9427752456336684,0.99999620015268,0,0,0.426037392821168,0.0251052607319091,IGF1;PLCH2,Basal,Suppressed
GO_Biological_Process_2023,Negative Regulation Of Endocytosis (GO:0045806),2/33,0.9427752456336684,0.99999620015268,0,0,0.426037392821168,0.0251052607319091,CAV1;ADIPOQ,Basal,Suppressed
GO_Biological_Process_2023,Negative Regulation Of Epithelial Cell Migration (GO:0010633),2/33,0.9427752456336684,0.99999620015268,0,0,0.426037392821168,0.0251052607319091,SLIT2;DCN,Basal,Suppressed
GO_Biological_Process_2023,Negative Regulation Of Small Molecule Metabolic Process (GO:0062014),2/33,0.9427752456336684,0.99999620015268,0,0,0.426037392821168,0.0251052607319091,ADIPOQ;FBP1,Basal,Suppressed
GO_Biological_Process_2023,Positive Regulation Of Notch Signaling Pathway (GO:0045747),2/33,0.9427752456336684,0.99999620015268,0,0,0.426037392821168,0.0251052607319091,IL6ST;TP63,Basal,Suppressed
GO_Biological_Process_2023,Positive Regulation Of Cytokine Production Involved In Immune Response (GO:0002720),2/33,0.9427752456336684,0.99999620015268,0,0,0.426037392821168,0.0251052607319091,KIT;FFAR3,Basal,Suppressed
GO_Biological_Process_2023,Regulation Of Lamellipodium Assembly (GO:0010591),2/33,0.9427752456336684,0.99999620015268,0,0,0.426037392821168,0.0251052607319091,PIK3R1;SLIT2,Basal,Suppressed
GO_Biological_Process_2023,Ventricular Cardiac Muscle Tissue Morphogenesis (GO:0055010),2/33,0.9427752456336684,0.99999620015268,0,0,0.426037392821168,0.0251052607319091,TGFBR3;MYL3,Basal,Suppressed
GO_Biological_Process_2023,Wnt Signaling Pathway (GO:0016055),6/76,0.9452840959429,0.99999620015268,0,0,0.5656096763648251,0.031826724159755,FZD4;DIXDC1;WNT9B;CPE;FERMT2;WLS,Basal,Suppressed
GO_Biological_Process_2023,Cellular Response To Type II Interferon (GO:0071346),5/66,0.945661737052033,0.99999620015268,0,0,0.5409586070261183,0.0302235443844327,CCL14;CCL23;CCL21;TDGF1;CCL16,Basal,Suppressed
GO_Biological_Process_2023,Exocytosis (GO:0006887),7/86,0.945827391218454,0.99999620015268,0,0,0.5846208085618109,0.0325605660125814,CRHBP;RPH3AL;NLRP5;DOC2B;SYTL5;SYTL4;SYTL2,Basal,Suppressed
GO_Biological_Process_2023,Detection Of Chemical Stimulus Involved In Sensory Perception Of Taste (GO:0050912),3/45,0.9463983423473996,0.99999620015268,0,0,0.4715646258503401,0.0259793053174453,PIGR;GNAT3;PIP,Basal,Suppressed
GO_Biological_Process_2023,Determination Of Left/Right Symmetry (GO:0007368),3/45,0.9463983423473996,0.99999620015268,0,0,0.4715646258503401,0.0259793053174453,DNAH5;DNAAF1;PKD1L1,Basal,Suppressed
GO_Biological_Process_2023,Establishment Of Protein Localization To Extracellular Region (GO:0035592),3/45,0.9463983423473996,0.99999620015268,0,0,0.4715646258503401,0.0259793053174453,RAB3C;FGG;LTBP2,Basal,Suppressed
GO_Biological_Process_2023,Positive Regulation Of mRNA Catabolic Process (GO:0061014),3/45,0.9463983423473996,0.99999620015268,0,0,0.4715646258503401,0.0259793053174453,BTG2;ZFP36;RBM24,Basal,Suppressed
GO_Biological_Process_2023,Regulation Of Protein Modification Process (GO:0031399),3/45,0.9463983423473996,0.99999620015268,0,0,0.4715646258503401,0.0259793053174453,ACER2;CDH5;IGF1,Basal,Suppressed
GO_Biological_Process_2023,Anaphase-Promoting Complex-Dependent Catabolic Process (GO:0031145),1/21,0.9481750116025848,0.99999620015268,0,0,0.3302626570232204,0.0175753177863368,ECRG4,Basal,Suppressed
GO_Biological_Process_2023,Mitochondrial Calcium Ion Homeostasis (GO:0051560),1/21,0.9481750116025848,0.99999620015268,0,0,0.3302626570232204,0.0175753177863368,MICU3,Basal,Suppressed
GO_Biological_Process_2023,Modulation By Host Of Viral Genome Replication (GO:0044827),1/21,0.9481750116025848,0.99999620015268,0,0,0.3302626570232204,0.0175753177863368,PRKN,Basal,Suppressed
GO_Biological_Process_2023,Negative Regulation Of Tumor Necrosis Factor-Mediated Signaling Pathway (GO:0010804),1/21,0.9481750116025848,0.99999620015268,0,0,0.3302626570232204,0.0175753177863368,CCDC3,Basal,Suppressed
GO_Biological_Process_2023,Plasma Membrane Repair (GO:0001778),1/21,0.9481750116025848,0.99999620015268,0,0,0.3302626570232204,0.0175753177863368,SYTL4,Basal,Suppressed
GO_Biological_Process_2023,Porphyrin-Containing Compound Biosynthetic Process (GO:0006779),1/21,0.9481750116025848,0.99999620015268,0,0,0.3302626570232204,0.0175753177863368,ALAS2,Basal,Suppressed
GO_Biological_Process_2023,Positive Regulation Of T Cell Cytokine Production (GO:0002726),1/21,0.9481750116025848,0.99999620015268,0,0,0.3302626570232204,0.0175753177863368,IL6,Basal,Suppressed
GO_Biological_Process_2023,Positive Regulation Of Amyloid Precursor Protein Catabolic Process (GO:1902993),1/21,0.9481750116025848,0.99999620015268,0,0,0.3302626570232204,0.0175753177863368,PSG1,Basal,Suppressed
GO_Biological_Process_2023,Positive Regulation Of Signal Transduction By P53 Class Mediator (GO:1901798),1/21,0.9481750116025848,0.99999620015268,0,0,0.3302626570232204,0.0175753177863368,PLA2R1,Basal,Suppressed
GO_Biological_Process_2023,Protein Mannosylation (GO:0035268),1/21,0.9481750116025848,0.99999620015268,0,0,0.3302626570232204,0.0175753177863368,TMTC1,Basal,Suppressed
GO_Biological_Process_2023,Regulation Of Cardiac Conduction (GO:1903779),1/21,0.9481750116025848,0.99999620015268,0,0,0.3302626570232204,0.0175753177863368,ANK2,Basal,Suppressed
GO_Biological_Process_2023,Regulation Of Neurotransmitter Transport (GO:0051588),1/21,0.9481750116025848,0.99999620015268,0,0,0.3302626570232204,0.0175753177863368,FER1L5,Basal,Suppressed
GO_Biological_Process_2023,Regulation Of Transferase Activity (GO:0051338),1/21,0.9481750116025848,0.99999620015268,0,0,0.3302626570232204,0.0175753177863368,LDB2,Basal,Suppressed
GO_Biological_Process_2023,Skin Epidermis Development (GO:0098773),1/21,0.9481750116025848,0.99999620015268,0,0,0.3302626570232204,0.0175753177863368,TP63,Basal,Suppressed
GO_Biological_Process_2023,Sulfur Compound Transport (GO:0072348),1/21,0.9481750116025848,0.99999620015268,0,0,0.3302626570232204,0.0175753177863368,SLC19A3,Basal,Suppressed
GO_Biological_Process_2023,Zinc Ion Transmembrane Transport (GO:0071577),1/21,0.9481750116025848,0.99999620015268,0,0,0.3302626570232204,0.0175753177863368,SLC30A8,Basal,Suppressed
GO_Biological_Process_2023,Apoptotic Mitochondrial Changes (GO:0008637),2/34,0.9490493528228114,0.99999620015268,0,0,0.4126999238385377,0.0215819265275084,ERBB4;BCL2,Basal,Suppressed
GO_Biological_Process_2023,Embryonic Skeletal System Development (GO:0048706),2/34,0.9490493528228114,0.99999620015268,0,0,0.4126999238385377,0.0215819265275084,PCSK5;DSCAML1,Basal,Suppressed
GO_Biological_Process_2023,Negative Regulation Of Cell Cycle Process (GO:0010948),2/34,0.9490493528228114,0.99999620015268,0,0,0.4126999238385377,0.0215819265275084,BMP4;GPER1,Basal,Suppressed
GO_Biological_Process_2023,Negative Regulation Of Mitotic Cell Cycle (GO:0045930),2/34,0.9490493528228114,0.99999620015268,0,0,0.4126999238385377,0.0215819265275084,BMP4;BTG2,Basal,Suppressed
GO_Biological_Process_2023,Organophosphate Biosynthetic Process (GO:0090407),2/34,0.9490493528228114,0.99999620015268,0,0,0.4126999238385377,0.0215819265275084,FGF2;DDR2,Basal,Suppressed
GO_Biological_Process_2023,Positive Regulation Of Immunoglobulin Production (GO:0002639),2/34,0.9490493528228114,0.99999620015268,0,0,0.4126999238385377,0.0215819265275084,XBP1;IL6,Basal,Suppressed
GO_Biological_Process_2023,Embryonic Organ Development (GO:0048568),6/77,0.9495822938669658,0.99999620015268,0,0,0.5576111129016663,0.0288469412863245,SOX17;TAL1;KIT;GATA3;PCSK5;TGFBR2,Basal,Suppressed
GO_Biological_Process_2023,Regulation Of Neurogenesis (GO:0050767),5/67,0.9501974946040216,0.99999620015268,0,0,0.5322027228118505,0.0271878033116756,CX3CR1;PER2;IL6;MME;GPER1,Basal,Suppressed
GO_Biological_Process_2023,Regulation Of Defense Response (GO:0031347),8/97,0.9507502723979484,0.99999620015268,0,0,0.5929496526288704,0.029946237743672,NLRP13;NLRP8;IL20;CMA1;ALOX15;NLRP5;AGTR1;MGLL,Basal,Suppressed
GO_Biological_Process_2023,Non-Membrane-Bounded Organelle Assembly (GO:0140694),12/135,0.9509962344438596,0.99999620015268,0,0,0.643283359439099,0.0323218856257014,STARD9;GOLGA8H;GOLGA8IP;GOLGA8K;LMOD1;CAPN3;GOLGA8M;PGM5;MAPT;GOLGA8O;GOLGA8N;GOLGA8Q,Basal,Suppressed
GO_Biological_Process_2023,B Cell Receptor Signaling Pathway (GO:0050853),3/46,0.9516472996529616,0.99999620015268,0,0,0.4605714285714286,0.0228262867965865,BCL2;BMX;IGHA2,Basal,Suppressed
GO_Biological_Process_2023,Regulation Of Epidermal Growth Factor Receptor Signaling Pathway (GO:0042058),3/46,0.9516472996529616,0.99999620015268,0,0,0.4605714285714286,0.0228262867965865,GPER1;AGR2;CDH13,Basal,Suppressed
GO_Biological_Process_2023,Regulation Of Fibroblast Proliferation (GO:0048145),3/46,0.9516472996529616,0.99999620015268,0,0,0.4605714285714286,0.0228262867965865,IGF1;AQP1;DDR2,Basal,Suppressed
GO_Biological_Process_2023,Monoatomic Ion Transport (GO:0006811),9/107,0.9520152107707448,0.99999620015268,0,0,0.6057227014517147,0.029785969617793,SLC25A18;CHRNA2;ATP1A4;SLC4A1;CNGA3;SLC17A7;SLC1A7;SLC26A3;TRPM3,Basal,Suppressed
GO_Biological_Process_2023,Cellular Response To Nutrient Levels (GO:0031669),6/78,0.9535740216443062,0.99999620015268,0,0,0.5498347317569285,0.0261381674359362,XBP1;MAP1LC3C;ALB;PDK4;CARTPT;FOXO1,Basal,Suppressed
GO_Biological_Process_2023,Positive Regulation Of Protein-Containing Complex Assembly (GO:0031334),8/98,0.9542965272186464,0.99999620015268,0,0,0.5863273960983885,0.0274288826242163,CDH5;TPPP3;TAL1;TPPP;CD36;TRABD2B;FERMT2;SNCA,Basal,Suppressed
GO_Biological_Process_2023,Cell-Cell Junction Organization (GO:0045216),5/68,0.9543864745049616,0.99999620015268,0,0,0.5237248031758135,0.0244509199343262,CDH5;CLDN5;CDH13;TLN2;LIMS2,Basal,Suppressed
GO_Biological_Process_2023,Intermediate Filament Organization (GO:0045109),5/68,0.9543864745049616,0.99999620015268,0,0,0.5237248031758135,0.0244509199343262,DES;KRT37;KRT24;KRT32;GFAP,Basal,Suppressed
GO_Biological_Process_2023,Dendrite Morphogenesis (GO:0048813),2/35,0.9546633815404512,0.99999620015268,0,0,0.4001707863094002,0.0185665161634918,DCDC2;PTN,Basal,Suppressed
GO_Biological_Process_2023,Macrophage Activation (GO:0042116),2/35,0.9546633815404512,0.99999620015268,0,0,0.4001707863094002,0.0185665161634918,MAPT;SNCA,Basal,Suppressed
GO_Biological_Process_2023,Response To Nutrient Levels (GO:0031667),2/35,0.9546633815404512,0.99999620015268,0,0,0.4001707863094002,0.0185665161634918,UCP1;SCTR,Basal,Suppressed
GO_Biological_Process_2023,Fc Receptor Mediated Stimulatory Signaling Pathway (GO:0002431),1/22,0.954991709274844,0.99999620015268,0,0,0.3145177370529483,0.0144843658047014,NR4A3,Basal,Suppressed
GO_Biological_Process_2023,Cytoskeleton-Dependent Intracellular Transport (GO:0030705),1/22,0.954991709274844,0.99999620015268,0,0,0.3145177370529483,0.0144843658047014,KIF13B,Basal,Suppressed
GO_Biological_Process_2023,Hexose Transmembrane Transport (GO:0008645),1/22,0.954991709274844,0.99999620015268,0,0,0.3145177370529483,0.0144843658047014,SLC2A4,Basal,Suppressed
GO_Biological_Process_2023,Negative Regulation Of Cell Communication (GO:0010648),1/22,0.954991709274844,0.99999620015268,0,0,0.3145177370529483,0.0144843658047014,ADIPOQ,Basal,Suppressed
GO_Biological_Process_2023,Negative Regulation Of Protein Localization To Nucleus (GO:1900181),1/22,0.954991709274844,0.99999620015268,0,0,0.3145177370529483,0.0144843658047014,S100G,Basal,Suppressed
GO_Biological_Process_2023,Oligosaccharide Biosynthetic Process (GO:0009312),1/22,0.954991709274844,0.99999620015268,0,0,0.3145177370529483,0.0144843658047014,ST6GALNAC1,Basal,Suppressed
GO_Biological_Process_2023,Positive Regulation Of Phosphatase Activity (GO:0010922),1/22,0.954991709274844,0.99999620015268,0,0,0.3145177370529483,0.0144843658047014,GPLD1,Basal,Suppressed
GO_Biological_Process_2023,Regulation Of Histone Acetylation (GO:0035065),1/22,0.954991709274844,0.99999620015268,0,0,0.3145177370529483,0.0144843658047014,MYOCD,Basal,Suppressed
GO_Biological_Process_2023,Regulation Of Mononuclear Cell Migration (GO:0071675),1/22,0.954991709274844,0.99999620015268,0,0,0.3145177370529483,0.0144843658047014,SLIT2,Basal,Suppressed
GO_Biological_Process_2023,Regulation Of Protein Export From Nucleus (GO:0046825),1/22,0.954991709274844,0.99999620015268,0,0,0.3145177370529483,0.0144843658047014,RAPGEF3,Basal,Suppressed
GO_Biological_Process_2023,Regulation Of Vascular Endothelial Growth Factor Receptor Signaling Pathway (GO:0030947),1/22,0.954991709274844,0.99999620015268,0,0,0.3145177370529483,0.0144843658047014,MMRN2,Basal,Suppressed
GO_Biological_Process_2023,Vesicle Transport Along Microtubule (GO:0047496),1/22,0.954991709274844,0.99999620015268,0,0,0.3145177370529483,0.0144843658047014,FYCO1,Basal,Suppressed
GO_Biological_Process_2023,Positive Regulation Of Cellular Catabolic Process (GO:0031331),13/146,0.956034000323838,0.99999620015268,0,0,0.6443652151411032,0.0289718208134677,ABCD2;IRS1;IGF1;SLC4A4;FOXO1;ADRA2A;DCN;MLXIPL;GPLD1;SH3D19;PLIN5;SNCA;PNPLA2,Basal,Suppressed
GO_Biological_Process_2023,Epithelial To Mesenchymal Transition (GO:0001837),3/47,0.956412942100208,0.99999620015268,0,0,0.4500779220779221,0.0200579527626468,TGFBR3;NOTCH4;IGF1,Basal,Suppressed
GO_Biological_Process_2023,Negative Regulation Of Tumor Necrosis Factor Production (GO:0032720),3/47,0.956412942100208,0.99999620015268,0,0,0.4500779220779221,0.0200579527626468,C5AR2;CIDEA;IGF1,Basal,Suppressed
GO_Biological_Process_2023,Secondary Alcohol Metabolic Process (GO:1902652),3/47,0.956412942100208,0.99999620015268,0,0,0.4500779220779221,0.0200579527626468,APOF;APOB;CES1,Basal,Suppressed
GO_Biological_Process_2023,Positive Regulation Of Mitochondrion Organization (GO:0010822),4/58,0.9565332889448426,0.99999620015268,0,0,0.4888775971093044,0.0217255678064126,PRKN;GPER1;MGARP;DCN,Basal,Suppressed
GO_Biological_Process_2023,Selective Autophagy (GO:0061912),4/58,0.9565332889448426,0.99999620015268,0,0,0.4888775971093044,0.0217255678064126,PRKN;MAP1LC3C;STBD1;KLHL3,Basal,Suppressed
GO_Biological_Process_2023,Positive Regulation Of Peptidyl-Serine Phosphorylation (GO:0033138),7/89,0.9571566650614732,0.99999620015268,0,0,0.56313453252808,0.0246586456106618,NTF4;CSF3;IL6;CALCR;CAV1;SPRY2;SNCA,Basal,Suppressed
GO_Biological_Process_2023,Response To Molecule Of Bacterial Origin (GO:0002237),5/69,0.9582515509202398,0.99999620015268,0,0,0.5155118185284026,0.0219839789374436,SELP;IL6;CITED1;CXCL2;SNCA,Basal,Suppressed
GO_Biological_Process_2023,Negative Regulation Of Developmental Process (GO:0051093),9/109,0.9584600479009489,0.99999620015268,0,0,0.5935395189003436,0.0251823381467316,BMP4;PRKN;ARHGEF15;NOTCH4;WNT9B;PPARG;MGARP;MAPT;RAPGEF3,Basal,Suppressed
GO_Biological_Process_2023,Positive Regulation Of Wnt Signaling Pathway (GO:0030177),9/109,0.9584600479009489,0.99999620015268,0,0,0.5935395189003436,0.0251823381467316,SEMA5A;EGF;CAV1;GPC3;RSPO3;RSPO1;LYPD6;WLS;FGF10,Basal,Suppressed
GO_Biological_Process_2023,Regulation Of Wnt Signaling Pathway (GO:0030111),9/109,0.9584600479009489,0.99999620015268,0,0,0.5935395189003436,0.0251823381467316,PRKN;CITED1;LRP1;GPC3;DCDC2;RSPO3;RSPO1;TRABD2B;WLS,Basal,Suppressed
GO_Biological_Process_2023,Cellular Response To Tumor Necrosis Factor (GO:0071356),10/119,0.9595698542762744,0.99999620015268,0,0,0.6049509044652056,0.0249664226733156,CCL14;CRHBP;ZFP36;CCL23;PID1;CCL21;GPER1;GATA3;TDGF1;CCL16,Basal,Suppressed
GO_Biological_Process_2023,Positive Regulation Of RNA Splicing (GO:0033120),2/36,0.9596823926414568,0.99999620015268,0,0,0.3883786568702119,0.015982904244999,STH;PIK3R1,Basal,Suppressed
GO_Biological_Process_2023,Receptor Signaling Pathway Via JAK-STAT (GO:0007259),2/36,0.9596823926414568,0.99999620015268,0,0,0.3883786568702119,0.015982904244999,GHR;LEP,Basal,Suppressed
GO_Biological_Process_2023,Regulation Of Peptidyl-Threonine Phosphorylation (GO:0010799),2/36,0.9596823926414568,0.99999620015268,0,0,0.3883786568702119,0.015982904244999,EGF;SPRY2,Basal,Suppressed
GO_Biological_Process_2023,Positive Regulation Of Gene Expression (GO:0010628),51/480,0.960316761975991,0.99999620015268,0,0,0.7816076046576629,0.0316489243419309,MYOM1;PID1;RHOXF1;CITED1;TCF23;FGF1;FGF2;CDH5;GPER1;CD36;CD34;HOXA5;TESC;AVPR2;PSG1;ANK2;ADRA2A;ACTA2;CLDN5;CLDN19;PPARG;PGR;PLA2R1;VSTM2A;RBM24;RBMS3;PRKN;RAMP2;PIK3R1;NTS;CUX2;CALCR;AGR2;FAM47E;LURAP1;NTRK2;EGR1;IL33;GSN;EGF;PDE2A;IGF1;KLF4;BMP4;FGF16;IL6;PIP;SAA1;SPRY2;PF4;FGF10,Basal,Suppressed
GO_Biological_Process_2023,Negative Regulation Of Cytokine-Mediated Signaling Pathway (GO:0001960),4/59,0.9604946297629284,0.99999620015268,0,0,0.4799611973392461,0.0193457421650632,IL6;PPARG;SLIT2;CCDC3,Basal,Suppressed
GO_Biological_Process_2023,Positive Regulation Of Immune Response (GO:0050778),6/80,0.960711412735079,0.99999620015268,0,0,0.534912486857567,0.0214399418749351,XBP1;C6;C7;C8B;IL6ST;PCK1,Basal,Suppressed
GO_Biological_Process_2023,Cellular Defense Response (GO:0006968),3/48,0.9607355589549826,0.99999620015268,0,0,0.4400507936507936,0.0176267100860287,CX3CR1;DCDC2;UMOD,Basal,Suppressed
GO_Biological_Process_2023,Cellular Response To Radiation (GO:0071478),3/48,0.9607355589549826,0.99999620015268,0,0,0.4400507936507936,0.0176267100860287,TRPM1;GPR88;RHOB,Basal,Suppressed
GO_Biological_Process_2023,Oligosaccharide Metabolic Process (GO:0009311),3/48,0.9607355589549826,0.99999620015268,0,0,0.4400507936507936,0.0176267100860287,ST6GALNAC1;B3GALT1;ST8SIA6,Basal,Suppressed
GO_Biological_Process_2023,Regulation Of Tumor Necrosis Factor-Mediated Signaling Pathway (GO:0010803),3/48,0.9607355589549826,0.99999620015268,0,0,0.4400507936507936,0.0176267100860287,PRKN;ADIPOQ;CCDC3,Basal,Suppressed
GO_Biological_Process_2023,Cholesterol Efflux (GO:0033344),1/23,0.9609120417153372,0.99999620015268,0,0,0.30020417344361,0.011969861507366,ABCA8,Basal,Suppressed
GO_Biological_Process_2023,Glial Cell Development (GO:0021782),1/23,0.9609120417153372,0.99999620015268,0,0,0.30020417344361,0.011969861507366,TPPP,Basal,Suppressed
GO_Biological_Process_2023,Microtubule Nucleation (GO:0007020),1/23,0.9609120417153372,0.99999620015268,0,0,0.30020417344361,0.011969861507366,TPPP,Basal,Suppressed
GO_Biological_Process_2023,Negative Regulation Of Lymphocyte Activation (GO:0051250),1/23,0.9609120417153372,0.99999620015268,0,0,0.30020417344361,0.011969861507366,CTSG,Basal,Suppressed
GO_Biological_Process_2023,Negative Regulation Of Neuron Differentiation (GO:0045665),1/23,0.9609120417153372,0.99999620015268,0,0,0.30020417344361,0.011969861507366,DTX1,Basal,Suppressed
GO_Biological_Process_2023,Negative Regulation Of Oxidative Stress-Induced Cell Death (GO:1903202),1/23,0.9609120417153372,0.99999620015268,0,0,0.30020417344361,0.011969861507366,PRKN,Basal,Suppressed
GO_Biological_Process_2023,Positive Regulation Of Lamellipodium Assembly (GO:0010592),1/23,0.9609120417153372,0.99999620015268,0,0,0.30020417344361,0.011969861507366,PIK3R1,Basal,Suppressed
GO_Biological_Process_2023,"Positive Regulation Of mRNA Splicing, Via Spliceosome (GO:0048026)",1/23,0.9609120417153372,0.99999620015268,0,0,0.30020417344361,0.011969861507366,STH,Basal,Suppressed
GO_Biological_Process_2023,Positive Regulation Of Neuron Apoptotic Process (GO:0043525),1/23,0.9609120417153372,0.99999620015268,0,0,0.30020417344361,0.011969861507366,TFAP2B,Basal,Suppressed
GO_Biological_Process_2023,Positive Regulation Of Protein Targeting To Membrane (GO:0090314),1/23,0.9609120417153372,0.99999620015268,0,0,0.30020417344361,0.011969861507366,PDZK1,Basal,Suppressed
GO_Biological_Process_2023,Regulation Of Cell Junction Assembly (GO:1901888),1/23,0.9609120417153372,0.99999620015268,0,0,0.30020417344361,0.011969861507366,CLDN19,Basal,Suppressed
GO_Biological_Process_2023,Regulation Of Centrosome Cycle (GO:0046605),1/23,0.9609120417153372,0.99999620015268,0,0,0.30020417344361,0.011969861507366,RAB6C,Basal,Suppressed
GO_Biological_Process_2023,Regulation Of Interleukin-4 Production (GO:0032673),1/23,0.9609120417153372,0.99999620015268,0,0,0.30020417344361,0.011969861507366,GATA3,Basal,Suppressed
GO_Biological_Process_2023,"Regulation Of Nuclear-Transcribed mRNA Catabolic Process, Deadenylation-Dependent Decay (GO:1900151)",1/23,0.9609120417153372,0.99999620015268,0,0,0.30020417344361,0.011969861507366,ZFP36,Basal,Suppressed
GO_Biological_Process_2023,Zinc Ion Transport (GO:0006829),1/23,0.9609120417153372,0.99999620015268,0,0,0.30020417344361,0.011969861507366,SLC30A8,Basal,Suppressed
GO_Biological_Process_2023,Regulation Of G Protein-Coupled Receptor Signaling Pathway (GO:0008277),5/70,0.9618145143791808,0.99999620015268,0,0,0.507551541100912,0.0197608388305909,RGS5;CALCR;GPER1;MGLL;KCTD16,Basal,Suppressed
GO_Biological_Process_2023,Regulation Of Cellular Biosynthetic Process (GO:0031326),5/70,0.9618145143791808,0.99999620015268,0,0,0.507551541100912,0.0197608388305909,CX3CR1;STC2;PDK4;FFAR3;CES1,Basal,Suppressed
GO_Biological_Process_2023,Axon Guidance (GO:0007411),13/149,0.963694742583796,0.99999620015268,0,0,0.6300416151164099,0.0232993746567162,SEMA5A;LGI1;ROBO4;SEMA3C;SEMA6D;NRXN3;SEMA3G;MYPN;CXCL12;RELN;SLIT2;DSCAML1;PLXNA4,Basal,Suppressed
GO_Biological_Process_2023,Regulation Of Interleukin-8 Production (GO:0032677),6/81,0.9638918415879264,0.99999620015268,0,0,0.5277498093058733,0.0194086263037956,IL6;C5AR2;LEP;ARRB1;KLF4;ELANE,Basal,Suppressed
GO_Biological_Process_2023,RNA Stabilization (GO:0043489),2/37,0.9641657534233076,0.99999620015268,0,0,0.3772603633989773,0.0137670062198292,VIP;RBM24,Basal,Suppressed
GO_Biological_Process_2023,Mitochondrion Disassembly (GO:0061726),2/37,0.9641657534233076,0.99999620015268,0,0,0.3772603633989773,0.0137670062198292,PRKN;MAP1LC3C,Basal,Suppressed
GO_Biological_Process_2023,Negative Regulation Of Transferase Activity (GO:0051348),2/37,0.9641657534233076,0.99999620015268,0,0,0.3772603633989773,0.0137670062198292,ZFP36;MAPT,Basal,Suppressed
GO_Biological_Process_2023,Protein Acylation (GO:0043543),2/37,0.9641657534233076,0.99999620015268,0,0,0.3772603633989773,0.0137670062198292,LACRT;FOXO1,Basal,Suppressed
GO_Biological_Process_2023,Autophagy Of Mitochondrion (GO:0000422),3/49,0.9646526781006032,0.99999620015268,0,0,0.4304596273291926,0.0154910201263313,PRKN;MAP1LC3C;SPATA18,Basal,Suppressed
GO_Biological_Process_2023,Negative Regulation Of DNA Metabolic Process (GO:0051053),3/49,0.9646526781006032,0.99999620015268,0,0,0.4304596273291926,0.0154910201263313,DACH1;ADIPOQ;GMNC,Basal,Suppressed
GO_Biological_Process_2023,Negative Regulation Of Cysteine-Type Endopeptidase Activity Involved In Apoptotic Process (GO:0043154),3/49,0.9646526781006032,0.99999620015268,0,0,0.4304596273291926,0.0154910201263313,KLF4;AQP1;SNCA,Basal,Suppressed
GO_Biological_Process_2023,Negative Regulation Of Tumor Necrosis Factor Superfamily Cytokine Production (GO:1903556),3/49,0.9646526781006032,0.99999620015268,0,0,0.4304596273291926,0.0154910201263313,C5AR2;CIDEA;IGF1,Basal,Suppressed
GO_Biological_Process_2023,Neurogenesis (GO:0022008),3/49,0.9646526781006032,0.99999620015268,0,0,0.4304596273291926,0.0154910201263313,ERBB4;MAPT;FAT4,Basal,Suppressed
GO_Biological_Process_2023,Proton Transmembrane Transport (GO:1902600),3/49,0.9646526781006032,0.99999620015268,0,0,0.4304596273291926,0.0154910201263313,ATP1A4;UCP1;ATP1A2,Basal,Suppressed
GO_Biological_Process_2023,Negative Regulation Of Protein Binding (GO:0032091),5/71,0.9650960696152138,0.99999620015268,0,0,0.4998324842015272,0.0177578628573881,ADRB3;CAV1;ADIPOQ;CFHR5;ADRB2,Basal,Suppressed
GO_Biological_Process_2023,Regulation Of Hydrolase Activity (GO:0051336),5/71,0.9650960696152138,0.99999620015268,0,0,0.4998324842015272,0.0177578628573881,MRAP;NTRK2;CAV1;PLXNA4;SERPINA5,Basal,Suppressed
GO_Biological_Process_2023,Synapse Assembly (GO:0007416),5/71,0.9650960696152138,0.99999620015268,0,0,0.4998324842015272,0.0177578628573881,GABRA2;NLGN4Y;GPM6A;DRD1;CBLN4,Basal,Suppressed
GO_Biological_Process_2023,Synapse Organization (GO:0050808),11/131,0.9658670375182284,0.99999620015268,0,0,0.6042924468220608,0.0209865307384989,CX3CR1;UNC13C;GPM6A;LRFN5;HMCN2;SNCG;DRD1;MAPT;KY;SNCA;CBLN1,Basal,Suppressed
GO_Biological_Process_2023,Gliogenesis (GO:0042063),1/24,0.9660538373362524,0.99999620015268,0,0,0.2871352675394316,0.0099164215050286,RELN,Basal,Suppressed
GO_Biological_Process_2023,Lipid Translocation (GO:0034204),1/24,0.9660538373362524,0.99999620015268,0,0,0.2871352675394316,0.0099164215050286,ABCB1,Basal,Suppressed
GO_Biological_Process_2023,Multivesicular Body Sorting Pathway (GO:0071985),1/24,0.9660538373362524,0.99999620015268,0,0,0.2871352675394316,0.0099164215050286,SYTL4,Basal,Suppressed
GO_Biological_Process_2023,Positive Regulation Of Interleukin-17 Production (GO:0032740),1/24,0.9660538373362524,0.99999620015268,0,0,0.2871352675394316,0.0099164215050286,IL6,Basal,Suppressed
GO_Biological_Process_2023,Positive Regulation Of Peptidyl-Threonine Phosphorylation (GO:0010800),1/24,0.9660538373362524,0.99999620015268,0,0,0.2871352675394316,0.0099164215050286,EGF,Basal,Suppressed
GO_Biological_Process_2023,Protein Exit From Endoplasmic Reticulum (GO:0032527),1/24,0.9660538373362524,0.99999620015268,0,0,0.2871352675394316,0.0099164215050286,MAP1LC3C,Basal,Suppressed
GO_Biological_Process_2023,Protein Kinase B Signaling (GO:0043491),1/24,0.9660538373362524,0.99999620015268,0,0,0.2871352675394316,0.0099164215050286,IGF1,Basal,Suppressed
GO_Biological_Process_2023,Regulation Of Actin Nucleation (GO:0051125),1/24,0.9660538373362524,0.99999620015268,0,0,0.2871352675394316,0.0099164215050286,GSN,Basal,Suppressed
GO_Biological_Process_2023,Regulation Of Cytokine Production Involved In Immune Response (GO:0002718),1/24,0.9660538373362524,0.99999620015268,0,0,0.2871352675394316,0.0099164215050286,FFAR3,Basal,Suppressed
GO_Biological_Process_2023,Regulation Of Cytoplasmic Translation (GO:2000765),1/24,0.9660538373362524,0.99999620015268,0,0,0.2871352675394316,0.0099164215050286,RBM24,Basal,Suppressed
GO_Biological_Process_2023,Regulation Of Execution Phase Of Apoptosis (GO:1900117),1/24,0.9660538373362524,0.99999620015268,0,0,0.2871352675394316,0.0099164215050286,CIDEA,Basal,Suppressed
GO_Biological_Process_2023,Stress Granule Assembly (GO:0034063),1/24,0.9660538373362524,0.99999620015268,0,0,0.2871352675394316,0.0099164215050286,MAPT,Basal,Suppressed
GO_Biological_Process_2023,Negative Regulation Of Apoptotic Signaling Pathway (GO:2001234),6/82,0.9668353149621168,0.99999620015268,0,0,0.5207756232686981,0.0175642531581553,CX3CR1;PRKN;BMP4;MPV17L;BCL2;IGF1,Basal,Suppressed
GO_Biological_Process_2023,Positive Regulation Of Macromolecule Biosynthetic Process (GO:0010557),10/122,0.9673237745109436,0.99999620015268,0,0,0.5886445487285823,0.0195559585437588,IL33;XBP1;IL6;CCL21;IRS1;EGF;IGF1;SORBS1;KLF4;FGF2,Basal,Suppressed
GO_Biological_Process_2023,Negative Regulation Of Autophagy (GO:0010507),4/61,0.9674320589190032,0.99999620015268,0,0,0.4630669661959777,0.0153321842421616,LEP;LEPR;BCL2;SNCA,Basal,Suppressed
GO_Biological_Process_2023,Negative Regulation Of Intrinsic Apoptotic Signaling Pathway (GO:2001243),4/61,0.9674320589190032,0.99999620015268,0,0,0.4630669661959777,0.0153321842421616,PRKN;XBP1;CXCL12;BCL2,Basal,Suppressed
GO_Biological_Process_2023,Establishment Of Protein Localization To Plasma Membrane (GO:0061951),2/38,0.9681675098336988,0.99999620015268,0,0,0.3667597528983667,0.0118647364412364,TRARG1;SPTBN1,Basal,Suppressed
GO_Biological_Process_2023,Import Into Cell (GO:0098657),2/38,0.9681675098336988,0.99999620015268,0,0,0.3667597528983667,0.0118647364412364,SLC7A8;SLC1A7,Basal,Suppressed
GO_Biological_Process_2023,mRNA Transcription By RNA Polymerase II (GO:0042789),2/38,0.9681675098336988,0.99999620015268,0,0,0.3667597528983667,0.0118647364412364,THRB;PPARG,Basal,Suppressed
GO_Biological_Process_2023,Membrane Assembly (GO:0071709),2/38,0.9681675098336988,0.99999620015268,0,0,0.3667597528983667,0.0118647364412364,NLGN4Y;SPTBN1,Basal,Suppressed
GO_Biological_Process_2023,Regulation Of Neurotransmitter Secretion (GO:0046928),2/38,0.9681675098336988,0.99999620015268,0,0,0.3667597528983667,0.0118647364412364,FER1L5;GPER1,Basal,Suppressed
GO_Biological_Process_2023,Plasma Membrane Bounded Cell Projection Morphogenesis (GO:0120039),3/50,0.9681991644566575,0.99999620015268,0,0,0.4212765957446808,0.013614591412166,NTF4;GPM6A;DCLK1,Basal,Suppressed
GO_Biological_Process_2023,Regulation Of Cell Division (GO:0051302),6/83,0.969557282434101,0.99999620015268,0,0,0.5139825849208001,0.0158901424682967,TAL1;NLRP5;TXNIP;KLHL13;FGF1;TP63,Basal,Suppressed
GO_Biological_Process_2023,Positive Regulation Of Apoptotic Signaling Pathway (GO:2001235),4/62,0.9704579326884412,0.99999620015268,0,0,0.4550567703952901,0.0136458890024278,GPER1;CAV1;G0S2;AGTR2,Basal,Suppressed
GO_Biological_Process_2023,"Chemical Synaptic Transmission, Postsynaptic (GO:0099565)",1/25,0.9705194411464116,0.99999620015268,0,0,0.2751554371272681,0.0082337085085746,INSYN2B,Basal,Suppressed
GO_Biological_Process_2023,Negative Regulation Of Smoothened Signaling Pathway (GO:0045879),1/25,0.9705194411464116,0.99999620015268,0,0,0.2751554371272681,0.0082337085085746,GPC3,Basal,Suppressed
GO_Biological_Process_2023,Organophosphate Ester Transport (GO:0015748),1/25,0.9705194411464116,0.99999620015268,0,0,0.2751554371272681,0.0082337085085746,SLC44A4,Basal,Suppressed
GO_Biological_Process_2023,Positive Regulation Of Interleukin-2 Production (GO:0032743),1/25,0.9705194411464116,0.99999620015268,0,0,0.2751554371272681,0.0082337085085746,SPTBN1,Basal,Suppressed
GO_Biological_Process_2023,Positive Regulation Of Release Of Cytochrome C From Mitochondria (GO:0090200),1/25,0.9705194411464116,0.99999620015268,0,0,0.2751554371272681,0.0082337085085746,GPER1,Basal,Suppressed
GO_Biological_Process_2023,Proteoglycan Metabolic Process (GO:0006029),1/25,0.9705194411464116,0.99999620015268,0,0,0.2751554371272681,0.0082337085085746,IGF1,Basal,Suppressed
GO_Biological_Process_2023,Purine Ribonucleotide Catabolic Process (GO:0009154),1/25,0.9705194411464116,0.99999620015268,0,0,0.2751554371272681,0.0082337085085746,PDE2A,Basal,Suppressed
GO_Biological_Process_2023,Regulation Of B Cell Activation (GO:0050864),1/25,0.9705194411464116,0.99999620015268,0,0,0.2751554371272681,0.0082337085085746,IL6,Basal,Suppressed
GO_Biological_Process_2023,Regulation Of Cell Cycle Phase Transition (GO:1901987),1/25,0.9705194411464116,0.99999620015268,0,0,0.2751554371272681,0.0082337085085746,NEK10,Basal,Suppressed
GO_Biological_Process_2023,Regulation Of Cell Size (GO:0008361),1/25,0.9705194411464116,0.99999620015268,0,0,0.2751554371272681,0.0082337085085746,CAV3,Basal,Suppressed
GO_Biological_Process_2023,Regulation Of Hippo Signaling (GO:0035330),1/25,0.9705194411464116,0.99999620015268,0,0,0.2751554371272681,0.0082337085085746,FRMD1,Basal,Suppressed
GO_Biological_Process_2023,Regulation Of Synapse Organization (GO:0050807),1/25,0.9705194411464116,0.99999620015268,0,0,0.2751554371272681,0.0082337085085746,CTTNBP2,Basal,Suppressed
GO_Biological_Process_2023,"Wound Healing, Spreading Of Cells (GO:0044319)",1/25,0.9705194411464116,0.99999620015268,0,0,0.2751554371272681,0.0082337085085746,TMEFF2,Basal,Suppressed
GO_Biological_Process_2023,Protein Tetramerization (GO:0051262),5/73,0.9708923908498664,0.99999620015268,0,0,0.4850754636585858,0.0143289544964405,ALDH1A2;ACACB;SNCA;GNMT;HCN1,Basal,Suppressed
GO_Biological_Process_2023,Anterograde Trans-Synaptic Signaling (GO:0098916),18/199,0.9709941797024608,0.99999620015268,0,0,0.6550200038102496,0.0192803859758345,GRIA1;NLGN4Y;UNC13C;CHRNA2;KCNIP2;GRIK1;HTR4;GLRA3;DLG2;GRM7;PENK;CRH;SNCG;ASIC2;SLC18A2;SCN2B;SNCA;CBLN1,Basal,Suppressed
GO_Biological_Process_2023,Sphingolipid Metabolic Process (GO:0006665),7/94,0.9713742095933838,0.99999620015268,0,0,0.5306169883391002,0.0154109740507597,ACER2;ALDH3B2;ELOVL5;ENPP2;DEGS2;PLPP3;PLPP1,Basal,Suppressed
GO_Biological_Process_2023,Regulated Exocytosis (GO:0045055),3/51,0.9714073320417248,0.99999620015268,0,0,0.4124761904761905,0.0119656872895967,CRHBP;SYT9;SNCA,Basal,Suppressed
GO_Biological_Process_2023,Regulation Of Smoothened Signaling Pathway (GO:0008589),3/51,0.9714073320417248,0.99999620015268,0,0,0.4124761904761905,0.0119656872895967,DHH;GPC3;DCDC2,Basal,Suppressed
GO_Biological_Process_2023,Negative Regulation Of Growth (GO:0045926),10/124,0.97172115906944,0.99999620015268,0,0,0.5782504389315535,0.0165879170670923,MT1A;SOX17;NPR1;FHL1;SCGB3A1;AGTR2;SLIT2;ALOX15B;FBP1;ESR2,Basal,Suppressed
GO_Biological_Process_2023,RNA Transport (GO:0050658),2/39,0.9717367595872186,0.99999620015268,0,0,0.3568267429653568,0.0102303421403569,ZFP36;TGFBR2,Basal,Suppressed
GO_Biological_Process_2023,Anterograde Axonal Transport (GO:0008089),2/39,0.9717367595872186,0.99999620015268,0,0,0.3568267429653568,0.0102303421403569,DLG2;MGARP,Basal,Suppressed
GO_Biological_Process_2023,Heterochromatin Organization (GO:0070828),2/39,0.9717367595872186,0.99999620015268,0,0,0.3568267429653568,0.0102303421403569,PRDM16;EZH1,Basal,Suppressed
GO_Biological_Process_2023,Odontogenesis (GO:0042476),2/39,0.9717367595872186,0.99999620015268,0,0,0.3568267429653568,0.0102303421403569,BMP4;AQP1,Basal,Suppressed
GO_Biological_Process_2023,Positive Regulation Of Lymphocyte Differentiation (GO:0045621),2/39,0.9717367595872186,0.99999620015268,0,0,0.3568267429653568,0.0102303421403569,XBP1;GATA3,Basal,Suppressed
GO_Biological_Process_2023,Regulation Of Protein Tyrosine Kinase Activity (GO:0061097),2/39,0.9717367595872186,0.99999620015268,0,0,0.3568267429653568,0.0102303421403569,RELN;CAV1,Basal,Suppressed
GO_Biological_Process_2023,Cellular Response To Cytokine Stimulus (GO:0071345),30/308,0.9727828457849768,0.99999620015268,0,0,0.7100370511904565,0.0195930476703837,PTPRT;CCL14;CEBPA;CSF3;PID1;PDE1B;ALOX15;GATA3;GHR;CRHBP;ZFP36;GPER1;LEPR;CTSG;CCL16;EGR1;XBP1;CCL23;MME;CCL21;DUSP1;PDE2A;LIFR;GREM2;IL6;CXCL12;KIT;IL6ST;TDGF1;PF4,Basal,Suppressed
GO_Biological_Process_2023,Phosphatidylinositol Metabolic Process (GO:0046488),4/63,0.9732191841518864,0.99999620015268,0,0,0.4473181066556428,0.0121428775614908,INPP4B;INPP5J;BMX;FGF2,Basal,Suppressed
GO_Biological_Process_2023,Regulation Of Cellular Catabolic Process (GO:0031329),4/63,0.9732191841518864,0.99999620015268,0,0,0.4473181066556428,0.0121428775614908,PRKN;ACER2;ITPR1;MAPT,Basal,Suppressed
GO_Biological_Process_2023,Positive Regulation Of Lymphocyte Proliferation (GO:0050671),5/74,0.9734432319163878,0.99999620015268,0,0,0.4780177581815268,0.0128662156807173,IL6;LEP;BCL2;IL6ST;FGF10,Basal,Suppressed
GO_Biological_Process_2023,Negative Regulation Of Cell Growth (GO:0030308),10/125,0.9737125242256582,0.99999620015268,0,0,0.5731889593782177,0.0152692773116175,MAG;SOX17;NPR1;FHL1;SEMA3G;SCGB3A1;AGTR2;SLIT2;FBP1;ESR2,Basal,Suppressed
GO_Biological_Process_2023,Positive Regulation Of B Cell Activation (GO:0050871),3/52,0.9743070635203952,0.99999620015268,0,0,0.4040349854227405,0.0105165315806027,XBP1;IL6;BCL2,Basal,Suppressed
GO_Biological_Process_2023,Regulation Of Cell Development (GO:0060284),3/52,0.9743070635203952,0.99999620015268,0,0,0.4040349854227405,0.0105165315806027,CX3CR1;PER2;PTN,Basal,Suppressed
GO_Biological_Process_2023,Regulation Of Protein Localization To Nucleus (GO:1900180),3/52,0.9743070635203952,0.99999620015268,0,0,0.4040349854227405,0.0105165315806027,BMP4;NGFR;FERMT2,Basal,Suppressed
GO_Biological_Process_2023,Regulation Of Proteolysis (GO:0030162),3/52,0.9743070635203952,0.99999620015268,0,0,0.4040349854227405,0.0105165315806027,CAV1;CAPN3;PLAT,Basal,Suppressed
GO_Biological_Process_2023,Defense Response To Gram-positive Bacterium (GO:0050830),6/85,0.9743946708102889,0.99999620015268,0,0,0.5009124351881354,0.0129930931419757,CHGA;FCN2;IL6;PGLYRP2;STAB2;CTSG,Basal,Suppressed
GO_Biological_Process_2023,Response To Interleukin-1 (GO:0070555),6/85,0.9743946708102889,0.99999620015268,0,0,0.5009124351881354,0.0129930931419757,CCL14;CCL23;CITED1;CCL21;CCL16;SNCA,Basal,Suppressed
GO_Biological_Process_2023,L-amino Acid Transport (GO:0015807),1/26,0.9743977484557608,0.99999620015268,0,0,0.2641339931480777,0.0068504980851193,SLC7A8,Basal,Suppressed
GO_Biological_Process_2023,"Wnt Signaling Pathway, Planar Cell Polarity Pathway (GO:0060071)",1/26,0.9743977484557608,0.99999620015268,0,0,0.2641339931480777,0.0068504980851193,PRICKLE2,Basal,Suppressed
GO_Biological_Process_2023,Camera-Type Eye Development (GO:0043010),1/26,0.9743977484557608,0.99999620015268,0,0,0.2641339931480777,0.0068504980851193,EFEMP1,Basal,Suppressed
GO_Biological_Process_2023,miRNA-mediated Gene Silencing (GO:0035195),1/26,0.9743977484557608,0.99999620015268,0,0,0.2641339931480777,0.0068504980851193,ZFP36,Basal,Suppressed
GO_Biological_Process_2023,Negative Regulation Of Receptor-Mediated Endocytosis (GO:0048261),1/26,0.9743977484557608,0.99999620015268,0,0,0.2641339931480777,0.0068504980851193,ADIPOQ,Basal,Suppressed
GO_Biological_Process_2023,Nuclear Membrane Organization (GO:0071763),1/26,0.9743977484557608,0.99999620015268,0,0,0.2641339931480777,0.0068504980851193,GPER1,Basal,Suppressed
GO_Biological_Process_2023,Nucleic Acid Phosphodiester Bond Hydrolysis (GO:0090305),1/26,0.9743977484557608,0.99999620015268,0,0,0.2641339931480777,0.0068504980851193,IHO1,Basal,Suppressed
GO_Biological_Process_2023,Organelle Membrane Fusion (GO:0090174),1/26,0.9743977484557608,0.99999620015268,0,0,0.2641339931480777,0.0068504980851193,CAV2,Basal,Suppressed
GO_Biological_Process_2023,Positive Regulation Of Erythrocyte Differentiation (GO:0045648),1/26,0.9743977484557608,0.99999620015268,0,0,0.2641339931480777,0.0068504980851193,TAL1,Basal,Suppressed
GO_Biological_Process_2023,Positive Regulation Of Cell Population Proliferation (GO:0008284),50/483,0.9744973346380468,0.99999620015268,0,0,0.7587294875630893,0.0196006345336697,CSF3;VIPR1;PID1;IRS1;FGF1;AREG;FGF2;AQP1;GPER1;EDN3;GLP2R;LIFR;AVPR1A;ADRA2A;TGFBR2;TGFBR3;CLDN5;CDH13;IL6ST;DDR2;CCL14;TNXB;CHRD;PTN;PTHLH;ERBB4;PDGFD;ASIC2;ELANE;NTRK2;TFAP2B;XBP1;TSLP;EGF;AKR1C2;VEGFD;IGF1;BMP4;MLXIPL;FGF16;IL6;NR4A3;GHRH;BCL2;MEIS3P2;FOLR2;VIP;LACRT;TDGF1;FGF10,Basal,Suppressed
GO_Biological_Process_2023,Central Nervous System Development (GO:0007417),27/283,0.9748958299348408,0.99999620015268,0,0,0.694041955017301,0.017645777112397,VIT;CCL14;PRKN;CX3CR1;RTN1;AMIGO2;GRIK1;NHLH2;RELN;ADGRA2;NNAT;APOD;TPPP;ASIC2;SPTBN1;EGR2;GSN;CADM2;ZBTB16;SCTR;ECRG4;DCLK1;TGFBR2;IL1RAPL2;MEIS3P2;AGTR2;DSCAML1,Basal,Suppressed
GO_Biological_Process_2023,Cellular Response To Heat (GO:0034605),2/40,0.9749180185125768,0.99999620015268,0,0,0.3474165230288211,0.0088250380727189,MAPT;FGF1,Basal,Suppressed
GO_Biological_Process_2023,Negative Regulation Of Cell-Cell Adhesion (GO:0022408),2/40,0.9749180185125768,0.99999620015268,0,0,0.3474165230288211,0.0088250380727189,NOTCH4;KLF4,Basal,Suppressed
GO_Biological_Process_2023,Negative Regulation Of Protein Localization (GO:1903828),2/40,0.9749180185125768,0.99999620015268,0,0,0.3474165230288211,0.0088250380727189,CAV3;CORO2B,Basal,Suppressed
GO_Biological_Process_2023,Nucleic Acid-Templated Transcription (GO:0097659),2/40,0.9749180185125768,0.99999620015268,0,0,0.3474165230288211,0.0088250380727189,THRB;DTX1,Basal,Suppressed
GO_Biological_Process_2023,Positive Regulation Of Cell Cycle G1/S Phase Transition (GO:1902808),2/40,0.9749180185125768,0.99999620015268,0,0,0.3474165230288211,0.0088250380727189,ADAMTS1;FGF10,Basal,Suppressed
GO_Biological_Process_2023,Positive Regulation Of Myeloid Leukocyte Differentiation (GO:0002763),2/40,0.9749180185125768,0.99999620015268,0,0,0.3474165230288211,0.0088250380727189,TESC;PF4,Basal,Suppressed
GO_Biological_Process_2023,Protein Localization To Chromosome (GO:0034502),2/40,0.9749180185125768,0.99999620015268,0,0,0.3474165230288211,0.0088250380727189,FAM47E;ESR1,Basal,Suppressed
GO_Biological_Process_2023,Positive Regulation Of Interleukin-1 Production (GO:0032732),4/64,0.9757369039824858,0.99999620015268,0,0,0.4398373983739837,0.0108034157110172,EGR1;IL6;SAA1;CD36,Basal,Suppressed
GO_Biological_Process_2023,Positive Regulation Of Macroautophagy (GO:0016239),4/64,0.9757369039824858,0.99999620015268,0,0,0.4398373983739837,0.0108034157110172,FYCO1;HSPB8;LACRT;DCN,Basal,Suppressed
GO_Biological_Process_2023,Regulation Of Signal Transduction (GO:0009966),17/193,0.976103810095466,0.99999620015268,0,0,0.6361460255562132,0.0153860411517514,SEMA5A;IGFBP1;CAV3;ADIPOQ;ALOX15;DTX1;DCDC2;GATA3;SOCS2;RGS5;FFAR3;SIK2;CD36;IGFBP6;TDGF1;MGLL;KCTD16,Basal,Suppressed
GO_Biological_Process_2023,mRNA Stabilization (GO:0048255),3/53,0.9769259365590914,0.99999620015268,0,0,0.3959314285714285,0.0092427962172807,ZFP36;VIP;RBM24,Basal,Suppressed
GO_Biological_Process_2023,Mitochondrial Transport (GO:0006839),3/53,0.9769259365590914,0.99999620015268,0,0,0.3959314285714285,0.0092427962172807,PRKN;BCL2;MGARP,Basal,Suppressed
GO_Biological_Process_2023,Negative Regulation Of mRNA Catabolic Process (GO:1902373),2/41,0.9777515768342429,0.99999620015268,0,0,0.3384888784736461,0.0076158821849829,VIP;RBM24,Basal,Suppressed
GO_Biological_Process_2023,Regulation Of Dendrite Development (GO:0050773),2/41,0.9777515768342429,0.99999620015268,0,0,0.3384888784736461,0.0076158821849829,PTN;MGARP,Basal,Suppressed
GO_Biological_Process_2023,Clathrin-Dependent Endocytosis (GO:0072583),1/27,0.977765971740978,0.99999620015268,0,0,0.2539603525519018,0.0057102808212098,ITSN1,Basal,Suppressed
GO_Biological_Process_2023,Glycerophospholipid Catabolic Process (GO:0046475),1/27,0.977765971740978,0.99999620015268,0,0,0.2539603525519018,0.0057102808212098,ENPP2,Basal,Suppressed
GO_Biological_Process_2023,Negative Regulation Of Notch Signaling Pathway (GO:0045746),1/27,0.977765971740978,0.99999620015268,0,0,0.2539603525519018,0.0057102808212098,ARRB1,Basal,Suppressed
GO_Biological_Process_2023,Peptidyl-Lysine Methylation (GO:0018022),1/27,0.977765971740978,0.99999620015268,0,0,0.2539603525519018,0.0057102808212098,SMYD1,Basal,Suppressed
GO_Biological_Process_2023,Regulation Of Androgen Receptor Signaling Pathway (GO:0060765),1/27,0.977765971740978,0.99999620015268,0,0,0.2539603525519018,0.0057102808212098,TCF21,Basal,Suppressed
GO_Biological_Process_2023,Regulation Of Chromatin Organization (GO:1902275),1/27,0.977765971740978,0.99999620015268,0,0,0.2539603525519018,0.0057102808212098,TAL1,Basal,Suppressed
GO_Biological_Process_2023,Regulation Of Peptidase Activity (GO:0052547),1/27,0.977765971740978,0.99999620015268,0,0,0.2539603525519018,0.0057102808212098,CAV1,Basal,Suppressed
GO_Biological_Process_2023,Positive Regulation Of Interleukin-6 Production (GO:0032755),5/76,0.9779327828072252,0.99999620015268,0,0,0.4644987730423716,0.0103649838045173,IL33;XBP1;IL6;TSLP;LEP,Basal,Suppressed
GO_Biological_Process_2023,Antimicrobial Humoral Immune Response Mediated By Antimicrobial Peptide (GO:0061844),4/65,0.9780307611451472,0.99999620015268,0,0,0.4326019592163134,0.0096098875499648,TSLP;CXCL14;CXCL2;PF4,Basal,Suppressed
GO_Biological_Process_2023,Positive Regulation Of T Cell Proliferation (GO:0042102),4/65,0.9780307611451472,0.99999620015268,0,0,0.4326019592163134,0.0096098875499648,IL6;LEP;IGF1;IL6ST,Basal,Suppressed
GO_Biological_Process_2023,Endoplasmic Reticulum Organization (GO:0007029),3/54,0.9792893522327136,0.99999620015268,0,0,0.3881456582633053,0.0081231593597745,CAV2;REEP6;TRDN,Basal,Suppressed
GO_Biological_Process_2023,Negative Regulation Of Protein Catabolic Process (GO:0042177),3/54,0.9792893522327136,0.99999620015268,0,0,0.3881456582633053,0.0081231593597745,TIMP3;TIMP4;SNCA,Basal,Suppressed
GO_Biological_Process_2023,Regulation Of Endocytosis (GO:0030100),4/66,0.9801190642127804,0.99999620015268,0,0,0.4255999213217938,0.0085465659085357,LRP1;GPC3;CDH13;SNCA,Basal,Suppressed
GO_Biological_Process_2023,Negative Regulation Of I-kappaB kinase/NF-kappaB Signaling (GO:0043124),2/42,0.9802738400843392,0.99999620015268,0,0,0.33000761614623,0.0065748465775733,PER1;ESR1,Basal,Suppressed
GO_Biological_Process_2023,Positive Regulation Of Neuron Differentiation (GO:0045666),2/42,0.9802738400843392,0.99999620015268,0,0,0.33000761614623,0.0065748465775733,ZEB1;MMD,Basal,Suppressed
GO_Biological_Process_2023,Regulation Of Osteoclast Differentiation (GO:0045670),2/42,0.9802738400843392,0.99999620015268,0,0,0.33000761614623,0.0065748465775733,TMEM178A;CARTPT,Basal,Suppressed
GO_Biological_Process_2023,Stress-Activated MAPK Cascade (GO:0051403),2/42,0.9802738400843392,0.99999620015268,0,0,0.33000761614623,0.0065748465775733,MAPK10;ZFP36,Basal,Suppressed
GO_Biological_Process_2023,Golgi To Plasma Membrane Protein Transport (GO:0043001),1/28,0.980691175892076,0.99999620015268,0,0,0.2445403149628501,0.0047679674361601,SPTBN1,Basal,Suppressed
GO_Biological_Process_2023,Determination Of Bilateral Symmetry (GO:0009855),1/28,0.980691175892076,0.99999620015268,0,0,0.2445403149628501,0.0047679674361601,DNAH5,Basal,Suppressed
GO_Biological_Process_2023,Membrane Fusion (GO:0061025),1/28,0.980691175892076,0.99999620015268,0,0,0.2445403149628501,0.0047679674361601,MYMX,Basal,Suppressed
GO_Biological_Process_2023,Negative Regulation Of G2/M Transition Of Mitotic Cell Cycle (GO:0010972),1/28,0.980691175892076,0.99999620015268,0,0,0.2445403149628501,0.0047679674361601,FHL1,Basal,Suppressed
GO_Biological_Process_2023,Negative Regulation Of Signaling (GO:0023057),1/28,0.980691175892076,0.99999620015268,0,0,0.2445403149628501,0.0047679674361601,ADIPOQ,Basal,Suppressed
GO_Biological_Process_2023,Phospholipid Catabolic Process (GO:0009395),1/28,0.980691175892076,0.99999620015268,0,0,0.2445403149628501,0.0047679674361601,ENPP2,Basal,Suppressed
GO_Biological_Process_2023,Positive Regulation Of mRNA Processing (GO:0050685),1/28,0.980691175892076,0.99999620015268,0,0,0.2445403149628501,0.0047679674361601,STH,Basal,Suppressed
GO_Biological_Process_2023,Positive Regulation Of Protein Import Into Nucleus (GO:0042307),1/28,0.980691175892076,0.99999620015268,0,0,0.2445403149628501,0.0047679674361601,PIK3R1,Basal,Suppressed
GO_Biological_Process_2023,Protein Localization To Golgi Apparatus (GO:0034067),1/28,0.980691175892076,0.99999620015268,0,0,0.2445403149628501,0.0047679674361601,LACRT,Basal,Suppressed
GO_Biological_Process_2023,Pyroptosis (GO:0070269),1/28,0.980691175892076,0.99999620015268,0,0,0.2445403149628501,0.0047679674361601,ELANE,Basal,Suppressed
GO_Biological_Process_2023,"Regulation Of DNA Damage Response, Signal Transduction By P53 Class Mediator (GO:0043516)",1/28,0.980691175892076,0.99999620015268,0,0,0.2445403149628501,0.0047679674361601,PLA2R1,Basal,Suppressed
GO_Biological_Process_2023,Regulation Of Chromosome Segregation (GO:0051983),1/28,0.980691175892076,0.99999620015268,0,0,0.2445403149628501,0.0047679674361601,IHO1,Basal,Suppressed
GO_Biological_Process_2023,Regulation Of Protein Transport (GO:0051223),1/28,0.980691175892076,0.99999620015268,0,0,0.2445403149628501,0.0047679674361601,SAA1,Basal,Suppressed
GO_Biological_Process_2023,Positive Regulation Of Intracellular Signal Transduction (GO:1902533),54/525,0.9812696817721592,0.99999620015268,0,0,0.752794975724912,0.0142338114397627,SEMA5A;CSF3;FGF1;FGF2;EDA2R;NR3C2;GPER1;FFAR4;WLS;ADGRV1;MYOC;VWF;ADIPOQ;CARTPT;FRMD1;ADRA2A;DCN;F7;ADRB3;GFRAL;KIT;CDH13;PPARG;DDR2;CX3CR1;PRKN;GATA3;ADRB2;NTS;RELN;CALCR;PDGFD;IGFBP6;LURAP1;P2RY12;NTRK2;CCL21;F10;CAV2;EGF;CAV1;SCTR;AKR1C2;IGF1;BMP4;SELP;IL6;LEP;SPRY2;TEK;LACRT;TDGF1;FERMT2;FGF10,Basal,Suppressed
GO_Biological_Process_2023,Supramolecular Fiber Organization (GO:0097435),30/316,0.9816908740916194,0.99999620015268,0,0,0.6898528723009093,0.0127476617780952,PRKN;CEP126;TNXB;COL14A1;KRT24;LMOD1;DPT;STMND1;LTBP2;THSD4;CNN1;NLRP5;CAPN3;MYH11;PGM5;CD36;TPPP;SNCA;GSN;KRT32;GFAP;TRDN;MFAP4;TPPP3;DES;KRT37;NOSTRIN;TLL1;MAPT;DDR2,Basal,Suppressed
GO_Biological_Process_2023,Brain Development (GO:0007420),14/169,0.9818628191788826,0.99999620015268,0,0,0.5949058419922502,0.0108889636176397,CCL14;CX3CR1;EGR2;RTN1;CADM2;AMIGO2;SCTR;TGFBR2;RELN;NNAT;APOD;MEIS3P2;AGTR2;DSCAML1,Basal,Suppressed
GO_Biological_Process_2023,Activation Of Cysteine-Type Endopeptidase Activity Involved In Apoptotic Process (GO:0006919),4/67,0.9820188256163934,0.99999620015268,0,0,0.4188201703445606,0.0075994082782299,NGFR;PPARG;MAPT;SNCA,Basal,Suppressed
GO_Biological_Process_2023,Regulation Of JNK Cascade (GO:0046328),8/110,0.9821614491895312,0.99999620015268,0,0,0.5169884747792247,0.0093055731350647,TGFBR3;PRKN;PER1;AMBP;CCL21;MTURN;EDA2R;KLHL31,Basal,Suppressed
GO_Biological_Process_2023,Glycolipid Biosynthetic Process (GO:0009247),2/43,0.982517654192955,0.99999620015268,0,0,0.3219400739323463,0.0056780463813451,PGAP4;ST8SIA6,Basal,Suppressed
GO_Biological_Process_2023,mRNA Destabilization (GO:0061157),2/43,0.982517654192955,0.99999620015268,0,0,0.3219400739323463,0.0056780463813451,ZFP36;RBM24,Basal,Suppressed
GO_Biological_Process_2023,mRNA Transcription (GO:0009299),2/43,0.982517654192955,0.99999620015268,0,0,0.3219400739323463,0.0056780463813451,THRB;PPARG,Basal,Suppressed
GO_Biological_Process_2023,JNK Cascade (GO:0007254),1/29,0.9832316110797416,0.99999620015268,0,0,0.2357931372015879,0.0039873963585121,MAPK10,Basal,Suppressed
GO_Biological_Process_2023,TOR Signaling (GO:0031929),1/29,0.9832316110797416,0.99999620015268,0,0,0.2357931372015879,0.0039873963585121,GATA3,Basal,Suppressed
GO_Biological_Process_2023,Defense Response To Fungus (GO:0050832),1/29,0.9832316110797416,0.99999620015268,0,0,0.2357931372015879,0.0039873963585121,CX3CR1,Basal,Suppressed
GO_Biological_Process_2023,Glycolytic Process (GO:0006096),1/29,0.9832316110797416,0.99999620015268,0,0,0.2357931372015879,0.0039873963585121,PFKFB1,Basal,Suppressed
GO_Biological_Process_2023,Phosphatidic Acid Biosynthetic Process (GO:0006654),1/29,0.9832316110797416,0.99999620015268,0,0,0.2357931372015879,0.0039873963585121,GPAM,Basal,Suppressed
GO_Biological_Process_2023,Positive Regulation Of B Cell Proliferation (GO:0030890),1/29,0.9832316110797416,0.99999620015268,0,0,0.2357931372015879,0.0039873963585121,BCL2,Basal,Suppressed
GO_Biological_Process_2023,Positive Regulation Of Dephosphorylation (GO:0035306),1/29,0.9832316110797416,0.99999620015268,0,0,0.2357931372015879,0.0039873963585121,CDH5,Basal,Suppressed
GO_Biological_Process_2023,Positive Regulation Of Viral Genome Replication (GO:0045070),1/29,0.9832316110797416,0.99999620015268,0,0,0.2357931372015879,0.0039873963585121,NR5A2,Basal,Suppressed
GO_Biological_Process_2023,Protein K11-linked Ubiquitination (GO:0070979),1/29,0.9832316110797416,0.99999620015268,0,0,0.2357931372015879,0.0039873963585121,PRKN,Basal,Suppressed
GO_Biological_Process_2023,Regulation Of Establishment Of Planar Polarity (GO:0090175),1/29,0.9832316110797416,0.99999620015268,0,0,0.2357931372015879,0.0039873963585121,PRICKLE2,Basal,Suppressed
GO_Biological_Process_2023,Positive Regulation Of Endocytosis (GO:0045807),5/79,0.9833552382215736,0.99999620015268,0,0,0.4455904627463911,0.0074791656952419,LRP1;CCL21;GPC3;F3;SNCA,Basal,Suppressed
GO_Biological_Process_2023,Regulation Of Neuron Differentiation (GO:0045664),5/79,0.9833552382215736,0.99999620015268,0,0,0.4455904627463911,0.0074791656952419,NTF4;ZEB1;RELN;MMD;DTX1,Basal,Suppressed
GO_Biological_Process_2023,Positive Regulation Of Cytokine-Mediated Signaling Pathway (GO:0001961),2/44,0.984512612195836,0.99999620015268,0,0,0.3142567003953143,0.0049050977759664,PRKN;TSLP,Basal,Suppressed
GO_Biological_Process_2023,Positive Regulation Of Leukocyte Cell-Cell Adhesion (GO:1903039),2/44,0.984512612195836,0.99999620015268,0,0,0.3142567003953143,0.0049050977759664,IL6;NR4A3,Basal,Suppressed
GO_Biological_Process_2023,Positive Regulation Of Nucleocytoplasmic Transport (GO:0046824),2/44,0.984512612195836,0.99999620015268,0,0,0.3142567003953143,0.0049050977759664,PIK3R1;RAPGEF3,Basal,Suppressed
GO_Biological_Process_2023,Calcium Ion Transmembrane Transport (GO:0070588),5/80,0.9848648086674316,0.99999620015268,0,0,0.439623840386326,0.0067046580463109,TRPM1;TRPC5;CACNA2D1;TRPM3;CACNA1G,Basal,Suppressed
GO_Biological_Process_2023,Endosome To Lysosome Transport (GO:0008333),3/57,0.9850709340107104,0.99999620015268,0,0,0.3665185185185185,0.0055130345431911,CCL14;GPRASP1;RHOB,Basal,Suppressed
GO_Biological_Process_2023,Positive Regulation Of Interleukin-1 Beta Production (GO:0032731),3/57,0.9850709340107104,0.99999620015268,0,0,0.3665185185185185,0.0055130345431911,EGR1;IL6;CD36,Basal,Suppressed
GO_Biological_Process_2023,GPI Anchor Biosynthetic Process (GO:0006506),1/30,0.9854378709227032,0.99999620015268,0,0,0.2276492130790333,0.0033394312856833,PGAP4,Basal,Suppressed
GO_Biological_Process_2023,Extrinsic Apoptotic Signaling Pathway Via Death Domain Receptors (GO:0008625),1/30,0.9854378709227032,0.99999620015268,0,0,0.2276492130790333,0.0033394312856833,BCL2,Basal,Suppressed
GO_Biological_Process_2023,Immunoglobulin Mediated Immune Response (GO:0016064),1/30,0.9854378709227032,0.99999620015268,0,0,0.2276492130790333,0.0033394312856833,FCER1A,Basal,Suppressed
GO_Biological_Process_2023,Innate Immune Response Activating Cell Surface Receptor Signaling Pathway (GO:0002220),1/30,0.9854378709227032,0.99999620015268,0,0,0.2276492130790333,0.0033394312856833,FCN2,Basal,Suppressed
GO_Biological_Process_2023,Negative Regulation Of Peptidyl-Tyrosine Phosphorylation (GO:0050732),1/30,0.9854378709227032,0.99999620015268,0,0,0.2276492130790333,0.0033394312856833,CAV1,Basal,Suppressed
GO_Biological_Process_2023,Nucleic Acid Metabolic Process (GO:0090304),1/30,0.9854378709227032,0.99999620015268,0,0,0.2276492130790333,0.0033394312856833,DNASE1L3,Basal,Suppressed
GO_Biological_Process_2023,Cellular Response To Interleukin-1 (GO:0071347),5/81,0.9862445914263268,0.99999620015268,0,0,0.4338142344041575,0.0060087135949269,CCL14;EGR1;CCL23;CCL21;CCL16,Basal,Suppressed
GO_Biological_Process_2023,Positive Regulation Of Growth (GO:0045927),5/81,0.9862445914263268,0.99999620015268,0,0,0.4338142344041575,0.0060087135949269,LGI1;SLC44A4;LEP;AGR2;BCL2,Basal,Suppressed
GO_Biological_Process_2023,Regulation Of Apoptotic Signaling Pathway (GO:2001233),2/45,0.9862853408767128,0.99999620015268,0,0,0.3069306930693069,0.0042385820806005,CX3CR1;BCL2,Basal,Suppressed
GO_Biological_Process_2023,Regulation Of Stem Cell Differentiation (GO:2000736),2/45,0.9862853408767128,0.99999620015268,0,0,0.3069306930693069,0.0042385820806005,PTN;RBM24,Basal,Suppressed
GO_Biological_Process_2023,Ras Protein Signal Transduction (GO:0007265),11/144,0.9866339067937928,0.99999620015268,0,0,0.5448154202855247,0.0073311580382996,NGFR;RASGRF2;AGTR1;CDH13;IGF1;EPS8L3;FGF2;ARHGAP6;ADRA2A;RAPGEF3;RHOB,Basal,Suppressed
GO_Biological_Process_2023,Regulation Of Notch Signaling Pathway (GO:0008593),4/70,0.9867389183157358,0.99999620015268,0,0,0.3997135994087213,0.0053360946070117,DTX1;ARRB1;IL6ST;TP63,Basal,Suppressed
GO_Biological_Process_2023,Regulation Of Actin Filament-Based Process (GO:0032970),4/70,0.9867389183157358,0.99999620015268,0,0,0.3997135994087213,0.0053360946070117,LRP1;IQGAP2;CORO2B;RAPGEF3,Basal,Suppressed
GO_Biological_Process_2023,Positive Regulation Of Defense Response (GO:0031349),9/124,0.9868340011963982,0.99999620015268,0,0,0.5156730912894069,0.006834441810214,CEBPA;IL33;TSLP;GRP;PDE2A;MMRN2;AGTR1;GRPR;SNCA,Basal,Suppressed
GO_Biological_Process_2023,Regulation Of Cytoskeleton Organization (GO:0051493),8/114,0.9871771285796632,0.99999620015268,0,0,0.497364251764367,0.0064188806109275,LRP1;FRMPD2;SPATA4;TPPP;MAPT;IQGAP2;CORO2B;RAPGEF3,Basal,Suppressed
GO_Biological_Process_2023,Receptor Signaling Pathway Via STAT (GO:0097696),1/31,0.987353898768646,0.99999620015268,0,0,0.2200482172313158,0.0028004972770135,GHR,Basal,Suppressed
GO_Biological_Process_2023,Regulation Of Centrosome Duplication (GO:0010824),1/31,0.987353898768646,0.99999620015268,0,0,0.2200482172313158,0.0028004972770135,RAB6C,Basal,Suppressed
GO_Biological_Process_2023,Regulation Of Dendrite Morphogenesis (GO:0048814),1/31,0.987353898768646,0.99999620015268,0,0,0.2200482172313158,0.0028004972770135,CUX2,Basal,Suppressed
GO_Biological_Process_2023,Regulation Of Response To Biotic Stimulus (GO:0002831),1/31,0.987353898768646,0.99999620015268,0,0,0.2200482172313158,0.0028004972770135,CD36,Basal,Suppressed
GO_Biological_Process_2023,Phosphate-Containing Compound Metabolic Process (GO:0006796),15/184,0.9873959173222524,0.99999620015268,0,0,0.584345002343766,0.0074119418326072,PFKFB1;SLC22A3;PFKFB3;PLPPR1;PLAAT3;TRH;HNMT;ALOX15B;INPP4B;G6PC2;PTPRB;INPP5J;PLPP3;FBP1;PLPP1,Basal,Suppressed
GO_Biological_Process_2023,Regulation Of Phosphorylation (GO:0042325),5/82,0.9875049165446556,0.99999620015268,0,0,0.4281555272786687,0.0053835434416899,BMP4;CDH5;EGF;LDB2;IGF1,Basal,Suppressed
GO_Biological_Process_2023,Positive Regulation Of Protein Kinase Activity (GO:0045860),11/145,0.9876027613245302,0.99999620015268,0,0,0.5407182657594717,0.0067453119490835,EGR1;RELN;CCL21;CAB39L;MMD;CARTPT;ADRB2;ADRA2A;TGFBR2;DDR2;SNCA,Basal,Suppressed
GO_Biological_Process_2023,Positive Regulation Of Response To External Stimulus (GO:0032103),12/155,0.9876497784805504,0.99999620015268,0,0,0.5526720985436582,0.006868122101044,P2RY12;THBD;CEBPA;IL33;TSLP;CCL21;PDE2A;MMRN2;AGTR1;PLAT;PTN;SNCA,Basal,Suppressed
GO_Biological_Process_2023,Regulation Of Interleukin-10 Production (GO:0032653),2/46,0.9878597698736356,0.99999620015268,0,0,0.2999376860762999,0.0036635962552549,IL6;TSLP,Basal,Suppressed
GO_Biological_Process_2023,Regulation Of mRNA Catabolic Process (GO:0061013),2/46,0.9878597698736356,0.99999620015268,0,0,0.2999376860762999,0.0036635962552549,ZFP36;RBM24,Basal,Suppressed
GO_Biological_Process_2023,Chordate Embryonic Development (GO:0043009),3/59,0.9880274629269922,0.99999620015268,0,0,0.3533877551020408,0.0042564795798177,ALDH1A2;GATA3;PCSK5,Basal,Suppressed
GO_Biological_Process_2023,Negative Regulation Of Cell Population Proliferation (GO:0008285),36/379,0.9885835213384372,0.99999620015268,0,0,0.6895448655652737,0.0079174554631568,KANK2;CEBPA;BTG2;UMOD;GATA3;PTHLH;ACVR1C;TNN;ADAMTS1;ERBB4;GPER1;APOD;IGFBP6;ADAMTS8;TNS2;TFAP2B;CCL23;MYOCD;TESC;AVPR2;PODN;ALOX15B;DHRS2;PER2;BMP4;TGFBR3;IL6;ALDH1A2;OGN;MMRN2;CLDN19;CDH13;PPARG;VIP;GPLD1;PLPP1,Basal,Suppressed
GO_Biological_Process_2023,Chromosome Condensation (GO:0030261),1/32,0.9890178613154,0.99999620015268,0,0,0.2129376082124832,0.002351446062098,GPER1,Basal,Suppressed
GO_Biological_Process_2023,Heterochromatin Formation (GO:0031507),1/32,0.9890178613154,0.99999620015268,0,0,0.2129376082124832,0.002351446062098,EZH1,Basal,Suppressed
GO_Biological_Process_2023,Histone Lysine Methylation (GO:0034968),1/32,0.9890178613154,0.99999620015268,0,0,0.2129376082124832,0.002351446062098,SMYD1,Basal,Suppressed
GO_Biological_Process_2023,Mitochondrial Membrane Organization (GO:0007006),1/32,0.9890178613154,0.99999620015268,0,0,0.2129376082124832,0.002351446062098,BCL2,Basal,Suppressed
GO_Biological_Process_2023,Proteoglycan Biosynthetic Process (GO:0030166),1/32,0.9890178613154,0.99999620015268,0,0,0.2129376082124832,0.002351446062098,IGF1,Basal,Suppressed
GO_Biological_Process_2023,Purine Ribonucleoside Triphosphate Metabolic Process (GO:0009205),1/32,0.9890178613154,0.99999620015268,0,0,0.2129376082124832,0.002351446062098,ATP1A2,Basal,Suppressed
GO_Biological_Process_2023,Regulation Of Natural Killer Cell Mediated Cytotoxicity (GO:0042269),1/32,0.9890178613154,0.99999620015268,0,0,0.2129376082124832,0.002351446062098,LEP,Basal,Suppressed
GO_Biological_Process_2023,Regulation Of Transcription By RNA Polymerase I (GO:0006356),1/32,0.9890178613154,0.99999620015268,0,0,0.2129376082124832,0.002351446062098,ASIC2,Basal,Suppressed
GO_Biological_Process_2023,Regulation Of Cellular Localization (GO:0060341),4/72,0.9892024702803174,0.99999620015268,0,0,0.3879124820659971,0.0042112733656709,GSN;MMD;REEP6;VIP,Basal,Suppressed
GO_Biological_Process_2023,Cognition (GO:0050890),2/47,0.989257379753658,0.99999620015268,0,0,0.2932554793940932,0.0031673758335277,LHCGR;CUX2,Basal,Suppressed
GO_Biological_Process_2023,Negative Regulation Of Hydrolase Activity (GO:0051346),2/47,0.989257379753658,0.99999620015268,0,0,0.2932554793940932,0.0031673758335277,SERPINA5;PLIN5,Basal,Suppressed
GO_Biological_Process_2023,Positive Regulation Of Lymphocyte Activation (GO:0051251),2/47,0.989257379753658,0.99999620015268,0,0,0.2932554793940932,0.0031673758335277,IL6;FGF10,Basal,Suppressed
GO_Biological_Process_2023,Regulation Of T Cell Differentiation (GO:0045580),2/47,0.989257379753658,0.99999620015268,0,0,0.2932554793940932,0.0031673758335277,XBP1;GATA3,Basal,Suppressed
GO_Biological_Process_2023,Cell Junction Assembly (GO:0034329),6/95,0.9895662528748704,0.99999620015268,0,0,0.4443730234232381,0.0046608332381002,CDH5;CLDN5;GPM6A;CDH13;TLN2;DRD1,Basal,Suppressed
GO_Biological_Process_2023,Positive Regulation Of Cell Growth (GO:0030307),7/106,0.9897100731913736,0.99999620015268,0,0,0.4659760520119161,0.0048196993938681,RNF157;LGI1;SLC44A4;BCL2;ISLR2;IGF1;MAPT,Basal,Suppressed
GO_Biological_Process_2023,Cellular Response To Oxidative Stress (GO:0034599),8/117,0.9900385413475424,0.99999620015268,0,0,0.4835912879053155,0.0048414287005836,MPV17L;UCP1;FOS;MAPT;PLA2R1;DHRS2;FOXO1;SNCA,Basal,Suppressed
GO_Biological_Process_2023,Protein Maturation (GO:0051604),8/117,0.9900385413475424,0.99999620015268,0,0,0.4835912879053155,0.0048414287005836,F7;MME;TESC;NNAT;CPE;CTSG;TLL1;PCSK5,Basal,Suppressed
GO_Biological_Process_2023,Protein Processing (GO:0016485),8/117,0.9900385413475424,0.99999620015268,0,0,0.4835912879053155,0.0048414287005836,THBD;F7;MME;CPE;CTSG;TLL1;MASP1;PCSK5,Basal,Suppressed
GO_Biological_Process_2023,Regulation Of Canonical Wnt Signaling Pathway (GO:0060828),17/207,0.9902043319510732,0.99999620015268,0,0,0.5887923562256848,0.0057960491331128,CCL14;PRKN;SEMA5A;IGFBP1;EGF;CAV1;LYPD6;DKK3;SHISA6;SOX17;TMEM88;GPC3;RSPO1;IGFBP6;WLS;FGF10;RBMS3,Basal,Suppressed
GO_Biological_Process_2023,Positive Regulation Of Interleukin-8 Production (GO:0032757),3/61,0.9904161243539604,0.99999620015268,0,0,0.3411625615763546,0.0032854284025007,IL6;LEP;ELANE,Basal,Suppressed
GO_Biological_Process_2023,Actin Filament Bundle Assembly (GO:0051017),1/33,0.9904629080077504,0.99999620015268,0,0,0.2062714122573277,0.0019766703318679,LIMA1,Basal,Suppressed
GO_Biological_Process_2023,Actin Filament Bundle Organization (GO:0061572),1/33,0.9904629080077504,0.99999620015268,0,0,0.2062714122573277,0.0019766703318679,LIMA1,Basal,Suppressed
GO_Biological_Process_2023,Glycolipid Metabolic Process (GO:0006664),1/33,0.9904629080077504,0.99999620015268,0,0,0.2062714122573277,0.0019766703318679,ST8SIA6,Basal,Suppressed
GO_Biological_Process_2023,intra-Golgi Vesicle-Mediated Transport (GO:0006891),1/33,0.9904629080077504,0.99999620015268,0,0,0.2062714122573277,0.0019766703318679,RAB6C,Basal,Suppressed
GO_Biological_Process_2023,Phosphatidic Acid Metabolic Process (GO:0046473),1/33,0.9904629080077504,0.99999620015268,0,0,0.2062714122573277,0.0019766703318679,GPAM,Basal,Suppressed
GO_Biological_Process_2023,Positive Regulation Of RNA Metabolic Process (GO:0051254),1/33,0.9904629080077504,0.99999620015268,0,0,0.2062714122573277,0.0019766703318679,PIK3R1,Basal,Suppressed
GO_Biological_Process_2023,Positive Regulation Of Chromosome Organization (GO:2001252),1/33,0.9904629080077504,0.99999620015268,0,0,0.2062714122573277,0.0019766703318679,TAL1,Basal,Suppressed
GO_Biological_Process_2023,Positive Regulation Of Protein Dephosphorylation (GO:0035307),1/33,0.9904629080077504,0.99999620015268,0,0,0.2062714122573277,0.0019766703318679,CDH5,Basal,Suppressed
GO_Biological_Process_2023,Positive Regulation Of Telomerase Activity (GO:0051973),1/33,0.9904629080077504,0.99999620015268,0,0,0.2062714122573277,0.0019766703318679,KLF4,Basal,Suppressed
GO_Biological_Process_2023,Regulation Of NLRP3 Inflammasome Complex Assembly (GO:1900225),1/33,0.9904629080077504,0.99999620015268,0,0,0.2062714122573277,0.0019766703318679,CD36,Basal,Suppressed
GO_Biological_Process_2023,Regulation Of Activated T Cell Proliferation (GO:0046006),1/33,0.9904629080077504,0.99999620015268,0,0,0.2062714122573277,0.0019766703318679,IGF1,Basal,Suppressed
GO_Biological_Process_2023,Signal Transduction By P53 Class Mediator (GO:0072331),1/33,0.9904629080077504,0.99999620015268,0,0,0.2062714122573277,0.0019766703318679,ZNF385B,Basal,Suppressed
GO_Biological_Process_2023,Ubiquitin-Dependent Protein Catabolic Process Via The Multivesicular Body Sorting Pathway (GO:0043162),1/33,0.9904629080077504,0.99999620015268,0,0,0.2062714122573277,0.0019766703318679,UBAP1L,Basal,Suppressed
GO_Biological_Process_2023,Cellular Response To Mechanical Stimulus (GO:0071260),2/48,0.9904974325292288,0.99999620015268,0,0,0.2868638034371999,0.0027389770130631,PDE2A;AQP1,Basal,Suppressed
GO_Biological_Process_2023,Regulation Of Intrinsic Apoptotic Signaling Pathway (GO:2001242),2/48,0.9904974325292288,0.99999620015268,0,0,0.2868638034371999,0.0027389770130631,CAV1;BCL2,Basal,Suppressed
GO_Biological_Process_2023,"Retrograde Vesicle-Mediated Transport, Golgi To Endoplasmic Reticulum (GO:0006890)",2/48,0.9904974325292288,0.99999620015268,0,0,0.2868638034371999,0.0027389770130631,RAB6C;PLPP3,Basal,Suppressed
GO_Biological_Process_2023,Protein Homooligomerization (GO:0051260),9/129,0.991234221650338,0.99999620015268,0,0,0.4940435280641466,0.0043497685911318,STEAP4;GLRA3;SCARA5;KCNC2;ALDH1A2;ITLN1;ACACB;GNMT;HCN1,Basal,Suppressed
GO_Biological_Process_2023,Glycerophospholipid Biosynthetic Process (GO:0046474),7/108,0.9913821657748708,0.99999620015268,0,0,0.4566959175887066,0.0039527865079776,INPP4B;SLC44A4;GPAM;ALOX15;INPP5J;BMX;FGF2,Basal,Suppressed
GO_Biological_Process_2023,Negative Regulation Of Kinase Activity (GO:0033673),3/62,0.991430926191059,0.99999620015268,0,0,0.3353607748184019,0.0028861146331607,CAV3;MAPT;SNCA,Basal,Suppressed
GO_Biological_Process_2023,Regulation Of Embryonic Development (GO:0045995),3/62,0.991430926191059,0.99999620015268,0,0,0.3353607748184019,0.0028861146331607,CRB2;SOX17;NLRP5,Basal,Suppressed
GO_Biological_Process_2023,Nuclear Export (GO:0051168),2/49,0.9915971835500124,0.99999620015268,0,0,0.2807441136912382,0.0023690084262386,RANBP3L;EGR2,Basal,Suppressed
GO_Biological_Process_2023,Regulation Of Protein-Containing Complex Assembly (GO:0043254),8/119,0.9916006550099818,0.99999620015268,0,0,0.474822914517571,0.0040050449908951,SELP;CDH5;GSN;TAL1;TPPP;CD36;TRABD2B;GFAP,Basal,Suppressed
GO_Biological_Process_2023,ATP Metabolic Process (GO:0046034),1/34,0.9917178300335624,0.99999620015268,0,0,0.2000092281782422,0.0016634082856495,ATP1A2,Basal,Suppressed
GO_Biological_Process_2023,Membrane Protein Proteolysis (GO:0033619),1/34,0.9917178300335624,0.99999620015268,0,0,0.2000092281782422,0.0016634082856495,TMPRSS6,Basal,Suppressed
GO_Biological_Process_2023,Negative Regulation Of Interleukin-6 Production (GO:0032715),1/34,0.9917178300335624,0.99999620015268,0,0,0.2000092281782422,0.0016634082856495,C5AR2,Basal,Suppressed
GO_Biological_Process_2023,Positive Regulation Of Transcription By RNA Polymerase I (GO:0045943),1/34,0.9917178300335624,0.99999620015268,0,0,0.2000092281782422,0.0016634082856495,ASIC2,Basal,Suppressed
GO_Biological_Process_2023,Regulation Of Interleukin-17 Production (GO:0032660),1/34,0.9917178300335624,0.99999620015268,0,0,0.2000092281782422,0.0016634082856495,IL6,Basal,Suppressed
GO_Biological_Process_2023,Regulation Of Neuronal Synaptic Plasticity (GO:0048168),1/34,0.9917178300335624,0.99999620015268,0,0,0.2000092281782422,0.0016634082856495,SHISA6,Basal,Suppressed
GO_Biological_Process_2023,Smoothened Signaling Pathway (GO:0007224),1/34,0.9917178300335624,0.99999620015268,0,0,0.2000092281782422,0.0016634082856495,DHH,Basal,Suppressed
GO_Biological_Process_2023,Transcription Initiation-Coupled Chromatin Remodeling (GO:0045815),1/34,0.9917178300335624,0.99999620015268,0,0,0.2000092281782422,0.0016634082856495,FAM47E,Basal,Suppressed
GO_Biological_Process_2023,Golgi Organization (GO:0007030),9/130,0.991929555953589,0.99999620015268,0,0,0.4899321234841385,0.0039700113014719,RAB30;GOLGA8H;GOLGA8IP;GOLGA8K;GOLGA8M;GOLGA8O;GOLGA8N;GOLGA8Q;SYNE1,Basal,Suppressed
GO_Biological_Process_2023,Negative Regulation Of Macromolecule Biosynthetic Process (GO:0010558),6/98,0.9921058886378964,0.99999620015268,0,0,0.4298079793055417,0.0034064151230919,ZNF540;BTG2;TMEFF2;DACH1;ADIPOQ;PF4,Basal,Suppressed
GO_Biological_Process_2023,Phosphatidylinositol Biosynthetic Process (GO:0006661),6/98,0.9921058886378964,0.99999620015268,0,0,0.4298079793055417,0.0034064151230919,SOCS2;INPP4B;PGAP4;INPP5J;PIK3R1;FGF2,Basal,Suppressed
GO_Biological_Process_2023,Positive Regulation Of Cysteine-Type Endopeptidase Activity Involved In Apoptotic Process (GO:0043280),7/109,0.9921186530651788,0.99999620015268,0,0,0.452192322942149,0.0035780029136942,NGFR;ACVR1C;GSN;GPER1;PPARG;MAPT;SNCA,Basal,Suppressed
GO_Biological_Process_2023,Dicarboxylic Acid Metabolic Process (GO:0043648),2/50,0.9925720756538008,0.99999620015268,0,0,0.2748794110180249,0.0020494043375481,TAT;PCK1,Basal,Suppressed
GO_Biological_Process_2023,Negative Regulation Of Cell Projection Organization (GO:0031345),2/50,0.9925720756538008,0.99999620015268,0,0,0.2748794110180249,0.0020494043375481,MAG;SPRY2,Basal,Suppressed
GO_Biological_Process_2023,Cellular Response To Amino Acid Stimulus (GO:0071230),1/35,0.992807633442692,0.99999620015268,0,0,0.1941154078685147,0.0014011941810479,XBP1,Basal,Suppressed
GO_Biological_Process_2023,Intrinsic Apoptotic Signaling Pathway By P53 Class Mediator (GO:0072332),1/35,0.992807633442692,0.99999620015268,0,0,0.1941154078685147,0.0014011941810479,ZNF385B,Basal,Suppressed
GO_Biological_Process_2023,Regulation Of G2/M Transition Of Mitotic Cell Cycle (GO:0010389),1/35,0.992807633442692,0.99999620015268,0,0,0.1941154078685147,0.0014011941810479,FHL1,Basal,Suppressed
GO_Biological_Process_2023,Regulatory ncRNA Processing (GO:0070918),1/35,0.992807633442692,0.99999620015268,0,0,0.1941154078685147,0.0014011941810479,ANKRD34C,Basal,Suppressed
GO_Biological_Process_2023,Negative Regulation Of Protein Kinase Activity (GO:0006469),5/88,0.9930502303518356,0.99999620015268,0,0,0.3970667266856216,0.0027691559680567,PTPRT;PTPRB;CAV3;CAV1;SNCA,Basal,Suppressed
GO_Biological_Process_2023,Positive Regulation Of T Cell Differentiation (GO:0045582),3/64,0.9931580904042164,0.99999620015268,0,0,0.324327868852459,0.0022266479359684,XBP1;GATA3;PCK1,Basal,Suppressed
GO_Biological_Process_2023,Regulation Of Secretion By Cell (GO:1903530),3/64,0.9931580904042164,0.99999620015268,0,0,0.324327868852459,0.0022266479359684,RAB3C;FER1L5;SAA1,Basal,Suppressed
GO_Biological_Process_2023,T Cell Activation (GO:0042110),7/111,0.9934167560138596,0.99999620015268,0,0,0.4434449564171044,0.0029289579781807,CCL21;LEP;KIT;LEPR;KIF13B;GATA3;PIK3R1,Basal,Suppressed
GO_Biological_Process_2023,Regulation Of Immune Response (GO:0050776),4/77,0.9935929099363854,0.99999620015268,0,0,0.3612387236886067,0.00232193543051,C6;C7;AMBP;C8B,Basal,Suppressed
GO_Biological_Process_2023,Negative Regulation Of Organelle Assembly (GO:1902116),1/36,0.9937540364499264,0.99999620015268,0,0,0.1885583772907716,0.0011814221643589,CAV3,Basal,Suppressed
GO_Biological_Process_2023,Negative Regulation Of Protein Kinase B Signaling (GO:0051898),1/36,0.9937540364499264,0.99999620015268,0,0,0.1885583772907716,0.0011814221643589,GPER1,Basal,Suppressed
GO_Biological_Process_2023,Regulation Of Intracellular Protein Transport (GO:0033157),1/36,0.9937540364499264,0.99999620015268,0,0,0.1885583772907716,0.0011814221643589,BMP4,Basal,Suppressed
GO_Biological_Process_2023,tRNA Methylation (GO:0030488),1/36,0.9937540364499264,0.99999620015268,0,0,0.1885583772907716,0.0011814221643589,TRMT9B,Basal,Suppressed
GO_Biological_Process_2023,Defense Response To Bacterium (GO:0042742),16/204,0.9937882521349886,0.99999620015268,0,0,0.5599035547880487,0.0034888268205921,CHGA;FCN2;PGLYRP2;STAB2;UMOD;DEFB132;F3;AQP1;JCHAIN;SELP;IL6;CTSG;LALBA;IGHA2;LACRT;ELANE,Basal,Suppressed
GO_Biological_Process_2023,Small GTPase Mediated Signal Transduction (GO:0007264),7/112,0.9939871073954528,0.99999620015268,0,0,0.4391962355335114,0.0026488113102593,RAB6C;RASL10A;RASGRF2;IGF1;FGF2;ADRA2A;RAPGEF3,Basal,Suppressed
GO_Biological_Process_2023,Melanosome Organization (GO:0032438),1/37,0.9945759016042488,0.99999620015268,0,0,0.1833100706340143,0.000996998219301463,PMEL,Basal,Suppressed
GO_Biological_Process_2023,Regulation Of Phosphoprotein Phosphatase Activity (GO:0043666),1/37,0.9945759016042488,0.99999620015268,0,0,0.1833100706340143,0.000996998219301463,CRY2,Basal,Suppressed
GO_Biological_Process_2023,Lymphocyte Differentiation (GO:0030098),5/91,0.9948480283036653,0.99999620015268,0,0,0.3831490659550133,0.0019790756028554,LEP;KIT;LEPR;GATA3;PIK3R1,Basal,Suppressed
GO_Biological_Process_2023,Regulation Of Actin Cytoskeleton Organization (GO:0032956),5/91,0.9948480283036653,0.99999620015268,0,0,0.3831490659550133,0.0019790756028554,CSF3;LRP1;IQGAP2;CORO2B;RAPGEF3,Basal,Suppressed
GO_Biological_Process_2023,Actin Polymerization Or Depolymerization (GO:0008154),2/53,0.9948784793320516,0.99999620015268,0,0,0.258665233039141,0.0013281633557273,GSN;ARHGAP6,Basal,Suppressed
GO_Biological_Process_2023,"Regulation Of Alternative mRNA Splicing, Via Spliceosome (GO:0000381)",2/53,0.9948784793320516,0.99999620015268,0,0,0.258665233039141,0.0013281633557273,NOVA1;RBM24,Basal,Suppressed
GO_Biological_Process_2023,Regulation Of Proteasomal Protein Catabolic Process (GO:0061136),2/53,0.9948784793320516,0.99999620015268,0,0,0.258665233039141,0.0013281633557273,PRKN;ECSCR,Basal,Suppressed
GO_Biological_Process_2023,Spermatid Development (GO:0007286),2/53,0.9948784793320516,0.99999620015268,0,0,0.258665233039141,0.0013281633557273,IQCN;JAM2,Basal,Suppressed
GO_Biological_Process_2023,Regulation Of Interleukin-6 Production (GO:0032675),7/114,0.9949900501618596,0.99999620015268,0,0,0.4309370397971809,0.0021643992571402,IL33;XBP1;IL6;TSLP;C5AR2;LEP;ARRB1,Basal,Suppressed
GO_Biological_Process_2023,Positive Regulation Of DNA-binding Transcription Factor Activity (GO:0051091),20/246,0.9949913518137072,0.99999620015268,0,0,0.5818041153157066,0.0029213743176542,FOXA1;CX3CR1;CSF3;MYOCD;FZD4;CAV1;ADCY1;NTS;ESR1;EDA2R;ESR2;NHLH2;IL6;RELN;KIT;CAPN3;PPARG;CD36;PLPP3;DDR2,Basal,Suppressed
GO_Biological_Process_2023,Regulation Of Intracellular Transport (GO:0032386),1/38,0.9952896110414188,0.99999620015268,0,0,0.1783454562289735,0.0008420612464655697,REEP6,Basal,Suppressed
GO_Biological_Process_2023,Cytokine-Mediated Signaling Pathway (GO:0019221),21/257,0.9954272755126218,0.99999620015268,0,0,0.5848920442355328,0.0026806838692943,CCL14;EGR1;IL33;CEBPA;CCL23;CSF3;CCL21;LIFR;CXCL2;GHR;GREM2;IL1RL1;IL6;CXCL12;LEP;KIT;LEPR;CTSG;IL6ST;CCL16;PF4,Basal,Suppressed
GO_Biological_Process_2023,Negative Regulation Of Neuron Projection Development (GO:0010977),2/54,0.9954780377306166,0.99999620015268,0,0,0.2536762551994844,0.001149715904192,MAG;MGARP,Basal,Suppressed
GO_Biological_Process_2023,Organelle Disassembly (GO:1903008),2/54,0.9954780377306166,0.99999620015268,0,0,0.2536762551994844,0.001149715904192,PLAAT3;PNPLA2,Basal,Suppressed
GO_Biological_Process_2023,Protein K63-linked Ubiquitination (GO:0070534),2/54,0.9954780377306166,0.99999620015268,0,0,0.2536762551994844,0.001149715904192,PRKN;RNF186,Basal,Suppressed
GO_Biological_Process_2023,Endocytosis (GO:0006897),14/189,0.9956270939688218,0.99999620015268,0,0,0.5263045141545524,0.0023065269806235,SCARA5;CAV3;LRP1;CAV1;STAB2;ADRB2;LRP1B;EHD2;ADRB3;RHOJ;PECAM1;CD36;CD302;ELANE,Basal,Suppressed
GO_Biological_Process_2023,Negative Regulation Of Amide Metabolic Process (GO:0034249),5/93,0.9957887150532874,0.99999620015268,0,0,0.3743978095865248,0.0015800251677613,ZNF540;NTRK2;BTG2;RTN1;IGF1,Basal,Suppressed
GO_Biological_Process_2023,Protein O-linked Glycosylation (GO:0006493),5/93,0.9957887150532874,0.99999620015268,0,0,0.3743978095865248,0.0015800251677613,GALNT16;B3GALT1;TMTC1;GCNT4;ST8SIA6,Basal,Suppressed
GO_Biological_Process_2023,Negative Regulation Of NF-kappaB Transcription Factor Activity (GO:0032088),4/81,0.9958119179847064,0.99999620015268,0,0,0.3423938866012037,0.0014369848887119,TCEAL7;ARRB1;KLF4;MTURN,Basal,Suppressed
GO_Biological_Process_2023,Regulation Of Tumor Necrosis Factor Production (GO:0032680),8/127,0.995824798421301,0.99999620015268,0,0,0.4426967733658349,0.0018522176544138,CX3CR1;IL33;ZFP36;IL6;C5AR2;CIDEA;IGF1;PF4,Basal,Suppressed
GO_Biological_Process_2023,Nuclear Transport (GO:0051169),1/39,0.9959093928194536,0.99999620015268,0,0,0.1736421373189349,0.000711758530567402,CITED1,Basal,Suppressed
GO_Biological_Process_2023,"Nuclear-Transcribed mRNA Catabolic Process, Deadenylation-Dependent Decay (GO:0000288)",1/39,0.9959093928194536,0.99999620015268,0,0,0.1736421373189349,0.000711758530567402,ZFP36,Basal,Suppressed
GO_Biological_Process_2023,Organelle Transport Along Microtubule (GO:0072384),1/39,0.9959093928194536,0.99999620015268,0,0,0.1736421373189349,0.000711758530567402,MAPT,Basal,Suppressed
GO_Biological_Process_2023,Positive Regulation Of Cytokinesis (GO:0032467),1/39,0.9959093928194536,0.99999620015268,0,0,0.1736421373189349,0.000711758530567402,MRGPRX2,Basal,Suppressed
GO_Biological_Process_2023,Positive Regulation Of Intracellular Transport (GO:0032388),1/39,0.9959093928194536,0.99999620015268,0,0,0.1736421373189349,0.000711758530567402,EHD2,Basal,Suppressed
GO_Biological_Process_2023,Positive Regulation Of Intrinsic Apoptotic Signaling Pathway (GO:2001244),1/39,0.9959093928194536,0.99999620015268,0,0,0.1736421373189349,0.000711758530567402,CAV1,Basal,Suppressed
GO_Biological_Process_2023,Positive Regulation Of Pattern Recognition Receptor Signaling Pathway (GO:0062208),1/39,0.9959093928194536,0.99999620015268,0,0,0.1736421373189349,0.000711758530567402,CAV1,Basal,Suppressed
GO_Biological_Process_2023,Regulation Of Protein Targeting To Mitochondrion (GO:1903214),1/39,0.9959093928194536,0.99999620015268,0,0,0.1736421373189349,0.000711758530567402,PRKN,Basal,Suppressed
GO_Biological_Process_2023,Lysosomal Transport (GO:0007041),6/105,0.9959443892199868,0.99999620015268,0,0,0.3992557150451887,0.0016225181614423,CCL14;PRKN;LRP1;GPRASP1;ASB15;RHOB,Basal,Suppressed
GO_Biological_Process_2023,Positive Regulation Of Stress-Activated MAPK Cascade (GO:0032874),6/105,0.9959443892199868,0.99999620015268,0,0,0.3992557150451887,0.0016225181614423,BMP4;CCL21;LEP;IGFBP6;MTURN;EDA2R,Basal,Suppressed
GO_Biological_Process_2023,Cellular Response To Molecule Of Bacterial Origin (GO:0071219),7/117,0.9962010738844416,0.99999620015268,0,0,0.4191113731747077,0.0015952050961622,CX3CR1;ZFP36;XBP1;IL6;CTSG;CXCL2;PF4,Basal,Suppressed
GO_Biological_Process_2023,Negative Regulation Of Multicellular Organismal Process (GO:0051241),18/231,0.9962854865348016,0.99999620015268,0,0,0.5555771410069613,0.0020675411075548,FOXA1;MYOCD;ADIPOQ;CIDEA;WNT9B;GATA3;BMP4;CRHBP;ADAMTS5;ACVR1C;NOVA1;ALDH1A1;FFAR4;SPRY2;SPX;SPRY1;HOXA7;ZNF423,Basal,Suppressed
GO_Biological_Process_2023,Regulation Of G1/S Transition Of Mitotic Cell Cycle (GO:2000045),6/106,0.99631843463534,0.99999620015268,0,0,0.3952402745995423,0.0014577880262379,KANK2;PLK5;ADAMTS1;FHL1;KLF4;FGF10,Basal,Suppressed
GO_Biological_Process_2023,Positive Regulation Of Catalytic Activity (GO:0043085),1/40,0.996447603741866,0.99999620015268,0,0,0.1691800142504367,0.0006020644696329656,CAV1,Basal,Suppressed
GO_Biological_Process_2023,Protein Localization To Cilium (GO:0061512),1/40,0.996447603741866,0.99999620015268,0,0,0.1691800142504367,0.0006020644696329656,ZNF423,Basal,Suppressed
GO_Biological_Process_2023,Regulation Of Autophagosome Assembly (GO:2000785),1/40,0.996447603741866,0.99999620015268,0,0,0.1691800142504367,0.0006020644696329656,RNF186,Basal,Suppressed
GO_Biological_Process_2023,Regulation Of Cytokine-Mediated Signaling Pathway (GO:0001959),1/40,0.996447603741866,0.99999620015268,0,0,0.1691800142504367,0.0006020644696329656,TSLP,Basal,Suppressed
GO_Biological_Process_2023,Regulation Of Protein Dephosphorylation (GO:0035304),1/40,0.996447603741866,0.99999620015268,0,0,0.1691800142504367,0.0006020644696329656,CDH5,Basal,Suppressed
GO_Biological_Process_2023,Water-Soluble Vitamin Metabolic Process (GO:0006767),1/40,0.996447603741866,0.99999620015268,0,0,0.1691800142504367,0.0006020644696329656,SLC19A3,Basal,Suppressed
GO_Biological_Process_2023,Regulation Of Stem Cell Population Maintenance (GO:2000036),2/56,0.9964776135674744,0.99999620015268,0,0,0.2442526303912442,0.0008618709653868634,WNT9B;PTN,Basal,Suppressed
GO_Biological_Process_2023,Negative Regulation Of Cellular Process (GO:0048523),51/537,0.996509808662149,0.99999620015268,0,0,0.6876164743193588,0.0024041109106994,SEMA5A;BTG2;FHL1;PDE3B;SOX17;ADAMTS1;GPER1;CCN5;DACT2;ADAMTS8;TNS2;MYOCD;DUSP1;TESC;AVPR2;RHOB;ALDH1A2;MMRN2;CLDN19;TXNIP;CDH13;GMNC;AGTR2;FBP1;GPLD1;PLPP1;KANK2;CEBPA;NPR1;NOTCH4;UMOD;GATA3;PTHLH;ERBB4;SPOCK3;AGR2;AGR3;IGFBP6;SLIT2;JAM2;PLXNA4;TFAP2B;CCL23;PODN;DHRS2;ALOX15B;ESR2;BMP4;NR4A1;IL6;SCGB3A1,Basal,Suppressed
GO_Biological_Process_2023,Neuron Projection Development (GO:0031175),14/192,0.9965099428212506,0.99999620015268,0,0,0.5173439474566509,0.001808718061566,LGI1;GPM6A;BTG2;ADGRV1;TNXB;MYOC;STMND1;FRY;DCLK1;NTF4;IL6;GRM7;MGARP;MAPT,Basal,Suppressed
GO_Biological_Process_2023,Regulation Of Protein Binding (GO:0043393),7/118,0.9965384607887076,0.99999620015268,0,0,0.4153115343500692,0.0014401111020546,BMP4;PRKN;CLDN5;CSF3;LRP1;CAV1;CFHR5,Basal,Suppressed
GO_Biological_Process_2023,Sulfur Compound Biosynthetic Process (GO:0044272),3/70,0.9965490707452902,0.99999620015268,0,0,0.295181236673774,0.0010204112630355,GSTM1;CDO1;GGTA1,Basal,Suppressed
GO_Biological_Process_2023,T Cell Receptor Signaling Pathway (GO:0050852),5/95,0.9965630300549796,0.99999620015268,0,0,0.3660354979455246,0.0012602199169317,BTNL9;BTNL8;FYB2;BTN1A1;GATA3,Basal,Suppressed
GO_Biological_Process_2023,Positive Regulation Of Developmental Process (GO:0051094),18/233,0.9967687465442427,0.99999620015268,0,0,0.5503448275862068,0.0017811829049909,PRKN;XBP1;TNXB;EDN3;FZD4;ZBTB16;PTN;DCN;BMP4;RELN;LEP;NLRP5;MMRN2;AGR2;ENPP2;PPARG;RAPGEF3;SOX5,Basal,Suppressed
GO_Biological_Process_2023,Regulation Of Protein Kinase Activity (GO:0045859),7/119,0.9968470614301173,0.99999620015268,0,0,0.4115795497901564,0.00129973510801,RELN;CAV3;CCL21;MMD;CARTPT;DDR2;SNCA,Basal,Suppressed
GO_Biological_Process_2023,Regulation Of Protein Metabolic Process (GO:0051246),5/96,0.996896794706942,0.99999620015268,0,0,0.3619921824267992,0.0011250826420289,EDNRB;ANGPTL8;AGTR1;KLF4;KLF2,Basal,Suppressed
GO_Biological_Process_2023,O-glycan Processing (GO:0016266),1/41,0.9969149757744702,0.99999620015268,0,0,0.1649409973353635,0.0005096334932214429,GCNT4,Basal,Suppressed
GO_Biological_Process_2023,Carbohydrate Catabolic Process (GO:0016052),1/41,0.9969149757744702,0.99999620015268,0,0,0.1649409973353635,0.0005096334932214429,PFKFB1,Basal,Suppressed
GO_Biological_Process_2023,Positive Regulation Of Response To Biotic Stimulus (GO:0002833),1/41,0.9969149757744702,0.99999620015268,0,0,0.1649409973353635,0.0005096334932214429,MMRN2,Basal,Suppressed
GO_Biological_Process_2023,Positive Regulation Of Viral Process (GO:0048524),1/41,0.9969149757744702,0.99999620015268,0,0,0.1649409973353635,0.0005096334932214429,NR5A2,Basal,Suppressed
GO_Biological_Process_2023,Protein Autoubiquitination (GO:0051865),3/71,0.996924849014349,0.99999620015268,0,0,0.2908235294117647,0.0008957041828651372,RNF157;PRKN;RNF186,Basal,Suppressed
GO_Biological_Process_2023,Regulation Of Cysteine-Type Endopeptidase Activity Involved In Apoptotic Process (GO:0043281),4/84,0.996967637507852,0.99999620015268,0,0,0.3294969512195121,0.0010006721644728,GPER1;KLF4;AQP1;SNCA,Basal,Suppressed
GO_Biological_Process_2023,Positive Regulation Of Cellular Process (GO:0048522),57/594,0.9970784642593477,0.99999620015268,0,0,0.6950429044195138,0.0020335647010786,CSF3;VIPR1;SLC44A4;IRS1;HBB;FGF1;AREG;FGF2;ZFP36;GPER1;EDN3;GLP2R;LIFR;AVPR1A;HBA1;ADRA2A;TGFBR2;CLDN5;TAL1;MAPT;IL6ST;CCL14;TNXB;LAMA2;CHRD;PTN;PTHLH;ERBB4;PDGFD;TPPP;ASIC2;LGI1;NTRK2;TFAP2B;EGR2;XBP1;TSLP;CCL21;CAVIN1;EGF;CAV1;AKR1C2;VEGFD;IGF1;BMP4;MLXIPL;FGF16;IL6;CXCL12;GHRH;BCL2;SAA1;MEIS3P2;FOLR2;VIP;LACRT;TDGF1,Basal,Suppressed
GO_Biological_Process_2023,Regulation Of Cellular Component Organization (GO:0051128),10/153,0.9971553186168344,0.99999620015268,0,0,0.460208240956904,0.0013110114056405,SOCS2;ANGPTL7;CTTNBP2;AGTR1;LTBP4;CDH13;CD36;SGK2;GFAP;PAPPA2,Basal,Suppressed
GO_Biological_Process_2023,Regulation Of Protein Localization (GO:0032880),5/97,0.9971991727803342,0.99999620015268,0,0,0.3580367650715245,0.0010042060785028,MMD;EGF;GPC3;MAPT;VIP,Basal,Suppressed
GO_Biological_Process_2023,Positive Regulation Of Protein Localization To Nucleus (GO:1900182),3/72,0.9972605863107528,0.99999620015268,0,0,0.2865921325051759,0.0007861717281316858,NGFR;PIK3R1;FERMT2,Basal,Suppressed
GO_Biological_Process_2023,Macromolecule Catabolic Process (GO:0009057),4/85,0.997279020840396,0.99999620015268,0,0,0.3254102679915688,0.0008866413716564606,PRKN;CAPN3;DNASE1L3;ELANE,Basal,Suppressed
GO_Biological_Process_2023,Cellular Response To Glucose Starvation (GO:0042149),1/42,0.9973208291321256,0.99999620015268,0,0,0.1609087617332207,0.0004316805984250388,XBP1,Basal,Suppressed
GO_Biological_Process_2023,Keratinocyte Differentiation (GO:0030216),1/42,0.9973208291321256,0.99999620015268,0,0,0.1609087617332207,0.0004316805984250388,TXNIP,Basal,Suppressed
GO_Biological_Process_2023,Regulation Of Ubiquitin-Dependent Protein Catabolic Process (GO:2000058),1/42,0.9973208291321256,0.99999620015268,0,0,0.1609087617332207,0.0004316805984250388,CAV3,Basal,Suppressed
GO_Biological_Process_2023,Positive Regulation Of Hydrolase Activity (GO:0051345),12/176,0.9975620884674632,0.99999620015268,0,0,0.4813157305884985,0.0011748378283275,PREX2;CCL14;DOCK11;CCL23;CCL21;CAV2;RASGRF2;ADRB1;FERMT2;RAPGEF3;CCL16;PLIN5,Basal,Suppressed
GO_Biological_Process_2023,Mitotic Cytokinesis (GO:0000281),2/59,0.9975828514683468,0.99999620015268,0,0,0.2313571438115471,0.0005599015359763626,SPTBN1;RHOB,Basal,Suppressed
GO_Biological_Process_2023,Phospholipid Transport (GO:0015914),2/59,0.9975828514683468,0.99999620015268,0,0,0.2313571438115471,0.0005599015359763626,ABCB1;ABCA12,Basal,Suppressed
GO_Biological_Process_2023,Regulation Of Protein Catabolic Process (GO:0042176),7/122,0.9976225532860096,0.99999620015268,0,0,0.4007730205862349,0.0009539509344719696,PRKN;TIPARP;GPC3;ASB5;VIP;FOXO1;GFAP,Basal,Suppressed
GO_Biological_Process_2023,Lysosome Organization (GO:0007040),1/43,0.9976732582270088,0.99999620015268,0,0,0.1570685373502275,0.0003658837508375039,SRPX,Basal,Suppressed
GO_Biological_Process_2023,mRNA Catabolic Process (GO:0006402),1/43,0.9976732582270088,0.99999620015268,0,0,0.1570685373502275,0.0003658837508375039,ZFP36,Basal,Suppressed
GO_Biological_Process_2023,Regulation Of Cell-Cell Adhesion (GO:0022407),1/43,0.9976732582270088,0.99999620015268,0,0,0.1570685373502275,0.0003658837508375039,PLPP3,Basal,Suppressed
GO_Biological_Process_2023,Regulation Of Cellular Component Size (GO:0032535),1/43,0.9976732582270088,0.99999620015268,0,0,0.1570685373502275,0.0003658837508375039,PEX11A,Basal,Suppressed
GO_Biological_Process_2023,Regulation Of Chromosome Organization (GO:0033044),1/43,0.9976732582270088,0.99999620015268,0,0,0.1570685373502275,0.0003658837508375039,MAPT,Basal,Suppressed
GO_Biological_Process_2023,Skeletal System Morphogenesis (GO:0048705),1/43,0.9976732582270088,0.99999620015268,0,0,0.1570685373502275,0.0003658837508375039,DSCAML1,Basal,Suppressed
GO_Biological_Process_2023,Axon Development (GO:0061564),5/99,0.9977208360392896,0.99999620015268,0,0,0.3503784038091839,0.0007994812514771861,SEMA5A;GRM7;MGARP;MAPT;DSCAML1,Basal,Suppressed
GO_Biological_Process_2023,Cytoskeleton Organization (GO:0007010),6/111,0.997743195071923,0.99999620015268,0,0,0.3763103410700664,0.0008502187824490881,MRAP;DES;MAST4;DST;SYNE3;SH3D19,Basal,Suppressed
GO_Biological_Process_2023,Antigen Receptor-Mediated Signaling Pathway (GO:0050851),8/134,0.9977800761527058,0.99999620015268,0,0,0.4179328728947049,0.000928810477231408,BTNL9;BTNL8;FYB2;BTN1A1;BCL2;GATA3;BMX;IGHA2,Basal,Suppressed
GO_Biological_Process_2023,Regulation Of mRNA Stability (GO:0043488),3/74,0.9978280994273112,0.99999620015268,0,0,0.278486921529175,0.0006055036895405418,ZFP36;VIP;RBM24,Basal,Suppressed
GO_Biological_Process_2023,Negative Regulation Of Cytokine Production (GO:0001818),12/178,0.9979276117897036,0.99999620015268,0,0,0.4754614789432961,0.000986363180510498,ZFP36;IL6;ABCD2;NAV3;C5AR2;CIDEA;FFAR4;APOD;ARRB1;KLF4;CD34;ELANE,Basal,Suppressed
GO_Biological_Process_2023,Regulation Of Organelle Organization (GO:0033043),5/100,0.99794507342644,0.99999620015268,0,0,0.3466701446716295,0.0007131146428591075,PRKN;PDE2A;MGARP;SPATA4;MAPT,Basal,Suppressed
GO_Biological_Process_2023,Autophagosome Maturation (GO:0097352),1/44,0.9979792930679056,0.99999620015268,0,0,0.1534069280548153,0.00031030406543411,MAP1LC3C,Basal,Suppressed
GO_Biological_Process_2023,Establishment Of Protein Localization To Mitochondrion (GO:0072655),1/44,0.9979792930679056,0.99999620015268,0,0,0.1534069280548153,0.00031030406543411,MGARP,Basal,Suppressed
GO_Biological_Process_2023,Nucleobase-Containing Compound Catabolic Process (GO:0034655),1/44,0.9979792930679056,0.99999620015268,0,0,0.1534069280548153,0.00031030406543411,DNASE1L3,Basal,Suppressed
GO_Biological_Process_2023,Nucleus Organization (GO:0006997),1/44,0.9979792930679056,0.99999620015268,0,0,0.1534069280548153,0.00031030406543411,SYNE1,Basal,Suppressed
GO_Biological_Process_2023,Regulation Of B Cell Proliferation (GO:0030888),1/44,0.9979792930679056,0.99999620015268,0,0,0.1534069280548153,0.00031030406543411,BCL2,Basal,Suppressed
GO_Biological_Process_2023,Regulation Of Viral Entry Into Host Cell (GO:0046596),1/44,0.9979792930679056,0.99999620015268,0,0,0.1534069280548153,0.00031030406543411,GSN,Basal,Suppressed
GO_Biological_Process_2023,Cellular Response To Lipopolysaccharide (GO:0071222),7/124,0.998033845990367,0.99999620015268,0,0,0.3938765461085186,0.0007751842662272017,CX3CR1;ZFP36;XBP1;IL6;CTSG;CXCL2;PF4,Basal,Suppressed
GO_Biological_Process_2023,Negative Regulation Of Intracellular Signal Transduction (GO:1902532),17/231,0.9981749111814776,0.99999620015268,0,0,0.5220293724966623,0.0009536204566471316,CAV3;LRP1;DUSP1;CAV1;PDE2A;ADIPOQ;PDE3B;ITPR1;ESR1;PER1;PDE11A;CILP;GPER1;BCL2;PPARG;SLIT2;GPD1L,Basal,Suppressed
GO_Biological_Process_2023,ERAD Pathway (GO:0036503),4/89,0.998241859163644,0.99999620015268,0,0,0.3100251076040172,0.0005455475173087906,PRKN;XBP1;UBXN10;SEL1L2,Basal,Suppressed
GO_Biological_Process_2023,Cellular Response To Chemical Stress (GO:0062197),4/89,0.998241859163644,0.99999620015268,0,0,0.3100251076040172,0.0005455475173087906,CAV1;DHRS2;FOXO1;SNCA,Basal,Suppressed
GO_Biological_Process_2023,Negative Regulation Of Response To Biotic Stimulus (GO:0002832),1/45,0.9982450384454686,0.99999620015268,0,0,0.1499117555455583,0.00026332049386893896,LACRT,Basal,Suppressed
GO_Biological_Process_2023,Regulation Of Telomerase Activity (GO:0051972),1/45,0.9982450384454686,0.99999620015268,0,0,0.1499117555455583,0.00026332049386893896,KLF4,Basal,Suppressed
GO_Biological_Process_2023,Response To Lipopolysaccharide (GO:0032496),10/159,0.998300403894808,0.99999620015268,0,0,0.4415225516686235,0.0007510484296086705,SELP;CX3CR1;ZFP36;XBP1;IL6;CITED1;CTSG;CXCL2;SNCA;PF4,Basal,Suppressed
GO_Biological_Process_2023,Activation Of GTPase Activity (GO:0090630),5/102,0.9983311840721936,0.99999620015268,0,0,0.3394830032503901,0.0005670078906438,SGSM1;ARHGEF15;CCL21;AGAP11;TBC1D9,Basal,Suppressed
GO_Biological_Process_2023,Protein Lipidation (GO:0006497),2/62,0.9983445541081843,0.99999620015268,0,0,0.2197512058898197,0.00036408767795465663,PGAP4;GPLD1,Basal,Suppressed
GO_Biological_Process_2023,Protein-Containing Complex Organization (GO:0043933),7/126,0.9983761464308778,0.99999620015268,0,0,0.3872118858989609,0.0006292864758613504,FGB;FGA;FGG;CAPN3;LIN7A;DMD;JCHAIN,Basal,Suppressed
GO_Biological_Process_2023,Positive Regulation Of JNK Cascade (GO:0046330),3/77,0.99847004245742,0.99999620015268,0,0,0.2671505791505791,0.0004090420318975551,CCL21;EDA2R;MTURN,Basal,Suppressed
GO_Biological_Process_2023,Regulation Of T Cell Proliferation (GO:0042129),3/77,0.99847004245742,0.99999620015268,0,0,0.2671505791505791,0.0004090420318975551,IL6;LEP;IL6ST,Basal,Suppressed
GO_Biological_Process_2023,Protein Sumoylation (GO:0016925),1/46,0.9984757965517294,0.99999620015268,0,0,0.1465719240367127,0.00022357586290424917,EGR2,Basal,Suppressed
GO_Biological_Process_2023,Vacuolar Transport (GO:0007034),1/46,0.9984757965517294,0.99999620015268,0,0,0.1465719240367127,0.00022357586290424917,LRP1,Basal,Suppressed
GO_Biological_Process_2023,Positive Regulation Of Mitotic Cell Cycle Phase Transition (GO:1901992),2/63,0.9985413558549108,0.99999620015268,0,0,0.2161362416191177,0.0003154960175681557,ADAMTS1;FGF10,Basal,Suppressed
GO_Biological_Process_2023,Positive Regulation Of Tumor Necrosis Factor Production (GO:0032760),3/78,0.9986394076131616,0.99999620015268,0,0,0.2635733333333333,0.0003588600572360451,IL33;IL6;PF4,Basal,Suppressed
GO_Biological_Process_2023,Golgi To Plasma Membrane Transport (GO:0006893),1/47,0.99867617176402,0.99999620015268,0,0,0.1433773025934691,0.0001899326684434017,SPTBN1,Basal,Suppressed
GO_Biological_Process_2023,Positive Regulation Of TOR Signaling (GO:0032008),1/47,0.99867617176402,0.99999620015268,0,0,0.1433773025934691,0.0001899326684434017,LEP,Basal,Suppressed
GO_Biological_Process_2023,Protein Monoubiquitination (GO:0006513),1/47,0.99867617176402,0.99999620015268,0,0,0.1433773025934691,0.0001899326684434017,PRKN,Basal,Suppressed
GO_Biological_Process_2023,Neuron Differentiation (GO:0030182),11/173,0.9987066191746522,0.99999620015268,0,0,0.446534293814895,0.0005779127047007071,FOXA1;NTRK2;XBP1;TENM2;RTN1;LMX1A;FZD4;ERBB4;WNT9B;DMD;RORB,Basal,Suppressed
GO_Biological_Process_2023,Cellular Response To Virus (GO:0098586),2/64,0.9987149898852477,0.99999620015268,0,0,0.2126378890990836,0.0002734175480769351,IL6;VWCE,Basal,Suppressed
GO_Biological_Process_2023,Endocytic Recycling (GO:0032456),2/64,0.9987149898852477,0.99999620015268,0,0,0.2126378890990836,0.0002734175480769351,TRARG1;EHD2,Basal,Suppressed
GO_Biological_Process_2023,Intrinsic Apoptotic Signaling Pathway (GO:0097193),5/105,0.9987815432918672,0.99999620015268,0,0,0.3292413267251239,0.00040141090373969023,LGALS12;ITPR1;BCL2;ZNF385B;RNF186,Basal,Suppressed
GO_Biological_Process_2023,Cellular Response To UV (GO:0034644),3/79,0.998790324590086,0.99999620015268,0,0,0.2600902255639097,0.0003148152007398621,MFAP4;MME;AQP1,Basal,Suppressed
GO_Biological_Process_2023,Negative Regulation Of Cellular Component Organization (GO:0051129),3/79,0.998790324590086,0.99999620015268,0,0,0.2600902255639097,0.0003148152007398621,TMEFF2;SPRY2;RAPGEF3,Basal,Suppressed
GO_Biological_Process_2023,Regulation Of Cell Growth (GO:0001558),16/227,0.9988514288786596,0.99999620015268,0,0,0.4982036971179318,0.0005725512499496368,LGI1;SLC44A4;NPR1;FHL1;LTBP4;ESR2;SOCS2;SOX17;AGTR1;BCL2;SCGB3A1;AGTR2;SLIT2;SGK2;FBP1;PAPPA2,Basal,Suppressed
GO_Biological_Process_2023,Cellular Response To Light Stimulus (GO:0071482),2/65,0.998868143649682,0.99999620015268,0,0,0.2092505953892092,0.00023697575176729037,TRPM1;GPR88,Basal,Suppressed
GO_Biological_Process_2023,Positive Regulation Of DNA Biosynthetic Process (GO:2000573),2/65,0.998868143649682,0.99999620015268,0,0,0.2092505953892092,0.00023697575176729037,KLF4;FGF2,Basal,Suppressed
GO_Biological_Process_2023,Positive Regulation Of Cell Cycle (GO:0045787),2/65,0.998868143649682,0.99999620015268,0,0,0.2092505953892092,0.00023697575176729037,FOXA1;TAL1,Basal,Suppressed
GO_Biological_Process_2023,Endomembrane System Organization (GO:0010256),13/196,0.9988725911973422,0.99999620015268,0,0,0.4669508614654839,0.0005267414939477402,CAV3;CAV2;GOLGA8K;GOLGA8M;GOLGA8O;GOLGA8N;GOLGA8Q;SYNE1;RAB30;GOLGA8IP;GOLGA8H;REEP6;SPTBN1,Basal,Suppressed
GO_Biological_Process_2023,Glycoprotein Biosynthetic Process (GO:0009101),3/80,0.9989247570142524,0.99999620015268,0,0,0.2566975881261595,0.00027616077768173884,ST6GALNAC1;ST8SIA6;IGF1,Basal,Suppressed
GO_Biological_Process_2023,Regulation Of Cytokinesis (GO:0032465),3/80,0.9989247570142524,0.99999620015268,0,0,0.2566975881261595,0.00027616077768173884,MRGPRX2;ANKRD53;KLHL13,Basal,Suppressed
GO_Biological_Process_2023,Regulation Of Organelle Assembly (GO:1902115),3/80,0.9989247570142524,0.99999620015268,0,0,0.2566975881261595,0.00027616077768173884,GSN;DCDC2;RNF186,Basal,Suppressed
GO_Biological_Process_2023,Vesicle Organization (GO:0016050),4/94,0.9989883819009904,0.99999620015268,0,0,0.2927168021680217,0.0002962674950161675,SRPX;CAV2;CAV1;CD34,Basal,Suppressed
GO_Biological_Process_2023,Nervous System Development (GO:0007399),37/433,0.9989909816694256,0.99999620015268,0,0,0.6121734520036334,0.0006180060767526788,SEMA5A;PRKN;GPM6A;PLPPR1;GRIK1;PTN;LDB2;FGF2;NHLH2;EDNRB;RELN;ACVR1C;ADGRA2;ERBB4;DRD1;ASIC2;SPTBN1;LGI1;TRPC5;EGR2;GSN;ADGRV1;ZBTB16;MAMDC2;CRIM1;GFRA1;ECRG4;DCLK1;GJB1;FGF14;NAV3;IL1RAPL2;ALDH1A2;GFRAL;FAT4;DSCAML1;CBLN1,Basal,Suppressed
GO_Biological_Process_2023,Intrinsic Apoptotic Signaling Pathway In Response To DNA Damage (GO:0008630),1/49,0.999001242476374,0.99999620015268,0,0,0.1373873873873874,0.00013728525556312422,BCL2,Basal,Suppressed
GO_Biological_Process_2023,Negative Regulation Of T Cell Activation (GO:0050868),1/49,0.999001242476374,0.99999620015268,0,0,0.1373873873873874,0.00013728525556312422,CTSG,Basal,Suppressed
GO_Biological_Process_2023,Regulation Of Mitotic Metaphase/Anaphase Transition (GO:0030071),1/49,0.999001242476374,0.99999620015268,0,0,0.1373873873873874,0.00013728525556312422,DUSP1,Basal,Suppressed
GO_Biological_Process_2023,Negative Regulation Of Immune Response (GO:0050777),2/66,0.9990031985343408,0.99999620015268,0,0,0.2059691546077684,0.0002054127500756344,AMBP;ALOX15,Basal,Suppressed
GO_Biological_Process_2023,Peptidyl-Threonine Modification (GO:0018210),2/66,0.9990031985343408,0.99999620015268,0,0,0.2059691546077684,0.0002054127500756344,GALNT16;TGFBR2,Basal,Suppressed
GO_Biological_Process_2023,Negative Regulation Of Translation (GO:0017148),5/107,0.999013463680556,0.99999620015268,0,0,0.3227482376862297,0.0003185600198781807,ZNF540;ZFP36;BTG2;RBM24;C8ORF88,Basal,Suppressed
GO_Biological_Process_2023,Positive Regulation Of T Cell Activation (GO:0050870),5/107,0.999013463680556,0.99999620015268,0,0,0.3227482376862297,0.0003185600198781807,XBP1;IL6;LEP;GATA3;IL6ST,Basal,Suppressed
GO_Biological_Process_2023,Positive Regulation Of Transferase Activity (GO:0051347),8/143,0.9990379089297868,0.99999620015268,0,0,0.3898671190274244,0.0003752682238497924,NTRK2;ERBB4;TIE1;ADIPOQ;AGTR1;TEK;KLF4;DDR2,Basal,Suppressed
GO_Biological_Process_2023,Macromolecule Modification (GO:0043412),3/81,0.9990444654585502,0.99999620015268,0,0,0.2533919413919414,0.00024224050555043177,CPE;PLAT;GNMT,Basal,Suppressed
GO_Biological_Process_2023,Axonogenesis (GO:0007409),12/188,0.9990962664336934,0.99999620015268,0,0,0.448185988323603,0.0004052238563892604,SEMA5A;LGI1;ROBO4;CXCL12;RELN;SEMA3C;SEMA6D;NRXN3;SEMA3G;SLIT2;DSCAML1;MYPN,Basal,Suppressed
GO_Biological_Process_2023,Extrinsic Apoptotic Signaling Pathway (GO:0097191),2/67,0.9991222640404948,0.99999620015268,0,0,0.2027886812349874,0.0001780730797109506,BCL2;G0S2,Basal,Suppressed
GO_Biological_Process_2023,Nucleocytoplasmic Transport (GO:0006913),1/50,0.999132426233714,0.99999620015268,0,0,0.1345757945355531,0.00011680510476811345,CITED1,Basal,Suppressed
GO_Biological_Process_2023,tRNA Processing (GO:0008033),1/50,0.999132426233714,0.99999620015268,0,0,0.1345757945355531,0.00011680510476811345,TRMT9B,Basal,Suppressed
GO_Biological_Process_2023,Positive Regulation Of Tumor Necrosis Factor Superfamily Cytokine Production (GO:1903557),3/82,0.9991510278733648,0.99999620015268,0,0,0.2501699819168174,0.00021247754809357688,IL33;IL6;PF4,Basal,Suppressed
GO_Biological_Process_2023,B Cell Differentiation (GO:0030183),2/68,0.9992272081264864,0.99999620015268,0,0,0.1997045858431997,0.00015438974429941187,KIT;PIK3R1,Basal,Suppressed
GO_Biological_Process_2023,Skin Development (GO:0043588),2/68,0.9992272081264864,0.99999620015268,0,0,0.1997045858431997,0.00015438974429941187,DACT2;TXNIP,Basal,Suppressed
GO_Biological_Process_2023,Positive Regulation Of Proteasomal Ubiquitin-Dependent Protein Catabolic Process (GO:0032436),3/83,0.9992458578344148,0.99999620015268,0,0,0.2470285714285714,0.00018636494348557917,PRKN;CEBPA;CAV1,Basal,Suppressed
GO_Biological_Process_2023,Positive Regulation Of Ubiquitin-Dependent Protein Catabolic Process (GO:2000060),3/83,0.9992458578344148,0.99999620015268,0,0,0.2470285714285714,0.00018636494348557917,PRKN;CEBPA;CAV3,Basal,Suppressed
GO_Biological_Process_2023,RNA Modification (GO:0009451),1/51,0.9992463332033164,0.99999620015268,0,0,0.1318766653977921,9.942853666919756e-05,TRMT9B,Basal,Suppressed
GO_Biological_Process_2023,"Negative Regulation Of Gene Expression, Epigenetic (GO:0045814)",1/51,0.9992463332033164,0.99999620015268,0,0,0.1318766653977921,9.942853666919756e-05,EZH1,Basal,Suppressed
GO_Biological_Process_2023,Plasma Membrane Bounded Cell Projection Assembly (GO:0120031),20/275,0.9993334513515146,0.99999620015268,0,0,0.5147660291110309,0.0003432310037829768,P2RY12;TTC36;CEP126;GSN;CCL21;SPAG6;DNAAF1;CFAP70;DNAH5;DCDC2;MYLK;MRAP;EHD2;DNMBP;ABLIM3;UBXN10;KIT;IQUB;S1PR1;CDH13,Basal,Suppressed
GO_Biological_Process_2023,Cellular Response To Ionizing Radiation (GO:0071479),1/52,0.9993452375480116,0.99999620015268,0,0,0.129283384461512,8.467763070411119e-05,RHOB,Basal,Suppressed
GO_Biological_Process_2023,Positive Regulation Of Transcription Initiation By RNA Polymerase II (GO:0060261),1/52,0.9993452375480116,0.99999620015268,0,0,0.129283384461512,8.467763070411119e-05,HNF1A,Basal,Suppressed
GO_Biological_Process_2023,MAPK Cascade (GO:0000165),4/98,0.9993528891060158,0.99999620015268,0,0,0.280195900363259,0.0001813765112643153,ZFP36;EGF;IGF1;FGF10,Basal,Suppressed
GO_Biological_Process_2023,Regulation Of GTPase Activity (GO:0043087),14/214,0.9993843532631648,0.99999620015268,0,0,0.4598469778117827,0.00028319047292599275,CCL14;NTRK2;CCL23;CCL21;CAV2;RASGRF2;ADRB1;PREX2;MRAP;DOCK11;FERMT2;RAPGEF3;CCL16;PLXNA4,Basal,Suppressed
GO_Biological_Process_2023,Negative Regulation Of Gene Expression (GO:0010629),26/336,0.9993933185208694,0.99999620015268,0,0,0.5499640475068805,0.000333754253312113,PRKN;BTG2;LRP1;NTS;FGF2;ZFP36;STC2;GPER1;ATOH8;FFAR4;CD34;ZNF540;TIPARP;CIDEA;IGF1;KLF4;ESR1;BMP4;CLDN5;CILP;CLDN19;PPARG;PGR;MAPT;CCDC3;RBMS3,Basal,Suppressed
GO_Biological_Process_2023,Protein K48-linked Ubiquitination (GO:0070936),2/70,0.9994011546465248,0.99999620015268,0,0,0.1938085211236055,0.00011609609761363078,PRKN;KLHL3,Basal,Suppressed
GO_Biological_Process_2023,Glycoprotein Metabolic Process (GO:0009100),1/53,0.9994311143739908,0.99999620015268,0,0,0.1267898450997042,7.214944473855721e-05,ST8SIA6,Basal,Suppressed
GO_Biological_Process_2023,Positive Regulation Of NIK/NF-kappaB Signaling (GO:1901224),1/53,0.9994311143739908,0.99999620015268,0,0,0.1267898450997042,7.214944473855721e-05,NR3C2,Basal,Suppressed
GO_Biological_Process_2023,Negative Regulation Of Cellular Biosynthetic Process (GO:0031327),7/137,0.9994447080646238,0.99999620015268,0,0,0.3542218178616499,0.0001967511510136556,ZNF540;BTG2;DACH1;ACADL;CAV1;MPV17L;ADIPOQ,Basal,Suppressed
GO_Biological_Process_2023,Generation Of Neurons (GO:0048699),10/172,0.9994630684858232,0.99999620015268,0,0,0.4057852097067783,0.0002179373810396684,GPM6A;NTRK2;RTN1;RELN;LMX1A;FZD4;WNT9B;DCDC2;NDNF;MAPT,Basal,Suppressed
GO_Biological_Process_2023,Negative Regulation Of Binding (GO:0051100),3/86,0.999471956360247,0.99999620015268,0,0,0.2380585197934595,0.00012573848789276454,PLN;CAV1;CFHR5,Basal,Suppressed
GO_Biological_Process_2023,Regulation Of Protein Ubiquitination (GO:0031396),5/113,0.9994795435273636,0.99999620015268,0,0,0.3047118792448567,0.00015863055357303094,PRKN;PER2;CAV1;SPRY2;ARRB1,Basal,Suppressed
GO_Biological_Process_2023,Response To UV (GO:0009411),4/100,0.9994831016777804,0.99999620015268,0,0,0.2743267276422764,0.00014183568573113516,MFAP4;CAT;ELANE;AQP1,Basal,Suppressed
GO_Biological_Process_2023,Cellular Response To Starvation (GO:0009267),6/126,0.9995042136002126,0.99999620015268,0,0,0.3289855072463768,0.00016314698659115884,XBP1;MAP1LC3C;ALB;PDK4;CARTPT;FOXO1,Basal,Suppressed
GO_Biological_Process_2023,Epidermal Cell Differentiation (GO:0009913),1/54,0.9995056787045664,0.99999620015268,0,0,0.1243904015628703,6.150402706793291e-05,TXNIP,Basal,Suppressed
GO_Biological_Process_2023,Nucleosome Assembly (GO:0006334),1/54,0.9995056787045664,0.99999620015268,0,0,0.1243904015628703,6.150402706793291e-05,NAP1L2,Basal,Suppressed
GO_Biological_Process_2023,Apoptotic Process (GO:0006915),15/228,0.9995327849617364,0.99999620015268,0,0,0.4624493998048759,0.0002161138037666366,NGFR;CSRNP1;TRPC5;ZBTB16;ALOX15B;CIDEC;FOXO1;RHOB;TGFBR2;TP53AIP1;CASP12;BCL2;CAPN3;LALBA;TP63,Basal,Suppressed
GO_Biological_Process_2023,Detection Of Chemical Stimulus Involved In Sensory Perception Of Smell (GO:0050911),7/139,0.9995446125387928,0.99999620015268,0,0,0.3488143549188952,0.00015888186266948393,OR2A1;OR2C1;OR2L13;OR2M4;OR2L3;OR2A42;OR10A6,Basal,Suppressed
GO_Biological_Process_2023,Protein Catabolic Process (GO:0030163),4/102,0.999587400359866,0.99999620015268,0,0,0.2686971129915381,0.00011088720971018364,PRKN;CAPN3;SPATA18;ELANE,Basal,Suppressed
GO_Biological_Process_2023,Negative Regulation Of Programmed Cell Death (GO:0043069),30/381,0.999591198399174,0.99999620015268,0,0,0.5599639433357678,0.0002289609594332341,KANK2;AMIGO2;PIK3R1;FOXO1;AQP1;RNF157;SOCS2;ERBB4;FFAR4;CAPN3;SNCA;TFAP2B;ANGPT4;XBP1;EGR3;TSLP;IGF1;DHRS2;BMP4;IL6;CEACAM5;ALB;CAT;BCL2;SPRY2;TEK;IL6ST;VIP;LACRT;TDGF1,Basal,Suppressed
GO_Biological_Process_2023,RNA Polymerase II Preinitiation Complex Assembly (GO:0051123),1/56,0.9996266315093096,0.99999620015268,0,0,0.119853271965948,4.475779135276469e-05,ESR1,Basal,Suppressed
GO_Biological_Process_2023,Pattern Recognition Receptor Signaling Pathway (GO:0002221),1/56,0.9996266315093096,0.99999620015268,0,0,0.119853271965948,4.475779135276469e-05,FCN2,Basal,Suppressed
GO_Biological_Process_2023,Positive Regulation Of DNA-templated Transcription Initiation (GO:2000144),1/56,0.9996266315093096,0.99999620015268,0,0,0.119853271965948,4.475779135276469e-05,HNF1A,Basal,Suppressed
GO_Biological_Process_2023,Detection Of Chemical Stimulus Involved In Sensory Perception (GO:0050907),7/141,0.9996268318156672,0.99999620015268,0,0,0.3435683087804017,0.00012823268965019997,OR2A1;OR2C1;OR2L13;OR2M4;OR2L3;OR2A42;OR10A6,Basal,Suppressed
GO_Biological_Process_2023,Regulation Of Vesicle-Mediated Transport (GO:0060627),3/89,0.9996307345695444,0.99999620015268,0,0,0.2297142857142857,8.484121002325874e-05,RAB3C;SLC30A8;CDH13,Basal,Suppressed
GO_Biological_Process_2023,Positive Regulation Of Proteasomal Protein Catabolic Process (GO:1901800),3/90,0.9996722988151602,0.99999620015268,0,0,0.2270607553366174,7.442027302635484e-05,PRKN;CEBPA;ECSCR,Basal,Suppressed
GO_Biological_Process_2023,RNA Catabolic Process (GO:0006401),1/57,0.999675436548984,0.99999620015268,0,0,0.1177062374245472,3.820934363830296e-05,ZFP36,Basal,Suppressed
GO_Biological_Process_2023,Post-Transcriptional Regulation Of Gene Expression (GO:0010608),1/57,0.999675436548984,0.99999620015268,0,0,0.1177062374245472,3.820934363830296e-05,PER1,Basal,Suppressed
GO_Biological_Process_2023,Regulation Of Transcription Initiation By RNA Polymerase II (GO:0060260),1/57,0.999675436548984,0.99999620015268,0,0,0.1177062374245472,3.820934363830296e-05,HNF1A,Basal,Suppressed
GO_Biological_Process_2023,Signal Transduction In Response To DNA Damage (GO:0042770),1/57,0.999675436548984,0.99999620015268,0,0,0.1177062374245472,3.820934363830296e-05,ACER2,Basal,Suppressed
GO_Biological_Process_2023,Regulation Of DNA Replication (GO:0006275),2/75,0.999683814151209,0.99999620015268,0,0,0.1804817994971257,5.707481456524341e-05,EGF;GMNC,Basal,Suppressed
GO_Biological_Process_2023,Regulation Of Plasma Membrane Bounded Cell Projection Assembly (GO:0120032),2/75,0.999683814151209,0.99999620015268,0,0,0.1804817994971257,5.707481456524341e-05,CAV1;DCDC2,Basal,Suppressed
GO_Biological_Process_2023,Regulation Of Cell Population Proliferation (GO:0042127),71/766,0.9996920254790104,0.99999620015268,0,0,0.6662860872819147,0.00020523074311500227,BTG2;CSF3;VIPR1;IRS1;FGF1;AREG;FGF2;ADAMTS1;GPER1;ADAMTS8;TNS2;MYOCD;EDN3;TESC;AVPR2;GLP2R;LIFR;AVPR1A;ECRG4;ADRA2A;TGFBR2;CLDN5;ALDH1A2;KIT;MMRN2;AGTR1;CLDN19;CDH13;IL6ST;SGK2;GPLD1;PLPP1;CCL14;KANK2;CEBPA;TNXB;UMOD;GATA3;PTN;PTHLH;ERBB4;PDGFD;IGFBP6;ASIC2;NTRK2;TFAP2B;CCL23;XBP1;TSLP;EGF;AKR1C2;VEGFD;IGF1;PODN;DHRS2;ALOX15B;ACER2;BMP4;MLXIPL;FGF16;IL6;NR4A3;GHRH;BCL2;SCGB3A1;MEIS3P2;FOLR2;VIP;LACRT;TDGF1;PF4,Basal,Suppressed
GO_Biological_Process_2023,Positive Regulation Of GTPase Activity (GO:0043547),15/234,0.99971305795814,0.99999620015268,0,0,0.4496222784916304,0.0001290340481881697,CCL14;CCL23;CCL21;ARHGEF15;CAV2;RASGRF2;AGAP11;TBC1D9;ADRB1;PREX2;SGSM1;DOCK11;FERMT2;RAPGEF3;CCL16,Basal,Suppressed
GO_Biological_Process_2023,Glycosaminoglycan Biosynthetic Process (GO:0006024),1/58,0.9997178102811092,0.99999620015268,0,0,0.1156345374284588,3.263548252641143e-05,HAS3,Basal,Suppressed
GO_Biological_Process_2023,mRNA Transport (GO:0051028),1/58,0.9997178102811092,0.99999620015268,0,0,0.1156345374284588,3.263548252641143e-05,ZFP36,Basal,Suppressed
GO_Biological_Process_2023,Peptidyl-Threonine Phosphorylation (GO:0018107),1/58,0.9997178102811092,0.99999620015268,0,0,0.1156345374284588,3.263548252641143e-05,TGFBR2,Basal,Suppressed
GO_Biological_Process_2023,Regulation Of Phagocytosis (GO:0050764),1/58,0.9997178102811092,0.99999620015268,0,0,0.1156345374284588,3.263548252641143e-05,ADIPOQ,Basal,Suppressed
GO_Biological_Process_2023,Regulation Of Intracellular Signal Transduction (GO:1902531),21/297,0.999720761243506,0.99999620015268,0,0,0.4989576558096096,0.00013934777190632313,NTRK2;MYOC;ARHGEF15;VWF;RASGRF2;ITSN1;PDE2A;FAM13A;FGF1;SEZ6L;ARHGAP6;PREX2;AKAP12;MRAP;ARHGAP20;DNMBP;ARHGAP40;CAPN3;MAPT;TEK;RAPGEF3,Basal,Suppressed
GO_Biological_Process_2023,B Cell Activation (GO:0042113),3/92,0.9997419573911864,0.99999620015268,0,0,0.2219325842696629,5.7275453097178405e-05,KIT;BCL2;PIK3R1,Basal,Suppressed
GO_Biological_Process_2023,Microtubule Cytoskeleton Organization Involved In Mitosis (GO:1902850),1/59,0.9997545996568228,0.99999620015268,0,0,0.11363427536327,2.7889312334227705e-05,CEP126,Basal,Suppressed
GO_Biological_Process_2023,Negative Regulation Of Protein-Containing Complex Assembly (GO:0031333),1/59,0.9997545996568228,0.99999620015268,0,0,0.11363427536327,2.7889312334227705e-05,JAM3,Basal,Suppressed
GO_Biological_Process_2023,Protein Targeting To Mitochondrion (GO:0006626),1/59,0.9997545996568228,0.99999620015268,0,0,0.11363427536327,2.7889312334227705e-05,MGARP,Basal,Suppressed
GO_Biological_Process_2023,protein-DNA Complex Assembly (GO:0065004),1/59,0.9997545996568228,0.99999620015268,0,0,0.11363427536327,2.7889312334227705e-05,NAP1L2,Basal,Suppressed
GO_Biological_Process_2023,Transcription Preinitiation Complex Assembly (GO:0070897),1/59,0.9997545996568228,0.99999620015268,0,0,0.11363427536327,2.7889312334227705e-05,ESR1,Basal,Suppressed
GO_Biological_Process_2023,Cell Morphogenesis Involved In Neuron Differentiation (GO:0048667),2/77,0.9997550995108836,0.99999620015268,0,0,0.1756486417872556,4.302170651988526e-05,DCDC2;DSCAML1,Basal,Suppressed
GO_Biological_Process_2023,Positive Regulation Of Autophagy (GO:0010508),4/107,0.9997656107560318,0.99999620015268,0,0,0.2555795642907885,5.991212250071925e-05,PRKN;LACRT;FOXO1;DCN,Basal,Suppressed
GO_Biological_Process_2023,Regulation Of Cellular Response To Stress (GO:0080135),4/107,0.9997656107560318,0.99999620015268,0,0,0.2555795642907885,5.991212250071925e-05,PRKN;CRHBP;MAPT;CORO2B,Basal,Suppressed
GO_Biological_Process_2023,Neuron Projection Morphogenesis (GO:0048812),7/146,0.9997737454991658,0.99999620015268,0,0,0.3311136668688704,7.49244337316478e-05,NTF4;GPM6A;TNN;SPAG6;DCDC2;DSCAML1;DCLK1,Basal,Suppressed
GO_Biological_Process_2023,Positive Regulation Of Phagocytosis (GO:0050766),1/60,0.9997865400901432,0.99999620015268,0,0,0.1117018187918164,2.3846405386455072e-05,FCN2,Basal,Suppressed
GO_Biological_Process_2023,Positive Regulation Of Apoptotic Process (GO:0043065),18/270,0.9997948082960988,0.99999620015268,0,0,0.468527640941434,9.61478496774678e-05,FOXA1;TFAP2B;CSRNP3;ADIPOQ;FOXO1;RHOB;BMP4;IL6;ACVR1C;GPER1;KCNMA1;BCL2;SLIT2;HOXA5;TP63;GPLD1;SPDEF;SNCA,Basal,Suppressed
GO_Biological_Process_2023,"Regulation Of mRNA Splicing, Via Spliceosome (GO:0048024)",3/94,0.9997968120543018,0.99999620015268,0,0,0.2170298273155416,4.410232544967701e-05,NOVA1;STH;RBM24,Basal,Suppressed
GO_Biological_Process_2023,"Retrograde Transport, Endosome To Golgi (GO:0042147)",3/94,0.9997968120543018,0.99999620015268,0,0,0.2170298273155416,4.410232544967701e-05,RAB6C;ASB15;BAIAP3,Basal,Suppressed
GO_Biological_Process_2023,Cellular Component Assembly (GO:0022607),17/260,0.9998034501778336,0.99999620015268,0,0,0.4589525480201679,9.021590794704196e-05,FGB;NLGN4Y;FGA;GSN;RTN1;DNAAF1;FGG;LIN7A;THSD4;JCHAIN;LIMA1;RP1;HAS3;CAPN3;CFAP46;DMD;SPTBN1,Basal,Suppressed
GO_Biological_Process_2023,Regulation Of Cyclin-Dependent Protein Serine/Threonine Kinase Activity (GO:0000079),2/79,0.999810248867328,0.99999620015268,0,0,0.171066557205171,3.246315304943441e-05,CEBPA;MYOCD,Basal,Suppressed
GO_Biological_Process_2023,Vesicle Fusion (GO:0006906),2/79,0.999810248867328,0.99999620015268,0,0,0.171066557205171,3.246315304943441e-05,CAV2;SNCA,Basal,Suppressed
GO_Biological_Process_2023,Autophagosome Organization (GO:1905037),1/61,0.9998142702391248,0.99999620015268,0,0,0.1098337774394112,2.0401295842388605e-05,MAP1LC3C,Basal,Suppressed
GO_Biological_Process_2023,Negative Regulation Of Viral Process (GO:0048525),1/61,0.9998142702391248,0.99999620015268,0,0,0.1098337774394112,2.0401295842388605e-05,ZFP36,Basal,Suppressed
GO_Biological_Process_2023,Positive Regulation Of Protein Metabolic Process (GO:0051247),11/196,0.999829064632696,0.99999620015268,0,0,0.3904966487312685,6.675539367330928e-05,PRKN;IL6;TIPARP;AGTR1;GPC3;CAPN3;ASB5;KLF4;VIP;FOXO1;KLF2,Basal,Suppressed
GO_Biological_Process_2023,Negative Regulation Of Apoptotic Process (GO:0043066),39/482,0.999832828581562,0.99999620015268,0,0,0.5756521557169724,9.624063196380652e-05,CX3CR1;PRKN;CITED1;NDNF;PIK3R1;FOXO1;AQP1;RNF157;NTF4;SOCS2;ERBB4;PDK4;FFAR4;CAPN3;SNCA;ANGPT4;NTRK2;TFAP2B;XBP1;EGR3;TSLP;CAV1;CIDEA;IGF1;KLF4;DHRS2;BMP4;MAG;IL6;CEACAM5;ALB;CAT;BCL2;SPRY2;TEK;IL6ST;VIP;LACRT;TDGF1,Basal,Suppressed
GO_Biological_Process_2023,Sensory Perception Of Chemical Stimulus (GO:0007606),4/110,0.9998331267271392,0.99999620015268,0,0,0.2483030372756557,4.1438598084905066e-05,OR1E1;OR2M4;CD36;NXNL2,Basal,Suppressed
GO_Biological_Process_2023,RNA Methylation (GO:0001510),1/62,0.9998383446014494,0.99999620015268,0,0,0.108026983344462,1.7464556704743208e-05,TRMT9B,Basal,Suppressed
GO_Biological_Process_2023,Glycerophospholipid Metabolic Process (GO:0006650),1/62,0.9998383446014494,0.99999620015268,0,0,0.108026983344462,1.7464556704743208e-05,GPLD1,Basal,Suppressed
GO_Biological_Process_2023,Protein-Containing Complex Disassembly (GO:0032984),1/62,0.9998383446014494,0.99999620015268,0,0,0.108026983344462,1.7464556704743208e-05,MAP1LC3C,Basal,Suppressed
GO_Biological_Process_2023,Regulation Of T Cell Activation (GO:0050863),1/62,0.9998383446014494,0.99999620015268,0,0,0.108026983344462,1.7464556704743208e-05,CTSG,Basal,Suppressed
GO_Biological_Process_2023,Protein Localization To Organelle (GO:0033365),6/137,0.999841548507517,0.99999620015268,0,0,0.3011686201897042,4.772439845902914e-05,BMP4;ANK2;ZNF423;RNF186;LACRT;SGCG,Basal,Suppressed
GO_Biological_Process_2023,Regulation Of Neuron Projection Development (GO:0010975),9/174,0.9998463550375564,0.99999620015268,0,0,0.3583671769238779,5.506554181934762e-05,NTRK2;MAG;PLK5;RELN;TNN;KIF13B;NDNF;PTN;DDR2,Basal,Suppressed
GO_Biological_Process_2023,Cytoskeleton-Dependent Cytokinesis (GO:0061640),2/81,0.9998528837260736,0.99999620015268,0,0,0.1667164769057236,2.452851120033341e-05,SPTBN1;RHOB,Basal,Suppressed
GO_Biological_Process_2023,Regulation Of Mitotic Cell Cycle (GO:0007346),5/125,0.9998575320757364,0.99999620015268,0,0,0.2740500698945228,3.904612607846389e-05,FOXA1;BTG2;CAV2;TAL1;TTC28,Basal,Suppressed
GO_Biological_Process_2023,G1/S Transition Of Mitotic Cell Cycle (GO:0000082),1/63,0.999859244678558,0.99999620015268,0,0,0.1062784729299949,1.4960313516182258e-05,CDK15,Basal,Suppressed
GO_Biological_Process_2023,Telomere Organization (GO:0032200),1/63,0.999859244678558,0.99999620015268,0,0,0.1062784729299949,1.4960313516182258e-05,EZH1,Basal,Suppressed
GO_Biological_Process_2023,Positive Regulation Of NF-kappaB Transcription Factor Activity (GO:0051092),7/152,0.9998761059820068,0.99999620015268,0,0,0.3173018984593929,3.931424256699132e-05,CX3CR1;IL6;CAV1;CAPN3;CD36;NTS;EDA2R,Basal,Suppressed
GO_Biological_Process_2023,Positive Regulation Of Cysteine-Type Endopeptidase Activity (GO:2001056),1/64,0.9998773885713316,0.99999620015268,0,0,0.1045854707826538,1.2824160201001934e-05,GPER1,Basal,Suppressed
GO_Biological_Process_2023,Positive Regulation Of Programmed Cell Death (GO:0043068),15/245,0.9998837191817244,0.99999620015268,0,0,0.427844057305446,4.975294979081375e-05,FOXA1;CSRNP3;FOXO1;RHOB;BMP4;IL6;ACVR1C;GPER1;KCNMA1;BCL2;SLIT2;HOXA5;GPLD1;SPDEF;SNCA,Basal,Suppressed
GO_Biological_Process_2023,Autophagosome Assembly (GO:0000045),1/65,0.9998931394609956,0.99999620015268,0,0,0.1029453749524172,1.1001386072910134e-05,MAP1LC3C,Basal,Suppressed
GO_Biological_Process_2023,Regulation Of Translational Initiation (GO:0006446),1/65,0.9998931394609956,0.99999620015268,0,0,0.1029453749524172,1.1001386072910134e-05,C8ORF88,Basal,Suppressed
GO_Biological_Process_2023,Peptidyl-Serine Modification (GO:0018209),8/166,0.9998951136067808,0.99999620015268,0,0,0.3326698231713209,3.489436788951659e-05,GALNT16;MAST4;NDNF;PCK1;STK32B;TDGF1;SGK2;TGFBR2,Basal,Suppressed
GO_Biological_Process_2023,Protein Complex Oligomerization (GO:0051259),3/100,0.999900511444464,0.99999620015268,0,0,0.2035346097201767,2.025037167948154e-05,GLRA3;KCNC2;SNCA,Basal,Suppressed
GO_Biological_Process_2023,Positive Regulation Of Amide Metabolic Process (GO:0034250),2/85,0.9999112478152185,0.99999620015268,0,0,0.1586452435790381,1.4080736830179894e-05,IL6;PSG1,Basal,Suppressed
GO_Biological_Process_2023,Regulation Of Viral Genome Replication (GO:0045069),1/67,0.9999186815333369,0.99999620015268,0,0,0.0998142829128744,8.117074476055e-06,NR5A2,Basal,Suppressed
GO_Biological_Process_2023,tRNA Modification (GO:0006400),1/67,0.9999186815333369,0.99999620015268,0,0,0.0998142829128744,8.117074476055e-06,TRMT9B,Basal,Suppressed
GO_Biological_Process_2023,Regulation Of Cell Differentiation (GO:0045595),10/193,0.9999213073445116,0.99999620015268,0,0,0.3587813664959277,2.8234569410525737e-05,NTF4;TFAP2B;TNXB;RELN;EDN3;NOTCH4;GATA3;KLF4;ALOX15B;PTHLH,Basal,Suppressed
GO_Biological_Process_2023,Actin Filament Organization (GO:0007015),6/144,0.9999232207111532,0.99999620015268,0,0,0.2857758763638776,2.194251093277957e-05,CNN1;GSN;NLRP5;NOSTRIN;LMOD1;GAS2L2,Basal,Suppressed
GO_Biological_Process_2023,Cilium Organization (GO:0044782),13/228,0.99992450544696,0.99999620015268,0,0,0.3967112810707457,2.9950671420868264e-05,CFAP61;TTC36;CEP126;GSN;DNAAF1;CFAP70;DNAH5;DCDC2;EHD2;DNMBP;ABLIM3;UBXN10;IQUB,Basal,Suppressed
GO_Biological_Process_2023,Positive Regulation Of Cell Cycle Process (GO:0090068),4/118,0.9999320669562176,0.99999620015268,0,0,0.2307712879760376,1.5677528526964838e-05,EDN3;MRGPRX2;EGF;IGF1,Basal,Suppressed
GO_Biological_Process_2023,Regulation Of Programmed Cell Death (GO:0043067),10/195,0.9999343503841204,0.99999620015268,0,0,0.3548613548613548,2.3297276374161743e-05,ACER2;KANK2;PRKN;BMP4;PLK5;CITED1;AMIGO2;ALB;CIDEA;CIDEC,Basal,Suppressed
GO_Biological_Process_2023,Macroautophagy (GO:0016236),3/104,0.9999377756506792,0.99999620015268,0,0,0.1954285714285714,1.2160794048529212e-05,PRKN;MAP1LC3C;KLHL3,Basal,Suppressed
GO_Biological_Process_2023,Establishment Of Protein Localization To Membrane (GO:0090150),1/69,0.9999379268604106,0.99999620015268,0,0,0.0968673727580107,6.013048577198243e-06,SYNE3,Basal,Suppressed
GO_Biological_Process_2023,Dephosphorylation (GO:0016311),6/147,0.9999434455888137,0.99999620015268,0,0,0.2796468507067854,1.5815710210174945e-05,PTPRT;PTPRB;PLPPR1;PLPP3;FBP1;PLPP1,Basal,Suppressed
GO_Biological_Process_2023,Cilium Assembly (GO:0060271),14/243,0.9999447644024868,0.99999620015268,0,0,0.4009348386083667,2.214648701719644e-05,TTC36;CEP126;GSN;DNAAF1;CFAP70;DNAH5;DCDC2;EHD2;RP1;DNMBP;ABLIM3;UBXN10;IQUB;CFAP46,Basal,Suppressed
GO_Biological_Process_2023,Regulation Of Cilium Assembly (GO:1902017),1/71,0.9999524254673422,0.99999620015268,0,0,0.0940888574691391,4.476339903134547e-06,DCDC2,Basal,Suppressed
GO_Biological_Process_2023,Protein Autophosphorylation (GO:0046777),7/162,0.9999538592679992,0.99999620015268,0,0,0.2966585026645826,1.3688356265061863e-05,NTRK2;ERBB4;KIT;SIK2;TEK;BMX;DDR2,Basal,Suppressed
GO_Biological_Process_2023,rRNA Metabolic Process (GO:0016072),2/91,0.9999576409998764,0.99999620015268,0,0,0.1478987138126085,6.264974326615309e-06,CAVIN1;MAPT,Basal,Suppressed
GO_Biological_Process_2023,Response To Ionizing Radiation (GO:0010212),1/72,0.9999582721556723,0.99999620015268,0,0,0.092758300851933,3.870684696262805e-06,RHOB,Basal,Suppressed
GO_Biological_Process_2023,Positive Regulation Of DNA Metabolic Process (GO:0051054),3/108,0.9999606292479466,0.99999620015268,0,0,0.1879401360544217,7.399490160183414e-06,EGF;FGF2;FGF10,Basal,Suppressed
GO_Biological_Process_2023,Ubiquitin-Dependent ERAD Pathway (GO:0030433),1/73,0.999963346042846,0.99999620015268,0,0,0.0914647041407604,3.352604790182263e-06,UBXN10,Basal,Suppressed
GO_Biological_Process_2023,Protein Dephosphorylation (GO:0006470),4/124,0.9999645841894717,0.99999620015268,0,0,0.2191565040650406,7.761742669038156e-06,PTPRT;PTPRB;DUSP1;TNS2,Basal,Suppressed
GO_Biological_Process_2023,Regulation Of Cell Cycle G1/S Phase Transition (GO:1902806),1/74,0.9999677490909414,0.99999620015268,0,0,0.0902065484353734,2.9092901039534614e-06,PLK5,Basal,Suppressed
GO_Biological_Process_2023,Peptidyl-Lysine Modification (GO:0018205),2/94,0.999970290311422,0.99999620015268,0,0,0.1430510944070995,4.250066599977533e-06,EGR2;NNAT,Basal,Suppressed
GO_Biological_Process_2023,Nucleosome Organization (GO:0034728),1/75,0.9999715696684496,0.99999620015268,0,0,0.0889823969382401,2.5298350093097427e-06,NAP1L2,Basal,Suppressed
GO_Biological_Process_2023,Regulation Of Protein Serine/Threonine Kinase Activity (GO:0071900),3/112,0.9999745961591566,0.99999620015268,0,0,0.1810013106159895,4.598186893382053e-06,FGF16;ADRB2;SNCA,Basal,Suppressed
GO_Biological_Process_2023,Transcription Initiation At RNA Polymerase II Promoter (GO:0006367),1/76,0.9999748845636376,0.99999620015268,0,0,0.0877908894810303,2.204934187018277e-06,ESR1,Basal,Suppressed
GO_Biological_Process_2023,Regulation Of Macroautophagy (GO:0016241),2/96,0.9999763436696671,0.99999620015268,0,0,0.1399912495341187,3.311718414395107e-06,LACRT;DCN,Basal,Suppressed
GO_Biological_Process_2023,Protein Stabilization (GO:0050821),10/208,0.9999784297008318,0.99999620015268,0,0,0.3313115879960799,7.146567148026746e-06,PRKN;SOX17;TMEM88;TESC;ANK2;PIK3R1;IGF1;PLPP3;TSPAN1;GPIHBP1,Basal,Suppressed
GO_Biological_Process_2023,Peptidyl-Serine Phosphorylation (GO:0018105),6/158,0.999980240538448,0.99999620015268,0,0,0.2592436468746236,5.1225654827464976e-06,MAST4;PCK1;STK32B;TDGF1;SGK2;TGFBR2,Basal,Suppressed
GO_Biological_Process_2023,Proteolysis Involved In Protein Catabolic Process (GO:0051603),1/78,0.9999802552397288,0.99999620015268,0,0,0.0855007193035362,1.6882078723596603e-06,PRKN,Basal,Suppressed
GO_Biological_Process_2023,Regulation Of TOR Signaling (GO:0032006),1/78,0.9999802552397288,0.99999620015268,0,0,0.0855007193035362,1.6882078723596603e-06,LEP,Basal,Suppressed
GO_Biological_Process_2023,Regulation Of Cell Cycle Process (GO:0010564),4/130,0.9999806679585848,0.99999620015268,0,0,0.208647890050329,4.033628640896488e-06,CAV2;GPER1;KLHL13;ANKK1,Basal,Suppressed
GO_Biological_Process_2023,Positive Regulation Of Protein Modification By Small Protein Conjugation Or Removal (GO:1903322),1/79,0.999982419107523,0.99999620015268,0,0,0.0843996759489717,1.483834671564178e-06,CAV1,Basal,Suppressed
GO_Biological_Process_2023,Protein Glycosylation (GO:0006486),5/147,0.9999845520855558,0.99999620015268,0,0,0.2312962793919445,3.573072733637951e-06,ST6GALNAC1;GALNT16;B3GALT1;ST8SIA6;GCNT4,Basal,Suppressed
GO_Biological_Process_2023,Mitochondrion Organization (GO:0007005),6/162,0.9999858363898044,0.99999620015268,0,0,0.252537698761955,3.576870855741266e-06,PRKN;PID1;CAV2;MGARP;SPATA18;COX7A1,Basal,Suppressed
GO_Biological_Process_2023,Regulation Of Macromolecule Metabolic Process (GO:0060255),6/162,0.9999858363898044,0.99999620015268,0,0,0.252537698761955,3.576870855741266e-06,EDN3;DHH;IGF1;AFF3;NKAPL;PTHLH,Basal,Suppressed
GO_Biological_Process_2023,Negative Regulation Of DNA-binding Transcription Factor Activity (GO:0043433),5/149,0.9999868938980562,0.99999620015268,0,0,0.2280573558690219,2.988962541925759e-06,TCEAL7;ARRB1;KLF4;ESR1;MTURN,Basal,Suppressed
GO_Biological_Process_2023,Regulation Of RNA Splicing (GO:0043484),2/102,0.999987310005972,0.99999620015268,0,0,0.1315460776846915,1.669329532158294e-06,AHNAK;PIK3R1,Basal,Suppressed
GO_Biological_Process_2023,Epigenetic Regulation Of Gene Expression (GO:0040029),1/83,0.9999885569963568,0.99999620015268,0,0,0.0802640496903636,9.184670680544908e-07,FAM47E,Basal,Suppressed
GO_Biological_Process_2023,Regulation Of NIK/NF-kappaB Signaling (GO:1901222),1/83,0.9999885569963568,0.99999620015268,0,0,0.0802640496903636,9.184670680544908e-07,NR3C2,Basal,Suppressed
GO_Biological_Process_2023,Vesicle-Mediated Transport To The Plasma Membrane (GO:0098876),1/83,0.9999885569963568,0.99999620015268,0,0,0.0802640496903636,9.184670680544908e-07,EHD2,Basal,Suppressed
GO_Biological_Process_2023,Positive Regulation Of Protein Ubiquitination (GO:0031398),1/84,0.99998961679766,0.99999620015268,0,0,0.0792924266537027,8.233135843010484e-07,CAV1,Basal,Suppressed
GO_Biological_Process_2023,Membrane Organization (GO:0061024),6/167,0.9999900956552544,0.99999620015268,0,0,0.2446238469519735,2.422850911622321e-06,CAV3;ANK2;PLAAT3;SGCZ;SPTBN1;TRDN,Basal,Suppressed
GO_Biological_Process_2023,Negative Regulation Of Nucleic Acid-Templated Transcription (GO:1903507),31/456,0.9999904248424,0.99999620015268,0,0,0.4759854130331378,4.557657165231528e-06,CEBPA;CITED1;TMPRSS6;TWIST2;GATA3;RORB;NR3C1;FOXO1;TCEAL7;DACH1;PRDM16;ATOH8;CAPN3;HOXA7;ZNF423;TP63;RUNX1T1;ZNF540;TFAP2B;MSX2;ZBTB16;ADIPOQ;KLF4;DKK3;PER2;BMP4;MLXIPL;PER1;ZEB1;CRY2;PPARG,Basal,Suppressed
GO_Biological_Process_2023,Cellular Respiration (GO:0045333),1/85,0.9999905350447624,0.99999620015268,0,0,0.078343937498867,7.415253708195387e-07,NR4A3,Basal,Suppressed
GO_Biological_Process_2023,mRNA Metabolic Process (GO:0016071),1/85,0.9999905350447624,0.99999620015268,0,0,0.078343937498867,7.415253708195387e-07,ZFP36,Basal,Suppressed
GO_Biological_Process_2023,Mitotic Spindle Organization (GO:0007052),1/85,0.9999905350447624,0.99999620015268,0,0,0.078343937498867,7.415253708195387e-07,CEP126,Basal,Suppressed
GO_Biological_Process_2023,Nuclear-Transcribed mRNA Catabolic Process (GO:0000956),1/85,0.9999905350447624,0.99999620015268,0,0,0.078343937498867,7.415253708195387e-07,ZFP36,Basal,Suppressed
GO_Biological_Process_2023,Regulation Of Mitotic Cell Cycle Phase Transition (GO:1901990),1/86,0.9999913303965936,0.99999620015268,0,0,0.0774177657359098,6.711842349858715e-07,PLK5,Basal,Suppressed
GO_Biological_Process_2023,Regulation Of Transcription By RNA Polymerase II (GO:0006357),118/2028,0.9999917946173338,0.99999620015268,0,0,0.3805752904611919,3.122778703354797e-06,FOXA1;CSF3;PID1;MAGEB17;FOXI2;RORB;NR3C1;FGF1;FGF2;ABRA;NR3C2;ZFP36;DACH1;EDNRB;SOX17;HOXA7;HOXA6;MYOZ2;TP63;HOXA5;SOX5;MSX2;EBF1;PSG1;EBF2;HNF1A;RFX6;LMX1A;PGR;HOXB1;ERG;ATF3;EPAS1;NOTCH4;TSHZ2;TWIST2;GATA3;PIK3R1;FOXO1;NHLH2;GALR1;PRDM16;NDN;ELANE;EGR1;TFAP2B;CBX7;EGR2;XBP1;EGR3;CAV1;ZBTB16;PDE2A;NR2F1;IGF1;ZFHX4;ESR1;ESR2;ISX;BMP4;MLXIPL;NR4A1;IL6;NR4A3;CYP1A1;MEIS3P2;EZH1;HOXD8;CSRNP1;TENM2;CSRNP3;THRB;RHOXF1;CITED1;TCF23;TCF21;ARRB1;LDB2;HIF3A;MEOX2;MEOX1;GPER1;ZNF366;MYOCD;PROX2;FOS;KLF15;DCN;ADRA2A;MYH2;ZEB1;NR5A2;TAL1;CRY2;CDH13;PPARG;FBP1;KANK2;PRKN;CEBPA;TMPRSS6;DBX2;CUX2;ATOH8;SHOX;RXRG;SPDEF;SNCA;IL33;DMRT2;KLF4;KLF2;PER2;TBX15;PER1;KLF9;FOSB;PF4,Basal,Suppressed
GO_Biological_Process_2023,Regulation Of DNA-templated Transcription (GO:0006355),103/1922,0.9999918875241118,0.99999620015268,0,0,0.348784611281359,2.829518226398356e-06,FOXA1;FOXI2;RORB;NR3C1;FGF2;NR3C2;EFEMP1;DACH1;SOX17;CAPN3;HOXA7;HOXA6;TP63;HOXA5;SOX5;MSX2;ADIPOQ;EBF1;PSG1;EBF2;HNF1A;DKK3;RFX6;LMX1A;PGR;HOXB1;ERG;ZNF676;ATF3;EPAS1;NOTCH4;IGSF1;TSHZ2;TWIST2;GATA3;FOXO1;SEC14L2;NHLH2;PRDM16;ZNF423;ASIC2;ZNF540;EGR1;TFAP2B;EGR2;XBP1;EGR3;FZD4;ZBTB16;IGF1;ZFHX4;ESR1;ESR2;ISX;BMP4;MLXIPL;NR4A1;IL6;NR4A3;CYP1A1;CDK15;HOXD8;CSRNP1;CSRNP3;RHOXF1;CITED1;TCF23;TCF21;ARRB1;HIF3A;MEOX2;MEOX1;MYOCD;TESC;PROX2;FOS;KLF15;ADRA2A;MYH2;ZEB1;NR5A2;TAL1;CRY2;PPARG;CEBPA;TMPRSS6;DBX2;TCEAL7;ERBB4;ATOH8;SHOX;HAS3;SPDEF;RUNX1T1;EGF;DMRT2;KLF4;KLF2;PER2;TBX15;PER1;KLF9;FOSB,Basal,Suppressed
GO_Biological_Process_2023,Positive Regulation Of Cytokine Production (GO:0001819),18/320,0.9999919833040372,0.99999620015268,0,0,0.3898150262617036,3.125041073556354e-06,CCBE1;EGR1;IL33;XBP1;TSLP;ADIPOQ;GATA3;ALOX15B;ADRA2A;IL6;LEP;SAA1;FFAR3;IL6ST;PLA2R1;LURAP1;ELANE;SPTBN1,Basal,Suppressed
GO_Biological_Process_2023,Positive Regulation Of Intracellular Protein Transport (GO:0090316),3/126,0.9999924323980572,0.99999620015268,0,0,0.1602694541231126,1.2128600216315844e-06,PDZK1;PIK3R1;RAPGEF3,Basal,Suppressed
GO_Biological_Process_2023,Positive Regulation Of DNA-templated Transcription (GO:0045893),82/1243,0.9999926421582824,0.99999620015268,0,0,0.4497105117686422,3.30891093760746e-06,FOXA1;CSRNP1;CSF3;PID1;CSRNP3;THRB;CITED1;TCF21;ARRB1;RORB;LDB2;NR3C1;FGF1;MEOX2;FGF2;ABRA;SOX17;GPER1;CAPN3;HOXA7;TP63;HOXA5;MYOCD;TESC;PSG1;FOS;HNF1A;KLF15;DCN;NR5A2;RFX6;LMX1A;TAL1;CDH13;PPARG;PGR;HOXB1;ERG;ATF3;PRKN;CEBPA;EPAS1;TMPRSS6;NOTCH4;GATA3;PIK3R1;FOXO1;SEC14L2;NHLH2;ERBB4;GALR1;ATOH8;PRDM16;HAS3;SHOX;ZNF423;ASIC2;RXRG;NGFR;EGR1;IL33;TFAP2B;EGR2;XBP1;EGF;FZD4;ZBTB16;NR2F1;IGF1;KLF4;ESR1;KLF2;ESR2;BMP4;MLXIPL;PER1;NR4A1;IL6;NR4A3;MEIS3P2;HOXD8;PF4,Basal,Suppressed
GO_Biological_Process_2023,Regulation Of Proteasomal Ubiquitin-Dependent Protein Catabolic Process (GO:0032434),2/109,0.9999927509872442,0.99999620015268,0,0,0.1228904342626929,8.908375543911406e-07,PRKN;CEBPA,Basal,Suppressed
GO_Biological_Process_2023,Regulation Of Gene Expression (GO:0010468),75/1127,0.9999928104646298,0.99999620015268,0,0,0.4557376023734099,3.276553390235923e-06,MYOM1;PID1;RHOXF1;CITED1;TCF23;RORB;NR3C1;AFF3;FGF1;FGF2;CDH5;EFEMP1;SOX17;GPER1;CD36;CD34;HOXA5;EDN3;BTN1A1;TESC;AVPR2;PSG1;ANK2;ACTA2;CLDN5;NR5A2;CLDN19;PPARG;PGR;HOXB1;MAPT;ZNF676;VSTM2A;RBMS3;PRKN;CEBPA;RAMP2;LRP1;AHNAK;DHH;IGSF1;GATA3;NTS;NKAPL;PTHLH;CALCR;CUX2;STC2;ATOH8;AGR2;ZNF423;BTNL9;NTRK2;EGR1;IL33;BTNL8;GSN;TIPARP;EGF;PDE2A;IGF1;KLF4;ESR1;ESR2;BMP4;MLXIPL;PER1;FGF16;IL6;CILP;PIP;SPRY2;CCDC3;FGF10;PF4,Basal,Suppressed
GO_Biological_Process_2023,Cytosolic Transport (GO:0016482),3/127,0.999992866779394,0.99999620015268,0,0,0.1589677419354838,1.1339560168428054e-06,RAB6C;ASB15;BAIAP3,Basal,Suppressed
GO_Biological_Process_2023,Protein Transport (GO:0015031),17/313,0.9999929516477044,0.99999620015268,0,0,0.3756094278882482,2.647436903305036e-06,RD3;NGFR;RAB3C;RAB6C;RAMP2;LRP1;FGG;LTBP2;ABCA12;LRP1B;TXNIP;PPARG;CD36;APOB;SPTBN1;WLS;GPIHBP1,Basal,Suppressed
GO_Biological_Process_2023,Negative Regulation Of DNA-templated Transcription (GO:0045892),63/1025,0.9999929724203288,0.99999620015268,0,0,0.4189736294999452,2.944380907387468e-06,TENM2;THRB;CITED1;MAGEB17;TCF23;TCF21;RORB;LDB2;NR3C1;ZFP36;DACH1;EDNRB;CAPN3;HOXA7;MYOZ2;TP63;ZNF366;MSX2;ADIPOQ;DKK3;MYH2;ZEB1;CRY2;PPARG;FBP1;ATF3;KANK2;PRKN;CEBPA;TMPRSS6;NOTCH4;TWIST2;GATA3;FOXO1;TCEAL7;CUX2;ATOH8;PRDM16;NDN;ZNF423;ELANE;SPDEF;RUNX1T1;SNCA;ZNF540;IL33;TFAP2B;CBX7;ZBTB16;CAV1;PDE2A;NR2F1;KLF4;ESR1;KLF2;ESR2;PER2;BMP4;MLXIPL;PER1;NR4A3;FOSB;EZH1,Basal,Suppressed
GO_Biological_Process_2023,Positive Regulation Of Transcription By RNA Polymerase II (GO:0045944),69/938,0.999993120223032,0.99999620015268,0,0,0.5120612688986411,3.5228794423026694e-06,FOXA1;CSRNP1;CSF3;PID1;CSRNP3;THRB;CITED1;TCF21;ARRB1;RORB;LDB2;NR3C1;FGF1;MEOX2;FGF2;ABRA;SOX17;GPER1;HOXA7;TP63;HOXA5;MYOCD;PSG1;FOS;HNF1A;KLF15;DCN;NR5A2;RFX6;LMX1A;TAL1;CDH13;PPARG;PGR;HOXB1;ERG;ATF3;PRKN;CEBPA;EPAS1;TMPRSS6;NOTCH4;GATA3;PIK3R1;FOXO1;NHLH2;GALR1;ATOH8;SHOX;RXRG;EGR1;IL33;TFAP2B;EGR2;XBP1;NR2F1;IGF1;KLF4;ESR1;KLF2;BMP4;MLXIPL;PER1;NR4A1;IL6;NR4A3;MEIS3P2;HOXD8;PF4,Basal,Suppressed
GO_Biological_Process_2023,Positive Regulation Of DNA Repair (GO:0045739),1/89,0.9999931307811718,0.99999620015268,0,0,0.0747655465965325,5.135826643393075e-07,FGF10,Basal,Suppressed
GO_Biological_Process_2023,Organelle Organization (GO:0006996),26/418,0.9999932372381578,0.99999620015268,0,0,0.4328303189069633,2.9271382626292726e-06,CFAP61;PRKN;ABCD2;MAST4;PEX11A;SYNE3;SYNE1;GOLGA8IP;SH3D19;CHGA;DST;CAV2;CAV1;GOLGA8K;GOLGA8M;PLAAT3;GOLGA8O;GOLGA8N;GOLGA8Q;CIDEC;MRAP;RAB30;DES;GOLGA8H;REEP6;PLIN5,Basal,Suppressed
GO_Biological_Process_2023,Negative Regulation Of Transcription By RNA Polymerase II (GO:0000122),49/763,0.999993469647673,0.99999620015268,0,0,0.4432710656965384,2.8947256871651965e-06,TENM2;THRB;MAGEB17;TCF23;TCF21;LDB2;NR3C1;ZFP36;DACH1;EDNRB;HOXA7;MYOZ2;ZNF366;MSX2;MYH2;ZEB1;CRY2;PPARG;FBP1;ATF3;KANK2;PRKN;CEBPA;TMPRSS6;NOTCH4;GATA3;CUX2;PRDM16;NDN;ELANE;SPDEF;SNCA;IL33;CBX7;TFAP2B;ZBTB16;CAV1;PDE2A;NR2F1;KLF4;ESR1;KLF2;ESR2;PER2;BMP4;PER1;NR4A3;FOSB;EZH1,Basal,Suppressed
GO_Biological_Process_2023,Positive Regulation Of Nucleic Acid-Templated Transcription (GO:1903508),38/557,0.9999935521391364,0.99999620015268,0,0,0.4764240706437238,3.071926023198788e-06,CITED1;NOTCH4;GATA3;RORB;FGF2;FOXO1;SEC14L2;SOX17;ERBB4;PRDM16;ATOH8;HAS3;CAPN3;ZNF423;TP63;EGR1;TFAP2B;EGR2;MYOCD;FZD4;EGF;TESC;ZBTB16;PSG1;FOS;HNF1A;IGF1;KLF4;ESR1;KLF2;ESR2;BMP4;MLXIPL;IL6;NR5A2;RFX6;TAL1;PPARG,Basal,Suppressed
GO_Biological_Process_2023,Protein Targeting (GO:0006605),3/129,0.9999935842837512,0.99999620015268,0,0,0.1564263038548752,1.003589998744964e-06,KIF13B;LTBP2;MGARP,Basal,Suppressed
GO_Biological_Process_2023,Protein Modification Process (GO:0036211),24/711,0.9999935872339982,0.99999620015268,0,0,0.2238410507180756,1.4354448824370563e-06,PTPRT;ST6GALNAC1;EPB42;WNK4;F13A1;PLAT;BMX;DCLK1;GNMT;TGFBR2;MAPK10;LIPE;PTPRB;GRK3;ACVR1C;PDK4;NEK10;CPE;ST8SIA6;CTSG;ERG;SIK2;SGK2;CDK15,Basal,Suppressed
GO_Biological_Process_2023,Regulation Of Apoptotic Process (GO:0042981),45/705,0.999993599968652,0.99999620015268,0,0,0.441136099672685,2.8232939011838294e-06,PRKN;FOXA1;CSRNP3;CITED1;PIK3R1;FOXO1;AQP1;RNF157;SOCS2;ACVR1C;ERBB4;GPER1;FFAR4;CAPN3;SLIT2;HOXA5;SPDEF;SNCA;ANGPT4;EGR1;TFAP2B;XBP1;PLK5;EGR3;TSLP;CIDEA;IGF1;DHRS2;CIDEC;RHOB;ACER2;BMP4;IL6;CEACAM5;KCNMA1;ALB;CAT;BCL2;SPRY2;TEK;IL6ST;VIP;LACRT;TDGF1;GPLD1,Basal,Suppressed
GO_Biological_Process_2023,Regulation Of RNA Metabolic Process (GO:0051252),1/91,0.9999939621400352,0.99999620015268,0,0,0.0730956308421097,4.413425154373156e-07,AHNAK,Basal,Suppressed
GO_Biological_Process_2023,Negative Regulation Of Protein Metabolic Process (GO:0051248),4/147,0.99999398963579,0.99999620015268,0,0,0.1836623742111547,1.1038810780486442e-06,ZNF540;BTG2;EDNRB;PLAT,Basal,Suppressed
GO_Biological_Process_2023,Protein Phosphorylation (GO:0006468),28/500,0.9999941525068092,0.99999620015268,0,0,0.3855932203389831,2.2547603226504305e-06,MAST4;WNK4;LIPE;GRK3;EFEMP1;RELN;ACVR1C;ERBB4;PDK4;CTSG;PCK1;STK32B;NTRK2;BMX;DCLK1;TGFBR2;BMP4;TGFBR3;MAPK10;KIT;NEK10;ERG;SIK2;TEK;TDGF1;SGK2;CDK15;DDR2,Basal,Suppressed
GO_Biological_Process_2023,Protein Localization (GO:0008104),19/351,0.999994228206282,0.99999620015268,0,0,0.3737756699469399,2.1573622896600684e-06,NGFR;RAB6C;CAV3;CCDC68;CAV1;ITSN1;ANK2;DOC2B;PHYHIP;ANO1;CAPN3;CPE;DMD;FERMT2;WLS;GPIHBP1;JAM3;FGF10;AKAIN1,Basal,Suppressed
GO_Biological_Process_2023,Regulation Of Nucleic Acid-Templated Transcription (GO:1903506),15/452,0.9999943197517724,0.99999620015268,0,0,0.2224618852577457,1.263642318363532e-06,CEBPA;RHOXF1;IGSF1;PSG1;RORB;NR3C1;ESR1;ESR2;MLXIPL;EFEMP1;NR5A2;SOX17;HOXB1;ZNF676;ZNF423,Basal,Suppressed
GO_Biological_Process_2023,Protein-Containing Complex Assembly (GO:0065003),17/328,0.9999943351295418,0.99999620015268,0,0,0.3571791862525723,2.02337955157102e-06,FGB;FGA;DNAAF1;FGG;LIN7A;ADRB2;COX7A1;JCHAIN;CXCL12;CASQ2;CAPN3;DMD;MAPT;CASQ1;FMOD;FERMT2;SNCA,Basal,Suppressed
GO_Biological_Process_2023,Protein Ubiquitination (GO:0016567),11/434,0.9999943837610534,0.99999620015268,0,0,0.1684196167809855,9.45887467299406e-07,RNF157;PRKN;TRIM63;HERC2P3;BCL2;DTX1;ARRB1;KLHL3;KLHL13;ASB5;RNF186,Basal,Suppressed
GO_Biological_Process_2023,Endosomal Transport (GO:0016197),6/180,0.9999943945425632,0.99999620015268,0,0,0.2261763854914648,1.267825655475772e-06,EHD2;RAB6C;ITSN1;DCLK1;ASB15;BAIAP3,Basal,Suppressed
GO_Biological_Process_2023,Phosphorylation (GO:0016310),15/429,0.999994401932604,0.99999620015268,0,0,0.235139797112542,1.3163321161728725e-06,WNK4;BMX;DCLK1;TGFBR2;MAPK10;LIPE;GRK3;ACVR1C;PDK4;NEK10;CTSG;ERG;SIK2;SGK2;CDK15,Basal,Suppressed
GO_Biological_Process_2023,Vesicle-Mediated Transport (GO:0016192),20/411,0.9999944638407342,0.99999620015268,0,0,0.333049597539736,1.8438207192363365e-06,CCL14;RPH3AL;SCARA5;CAV3;CAV2;ITSN1;STAB2;DOC2B;ADRB2;SYTL5;SYTL4;DCLK1;SYTL2;RHOB;EHD2;RAB44;RAB30;RHOJ;NLRP5;GPRASP1,Basal,Suppressed
GO_Biological_Process_2023,Organelle Assembly (GO:0070925),16/322,0.9999945657918226,0.99999620015268,0,0,0.3416308841045351,1.856498388372939e-06,TTC36;SRPX;CEP126;GSN;DNAAF1;CFAP70;DNAH5;DCDC2;EHD2;DNMBP;ABLIM3;MAP1LC3C;UBXN10;IQUB;SYNPO;CD34,Basal,Suppressed
GO_Biological_Process_2023,DNA Damage Response (GO:0006974),7/384,0.9999945745516244,0.99999620015268,0,0,0.1203956616473555,6.532022188818146e-07,ACER2;BTG2;BCL2;MAPT;SPATA18;RBM24;FOXO1,Basal,Suppressed
GO_Biological_Process_2023,Ubiquitin-Dependent Protein Catabolic Process (GO:0006511),6/367,0.9999946444122813,0.99999620015268,0,0,0.1078303973833173,5.77496698364192e-07,PRKN;XBP1;KLHL3;ARRB1;UBAP1L;RNF186,Basal,Suppressed
GO_Biological_Process_2023,Protein Modification By Small Protein Conjugation (GO:0032446),10/364,0.9999946570622524,0.99999620015268,0,0,0.1836266093494408,9.8110816353247e-07,RNF157;PRKN;EGR2;TRIM63;HERC2P3;DTX1;KLHL3;ARRB1;KLHL13;ASB5,Basal,Suppressed
GO_Biological_Process_2023,Regulation Of Autophagy (GO:0010506),10/241,0.9999946988461408,0.99999620015268,0,0,0.2834356883249167,1.5025401755736246e-06,ACER2;PRKN;LEP;LEPR;ITPR1;BCL2;MAPT;FOXO1;DCN;GFAP,Basal,Suppressed
GO_Biological_Process_2023,Intracellular Protein Transport (GO:0006886),10/325,0.9999948297637796,0.99999620015268,0,0,0.2068342488510555,1.069384689511972e-06,TRARG1;NGFR;EGR2;RAB6C;RANBP3L;MAP1LC3C;KIF13B;LTBP2;WLS;GPIHBP1,Basal,Suppressed
GO_Biological_Process_2023,Proteasome-Mediated Ubiquitin-Dependent Protein Catabolic Process (GO:0043161),6/319,0.9999948579625256,0.99999620015268,0,0,0.1247176142885342,6.413042951786513e-07,PRKN;UBXN10;KLHDC1;ARRB1;RNF186;ECRG4,Basal,Suppressed
GO_Biological_Process_2023,Sensory Perception Of Smell (GO:0007608),9/230,0.9999948769978652,0.99999620015268,0,0,0.2666884358818864,1.3662489260120816e-06,OR2A1;OR2C1;OR2L13;OR1E1;OR2M4;OR2L3;OR2A42;NXNL2;OR10A6,Basal,Suppressed
GO_Biological_Process_2023,Regulation Of Cell Cycle (GO:0051726),11/298,0.9999949552483348,0.99999620015268,0,0,0.2502200168024935,1.2623010303992931e-06,PER2;BMP4;NR4A1;GPER1;LEP;GMNC;GATA3;ANKK1;ALOX15B;RHOB;TTC28,Basal,Suppressed
GO_Biological_Process_2023,Gene Expression (GO:0010467),4/296,0.999994970405418,0.99999620015268,0,0,0.0891663882392248,4.484719109950732e-07,NOVA1;TESC;ABCC6;RPS4Y1,Basal,Suppressed
GO_Biological_Process_2023,DNA Repair (GO:0006281),1/291,0.9999949958411548,0.99999620015268,0,0,0.0224223251906593,1.122051576815019e-07,BTG2,Basal,Suppressed
GO_Biological_Process_2023,DNA Metabolic Process (GO:0006259),2/288,0.9999950112599916,0.99999620015268,0,0,0.0454998162538147,2.269873199072628e-07,BTG2;DNASE1L3,Basal,Suppressed
GO_Biological_Process_2023,Chromatin Organization (GO:0006325),6/268,0.9999951179559008,0.99999620015268,0,0,0.1494401453351267,7.295751606120704e-07,PER2;FOXA1;PER1;NAP1L2;ESR1;EZH1,Basal,Suppressed
GO_Biological_Process_2023,Regulation Of I-kappaB kinase/NF-kappaB Signaling (GO:0043122),8/232,0.9999952446273984,0.99999620015268,0,0,0.2337513631406761,1.111577470872573e-06,PRKN;PER1;CCL21;CAPN3;ESR1;LURAP1;EDA2R;WLS,Basal,Suppressed
GO_Biological_Process_2023,Positive Regulation Of I-kappaB kinase/NF-kappaB Signaling (GO:0043123),5/175,0.9999953066672274,0.99999620015268,0,0,0.1928864569083447,9.052824540044608e-07,PRKN;CCL21;LURAP1;EDA2R;WLS,Basal,Suppressed
GO_Biological_Process_2023,Translation (GO:0006412),1/234,0.99999531607833,0.99999620015268,0,0,0.0280007384522889,1.3115357277165881e-07,RPS4Y1,Basal,Suppressed
GO_Biological_Process_2023,Chromatin Remodeling (GO:0006338),6/228,0.999995349134121,0.99999620015268,0,0,0.1767786092728884,8.221755139153574e-07,PER2;FOXA1;PER1;PRDM16;ESR1;EZH1,Basal,Suppressed
GO_Biological_Process_2023,Peptide Biosynthetic Process (GO:0043043),4/158,0.9999953569563692,0.99999620015268,0,0,0.1704347481786506,7.913378090870162e-07,DMD;RPS4Y1;PCSK5;GGTA1,Basal,Suppressed
GO_Biological_Process_2023,Protein Polyubiquitination (GO:0000209),4/226,0.9999953661495412,0.99999620015268,0,0,0.1177625796528235,5.4569544808913e-07,PRKN;BCL2;KLHL3;RNF186,Basal,Suppressed
GO_Biological_Process_2023,Proteasomal Protein Catabolic Process (GO:0010498),5/220,0.9999954031834934,0.99999620015268,0,0,0.1521158978269157,6.992504772041062e-07,PRKN;XBP1;ARRB1;SEL1L2;RNF186,Basal,Suppressed
GO_Biological_Process_2023,mRNA Processing (GO:0006397),2/214,0.9999954445097,0.99999620015268,0,0,0.0616476742013824,2.808360215212168e-07,NCBP2L;NOVA1,Basal,Suppressed
GO_Biological_Process_2023,"mRNA Splicing, Via Spliceosome (GO:0000398)",2/211,0.9999954646685796,0.99999620015268,0,0,0.0625435013136941,2.836561498957587e-07,NCBP2L;NOVA1,Basal,Suppressed
GO_Biological_Process_2023,RNA Splicing (GO:0008380),1/98,0.9999955198863496,0.99999620015268,0,0,0.0677932179311589,3.037220014051664e-07,NOVA1,Basal,Suppressed
GO_Biological_Process_2023,Regulation Of Translation (GO:0006417),3/202,0.9999955263961814,0.99999620015268,0,0,0.0986245513280689,4.4120815632603394e-07,ZNF540;BTG2;IL6,Basal,Suppressed
GO_Biological_Process_2023,Transcription By RNA Polymerase II (GO:0006366),5/192,0.9999955442343292,0.99999620015268,0,0,0.1751780322568149,7.805540013859413e-07,XBP1;THRB;DTX1;PPARG;SOX5,Basal,Suppressed
GO_Biological_Process_2023,DNA-templated Transcription (GO:0006351),4/199,0.9999955447676866,0.99999620015268,0,0,0.1342792370231394,5.982465284694895e-07,XBP1;THRB;DTX1;SOX5,Basal,Suppressed
GO_Biological_Process_2023,Golgi Vesicle Transport (GO:0048193),2/197,0.9999955619234744,0.99999620015268,0,0,0.0670884839963286,2.9774448667752745e-07,RAB6C;PLPP3,Basal,Suppressed
GO_Biological_Process_2023,Modification-Dependent Protein Catabolic Process (GO:0019941),4/192,0.9999955909218082,0.99999620015268,0,0,0.1393357550596782,6.143435933128138e-07,PRKN;XBP1;ARRB1;KLHL3,Basal,Suppressed
GO_Biological_Process_2023,Defense Response To Virus (GO:0051607),2/189,0.9999956201317804,0.99999620015268,0,0,0.0699911620121288,3.065527374771273e-07,IL6;BCL2,Basal,Suppressed
GO_Biological_Process_2023,Macromolecule Biosynthetic Process (GO:0009059),2/183,0.9999956651595756,0.99999620015268,0,0,0.0723365579226855,3.135681150869853e-07,ALAS2;RPS4Y1,Basal,Suppressed
GO_Biological_Process_2023,RNA Processing (GO:0006396),1/183,0.9999956653164882,0.99999620015268,0,0,0.0359537683481345,1.55848544622946e-07,NOVA1,Basal,Suppressed
GO_Biological_Process_2023,"RNA Splicing, Via Transesterification Reactions With Bulged Adenosine As Nucleophile (GO:0000377)",2/180,0.999995688118517,0.99999620015268,0,0,0.0735685495948039,3.172195506343391e-07,NCBP2L;NOVA1,Basal,Suppressed
GO_Biological_Process_2023,Defense Response To Symbiont (GO:0140546),2/148,0.9999959373875624,0.99999620015268,0,0,0.0898600924370624,3.650674707305287e-07,IL6;BCL2,Basal,Suppressed
GO_Biological_Process_2023,Regulation Of DNA Repair (GO:0006282),1/129,0.9999961278052764,0.99999620015268,0,0,0.0512823562999619,1.9857565394268825e-07,FGF10,Basal,Suppressed
GO_Biological_Process_2023,Positive Regulation Of Translation (GO:0045727),1/108,0.9999961343292754,0.99999620015268,0,0,0.0614218272504438,2.374370183825461e-07,IL6,Basal,Suppressed
GO_Biological_Process_2023,Protein Localization To Nucleus (GO:0034504),1/122,0.99999618052564,0.99999620015268,0,0,0.0542711259740709,2.07287570011962e-07,BMP4,Basal,Suppressed
GO_Biological_Process_2023,RNA Metabolic Process (GO:0016070),1/111,0.9999961810137098,0.99999620015268,0,0,0.0597363048067273,2.2813256470224095e-07,NOVA1,Basal,Suppressed
GO_Biological_Process_2023,Mitotic Sister Chromatid Segregation (GO:0000070),1/111,0.9999961810137098,0.99999620015268,0,0,0.0597363048067273,2.2813256470224095e-07,ANKRD53,Basal,Suppressed
GO_Biological_Process_2023,Protein Deubiquitination (GO:0016579),1/112,0.9999961899391624,0.99999620015268,0,0,0.0591947105079956,2.255358779463303e-07,PRKN,Basal,Suppressed
GO_Biological_Process_2023,Protein Modification By Small Protein Removal (GO:0070646),1/114,0.99999620015268,0.99999620015268,0,0,0.0581402791299338,2.209246035771528e-07,PRKN,Basal,Suppressed
