Gene_set,Term,Overlap,P-value,Adjusted P-value,Old P-value,Old Adjusted P-value,Odds Ratio,Combined Score,Genes,Subtype,Direction
GO_Biological_Process_2023,Negative Regulation Of Mitotic Metaphase/Anaphase Transition (GO:0045841),15/28,4.439362695385624e-06,0.0057845882261924,0,0,6.168878785656669,76.03142936082234,PLK1;BUB1B;TTK;HASPIN;NDC80;ZWINT;CDC20;CENPF;NUF2;FBXO5;TRIP13;BUB1;SPC24;MAD2L1;SPC25,Basal,Activated
GO_Biological_Process_2023,Mitotic Spindle Assembly Checkpoint Signaling (GO:0007094),14/26,8.600052538246566e-06,0.0057845882261924,0,0,6.2358110969928,72.7328933277323,PLK1;BUB1B;TTK;HASPIN;NDC80;ZWINT;CDC20;CENPF;NUF2;TRIP13;BUB1;SPC24;MAD2L1;SPC25,Basal,Activated
GO_Biological_Process_2023,Mitotic Spindle Checkpoint Signaling (GO:0071174),14/26,8.600052538246566e-06,0.0057845882261924,0,0,6.2358110969928,72.7328933277323,PLK1;BUB1B;TTK;HASPIN;NDC80;ZWINT;CDC20;CENPF;NUF2;TRIP13;BUB1;SPC24;MAD2L1;SPC25,Basal,Activated
GO_Biological_Process_2023,Spindle Assembly Checkpoint Signaling (GO:0071173),14/26,8.600052538246566e-06,0.0057845882261924,0,0,6.2358110969928,72.7328933277323,PLK1;BUB1B;TTK;HASPIN;NDC80;ZWINT;CDC20;CENPF;NUF2;TRIP13;BUB1;SPC24;MAD2L1;SPC25,Basal,Activated
GO_Biological_Process_2023,DNA Unwinding Involved In DNA Replication (GO:0006268),12/20,8.623417152940375e-06,0.0057845882261924,0,0,8.014285714285714,93.4548191735389,GINS1;RECQL4;GINS2;CDC45;RAD51;MCM7;GINS4;HMGA1;MCM3;MCM4;MCM6;MCM2,Basal,Activated
GO_Biological_Process_2023,Mitotic Spindle Elongation (GO:0000022),8/10,1.2891443717068565e-05,0.0061768431752925,0,0,21.351934051997464,240.4002883815783,RACGAP1;INCENP;KIF4B;PRC1;KIF4A;BIRC5;CDCA8;KIF23,Basal,Activated
GO_Biological_Process_2023,Mitotic Spindle Midzone Assembly (GO:0051256),8/10,1.2891443717068565e-05,0.0061768431752925,0,0,21.351934051997464,240.4002883815783,RACGAP1;INCENP;KIF4B;PRC1;KIF4A;BIRC5;CDCA8;KIF23,Basal,Activated
GO_Biological_Process_2023,Double-Strand Break Repair Via Break-Induced Replication (GO:0000727),8/11,4.066721058593076e-05,0.0170497280381514,0,0,14.233777214119636,143.90474628389543,GINS2;MCM7;GINS4;MCM3;MCM4;CDC7;MCM6;MCM2,Basal,Activated
GO_Biological_Process_2023,Microtubule Cytoskeleton Organization Involved In Mitosis (GO:1902850),22/59,5.037727368633681e-05,0.0187739306604415,0,0,3.181459803752797,31.48363205787325,GPSM2;STIL;PLK1;CDCA8;TTK;KIF11;WDR62;AURKB;NDC80;CENPE;CCNB1;ESPL1;INCENP;KIF4B;KIF4A;NUF2;STMN1;CDK1;TACC3;BIRC5;DLGAP5;SPC25,Basal,Activated
GO_Biological_Process_2023,Sister Chromatid Segregation (GO:0000819),15/34,8.539737081696364e-05,0.0286422781720096,0,0,4.2193066077969,39.52728809753423,TOP2A;SPAG5;NCAPG2;PLK1;SMC4;KNSTRN;NDC80;ZWINT;SGO1;KIF18A;KIF18B;ESPL1;CENPI;KIFC1;CENPK,Basal,Activated
GO_Biological_Process_2023,Positive Regulation Of Chromosome Separation (GO:1905820),8/13,0.00023503269753471996,0.0716636061392227,0,0,8.539251743817374,71.35215944608402,INCENP;NCAPG2;CDCA8;NCAPG;BIRC5;NCAPD2;SMC4;NCAPH,Basal,Activated
GO_Biological_Process_2023,Mitotic Cell Cycle Phase Transition (GO:0044772),32/111,0.0003696087643400352,0.1033056496330398,0,0,2.16883568568771,17.140450494518635,TRIM71;BRSK2;CCNF;PKMYT1;FOXM1;AURKA;CCNB3;CCNB2;CCNB1;CHEK2;EIF4EBP1;E2F1;E2F3;UBE2C;PLK1;CDC7;CDC25C;MASTL;CDC25A;CDC25B;CCNA2;CCNA1;MELK;DBF4;CCNE2;CCNE1;UBE2S;CDK1;CCNI2;TACC3;CCNP;CDKN3,Basal,Activated
GO_Biological_Process_2023,Regulation Of Chromosome Segregation (GO:0051983),12/28,0.0006023547437538523,0.1552745627218293,0,0,4.005238095238095,29.69749475973287,RMI2;CDCA2;NCAPG2;NCAPG;KIF2C;NCAPD2;HORMAD1;CDC6;MKI67;SMC4;BUB1;NCAPH,Basal,Activated
GO_Biological_Process_2023,DNA-templated DNA Replication (GO:0006261),22/69,0.0006684756786286041,0.1552745627218293,0,0,2.503062745629489,18.29866659444498,GINS1;WDHD1;PRIM2;GINS2;BLM;RFC4;MCM7;GINS4;HMGA1;MCM10;RECQL4;CDC45;ORC6;RAD51;ORC1;POLE2;MCM3;MCM4;CDK2AP1;DNA2;MCM6;MCM2,Basal,Activated
GO_Biological_Process_2023,Cell Cycle G2/M Phase Transition (GO:0044839),15/40,0.0007223068205679844,0.1552745627218293,0,0,3.2055290753098187,23.18578589683998,BRSK2;PLK1;FOXM1;PKMYT1;CDC25C;MASTL;AURKB;CDC25A;AURKA;CDC25B;CCNA2;CCNB1;MELK;CHEK2;CDK1,Basal,Activated
GO_Biological_Process_2023,Mitotic Sister Chromatid Segregation (GO:0000070),31/111,0.0008176465454009134,0.1552745627218293,0,0,2.074009900990099,14.744303158993786,CDCA5;NCAPG2;KIF14;CDCA8;NCAPG;KIF11;SMC4;NCAPH;CCNB1;CHEK2;CEP55;DLGAP5;SPAG5;PLK1;KIF23;KNSTRN;NDC80;ZWINT;SGO1;TPX2;CENPE;KIF18A;KIF18B;PSRC1;ESPL1;KIFC1;CENPI;PRC1;CENPK;KIF2C;NCAPD2,Basal,Activated
GO_Biological_Process_2023,Regulation Of Attachment Of Spindle Microtubules To Kinetochore (GO:0051988),6/9,0.0008460287016216198,0.1552745627218293,0,0,10.668567807351078,75.47966139755786,CCNB1;RACGAP1;SPAG5;NEK2;ECT2;KNSTRN,Basal,Activated
GO_Biological_Process_2023,Positive Regulation Of Mitotic Sister Chromatid Separation (GO:1901970),8/15,0.0008719889434365012,0.1552745627218293,0,0,6.098740827973549,42.96400573170198,CDC20;ESPL1;UBE2C;INCENP;CDCA8;BIRC5;AURKB;DLGAP5,Basal,Activated
GO_Biological_Process_2023,Regulation Of Cyclin-Dependent Protein Kinase Activity (GO:1904029),18/53,0.0008796114167306971,0.1552745627218293,0,0,2.7485823336968376,19.339108636661408,BLM;CDKN2A;CCNF;CDC6;CDC25C;PKMYT1;CDC25A;CCNA2;CCNB3;CCNA1;CCNB2;CCNB1;CCNE2;CCNE1;CCNI2;CCNP;CDK5R2;CDKN3,Basal,Activated
GO_Biological_Process_2023,Mitotic Nuclear Division (GO:0140014),16/45,0.0009557777204873258,0.1602839237257245,0,0,2.9478483898546592,20.49634617314132,SPAG5;UBE2C;NCAPG2;PLK1;SMC4;KNSTRN;NDC80;ZWINT;SGO1;KIF18A;KIF18B;ESPL1;CENPI;KIFC1;UBE2S;CENPK,Basal,Activated
GO_Biological_Process_2023,Mitotic Spindle Organization (GO:0007052),25/85,0.0011283852193241,0.1802192393149074,0,0,2.228509191371799,15.124819851327484,GPSM2;CDCA8;TTK;KIF11;WDR62;AURKB;AURKA;CCNB1;CHEK2;NUF2;STMN1;DLGAP5;STIL;PLK1;KIF23;NDC80;CENPE;TPX2;INCENP;KIFC1;KIF4B;PRC1;KIF4A;BIRC5;SPC25,Basal,Activated
GO_Biological_Process_2023,G2/M Transition Of Mitotic Cell Cycle (GO:0000086),14/38,0.0013181837947206,0.200963111249692,0,0,3.1156819144430328,20.661645870974024,BRSK2;PLK1;FOXM1;PKMYT1;CDC25C;MASTL;CDC25A;AURKA;CDC25B;CCNA2;CCNB1;MELK;CHEK2;CDK1,Basal,Activated
GO_Biological_Process_2023,Mitotic DNA Replication (GO:1902969),6/10,0.0018317573172241,0.2671180018247752,0,0,8.000950570342205,50.425826872238325,GINS1;MCM3;MCM4;MCM6;TK1;MCM2,Basal,Activated
GO_Biological_Process_2023,Regulation Of DNA-templated DNA Replication (GO:0090329),8/17,0.0024480328076753,0.3421125848726356,0,0,4.742901430282534,28.51655499371212,CDT1;BLM;MCM7;MCM3;MCM4;MCM6;TICRR;MCM2,Basal,Activated
GO_Biological_Process_2023,Positive Regulation Of G2/M Transition Of Mitotic Cell Cycle (GO:0010971),9/21,0.00291739406343,0.3875350152945738,0,0,4.002378686964796,23.362142570043247,CCNB1;CDK1;CDC7;FBXO5;CDC25C;CDC25A;PHOX2B;CDC25B;TNFSF13B,Basal,Activated
GO_Biological_Process_2023,Centromere Complex Assembly (GO:0034508),7/14,0.0030041474053842,0.3875350152945738,0,0,5.334706814580032,30.982704726578973,CENPE;CENPF;CENPW;CENPI;HJURP;OIP5;DLGAP5,Basal,Activated
GO_Biological_Process_2023,Intermediate Filament Organization (GO:0045109),20/68,0.0033814552286668,0.4108207464759744,0,0,2.226554211754721,12.667866903188813,KRT81;KRT3;KRT2;KRT79;KRT23;KRT34;KRT78;KRT77;KRT75;KRT86;KRT85;KRT72;KRT9;KRT83;KRT33B;KRT38;KRT16;INA;KRT6B;KRT6A,Basal,Activated
GO_Biological_Process_2023,Mitotic Cytokinesis (GO:0000281),18/59,0.0034296305609204,0.4108207464759744,0,0,2.345512939862223,13.311495995052812,PLK1;CKAP2;CDCA8;KIF23;CENPA;AURKB;CIT;ANLN;ESPL1;RACGAP1;INCENP;KIF4B;KIF4A;STMN1;BIRC5;KIF20A;ECT2;CEP55,Basal,Activated
GO_Biological_Process_2023,Positive Regulation Of Chromosome Segregation (GO:0051984),8/18,0.0038008604949431,0.4249362033346393,0,0,4.268357641090678,23.78554158052104,CCNB1;NCAPG2;CDK1;NCAPG;NCAPD2;CDC6;SMC4;NCAPH,Basal,Activated
GO_Biological_Process_2023,"Protein Localization To Chromosome, Centromeric Region (GO:0071459)",8/18,0.0038008604949431,0.4249362033346393,0,0,4.268357641090678,23.78554158052104,MTBP;H4C9;H2BC11;CDK1;TTK;KNL1;HASPIN;CENPA,Basal,Activated
GO_Biological_Process_2023,Positive Regulation Of Cell Cycle Process (GO:0090068),30/118,0.0046842282909855,0.5068032802569551,0,0,1.8231887843956809,9.77877167226479,GPSM2;FEN1;NCAPG2;KIF14;CDCA8;NCAPG;SMC4;NCAPH;AURKB;AURKA;RACGAP1;ECT2;E2F7;E2F8;PLK4;STIL;DMRT1;SPAG5;CDC7;KIF23;CDC6;NDC80;CDC25B;CIT;IL1A;DBF4;INCENP;BIRC5;NCAPD2;MAD2L1,Basal,Activated
GO_Biological_Process_2023,Positive Regulation Of DNA-directed DNA Polymerase Activity (GO:1900264),6/12,0.0060551321707025,0.5973209794275381,0,0,5.333333333333333,27.236528393910227,GINS1;GINS2;PCNA;RFC4;DSCC1;GINS4,Basal,Activated
GO_Biological_Process_2023,Regulation Of DNA-directed DNA Polymerase Activity (GO:1900262),6/12,0.0060551321707025,0.5973209794275381,0,0,5.333333333333333,27.236528393910227,GINS1;GINS2;PCNA;RFC4;DSCC1;GINS4,Basal,Activated
GO_Biological_Process_2023,Regulation Of DNA-templated DNA Replication Initiation (GO:0030174),6/12,0.0060551321707025,0.5973209794275381,0,0,5.333333333333333,27.236528393910227,MCM7;MCM3;MCM4;MCM6;MCM2;TICRR,Basal,Activated
GO_Biological_Process_2023,CENP-A Containing Chromatin Assembly (GO:0034080),4/6,0.0071478322348463,0.6308902451493357,0,0,10.662444585180491,52.68256454601556,CENPW;CENPI;HJURP;OIP5,Basal,Activated
GO_Biological_Process_2023,Chromatin Remodeling At Centromere (GO:0031055),4/6,0.0071478322348463,0.6308902451493357,0,0,10.662444585180491,52.68256454601556,CENPW;CENPI;HJURP;OIP5,Basal,Activated
GO_Biological_Process_2023,Negative Regulation Of Meiotic Nuclear Division (GO:0045835),4/6,0.0071478322348463,0.6308902451493357,0,0,10.662444585180491,52.68256454601556,FBXO5;HORMAD1;TRIP13;FBXO43,Basal,Activated
GO_Biological_Process_2023,Regulation Of Mitotic Cytokinesis (GO:1902412),4/6,0.0071478322348463,0.6308902451493357,0,0,10.662444585180491,52.68256454601556,INCENP;BIRC5;CDCA8;AURKB,Basal,Activated
GO_Biological_Process_2023,Chromosome Condensation (GO:0030261),11/32,0.0077528069442367,0.6667413972043595,0,0,2.795590213235405,13.585730639416449,TOP2A;H1-5;H1-6;CDCA5;H1-9P;PLK1;NCAPG;NCAPD2;H1-1;SMC4;NCAPH,Basal,Activated
GO_Biological_Process_2023,Positive Regulation Of Cell Cycle G2/M Phase Transition (GO:1902751),9/24,0.008299223064925,0.6930568022616059,0,0,3.2013320647002854,15.339481513022,CCNB1;CDK1;CDC7;FBXO5;CDC25C;CDC25A;PHOX2B;CDC25B;TNFSF13B,Basal,Activated
GO_Biological_Process_2023,DNA Duplex Unwinding (GO:0032508),13/41,0.0084720718225181,0.6930568022616059,0,0,2.47845120900059,11.824641627668456,GINS1;GINS2;BLM;MCM7;GINS4;HMGA1;RECQL4;CDC45;RAD51;MCM3;MCM4;MCM6;MCM2,Basal,Activated
GO_Biological_Process_2023,Antimicrobial Humoral Immune Response Mediated By Antimicrobial Peptide (GO:0061844),18/65,0.0103246684331483,0.7882748035529764,0,0,2.0453548806236803,9.35385632064168,PGLYRP4;CXCL9;PGLYRP3;CXCL8;REG1A;DEFB126;CXCL1;CXCL5;H2BC12;CXCL10;BPIFA1;CXCL11;H2BC11;DEFB4A;GAPDH;S100A9;KRT6A;S100A7,Basal,Activated
GO_Biological_Process_2023,Potassium Ion Import Across Plasma Membrane (GO:1990573),13/42,0.0105313824731337,0.7882748035529764,0,0,2.392845019217924,10.895570155368,HCN4;KCNH2;KCNJ4;KCNJ6;KCNJ10;KCNK9;KCNJ9;SLC12A1;ATP1A3;KCNJ18;ATP12A;ATP4B;SLC12A8,Basal,Activated
GO_Biological_Process_2023,Defense Response To Fungus (GO:0050832),10/29,0.01067457176335,0.7882748035529764,0,0,2.808409030189688,12.749870421351275,CLEC4D;NLRP10;CLEC7A;CLEC6A;IGF2BP1;IL36RN;DEFB4A;GAPDH;S100A9;S100A8,Basal,Activated
GO_Biological_Process_2023,DNA Replication Checkpoint Signaling (GO:0000076),7/17,0.0110165423582589,0.7882748035529764,0,0,3.733629160063392,16.832534223574168,CDT1;CDC45;ORC1;CDC6;CLSPN;DNA2;TICRR,Basal,Activated
GO_Biological_Process_2023,Regulation Of Mitotic Cell Cycle Spindle Assembly Checkpoint (GO:0090266),7/17,0.0110165423582589,0.7882748035529764,0,0,3.733629160063392,16.832534223574168,CCNB1;INCENP;CDCA8;BIRC5;AURKB;NDC80;MAD2L1,Basal,Activated
GO_Biological_Process_2023,DNA Replication Initiation (GO:0006270),8/21,0.0113717491435686,0.7882748035529764,0,0,3.2827666943075946,14.695709361951495,PRIM2;CDC45;ORC6;MCM7;ORC1;MCM3;MCM10;MCM2,Basal,Activated
GO_Biological_Process_2023,Epidermis Development (GO:0008544),22/85,0.0113786981920564,0.7882748035529764,0,0,1.8655848751390152,8.350380756773088,KRTDAP;SPRR2E;SPRR2G;WNT10A;CALML5;CRABP2;KRT2;KRT34;KLK14;GRHL3;PLOD1;HOXB13;KRT85;KRT9;KRT83;CASP14;SCEL;GJB5;SPRR1A;SPRR1B;S100A7;SPRR2D,Basal,Activated
GO_Biological_Process_2023,Antimicrobial Humoral Response (GO:0019730),25/100,0.0115162389308574,0.7882748035529764,0,0,1.7812134735947296,7.951331885196285,PGLYRP4;IGHM;PGLYRP3;CXCL9;CXCL8;REG1A;DEFB126;CXCL1;CXCL5;BPIFA1;IL36RN;PI3;PRSS3;SPRR2A;PRSS2;KRT6A;H2BC12;CXCL10;CXCL11;SLPI;H2BC11;DEFB4A;S100A9;GAPDH;S100A7,Basal,Activated
GO_Biological_Process_2023,Kinetochore Organization (GO:0051383),5/10,0.0123441936315357,0.7962004892340542,0,0,5.331960722204625,23.43167184639736,CENPE;CENPF;CENPW;NUF2;DLGAP5,Basal,Activated
GO_Biological_Process_2023,Positive Regulation Of DNA-templated DNA Replication (GO:2000105),5/10,0.0123441936315357,0.7962004892340542,0,0,5.331960722204625,23.43167184639736,CDT1;DBF4;CDC7;E2F7;E2F8,Basal,Activated
GO_Biological_Process_2023,Regulation Of Mitotic Sister Chromatid Separation (GO:0010965),5/10,0.0123441936315357,0.7962004892340542,0,0,5.331960722204625,23.43167184639736,CCNB1;INCENP;BIRC5;CDCA8;AURKB,Basal,Activated
GO_Biological_Process_2023,Neuron Fate Specification (GO:0048665),4/7,0.0145966952499914,0.8742377833655577,0,0,7.107874181971712,30.04470076651164,ISL2;POU3F2;POU4F1;MNX1,Basal,Activated
GO_Biological_Process_2023,Positive Regulation Of Chromosome Condensation (GO:1905821),4/7,0.0145966952499914,0.8742377833655577,0,0,7.107874181971712,30.04470076651164,NCAPG2;NCAPG;SMC4;NCAPH,Basal,Activated
GO_Biological_Process_2023,Regulation Of Chromosome Condensation (GO:0060623),4/7,0.0145966952499914,0.8742377833655577,0,0,7.107874181971712,30.04470076651164,NCAPG2;NCAPG;SMC4;NCAPH,Basal,Activated
GO_Biological_Process_2023,Tryptophan Catabolic Process (GO:0006569),4/7,0.0145966952499914,0.8742377833655577,0,0,7.107874181971712,30.04470076651164,IL4I1;TDO2;IDO2;IDO1,Basal,Activated
GO_Biological_Process_2023,Neuron Fate Commitment (GO:0048663),7/18,0.015608348982928,0.9069323708196426,0,0,3.3940066272871343,14.11889554998049,ATOH7;ISL2;PAX6;BHLHA15;EPOP;POU3F2;POU4F1,Basal,Activated
GO_Biological_Process_2023,Mitotic Spindle Assembly (GO:0090307),13/44,0.0157961619986337,0.9069323708196426,0,0,2.238201579610527,9.284033920358407,CDCA8;KIF23;KIF11;AURKB;TPX2;RACGAP1;INCENP;KIF4B;KIFC1;PRC1;CHEK2;KIF4A;BIRC5,Basal,Activated
GO_Biological_Process_2023,Regulation Of G2/M Transition Of Mitotic Cell Cycle (GO:0010389),11/35,0.0159537894688011,0.9069323708196426,0,0,2.445705067174442,10.120471604635064,CCNB1;CENPF;KIF14;CDK1;CDC7;FBXO5;CDC25C;CDC25A;PHOX2B;TNFSF13B;CDC25B,Basal,Activated
GO_Biological_Process_2023,DNA Replication (GO:0006260),19/73,0.0168151784356418,0.9399684745523766,0,0,1.878931429042788,7.676324227506829,WDHD1;FEN1;BLM;RFC4;RNASEH2A;MCM7;DONSON;TICRR;RECQL4;FAM111B;POLE2;CHEK1;PCLAF;CDK1;MCM4;CDK2AP1;DNA2;MCM6;MCM2,Basal,Activated
GO_Biological_Process_2023,Regulation Of Cyclin-Dependent Protein Serine/Threonine Kinase Activity (GO:0000079),20/79,0.0194404098097353,0.9999962554776264,0,0,1.810247170645924,7.133100484517141,BLM;CDKN2A;CCNF;PLK1;CDC6;CDC25C;PKMYT1;CDC25A;CCNA2;CCNB3;CCNA1;CCNB2;CCNB1;PSRC1;CCNE2;CCNE1;CCNI2;CCNP;CDK5R2;CDKN3,Basal,Activated
GO_Biological_Process_2023,Positive Regulation Of Mitotic Cell Cycle Spindle Assembly Checkpoint (GO:0090267),5/11,0.0197210642755014,0.9999962554776264,0,0,4.443036638158589,17.443663798702413,INCENP;BIRC5;CDCA8;NDC80;MAD2L1,Basal,Activated
GO_Biological_Process_2023,Positive Regulation Of Spindle Checkpoint (GO:0090232),5/11,0.0197210642755014,0.9999962554776264,0,0,4.443036638158589,17.443663798702413,INCENP;BIRC5;CDCA8;NDC80;MAD2L1,Basal,Activated
GO_Biological_Process_2023,Regulation Of Nuclear Division (GO:0051783),7/19,0.0214085498937884,0.9999962554776264,0,0,3.110987849973587,11.958528127615011,CDCA2;NEK2;FBXO5;CDC25C;FBXO43;MKI67;PKMYT1,Basal,Activated
GO_Biological_Process_2023,Mitotic Chromosome Condensation (GO:0007076),6/15,0.0214514099889991,0.9999962554776264,0,0,3.5549218419940853,13.657884946349936,CDCA5;PLK1;NCAPG;NCAPD2;SMC4;NCAPH,Basal,Activated
GO_Biological_Process_2023,Cellular Component Disassembly (GO:0022411),13/46,0.0228536081045788,0.9999962554776264,0,0,2.1023027993494807,7.943858631565885,PRSS1;MMP7;MMP1;PLAAT1;PLG;CTSV;MMP8;MMP9;MMP12;MMP11;MMP13;ADAM8;PRSS2,Basal,Activated
GO_Biological_Process_2023,Metaphase Plate Congression (GO:0051310),14/51,0.0238405228124551,0.9999962554776264,0,0,2.019420309763385,7.545298447741169,CDCA5;KIF14;CDCA8;NDC80;CENPE;CCNB1;CENPF;KIF18A;PSRC1;INCENP;KIFC1;KIF2C;FAM83D;CEP55,Basal,Activated
GO_Biological_Process_2023,Cytoskeleton-Dependent Cytokinesis (GO:0061640),20/81,0.0252035366022316,0.9999962554776264,0,0,1.7506861036616543,6.443874558096788,ROPN1B;PLK1;CKAP2;CDCA8;KIF23;SEPTIN3;CENPA;AURKB;CIT;ANLN;ESPL1;RACGAP1;INCENP;KIF4B;KIF4A;STMN1;BIRC5;KIF20A;ECT2;CEP55,Basal,Activated
GO_Biological_Process_2023,Positive Regulation Of Ubiquitin Protein Ligase Activity (GO:1904668),4/8,0.0255731974672365,0.9999962554776264,0,0,5.330588980367321,19.54306102390584,CDC20;UBE2C;UBE2S;PLK1,Basal,Activated
GO_Biological_Process_2023,DNA Strand Elongation (GO:0022616),5/12,0.0294824614253274,0.9999962554776264,0,0,3.808090863839993,13.419558815769433,RFC4;MCM7;TERT;MCM3;MCM4,Basal,Activated
GO_Biological_Process_2023,DNA Strand Elongation Involved In DNA Replication (GO:0006271),5/12,0.0294824614253274,0.9999962554776264,0,0,3.808090863839993,13.419558815769433,PCNA;RFC4;MCM7;MCM3;MCM4,Basal,Activated
GO_Biological_Process_2023,Attachment Of Mitotic Spindle Microtubules To Kinetochore (GO:0051315),5/12,0.0294824614253274,0.9999962554776264,0,0,3.808090863839993,13.419558815769433,CDT1;CENPE;NUF2;KIF2C;NDC80,Basal,Activated
GO_Biological_Process_2023,Mitotic DNA Integrity Checkpoint Signaling (GO:0044774),5/12,0.0294824614253274,0.9999962554776264,0,0,3.808090863839993,13.419558815769433,STK33;ORC1;CHEK2;CLSPN;TICRR,Basal,Activated
GO_Biological_Process_2023,Regulation Of Chromosome Separation (GO:1905818),5/12,0.0294824614253274,0.9999962554776264,0,0,3.808090863839993,13.419558815769433,NCAPG2;NCAPG;NCAPD2;SMC4;NCAPH,Basal,Activated
GO_Biological_Process_2023,Nuclear Chromosome Segregation (GO:0098813),6/16,0.0298292721834761,0.9999962554776264,0,0,3.1992395437262355,11.236577330589462,TOP2A;CENPF;INCENP;KIF2C;FAM83D;NDC80,Basal,Activated
GO_Biological_Process_2023,Centromeric Sister Chromatid Cohesion (GO:0070601),3/5,0.0307206260691803,0.9999962554776264,0,0,7.994301994301995,27.84272279458144,SGO1;BUB1B;BUB1,Basal,Activated
GO_Biological_Process_2023,Mesodermal Cell Fate Commitment (GO:0001710),3/5,0.0307206260691803,0.9999962554776264,0,0,7.994301994301995,27.84272279458144,SIX2;TRIM15;HOXA11,Basal,Activated
GO_Biological_Process_2023,Positive Regulation Of Mitotic Cytokinesis (GO:1903490),3/5,0.0307206260691803,0.9999962554776264,0,0,7.994301994301995,27.84272279458144,INCENP;BIRC5;CDCA8,Basal,Activated
GO_Biological_Process_2023,Neuropeptide Signaling Pathway (GO:0007218),17/68,0.0331792791139797,0.9999962554776264,0,0,1.779226285108638,6.059741762169121,NPSR1;OPRD1;GPR37;NXPH4;ECEL1;OPRK1;GPR84;SORCS3;MCHR2;HCRTR2;GLRA2;GAL;NPBWR1;NPY;NMU;NTSR1;NTSR2,Basal,Activated
GO_Biological_Process_2023,Negative Regulation Of Cell Cycle Process (GO:0010948),10/34,0.033232991280882,0.9999962554776264,0,0,2.222662859560068,7.566415985630113,DMRT1;ESPL1;CHEK1;NEK2;FBXO5;FBXO43;HLA-G;AURKB;E2F7;E2F8,Basal,Activated
GO_Biological_Process_2023,Positive Regulation Of Mitotic Cell Cycle Phase Transition (GO:1901992),16/63,0.0332368430754214,0.9999962554776264,0,0,1.8169374146163315,6.18502990711351,STIL;RRM2;UBE2C;CDCA5;CDC7;CDC25C;CDC25A;PHOX2B;TNFSF13B;CDC25B;CDC20;CCNB1;ESPL1;CDK1;FBXO5;DLGAP5,Basal,Activated
GO_Biological_Process_2023,Extracellular Matrix Disassembly (GO:0022617),12/44,0.0366068413326846,0.9999962554776264,0,0,2.000714285714286,6.617402783150589,MMP12;MMP11;PRSS1;MMP7;MMP13;MMP1;PLG;ADAM8;CTSV;MMP8;PRSS2;MMP9,Basal,Activated
GO_Biological_Process_2023,Mitotic G2 DNA Damage Checkpoint Signaling (GO:0007095),9/30,0.0375306867788378,0.9999962554776264,0,0,2.2858502106837024,7.503523596044713,BLM;DEPDC1B;CHEK1;PLK1;DONSON;CDK1;CLSPN;TNFSF13B;TICRR,Basal,Activated
GO_Biological_Process_2023,Regulation Of Ubiquitin Protein Ligase Activity (GO:1904666),6/17,0.0400907741295168,0.9999962554776264,0,0,2.908226754234359,9.354628475959958,CDC20;UBE2C;UBE2S;PLK1;FBXO5;MAD2L1,Basal,Activated
GO_Biological_Process_2023,Kinetochore Assembly (GO:0051382),4/9,0.0403614057794915,0.9999962554776264,0,0,4.264217859404687,13.687632966016418,CENPE;CENPF;CENPW;DLGAP5,Basal,Activated
GO_Biological_Process_2023,Negative Regulation Of Protein Maturation (GO:1903318),4/9,0.0403614057794915,0.9999962554776264,0,0,4.264217859404687,13.687632966016418,SERPINE2;NLRP7;CHAC1;MAGEA3,Basal,Activated
GO_Biological_Process_2023,Positive Regulation Of RNA Biosynthetic Process (GO:1902680),4/9,0.0403614057794915,0.9999962554776264,0,0,4.264217859404687,13.687632966016418,TOP2A;GINS2;PRIM2;GINS4,Basal,Activated
GO_Biological_Process_2023,Negative Regulation Of T Cell Differentiation (GO:0045581),5/13,0.0418119259190437,0.9999962554776264,0,0,3.331881533101045,10.577303390127872,LAG3;IFNL1;IFNB1;MDK;FOXJ1,Basal,Activated
GO_Biological_Process_2023,Mitotic Metaphase Plate Congression (GO:0007080),13/50,0.0435604469511642,0.9999962554776264,0,0,1.8745805189120528,5.874196237381608,CDT1;CDCA5;KIF14;CDCA8;NDC80;CENPE;CCNB1;KIF18A;PSRC1;KIFC1;NUF2;KIF2C;CEP55,Basal,Activated
GO_Biological_Process_2023,Enteric Nervous System Development (GO:0048484),3/6,0.0542934595139406,0.9999962554776264,0,0,5.329218106995885,15.52588562040077,GDNF;SOX8;PHOX2B,Basal,Activated
GO_Biological_Process_2023,Positive Regulation Of Spindle Assembly (GO:1905832),3/6,0.0542934595139406,0.9999962554776264,0,0,5.329218106995885,15.52588562040077,GPSM2;STIL;SPAG5,Basal,Activated
GO_Biological_Process_2023,Establishment Of Chromosome Localization (GO:0051303),5/14,0.0568081480640626,0.9999962554776264,0,0,2.961496498081864,8.493795584166989,CENPF;INCENP;KIF2C;FAM83D;NDC80,Basal,Activated
GO_Biological_Process_2023,"Synaptic Transmission, GABAergic (GO:0051932)",5/14,0.0568081480640626,0.9999962554776264,0,0,2.961496498081864,8.493795584166989,GABBR2;GABRA1;GABRA5;GABRA3;GABRG2,Basal,Activated
GO_Biological_Process_2023,Cellular Response To Type III Interferon (GO:0071358),4/10,0.0590395702199907,0.9999962554776264,0,0,3.5533037787629302,10.05424139110458,IFNL2;IFNL1;IFNL4;IFNL3,Basal,Activated
GO_Biological_Process_2023,Columnar/Cuboidal Epithelial Cell Differentiation (GO:0002065),4/10,0.0590395702199907,0.9999962554776264,0,0,3.5533037787629302,10.05424139110458,NPY;GATA5;SOX11;ROS1,Basal,Activated
GO_Biological_Process_2023,Negative Regulation Of Nuclear Division (GO:0051784),4/10,0.0590395702199907,0.9999962554776264,0,0,3.5533037787629302,10.05424139110458,DMRT1;CHEK1;FBXO5;FBXO43,Basal,Activated
GO_Biological_Process_2023,Positive Regulation Of Attachment Of Spindle Microtubules To Kinetochore (GO:0051987),4/10,0.0590395702199907,0.9999962554776264,0,0,3.5533037787629302,10.05424139110458,CCNB1;INCENP;BIRC5;CDCA8,Basal,Activated
GO_Biological_Process_2023,Protein Localization To Condensed Chromosome (GO:1903083),4/10,0.0590395702199907,0.9999962554776264,0,0,3.5533037787629302,10.05424139110458,MTBP;CDK1;TTK;KNL1,Basal,Activated
GO_Biological_Process_2023,Regulation Of Cysteine-Type Endopeptidase Activity Involved In Apoptotic Signaling Pathway (GO:2001267),4/10,0.0590395702199907,0.9999962554776264,0,0,3.5533037787629302,10.05424139110458,PRR7;PLAUR;MMP9;ST18,Basal,Activated
GO_Biological_Process_2023,Type III Interferon-Mediated Signaling Pathway (GO:0038196),4/10,0.0590395702199907,0.9999962554776264,0,0,3.5533037787629302,10.05424139110458,IFNL2;IFNL1;IFNL4;IFNL3,Basal,Activated
GO_Biological_Process_2023,Positive Regulation Of Chromosome Organization (GO:2001252),9/33,0.0654149701910509,0.9999962554776264,0,0,1.9997621313035203,5.453359620497232,FEN1;SHCBP1L;NCAPG2;CDK1;NCAPG;NCAPD2;SMC4;AURKB;NCAPH,Basal,Activated
GO_Biological_Process_2023,Negative Regulation Of Viral Genome Replication (GO:0045071),13/53,0.0658699077618062,0.9999962554776264,0,0,1.733677357891394,4.715729971614378,RSAD2;IFNB1;MX1;HMGA2;ISG15;TNF;OASL;SRPK1;IFIH1;SLPI;IFNL3;APOBEC3A;APOBEC3B,Basal,Activated
GO_Biological_Process_2023,piRNA Processing (GO:0034587),6/19,0.0666043728033541,0.9999962554776264,0,0,2.4605147704007018,6.665497718190106,ANKRD34B;PNLDC1;ASZ1;MAEL;TDRD12;TEX15,Basal,Activated
GO_Biological_Process_2023,Positive Regulation Of Cytokinesis (GO:0032467),10/39,0.0773700271209271,0.9999962554776264,0,0,1.838898127078593,4.70602684408953,RACGAP1;INCENP;KIF14;CDCA8;BIRC5;KIF23;CDC6;ECT2;CDC25B;CIT,Basal,Activated
GO_Biological_Process_2023,Cellular Response To Acetylcholine (GO:1905145),4/11,0.0815073082410425,0.9999962554776264,0,0,3.045508006875961,7.635279194892675,CHRM3;CHRND;SLURP2;LYPD1,Basal,Activated
GO_Biological_Process_2023,Positive Regulation Of Metaphase/Anaphase Transition Of Cell Cycle (GO:1902101),4/11,0.0815073082410425,0.9999962554776264,0,0,3.045508006875961,7.635279194892675,CDC20;ESPL1;UBE2C;DLGAP5,Basal,Activated
GO_Biological_Process_2023,Positive Regulation Of Mitotic Metaphase/Anaphase Transition (GO:0045842),4/11,0.0815073082410425,0.9999962554776264,0,0,3.045508006875961,7.635279194892675,CDC20;ESPL1;UBE2C;DLGAP5,Basal,Activated
GO_Biological_Process_2023,Protein Localization To Kinetochore (GO:0034501),4/11,0.0815073082410425,0.9999962554776264,0,0,3.045508006875961,7.635279194892675,MTBP;CDK1;TTK;KNL1,Basal,Activated
GO_Biological_Process_2023,Tyrosine Metabolic Process (GO:0006570),4/11,0.0815073082410425,0.9999962554776264,0,0,3.045508006875961,7.635279194892675,IL4I1;OCA2;TH;FANCA,Basal,Activated
GO_Biological_Process_2023,Gamma-Aminobutyric Acid Signaling Pathway (GO:0007214),6/20,0.0829145922504239,0.9999962554776264,0,0,2.284627919608908,5.688596060457031,GABBR2;GABRA1;GABRA5;GABRA3;GPR156;GABRG2,Basal,Activated
GO_Biological_Process_2023,Regulation Of Spindle Organization (GO:0090224),6/20,0.0829145922504239,0.9999962554776264,0,0,2.284627919608908,5.688596060457031,GPSM2;TPX2;STIL;PSRC1;TACC3;FSD1,Basal,Activated
GO_Biological_Process_2023,Aromatic Amino Acid Transport (GO:0015801),3/7,0.0840660650892771,0.9999962554776264,0,0,3.99667616334283,9.896378874621346,SLC7A5;SLC38A3;SLC38A5,Basal,Activated
GO_Biological_Process_2023,Positive Regulation Of Attachment Of Mitotic Spindle Microtubules To Kinetochore (GO:1902425),3/7,0.0840660650892771,0.9999962554776264,0,0,3.99667616334283,9.896378874621346,INCENP;BIRC5;CDCA8,Basal,Activated
GO_Biological_Process_2023,Positive Regulation Of Steroid Biosynthetic Process (GO:0010893),3/7,0.0840660650892771,0.9999962554776264,0,0,3.99667616334283,9.896378874621346,IFNG;CGA;TNF,Basal,Activated
GO_Biological_Process_2023,Positive Regulation Of Tooth Mineralization (GO:0070172),3/7,0.0840660650892771,0.9999962554776264,0,0,3.99667616334283,9.896378874621346,WNT6;AMTN;ODAPH,Basal,Activated
GO_Biological_Process_2023,Regulation Of Attachment Of Mitotic Spindle Microtubules To Kinetochore (GO:1902423),3/7,0.0840660650892771,0.9999962554776264,0,0,3.99667616334283,9.896378874621346,INCENP;BIRC5;CDCA8,Basal,Activated
GO_Biological_Process_2023,Regulation Of Protein Localization To Cell Cortex (GO:1904776),3/7,0.0840660650892771,0.9999962554776264,0,0,3.99667616334283,9.896378874621346,GPSM2;SAPCD2;PLK1,Basal,Activated
GO_Biological_Process_2023,Tryptophan Metabolic Process (GO:0006568),3/7,0.0840660650892771,0.9999962554776264,0,0,3.99667616334283,9.896378874621346,IL4I1;IDO2;IDO1,Basal,Activated
GO_Biological_Process_2023,Mitotic DNA Damage Checkpoint Signaling (GO:0044773),13/56,0.0946375457721784,0.9999962554776264,0,0,1.6124351030596646,3.8016398418499056,BLM;PLK1;DONSON;TNFSF13B;TICRR;DEPDC1B;STK33;EME1;FANCD2;CHEK2;CHEK1;CDK1;CLSPN,Basal,Activated
GO_Biological_Process_2023,Mitotic G2/M Transition Checkpoint (GO:0044818),11/46,0.0998707182137852,0.9999962554776264,0,0,1.6759577458403228,3.861203431957633,BLM;DEPDC1B;ORC1;CHEK1;PLK1;DONSON;CDK1;CLSPN;CDC6;TNFSF13B;TICRR,Basal,Activated
GO_Biological_Process_2023,Negative Regulation Of DNA Recombination (GO:0045910),10/41,0.1020452249575463,0.9999962554776264,0,0,1.7200548550843295,3.925748590992784,H1-5;POLQ;BLM;RMI2;PARPBP;H1-6;H1-9P;CGAS;FANCB;H1-1,Basal,Activated
GO_Biological_Process_2023,L-amino Acid Transport (GO:0015807),7/26,0.1039440725927791,0.9999962554776264,0,0,1.964017015597631,4.4463426153185495,SLC7A5;SLC6A17;SLC6A9;SLC17A6;SLC7A11;SLC38A3;SLC38A5,Basal,Activated
GO_Biological_Process_2023,Chemokine-Mediated Signaling Pathway (GO:0070098),13/57,0.1057050245462218,0.9999962554776264,0,0,1.5756950258379283,3.5407487853722226,CCL25;CXCL9;FOXC1;CXCL8;CCL11;CCL20;CXCL1;CXCL5;CXCL10;CXCL11;CCL7;TFF2;CCL1,Basal,Activated
GO_Biological_Process_2023,Atrial Cardiac Muscle Tissue Development (GO:0003228),4/12,0.1075197486636128,0.9999962554776264,0,0,2.6646611779607348,5.942409571031132,HCN4;GJB6;NKX2-5;MYH6,Basal,Activated
GO_Biological_Process_2023,Endochondral Bone Morphogenesis (GO:0060350),4/12,0.1075197486636128,0.9999962554776264,0,0,2.6646611779607348,5.942409571031132,FOXC1;DLX5;SCX;HOXA11,Basal,Activated
GO_Biological_Process_2023,Histone Monoubiquitination (GO:0010390),4/12,0.1075197486636128,0.9999962554776264,0,0,2.6646611779607348,5.942409571031132,DEPDC1B;RAD51;UHRF1;BRCA2,Basal,Activated
GO_Biological_Process_2023,DNA Integrity Checkpoint Signaling (GO:0031570),10/42,0.1159086000578789,0.9999962554776264,0,0,1.666203997461929,3.590591851109892,H2AX;CDT1;CDC45;CHEK2;CHEK1;E2F1;DONSON;CLSPN;CDC6;DNA2,Basal,Activated
GO_Biological_Process_2023,Microtubule Depolymerization (GO:0007019),5/17,0.1175746974533361,0.9999962554776264,0,0,2.220726428043501,4.753867813135981,KIF18A;KIF18B;STMN1;KIF14;KIF2C,Basal,Activated
GO_Biological_Process_2023,Regulation Of Single Stranded Viral RNA Replication Via Double Stranded DNA Intermediate (GO:0045091),5/17,0.1175746974533361,0.9999962554776264,0,0,2.220726428043501,4.753867813135981,TOP2A;CXCL8;HMGA2;APOBEC3A;APOBEC3B,Basal,Activated
GO_Biological_Process_2023,Regulation Of Cell Cycle Process (GO:0010564),26/130,0.1182049180668278,0.9999962554776264,0,0,1.3340242346938775,2.8485893954021537,CDCA2;KIF11;MKI67;FBXO43;PKMYT1;AURKB;AURKA;RACGAP1;CHEK1;SIX3;NEK2;FBXO5;FSD1;ECT2;BUB1;ACTL6B;SPAG5;PLK1;HMGA2;CDC25C;KNSTRN;DBF4;PRC1;KIF2C;KIF20A;MCM2,Basal,Activated
GO_Biological_Process_2023,Adult Heart Development (GO:0007512),3/8,0.1191618101843713,0.9999962554776264,0,0,3.197150997150997,6.801212865417737,NKX2-5;MYH6;MYH7,Basal,Activated
GO_Biological_Process_2023,Dehydroascorbic Acid Transport (GO:0070837),3/8,0.1191618101843713,0.9999962554776264,0,0,3.197150997150997,6.801212865417737,SLC2A14;SLC2A1;SLC2A6,Basal,Activated
GO_Biological_Process_2023,Endochondral Ossification (GO:0001958),3/8,0.1191618101843713,0.9999962554776264,0,0,3.197150997150997,6.801212865417737,FOXC1;DLX5;SCX,Basal,Activated
GO_Biological_Process_2023,Glucosamine-Containing Compound Catabolic Process (GO:1901072),3/8,0.1191618101843713,0.9999962554776264,0,0,3.197150997150997,6.801212865417737,CHIA;CHI3L2;CHI3L1,Basal,Activated
GO_Biological_Process_2023,Kynurenine Metabolic Process (GO:0070189),3/8,0.1191618101843713,0.9999962554776264,0,0,3.197150997150997,6.801212865417737,TDO2;IDO2;IDO1,Basal,Activated
GO_Biological_Process_2023,Proline Transport (GO:0015824),3/8,0.1191618101843713,0.9999962554776264,0,0,3.197150997150997,6.801212865417737,SLC7A5;SLC6A17;SLC6A15,Basal,Activated
GO_Biological_Process_2023,Regulation Of Mitotic Centrosome Separation (GO:0046602),3/8,0.1191618101843713,0.9999962554776264,0,0,3.197150997150997,6.801212865417737,CHEK1;NEK2;KIF11,Basal,Activated
GO_Biological_Process_2023,Regulation Of Mitotic Sister Chromatid Segregation (GO:0033047),3/8,0.1191618101843713,0.9999962554776264,0,0,3.197150997150997,6.801212865417737,CCNB1;CDK1;AURKB,Basal,Activated
GO_Biological_Process_2023,Regulation Of Sister Chromatid Cohesion (GO:0007063),3/8,0.1191618101843713,0.9999962554776264,0,0,3.197150997150997,6.801212865417737,FEN1;ESPL1;BUB1,Basal,Activated
GO_Biological_Process_2023,Tetrahydrofolate Interconversion (GO:0035999),3/8,0.1191618101843713,0.9999962554776264,0,0,3.197150997150997,6.801212865417737,MTHFD1L;MTHFD2;TYMS,Basal,Activated
GO_Biological_Process_2023,Homologous Chromosome Segregation (GO:0045143),6/22,0.1214641739165127,0.9999962554776264,0,0,1.9988117870722435,4.213766934775761,MAJIN;PTTG1;FANCD2;KASH5;MND1;PTTG3P,Basal,Activated
GO_Biological_Process_2023,Regulation Of Neural Precursor Cell Proliferation (GO:2000177),6/22,0.1214641739165127,0.9999962554776264,0,0,1.9988117870722435,4.213766934775761,TRIM71;MDK;TAFA3;SIX3;FZD9;SHCBP1,Basal,Activated
GO_Biological_Process_2023,Peptide Cross-Linking (GO:0018149),7/27,0.1221297855962081,0.9999962554776264,0,0,1.8657052297939776,3.922964250150044,SPRR2E;KRT2;F13B;PI3;SPRR1A;IVL;SPRR1B,Basal,Activated
GO_Biological_Process_2023,Cellular Response To Chemokine (GO:1990869),13/59,0.1300446939297492,0.9999962554776264,0,0,1.5070070553798998,3.074109163953529,CCL25;CXCL9;FOXC1;CXCL8;CCL11;CCL20;CXCL1;CXCL5;CXCL10;CXCL11;CCL7;TFF2;CCL1,Basal,Activated
GO_Biological_Process_2023,protein-DNA Complex Assembly (GO:0065004),13/59,0.1300446939297492,0.9999962554776264,0,0,1.5070070553798998,3.074109163953529,H2AX;H2BC9;H4C9;H2BC3;H2BC17;H2BC13;CHAF1B;H2BC14;RAD51;H3C14;H2BC11;H3C1;ASF1B,Basal,Activated
GO_Biological_Process_2023,Neutrophil Chemotaxis (GO:0030593),15/70,0.1313456619341433,0.9999962554776264,0,0,1.4544587919230436,2.952439049077632,CCL25;CXCL9;CXCL8;EDN2;CCL11;CCL20;CXCL1;TREM1;CXCL5;CXCL10;CXCL11;CCL7;CCL1;S100A9;S100A8,Basal,Activated
GO_Biological_Process_2023,Nucleosome Assembly (GO:0006334),12/54,0.1354293717589472,0.9999962554776264,0,0,1.5234467120181403,3.045834653232086,H2AX;H2BC9;H2BC13;CHAF1B;H2BC14;H4C9;H3C14;H2BC3;H2BC11;H3C1;H2BC17;ASF1B,Basal,Activated
GO_Biological_Process_2023,Sodium-Independent Organic Anion Transport (GO:0043252),4/13,0.1367232387815061,0.9999962554776264,0,0,2.368446977693336,4.712727628147958,SLCO1B3;SLCO4C1;SLCO5A1;SLCO6A1,Basal,Activated
GO_Biological_Process_2023,Positive Regulation Of Monocyte Chemotaxis (GO:0090026),5/18,0.1426680520017132,0.9999962554776264,0,0,2.049779488803879,3.991401669693179,CXCL10;CXCL17;CCL1;S100A14;S100A7,Basal,Activated
GO_Biological_Process_2023,Regulation Of Nervous System Process (GO:0031644),5/18,0.1426680520017132,0.9999962554776264,0,0,2.049779488803879,3.991401669693179,HTR2C;DLGAP3;NPTX2;TYMP;CACNG5,Basal,Activated
GO_Biological_Process_2023,Endocrine System Development (GO:0035270),6/23,0.1435168395583427,0.9999962554776264,0,0,1.881122791321852,3.6518291334891626,SOX2;MDK;WT1;SIX3;NKX2-1;NKX2-5,Basal,Activated
GO_Biological_Process_2023,Regulation Of DNA Recombination (GO:0000018),10/44,0.1465891529003886,0.9999962554776264,0,0,1.568005374738728,3.010760806117397,RAD51AP1;H1-5;BLM;H1-6;RAD51;H1-9P;CHEK1;TEX15;KPNA2;H1-1,Basal,Activated
GO_Biological_Process_2023,Double-Strand Break Repair Via Homologous Recombination (GO:0000724),22/111,0.1514150972424269,0.9999962554776264,0,0,1.3185357475130608,2.4890397838044724,GINS2;BLM;FEN1;RMI2;MCM7;XRCC2;GINS4;TONSL;CDC7;FANCB;BRCA2;RAD54B;RAD51AP1;RECQL4;CDC45;RAD51;FSCN1;MCM3;MCM4;AUNIP;MCM6;MCM2,Basal,Activated
GO_Biological_Process_2023,Glial Cell Differentiation (GO:0010001),8/34,0.1577621283150682,0.9999962554776264,0,0,1.6401151163357883,3.0287462932263427,SOX2;BCAN;CDH2;NCAN;SOX8;HAPLN3;HAPLN1;PHOX2B,Basal,Activated
GO_Biological_Process_2023,Embryonic Eye Morphogenesis (GO:0048048),3/9,0.1585620291218909,0.9999962554776264,0,0,2.664134219689775,4.906294651936005,FBN2;TH;MFAP2,Basal,Activated
GO_Biological_Process_2023,Leucine Transport (GO:0015820),3/9,0.1585620291218909,0.9999962554776264,0,0,2.664134219689775,4.906294651936005,SLC7A5;SLC6A17;SLC6A15,Basal,Activated
GO_Biological_Process_2023,Mitotic DNA Replication Checkpoint Signaling (GO:0033314),3/9,0.1585620291218909,0.9999962554776264,0,0,2.664134219689775,4.906294651936005,ORC1;CLSPN;TICRR,Basal,Activated
GO_Biological_Process_2023,Positive Regulation Of Epidermis Development (GO:0045684),3/9,0.1585620291218909,0.9999962554776264,0,0,2.664134219689775,4.906294651936005,KRT2;TMEM79;SFN,Basal,Activated
GO_Biological_Process_2023,Protein Localization To Nuclear Envelope (GO:0090435),3/9,0.1585620291218909,0.9999962554776264,0,0,2.664134219689775,4.906294651936005,PLK1;LMNB2;LMNB1,Basal,Activated
GO_Biological_Process_2023,Regulation Of Animal Organ Morphogenesis (GO:2000027),3/9,0.1585620291218909,0.9999962554776264,0,0,2.664134219689775,4.906294651936005,SAPCD2;WT1;SIX2,Basal,Activated
GO_Biological_Process_2023,Regulation Of Postsynaptic Neurotransmitter Receptor Activity (GO:0098962),3/9,0.1585620291218909,0.9999962554776264,0,0,2.664134219689775,4.906294651936005,DLGAP3;NPTX2;CACNG5,Basal,Activated
GO_Biological_Process_2023,Chromosome Organization (GO:0051276),10/45,0.1633389098268273,0.9999962554776264,0,0,1.5231145757795503,2.759774000876997,TOP2A;H1-5;CENPW;H4C9;H1-6;H1-9P;NUF2;H3C1;CDCA8;H1-1,Basal,Activated
GO_Biological_Process_2023,Regulation Of Mitotic Nuclear Division (GO:0007088),12/56,0.164710548470052,0.9999962554776264,0,0,1.454025974025974,2.6224312243042083,IL1A;CCNB1;CDCA2;DMRT1;CHEK1;NEK2;FBXO5;MKI67;CDC25C;FBXO43;PKMYT1;AURKA,Basal,Activated
GO_Biological_Process_2023,Gliogenesis (GO:0042063),6/24,0.1672435784855871,0.9999962554776264,0,0,1.7765103506548374,3.1769405224435485,BCAN;CDH2;NCAN;HAPLN3;HAPLN1;PHOX2B,Basal,Activated
GO_Biological_Process_2023,Positive Regulation Of BMP Signaling Pathway (GO:0030513),6/24,0.1672435784855871,0.9999962554776264,0,0,1.7765103506548374,3.1769405224435485,CCNA2;SCUBE3;FOXD1;TBX20;SOX11;GDF5,Basal,Activated
GO_Biological_Process_2023,Regulation Of Neuroblast Proliferation (GO:1902692),6/24,0.1672435784855871,0.9999962554776264,0,0,1.7765103506548374,3.1769405224435485,BCAN;TAFA3;NCAN;SIX3;HAPLN3;HAPLN1,Basal,Activated
GO_Biological_Process_2023,Odontogenesis Of Dentin-Containing Tooth (GO:0042475),4/14,0.1686892845538221,0.9999962554776264,0,0,2.1314756174794174,3.793380355332649,WNT6;FOXC1;ODAM;AMTN,Basal,Activated
GO_Biological_Process_2023,Regulation Of Transposition (GO:0010528),4/14,0.1686892845538221,0.9999962554776264,0,0,2.1314756174794174,3.793380355332649,MYBL1;APOBEC3A;TEX19;APOBEC3B,Basal,Activated
GO_Biological_Process_2023,Granulocyte Chemotaxis (GO:0071621),15/73,0.1695563854966973,0.9999962554776264,0,0,1.3789816245356823,2.44709907626884,CCL25;CXCL9;CXCL8;EDN2;CCL11;CCL20;CXCL1;TREM1;CXCL5;CXCL10;CXCL11;CCL7;CCL1;S100A9;S100A8,Basal,Activated
GO_Biological_Process_2023,Establishment Of Skin Barrier (GO:0061436),5/19,0.1698336584721418,0.9999962554776264,0,0,1.9032535408842028,3.374346340121287,KRT16;STMN1;TMEM79;LSR;SFN,Basal,Activated
GO_Biological_Process_2023,Mitotic Sister Chromatid Cohesion (GO:0007064),5/19,0.1698336584721418,0.9999962554776264,0,0,1.9032535408842028,3.374346340121287,SGO1;CDCA5;DSCC1;ESCO2;HASPIN,Basal,Activated
GO_Biological_Process_2023,Regulatory ncRNA Processing (GO:0070918),8/35,0.1779114208809841,0.9999962554776264,0,0,1.579276169003499,2.726572118991848,TRIM71;ANKRD34B;TERT;PNLDC1;ASZ1;MAEL;TDRD12;TEX15,Basal,Activated
GO_Biological_Process_2023,DNA Replication-Dependent Chromatin Assembly (GO:0006335),2/5,0.179878756444901,0.9999962554776264,0,0,3.55168776371308,6.092821729530066,CHAF1B;ASF1B,Basal,Activated
GO_Biological_Process_2023,Ammonium Homeostasis (GO:0097272),2/5,0.179878756444901,0.9999962554776264,0,0,3.55168776371308,6.092821729530066,RHCG;RHCE,Basal,Activated
GO_Biological_Process_2023,Autocrine Signaling (GO:0035425),2/5,0.179878756444901,0.9999962554776264,0,0,3.55168776371308,6.092821729530066,SERPINB3;S100A9,Basal,Activated
GO_Biological_Process_2023,Chitin Catabolic Process (GO:0006032),2/5,0.179878756444901,0.9999962554776264,0,0,3.55168776371308,6.092821729530066,CHIA;CHI3L2,Basal,Activated
GO_Biological_Process_2023,Chitin Metabolic Process (GO:0006030),2/5,0.179878756444901,0.9999962554776264,0,0,3.55168776371308,6.092821729530066,CHIA;CHI3L2,Basal,Activated
GO_Biological_Process_2023,Establishment Of Protein Localization To Telomere (GO:0070200),2/5,0.179878756444901,0.9999962554776264,0,0,3.55168776371308,6.092821729530066,TERT;BRCA2,Basal,Activated
GO_Biological_Process_2023,Female Gonad Development (GO:0008585),2/5,0.179878756444901,0.9999962554776264,0,0,3.55168776371308,6.092821729530066,NR5A1;ZFP42,Basal,Activated
GO_Biological_Process_2023,Glomerular Epithelial Cell Differentiation (GO:0072311),2/5,0.179878756444901,0.9999962554776264,0,0,3.55168776371308,6.092821729530066,WT1;CD24,Basal,Activated
GO_Biological_Process_2023,Hepatocyte Differentiation (GO:0070365),2/5,0.179878756444901,0.9999962554776264,0,0,3.55168776371308,6.092821729530066,E2F7;E2F8,Basal,Activated
GO_Biological_Process_2023,Interleukin-27-Mediated Signaling Pathway (GO:0070106),2/5,0.179878756444901,0.9999962554776264,0,0,3.55168776371308,6.092821729530066,MX1;OASL,Basal,Activated
GO_Biological_Process_2023,Negative Regulation Of Cardiac Muscle Cell Apoptotic Process (GO:0010667),2/5,0.179878756444901,0.9999962554776264,0,0,3.55168776371308,6.092821729530066,MDK;NKX2-5,Basal,Activated
GO_Biological_Process_2023,Negative Regulation Of Cytokinesis (GO:0032466),2/5,0.179878756444901,0.9999962554776264,0,0,3.55168776371308,6.092821729530066,E2F7;E2F8,Basal,Activated
GO_Biological_Process_2023,Negative Regulation Of Gene Expression Via CpG Island Methylation (GO:0044027),2/5,0.179878756444901,0.9999962554776264,0,0,3.55168776371308,6.092821729530066,HELLS;UHRF1,Basal,Activated
GO_Biological_Process_2023,Negative Regulation Of Meiotic Cell Cycle (GO:0051447),2/5,0.179878756444901,0.9999962554776264,0,0,3.55168776371308,6.092821729530066,FBXO5;FBXO43,Basal,Activated
GO_Biological_Process_2023,Notochord Development (GO:0030903),2/5,0.179878756444901,0.9999962554776264,0,0,3.55168776371308,6.092821729530066,STIL;COL2A1,Basal,Activated
GO_Biological_Process_2023,Peripheral Nervous System Neuron Development (GO:0048935),2/5,0.179878756444901,0.9999962554776264,0,0,3.55168776371308,6.092821729530066,ISL2;POU4F1,Basal,Activated
GO_Biological_Process_2023,Positive Regulation Of Gonad Development (GO:1905941),2/5,0.179878756444901,0.9999962554776264,0,0,3.55168776371308,6.092821729530066,NR5A1;WT1,Basal,Activated
GO_Biological_Process_2023,Positive Regulation Of Male Gonad Development (GO:2000020),2/5,0.179878756444901,0.9999962554776264,0,0,3.55168776371308,6.092821729530066,NR5A1;WT1,Basal,Activated
GO_Biological_Process_2023,Positive Regulation Of Microglial Cell Activation (GO:1903980),2/5,0.179878756444901,0.9999962554776264,0,0,3.55168776371308,6.092821729530066,TAFA3;MMP8,Basal,Activated
GO_Biological_Process_2023,Positive Regulation Of Nuclear Cell Cycle DNA Replication (GO:0010571),2/5,0.179878756444901,0.9999962554776264,0,0,3.55168776371308,6.092821729530066,DBF4;CDC7,Basal,Activated
GO_Biological_Process_2023,Positive Regulation Of Osteoblast Proliferation (GO:0033690),2/5,0.179878756444901,0.9999962554776264,0,0,3.55168776371308,6.092821729530066,CCNA2;SOX8,Basal,Activated
GO_Biological_Process_2023,Positive Regulation Of Podosome Assembly (GO:0071803),2/5,0.179878756444901,0.9999962554776264,0,0,3.55168776371308,6.092821729530066,FSCN1;TNF,Basal,Activated
GO_Biological_Process_2023,Protection From Natural Killer Cell Mediated Cytotoxicity (GO:0042270),2/5,0.179878756444901,0.9999962554776264,0,0,3.55168776371308,6.092821729530066,SERPINB4;HLA-G,Basal,Activated
GO_Biological_Process_2023,Pteridine-Containing Compound Metabolic Process (GO:0042558),2/5,0.179878756444901,0.9999962554776264,0,0,3.55168776371308,6.092821729530066,MTHFD1L;FTCD,Basal,Activated
GO_Biological_Process_2023,Regulation Of Calcidiol 1-Monooxygenase Activity (GO:0060558),2/5,0.179878756444901,0.9999962554776264,0,0,3.55168776371308,6.092821729530066,IFNG;TNF,Basal,Activated
GO_Biological_Process_2023,Regulation Of Enamel Mineralization (GO:0070173),2/5,0.179878756444901,0.9999962554776264,0,0,3.55168776371308,6.092821729530066,ODAPH;MMP20,Basal,Activated
GO_Biological_Process_2023,Regulation Of Excitatory Synapse Assembly (GO:1904889),2/5,0.179878756444901,0.9999962554776264,0,0,3.55168776371308,6.092821729530066,LRFN4;VSTM5,Basal,Activated
GO_Biological_Process_2023,Regulation Of Morphogenesis Of A Branching Structure (GO:0060688),2/5,0.179878756444901,0.9999962554776264,0,0,3.55168776371308,6.092821729530066,GDNF;SIX2,Basal,Activated
GO_Biological_Process_2023,Regulation Of Tooth Mineralization (GO:0070170),2/5,0.179878756444901,0.9999962554776264,0,0,3.55168776371308,6.092821729530066,WNT6;MMP20,Basal,Activated
GO_Biological_Process_2023,Regulation Of Vitamin D Biosynthetic Process (GO:0060556),2/5,0.179878756444901,0.9999962554776264,0,0,3.55168776371308,6.092821729530066,IFNG;TNF,Basal,Activated
GO_Biological_Process_2023,Renal Filtration Cell Differentiation (GO:0061318),2/5,0.179878756444901,0.9999962554776264,0,0,3.55168776371308,6.092821729530066,WT1;CD24,Basal,Activated
GO_Biological_Process_2023,Synaptic Vesicle Uncoating (GO:0016191),2/5,0.179878756444901,0.9999962554776264,0,0,3.55168776371308,6.092821729530066,SH3GL3;SH3GL2,Basal,Activated
GO_Biological_Process_2023,Positive Regulation Of Interleukin-1 Beta Production (GO:0032731),12/57,0.1804453566296007,0.9999962554776264,0,0,1.4216296296296296,2.434295197434369,GBP5;ORM1;AIM2;IFNG;RIPK2;CLEC7A;NLRP2;PYDC1;ORM2;TNF;LILRP2;INAVA,Basal,Activated
GO_Biological_Process_2023,Homologous Chromosome Pairing At Meiosis (GO:0007129),7/30,0.1853179907265418,0.9999962554776264,0,0,1.6220629780197064,2.734282463334558,MAJIN;KASH5;FANCD2;MND1;HORMAD1;TEX15;TRIP13,Basal,Activated
GO_Biological_Process_2023,Cell Cycle G1/S Phase Transition (GO:0044843),11/52,0.1896123523369573,0.9999962554776264,0,0,1.4301847651926218,2.378073387486099,TRIM71;CCNA2;DBF4;CCNE2;CCNE1;E2F1;EIF4EBP1;E2F3;CDC7;CDC25A;CDKN3,Basal,Activated
GO_Biological_Process_2023,Negative Regulation Of Transposition (GO:0010529),6/25,0.192479154748481,0.9999962554776264,0,0,1.6829097458475084,2.7730438468755017,TDRD12;TEX15;MYBL1;APOBEC3A;TEX19;APOBEC3B,Basal,Activated
GO_Biological_Process_2023,Regulation Of Protein Processing (GO:0070613),6/25,0.192479154748481,0.9999962554776264,0,0,1.6829097458475084,2.7730438468755017,SERPINE2;NLRP7;PLAUR;ADAM8;CHAC1;MAGEA3,Basal,Activated
GO_Biological_Process_2023,Anterior/Posterior Axis Specification (GO:0009948),5/20,0.1988066848044088,0.9999962554776264,0,0,1.7762643860204836,2.869417205646809,MESP2;RIPPLY2;CDX2;SIX2;TBXT,Basal,Activated
GO_Biological_Process_2023,Intracellular Monoatomic Ion Homeostasis (GO:0006873),5/20,0.1988066848044088,0.9999962554776264,0,0,1.7762643860204836,2.869417205646809,SLC39A12;CLDN16;RHCG;MT3;SLC39A4,Basal,Activated
GO_Biological_Process_2023,Mesoderm Formation (GO:0001707),5/20,0.1988066848044088,0.9999962554776264,0,0,1.7762643860204836,2.869417205646809,MESP2;TBX20;HMGA2;SCX;TBXT,Basal,Activated
GO_Biological_Process_2023,Peripheral Nervous System Development (GO:0007422),5/20,0.1988066848044088,0.9999962554776264,0,0,1.7762643860204836,2.869417205646809,UGT8;GDNF;ARTN;SOX8;GFRA3,Basal,Activated
GO_Biological_Process_2023,Interstrand Cross-Link Repair (GO:0036297),8/36,0.1991191471579735,0.9999962554776264,0,0,1.5227828607663738,2.4575460192074203,RAD51AP1;FANCI;NEIL3;RAD51;FANCD2;FANCA;FSCN1;FANCB,Basal,Activated
GO_Biological_Process_2023,CRD-mediated mRNA Stabilization (GO:0070934),3/10,0.2012145209382532,0.9999962554776264,0,0,2.2834079500746167,3.661179022978476,IGF2BP1;IGF2BP3;IGF2BP2,Basal,Activated
GO_Biological_Process_2023,L-serine Metabolic Process (GO:0006563),3/10,0.2012145209382532,0.9999962554776264,0,0,2.2834079500746167,3.661179022978476,CBS;PSAT1;PSPH,Basal,Activated
GO_Biological_Process_2023,Aromatic Amino Acid Family Catabolic Process (GO:0009074),3/10,0.2012145209382532,0.9999962554776264,0,0,2.2834079500746167,3.661179022978476,IL4I1;FANCA;IDO1,Basal,Activated
GO_Biological_Process_2023,Branched-Chain Amino Acid Transport (GO:0015803),3/10,0.2012145209382532,0.9999962554776264,0,0,2.2834079500746167,3.661179022978476,SLC7A5;SLC6A17;SLC6A15,Basal,Activated
GO_Biological_Process_2023,Glycine Transport (GO:0015816),3/10,0.2012145209382532,0.9999962554776264,0,0,2.2834079500746167,3.661179022978476,SLC6A17;SLC6A9;SLC38A5,Basal,Activated
GO_Biological_Process_2023,Meiotic Sister Chromatid Cohesion (GO:0051177),3/10,0.2012145209382532,0.9999962554776264,0,0,2.2834079500746167,3.661179022978476,SGO2;BUB1B;HORMAD1,Basal,Activated
GO_Biological_Process_2023,Phenol-Containing Compound Biosynthetic Process (GO:0046189),3/10,0.2012145209382532,0.9999962554776264,0,0,2.2834079500746167,3.661179022978476,MOXD1;OCA2;TYRP1,Basal,Activated
GO_Biological_Process_2023,Positive Regulation Of Actin Filament Depolymerization (GO:0030836),3/10,0.2012145209382532,0.9999962554776264,0,0,2.2834079500746167,3.661179022978476,VIL1;CARMIL2;CRACD,Basal,Activated
GO_Biological_Process_2023,Positive Regulation Of Cellular Senescence (GO:2000774),3/10,0.2012145209382532,0.9999962554776264,0,0,2.2834079500746167,3.661179022978476,CGAS;HLA-G;KIR2DL4,Basal,Activated
GO_Biological_Process_2023,Response To Corticosteroid (GO:0031960),3/10,0.2012145209382532,0.9999962554776264,0,0,2.2834079500746167,3.661179022978476,GHRHR;TNF;SOX30,Basal,Activated
GO_Biological_Process_2023,L-glutamate Import (GO:0051938),4/15,0.2029448365170951,0.9999962554776264,0,0,1.9375899591225747,3.0901093076472246,SLC17A6;SLC7A11;SLC1A6;SLC25A22,Basal,Activated
GO_Biological_Process_2023,Folic Acid-Containing Compound Metabolic Process (GO:0006760),4/15,0.2029448365170951,0.9999962554776264,0,0,1.9375899591225747,3.0901093076472246,MTHFD1L;MTHFD2;GGH;FTCD,Basal,Activated
GO_Biological_Process_2023,Negative Regulation Of Protein Processing (GO:0010955),4/15,0.2029448365170951,0.9999962554776264,0,0,1.9375899591225747,3.0901093076472246,SERPINE2;NLRP7;CHAC1;MAGEA3,Basal,Activated
GO_Biological_Process_2023,Oogenesis (GO:0048477),4/15,0.2029448365170951,0.9999962554776264,0,0,1.9375899591225747,3.0901093076472246,STRA8;MDK;HORMAD1;TRIP13,Basal,Activated
GO_Biological_Process_2023,Positive Regulation Of Interleukin-1 Production (GO:0032732),13/64,0.2030069951020226,0.9999962554776264,0,0,1.3588565308625833,2.166716906477729,GBP5;ORM1;RIPK2;ORM2;TNF;INAVA;AIM2;IFNG;NLRP10;CLEC7A;NLRP2;PYDC1;LILRP2,Basal,Activated
GO_Biological_Process_2023,Cardiac Muscle Tissue Morphogenesis (GO:0055008),7/31,0.2088950884537848,0.9999962554776264,0,0,1.5543845747490754,2.4340467463387507,MYLK2;TBX20;ANKRD1;TNNI3;NKX2-5;MYH6;MYH7,Basal,Activated
GO_Biological_Process_2023,Neutrophil Migration (GO:1990266),15/77,0.2281722302589064,0.9999962554776264,0,0,1.28970755558289,1.9057422239064352,CCL25;CXCL9;CXCL8;EDN2;CCL11;CCL20;CXCL1;TREM1;CXCL5;CXCL10;CXCL11;CCL7;CCL1;S100A9;S100A8,Basal,Activated
GO_Biological_Process_2023,Negative Regulation Of Double-Strand Break Repair Via Homologous Recombination (GO:2000042),5/21,0.2293005091529182,0.9999962554776264,0,0,1.6651488755147292,2.452301163535929,POLQ;RMI2;PARPBP;CGAS;FANCB,Basal,Activated
GO_Biological_Process_2023,Skin Epidermis Development (GO:0098773),5/21,0.2293005091529182,0.9999962554776264,0,0,1.6651488755147292,2.452301163535929,KRT16;STMN1;TMEM79;LSR;SFN,Basal,Activated
GO_Biological_Process_2023,Regulation Of Protein Serine/Threonine Kinase Activity (GO:0071900),21/112,0.2298522727699354,0.9999962554776264,0,0,1.2304018808316803,1.8090826093366603,BLM;CDKN2A;CCNF;HMGA2;CDC6;CDC25C;PKMYT1;CDC25A;CCNB3;CCNA2;CCNB2;CCNA1;CCNB1;CCNE2;IFNG;CCNE1;CCNI2;CCNP;CDK5R2;EZH2;CDKN3,Basal,Activated
GO_Biological_Process_2023,Regulation Of Ubiquitin-Protein Transferase Activity (GO:0051438),7/32,0.233511616762062,0.9999962554776264,0,0,1.492120443740095,2.1703241794100605,CDC20;PLK1;BUB1B;MAGEA2;FBXO5;MAGEC2;MAD2L1,Basal,Activated
GO_Biological_Process_2023,Transition Metal Ion Transport (GO:0000041),7/32,0.233511616762062,0.9999962554776264,0,0,1.492120443740095,2.1703241794100605,HEPHL1;TTYH1;TFR2;MELTF;SLC30A10;CP;MT3,Basal,Activated
GO_Biological_Process_2023,Regulation Of Mitotic Metaphase/Anaphase Transition (GO:0030071),10/49,0.2385660203892319,0.9999962554776264,0,0,1.366572302486008,1.95844732810336,CDC20;CENPE;CCNB1;ACTL6B;ESPL1;UBE2C;PLK1;FBXO5;CDC6;DLGAP5,Basal,Activated
GO_Biological_Process_2023,Antifungal Innate Immune Response (GO:0061760),4/16,0.2389980171964984,0.9999962554776264,0,0,1.776018577158539,2.542015430928636,CLEC4D;CLEC7A;CLEC6A;DEFB4A,Basal,Activated
GO_Biological_Process_2023,Autonomic Nervous System Development (GO:0048483),4/16,0.2389980171964984,0.9999962554776264,0,0,1.776018577158539,2.542015430928636,GDNF;SOX11;SOX8;PHOX2B,Basal,Activated
GO_Biological_Process_2023,Positive Regulation Of Stem Cell Proliferation (GO:2000648),4/16,0.2389980171964984,0.9999962554776264,0,0,1.776018577158539,2.542015430928636,TERT;EPCAM;HMGA2;SOX11,Basal,Activated
GO_Biological_Process_2023,Regulation Of Plasminogen Activation (GO:0010755),4/16,0.2389980171964984,0.9999962554776264,0,0,1.776018577158539,2.542015430928636,SERPINE2;F12;PLAUR;MELTF,Basal,Activated
GO_Biological_Process_2023,Regulation Of Stem Cell Proliferation (GO:0072091),4/16,0.2389980171964984,0.9999962554776264,0,0,1.776018577158539,2.542015430928636,TERT;EPCAM;HMGA2;SOX11,Basal,Activated
GO_Biological_Process_2023,Clathrin Coat Disassembly (GO:0072318),2/6,0.2426714132447172,0.9999962554776264,0,0,2.663607594936709,3.7717934362989447,SH3GL3;SH3GL2,Basal,Activated
GO_Biological_Process_2023,Detection Of Stimulus Involved In Sensory Perception Of Pain (GO:0062149),2/6,0.2426714132447172,0.9999962554776264,0,0,2.663607594936709,3.7717934362989447,PRDM12;SCN1A,Basal,Activated
GO_Biological_Process_2023,Development Of Primary Female Sexual Characteristics (GO:0046545),2/6,0.2426714132447172,0.9999962554776264,0,0,2.663607594936709,3.7717934362989447,NR5A1;ZFP42,Basal,Activated
GO_Biological_Process_2023,Free Ubiquitin Chain Polymerization (GO:0010994),2/6,0.2426714132447172,0.9999962554776264,0,0,2.663607594936709,3.7717934362989447,UBE2C;UBE2S,Basal,Activated
GO_Biological_Process_2023,Gap Junction Assembly (GO:0016264),2/6,0.2426714132447172,0.9999962554776264,0,0,2.663607594936709,3.7717934362989447,GJB2;GJB6,Basal,Activated
GO_Biological_Process_2023,Glandular Epithelial Cell Development (GO:0002068),2/6,0.2426714132447172,0.9999962554776264,0,0,2.663607594936709,3.7717934362989447,CDH2;PAX6,Basal,Activated
GO_Biological_Process_2023,Intracellular Sequestering Of Iron Ion (GO:0006880),2/6,0.2426714132447172,0.9999962554776264,0,0,2.663607594936709,3.7717934362989447,FTMT;FTHL17,Basal,Activated
GO_Biological_Process_2023,Keratinocyte Proliferation (GO:0043616),2/6,0.2426714132447172,0.9999962554776264,0,0,2.663607594936709,3.7717934362989447,FERMT1;KRT2,Basal,Activated
GO_Biological_Process_2023,Maintenance Of Protein Location In Extracellular Region (GO:0071694),2/6,0.2426714132447172,0.9999962554776264,0,0,2.663607594936709,3.7717934362989447,FBN2;DAND5,Basal,Activated
GO_Biological_Process_2023,Negative Regulation Of Lymphocyte Differentiation (GO:0045620),2/6,0.2426714132447172,0.9999962554776264,0,0,2.663607594936709,3.7717934362989447,IFNL1;IFNB1,Basal,Activated
GO_Biological_Process_2023,Negative Regulation Of Response To Reactive Oxygen Species (GO:1901032),2/6,0.2426714132447172,0.9999962554776264,0,0,2.663607594936709,3.7717934362989447,PYCR1;GPR37L1,Basal,Activated
GO_Biological_Process_2023,Negative Regulation Of Retinoic Acid Receptor Signaling Pathway (GO:0048387),2/6,0.2426714132447172,0.9999962554776264,0,0,2.663607594936709,3.7717934362989447,PRAME;EZH2,Basal,Activated
GO_Biological_Process_2023,Negative Regulation Of Type 2 Immune Response (GO:0002829),2/6,0.2426714132447172,0.9999962554776264,0,0,2.663607594936709,3.7717934362989447,IFNL1;IFNB1,Basal,Activated
GO_Biological_Process_2023,Noradrenergic Neuron Differentiation (GO:0003357),2/6,0.2426714132447172,0.9999962554776264,0,0,2.663607594936709,3.7717934362989447,SOX11;PHOX2B,Basal,Activated
GO_Biological_Process_2023,Norepinephrine Biosynthetic Process (GO:0042421),2/6,0.2426714132447172,0.9999962554776264,0,0,2.663607594936709,3.7717934362989447,MOXD1;TH,Basal,Activated
GO_Biological_Process_2023,Pituitary Gland Development (GO:0021983),2/6,0.2426714132447172,0.9999962554776264,0,0,2.663607594936709,3.7717934362989447,SOX2;SIX3,Basal,Activated
GO_Biological_Process_2023,Positive Regulation Of Cysteine-Type Endopeptidase Activity Involved In Apoptotic Signaling Pathway (GO:2001269),2/6,0.2426714132447172,0.9999962554776264,0,0,2.663607594936709,3.7717934362989447,PRR7;ST18,Basal,Activated
GO_Biological_Process_2023,Positive Regulation Of Gastrulation (GO:2000543),2/6,0.2426714132447172,0.9999962554776264,0,0,2.663607594936709,3.7717934362989447,SCX;OTX2,Basal,Activated
GO_Biological_Process_2023,Positive Regulation Of Gliogenesis (GO:0014015),2/6,0.2426714132447172,0.9999962554776264,0,0,2.663607594936709,3.7717934362989447,SOX8;TNF,Basal,Activated
GO_Biological_Process_2023,Positive Regulation Of Kidney Development (GO:0090184),2/6,0.2426714132447172,0.9999962554776264,0,0,2.663607594936709,3.7717934362989447,FOXD1;SOX8,Basal,Activated
GO_Biological_Process_2023,Positive Regulation Of Natural Killer Cell Cytokine Production (GO:0002729),2/6,0.2426714132447172,0.9999962554776264,0,0,2.663607594936709,3.7717934362989447,HLA-G;KIR2DL4,Basal,Activated
GO_Biological_Process_2023,Positive Regulation Of Necrotic Cell Death (GO:0010940),2/6,0.2426714132447172,0.9999962554776264,0,0,2.663607594936709,3.7717934362989447,ATG9B;MT3,Basal,Activated
GO_Biological_Process_2023,Regulation Of MHC Class I Biosynthetic Process (GO:0045343),2/6,0.2426714132447172,0.9999962554776264,0,0,2.663607594936709,3.7717934362989447,IFNL1;IFNB1,Basal,Activated
GO_Biological_Process_2023,Regulation Of T Cell Tolerance Induction (GO:0002664),2/6,0.2426714132447172,0.9999962554776264,0,0,2.663607594936709,3.7717934362989447,IL2RA;HLA-G,Basal,Activated
GO_Biological_Process_2023,Regulation Of Digestive System Process (GO:0044058),2/6,0.2426714132447172,0.9999962554776264,0,0,2.663607594936709,3.7717934362989447,OPRK1;TYMP,Basal,Activated
GO_Biological_Process_2023,Regulation Of Entry Of Bacterium Into Host Cell (GO:2000535),2/6,0.2426714132447172,0.9999962554776264,0,0,2.663607594936709,3.7717934362989447,CXCL8;KRT6A,Basal,Activated
GO_Biological_Process_2023,Regulation Of Male Gonad Development (GO:2000018),2/6,0.2426714132447172,0.9999962554776264,0,0,2.663607594936709,3.7717934362989447,NR5A1;WT1,Basal,Activated
GO_Biological_Process_2023,Regulation Of Natural Killer Cell Cytokine Production (GO:0002727),2/6,0.2426714132447172,0.9999962554776264,0,0,2.663607594936709,3.7717934362989447,HLA-G;KIR2DL4,Basal,Activated
GO_Biological_Process_2023,Sulfur Amino Acid Catabolic Process (GO:0000098),2/6,0.2426714132447172,0.9999962554776264,0,0,2.663607594936709,3.7717934362989447,CBS;MAT1A,Basal,Activated
GO_Biological_Process_2023,Cochlea Morphogenesis (GO:0090103),3/11,0.2461047285287523,0.9999962554776264,0,0,1.997863247863248,2.8010004933844312,MYO3B;MYO3A;POU3F4,Basal,Activated
GO_Biological_Process_2023,Cytidine To Uridine Editing (GO:0016554),3/11,0.2461047285287523,0.9999962554776264,0,0,1.997863247863248,2.8010004933844312,APOBEC1;APOBEC3A;APOBEC3B,Basal,Activated
GO_Biological_Process_2023,Detection Of Light Stimulus Involved In Sensory Perception (GO:0050962),3/11,0.2461047285287523,0.9999962554776264,0,0,1.997863247863248,2.8010004933844312,RGS9BP;GNAT1;CNGB1,Basal,Activated
GO_Biological_Process_2023,Detection Of Light Stimulus Involved In Visual Perception (GO:0050908),3/11,0.2461047285287523,0.9999962554776264,0,0,1.997863247863248,2.8010004933844312,RGS9BP;GNAT1;CNGB1,Basal,Activated
GO_Biological_Process_2023,Histone H2A Ubiquitination (GO:0033522),3/11,0.2461047285287523,0.9999962554776264,0,0,1.997863247863248,2.8010004933844312,DEPDC1B;RAD51;BRCA2,Basal,Activated
GO_Biological_Process_2023,Macrophage Chemotaxis (GO:0048246),3/11,0.2461047285287523,0.9999962554776264,0,0,1.997863247863248,2.8010004933844312,TAFA4;EDN2;CXCL17,Basal,Activated
GO_Biological_Process_2023,Negative Regulation Of Cell Division (GO:0051782),3/11,0.2461047285287523,0.9999962554776264,0,0,1.997863247863248,2.8010004933844312,BLM;E2F7;E2F8,Basal,Activated
GO_Biological_Process_2023,Phasic Smooth Muscle Contraction (GO:0014821),3/11,0.2461047285287523,0.9999962554776264,0,0,1.997863247863248,2.8010004933844312,EDN2;GDNF;HTR1D,Basal,Activated
GO_Biological_Process_2023,Podocyte Differentiation (GO:0072112),3/11,0.2461047285287523,0.9999962554776264,0,0,1.997863247863248,2.8010004933844312,NPHS1;WT1;CD24,Basal,Activated
GO_Biological_Process_2023,Regulation Of Cell Cycle Checkpoint (GO:1901976),3/11,0.2461047285287523,0.9999962554776264,0,0,1.997863247863248,2.8010004933844312,DEPDC1B;RAD51;BRCA2,Basal,Activated
GO_Biological_Process_2023,Tetrahydrofolate Metabolic Process (GO:0046653),3/11,0.2461047285287523,0.9999962554776264,0,0,1.997863247863248,2.8010004933844312,MTHFD1L;MTHFD2;TYMS,Basal,Activated
GO_Biological_Process_2023,Positive Regulation Of Ubiquitin-Protein Transferase Activity (GO:0051443),6/27,0.246728222983865,0.9999962554776264,0,0,1.522451566177802,2.1306220351930567,CDC20;UBE2C;UBE2S;PLK1;MAGEA2;MAGEC2,Basal,Activated
GO_Biological_Process_2023,Negative Regulation Of Double-Strand Break Repair (GO:2000780),7/33,0.259021831809906,0.9999962554776264,0,0,1.434645861270267,1.937981216071772,POLQ;RMI2;PARPBP;CGAS;HMGA2;AUNIP;FANCB,Basal,Activated
GO_Biological_Process_2023,Negative Regulation Of G Protein-Coupled Receptor Signaling Pathway (GO:0045744),5/22,0.2610170776982836,0.9999962554776264,0,0,1.5671057780096518,2.104888593413321,CXCL8;BECN2;APLP1;STMN1;KLK14,Basal,Activated
GO_Biological_Process_2023,Placenta Development (GO:0001890),5/22,0.2610170776982836,0.9999962554776264,0,0,1.5671057780096518,2.104888593413321,PLAC1;PHLDA2;E2F7;TEX19;E2F8,Basal,Activated
GO_Biological_Process_2023,Regulation Of Regulatory T Cell Differentiation (GO:0045589),5/22,0.2610170776982836,0.9999962554776264,0,0,1.5671057780096518,2.104888593413321,IL4I1;LAG3;MDK;FANCA;HLA-G,Basal,Activated
GO_Biological_Process_2023,Protein Depolymerization (GO:0051261),6/28,0.2753401050161084,0.9999962554776264,0,0,1.453162806774974,1.874214114260993,VIL1;KIF18A;KIF18B;STMN1;KIF14;KIF2C,Basal,Activated
GO_Biological_Process_2023,Regulation Of Monoatomic Ion Transport (GO:0043269),6/28,0.2753401050161084,0.9999962554776264,0,0,1.453162806774974,1.874214114260993,KCNJ4;CLDN10;KCNJ6;KCNJ10;KCNJ9;KCNJ18,Basal,Activated
GO_Biological_Process_2023,Base Conversion Or Substitution Editing (GO:0016553),4/17,0.2763590370375773,0.9999962554776264,0,0,1.6393043308812782,2.1082345473688737,APOBEC1;ADAD1;APOBEC3A;APOBEC3B,Basal,Activated
GO_Biological_Process_2023,Embryonic Axis Specification (GO:0000578),4/17,0.2763590370375773,0.9999962554776264,0,0,1.6393043308812782,2.1082345473688737,MESP2;STIL;RIPPLY2;TBXT,Basal,Activated
GO_Biological_Process_2023,Muscle Tissue Morphogenesis (GO:0060415),4/17,0.2763590370375773,0.9999962554776264,0,0,1.6393043308812782,2.1082345473688737,MYLK2;TBX20;ANKRD1;NKX2-5,Basal,Activated
GO_Biological_Process_2023,Negative Regulation Of Ubiquitin-Protein Transferase Activity (GO:0051444),4/17,0.2763590370375773,0.9999962554776264,0,0,1.6393043308812782,2.1082345473688737,CDC20;BUB1B;FBXO5;MAD2L1,Basal,Activated
GO_Biological_Process_2023,Positive Regulation Of Cartilage Development (GO:0061036),4/17,0.2763590370375773,0.9999962554776264,0,0,1.6393043308812782,2.1082345473688737,MDK;SCX;GDF5;HOXA11,Basal,Activated
GO_Biological_Process_2023,Regulation Of Cytokinesis (GO:0032465),15/80,0.2769391431643453,0.9999962554776264,0,0,1.2299626017452518,1.5792197031714947,PLK1;KIF14;KIF23;CDC6;AURKB;CDC25B;CIT;AURKA;RACGAP1;PRC1;KIF20A;FSD1;ECT2;E2F7;E2F8,Basal,Activated
GO_Biological_Process_2023,DNA Damage Checkpoint Signaling (GO:0000077),7/34,0.2852743453570657,0.9999962554776264,0,0,1.3814286552796853,1.7327314140460908,H2AX;STK33;CHEK2;CHEK1;E2F1;DONSON;CLSPN,Basal,Activated
GO_Biological_Process_2023,Establishment Of Mitotic Spindle Localization (GO:0040001),7/34,0.2852743453570657,0.9999962554776264,0,0,1.3814286552796853,1.7327314140460908,GPSM2;ESPL1;SAPCD2;PLK1;CENPA;NDC80;MAD2L1,Basal,Activated
GO_Biological_Process_2023,DNA Deamination (GO:0045006),3/12,0.2922997187944231,0.9999962554776264,0,0,1.775772923921072,2.184157312354431,EXOSC4;APOBEC3A;APOBEC3B,Basal,Activated
GO_Biological_Process_2023,Alanine Transport (GO:0032328),3/12,0.2922997187944231,0.9999962554776264,0,0,1.775772923921072,2.184157312354431,SLC7A5;SLC6A17;SLC38A3,Basal,Activated
GO_Biological_Process_2023,Macrophage Migration (GO:1905517),3/12,0.2922997187944231,0.9999962554776264,0,0,1.775772923921072,2.184157312354431,TAFA4;EDN2;CXCL17,Basal,Activated
GO_Biological_Process_2023,Mesoderm Morphogenesis (GO:0048332),3/12,0.2922997187944231,0.9999962554776264,0,0,1.775772923921072,2.184157312354431,MESP2;SCX;TBXT,Basal,Activated
GO_Biological_Process_2023,Positive Regulation Of Neuroinflammatory Response (GO:0150078),3/12,0.2922997187944231,0.9999962554776264,0,0,1.775772923921072,2.184157312354431,TAFA3;MMP8;TNF,Basal,Activated
GO_Biological_Process_2023,Triglyceride Catabolic Process (GO:0019433),3/12,0.2922997187944231,0.9999962554776264,0,0,1.775772923921072,2.184157312354431,PNLIPRP2;PNPLA5;PNPLA1,Basal,Activated
GO_Biological_Process_2023,Positive Regulation Of Oxidoreductase Activity (GO:0051353),5/23,0.2936560297565252,0.9999962554776264,0,0,1.4799563580051385,1.813458845286159,EDN2;FTMT;GDNF;TNF;AGT,Basal,Activated
GO_Biological_Process_2023,Potassium Ion Homeostasis (GO:0055075),5/23,0.2936560297565252,0.9999962554776264,0,0,1.4799563580051385,1.813458845286159,KCNH2;ATP4B;SLC12A1;ATP1A3;SLC12A8,Basal,Activated
GO_Biological_Process_2023,Amino Acid Transport (GO:0006865),9/46,0.2977701115318412,0.9999962554776264,0,0,1.2961400982333429,1.570187571985883,SLC7A5;SLC6A19;SLC6A17;SLC6A15;SLC16A10;SLC7A11;SLC38A8;SLC38A3;SLC38A5,Basal,Activated
GO_Biological_Process_2023,Epithelial Cell Migration (GO:0010631),9/46,0.2977701115318412,0.9999962554776264,0,0,1.2961400982333429,1.570187571985883,ANLN;FERMT1;S100A2;KRT16;KRT2;PRKX;S100P;PRSS3;S100A9,Basal,Activated
GO_Biological_Process_2023,Replication Fork Processing (GO:0031297),9/46,0.2977701115318412,0.9999962554776264,0,0,1.2961400982333429,1.570187571985883,BLM;PCNA;RAD51;EME1;TONSL;DONSON;DNA2;BRCA2;TRAIP,Basal,Activated
GO_Biological_Process_2023,Establishment Of Mitotic Spindle Orientation (GO:0000132),6/29,0.3046677906281071,0.9999962554776264,0,0,1.3898991568854355,1.6519414414012288,GPSM2;SAPCD2;PLK1;CENPA;NDC80;MAD2L1,Basal,Activated
GO_Biological_Process_2023,Morphogenesis Of An Epithelium (GO:0002009),6/29,0.3046677906281071,0.9999962554776264,0,0,1.3898991568854355,1.6519414414012288,WNT10A;KRT16;KLK14;PRKX;SOX8;KRT6A,Basal,Activated
GO_Biological_Process_2023,Positive Regulation Of Neural Precursor Cell Proliferation (GO:2000179),6/29,0.3046677906281071,0.9999962554776264,0,0,1.3898991568854355,1.6519414414012288,BCAN;MDK;NCAN;FZD9;HAPLN3;HAPLN1,Basal,Activated
GO_Biological_Process_2023,Regulation Of Monoatomic Ion Transmembrane Transport (GO:0034765),6/29,0.3046677906281071,0.9999962554776264,0,0,1.3898991568854355,1.6519414414012288,KCNJ4;KCNJ6;KCNJ10;KCNJ9;KCNJ18;GRIN2D,Basal,Activated
GO_Biological_Process_2023,L-alanine Transport (GO:0015808),2/7,0.3061135477054964,0.9999962554776264,0,0,2.1307594936708862,2.522391330574516,SLC38A3;SLC38A5,Basal,Activated
GO_Biological_Process_2023,Adenylate Cyclase-Inhibiting G Protein-Coupled Acetylcholine Receptor Signaling Pathway (GO:0007197),2/7,0.3061135477054964,0.9999962554776264,0,0,2.1307594936708862,2.522391330574516,CHRM3;HRH3,Basal,Activated
GO_Biological_Process_2023,Establishment Of Planar Polarity (GO:0001736),2/7,0.3061135477054964,0.9999962554776264,0,0,2.1307594936708862,2.522391330574516,BRSK2;VANGL2,Basal,Activated
GO_Biological_Process_2023,Kidney Mesenchyme Development (GO:0072074),2/7,0.3061135477054964,0.9999962554776264,0,0,2.1307594936708862,2.522391330574516,WT1;SIX2,Basal,Activated
GO_Biological_Process_2023,Leukocyte Aggregation (GO:0070486),2/7,0.3061135477054964,0.9999962554776264,0,0,2.1307594936708862,2.522391330574516,S100A9;S100A8,Basal,Activated
GO_Biological_Process_2023,Melanin Biosynthetic Process (GO:0042438),2/7,0.3061135477054964,0.9999962554776264,0,0,2.1307594936708862,2.522391330574516,OCA2;TYRP1,Basal,Activated
GO_Biological_Process_2023,Multi-Ciliated Epithelial Cell Differentiation (GO:1903251),2/7,0.3061135477054964,0.9999962554776264,0,0,2.1307594936708862,2.522391330574516,PLK4;DEUP1,Basal,Activated
GO_Biological_Process_2023,Negative Regulation Of DNA-templated DNA Replication (GO:2000104),2/7,0.3061135477054964,0.9999962554776264,0,0,2.1307594936708862,2.522391330574516,CDT1;FBXO5,Basal,Activated
GO_Biological_Process_2023,Negative Regulation Of Amyloid-Beta Clearance (GO:1900222),2/7,0.3061135477054964,0.9999962554776264,0,0,2.1307594936708862,2.522391330574516,IFNG;TNF,Basal,Activated
GO_Biological_Process_2023,Negative Regulation Of Striated Muscle Cell Apoptotic Process (GO:0010664),2/7,0.3061135477054964,0.9999962554776264,0,0,2.1307594936708862,2.522391330574516,MDK;NKX2-5,Basal,Activated
GO_Biological_Process_2023,Neuroepithelial Cell Differentiation (GO:0060563),2/7,0.3061135477054964,0.9999962554776264,0,0,2.1307594936708862,2.522391330574516,SOX11;DSPP,Basal,Activated
GO_Biological_Process_2023,Nonribosomal Peptide Biosynthetic Process (GO:0019184),2/7,0.3061135477054964,0.9999962554776264,0,0,2.1307594936708862,2.522391330574516,CHAC2;CHAC1,Basal,Activated
GO_Biological_Process_2023,Norepinephrine Metabolic Process (GO:0042415),2/7,0.3061135477054964,0.9999962554776264,0,0,2.1307594936708862,2.522391330574516,MOXD1;TH,Basal,Activated
GO_Biological_Process_2023,Peptidyl-Lysine Hydroxylation (GO:0017185),2/7,0.3061135477054964,0.9999962554776264,0,0,2.1307594936708862,2.522391330574516,PLOD3;PLOD1,Basal,Activated
GO_Biological_Process_2023,Plasma Membrane Phospholipid Scrambling (GO:0017121),2/7,0.3061135477054964,0.9999962554776264,0,0,2.1307594936708862,2.522391330574516,PLSCR2;PLSCR5,Basal,Activated
GO_Biological_Process_2023,Positive Regulation Of DNA Demethylation (GO:1901537),2/7,0.3061135477054964,0.9999962554776264,0,0,2.1307594936708862,2.522391330574516,APOBEC1;STPG4,Basal,Activated
GO_Biological_Process_2023,Positive Regulation Of Extracellular Matrix Disassembly (GO:0090091),2/7,0.3061135477054964,0.9999962554776264,0,0,2.1307594936708862,2.522391330574516,FSCN1;MELTF,Basal,Activated
GO_Biological_Process_2023,Positive Regulation Of Meiotic Nuclear Division (GO:0045836),2/7,0.3061135477054964,0.9999962554776264,0,0,2.1307594936708862,2.522391330574516,RAD51AP1;STRA8,Basal,Activated
GO_Biological_Process_2023,Positive Regulation Of Plasminogen Activation (GO:0010756),2/7,0.3061135477054964,0.9999962554776264,0,0,2.1307594936708862,2.522391330574516,F12;MELTF,Basal,Activated
GO_Biological_Process_2023,Protein K27-linked Ubiquitination (GO:0044314),2/7,0.3061135477054964,0.9999962554776264,0,0,2.1307594936708862,2.522391330574516,UBE2S;UBE2T,Basal,Activated
GO_Biological_Process_2023,Proximal/Distal Pattern Formation (GO:0009954),2/7,0.3061135477054964,0.9999962554776264,0,0,2.1307594936708862,2.522391330574516,HOXB9;SIX3,Basal,Activated
GO_Biological_Process_2023,Regulation Of Hydrogen Peroxide-Induced Cell Death (GO:1903205),2/7,0.3061135477054964,0.9999962554776264,0,0,2.1307594936708862,2.522391330574516,PYCR1;GPR37L1,Basal,Activated
GO_Biological_Process_2023,Regulation Of Meiotic Nuclear Division (GO:0040020),2/7,0.3061135477054964,0.9999962554776264,0,0,2.1307594936708862,2.522391330574516,FBXO5;FBXO43,Basal,Activated
GO_Biological_Process_2023,Regulation Of Microvillus Organization (GO:0032530),2/7,0.3061135477054964,0.9999962554776264,0,0,2.1307594936708862,2.522391330574516,CDHR2;FSCN1,Basal,Activated
GO_Biological_Process_2023,Sinoatrial Node Development (GO:0003163),2/7,0.3061135477054964,0.9999962554776264,0,0,2.1307594936708862,2.522391330574516,HCN4;GJB6,Basal,Activated
GO_Biological_Process_2023,Sodium-Dependent Phosphate Transport (GO:0044341),2/7,0.3061135477054964,0.9999962554776264,0,0,2.1307594936708862,2.522391330574516,SLC17A6;SLC17A4,Basal,Activated
GO_Biological_Process_2023,Sulfur Amino Acid Transport (GO:0000101),2/7,0.3061135477054964,0.9999962554776264,0,0,2.1307594936708862,2.522391330574516,SLC7A5;SLC7A11,Basal,Activated
GO_Biological_Process_2023,Thyroid Gland Development (GO:0030878),2/7,0.3061135477054964,0.9999962554776264,0,0,2.1307594936708862,2.522391330574516,NKX2-1;NKX2-5,Basal,Activated
GO_Biological_Process_2023,Thyroid Hormone Transport (GO:0070327),2/7,0.3061135477054964,0.9999962554776264,0,0,2.1307594936708862,2.522391330574516,SLC7A5;SLC16A10,Basal,Activated
GO_Biological_Process_2023,Sensory Organ Development (GO:0007423),13/70,0.3089272194205666,0.9999962554776264,0,0,1.215384443961603,1.4276508092374796,FOXE3;FOXC1;WNT10A;OLIG3;OLIG1;PAX6;BHLHA15;OLIG2;SOX2;ATOH7;SMOC1;SIX3;FREM2,Basal,Activated
GO_Biological_Process_2023,Liver Development (GO:0001889),7/35,0.312115072931702,0.9999962554776264,0,0,1.332012678288431,1.5509733655032474,UGT1A10;ZIC3;PCSK9;LSR;E2F7;AURKA;E2F8,Basal,Activated
GO_Biological_Process_2023,Neutral Amino Acid Transport (GO:0015804),7/35,0.312115072931702,0.9999962554776264,0,0,1.332012678288431,1.5509733655032474,SLC7A5;SLC6A17;SLC6A9;SLC6A15;SLC7A11;SLC38A3;SLC38A5,Basal,Activated
GO_Biological_Process_2023,Positive Regulation Of Mitotic Nuclear Division (GO:0045840),7/35,0.312115072931702,0.9999962554776264,0,0,1.332012678288431,1.5509733655032474,CDC20;IL1A;DMRT1;ESPL1;UBE2C;DLGAP5;AURKA,Basal,Activated
GO_Biological_Process_2023,Branching Involved In Ureteric Bud Morphogenesis (GO:0001658),4/18,0.3145564564022176,0.9999962554776264,0,0,1.5221206912150549,1.7604721690286655,FOXD1;GDNF;WT1;HOXA11,Basal,Activated
GO_Biological_Process_2023,Positive Regulation Of Neuroblast Proliferation (GO:0002052),4/18,0.3145564564022176,0.9999962554776264,0,0,1.5221206912150549,1.7604721690286655,BCAN;NCAN;HAPLN3;HAPLN1,Basal,Activated
GO_Biological_Process_2023,Regulation Of Epithelial Cell Differentiation (GO:0030856),4/18,0.3145564564022176,0.9999962554776264,0,0,1.5221206912150549,1.7604721690286655,IFNG;PRKX;CD24;DSPP,Basal,Activated
GO_Biological_Process_2023,mRNA Stabilization (GO:0048255),10/53,0.3237451345093695,0.9999962554776264,0,0,1.2391541730610318,1.397516458815875,DAZL;BOLL;GDNF;ELAVL4;MEIOC;E2F1;IGF2BP1;IGF2BP3;IGF2BP2;TENT5D,Basal,Activated
GO_Biological_Process_2023,Iron Ion Transport (GO:0006826),5/24,0.3269224590338739,0.9999962554776264,0,0,1.401980561158995,1.5674595016350952,HEPHL1;TTYH1;TFR2;MELTF;CP,Basal,Activated
GO_Biological_Process_2023,Antigen Processing And Presentation Of Endogenous Peptide Antigen Via MHC Class I Via ER Pathway (GO:0002484),3/13,0.3389726546749347,0.9999962554776264,0,0,1.5981006647673317,1.72888257432356,ULBP2;HLA-G;ULBP1,Basal,Activated
GO_Biological_Process_2023,"Antigen Processing And Presentation Of Endogenous Peptide Antigen Via MHC Class I Via ER Pathway, TAP-independent (GO:0002486)",3/13,0.3389726546749347,0.9999962554776264,0,0,1.5981006647673317,1.72888257432356,ULBP2;HLA-G;ULBP1,Basal,Activated
GO_Biological_Process_2023,Antigen Processing And Presentation Of Endogenous Peptide Antigen Via MHC Class Ib (GO:0002476),3/13,0.3389726546749347,0.9999962554776264,0,0,1.5981006647673317,1.72888257432356,ULBP2;HLA-G;ULBP1,Basal,Activated
GO_Biological_Process_2023,Antigen Processing And Presentation Of Peptide Antigen Via MHC Class Ib (GO:0002428),3/13,0.3389726546749347,0.9999962554776264,0,0,1.5981006647673317,1.72888257432356,ULBP2;HLA-G;ULBP1,Basal,Activated
GO_Biological_Process_2023,Atrial Septum Development (GO:0003283),3/13,0.3389726546749347,0.9999962554776264,0,0,1.5981006647673317,1.72888257432356,TBX20;NKX2-5;DAND5,Basal,Activated
GO_Biological_Process_2023,Positive Regulation Of T-helper 17 Type Immune Response (GO:2000318),3/13,0.3389726546749347,0.9999962554776264,0,0,1.5981006647673317,1.72888257432356,NLRP10;CLEC7A;CLEC6A,Basal,Activated
GO_Biological_Process_2023,Positive Regulation Of Granulocyte Macrophage Colony-Stimulating Factor Production (GO:0032725),3/13,0.3389726546749347,0.9999962554776264,0,0,1.5981006647673317,1.72888257432356,CD80;PAEP;RASGRP1,Basal,Activated
GO_Biological_Process_2023,Regulation Of T-helper 17 Type Immune Response (GO:2000316),3/13,0.3389726546749347,0.9999962554776264,0,0,1.5981006647673317,1.72888257432356,NLRP10;CLEC7A;CLEC6A,Basal,Activated
GO_Biological_Process_2023,Regulation Of Gastrulation (GO:0010470),3/13,0.3389726546749347,0.9999962554776264,0,0,1.5981006647673317,1.72888257432356,SCX;OTX2;FOXA2,Basal,Activated
GO_Biological_Process_2023,Keratinocyte Differentiation (GO:0030216),8/42,0.3425990990325424,0.9999962554776264,0,0,1.2536088626953634,1.342858696843452,SCEL;SPRR2G;ST14;KRT16;SPRR1A;IVL;SPRR1B;S100A7,Basal,Activated
GO_Biological_Process_2023,Regulation Of DNA Binding (GO:0051101),9/48,0.3446967974053775,0.9999962554776264,0,0,1.2295249945107225,1.3095548950089877,CDT1;FOXC1;HJURP;E2F1;PLAUR;HMGA2;MMP8;MMP9;MDFI,Basal,Activated
GO_Biological_Process_2023,Calcium-Independent Cell-Cell Adhesion Via Plasma Membrane Cell-Adhesion Molecules (GO:0016338),4/19,0.3531491945507771,0.9999962554776264,0,0,1.420561536837661,1.4786123065706085,CLDN6;CLDN10;CLDN9;CLDN16,Basal,Activated
GO_Biological_Process_2023,Dopaminergic Neuron Differentiation (GO:0071542),4/19,0.3531491945507771,0.9999962554776264,0,0,1.420561536837661,1.4786123065706085,EN1;OTX2;PHOX2B;FOXA2,Basal,Activated
GO_Biological_Process_2023,Regulation Of Granulocyte Chemotaxis (GO:0071622),4/19,0.3531491945507771,0.9999962554776264,0,0,1.420561536837661,1.4786123065706085,MDK;CXCL17;S100A14;S100A7,Basal,Activated
GO_Biological_Process_2023,Extracellular Structure Organization (GO:0043062),19/109,0.3595242441199565,0.9999962554776264,0,0,1.12494078551985,1.1507847990055198,MMP7;MMP1;COL11A1;COL22A1;APLP1;MMP8;MMP9;COL19A1;MMP20;ADAMTS20;MMP12;MMP11;C6ORF15;MMP13;IBSP;SMOC1;COL9A1;COL9A3;MATN4,Basal,Activated
GO_Biological_Process_2023,Inner Ear Morphogenesis (GO:0042472),5/25,0.3605332777510923,0.9999962554776264,0,0,1.331802343997466,1.358666151090638,MYO3B;ZIC1;MYO3A;OTOP1;POU3F4,Basal,Activated
GO_Biological_Process_2023,Regulation Of Monocyte Chemotaxis (GO:0090025),5/25,0.3605332777510923,0.9999962554776264,0,0,1.331802343997466,1.358666151090638,CXCL10;CXCL17;CCL1;S100A14;S100A7,Basal,Activated
GO_Biological_Process_2023,Inorganic Cation Import Across Plasma Membrane (GO:0098659),18/103,0.3608475220493076,0.9999962554776264,0,0,1.128401436910642,1.1501793436955616,KCNH2;HCN4;KCNJ4;KCNJ6;KCNJ10;KCNK9;KCNJ9;SLC12A1;CACNA1B;TRPV3;ATP1A3;SLC39A12;KCNJ18;ATP12A;CACNA1E;ATP4B;SLC12A8;SCN1A,Basal,Activated
GO_Biological_Process_2023,Positive Regulation Of Mononuclear Cell Migration (GO:0071677),6/31,0.3646516640062113,0.9999962554776264,0,0,1.278555133079848,1.289822689482923,CXCL10;CXCL17;CCL1;S100A14;TNF;S100A7,Basal,Activated
GO_Biological_Process_2023,Protein Localization To Chromatin (GO:0071168),6/31,0.3646516640062113,0.9999962554776264,0,0,1.278555133079848,1.289822689482923,H1-5;H4C9;PLK1;H2BC11;TONSL;CENPA,Basal,Activated
GO_Biological_Process_2023,Regulation Of Viral Genome Replication (GO:0045069),12/67,0.3674718869196988,0.9999962554776264,0,0,1.1624588744588744,1.1637474152887428,IFIH1;CXCL8;RSAD2;SLPI;IFNB1;MX1;ISG15;TNF;IFNL3;APOBEC3A;OASL;SRPK1,Basal,Activated
GO_Biological_Process_2023,Positive Regulation Of Biomineral Tissue Development (GO:0070169),8/43,0.3681263116661188,0.9999962554776264,0,0,1.2177189962858954,1.2169021034800855,FBN2;CCNA2;WNT6;FZD9;AMTN;ISG15;FBXO5;ODAPH,Basal,Activated
GO_Biological_Process_2023,Negative Regulation Of Viral Process (GO:0048525),11/61,0.368127585301408,0.9999962554776264,0,0,1.1721231355125357,1.171332774887614,IFIH1;RSAD2;SLPI;IFNB1;MX1;ISG15;TNF;IFNL3;APOBEC3A;OASL;SRPK1,Basal,Activated
GO_Biological_Process_2023,DNA Cytosine Deamination (GO:0070383),2/8,0.3684307790696164,0.9999962554776264,0,0,1.7755274261603375,1.772868449779644,APOBEC3A;APOBEC3B,Basal,Activated
GO_Biological_Process_2023,Acid Secretion (GO:0046717),2/8,0.3684307790696164,0.9999962554776264,0,0,1.7755274261603375,1.772868449779644,SLC22A16;UGT1A6,Basal,Activated
GO_Biological_Process_2023,Androgen Biosynthetic Process (GO:0006702),2/8,0.3684307790696164,0.9999962554776264,0,0,1.7755274261603375,1.772868449779644,SRD5A2;HSD17B6,Basal,Activated
GO_Biological_Process_2023,Constitutive Heterochromatin Formation (GO:0140719),2/8,0.3684307790696164,0.9999962554776264,0,0,1.7755274261603375,1.772868449779644,HELLS;EZH2,Basal,Activated
GO_Biological_Process_2023,Embryonic Digestive Tract Morphogenesis (GO:0048557),2/8,0.3684307790696164,0.9999962554776264,0,0,1.7755274261603375,1.772868449779644,SIX2;SOX11,Basal,Activated
GO_Biological_Process_2023,Glutamine Transport (GO:0006868),2/8,0.3684307790696164,0.9999962554776264,0,0,1.7755274261603375,1.772868449779644,SLC38A3;SLC38A5,Basal,Activated
GO_Biological_Process_2023,Hyaluronan Catabolic Process (GO:0030214),2/8,0.3684307790696164,0.9999962554776264,0,0,1.7755274261603375,1.772868449779644,CEMIP;HYAL4,Basal,Activated
GO_Biological_Process_2023,Intestinal Epithelial Cell Differentiation (GO:0060575),2/8,0.3684307790696164,0.9999962554776264,0,0,1.7755274261603375,1.772868449779644,NPY;GATA5,Basal,Activated
GO_Biological_Process_2023,Negative Regulation Of Chromosome Organization (GO:2001251),2/8,0.3684307790696164,0.9999962554776264,0,0,1.7755274261603375,1.772868449779644,TOP2A;ESPL1,Basal,Activated
GO_Biological_Process_2023,Negative Regulation Of Mitotic Nuclear Division (GO:0045839),2/8,0.3684307790696164,0.9999962554776264,0,0,1.7755274261603375,1.772868449779644,CHEK1;FBXO5,Basal,Activated
GO_Biological_Process_2023,Negative Regulation Of Production Of Molecular Mediator Of Immune Response (GO:0002701),2/8,0.3684307790696164,0.9999962554776264,0,0,1.7755274261603375,1.772868449779644,APOA2;TNF,Basal,Activated
GO_Biological_Process_2023,Negative Regulation Of Ubiquitin Protein Ligase Activity (GO:1904667),2/8,0.3684307790696164,0.9999962554776264,0,0,1.7755274261603375,1.772868449779644,FBXO5;MAD2L1,Basal,Activated
GO_Biological_Process_2023,Phosphatidylglycerol Acyl-Chain Remodeling (GO:0036148),2/8,0.3684307790696164,0.9999962554776264,0,0,1.7755274261603375,1.772868449779644,PLA2G2F;PLA2G4D,Basal,Activated
GO_Biological_Process_2023,"Phototransduction, Visible Light (GO:0007603)",2/8,0.3684307790696164,0.9999962554776264,0,0,1.7755274261603375,1.772868449779644,GRK1;GNAT1,Basal,Activated
GO_Biological_Process_2023,Positive Regulation Of Centriole Replication (GO:0046601),2/8,0.3684307790696164,0.9999962554776264,0,0,1.7755274261603375,1.772868449779644,PLK4;STIL,Basal,Activated
GO_Biological_Process_2023,Positive Regulation Of Epithelial Cell Proliferation Involved In Wound Healing (GO:0060054),2/8,0.3684307790696164,0.9999962554776264,0,0,1.7755274261603375,1.772868449779644,MMP12;ODAM,Basal,Activated
GO_Biological_Process_2023,Positive Regulation Of Smooth Muscle Cell Apoptotic Process (GO:0034393),2/8,0.3684307790696164,0.9999962554776264,0,0,1.7755274261603375,1.772868449779644,IFNG;E2F3,Basal,Activated
GO_Biological_Process_2023,Protein K29-linked Ubiquitination (GO:0035519),2/8,0.3684307790696164,0.9999962554776264,0,0,1.7755274261603375,1.772868449779644,UBE2S;UBE2T,Basal,Activated
GO_Biological_Process_2023,Regulation Of DNA Demethylation (GO:1901535),2/8,0.3684307790696164,0.9999962554776264,0,0,1.7755274261603375,1.772868449779644,APOBEC1;STPG4,Basal,Activated
GO_Biological_Process_2023,Regulation Of Epidermis Development (GO:0045682),2/8,0.3684307790696164,0.9999962554776264,0,0,1.7755274261603375,1.772868449779644,KRT2;TMEM79,Basal,Activated
GO_Biological_Process_2023,Regulation Of Glial Cell Proliferation (GO:0060251),2/8,0.3684307790696164,0.9999962554776264,0,0,1.7755274261603375,1.772868449779644,SOX11;TNF,Basal,Activated
GO_Biological_Process_2023,Regulation Of Morphogenesis Of An Epithelium (GO:1905330),2/8,0.3684307790696164,0.9999962554776264,0,0,1.7755274261603375,1.772868449779644,CXCL10;SIX2,Basal,Activated
GO_Biological_Process_2023,Regulation Of Necrotic Cell Death (GO:0010939),2/8,0.3684307790696164,0.9999962554776264,0,0,1.7755274261603375,1.772868449779644,ATG9B;MT3,Basal,Activated
GO_Biological_Process_2023,Regulation Of Nuclear Cell Cycle DNA Replication (GO:0033262),2/8,0.3684307790696164,0.9999962554776264,0,0,1.7755274261603375,1.772868449779644,DBF4;CDC7,Basal,Activated
GO_Biological_Process_2023,Regulation Of Podosome Assembly (GO:0071801),2/8,0.3684307790696164,0.9999962554776264,0,0,1.7755274261603375,1.772868449779644,FSCN1;TNF,Basal,Activated
GO_Biological_Process_2023,Regulation Of Rhodopsin Mediated Signaling Pathway (GO:0022400),2/8,0.3684307790696164,0.9999962554776264,0,0,1.7755274261603375,1.772868449779644,GRK1;GNAT1,Basal,Activated
GO_Biological_Process_2023,Type B Pancreatic Cell Differentiation (GO:0003309),2/8,0.3684307790696164,0.9999962554776264,0,0,1.7755274261603375,1.772868449779644,CDH2;PDX1,Basal,Activated
GO_Biological_Process_2023,Tyrosine Phosphorylation Of STAT Protein (GO:0007260),2/8,0.3684307790696164,0.9999962554776264,0,0,1.7755274261603375,1.772868449779644,IL21;IFNL4,Basal,Activated
GO_Biological_Process_2023,External Encapsulating Structure Organization (GO:0045229),19/110,0.3754350742217728,0.9999962554776264,0,0,1.1125123683189226,1.0898946888187344,MMP7;MMP1;COL11A1;COL22A1;APLP1;MMP8;MMP9;COL19A1;MMP20;ADAMTS20;MMP12;MMP11;C6ORF15;MMP13;IBSP;SMOC1;COL9A1;COL9A3;MATN4,Basal,Activated
GO_Biological_Process_2023,L-glutamate Transmembrane Transport (GO:0015813),3/14,0.3854135612454781,0.9999962554776264,0,0,1.4527324527324528,1.385090812626277,SLC7A11;SLC1A6;SLC25A22,Basal,Activated
GO_Biological_Process_2023,Aminoglycan Catabolic Process (GO:0006026),3/14,0.3854135612454781,0.9999962554776264,0,0,1.4527324527324528,1.385090812626277,CHIA;CHI3L2;HYAL4,Basal,Activated
GO_Biological_Process_2023,Cellular Response To Exogenous dsRNA (GO:0071360),3/14,0.3854135612454781,0.9999962554776264,0,0,1.4527324527324528,1.385090812626277,IFIH1;IFNB1;CGAS,Basal,Activated
GO_Biological_Process_2023,Establishment Of Protein Localization To Chromosome (GO:0070199),3/14,0.3854135612454781,0.9999962554776264,0,0,1.4527324527324528,1.385090812626277,H1-5;TERT;BRCA2,Basal,Activated
GO_Biological_Process_2023,Histone H2A Monoubiquitination (GO:0035518),3/14,0.3854135612454781,0.9999962554776264,0,0,1.4527324527324528,1.385090812626277,DEPDC1B;RAD51;BRCA2,Basal,Activated
GO_Biological_Process_2023,Mitotic intra-S DNA Damage Checkpoint Signaling (GO:0031573),3/14,0.3854135612454781,0.9999962554776264,0,0,1.4527324527324528,1.385090812626277,EME1;FANCD2;CHEK2,Basal,Activated
GO_Biological_Process_2023,Negative Regulation Of T Cell Mediated Immunity (GO:0002710),3/14,0.3854135612454781,0.9999962554776264,0,0,1.4527324527324528,1.385090812626277,IL4I1;CD80;HLA-G,Basal,Activated
GO_Biological_Process_2023,Negative Regulation Of Chondrocyte Differentiation (GO:0032331),3/14,0.3854135612454781,0.9999962554776264,0,0,1.4527324527324528,1.385090812626277,GDF5;NKX3-2;RFLNA,Basal,Activated
GO_Biological_Process_2023,Negative Regulation Of Single Stranded Viral RNA Replication Via Double Stranded DNA Intermediate (GO:0045869),3/14,0.3854135612454781,0.9999962554776264,0,0,1.4527324527324528,1.385090812626277,HMGA2;APOBEC3A;APOBEC3B,Basal,Activated
GO_Biological_Process_2023,Positive Regulation Of Adaptive Immune Response Based On Somatic Recombination Of Immune Receptors Built From Immunoglobulin Superfamily Domains (GO:0002824),3/14,0.3854135612454781,0.9999962554776264,0,0,1.4527324527324528,1.385090812626277,NLRP10;CLEC7A;CLEC6A,Basal,Activated
GO_Biological_Process_2023,Regulation Of Branching Involved In Ureteric Bud Morphogenesis (GO:0090189),3/14,0.3854135612454781,0.9999962554776264,0,0,1.4527324527324528,1.385090812626277,GDNF;SIX2;SOX8,Basal,Activated
GO_Biological_Process_2023,Synaptonemal Complex Assembly (GO:0007130),3/14,0.3854135612454781,0.9999962554776264,0,0,1.4527324527324528,1.385090812626277,TEX15;HORMAD1;TRIP13,Basal,Activated
GO_Biological_Process_2023,Synaptonemal Complex Organization (GO:0070193),3/14,0.3854135612454781,0.9999962554776264,0,0,1.4527324527324528,1.385090812626277,TEX15;HORMAD1;TRIP13,Basal,Activated
GO_Biological_Process_2023,Positive Regulation Of Cellular Metabolic Process (GO:0031325),10/56,0.3911855935934534,0.9999962554776264,0,0,1.1581328625027587,1.0869924293676256,CCNB1;CXCL8;IFNG;CDK1;CGAS;ACOD1;HLA-G;MT3;KIR2DL4;AGT,Basal,Activated
GO_Biological_Process_2023,Defense Response To Symbiont (GO:0140546),25/148,0.3925316507639199,0.9999962554776264,0,0,1.0829957677963773,1.012750611235079,IL21;RTP4;CGAS;OASL;IFIH1;BPIFA1;IFNL2;EXOSC4;IFNL1;IGF2BP1;SKP2;IFNL4;IFNL3;GBP5;RSAD2;IFNB1;MX1;ACOD1;OPRK1;ISG15;AIM2;IFI27;CD207;APOBEC3A;APOBEC3B,Basal,Activated
GO_Biological_Process_2023,Camera-Type Eye Development (GO:0043010),5/26,0.3942222198976282,0.9999962554776264,0,0,1.2683077665656062,1.1805922594096652,FBN2;FOXE3;WT1;FOXL2;PRSS56,Basal,Activated
GO_Biological_Process_2023,Meiosis I (GO:0007127),5/26,0.3942222198976282,0.9999962554776264,0,0,1.2683077665656062,1.1805922594096652,CCNA1;PTTG1;MEIOC;MYBL1;PTTG3P,Basal,Activated
GO_Biological_Process_2023,Positive Regulation Of Monooxygenase Activity (GO:0032770),5/26,0.3942222198976282,0.9999962554776264,0,0,1.2683077665656062,1.1805922594096652,TERT;GDNF;IFNG;S100A1;TNF,Basal,Activated
GO_Biological_Process_2023,Heterochromatin Formation (GO:0031507),6/32,0.3949147435067724,0.9999962554776264,0,0,1.2293068148581456,1.142130985040673,UHRF1;H1-9P;HMGA2;LMNB2;LMNB1;EZH2,Basal,Activated
GO_Biological_Process_2023,Nucleosome Organization (GO:0034728),13/75,0.4059207585366011,0.9999962554776264,0,0,1.1170366424568987,1.0071172369790904,H2AX;H2BC9;H4C9;H2BC3;HMGA1;H2BC17;H2BC13;CHAF1B;H2BC14;H3C14;H2BC11;H3C1;ASF1B,Basal,Activated
GO_Biological_Process_2023,G1/S Transition Of Mitotic Cell Cycle (GO:0000082),11/63,0.4111928053412286,0.9999962554776264,0,0,1.1269072089446577,1.0014746178054637,TRIM71;DBF4;CCNE2;CCNE1;E2F1;EIF4EBP1;E2F2;E2F3;CDC7;CDC25A;CDKN3,Basal,Activated
GO_Biological_Process_2023,"Negative Regulation Of Gene Expression, Epigenetic (GO:0045814)",9/51,0.4166893864615298,0.9999962554776264,0,0,1.141497893162974,0.9992834778813162,SUV39H2;HELLS;UHRF1;H1-9P;CHEK1;HMGA2;LMNB2;LMNB1;EZH2,Basal,Activated
GO_Biological_Process_2023,Digestive Tract Development (GO:0048565),7/39,0.4223280570731781,0.9999962554776264,0,0,1.1652337559429478,1.004399897095242,CXCL8;CDX2;ZIC3;NPY;GATA5;TNF;EPHB3,Basal,Activated
GO_Biological_Process_2023,Regulation Of Mitotic Spindle Organization (GO:0060236),7/39,0.4223280570731781,0.9999962554776264,0,0,1.1652337559429478,1.004399897095242,GPSM2;TPX2;STIL;PSRC1;PLK1;TACC3;FSD1,Basal,Activated
GO_Biological_Process_2023,Amino Acid Import Across Plasma Membrane (GO:0089718),5/27,0.4277435715447479,0.9999962554776264,0,0,1.2105854234457338,1.0280671477456154,SLC7A5;SLC6A9;SLC1A6;SLC38A3;SLC38A5,Basal,Activated
GO_Biological_Process_2023,Microtubule Polymerization Or Depolymerization (GO:0031109),5/27,0.4277435715447479,0.9999962554776264,0,0,1.2105854234457338,1.0280671477456154,KIF18A;KIF18B;STMN1;KIF14;KIF2C,Basal,Activated
GO_Biological_Process_2023,G Protein-Coupled Serotonin Receptor Signaling Pathway (GO:0098664),2/9,0.4283932573935901,0.9999962554776264,0,0,1.5217902350813743,1.2900423997241308,HTR1D;HTR2C,Basal,Activated
GO_Biological_Process_2023,Adrenal Gland Development (GO:0030325),2/9,0.4283932573935901,0.9999962554776264,0,0,1.5217902350813743,1.2900423997241308,MDK;WT1,Basal,Activated
GO_Biological_Process_2023,Aspartate Transmembrane Transport (GO:0015810),2/9,0.4283932573935901,0.9999962554776264,0,0,1.5217902350813743,1.2900423997241308,SLC1A6;SLC25A22,Basal,Activated
GO_Biological_Process_2023,Calcium Ion Transport Into Cytosol (GO:0060402),2/9,0.4283932573935901,0.9999962554776264,0,0,1.5217902350813743,1.2900423997241308,JPH3;JPH1,Basal,Activated
GO_Biological_Process_2023,Cell Differentiation In Spinal Cord (GO:0021515),2/9,0.4283932573935901,0.9999962554776264,0,0,1.5217902350813743,1.2900423997241308,DRAXIN;MDGA2,Basal,Activated
GO_Biological_Process_2023,Chloride Ion Homeostasis (GO:0055064),2/9,0.4283932573935901,0.9999962554776264,0,0,1.5217902350813743,1.2900423997241308,SLC12A1;SLC12A8,Basal,Activated
GO_Biological_Process_2023,Ectoderm Development (GO:0007398),2/9,0.4283932573935901,0.9999962554776264,0,0,1.5217902350813743,1.2900423997241308,VAX2;KRT6B,Basal,Activated
GO_Biological_Process_2023,Endodermal Cell Fate Commitment (GO:0001711),2/9,0.4283932573935901,0.9999962554776264,0,0,1.5217902350813743,1.2900423997241308,SOX2;POU5F1,Basal,Activated
GO_Biological_Process_2023,Hormone Transport (GO:0009914),2/9,0.4283932573935901,0.9999962554776264,0,0,1.5217902350813743,1.2900423997241308,SLC7A5;SLC16A10,Basal,Activated
GO_Biological_Process_2023,Ketone Biosynthetic Process (GO:0042181),2/9,0.4283932573935901,0.9999962554776264,0,0,1.5217902350813743,1.2900423997241308,TPI1;SRD5A2,Basal,Activated
GO_Biological_Process_2023,Mesenchymal To Epithelial Transition (GO:0060231),2/9,0.4283932573935901,0.9999962554776264,0,0,1.5217902350813743,1.2900423997241308,WT1;SIX2,Basal,Activated
GO_Biological_Process_2023,Monoatomic Anion Homeostasis (GO:0055081),2/9,0.4283932573935901,0.9999962554776264,0,0,1.5217902350813743,1.2900423997241308,SLC12A1;SLC12A8,Basal,Activated
GO_Biological_Process_2023,Morphogenesis Of An Epithelial Sheet (GO:0002011),2/9,0.4283932573935901,0.9999962554776264,0,0,1.5217902350813743,1.2900423997241308,TBX20;SOX11,Basal,Activated
GO_Biological_Process_2023,Muscle Cell Fate Commitment (GO:0042693),2/9,0.4283932573935901,0.9999962554776264,0,0,1.5217902350813743,1.2900423997241308,WT1;MYOD1,Basal,Activated
GO_Biological_Process_2023,Myeloid Dendritic Cell Differentiation (GO:0043011),2/9,0.4283932573935901,0.9999962554776264,0,0,1.5217902350813743,1.2900423997241308,BATF2;UBD,Basal,Activated
GO_Biological_Process_2023,Negative Regulation Of Cell-Cell Adhesion Mediated By Cadherin (GO:2000048),2/9,0.4283932573935901,0.9999962554776264,0,0,1.5217902350813743,1.2900423997241308,EPCAM;PLG,Basal,Activated
GO_Biological_Process_2023,Negative Regulation Of Humoral Immune Response Mediated By Circulating Immunoglobulin (GO:0002924),2/9,0.4283932573935901,0.9999962554776264,0,0,1.5217902350813743,1.2900423997241308,CR1L;FOXJ1,Basal,Activated
GO_Biological_Process_2023,Nucleobase-Containing Compound Biosynthetic Process (GO:0034654),2/9,0.4283932573935901,0.9999962554776264,0,0,1.5217902350813743,1.2900423997241308,TERT;TYMS,Basal,Activated
GO_Biological_Process_2023,Organic Hydroxy Compound Catabolic Process (GO:1901616),2/9,0.4283932573935901,0.9999962554776264,0,0,1.5217902350813743,1.2900423997241308,HSD17B6;LCT,Basal,Activated
GO_Biological_Process_2023,Peptidyl-Amino Acid Modification (GO:0018193),2/9,0.4283932573935901,0.9999962554776264,0,0,1.5217902350813743,1.2900423997241308,TTLL4;APOA2,Basal,Activated
GO_Biological_Process_2023,Peptidyl-Cysteine Modification (GO:0018198),2/9,0.4283932573935901,0.9999962554776264,0,0,1.5217902350813743,1.2900423997241308,S100A9;S100A8,Basal,Activated
GO_Biological_Process_2023,Positive Regulation Of RIG-I Signaling Pathway (GO:1900246),2/9,0.4283932573935901,0.9999962554776264,0,0,1.5217902350813743,1.2900423997241308,TRIM15;OASL,Basal,Activated
GO_Biological_Process_2023,Protein K6-linked Ubiquitination (GO:0085020),2/9,0.4283932573935901,0.9999962554776264,0,0,1.5217902350813743,1.2900423997241308,UBE2S;UBE2T,Basal,Activated
GO_Biological_Process_2023,Protein O-linked Glycosylation Via Serine (GO:0018242),2/9,0.4283932573935901,0.9999962554776264,0,0,1.5217902350813743,1.2900423997241308,GALNT13;MGAT5B,Basal,Activated
GO_Biological_Process_2023,Regulation Of Actin Filament Length (GO:0030832),2/9,0.4283932573935901,0.9999962554776264,0,0,1.5217902350813743,1.2900423997241308,MYO3B;MYO3A,Basal,Activated
GO_Biological_Process_2023,Regulation Of Hair Cycle (GO:0042634),2/9,0.4283932573935901,0.9999962554776264,0,0,1.5217902350813743,1.2900423997241308,TERT;TRPV3,Basal,Activated
GO_Biological_Process_2023,Regulation Of Tau-Protein Kinase Activity (GO:1902947),2/9,0.4283932573935901,0.9999962554776264,0,0,1.5217902350813743,1.2900423997241308,IFNG;DKK1,Basal,Activated
GO_Biological_Process_2023,Response To Type I Interferon (GO:0034340),2/9,0.4283932573935901,0.9999962554776264,0,0,1.5217902350813743,1.2900423997241308,MX1;ISG15,Basal,Activated
GO_Biological_Process_2023,Sequestering Of Extracellular Ligand From Receptor (GO:0035581),2/9,0.4283932573935901,0.9999962554776264,0,0,1.5217902350813743,1.2900423997241308,FBN2;DAND5,Basal,Activated
GO_Biological_Process_2023,Serine Family Amino Acid Catabolic Process (GO:0009071),2/9,0.4283932573935901,0.9999962554776264,0,0,1.5217902350813743,1.2900423997241308,CBS;GLDC,Basal,Activated
GO_Biological_Process_2023,Antigen Processing And Presentation Of Endogenous Peptide Antigen (GO:0002483),4/21,0.4299546336494913,0.9999962554776264,0,0,1.253287635510189,1.0578694865981757,TAP1;ULBP2;HLA-G;ULBP1,Basal,Activated
GO_Biological_Process_2023,Positive Regulation Of Granulocyte Chemotaxis (GO:0071624),4/21,0.4299546336494913,0.9999962554776264,0,0,1.253287635510189,1.0578694865981757,CXCL8;MDK;S100A14;S100A7,Basal,Activated
GO_Biological_Process_2023,Positive Regulation Of Transcription Regulatory Region DNA Binding (GO:2000679),4/21,0.4299546336494913,0.9999962554776264,0,0,1.253287635510189,1.0578694865981757,FOXC1;IFNG;PAX6;POU4F1,Basal,Activated
GO_Biological_Process_2023,Regulation Of Cardiac Conduction (GO:1903779),4/21,0.4299546336494913,0.9999962554776264,0,0,1.253287635510189,1.0578694865981757,ATP2B3;ATP2B2;NKX2-5;AGT,Basal,Activated
GO_Biological_Process_2023,Retrotransposon Silencing (GO:0010526),4/21,0.4299546336494913,0.9999962554776264,0,0,1.253287635510189,1.0578694865981757,TDRD12;TEX15;TEX19;APOBEC3B,Basal,Activated
GO_Biological_Process_2023,DNA Alkylation (GO:0006305),3/15,0.43103072610237,0.9999962554776264,0,0,1.3315922760367205,1.120635969681567,HELLS;BEND3;DNMT3B,Basal,Activated
GO_Biological_Process_2023,Astrocyte Development (GO:0014002),3/15,0.43103072610237,0.9999962554776264,0,0,1.3315922760367205,1.120635969681567,IFNG;TNF;S100A9,Basal,Activated
GO_Biological_Process_2023,Cellular Response To Zinc Ion (GO:0071294),3/15,0.43103072610237,0.9999962554776264,0,0,1.3315922760367205,1.120635969681567,GLRA2;MT1G;MT1H,Basal,Activated
GO_Biological_Process_2023,Defense Response To Protozoan (GO:0042832),3/15,0.43103072610237,0.9999962554776264,0,0,1.3315922760367205,1.120635969681567,BATF2;CLEC7A;GBP1,Basal,Activated
GO_Biological_Process_2023,Digestive Tract Morphogenesis (GO:0048546),3/15,0.43103072610237,0.9999962554776264,0,0,1.3315922760367205,1.120635969681567,SIX2;SOX11;EPHB3,Basal,Activated
GO_Biological_Process_2023,Keratan Sulfate Biosynthetic Process (GO:0018146),3/15,0.43103072610237,0.9999962554776264,0,0,1.3315922760367205,1.120635969681567,CHST6;B3GNT7;B3GNT4,Basal,Activated
GO_Biological_Process_2023,Negative Regulation Of DNA Replication (GO:0008156),3/15,0.43103072610237,0.9999962554776264,0,0,1.3315922760367205,1.120635969681567,CDT1;CDC6;S100A11,Basal,Activated
GO_Biological_Process_2023,Negative Regulation Of Epithelial Cell Differentiation (GO:0030857),3/15,0.43103072610237,0.9999962554776264,0,0,1.3315922760367205,1.120635969681567,FOXE3;IFNG;MMP9,Basal,Activated
GO_Biological_Process_2023,Regulation Of Granulocyte Macrophage Colony-Stimulating Factor Production (GO:0032645),3/15,0.43103072610237,0.9999962554776264,0,0,1.3315922760367205,1.120635969681567,CD80;PAEP;RASGRP1,Basal,Activated
GO_Biological_Process_2023,Sympathetic Nervous System Development (GO:0048485),3/15,0.43103072610237,0.9999962554776264,0,0,1.3315922760367205,1.120635969681567,GDNF;SOX11;PHOX2B,Basal,Activated
GO_Biological_Process_2023,Eye Development (GO:0001654),10/58,0.4366409201215683,0.9999962554776264,0,0,1.1097451353637902,0.9195837752883292,SOX2;FBN2;FOXE3;FOXC1;WT1;SMOC1;SIX3;PAX6;PRSS56;FREM2,Basal,Activated
GO_Biological_Process_2023,Adenylate Cyclase-Inhibiting G Protein-Coupled Receptor Signaling Pathway (GO:0007193),9/52,0.4407399305867686,0.9999962554776264,0,0,1.1148850485694688,0.91342565927712,CHRM3;GABBR2;GPR37;PSAPL1;HRH3;GRM8;HTR1D;OPRK1;GPR37L1,Basal,Activated
GO_Biological_Process_2023,Cartilage Development (GO:0051216),9/52,0.4407399305867686,0.9999962554776264,0,0,1.1148850485694688,0.91342565927712,COL2A1;SNORC;EPYC;COL11A2;SCX;CHI3L1;HMGA2;GDF5;HOXA11,Basal,Activated
GO_Biological_Process_2023,L-alpha-amino Acid Transmembrane Transport (GO:1902475),7/40,0.449878025099401,0.9999962554776264,0,0,1.1298564087787544,0.9025053331511508,SLC7A5;SLC6A9;SLC7A11;SLC1A6;SLC38A3;SLC25A22;SLC38A5,Basal,Activated
GO_Biological_Process_2023,Regulation Of Cytosolic Calcium Ion Concentration (GO:0051480),7/40,0.449878025099401,0.9999962554776264,0,0,1.1298564087787544,0.9025053331511508,CALCA;CALCB;FZD9;TUNAR;ATP2B3;ATP2B2;HCRTR2,Basal,Activated
GO_Biological_Process_2023,Regulation Of Interleukin-17 Production (GO:0032660),6/34,0.4550786073070587,0.9999962554776264,0,0,1.1413633894622488,0.8985784034955451,IL21;SLC7A5;IFNG;OSM;CCL1;IL36RN,Basal,Activated
GO_Biological_Process_2023,Regulation Of Interleukin-1 Beta Production (GO:0032651),14/84,0.4602765751043232,0.9999962554776264,0,0,1.0653113087674717,0.8266045748496468,GBP5;ORM1;RIPK2;ORM2;TNF;INAVA;AIM2;IFNG;CLEC7A;NLRP7;NLRP2;CARD18;PYDC1;LILRP2,Basal,Activated
GO_Biological_Process_2023,Carboxylic Acid Transport (GO:0046942),9/53,0.4646706756472358,0.9999962554776264,0,0,1.0894818787302136,0.8350076183103999,SLC7A5;SLC6A19;SLC16A1;SLC6A15;SLC6A11;SLC16A10;SLC38A3;SLC16A3;SLC38A5,Basal,Activated
GO_Biological_Process_2023,Generation Of Neurons (GO:0048699),28/172,0.4649915496732054,0.9999962554776264,0,0,1.0357548039424236,0.7931147885130088,BRSK2;PCSK9;OTP;VXN;WNT6;RACGAP1;DNER;SIX3;TRIM46;KIAA0319;WNT10A;EN2;EN1;SOX11;ATP2B2;CCK;VAX1;POU3F2;VAX2;PHOX2B;CIT;LHX3;ARTN;LHX2;TAFA3;LHX5;LHX9;LHX8,Basal,Activated
GO_Biological_Process_2023,Acetylcholine Receptor Signaling Pathway (GO:0095500),4/22,0.4674962971121686,0.9999962554776264,0,0,1.1835901766237422,0.8999591845855671,CHRM3;SLURP2;CHRND;LYPD1,Basal,Activated
GO_Biological_Process_2023,Negative Regulation Of Axonogenesis (GO:0050771),4/22,0.4674962971121686,0.9999962554776264,0,0,1.1835901766237422,0.8999591845855671,RTN4R;TRIM46;MT3;KIAA0319,Basal,Activated
GO_Biological_Process_2023,Negative Regulation Of Cell Development (GO:0010721),4/22,0.4674962971121686,0.9999962554776264,0,0,1.1835901766237422,0.8999591845855671,CCL11;PAX6;TNF;RFLNA,Basal,Activated
GO_Biological_Process_2023,Negative Regulation Of Extrinsic Apoptotic Signaling Pathway In Absence Of Ligand (GO:2001240),4/22,0.4674962971121686,0.9999962554776264,0,0,1.1835901766237422,0.8999591845855671,IL1A;GDNF;TERT;TNF,Basal,Activated
GO_Biological_Process_2023,Negative Regulation Of Signal Transduction In Absence Of Ligand (GO:1901099),4/22,0.4674962971121686,0.9999962554776264,0,0,1.1835901766237422,0.8999591845855671,IL1A;GDNF;TERT;TNF,Basal,Activated
GO_Biological_Process_2023,Cell Surface Toll-Like Receptor Signaling Pathway (GO:0140895),3/16,0.4753459469479849,0.9999962554776264,0,0,1.22908904960187,0.9140888045915962,RIPK2;TNIP3;S100A14,Basal,Activated
GO_Biological_Process_2023,Male Meiosis I (GO:0007141),3/16,0.4753459469479849,0.9999962554776264,0,0,1.22908904960187,0.9140888045915962,CCNA1;MEIOC;MYBL1,Basal,Activated
GO_Biological_Process_2023,Negative Regulation Of RNA Biosynthetic Process (GO:1902679),3/16,0.4753459469479849,0.9999962554776264,0,0,1.22908904960187,0.9140888045915962,HMGA2;APOBEC3A;APOBEC3B,Basal,Activated
GO_Biological_Process_2023,Negative Regulation Of Natural Killer Cell Mediated Cytotoxicity (GO:0045953),3/16,0.4753459469479849,0.9999962554776264,0,0,1.22908904960187,0.9140888045915962,SERPINB4;HLA-G;KIR2DL4,Basal,Activated
GO_Biological_Process_2023,Regulation Of Fibrinolysis (GO:0051917),3/16,0.4753459469479849,0.9999962554776264,0,0,1.22908904960187,0.9140888045915962,F12;PLAUR;PLG,Basal,Activated
GO_Biological_Process_2023,Negative Regulation Of Proteolysis (GO:0045861),7/41,0.4771665554997885,0.9999962554776264,0,0,1.096560082035984,0.8113334839052946,SERPINB3;CSTB;SERPINB4;SERPINE2;NLRP7;CHAC1;MAGEA3,Basal,Activated
GO_Biological_Process_2023,Visual System Development (GO:0150063),7/41,0.4771665554997885,0.9999962554776264,0,0,1.096560082035984,0.8113334839052946,SOX2;FOXC1;FOXE3;SMOC1;SIX3;PAX6;FREM2,Basal,Activated
GO_Biological_Process_2023,Negative Regulation Of Peptidase Activity (GO:0010466),10/60,0.4817891569867466,0.9999962554776264,0,0,1.065228426395939,0.7778816674759816,SERPINB3;SERPINB10;SERPINB4;CSTB;SERPINB12;SERPINB2;SERPINB13;SERPINE2;SERPINB7;GAPDH,Basal,Activated
GO_Biological_Process_2023,Establishment Of Spindle Orientation (GO:0051294),6/35,0.4846572570790931,0.9999962554776264,0,0,1.101940474629605,0.7981501683597724,GPSM2;SAPCD2;PLK1;CENPA;NDC80;MAD2L1,Basal,Activated
GO_Biological_Process_2023,Regulation Of Cellular Senescence (GO:2000772),6/35,0.4846572570790931,0.9999962554776264,0,0,1.101940474629605,0.7981501683597724,TERT;CGAS;HMGA2;FBXO5;HLA-G;KIR2DL4,Basal,Activated
GO_Biological_Process_2023,Regulation Of Postsynaptic Membrane Potential (GO:0060078),6/35,0.4846572570790931,0.9999962554776264,0,0,1.101940474629605,0.7981501683597724,GABRA1;GABRA5;GABRA3;FOXM1;GABRG2;GRIN2D,Basal,Activated
GO_Biological_Process_2023,Response To Nutrient Levels (GO:0031667),6/35,0.4846572570790931,0.9999962554776264,0,0,1.101940474629605,0.7981501683597724,GH2;UCN3;CSH2;LGSN;UTS2;PRKAG3,Basal,Activated
GO_Biological_Process_2023,T Cell Chemotaxis (GO:0010818),2/10,0.4851879144140763,0.9999962554776264,0,0,1.331487341772152,0.9629569580557836,CXCL10;CXCL11,Basal,Activated
GO_Biological_Process_2023,Ammonium Transmembrane Transport (GO:0072488),2/10,0.4851879144140763,0.9999962554776264,0,0,1.331487341772152,0.9629569580557836,RHCG;RHCE,Basal,Activated
GO_Biological_Process_2023,Atrial Septum Morphogenesis (GO:0060413),2/10,0.4851879144140763,0.9999962554776264,0,0,1.331487341772152,0.9629569580557836,TBX20;NKX2-5,Basal,Activated
GO_Biological_Process_2023,Cell Proliferation In Forebrain (GO:0021846),2/10,0.4851879144140763,0.9999962554776264,0,0,1.331487341772152,0.9629569580557836,SIX3;KIF14,Basal,Activated
GO_Biological_Process_2023,Cellular Response To UV-A (GO:0071492),2/10,0.4851879144140763,0.9999962554776264,0,0,1.331487341772152,0.9629569580557836,MMP1;MMP9,Basal,Activated
GO_Biological_Process_2023,Engulfment Of Apoptotic Cell (GO:0043652),2/10,0.4851879144140763,0.9999962554776264,0,0,1.331487341772152,0.9629569580557836,XKR9;RAC3,Basal,Activated
GO_Biological_Process_2023,Formation Of Extrachromosomal Circular DNA (GO:0001325),2/10,0.4851879144140763,0.9999962554776264,0,0,1.331487341772152,0.9629569580557836,EXO1;DNA2,Basal,Activated
GO_Biological_Process_2023,Lens Fiber Cell Differentiation (GO:0070306),2/10,0.4851879144140763,0.9999962554776264,0,0,1.331487341772152,0.9629569580557836,SIX3;PLAAT1,Basal,Activated
GO_Biological_Process_2023,Monocyte Differentiation (GO:0030224),2/10,0.4851879144140763,0.9999962554776264,0,0,1.331487341772152,0.9629569580557836,IL31RA;MT1G,Basal,Activated
GO_Biological_Process_2023,Muscle Filament Sliding (GO:0030049),2/10,0.4851879144140763,0.9999962554776264,0,0,1.331487341772152,0.9629569580557836,MYH6;MYH7,Basal,Activated
GO_Biological_Process_2023,Negative Regulation Of Hydrogen Peroxide-Induced Cell Death (GO:1903206),2/10,0.4851879144140763,0.9999962554776264,0,0,1.331487341772152,0.9629569580557836,PYCR1;GPR37L1,Basal,Activated
GO_Biological_Process_2023,Negative Regulation Of Interleukin-17 Production (GO:0032700),2/10,0.4851879144140763,0.9999962554776264,0,0,1.331487341772152,0.9629569580557836,IFNG;IL36RN,Basal,Activated
GO_Biological_Process_2023,Negative Regulation Of Natural Killer Cell Mediated Immunity (GO:0002716),2/10,0.4851879144140763,0.9999962554776264,0,0,1.331487341772152,0.9629569580557836,HLA-G;KIR2DL4,Basal,Activated
GO_Biological_Process_2023,Positive Regulation Of Chondrocyte Differentiation (GO:0032332),2/10,0.4851879144140763,0.9999962554776264,0,0,1.331487341772152,0.9629569580557836,GDF5;HOXA11,Basal,Activated
GO_Biological_Process_2023,Regulation Of T-helper 2 Cell Cytokine Production (GO:2000551),2/10,0.4851879144140763,0.9999962554776264,0,0,1.331487341772152,0.9629569580557836,RSAD2;IFNB1,Basal,Activated
GO_Biological_Process_2023,Regulation Of Cardiac Muscle Cell Apoptotic Process (GO:0010665),2/10,0.4851879144140763,0.9999962554776264,0,0,1.331487341772152,0.9629569580557836,MDK;NKX2-5,Basal,Activated
GO_Biological_Process_2023,Regulation Of Coagulation (GO:0050818),2/10,0.4851879144140763,0.9999962554776264,0,0,1.331487341772152,0.9629569580557836,HS3ST6;FOXA2,Basal,Activated
GO_Biological_Process_2023,Regulation Of Low-Density Lipoprotein Particle Clearance (GO:0010988),2/10,0.4851879144140763,0.9999962554776264,0,0,1.331487341772152,0.9629569580557836,PCSK9;FGF21,Basal,Activated
GO_Biological_Process_2023,Regulation Of Mitochondrial Depolarization (GO:0051900),2/10,0.4851879144140763,0.9999962554776264,0,0,1.331487341772152,0.9629569580557836,MLLT11;FZD9,Basal,Activated
GO_Biological_Process_2023,Regulation Of Smooth Muscle Cell Apoptotic Process (GO:0034391),2/10,0.4851879144140763,0.9999962554776264,0,0,1.331487341772152,0.9629569580557836,IFNG;CDKN2A,Basal,Activated
GO_Biological_Process_2023,Serine Family Amino Acid Biosynthetic Process (GO:0009070),2/10,0.4851879144140763,0.9999962554776264,0,0,1.331487341772152,0.9629569580557836,PSAT1;PSPH,Basal,Activated
GO_Biological_Process_2023,T-Circle Formation (GO:0090656),2/10,0.4851879144140763,0.9999962554776264,0,0,1.331487341772152,0.9629569580557836,EXO1;DNA2,Basal,Activated
GO_Biological_Process_2023,tRNA Threonylcarbamoyladenosine Metabolic Process (GO:0070525),2/10,0.4851879144140763,0.9999962554776264,0,0,1.331487341772152,0.9629569580557836,CTAG2;LAGE3,Basal,Activated
GO_Biological_Process_2023,Telomere Maintenance Via Telomere Trimming (GO:0090737),2/10,0.4851879144140763,0.9999962554776264,0,0,1.331487341772152,0.9629569580557836,EXO1;DNA2,Basal,Activated
GO_Biological_Process_2023,Chloride Transmembrane Transport (GO:1902476),8/48,0.495756530778017,0.9999962554776264,0,0,1.0651870640456562,0.74741016740909,GABRA1;GLRA2;GABRA5;GABRA3;SLC12A1;SLC26A9;SLC12A8;GABRG2,Basal,Activated
GO_Biological_Process_2023,DNA Recombination (GO:0006310),7/42,0.5040800348157717,0.9999962554776264,0,0,1.0651664025356578,0.729660527960913,BLM;RMI2;RAD51;EXO1;XRCC2;HMGB3;RAD54B,Basal,Activated
GO_Biological_Process_2023,Amino Acid Transmembrane Transport (GO:0003333),7/42,0.5040800348157717,0.9999962554776264,0,0,1.0651664025356578,0.729660527960913,SLC7A5;SLC7A11;SLC38A8;SLC1A6;SLC38A3;SLC25A22;SLC38A5,Basal,Activated
GO_Biological_Process_2023,Monoatomic Cation Transport (GO:0006812),7/42,0.5040800348157717,0.9999962554776264,0,0,1.0651664025356578,0.729660527960913,HCN4;PANX2;CNGA2;CLDN16;PANX3;GRIN2D;CNGB1,Basal,Activated
GO_Biological_Process_2023,Negative Regulation Of Lymphocyte Activation (GO:0051250),4/23,0.5040942304376069,0.9999962554776264,0,0,1.1212292923569214,0.7680331663283874,IL4I1;FOXJ1;ILDR2;SOX11,Basal,Activated
GO_Biological_Process_2023,Translesion Synthesis (GO:0019985),4/23,0.5040942304376069,0.9999962554776264,0,0,1.1212292923569214,0.7680331663283874,PCNA;POLE2;PCLAF;TNFSF13B,Basal,Activated
GO_Biological_Process_2023,Positive Regulation Of Tyrosine Phosphorylation Of STAT Protein (GO:0042531),9/55,0.5118539183796861,0.9999962554776264,0,0,1.0419889959872586,0.6978367131873898,IL21;GH2;IFNL1;IFNG;CSH2;IL31RA;OSM;TNF;CRLF1,Basal,Activated
GO_Biological_Process_2023,Regulation Of Mitotic Cell Cycle (GO:0007346),20/125,0.5146386516878779,0.9999962554776264,0,0,1.0143978660846895,0.6738546341706912,FOXC1;CDCA2;PLK1;MKI67;CDC25C;FBXO43;PKMYT1;CDC25B;CKS1B;AURKA;CDC20;CCNB1;UBD;EIF4EBP1;CKS2;NEK2;FBXO5;DLGAP5;RPRM;MAD2L1,Basal,Activated
GO_Biological_Process_2023,Extracellular Matrix Organization (GO:0030198),28/176,0.5176475758592445,0.9999962554776264,0,0,1.0075199641249415,0.6634122240218726,PRSS1;COL11A1;COL11A2;PLOD3;SCX;PLG;CTSV;COL19A1;MMP20;C6ORF15;IBSP;PRSS2;MMP7;MMP1;COL22A1;APLP1;MMP8;MMP9;ADAMTS20;MMP12;MMP11;COL2A1;MMP13;SMOC1;COL9A1;ADAM8;COL9A3;MATN4,Basal,Activated
GO_Biological_Process_2023,cGMP-mediated Signaling (GO:0019934),3/17,0.5179859765979045,0.9999962554776264,0,0,1.141229141229141,0.7507086424339361,GUCY1B2;CGAS;HTR2C,Basal,Activated
GO_Biological_Process_2023,Cellular Response To dsRNA (GO:0071359),3/17,0.5179859765979045,0.9999962554776264,0,0,1.141229141229141,0.7507086424339361,IFIH1;IFNB1;CGAS,Basal,Activated
GO_Biological_Process_2023,Detection Of Visible Light (GO:0009584),3/17,0.5179859765979045,0.9999962554776264,0,0,1.141229141229141,0.7507086424339361,RGS9BP;GNAT1;CNGB1,Basal,Activated
GO_Biological_Process_2023,Facultative Heterochromatin Formation (GO:0140718),3/17,0.5179859765979045,0.9999962554776264,0,0,1.141229141229141,0.7507086424339361,HELLS;BEND3;TEX15,Basal,Activated
GO_Biological_Process_2023,Keratan Sulfate Metabolic Process (GO:0042339),3/17,0.5179859765979045,0.9999962554776264,0,0,1.141229141229141,0.7507086424339361,CHST6;B3GNT7;B3GNT4,Basal,Activated
GO_Biological_Process_2023,Negative Regulation Of Cellular Senescence (GO:2000773),3/17,0.5179859765979045,0.9999962554776264,0,0,1.141229141229141,0.7507086424339361,TERT;HMGA2;FBXO5,Basal,Activated
GO_Biological_Process_2023,Negative Regulation Of Striated Muscle Cell Differentiation (GO:0051154),3/17,0.5179859765979045,0.9999962554776264,0,0,1.141229141229141,0.7507086424339361,BHLHA15;NKX2-5;DKK1,Basal,Activated
GO_Biological_Process_2023,Neural Tube Development (GO:0021915),3/17,0.5179859765979045,0.9999962554776264,0,0,1.141229141229141,0.7507086424339361,TRIM71;STIL;SLC39A12,Basal,Activated
GO_Biological_Process_2023,Positive Regulation Of Dendrite Extension (GO:1903861),3/17,0.5179859765979045,0.9999962554776264,0,0,1.141229141229141,0.7507086424339361,RIMS2;UNC13A;RASAL1,Basal,Activated
GO_Biological_Process_2023,Positive Regulation Of Leukocyte Adhesion To Vascular Endothelial Cell (GO:1904996),3/17,0.5179859765979045,0.9999962554776264,0,0,1.141229141229141,0.7507086424339361,MDK;CHST4;TNF,Basal,Activated
GO_Biological_Process_2023,Positive Regulation Of Nitric-Oxide Synthase Activity (GO:0051000),3/17,0.5179859765979045,0.9999962554776264,0,0,1.141229141229141,0.7507086424339361,TERT;S100A1;TNF,Basal,Activated
GO_Biological_Process_2023,Regulation Of Leukocyte Chemotaxis (GO:0002688),3/17,0.5179859765979045,0.9999962554776264,0,0,1.141229141229141,0.7507086424339361,EDN2;MDK;PRSS56,Basal,Activated
GO_Biological_Process_2023,Negative Regulation Of DNA Metabolic Process (GO:0051053),8/49,0.5205721903282883,0.9999962554776264,0,0,1.0391450268339082,0.6783816252876156,H1-5;BLM;H1-6;H1-9P;ANKRD1;CDC6;H1-1;S100A11,Basal,Activated
GO_Biological_Process_2023,Epithelial Cell Differentiation (GO:0030855),21/132,0.5244629520676413,0.9999962554776264,0,0,1.0075032052109416,0.6502229106455634,PCNA;UPK2;KRT3;PLAAT1;KRT23;KRT34;DEUP1;ACTL8;KRT9;KRT33B;VIL1;KRT38;KRT16;WT1;GSTA2;SIX3;CDHR2;CDK1;RHCG;E2F7;E2F8,Basal,Activated
GO_Biological_Process_2023,Negative Regulation Of Axon Extension (GO:0030517),5/30,0.5252003544939255,0.9999962554776264,0,0,1.0651251187836557,0.6859144400137689,RTN4R;SEMA5B;TRIM46;KIAA0319;MT3,Basal,Activated
GO_Biological_Process_2023,Positive Regulation Of Cell Communication (GO:0010647),5/30,0.5252003544939255,0.9999962554776264,0,0,1.0651251187836557,0.6859144400137689,RIMS2;CD80;NMU;SOX11;TNF,Basal,Activated
GO_Biological_Process_2023,DNA-templated DNA Replication Maintenance Of Fidelity (GO:0045005),7/43,0.5305154680537733,0.9999962554776264,0,0,1.0355168163409052,0.6564204926520663,BLM;PCNA;RAD51;EME1;TONSL;DONSON;TRAIP,Basal,Activated
GO_Biological_Process_2023,SCF-dependent Proteasomal Ubiquitin-Dependent Protein Catabolic Process (GO:0031146),7/43,0.5305154680537733,0.9999962554776264,0,0,1.0355168163409052,0.6564204926520663,CCNF;KIF14;SKP2;FBXL13;NCCRP1;FBXL21P;FBXL6,Basal,Activated
GO_Biological_Process_2023,Ephrin Receptor Signaling Pathway (GO:0048013),7/43,0.5305154680537733,0.9999962554776264,0,0,1.0355168163409052,0.6564204926520663,EPHA7;EFNA3;EFNA2;EPHA8;EFNA4;MMP9;EPHB3,Basal,Activated
GO_Biological_Process_2023,Positive Regulation Of Cell Division (GO:0051781),7/43,0.5305154680537733,0.9999962554776264,0,0,1.0355168163409052,0.6564204926520663,RACGAP1;KIF14;KIF23;CDC6;ECT2;CDC25B;CIT,Basal,Activated
GO_Biological_Process_2023,DNA Methylation-Dependent Heterochromatin Formation (GO:0006346),2/11,0.5383174800218156,0.9999962554776264,0,0,1.1834739803094234,0.73293346150128,HELLS;TEX15,Basal,Activated
GO_Biological_Process_2023,Actin Crosslink Formation (GO:0051764),2/11,0.5383174800218156,0.9999962554776264,0,0,1.1834739803094234,0.73293346150128,BAIAP2L2;GAS2L3,Basal,Activated
GO_Biological_Process_2023,Catecholamine Biosynthetic Process (GO:0042423),2/11,0.5383174800218156,0.9999962554776264,0,0,1.1834739803094234,0.73293346150128,MOXD1;TH,Basal,Activated
GO_Biological_Process_2023,Cell Differentiation In Hindbrain (GO:0021533),2/11,0.5383174800218156,0.9999962554776264,0,0,1.1834739803094234,0.73293346150128,CEND1;PHOX2B,Basal,Activated
GO_Biological_Process_2023,Cellular Response To Growth Hormone Stimulus (GO:0071378),2/11,0.5383174800218156,0.9999962554776264,0,0,1.1834739803094234,0.73293346150128,GH2;CSH2,Basal,Activated
GO_Biological_Process_2023,Exit From Mitosis (GO:0010458),2/11,0.5383174800218156,0.9999962554776264,0,0,1.1834739803094234,0.73293346150128,UBE2C;UBE2S,Basal,Activated
GO_Biological_Process_2023,Ganglion Development (GO:0061548),2/11,0.5383174800218156,0.9999962554776264,0,0,1.1834739803094234,0.73293346150128,TUBB3;PHOX2B,Basal,Activated
GO_Biological_Process_2023,Glutamine Family Amino Acid Biosynthetic Process (GO:0009084),2/11,0.5383174800218156,0.9999962554776264,0,0,1.1834739803094234,0.73293346150128,LGSN;PYCR1,Basal,Activated
GO_Biological_Process_2023,Melanocyte Differentiation (GO:0030318),2/11,0.5383174800218156,0.9999962554776264,0,0,1.1834739803094234,0.73293346150128,OCA2;TYRP1,Basal,Activated
GO_Biological_Process_2023,Negative Regulation Of Microtubule Polymerization (GO:0031115),2/11,0.5383174800218156,0.9999962554776264,0,0,1.1834739803094234,0.73293346150128,STMN1;TUBB4A,Basal,Activated
GO_Biological_Process_2023,Negative Regulation Of Myotube Differentiation (GO:0010832),2/11,0.5383174800218156,0.9999962554776264,0,0,1.1834739803094234,0.73293346150128,BHLHA15;NKX2-5,Basal,Activated
GO_Biological_Process_2023,Neurotransmitter Biosynthetic Process (GO:0042136),2/11,0.5383174800218156,0.9999962554776264,0,0,1.1834739803094234,0.73293346150128,MOXD1;CHAT,Basal,Activated
GO_Biological_Process_2023,Nucleotide-Binding Oligomerization Domain Containing Signaling Pathway (GO:0070423),2/11,0.5383174800218156,0.9999962554776264,0,0,1.1834739803094234,0.73293346150128,RIPK2;INAVA,Basal,Activated
GO_Biological_Process_2023,Positive Regulation Of Branching Involved In Ureteric Bud Morphogenesis (GO:0090190),2/11,0.5383174800218156,0.9999962554776264,0,0,1.1834739803094234,0.73293346150128,GDNF;SOX8,Basal,Activated
GO_Biological_Process_2023,Protein Polyglutamylation (GO:0018095),2/11,0.5383174800218156,0.9999962554776264,0,0,1.1834739803094234,0.73293346150128,TTLL4;TTLL2,Basal,Activated
GO_Biological_Process_2023,Pyrimidine Nucleobase Metabolic Process (GO:0006206),2/11,0.5383174800218156,0.9999962554776264,0,0,1.1834739803094234,0.73293346150128,DPYSL5;CTPS1,Basal,Activated
GO_Biological_Process_2023,Regulation Of Epithelial Cell Apoptotic Process (GO:1904035),2/11,0.5383174800218156,0.9999962554776264,0,0,1.1834739803094234,0.73293346150128,MDK;TNF,Basal,Activated
GO_Biological_Process_2023,Regulation Of Leukocyte Tethering Or Rolling (GO:1903236),2/11,0.5383174800218156,0.9999962554776264,0,0,1.1834739803094234,0.73293346150128,CCL25;CHST4,Basal,Activated
GO_Biological_Process_2023,Response To X-ray (GO:0010165),2/11,0.5383174800218156,0.9999962554776264,0,0,1.1834739803094234,0.73293346150128,BLM;DEPDC1B,Basal,Activated
GO_Biological_Process_2023,Acylglycerol Catabolic Process (GO:0046464),4/24,0.5395285651158063,0.9999962554776264,0,0,1.0651044965167829,0.6572328995104395,PNLIPRP2;APOA2;PNPLA5;PNPLA1,Basal,Activated
GO_Biological_Process_2023,Positive Regulation Of ERBB Signaling Pathway (GO:1901186),4/24,0.5395285651158063,0.9999962554776264,0,0,1.0651044965167829,0.6572328995104395,PLAUR;MMP9;AGT;FAM83B,Basal,Activated
GO_Biological_Process_2023,Positive Regulation Of Interleukin-17 Production (GO:0032740),4/24,0.5395285651158063,0.9999962554776264,0,0,1.0651044965167829,0.6572328995104395,IL21;SLC7A5;OSM;CCL1,Basal,Activated
GO_Biological_Process_2023,Positive Regulation Of Natural Killer Cell Mediated Immunity (GO:0002717),4/24,0.5395285651158063,0.9999962554776264,0,0,1.0651044965167829,0.6572328995104395,IL21;HLA-G;RASGRP1;KIR2DL4,Basal,Activated
GO_Biological_Process_2023,Positive Regulation Of Peptidyl-Threonine Phosphorylation (GO:0010800),4/24,0.5395285651158063,0.9999962554776264,0,0,1.0651044965167829,0.6572328995104395,CEMIP;RIPK2;PLK1;CHI3L1,Basal,Activated
GO_Biological_Process_2023,Regulation Of Cytokine Production Involved In Immune Response (GO:0002718),4/24,0.5395285651158063,0.9999962554776264,0,0,1.0651044965167829,0.6572328995104395,SLC7A5;APOA2;TNF;INAVA,Basal,Activated
GO_Biological_Process_2023,Response To Copper Ion (GO:0046688),4/24,0.5395285651158063,0.9999962554776264,0,0,1.0651044965167829,0.6572328995104395,IL1A;MT1G;MT1H;MT3,Basal,Activated
GO_Biological_Process_2023,Negative Regulation Of Transferase Activity (GO:0051348),6/37,0.5421165008291292,0.9999962554776264,0,0,1.0307248865448302,0.6310864145360263,CDC20;PIF1;MYCNOS;BUB1B;FBXO5;MAD2L1,Basal,Activated
GO_Biological_Process_2023,Regulation Of Ossification (GO:0030278),6/37,0.5421165008291292,0.9999962554776264,0,0,1.0307248865448302,0.6310864145360263,MDK;AHSG;SOX11;KREMEN2;NOTUM;DKK1,Basal,Activated
GO_Biological_Process_2023,"G Protein-Coupled Receptor Signaling Pathway, Coupled To Cyclic Nucleotide Second Messenger (GO:0007187)",8/50,0.544946911203307,0.9999962554776264,0,0,1.0143430866322432,0.615774112833712,OPRD1;CHRM3;HTR6;HRH3;NPY;HTR1D;HTR2C;AGT,Basal,Activated
GO_Biological_Process_2023,Central Nervous System Neuron Differentiation (GO:0021953),5/31,0.5560750851369273,0.9999962554776264,0,0,1.024097853366146,0.6009938208449779,DRAXIN;NPY;CEND1;MDGA2;PHOX2B,Basal,Activated
GO_Biological_Process_2023,Positive Regulation Of Leukocyte Migration (GO:0002687),5/31,0.5560750851369273,0.9999962554776264,0,0,1.024097853366146,0.6009938208449779,EDN2;MDK;ADAM8;TNF;PRSS56,Basal,Activated
GO_Biological_Process_2023,Embryonic Organ Morphogenesis (GO:0048562),7/44,0.5563808484329678,0.9999962554776264,0,0,1.007469910481004,0.590681865274556,FBN2;HOXB9;SIX2;TBX20;MFAP2;ALX1;SOX11,Basal,Activated
GO_Biological_Process_2023,Lymphocyte Chemotaxis (GO:0048247),7/44,0.5563808484329678,0.9999962554776264,0,0,1.007469910481004,0.590681865274556,CCL25;CXCL10;CXCL11;CCL11;CCL7;CCL20;CCL1,Basal,Activated
GO_Biological_Process_2023,3'-UTR-mediated mRNA Stabilization (GO:0070935),3/18,0.5586718557368584,0.9999962554776264,0,0,1.0650838873061097,0.620084381833893,DAZL;BOLL;ELAVL4,Basal,Activated
GO_Biological_Process_2023,Cardiac Atrium Morphogenesis (GO:0003209),3/18,0.5586718557368584,0.9999962554776264,0,0,1.0650838873061097,0.620084381833893,TBX20;NKX2-5;MYH6,Basal,Activated
GO_Biological_Process_2023,Epithelial Cell Development (GO:0002064),3/18,0.5586718557368584,0.9999962554776264,0,0,1.0650838873061097,0.620084381833893,SIX3;TMEM79;ROS1,Basal,Activated
GO_Biological_Process_2023,Maintenance Of Gastrointestinal Epithelium (GO:0030277),3/18,0.5586718557368584,0.9999962554776264,0,0,1.0650838873061097,0.620084381833893,MUC13;TFF2;INAVA,Basal,Activated
GO_Biological_Process_2023,Negative Regulation Of Nervous System Development (GO:0051961),3/18,0.5586718557368584,0.9999962554776264,0,0,1.0650838873061097,0.620084381833893,CCL11;PAX6;TNF,Basal,Activated
GO_Biological_Process_2023,Positive Regulation Of DNA Replication (GO:0045740),3/18,0.5586718557368584,0.9999962554776264,0,0,1.0650838873061097,0.620084381833893,CDT1;PCNA;DNA2,Basal,Activated
GO_Biological_Process_2023,Positive Regulation Of Cytokine Production Involved In Inflammatory Response (GO:1900017),3/18,0.5586718557368584,0.9999962554776264,0,0,1.0650838873061097,0.620084381833893,GBP5;CLEC7A;TNF,Basal,Activated
GO_Biological_Process_2023,Positive Regulation Of Epidermal Cell Differentiation (GO:0045606),3/18,0.5586718557368584,0.9999962554776264,0,0,1.0650838873061097,0.620084381833893,FOXC1;ZBED2;SFN,Basal,Activated
GO_Biological_Process_2023,Positive Regulation Of Extracellular Matrix Organization (GO:1903055),3/18,0.5586718557368584,0.9999962554776264,0,0,1.0650838873061097,0.620084381833893,CARMIL2;FSCN1;MELTF,Basal,Activated
GO_Biological_Process_2023,Positive Regulation Of Osteoclast Differentiation (GO:0045672),3/18,0.5586718557368584,0.9999962554776264,0,0,1.0650838873061097,0.620084381833893,IFNG;POU4F1;TNF,Basal,Activated
GO_Biological_Process_2023,Protein Autoprocessing (GO:0016540),3/18,0.5586718557368584,0.9999962554776264,0,0,1.0650838873061097,0.620084381833893,F12;PCSK9;KLK6,Basal,Activated
GO_Biological_Process_2023,Regulation Of DNA Damage Checkpoint (GO:2000001),3/18,0.5586718557368584,0.9999962554776264,0,0,1.0650838873061097,0.620084381833893,DEPDC1B;RAD51;BRCA2,Basal,Activated
GO_Biological_Process_2023,Regulation Of Cell Cycle G2/M Phase Transition (GO:1902749),3/18,0.5586718557368584,0.9999962554776264,0,0,1.0650838873061097,0.620084381833893,CENPF;KIF14;AURKA,Basal,Activated
GO_Biological_Process_2023,Regulation Of Cell-Cell Adhesion Mediated By Cadherin (GO:2000047),3/18,0.5586718557368584,0.9999962554776264,0,0,1.0650838873061097,0.620084381833893,EPCAM;PLG;FOXA2,Basal,Activated
GO_Biological_Process_2023,Regulation Of Dendrite Extension (GO:1903859),3/18,0.5586718557368584,0.9999962554776264,0,0,1.0650838873061097,0.620084381833893,RIMS2;UNC13A;RASAL1,Basal,Activated
GO_Biological_Process_2023,Ureteric Bud Development (GO:0001657),3/18,0.5586718557368584,0.9999962554776264,0,0,1.0650838873061097,0.620084381833893,FOXC1;WT1;FOXJ1,Basal,Activated
GO_Biological_Process_2023,Ureteric Bud Morphogenesis (GO:0060675),3/18,0.5586718557368584,0.9999962554776264,0,0,1.0650838873061097,0.620084381833893,GDNF;WT1;HOXA11,Basal,Activated
GO_Biological_Process_2023,Regulation Of Release Of Sequestered Calcium Ion Into Cytosol (GO:0051279),8/51,0.5688087632020007,0.9999962554776264,0,0,0.9906947250446092,0.558960855705193,NPSR1;CXCL10;CXCL9;CEMIP;CXCL11;JPH3;UBASH3B;JPH1,Basal,Activated
GO_Biological_Process_2023,Connective Tissue Development (GO:0061448),6/38,0.5697682795725029,0.9999962554776264,0,0,0.9984553231939164,0.5616566077381182,COL2A1;SNORC;COL11A2;SCX;CHI3L1;SOX8,Basal,Activated
GO_Biological_Process_2023,Response To Peptide (GO:1901652),6/38,0.5697682795725029,0.9999962554776264,0,0,0.9984553231939164,0.5616566077381182,MMP12;MMP13;REG1A;CACNA1B;MMP9;INAVA,Basal,Activated
GO_Biological_Process_2023,Chloride Transport (GO:0006821),12/77,0.5699043816842942,0.9999962554776264,0,0,0.983032967032967,0.5527463469579263,GABRA1;SLC5A8;GLRA2;PACC1;TTYH1;GABRA5;GABRA3;SLC12A1;BSND;SLC26A9;SLC12A8;GABRG2,Basal,Activated
GO_Biological_Process_2023,Mitotic Cell Cycle Checkpoint Signaling (GO:0007093),4/25,0.5736228843196713,0.9999962554776264,0,0,1.014324919328086,0.5637446425309195,DEPDC1B;CHEK1;AURKB;ZWINT,Basal,Activated
GO_Biological_Process_2023,Positive Regulation Of Release Of Cytochrome C From Mitochondria (GO:0090200),4/25,0.5736228843196713,0.9999962554776264,0,0,1.014324919328086,0.5637446425309195,HRK;MLLT11;PLAUR;MMP9,Basal,Activated
GO_Biological_Process_2023,Regulation Of Biomineral Tissue Development (GO:0070167),4/25,0.5736228843196713,0.9999962554776264,0,0,1.014324919328086,0.5637446425309195,AMTN;FBXO5;NOTUM;ODAPH,Basal,Activated
GO_Biological_Process_2023,Regulation Of Cell Cycle Phase Transition (GO:1901987),4/25,0.5736228843196713,0.9999962554776264,0,0,1.014324919328086,0.5637446425309195,DBF4;UBD;SIX3;PLK1,Basal,Activated
GO_Biological_Process_2023,Regulation Of Chondrocyte Differentiation (GO:0032330),4/25,0.5736228843196713,0.9999962554776264,0,0,1.014324919328086,0.5637446425309195,MDK;GDF5;NKX3-2;HOXA11,Basal,Activated
GO_Biological_Process_2023,Ventricular Cardiac Muscle Tissue Development (GO:0003229),4/25,0.5736228843196713,0.9999962554776264,0,0,1.014324919328086,0.5637446425309195,TNNI3;NKX2-5;MYH6;MYH7,Basal,Activated
GO_Biological_Process_2023,"CD4-positive, Alpha-Beta T Cell Activation (GO:0035710)",1/5,0.5770759154095815,0.9999962554776264,0,0,1.3313824739006643,0.7319693896166894,RSAD2,Basal,Activated
GO_Biological_Process_2023,DNA Methylation Involved In Embryo Development (GO:0043045),1/5,0.5770759154095815,0.9999962554776264,0,0,1.3313824739006643,0.7319693896166894,STPG4,Basal,Activated
GO_Biological_Process_2023,GDP-mannose Metabolic Process (GO:0019673),1/5,0.5770759154095815,0.9999962554776264,0,0,1.3313824739006643,0.7319693896166894,GMDS,Basal,Activated
GO_Biological_Process_2023,His-Purkinje System Development (GO:0003164),1/5,0.5770759154095815,0.9999962554776264,0,0,1.3313824739006643,0.7319693896166894,NKX2-5,Basal,Activated
GO_Biological_Process_2023,ISG15-protein Conjugation (GO:0032020),1/5,0.5770759154095815,0.9999962554776264,0,0,1.3313824739006643,0.7319693896166894,ISG15,Basal,Activated
GO_Biological_Process_2023,L-ascorbic Acid Metabolic Process (GO:0019852),1/5,0.5770759154095815,0.9999962554776264,0,0,1.3313824739006643,0.7319693896166894,SLC2A1,Basal,Activated
GO_Biological_Process_2023,L-aspartate Import Across Plasma Membrane (GO:0140009),1/5,0.5770759154095815,0.9999962554776264,0,0,1.3313824739006643,0.7319693896166894,SLC1A6,Basal,Activated
GO_Biological_Process_2023,L-aspartate Transmembrane Transport (GO:0070778),1/5,0.5770759154095815,0.9999962554776264,0,0,1.3313824739006643,0.7319693896166894,SLC1A6,Basal,Activated
GO_Biological_Process_2023,L-phenylalanine Catabolic Process (GO:0006559),1/5,0.5770759154095815,0.9999962554776264,0,0,1.3313824739006643,0.7319693896166894,IL4I1,Basal,Activated
GO_Biological_Process_2023,L-phenylalanine Metabolic Process (GO:0006558),1/5,0.5770759154095815,0.9999962554776264,0,0,1.3313824739006643,0.7319693896166894,IL4I1,Basal,Activated
GO_Biological_Process_2023,"Anterior/Posterior Axis Specification, Embryo (GO:0008595)",1/5,0.5770759154095815,0.9999962554776264,0,0,1.3313824739006643,0.7319693896166894,TBXT,Basal,Activated
GO_Biological_Process_2023,Aromatic Compound Biosynthetic Process (GO:0019438),1/5,0.5770759154095815,0.9999962554776264,0,0,1.3313824739006643,0.7319693896166894,PSAT1,Basal,Activated
GO_Biological_Process_2023,Astrocyte Differentiation (GO:0048708),1/5,0.5770759154095815,0.9999962554776264,0,0,1.3313824739006643,0.7319693896166894,S100A9,Basal,Activated
GO_Biological_Process_2023,Basic Amino Acid Transport (GO:0015802),1/5,0.5770759154095815,0.9999962554776264,0,0,1.3313824739006643,0.7319693896166894,SLC38A3,Basal,Activated
GO_Biological_Process_2023,Behavioral Fear Response (GO:0001662),1/5,0.5770759154095815,0.9999962554776264,0,0,1.3313824739006643,0.7319693896166894,HTR2C,Basal,Activated
GO_Biological_Process_2023,Bundle Of His cell-Purkinje Myocyte Adhesion Involved In Cell Communication (GO:0086073),1/5,0.5770759154095815,0.9999962554776264,0,0,1.3313824739006643,0.7319693896166894,DSC2,Basal,Activated
GO_Biological_Process_2023,Cell Junction Disassembly (GO:0150146),1/5,0.5770759154095815,0.9999962554776264,0,0,1.3313824739006643,0.7319693896166894,DKK1,Basal,Activated
GO_Biological_Process_2023,Cellular Heat Acclimation (GO:0070370),1/5,0.5770759154095815,0.9999962554776264,0,0,1.3313824739006643,0.7319693896166894,HSPA6,Basal,Activated
GO_Biological_Process_2023,Cellular Response To Iron Ion (GO:0071281),1/5,0.5770759154095815,0.9999962554776264,0,0,1.3313824739006643,0.7319693896166894,TFR2,Basal,Activated
GO_Biological_Process_2023,Cerebral Cortex Cell Migration (GO:0021795),1/5,0.5770759154095815,0.9999962554776264,0,0,1.3313824739006643,0.7319693896166894,HTR6,Basal,Activated
GO_Biological_Process_2023,Dendrite Extension (GO:0097484),1/5,0.5770759154095815,0.9999962554776264,0,0,1.3313824739006643,0.7319693896166894,SH3GL2,Basal,Activated
GO_Biological_Process_2023,Determination Of Liver Left/Right Asymmetry (GO:0071910),1/5,0.5770759154095815,0.9999962554776264,0,0,1.3313824739006643,0.7319693896166894,ZIC3,Basal,Activated
GO_Biological_Process_2023,Double-Strand Break Repair Via Synthesis-Dependent Strand Annealing (GO:0045003),1/5,0.5770759154095815,0.9999962554776264,0,0,1.3313824739006643,0.7319693896166894,RAD51,Basal,Activated
GO_Biological_Process_2023,Epithelial Tube Branching Involved In Lung Morphogenesis (GO:0060441),1/5,0.5770759154095815,0.9999962554776264,0,0,1.3313824739006643,0.7319693896166894,NKX2-1,Basal,Activated
GO_Biological_Process_2023,Equilibrioception (GO:0050957),1/5,0.5770759154095815,0.9999962554776264,0,0,1.3313824739006643,0.7319693896166894,USH1G,Basal,Activated
GO_Biological_Process_2023,Erythrose 4-Phosphate/Phosphoenolpyruvate Family Amino Acid Catabolic Process (GO:1902222),1/5,0.5770759154095815,0.9999962554776264,0,0,1.3313824739006643,0.7319693896166894,IL4I1,Basal,Activated
GO_Biological_Process_2023,Forebrain Neuron Differentiation (GO:0021879),1/5,0.5770759154095815,0.9999962554776264,0,0,1.3313824739006643,0.7319693896166894,LHX8,Basal,Activated
GO_Biological_Process_2023,Galactolipid Biosynthetic Process (GO:0019375),1/5,0.5770759154095815,0.9999962554776264,0,0,1.3313824739006643,0.7319693896166894,UGT8,Basal,Activated
GO_Biological_Process_2023,Galactosylceramide Biosynthetic Process (GO:0006682),1/5,0.5770759154095815,0.9999962554776264,0,0,1.3313824739006643,0.7319693896166894,UGT8,Basal,Activated
GO_Biological_Process_2023,Glycosylceramide Catabolic Process (GO:0046477),1/5,0.5770759154095815,0.9999962554776264,0,0,1.3313824739006643,0.7319693896166894,LCT,Basal,Activated
GO_Biological_Process_2023,Glycosylceramide Metabolic Process (GO:0006677),1/5,0.5770759154095815,0.9999962554776264,0,0,1.3313824739006643,0.7319693896166894,LCT,Basal,Activated
GO_Biological_Process_2023,Heat Acclimation (GO:0010286),1/5,0.5770759154095815,0.9999962554776264,0,0,1.3313824739006643,0.7319693896166894,HSPA6,Basal,Activated
GO_Biological_Process_2023,Inclusion Body Assembly (GO:0070841),1/5,0.5770759154095815,0.9999962554776264,0,0,1.3313824739006643,0.7319693896166894,UBD,Basal,Activated
GO_Biological_Process_2023,Inflammatory Response To Wounding (GO:0090594),1/5,0.5770759154095815,0.9999962554776264,0,0,1.3313824739006643,0.7319693896166894,TNF,Basal,Activated
GO_Biological_Process_2023,Iron Coordination Entity Transport (GO:1901678),1/5,0.5770759154095815,0.9999962554776264,0,0,1.3313824739006643,0.7319693896166894,LCN2,Basal,Activated
GO_Biological_Process_2023,Kidney Morphogenesis (GO:0060993),1/5,0.5770759154095815,0.9999962554776264,0,0,1.3313824739006643,0.7319693896166894,PRKX,Basal,Activated
GO_Biological_Process_2023,Leukocyte Chemotaxis Involved In Inflammatory Response (GO:0002232),1/5,0.5770759154095815,0.9999962554776264,0,0,1.3313824739006643,0.7319693896166894,MDK,Basal,Activated
GO_Biological_Process_2023,mRNA 3'-Splice Site Recognition (GO:0000389),1/5,0.5770759154095815,0.9999962554776264,0,0,1.3313824739006643,0.7319693896166894,NR5A1,Basal,Activated
GO_Biological_Process_2023,mRNA 5'-Splice Site Recognition (GO:0000395),1/5,0.5770759154095815,0.9999962554776264,0,0,1.3313824739006643,0.7319693896166894,SRSF12,Basal,Activated
GO_Biological_Process_2023,Maintenance Of DNA Repeat Elements (GO:0043570),1/5,0.5770759154095815,0.9999962554776264,0,0,1.3313824739006643,0.7319693896166894,RMI2,Basal,Activated
GO_Biological_Process_2023,Mesenchymal Cell Differentiation Involved In Kidney Development (GO:0072161),1/5,0.5770759154095815,0.9999962554776264,0,0,1.3313824739006643,0.7319693896166894,SIX2,Basal,Activated
GO_Biological_Process_2023,Mesenchymal To Epithelial Transition Involved In Metanephros Morphogenesis (GO:0003337),1/5,0.5770759154095815,0.9999962554776264,0,0,1.3313824739006643,0.7319693896166894,SIX2,Basal,Activated
GO_Biological_Process_2023,Negative Regulation Of T Cell Differentiation In Thymus (GO:0033085),1/5,0.5770759154095815,0.9999962554776264,0,0,1.3313824739006643,0.7319693896166894,FOXJ1,Basal,Activated
GO_Biological_Process_2023,Negative Regulation Of Actin Filament Depolymerization (GO:0030835),1/5,0.5770759154095815,0.9999962554776264,0,0,1.3313824739006643,0.7319693896166894,VIL1,Basal,Activated
GO_Biological_Process_2023,Negative Regulation Of Amino Acid Transport (GO:0051956),1/5,0.5770759154095815,0.9999962554776264,0,0,1.3313824739006643,0.7319693896166894,HRH3,Basal,Activated
GO_Biological_Process_2023,Negative Regulation Of Axon Regeneration (GO:0048681),1/5,0.5770759154095815,0.9999962554776264,0,0,1.3313824739006643,0.7319693896166894,RTN4R,Basal,Activated
GO_Biological_Process_2023,Negative Regulation Of Cardiac Muscle Cell Differentiation (GO:2000726),1/5,0.5770759154095815,0.9999962554776264,0,0,1.3313824739006643,0.7319693896166894,DKK1,Basal,Activated
GO_Biological_Process_2023,Negative Regulation Of Cellular Extravasation (GO:0002692),1/5,0.5770759154095815,0.9999962554776264,0,0,1.3313824739006643,0.7319693896166894,CCL25,Basal,Activated
GO_Biological_Process_2023,Negative Regulation Of Glial Cell Proliferation (GO:0060253),1/5,0.5770759154095815,0.9999962554776264,0,0,1.3313824739006643,0.7319693896166894,SOX11,Basal,Activated
GO_Biological_Process_2023,Negative Regulation Of Heterochromatin Formation (GO:0031452),1/5,0.5770759154095815,0.9999962554776264,0,0,1.3313824739006643,0.7319693896166894,APOBEC1,Basal,Activated
GO_Biological_Process_2023,Negative Regulation Of Morphogenesis Of An Epithelium (GO:1905331),1/5,0.5770759154095815,0.9999962554776264,0,0,1.3313824739006643,0.7319693896166894,TNF,Basal,Activated
GO_Biological_Process_2023,"Negative Regulation Of Nuclear-Transcribed mRNA Catabolic Process, Nonsense-Mediated Decay (GO:2000623)",1/5,0.5770759154095815,0.9999962554776264,0,0,1.3313824739006643,0.7319693896166894,APOBEC1,Basal,Activated
GO_Biological_Process_2023,Neuroblast Proliferation (GO:0007405),1/5,0.5770759154095815,0.9999962554776264,0,0,1.3313824739006643,0.7319693896166894,RACGAP1,Basal,Activated
GO_Biological_Process_2023,Nucleobase Transport (GO:0015851),1/5,0.5770759154095815,0.9999962554776264,0,0,1.3313824739006643,0.7319693896166894,SLC28A1,Basal,Activated
GO_Biological_Process_2023,Pericardium Morphogenesis (GO:0003344),1/5,0.5770759154095815,0.9999962554776264,0,0,1.3313824739006643,0.7319693896166894,TBX20,Basal,Activated
GO_Biological_Process_2023,Phosphatidylinositol Acyl-Chain Remodeling (GO:0036149),1/5,0.5770759154095815,0.9999962554776264,0,0,1.3313824739006643,0.7319693896166894,PLA2G4D,Basal,Activated
GO_Biological_Process_2023,poly-N-acetyllactosamine Metabolic Process (GO:0030309),1/5,0.5770759154095815,0.9999962554776264,0,0,1.3313824739006643,0.7319693896166894,B3GNT4,Basal,Activated
GO_Biological_Process_2023,"Positive Regulation Of CD4-positive, CD25-positive, Alpha-Beta Regulatory T Cell Differentiation (GO:0032831)",1/5,0.5770759154095815,0.9999962554776264,0,0,1.3313824739006643,0.7319693896166894,IFNG,Basal,Activated
GO_Biological_Process_2023,Positive Regulation Of I-kappaB Phosphorylation (GO:1903721),1/5,0.5770759154095815,0.9999962554776264,0,0,1.3313824739006643,0.7319693896166894,TNF,Basal,Activated
GO_Biological_Process_2023,"Positive Regulation Of Wnt Signaling Pathway, Planar Cell Polarity Pathway (GO:2000096)",1/5,0.5770759154095815,0.9999962554776264,0,0,1.3313824739006643,0.7319693896166894,DKK1,Basal,Activated
GO_Biological_Process_2023,Positive Regulation Of Animal Organ Morphogenesis (GO:0110110),1/5,0.5770759154095815,0.9999962554776264,0,0,1.3313824739006643,0.7319693896166894,GDNF,Basal,Activated
GO_Biological_Process_2023,Positive Regulation Of Cholesterol Biosynthetic Process (GO:0045542),1/5,0.5770759154095815,0.9999962554776264,0,0,1.3313824739006643,0.7319693896166894,SH2D2A,Basal,Activated
GO_Biological_Process_2023,Positive Regulation Of Fever Generation (GO:0031622),1/5,0.5770759154095815,0.9999962554776264,0,0,1.3313824739006643,0.7319693896166894,TNF,Basal,Activated
GO_Biological_Process_2023,Positive Regulation Of Gap Junction Assembly (GO:1903598),1/5,0.5770759154095815,0.9999962554776264,0,0,1.3313824739006643,0.7319693896166894,AGT,Basal,Activated
GO_Biological_Process_2023,Positive Regulation Of Growth Hormone Secretion (GO:0060124),1/5,0.5770759154095815,0.9999962554776264,0,0,1.3313824739006643,0.7319693896166894,GHRHR,Basal,Activated
GO_Biological_Process_2023,Positive Regulation Of Hemoglobin Biosynthetic Process (GO:0046985),1/5,0.5770759154095815,0.9999962554776264,0,0,1.3313824739006643,0.7319693896166894,SLC6A9,Basal,Activated
GO_Biological_Process_2023,Positive Regulation Of Interleukin-18 Production (GO:0032741),1/5,0.5770759154095815,0.9999962554776264,0,0,1.3313824739006643,0.7319693896166894,GBP5,Basal,Activated
GO_Biological_Process_2023,Positive Regulation Of Killing Of Cells Of Another Organism (GO:0051712),1/5,0.5770759154095815,0.9999962554776264,0,0,1.3313824739006643,0.7319693896166894,IFNG,Basal,Activated
GO_Biological_Process_2023,Positive Regulation Of Necroptotic Process (GO:0060545),1/5,0.5770759154095815,0.9999962554776264,0,0,1.3313824739006643,0.7319693896166894,IGF2BP1,Basal,Activated
GO_Biological_Process_2023,Positive Regulation Of Programmed Necrotic Cell Death (GO:0062100),1/5,0.5770759154095815,0.9999962554776264,0,0,1.3313824739006643,0.7319693896166894,IGF2BP1,Basal,Activated
GO_Biological_Process_2023,Positive Regulation Of Receptor Binding (GO:1900122),1/5,0.5770759154095815,0.9999962554776264,0,0,1.3313824739006643,0.7319693896166894,MMP9,Basal,Activated
GO_Biological_Process_2023,Positive Regulation Of Skeletal Muscle Fiber Development (GO:0048743),1/5,0.5770759154095815,0.9999962554776264,0,0,1.3313824739006643,0.7319693896166894,MYOD1,Basal,Activated
GO_Biological_Process_2023,Positive Regulation Of Sterol Biosynthetic Process (GO:0106120),1/5,0.5770759154095815,0.9999962554776264,0,0,1.3313824739006643,0.7319693896166894,SH2D2A,Basal,Activated
GO_Biological_Process_2023,Positive Regulation Of Tau-Protein Kinase Activity (GO:1902949),1/5,0.5770759154095815,0.9999962554776264,0,0,1.3313824739006643,0.7319693896166894,DKK1,Basal,Activated
GO_Biological_Process_2023,Positive Regulation Of Toll-Like Receptor 7 Signaling Pathway (GO:0034157),1/5,0.5770759154095815,0.9999962554776264,0,0,1.3313824739006643,0.7319693896166894,RSAD2,Basal,Activated
GO_Biological_Process_2023,Proline Metabolic Process (GO:0006560),1/5,0.5770759154095815,0.9999962554776264,0,0,1.3313824739006643,0.7319693896166894,PYCR1,Basal,Activated
GO_Biological_Process_2023,Protein Geranylgeranylation (GO:0018344),1/5,0.5770759154095815,0.9999962554776264,0,0,1.3313824739006643,0.7319693896166894,CHML,Basal,Activated
GO_Biological_Process_2023,Protein Modification By Small Protein Conjugation Or Removal (GO:0070647),1/5,0.5770759154095815,0.9999962554776264,0,0,1.3313824739006643,0.7319693896166894,UBD,Basal,Activated
GO_Biological_Process_2023,Protein Sulfation (GO:0006477),1/5,0.5770759154095815,0.9999962554776264,0,0,1.3313824739006643,0.7319693896166894,HS3ST6,Basal,Activated
GO_Biological_Process_2023,Regulation Of Circadian Sleep/Wake Cycle (GO:0042749),1/5,0.5770759154095815,0.9999962554776264,0,0,1.3313824739006643,0.7319693896166894,HCRTR2,Basal,Activated
GO_Biological_Process_2023,Regulation Of Endothelial Cell-Matrix Adhesion Via Fibronectin (GO:1904904),1/5,0.5770759154095815,0.9999962554776264,0,0,1.3313824739006643,0.7319693896166894,MMP12,Basal,Activated
GO_Biological_Process_2023,Regulation Of Fat Cell Proliferation (GO:0070344),1/5,0.5770759154095815,0.9999962554776264,0,0,1.3313824739006643,0.7319693896166894,E2F3,Basal,Activated
GO_Biological_Process_2023,Regulation Of Hepatocyte Proliferation (GO:2000345),1/5,0.5770759154095815,0.9999962554776264,0,0,1.3313824739006643,0.7319693896166894,MDK,Basal,Activated
GO_Biological_Process_2023,Regulation Of Immature T Cell Proliferation In Thymus (GO:0033084),1/5,0.5770759154095815,0.9999962554776264,0,0,1.3313824739006643,0.7319693896166894,IL1A,Basal,Activated
GO_Biological_Process_2023,Regulation Of Keratinocyte Apoptotic Process (GO:1902172),1/5,0.5770759154095815,0.9999962554776264,0,0,1.3313824739006643,0.7319693896166894,SERPINB13,Basal,Activated
GO_Biological_Process_2023,Regulation Of Lysosome Organization (GO:1905671),1/5,0.5770759154095815,0.9999962554776264,0,0,1.3313824739006643,0.7319693896166894,LAPTM4B,Basal,Activated
GO_Biological_Process_2023,Regulation Of Mitotic Spindle Checkpoint (GO:1903504),1/5,0.5770759154095815,0.9999962554776264,0,0,1.3313824739006643,0.7319693896166894,CCNB1,Basal,Activated
GO_Biological_Process_2023,Regulation Of Neutrophil Extravasation (GO:2000389),1/5,0.5770759154095815,0.9999962554776264,0,0,1.3313824739006643,0.7319693896166894,MDK,Basal,Activated
GO_Biological_Process_2023,Regulation Of Post-Transcriptional Gene Silencing By RNA (GO:1900368),1/5,0.5770759154095815,0.9999962554776264,0,0,1.3313824739006643,0.7319693896166894,TRIM71,Basal,Activated
GO_Biological_Process_2023,Regulation Of pre-miRNA Processing (GO:2000631),1/5,0.5770759154095815,0.9999962554776264,0,0,1.3313824739006643,0.7319693896166894,LIN28B,Basal,Activated
GO_Biological_Process_2023,Regulation Of Resting Membrane Potential (GO:0060075),1/5,0.5770759154095815,0.9999962554776264,0,0,1.3313824739006643,0.7319693896166894,KCNK5,Basal,Activated
GO_Biological_Process_2023,Regulation Of Ribonuclease Activity (GO:0060700),1/5,0.5770759154095815,0.9999962554776264,0,0,1.3313824739006643,0.7319693896166894,OASL,Basal,Activated
GO_Biological_Process_2023,Regulation Of System Process (GO:0044057),1/5,0.5770759154095815,0.9999962554776264,0,0,1.3313824739006643,0.7319693896166894,HTR2C,Basal,Activated
GO_Biological_Process_2023,Regulation Of Transmission Of Nerve Impulse (GO:0051969),1/5,0.5770759154095815,0.9999962554776264,0,0,1.3313824739006643,0.7319693896166894,TYMP,Basal,Activated
GO_Biological_Process_2023,Regulation Of Type 2 Immune Response (GO:0002828),1/5,0.5770759154095815,0.9999962554776264,0,0,1.3313824739006643,0.7319693896166894,IFNL1,Basal,Activated
GO_Biological_Process_2023,Regulation Of Very-Low-Density Lipoprotein Particle Remodeling (GO:0010901),1/5,0.5770759154095815,0.9999962554776264,0,0,1.3313824739006643,0.7319693896166894,APOA2,Basal,Activated
GO_Biological_Process_2023,Reproductive System Development (GO:0061458),1/5,0.5770759154095815,0.9999962554776264,0,0,1.3313824739006643,0.7319693896166894,WT1,Basal,Activated
GO_Biological_Process_2023,Resolution Of Recombination Intermediates (GO:0071139),1/5,0.5770759154095815,0.9999962554776264,0,0,1.3313824739006643,0.7319693896166894,RMI2,Basal,Activated
GO_Biological_Process_2023,Response To DNA Damage Checkpoint Signaling (GO:0072423),1/5,0.5770759154095815,0.9999962554776264,0,0,1.3313824739006643,0.7319693896166894,EME1,Basal,Activated
GO_Biological_Process_2023,Response To Angiotensin (GO:1990776),1/5,0.5770759154095815,0.9999962554776264,0,0,1.3313824739006643,0.7319693896166894,SLC30A10,Basal,Activated
GO_Biological_Process_2023,Response To cGMP (GO:0070305),1/5,0.5770759154095815,0.9999962554776264,0,0,1.3313824739006643,0.7319693896166894,HCN4,Basal,Activated
GO_Biological_Process_2023,Response To Gonadotropin (GO:0034698),1/5,0.5770759154095815,0.9999962554776264,0,0,1.3313824739006643,0.7319693896166894,WT1,Basal,Activated
GO_Biological_Process_2023,Response To Peptidoglycan (GO:0032494),1/5,0.5770759154095815,0.9999962554776264,0,0,1.3313824739006643,0.7319693896166894,INAVA,Basal,Activated
GO_Biological_Process_2023,Response To Testosterone (GO:0033574),1/5,0.5770759154095815,0.9999962554776264,0,0,1.3313824739006643,0.7319693896166894,SPP1,Basal,Activated
GO_Biological_Process_2023,Subtelomeric Heterochromatin Formation (GO:0031509),1/5,0.5770759154095815,0.9999962554776264,0,0,1.3313824739006643,0.7319693896166894,EZH2,Basal,Activated
GO_Biological_Process_2023,Succinate Transport (GO:0015744),1/5,0.5770759154095815,0.9999962554776264,0,0,1.3313824739006643,0.7319693896166894,SLC16A1,Basal,Activated
GO_Biological_Process_2023,tRNA Catabolic Process (GO:0016078),1/5,0.5770759154095815,0.9999962554776264,0,0,1.3313824739006643,0.7319693896166894,POP1,Basal,Activated
GO_Biological_Process_2023,Telencephalon Cell Migration (GO:0022029),1/5,0.5770759154095815,0.9999962554776264,0,0,1.3313824739006643,0.7319693896166894,HTR6,Basal,Activated
GO_Biological_Process_2023,Tongue Development (GO:0043586),1/5,0.5770759154095815,0.9999962554776264,0,0,1.3313824739006643,0.7319693896166894,WNT10A,Basal,Activated
GO_Biological_Process_2023,Trigeminal Nerve Development (GO:0021559),1/5,0.5770759154095815,0.9999962554776264,0,0,1.3313824739006643,0.7319693896166894,POU4F1,Basal,Activated
GO_Biological_Process_2023,Tripartite Regional Subdivision (GO:0007351),1/5,0.5770759154095815,0.9999962554776264,0,0,1.3313824739006643,0.7319693896166894,TBXT,Basal,Activated
GO_Biological_Process_2023,Venous Blood Vessel Morphogenesis (GO:0048845),1/5,0.5770759154095815,0.9999962554776264,0,0,1.3313824739006643,0.7319693896166894,TBX20,Basal,Activated
GO_Biological_Process_2023,Ventricular Cardiac Muscle Cell Development (GO:0055015),1/5,0.5770759154095815,0.9999962554776264,0,0,1.3313824739006643,0.7319693896166894,NKX2-5,Basal,Activated
GO_Biological_Process_2023,Zymogen Inhibition (GO:0097341),1/5,0.5770759154095815,0.9999962554776264,0,0,1.3313824739006643,0.7319693896166894,CARD18,Basal,Activated
GO_Biological_Process_2023,Regulation Of Metaphase/Anaphase Transition Of Cell Cycle (GO:1902099),5/32,0.5859195740225971,0.9999962554776264,0,0,0.98610964464623,0.5271473391355889,CENPE;ACTL6B;UBE2C;PLK1;CDC6,Basal,Activated
GO_Biological_Process_2023,Regulation Of Transmembrane Transport (GO:0034762),5/32,0.5859195740225971,0.9999962554776264,0,0,0.98610964464623,0.5271473391355889,KCNJ4;KCNJ6;KCNJ10;KCNJ9;KCNJ18,Basal,Activated
GO_Biological_Process_2023,Respiratory System Development (GO:0060541),5/32,0.5859195740225971,0.9999962554776264,0,0,0.98610964464623,0.5271473391355889,ZIC3;WT1;NKX2-1;CHI3L1;PHOX2B,Basal,Activated
GO_Biological_Process_2023,C4-dicarboxylate Transport (GO:0015740),2/12,0.5875209977277882,0.9999962554776264,0,0,1.0650632911392406,0.5664467677884537,SLC1A6;SLC25A22,Basal,Activated
GO_Biological_Process_2023,DNA Conformation Change (GO:0071103),2/12,0.5875209977277882,0.9999962554776264,0,0,1.0650632911392406,0.5664467677884537,TOP2A;HMGB3,Basal,Activated
GO_Biological_Process_2023,G Protein-Coupled Glutamate Receptor Signaling Pathway (GO:0007216),2/12,0.5875209977277882,0.9999962554776264,0,0,1.0650632911392406,0.5664467677884537,GRM8;HOMER3,Basal,Activated
GO_Biological_Process_2023,Actin-Myosin Filament Sliding (GO:0033275),2/12,0.5875209977277882,0.9999962554776264,0,0,1.0650632911392406,0.5664467677884537,MYH6;MYH7,Basal,Activated
GO_Biological_Process_2023,Adult Locomotory Behavior (GO:0008344),2/12,0.5875209977277882,0.9999962554776264,0,0,1.0650632911392406,0.5664467677884537,GDNF;FOXA2,Basal,Activated
GO_Biological_Process_2023,Astrocyte Activation (GO:0048143),2/12,0.5875209977277882,0.9999962554776264,0,0,1.0650632911392406,0.5664467677884537,IFNG;TNF,Basal,Activated
GO_Biological_Process_2023,Cardiac Right Ventricle Morphogenesis (GO:0003215),2/12,0.5875209977277882,0.9999962554776264,0,0,1.0650632911392406,0.5664467677884537,TBX20;NKX2-5,Basal,Activated
GO_Biological_Process_2023,Detection Of Bacterium (GO:0016045),2/12,0.5875209977277882,0.9999962554776264,0,0,1.0650632911392406,0.5664467677884537,PGLYRP4;PGLYRP3,Basal,Activated
GO_Biological_Process_2023,Fibrinolysis (GO:0042730),2/12,0.5875209977277882,0.9999962554776264,0,0,1.0650632911392406,0.5664467677884537,SERPINB2;PLG,Basal,Activated
GO_Biological_Process_2023,Glucose Import (GO:0046323),2/12,0.5875209977277882,0.9999962554776264,0,0,1.0650632911392406,0.5664467677884537,SLC2A14;SLC2A1,Basal,Activated
GO_Biological_Process_2023,Low-Density Lipoprotein Particle Remodeling (GO:0034374),2/12,0.5875209977277882,0.9999962554776264,0,0,1.0650632911392406,0.5664467677884537,APOA2;AGT,Basal,Activated
GO_Biological_Process_2023,Negative Regulation Of Coagulation (GO:0050819),2/12,0.5875209977277882,0.9999962554776264,0,0,1.0650632911392406,0.5664467677884537,SERPINE2;HS3ST6,Basal,Activated
GO_Biological_Process_2023,Negative Regulation Of Mitochondrial Membrane Permeability (GO:0035795),2/12,0.5875209977277882,0.9999962554776264,0,0,1.0650632911392406,0.5664467677884537,ARHGAP11B;FZD9,Basal,Activated
GO_Biological_Process_2023,Negative Regulation Of Substrate Adhesion-Dependent Cell Spreading (GO:1900025),2/12,0.5875209977277882,0.9999962554776264,0,0,1.0650632911392406,0.5664467677884537,MELTF;GBP1,Basal,Activated
GO_Biological_Process_2023,Organophosphate Catabolic Process (GO:0046434),2/12,0.5875209977277882,0.9999962554776264,0,0,1.0650632911392406,0.5664467677884537,PNLIPRP2;APOA2,Basal,Activated
GO_Biological_Process_2023,Porphyrin-Containing Compound Catabolic Process (GO:0006787),2/12,0.5875209977277882,0.9999962554776264,0,0,1.0650632911392406,0.5664467677884537,UGT1A10;SLCO1B3,Basal,Activated
GO_Biological_Process_2023,Positive Regulation Of Alcohol Biosynthetic Process (GO:1902932),2/12,0.5875209977277882,0.9999962554776264,0,0,1.0650632911392406,0.5664467677884537,AVPR1B;SH2D2A,Basal,Activated
GO_Biological_Process_2023,Positive Regulation Of Calcium-Mediated Signaling (GO:0050850),2/12,0.5875209977277882,0.9999962554776264,0,0,1.0650632911392406,0.5664467677884537,CLEC7A;P2RX2,Basal,Activated
GO_Biological_Process_2023,Regulation Of Hematopoietic Stem Cell Differentiation (GO:1902036),2/12,0.5875209977277882,0.9999962554776264,0,0,1.0650632911392406,0.5664467677884537,FOXC1;OSM,Basal,Activated
GO_Biological_Process_2023,Regulation Of Leukocyte Adhesion To Vascular Endothelial Cell (GO:1904994),2/12,0.5875209977277882,0.9999962554776264,0,0,1.0650632911392406,0.5664467677884537,MDK;TNF,Basal,Activated
GO_Biological_Process_2023,Regulation Of Monooxygenase Activity (GO:0032768),2/12,0.5875209977277882,0.9999962554776264,0,0,1.0650632911392406,0.5664467677884537,IL1A;GDNF,Basal,Activated
GO_Biological_Process_2023,Regulation Of Retinoic Acid Receptor Signaling Pathway (GO:0048385),2/12,0.5875209977277882,0.9999962554776264,0,0,1.0650632911392406,0.5664467677884537,PRAME;EZH2,Basal,Activated
GO_Biological_Process_2023,Regulation Of Sensory Perception (GO:0051931),2/12,0.5875209977277882,0.9999962554776264,0,0,1.0650632911392406,0.5664467677884537,SMR3B;SMR3A,Basal,Activated
GO_Biological_Process_2023,Response To Muramyl Dipeptide (GO:0032495),2/12,0.5875209977277882,0.9999962554776264,0,0,1.0650632911392406,0.5664467677884537,RIPK2;INAVA,Basal,Activated
GO_Biological_Process_2023,Secretion (GO:0046903),2/12,0.5875209977277882,0.9999962554776264,0,0,1.0650632911392406,0.5664467677884537,SLC22A16;UNC13D,Basal,Activated
GO_Biological_Process_2023,Sodium Ion Export Across Plasma Membrane (GO:0036376),2/12,0.5875209977277882,0.9999962554776264,0,0,1.0650632911392406,0.5664467677884537,ATP4B;ATP1A3,Basal,Activated
GO_Biological_Process_2023,Steroid Catabolic Process (GO:0006706),2/12,0.5875209977277882,0.9999962554776264,0,0,1.0650632911392406,0.5664467677884537,SPP1;HSD17B6,Basal,Activated
GO_Biological_Process_2023,Positive Regulation Of DNA Biosynthetic Process (GO:2000573),10/65,0.589916932219338,0.9999962554776264,0,0,0.968101061375173,0.5109381289284345,GINS1;GINS2;RFC4;PCNA;DSCC1;GINS4;NEK2;CHTF18;MAPK15;AURKB,Basal,Activated
GO_Biological_Process_2023,Carboxylic Acid Transmembrane Transport (GO:1905039),6/39,0.5965755757255149,0.9999962554776264,0,0,0.9681414909551792,0.5000928548131834,SLC7A5;SLC16A1;SLC7A11;SLC38A8;SLC38A3;SLC16A3,Basal,Activated
GO_Biological_Process_2023,Heterochromatin Organization (GO:0070828),6/39,0.5965755757255149,0.9999962554776264,0,0,0.9681414909551792,0.5000928548131834,UHRF1;H1-9P;HMGA2;LMNB2;LMNB1;EZH2,Basal,Activated
GO_Biological_Process_2023,Odontogenesis (GO:0042476),6/39,0.5965755757255149,0.9999962554776264,0,0,0.9681414909551792,0.5000928548131834,WNT6;FOXC1;WNT10A;ODAM;AMTN;AQP5,Basal,Activated
GO_Biological_Process_2023,Embryonic Digestive Tract Development (GO:0048566),3/19,0.5972073277296085,0.9999962554776264,0,0,0.9984567901234568,0.5146954325341391,SIX2;SOX11;TNF,Basal,Activated
GO_Biological_Process_2023,Epithelial Structure Maintenance (GO:0010669),3/19,0.5972073277296085,0.9999962554776264,0,0,0.9984567901234568,0.5146954325341391,MUC13;TFF2;LSR,Basal,Activated
GO_Biological_Process_2023,Insulin Secretion (GO:0030073),3/19,0.5972073277296085,0.9999962554776264,0,0,0.9984567901234568,0.5146954325341391,RIMS2;GAL;PDX1,Basal,Activated
GO_Biological_Process_2023,Regulation Of Neuroinflammatory Response (GO:0150077),3/19,0.5972073277296085,0.9999962554776264,0,0,0.9984567901234568,0.5146954325341391,MMP8;MMP9;TNF,Basal,Activated
GO_Biological_Process_2023,Regulation Of Transcription Involved In G1/S Transition Of Mitotic Cell Cycle (GO:0000083),3/19,0.5972073277296085,0.9999962554776264,0,0,0.9984567901234568,0.5146954325341391,E2F1;E2F2;E2F7,Basal,Activated
GO_Biological_Process_2023,Release Of Cytochrome C From Mitochondria (GO:0001836),3/19,0.5972073277296085,0.9999962554776264,0,0,0.9984567901234568,0.5146954325341391,BCL2A1;FZD9;SFN,Basal,Activated
GO_Biological_Process_2023,Skeletal Muscle Contraction (GO:0003009),3/19,0.5972073277296085,0.9999962554776264,0,0,0.9984567901234568,0.5146954325341391,TNNT1;TNNI3;MYH7,Basal,Activated
GO_Biological_Process_2023,Potassium Ion Transmembrane Transport (GO:0071805),21/137,0.5977608641604564,0.9999962554776264,0,0,0.9637881632249776,0.4959311721165917,KCNG1;KCNH2;KCNK5;HCN4;KCNJ4;KCNG3;KCNJ6;KCNJ10;KCNK9;KCNJ9;KCNB2;SLC12A1;ATP1A3;KCNJ18;ATP12A;ATP4B;KCNV1;KCNQ3;KCNQ4;KCNQ5;SLC12A8,Basal,Activated
GO_Biological_Process_2023,cAMP-mediated Signaling (GO:0019933),4/26,0.6062411642113682,0.9999962554776264,0,0,0.9681616673383614,0.4845430450216978,GHRHR;ADCYAP1;GAL;CGAS,Basal,Activated
GO_Biological_Process_2023,Nucleic Acid Phosphodiester Bond Hydrolysis (GO:0090305),4/26,0.6062411642113682,0.9999962554776264,0,0,0.9681616673383614,0.4845430450216978,FEN1;ANKLE1;HORMAD1;DNA2,Basal,Activated
GO_Biological_Process_2023,Negative Regulation Of Endopeptidase Activity (GO:0010951),10/66,0.6103006133655129,0.9999962554776264,0,0,0.9507568890500364,0.469487207252523,SERPINB3;SERPINB10;SERPINB4;SERPINB12;SERPINB2;SERPINB13;SERPINE2;SERPINB7;GAPDH;MT3,Basal,Activated
GO_Biological_Process_2023,Cardiac Muscle Contraction (GO:0060048),5/33,0.6146349854104475,0.9999962554776264,0,0,0.950834879406308,0.4627967297883507,KCNH2;MYLK2;TNNI3;MYH6;MYH7,Basal,Activated
GO_Biological_Process_2023,Lung Development (GO:0030324),5/33,0.6146349854104475,0.9999962554776264,0,0,0.950834879406308,0.4627967297883507,ZIC3;NKX2-1;FOXJ1;CHI3L1;SOX11,Basal,Activated
GO_Biological_Process_2023,Positive Regulation Of DNA Binding (GO:0043388),5/33,0.6146349854104475,0.9999962554776264,0,0,0.950834879406308,0.4627967297883507,FOXC1;PLAUR;MMP8;MMP9;POU4F1,Basal,Activated
GO_Biological_Process_2023,Positive Regulation Of Cytokine Production Involved In Immune Response (GO:0002720),5/33,0.6146349854104475,0.9999962554776264,0,0,0.950834879406308,0.4627967297883507,SLC7A5;CLEC7A;HLA-G;INAVA;KIR2DL4,Basal,Activated
GO_Biological_Process_2023,Positive Regulation Of Interleukin-12 Production (GO:0032735),5/33,0.6146349854104475,0.9999962554776264,0,0,0.950834879406308,0.4627967297883507,IFNG;CLEC7A;MDK;RIPK2;HLA-G,Basal,Activated
GO_Biological_Process_2023,Positive Regulation Of Release Of Sequestered Calcium Ion Into Cytosol (GO:0051281),5/33,0.6146349854104475,0.9999962554776264,0,0,0.950834879406308,0.4627967297883507,NPSR1;CXCL10;CEMIP;CXCL9;CXCL11,Basal,Activated
GO_Biological_Process_2023,Regulation Of Mitotic Cell Cycle Phase Transition (GO:1901990),13/86,0.6155953117541635,0.9999962554776264,0,0,0.9480939806940232,0.4599824833455375,ACTL6B;CDKN2A;UBE2C;PLK1;KIF14;TM4SF5;CDC6;AURKA;ANLN;CENPE;CENPF;UBD;E2F1,Basal,Activated
GO_Biological_Process_2023,Monocarboxylic Acid Transport (GO:0015718),11/73,0.6183713083473588,0.9999962554776264,0,0,0.9445849243967608,0.4540300267073947,SLC10A4;SLC5A8;SLC16A1;CRABP2;FABP6;FABP7;CRABP1;SLCO1B3;SLC6A11;SLC16A3;UGT1A6,Basal,Activated
GO_Biological_Process_2023,Cyclic-Nucleotide-Mediated Signaling (GO:0019935),6/40,0.6224633608549303,0.9999962554776264,0,0,0.9396108253187206,0.445441783573652,GHRHR;ADCYAP1;GUCY1B2;GAL;CGAS;HTR2C,Basal,Activated
GO_Biological_Process_2023,Cranial Nerve Development (GO:0021545),2/13,0.6327115684268718,0.9999962554776264,0,0,0.968181818181818,0.4431761445413132,ATOH7;POU4F1,Basal,Activated
GO_Biological_Process_2023,Cytoplasmic Sequestering Of Protein (GO:0051220),2/13,0.6327115684268718,0.9999962554776264,0,0,0.968181818181818,0.4431761445413132,NFKBIE;MDFI,Basal,Activated
GO_Biological_Process_2023,Cytoplasmic Sequestering Of Transcription Factor (GO:0042994),2/13,0.6327115684268718,0.9999962554776264,0,0,0.968181818181818,0.4431761445413132,NFKBIE;MDFI,Basal,Activated
GO_Biological_Process_2023,Immune Response-Regulating Cell Surface Receptor Signaling Pathway (GO:0002768),2/13,0.6327115684268718,0.9999962554776264,0,0,0.968181818181818,0.4431761445413132,CD24;HLA-G,Basal,Activated
GO_Biological_Process_2023,Inhibitory Synapse Assembly (GO:1904862),2/13,0.6327115684268718,0.9999962554776264,0,0,0.968181818181818,0.4431761445413132,GABRA1;GABRG2,Basal,Activated
GO_Biological_Process_2023,Intracellular Potassium Ion Homeostasis (GO:0030007),2/13,0.6327115684268718,0.9999962554776264,0,0,0.968181818181818,0.4431761445413132,ATP4B;ATP1A3,Basal,Activated
GO_Biological_Process_2023,Membrane Depolarization (GO:0051899),2/13,0.6327115684268718,0.9999962554776264,0,0,0.968181818181818,0.4431761445413132,KCNH2;CNGB1,Basal,Activated
GO_Biological_Process_2023,Membrane Depolarization During Action Potential (GO:0086010),2/13,0.6327115684268718,0.9999962554776264,0,0,0.968181818181818,0.4431761445413132,HCN4;KCNH2,Basal,Activated
GO_Biological_Process_2023,Myeloid Dendritic Cell Activation (GO:0001773),2/13,0.6327115684268718,0.9999962554776264,0,0,0.968181818181818,0.4431761445413132,BATF2;UBD,Basal,Activated
GO_Biological_Process_2023,Negative Regulation Of Cartilage Development (GO:0061037),2/13,0.6327115684268718,0.9999962554776264,0,0,0.968181818181818,0.4431761445413132,GDF5;NKX3-2,Basal,Activated
GO_Biological_Process_2023,Positive Regulation Of Keratinocyte Differentiation (GO:0045618),2/13,0.6327115684268718,0.9999962554776264,0,0,0.968181818181818,0.4431761445413132,FOXC1;ZBED2,Basal,Activated
GO_Biological_Process_2023,Positive Regulation Of Macrophage Chemotaxis (GO:0010759),2/13,0.6327115684268718,0.9999962554776264,0,0,0.968181818181818,0.4431761445413132,MDK;CXCL17,Basal,Activated
GO_Biological_Process_2023,Potassium Ion Export Across Plasma Membrane (GO:0097623),2/13,0.6327115684268718,0.9999962554776264,0,0,0.968181818181818,0.4431761445413132,KCNH2;KCNK5,Basal,Activated
GO_Biological_Process_2023,Protein Hydroxylation (GO:0018126),2/13,0.6327115684268718,0.9999962554776264,0,0,0.968181818181818,0.4431761445413132,PLOD3;PLOD1,Basal,Activated
GO_Biological_Process_2023,Regulation Of T Cell Chemotaxis (GO:0010819),2/13,0.6327115684268718,0.9999962554776264,0,0,0.968181818181818,0.4431761445413132,CXCL10;S100A7,Basal,Activated
GO_Biological_Process_2023,Regulation Of Humoral Immune Response (GO:0002920),2/13,0.6327115684268718,0.9999962554776264,0,0,0.968181818181818,0.4431761445413132,CR1L;ZP4,Basal,Activated
GO_Biological_Process_2023,Regulation Of Lamellipodium Organization (GO:1902743),2/13,0.6327115684268718,0.9999962554776264,0,0,0.968181818181818,0.4431761445413132,VIL1;CARMIL2,Basal,Activated
GO_Biological_Process_2023,Regulation Of Nitrogen Compound Metabolic Process (GO:0051171),2/13,0.6327115684268718,0.9999962554776264,0,0,0.968181818181818,0.4431761445413132,IFNG;TNF,Basal,Activated
GO_Biological_Process_2023,Response To UV-A (GO:0070141),2/13,0.6327115684268718,0.9999962554776264,0,0,0.968181818181818,0.4431761445413132,MMP1;MMP9,Basal,Activated
GO_Biological_Process_2023,DNA Methylation (GO:0006306),3/20,0.6334671547360675,0.9999962554776264,0,0,0.9396681749622926,0.4290028064243223,HELLS;BEND3;DNMT3B,Basal,Activated
GO_Biological_Process_2023,Cellular Response To Copper Ion (GO:0071280),3/20,0.6334671547360675,0.9999962554776264,0,0,0.9396681749622926,0.4290028064243223,MT1G;MT1H;MT3,Basal,Activated
GO_Biological_Process_2023,Cellular Response To Estradiol Stimulus (GO:0071392),3/20,0.6334671547360675,0.9999962554776264,0,0,0.9396681749622926,0.4290028064243223,H2AZ1;MYOD1;POU4F1,Basal,Activated
GO_Biological_Process_2023,Monocarboxylic Acid Catabolic Process (GO:0072329),3/20,0.6334671547360675,0.9999962554776264,0,0,0.9396681749622926,0.4290028064243223,CYP2W1;FANCA;HAO1,Basal,Activated
GO_Biological_Process_2023,Positive Regulation Of Embryonic Development (GO:0040019),3/20,0.6334671547360675,0.9999962554776264,0,0,0.9396681749622926,0.4290028064243223,SCX;OTX2;FOXA2,Basal,Activated
GO_Biological_Process_2023,Regulation Of Smooth Muscle Contraction (GO:0006940),3/20,0.6334671547360675,0.9999962554776264,0,0,0.9396681749622926,0.4290028064243223,CHRM3;KCNB2;NMU,Basal,Activated
GO_Biological_Process_2023,Sensory Perception Of Pain (GO:0019233),3/20,0.6334671547360675,0.9999962554776264,0,0,0.9396681749622926,0.4290028064243223,TRPA1;OPRK1;PRDM12,Basal,Activated
GO_Biological_Process_2023,Epidermal Cell Differentiation (GO:0009913),8/54,0.6367202870708882,0.9999962554776264,0,0,0.925918778087177,0.417982726645268,SCEL;SPRR2G;ST14;KRT16;SPRR1A;IVL;SPRR1B;S100A7,Basal,Activated
GO_Biological_Process_2023,Monoatomic Anion Transmembrane Transport (GO:0098656),8/54,0.6367202870708882,0.9999962554776264,0,0,0.925918778087177,0.417982726645268,GABRA1;GLRA2;GABRA5;GABRA3;SLC12A1;SLC26A9;SLC12A8;GABRG2,Basal,Activated
GO_Biological_Process_2023,Positive Regulation Of Leukocyte Chemotaxis (GO:0002690),8/54,0.6367202870708882,0.9999962554776264,0,0,0.925918778087177,0.417982726645268,CXCL10;EDN2;MDK;CXCL17;CCL1;S100A14;PRSS56;S100A7,Basal,Activated
GO_Biological_Process_2023,Gland Development (GO:0048732),11/74,0.6371517596600793,0.9999962554776264,0,0,0.9295361009102678,0.4189859905076147,SOX2;UGT1A10;WNT10A;MDK;WT1;SIX3;NKX2-1;PCSK9;LSR;NKX2-5;EPHB3,Basal,Activated
GO_Biological_Process_2023,Dorsal/Ventral Pattern Formation (GO:0009953),4/27,0.6372841996558675,0.9999962554776264,0,0,0.9260126111738304,0.4172053232832193,SIX3;TBX20;MDFI;HOXA11,Basal,Activated
GO_Biological_Process_2023,In Utero Embryonic Development (GO:0001701),4/27,0.6372841996558675,0.9999962554776264,0,0,0.9260126111738304,0.4172053232832193,FOXD3;STIL;SOX8;MYH6,Basal,Activated
GO_Biological_Process_2023,Negative Regulation Of Neurogenesis (GO:0050768),4/27,0.6372841996558675,0.9999962554776264,0,0,0.9260126111738304,0.4172053232832193,CCL11;DPYSL5;PAX6;TNF,Basal,Activated
GO_Biological_Process_2023,Positive Regulation Of Immune System Process (GO:0002684),4/27,0.6372841996558675,0.9999962554776264,0,0,0.9260126111738304,0.4172053232832193,C8G;IFNL1;RSAD2;HLA-G,Basal,Activated
GO_Biological_Process_2023,Positive Regulation Of Mitotic Cell Cycle (GO:0045931),4/27,0.6372841996558675,0.9999962554776264,0,0,0.9260126111738304,0.4172053232832193,CCNB1;EIF4EBP1;AURKA;CDC25B,Basal,Activated
GO_Biological_Process_2023,Positive Regulation Of Nitric Oxide Biosynthetic Process (GO:0045429),4/27,0.6372841996558675,0.9999962554776264,0,0,0.9260126111738304,0.4172053232832193,IFNG;CLEC7A;MMP8;TNF,Basal,Activated
GO_Biological_Process_2023,Regulation Of Extrinsic Apoptotic Signaling Pathway In Absence Of Ligand (GO:2001239),4/27,0.6372841996558675,0.9999962554776264,0,0,0.9260126111738304,0.4172053232832193,IL1A;TERT;GDNF;TNF,Basal,Activated
GO_Biological_Process_2023,Regulation Of Peptidase Activity (GO:0052547),4/27,0.6372841996558675,0.9999962554776264,0,0,0.9260126111738304,0.4172053232832193,SERPINB3;CSTB;SERPINB4;CTSV,Basal,Activated
GO_Biological_Process_2023,Neuron Differentiation (GO:0030182),26/173,0.6432340497389851,0.9999962554776264,0,0,0.941374253783146,0.4153782118650359,BRSK2;PCSK9;OTP;VXN;ATOH7;WNT6;OTX2;WNT10A;EN2;EN1;SOX11;PAX6;ATP2B2;BHLHA15;EPOP;VAX1;POU3F2;VAX2;PHOX2B;ISL2;LHX3;LHX2;LHX5;LHX9;LHX8;FOXA2,Basal,Activated
GO_Biological_Process_2023,G-quadruplex DNA Unwinding (GO:0044806),1/6,0.6439567566206366,0.9999962554776264,0,0,1.0650427080037963,0.4687505407521084,DNA2,Basal,Activated
GO_Biological_Process_2023,SA Node Cell Action Potential (GO:0086015),1/6,0.6439567566206366,0.9999962554776264,0,0,1.0650427080037963,0.4687505407521084,HCN4,Basal,Activated
GO_Biological_Process_2023,Adenylate Cyclase-Inhibiting Serotonin Receptor Signaling Pathway (GO:0007198),1/6,0.6439567566206366,0.9999962554776264,0,0,1.0650427080037963,0.4687505407521084,HTR1D,Basal,Activated
GO_Biological_Process_2023,Adherens Junction Maintenance (GO:0034334),1/6,0.6439567566206366,0.9999962554776264,0,0,1.0650427080037963,0.4687505407521084,INAVA,Basal,Activated
GO_Biological_Process_2023,Adult Feeding Behavior (GO:0008343),1/6,0.6439567566206366,0.9999962554776264,0,0,1.0650427080037963,0.4687505407521084,NPY,Basal,Activated
GO_Biological_Process_2023,Aldehyde Biosynthetic Process (GO:0046184),1/6,0.6439567566206366,0.9999962554776264,0,0,1.0650427080037963,0.4687505407521084,TPI1,Basal,Activated
GO_Biological_Process_2023,Antigen Processing And Presentation Of Endogenous Peptide Antigen Via MHC Class I (GO:0019885),1/6,0.6439567566206366,0.9999962554776264,0,0,1.0650427080037963,0.4687505407521084,TAP1,Basal,Activated
GO_Biological_Process_2023,Cardiac Muscle Cell Myoblast Differentiation (GO:0060379),1/6,0.6439567566206366,0.9999962554776264,0,0,1.0650427080037963,0.4687505407521084,TBXT,Basal,Activated
GO_Biological_Process_2023,Cardiac Muscle Cell-Cardiac Muscle Cell Adhesion (GO:0086042),1/6,0.6439567566206366,0.9999962554776264,0,0,1.0650427080037963,0.4687505407521084,DSC2,Basal,Activated
GO_Biological_Process_2023,Cellular Response To Gonadotropin Stimulus (GO:0071371),1/6,0.6439567566206366,0.9999962554776264,0,0,1.0650427080037963,0.4687505407521084,WT1,Basal,Activated
GO_Biological_Process_2023,Cellular Response To Histamine (GO:0071420),1/6,0.6439567566206366,0.9999962554776264,0,0,1.0650427080037963,0.4687505407521084,GABRG2,Basal,Activated
GO_Biological_Process_2023,Detection Of Muscle Stretch (GO:0035995),1/6,0.6439567566206366,0.9999962554776264,0,0,1.0650427080037963,0.4687505407521084,CDH2,Basal,Activated
GO_Biological_Process_2023,Determination Of Digestive Tract Left/Right Asymmetry (GO:0071907),1/6,0.6439567566206366,0.9999962554776264,0,0,1.0650427080037963,0.4687505407521084,ZIC3,Basal,Activated
GO_Biological_Process_2023,Epithelial Cell Differentiation Involved In Kidney Development (GO:0035850),1/6,0.6439567566206366,0.9999962554776264,0,0,1.0650427080037963,0.4687505407521084,SIX2,Basal,Activated
GO_Biological_Process_2023,Excitatory Chemical Synaptic Transmission (GO:0098976),1/6,0.6439567566206366,0.9999962554776264,0,0,1.0650427080037963,0.4687505407521084,GRIN2D,Basal,Activated
GO_Biological_Process_2023,"Fatty Acid Elongation, Monounsaturated Fatty Acid (GO:0034625)",1/6,0.6439567566206366,0.9999962554776264,0,0,1.0650427080037963,0.4687505407521084,ELOVL4,Basal,Activated
GO_Biological_Process_2023,"Fatty Acid Elongation, Polyunsaturated Fatty Acid (GO:0034626)",1/6,0.6439567566206366,0.9999962554776264,0,0,1.0650427080037963,0.4687505407521084,ELOVL4,Basal,Activated
GO_Biological_Process_2023,"Fatty Acid Elongation, Saturated Fatty Acid (GO:0019367)",1/6,0.6439567566206366,0.9999962554776264,0,0,1.0650427080037963,0.4687505407521084,ELOVL4,Basal,Activated
GO_Biological_Process_2023,"Fatty Acid Elongation, Unsaturated Fatty Acid (GO:0019368)",1/6,0.6439567566206366,0.9999962554776264,0,0,1.0650427080037963,0.4687505407521084,ELOVL4,Basal,Activated
GO_Biological_Process_2023,Forebrain Neuron Development (GO:0021884),1/6,0.6439567566206366,0.9999962554776264,0,0,1.0650427080037963,0.4687505407521084,LHX8,Basal,Activated
GO_Biological_Process_2023,Gamma-Aminobutyric Acid Transport (GO:0015812),1/6,0.6439567566206366,0.9999962554776264,0,0,1.0650427080037963,0.4687505407521084,SLC6A11,Basal,Activated
GO_Biological_Process_2023,Glomerular Epithelial Cell Development (GO:0072310),1/6,0.6439567566206366,0.9999962554776264,0,0,1.0650427080037963,0.4687505407521084,NPHS1,Basal,Activated
GO_Biological_Process_2023,Glutathione Biosynthetic Process (GO:0006750),1/6,0.6439567566206366,0.9999962554776264,0,0,1.0650427080037963,0.4687505407521084,CHAC2,Basal,Activated
GO_Biological_Process_2023,Glycosylceramide Biosynthetic Process (GO:0046476),1/6,0.6439567566206366,0.9999962554776264,0,0,1.0650427080037963,0.4687505407521084,UGT8,Basal,Activated
GO_Biological_Process_2023,Hepatocyte Growth Factor Receptor Signaling Pathway (GO:0048012),1/6,0.6439567566206366,0.9999962554776264,0,0,1.0650427080037963,0.4687505407521084,STMN1,Basal,Activated
GO_Biological_Process_2023,Histidine Catabolic Process (GO:0006548),1/6,0.6439567566206366,0.9999962554776264,0,0,1.0650427080037963,0.4687505407521084,UROC1,Basal,Activated
GO_Biological_Process_2023,Histidine Metabolic Process (GO:0006547),1/6,0.6439567566206366,0.9999962554776264,0,0,1.0650427080037963,0.4687505407521084,UROC1,Basal,Activated
GO_Biological_Process_2023,Host-Mediated Regulation Of Intestinal Microbiota Composition (GO:0048874),1/6,0.6439567566206366,0.9999962554776264,0,0,1.0650427080037963,0.4687505407521084,SPRR2A,Basal,Activated
GO_Biological_Process_2023,Hyaluronan Biosynthetic Process (GO:0030213),1/6,0.6439567566206366,0.9999962554776264,0,0,1.0650427080037963,0.4687505407521084,CEMIP,Basal,Activated
GO_Biological_Process_2023,Inositol Metabolic Process (GO:0006020),1/6,0.6439567566206366,0.9999962554776264,0,0,1.0650427080037963,0.4687505407521084,MIOX,Basal,Activated
GO_Biological_Process_2023,Maintenance Of Lens Transparency (GO:0036438),1/6,0.6439567566206366,0.9999962554776264,0,0,1.0650427080037963,0.4687505407521084,FOXC1,Basal,Activated
GO_Biological_Process_2023,Meiotic DNA Double-Strand Break Formation (GO:0042138),1/6,0.6439567566206366,0.9999962554776264,0,0,1.0650427080037963,0.4687505407521084,HORMAD1,Basal,Activated
GO_Biological_Process_2023,Membrane Biogenesis (GO:0044091),1/6,0.6439567566206366,0.9999962554776264,0,0,1.0650427080037963,0.4687505407521084,TLCD1,Basal,Activated
GO_Biological_Process_2023,Mitotic Nuclear Membrane Disassembly (GO:0007077),1/6,0.6439567566206366,0.9999962554776264,0,0,1.0650427080037963,0.4687505407521084,PLK1,Basal,Activated
GO_Biological_Process_2023,Negative Regulation Of Cardiocyte Differentiation (GO:1905208),1/6,0.6439567566206366,0.9999962554776264,0,0,1.0650427080037963,0.4687505407521084,DKK1,Basal,Activated
GO_Biological_Process_2023,Negative Regulation Of Digestive System Process (GO:0060457),1/6,0.6439567566206366,0.9999962554776264,0,0,1.0650427080037963,0.4687505407521084,TFF2,Basal,Activated
GO_Biological_Process_2023,Negative Regulation Of Double-Strand Break Repair Via Nonhomologous End Joining (GO:2001033),1/6,0.6439567566206366,0.9999962554776264,0,0,1.0650427080037963,0.4687505407521084,HMGA2,Basal,Activated
GO_Biological_Process_2023,Negative Regulation Of Lipoprotein Particle Clearance (GO:0010985),1/6,0.6439567566206366,0.9999962554776264,0,0,1.0650427080037963,0.4687505407521084,PCSK9,Basal,Activated
GO_Biological_Process_2023,Negative Regulation Of Low-Density Lipoprotein Receptor Activity (GO:1905598),1/6,0.6439567566206366,0.9999962554776264,0,0,1.0650427080037963,0.4687505407521084,PCSK9,Basal,Activated
GO_Biological_Process_2023,Negative Regulation Of miRNA Processing (GO:1903799),1/6,0.6439567566206366,0.9999962554776264,0,0,1.0650427080037963,0.4687505407521084,LIN28B,Basal,Activated
GO_Biological_Process_2023,Negative Regulation Of Neuron Projection Regeneration (GO:0070571),1/6,0.6439567566206366,0.9999962554776264,0,0,1.0650427080037963,0.4687505407521084,RTN4R,Basal,Activated
GO_Biological_Process_2023,Negative Regulation Of Plasminogen Activation (GO:0010757),1/6,0.6439567566206366,0.9999962554776264,0,0,1.0650427080037963,0.4687505407521084,SERPINE2,Basal,Activated
GO_Biological_Process_2023,Negative Regulation Of Protein Sumoylation (GO:0033234),1/6,0.6439567566206366,0.9999962554776264,0,0,1.0650427080037963,0.4687505407521084,MAGEA2,Basal,Activated
GO_Biological_Process_2023,Negative Regulation Of Response To Type II Interferon (GO:0060331),1/6,0.6439567566206366,0.9999962554776264,0,0,1.0650427080037963,0.4687505407521084,OTOP1,Basal,Activated
GO_Biological_Process_2023,Negative Regulation Of Ruffle Assembly (GO:1900028),1/6,0.6439567566206366,0.9999962554776264,0,0,1.0650427080037963,0.4687505407521084,PFN2,Basal,Activated
GO_Biological_Process_2023,Negative Regulation Of Steroid Metabolic Process (GO:0045939),1/6,0.6439567566206366,0.9999962554776264,0,0,1.0650427080037963,0.4687505407521084,UGT1A10,Basal,Activated
GO_Biological_Process_2023,Negative Regulation Of Type II Interferon-Mediated Signaling Pathway (GO:0060336),1/6,0.6439567566206366,0.9999962554776264,0,0,1.0650427080037963,0.4687505407521084,OTOP1,Basal,Activated
GO_Biological_Process_2023,"Neurotransmitter Receptor Transport, Postsynaptic Endosome To Lysosome (GO:0098943)",1/6,0.6439567566206366,0.9999962554776264,0,0,1.0650427080037963,0.4687505407521084,CACNG5,Basal,Activated
GO_Biological_Process_2023,Nucleobase Catabolic Process (GO:0046113),1/6,0.6439567566206366,0.9999962554776264,0,0,1.0650427080037963,0.4687505407521084,DPYSL5,Basal,Activated
GO_Biological_Process_2023,Nucleotide-Binding Oligomerization Domain Containing 2 Signaling Pathway (GO:0070431),1/6,0.6439567566206366,0.9999962554776264,0,0,1.0650427080037963,0.4687505407521084,RIPK2,Basal,Activated
GO_Biological_Process_2023,Parallel Actin Filament Bundle Assembly (GO:0030046),1/6,0.6439567566206366,0.9999962554776264,0,0,1.0650427080037963,0.4687505407521084,FSCN1,Basal,Activated
GO_Biological_Process_2023,Peptide Transport (GO:0015833),1/6,0.6439567566206366,0.9999962554776264,0,0,1.0650427080037963,0.4687505407521084,TAP1,Basal,Activated
GO_Biological_Process_2023,Podocyte Development (GO:0072015),1/6,0.6439567566206366,0.9999962554776264,0,0,1.0650427080037963,0.4687505407521084,NPHS1,Basal,Activated
GO_Biological_Process_2023,Polyadenylation-Dependent snoRNA 3'-End Processing (GO:0071051),1/6,0.6439567566206366,0.9999962554776264,0,0,1.0650427080037963,0.4687505407521084,EXOSC4,Basal,Activated
GO_Biological_Process_2023,Positive Regulation Of Aspartic-Type Endopeptidase Activity Involved In Amyloid Precursor Protein Catabolic Process (GO:1902961),1/6,0.6439567566206366,0.9999962554776264,0,0,1.0650427080037963,0.4687505407521084,EFNA3,Basal,Activated
GO_Biological_Process_2023,Positive Regulation Of Blood Circulation (GO:1903524),1/6,0.6439567566206366,0.9999962554776264,0,0,1.0650427080037963,0.4687505407521084,NKX2-5,Basal,Activated
GO_Biological_Process_2023,Positive Regulation Of cAMP-mediated Signaling (GO:0043950),1/6,0.6439567566206366,0.9999962554776264,0,0,1.0650427080037963,0.4687505407521084,POMC,Basal,Activated
GO_Biological_Process_2023,Positive Regulation Of Catecholamine Secretion (GO:0033605),1/6,0.6439567566206366,0.9999962554776264,0,0,1.0650427080037963,0.4687505407521084,GDNF,Basal,Activated
GO_Biological_Process_2023,Positive Regulation Of Cell Killing (GO:0031343),1/6,0.6439567566206366,0.9999962554776264,0,0,1.0650427080037963,0.4687505407521084,IFNG,Basal,Activated
GO_Biological_Process_2023,Positive Regulation Of Chemokine (C-X-C Motif) Ligand 2 Production (GO:2000343),1/6,0.6439567566206366,0.9999962554776264,0,0,1.0650427080037963,0.4687505407521084,TNF,Basal,Activated
GO_Biological_Process_2023,Positive Regulation Of Cilium Movement (GO:0003353),1/6,0.6439567566206366,0.9999962554776264,0,0,1.0650427080037963,0.4687505407521084,RNASE10,Basal,Activated
GO_Biological_Process_2023,Positive Regulation Of Cilium-Dependent Cell Motility (GO:2000155),1/6,0.6439567566206366,0.9999962554776264,0,0,1.0650427080037963,0.4687505407521084,RNASE10,Basal,Activated
GO_Biological_Process_2023,Positive Regulation Of Flagellated Sperm Motility (GO:1902093),1/6,0.6439567566206366,0.9999962554776264,0,0,1.0650427080037963,0.4687505407521084,RNASE10,Basal,Activated
GO_Biological_Process_2023,Positive Regulation Of Humoral Immune Response (GO:0002922),1/6,0.6439567566206366,0.9999962554776264,0,0,1.0650427080037963,0.4687505407521084,ZP4,Basal,Activated
GO_Biological_Process_2023,Positive Regulation Of Interleukin-23 Production (GO:0032747),1/6,0.6439567566206366,0.9999962554776264,0,0,1.0650427080037963,0.4687505407521084,IFNG,Basal,Activated
GO_Biological_Process_2023,Positive Regulation Of Lamellipodium Morphogenesis (GO:2000394),1/6,0.6439567566206366,0.9999962554776264,0,0,1.0650427080037963,0.4687505407521084,VIL1,Basal,Activated
GO_Biological_Process_2023,Positive Regulation Of Leukocyte Tethering Or Rolling (GO:1903238),1/6,0.6439567566206366,0.9999962554776264,0,0,1.0650427080037963,0.4687505407521084,CHST4,Basal,Activated
GO_Biological_Process_2023,Positive Regulation Of Lymphocyte Apoptotic Process (GO:0070230),1/6,0.6439567566206366,0.9999962554776264,0,0,1.0650427080037963,0.4687505407521084,IDO1,Basal,Activated
GO_Biological_Process_2023,Positive Regulation Of Membrane Depolarization (GO:1904181),1/6,0.6439567566206366,0.9999962554776264,0,0,1.0650427080037963,0.4687505407521084,MLLT11,Basal,Activated
GO_Biological_Process_2023,Positive Regulation Of Multicellular Organism Growth (GO:0040018),1/6,0.6439567566206366,0.9999962554776264,0,0,1.0650427080037963,0.4687505407521084,GHRHR,Basal,Activated
GO_Biological_Process_2023,Positive Regulation Of Neurotransmitter Secretion (GO:0001956),1/6,0.6439567566206366,0.9999962554776264,0,0,1.0650427080037963,0.4687505407521084,SLC18A3,Basal,Activated
GO_Biological_Process_2023,Positive Regulation Of Phospholipid Biosynthetic Process (GO:0071073),1/6,0.6439567566206366,0.9999962554776264,0,0,1.0650427080037963,0.4687505407521084,HTR2C,Basal,Activated
GO_Biological_Process_2023,Positive Regulation Of Receptor Catabolic Process (GO:2000646),1/6,0.6439567566206366,0.9999962554776264,0,0,1.0650427080037963,0.4687505407521084,PCSK9,Basal,Activated
GO_Biological_Process_2023,Positive Regulation Of Steroid Metabolic Process (GO:0045940),1/6,0.6439567566206366,0.9999962554776264,0,0,1.0650427080037963,0.4687505407521084,CGA,Basal,Activated
GO_Biological_Process_2023,Positive Regulation Of Synaptic Plasticity (GO:0031915),1/6,0.6439567566206366,0.9999962554776264,0,0,1.0650427080037963,0.4687505407521084,CDC20,Basal,Activated
GO_Biological_Process_2023,protein-DNA Covalent Cross-Linking Repair (GO:0106300),1/6,0.6439567566206366,0.9999962554776264,0,0,1.0650427080037963,0.4687505407521084,TRAIP,Basal,Activated
GO_Biological_Process_2023,Pyrimidine Ribonucleotide Biosynthetic Process (GO:0009220),1/6,0.6439567566206366,0.9999962554776264,0,0,1.0650427080037963,0.4687505407521084,CTPS1,Basal,Activated
GO_Biological_Process_2023,rDNA Heterochromatin Formation (GO:0000183),1/6,0.6439567566206366,0.9999962554776264,0,0,1.0650427080037963,0.4687505407521084,BEND3,Basal,Activated
GO_Biological_Process_2023,Regulation Of I-kappaB Phosphorylation (GO:1903719),1/6,0.6439567566206366,0.9999962554776264,0,0,1.0650427080037963,0.4687505407521084,TNF,Basal,Activated
GO_Biological_Process_2023,Regulation Of SA Node Cell Action Potential (GO:0098907),1/6,0.6439567566206366,0.9999962554776264,0,0,1.0650427080037963,0.4687505407521084,HCN4,Basal,Activated
GO_Biological_Process_2023,Regulation Of T Cell Mediated Immune Response To Tumor Cell (GO:0002840),1/6,0.6439567566206366,0.9999962554776264,0,0,1.0650427080037963,0.4687505407521084,IL4I1,Basal,Activated
GO_Biological_Process_2023,Regulation Of T-helper 1 Cell Differentiation (GO:0045625),1/6,0.6439567566206366,0.9999962554776264,0,0,1.0650427080037963,0.4687505407521084,CD80,Basal,Activated
GO_Biological_Process_2023,Regulation Of Blood-Brain Barrier Permeability (GO:1905603),1/6,0.6439567566206366,0.9999962554776264,0,0,1.0650427080037963,0.4687505407521084,SH3GL2,Basal,Activated
GO_Biological_Process_2023,Regulation Of Cell Adhesion Molecule Production (GO:0060353),1/6,0.6439567566206366,0.9999962554776264,0,0,1.0650427080037963,0.4687505407521084,CXCL8,Basal,Activated
GO_Biological_Process_2023,Regulation Of Growth Hormone Secretion (GO:0060123),1/6,0.6439567566206366,0.9999962554776264,0,0,1.0650427080037963,0.4687505407521084,GHRHR,Basal,Activated
GO_Biological_Process_2023,Regulation Of Hemoglobin Biosynthetic Process (GO:0046984),1/6,0.6439567566206366,0.9999962554776264,0,0,1.0650427080037963,0.4687505407521084,SLC6A9,Basal,Activated
GO_Biological_Process_2023,Regulation Of Lens Fiber Cell Differentiation (GO:1902746),1/6,0.6439567566206366,0.9999962554776264,0,0,1.0650427080037963,0.4687505407521084,FOXE3,Basal,Activated
GO_Biological_Process_2023,Regulation Of Myosin-Light-Chain-Phosphatase Activity (GO:0035507),1/6,0.6439567566206366,0.9999962554776264,0,0,1.0650427080037963,0.4687505407521084,TNF,Basal,Activated
GO_Biological_Process_2023,Regulation Of Natural Killer Cell Chemotaxis (GO:2000501),1/6,0.6439567566206366,0.9999962554776264,0,0,1.0650427080037963,0.4687505407521084,CCL7,Basal,Activated
GO_Biological_Process_2023,Regulation Of Norepinephrine Secretion (GO:0014061),1/6,0.6439567566206366,0.9999962554776264,0,0,1.0650427080037963,0.4687505407521084,HRH3,Basal,Activated
GO_Biological_Process_2023,Regulation Of Nuclease Activity (GO:0032069),1/6,0.6439567566206366,0.9999962554776264,0,0,1.0650427080037963,0.4687505407521084,OASL,Basal,Activated
GO_Biological_Process_2023,Regulation Of Potassium Ion Export Across Plasma Membrane (GO:1903764),1/6,0.6439567566206366,0.9999962554776264,0,0,1.0650427080037963,0.4687505407521084,KCNH2,Basal,Activated
GO_Biological_Process_2023,Regulation Of Respiratory System Process (GO:0044065),1/6,0.6439567566206366,0.9999962554776264,0,0,1.0650427080037963,0.4687505407521084,PHOX2B,Basal,Activated
GO_Biological_Process_2023,Regulation Of Saliva Secretion (GO:0046877),1/6,0.6439567566206366,0.9999962554776264,0,0,1.0650427080037963,0.4687505407521084,OPRK1,Basal,Activated
GO_Biological_Process_2023,Regulation Of Striated Muscle Tissue Development (GO:0016202),1/6,0.6439567566206366,0.9999962554776264,0,0,1.0650427080037963,0.4687505407521084,CENPF,Basal,Activated
GO_Biological_Process_2023,Regulation Of Systemic Arterial Blood Pressure By Renin-Angiotensin (GO:0003081),1/6,0.6439567566206366,0.9999962554776264,0,0,1.0650427080037963,0.4687505407521084,AGT,Basal,Activated
GO_Biological_Process_2023,Regulation Of Toll-Like Receptor 7 Signaling Pathway (GO:0034155),1/6,0.6439567566206366,0.9999962554776264,0,0,1.0650427080037963,0.4687505407521084,RSAD2,Basal,Activated
GO_Biological_Process_2023,Regulation Of Transforming Growth Factor Beta1 Production (GO:0032908),1/6,0.6439567566206366,0.9999962554776264,0,0,1.0650427080037963,0.4687505407521084,LAPTM4B,Basal,Activated
GO_Biological_Process_2023,Regulation Of Vascular Associated Smooth Muscle Cell Apoptotic Process (GO:1905459),1/6,0.6439567566206366,0.9999962554776264,0,0,1.0650427080037963,0.4687505407521084,E2F3,Basal,Activated
GO_Biological_Process_2023,Retinal Rod Cell Differentiation (GO:0060221),1/6,0.6439567566206366,0.9999962554776264,0,0,1.0650427080037963,0.4687505407521084,SOX8,Basal,Activated
GO_Biological_Process_2023,Serine Transport (GO:0032329),1/6,0.6439567566206366,0.9999962554776264,0,0,1.0650427080037963,0.4687505407521084,SLC38A5,Basal,Activated
GO_Biological_Process_2023,Skeletal Muscle Cell Differentiation (GO:0035914),1/6,0.6439567566206366,0.9999962554776264,0,0,1.0650427080037963,0.4687505407521084,MYLK2,Basal,Activated
GO_Biological_Process_2023,Skeletal Muscle Thin Filament Assembly (GO:0030240),1/6,0.6439567566206366,0.9999962554776264,0,0,1.0650427080037963,0.4687505407521084,ACTL8,Basal,Activated
GO_Biological_Process_2023,Spinal Cord Dorsal/Ventral Patterning (GO:0021513),1/6,0.6439567566206366,0.9999962554776264,0,0,1.0650427080037963,0.4687505407521084,RFX4,Basal,Activated
GO_Biological_Process_2023,Spontaneous Synaptic Transmission (GO:0098814),1/6,0.6439567566206366,0.9999962554776264,0,0,1.0650427080037963,0.4687505407521084,RIMS2,Basal,Activated
GO_Biological_Process_2023,"Synaptic Transmission, Dopaminergic (GO:0001963)",1/6,0.6439567566206366,0.9999962554776264,0,0,1.0650427080037963,0.4687505407521084,TH,Basal,Activated
GO_Biological_Process_2023,Synaptic Vesicle Docking (GO:0016081),1/6,0.6439567566206366,0.9999962554776264,0,0,1.0650427080037963,0.4687505407521084,UNC13A,Basal,Activated
GO_Biological_Process_2023,Type B Pancreatic Cell Development (GO:0003323),1/6,0.6439567566206366,0.9999962554776264,0,0,1.0650427080037963,0.4687505407521084,CDH2,Basal,Activated
GO_Biological_Process_2023,Ureter Development (GO:0072189),1/6,0.6439567566206366,0.9999962554776264,0,0,1.0650427080037963,0.4687505407521084,SOX8,Basal,Activated
GO_Biological_Process_2023,Vascular Associated Smooth Muscle Contraction (GO:0014829),1/6,0.6439567566206366,0.9999962554776264,0,0,1.0650427080037963,0.4687505407521084,EDN2,Basal,Activated
GO_Biological_Process_2023,Vitamin A Metabolic Process (GO:0006776),1/6,0.6439567566206366,0.9999962554776264,0,0,1.0650427080037963,0.4687505407521084,RLBP1,Basal,Activated
GO_Biological_Process_2023,Xenobiotic Glucuronidation (GO:0052697),1/6,0.6439567566206366,0.9999962554776264,0,0,1.0650427080037963,0.4687505407521084,UGT1A6,Basal,Activated
GO_Biological_Process_2023,Zinc Ion Import Into Organelle (GO:0062111),1/6,0.6439567566206366,0.9999962554776264,0,0,1.0650427080037963,0.4687505407521084,SLC30A10,Basal,Activated
GO_Biological_Process_2023,O-glycan Processing (GO:0016266),6/41,0.647371365816334,0.9999962554776264,0,0,0.9127104834329168,0.3968786163774057,GALNT14;GALNT13;B3GNT7;B3GNT4;GCNT3;CHST4,Basal,Activated
GO_Biological_Process_2023,Negative Regulation Of mRNA Catabolic Process (GO:1902373),6/41,0.647371365816334,0.9999962554776264,0,0,0.9127104834329168,0.3968786163774057,APOBEC1;GDNF;E2F1;IGF2BP1;MEIOC;TENT5D,Basal,Activated
GO_Biological_Process_2023,Skin Development (GO:0043588),10/68,0.6494945695091752,0.9999962554776264,0,0,0.9178627691230526,0.3961135945486684,SCEL;SPRR2G;ST14;WNT10A;KRT16;SPRR1A;IVL;SPRR1B;KRT9;S100A7,Basal,Activated
GO_Biological_Process_2023,Cellular Response To Radiation (GO:0071478),7/48,0.6526891007487203,0.9999962554776264,0,0,0.9089637045340344,0.3878133387063636,RAD51AP1;BLM;DEPDC1B;RAD51;BRCA2;ECT2;RGR,Basal,Activated
GO_Biological_Process_2023,Sodium Ion Transmembrane Transport (GO:0035725),12/82,0.6611142098958428,0.9999962554776264,0,0,0.9125442176870748,0.3776369604255914,HCN4;ATP4B;SLC6A19;ASIC4;ASIC5;SLC6A17;SLC6A9;SLC6A15;SLC12A1;ATP1A3;SLC6A11;ATP12A,Basal,Activated
GO_Biological_Process_2023,Determination Of Bilateral Symmetry (GO:0009855),4/28,0.6666857497949539,0.9999962554776264,0,0,0.8873759763563437,0.3597745956850581,DNAH11;STIL;ZIC3;FOXJ1,Basal,Activated
GO_Biological_Process_2023,Limb Development (GO:0060173),4/28,0.6666857497949539,0.9999962554776264,0,0,0.8873759763563437,0.3597745956850581,SMOC1;RSPO2;KREMEN2;DKK1,Basal,Activated
GO_Biological_Process_2023,Positive Regulation Of Nitric Oxide Metabolic Process (GO:1904407),4/28,0.6666857497949539,0.9999962554776264,0,0,0.8873759763563437,0.3597745956850581,IFNG;CLEC7A;MMP8;TNF,Basal,Activated
GO_Biological_Process_2023,Primary Neural Tube Formation (GO:0014020),4/28,0.6666857497949539,0.9999962554776264,0,0,0.8873759763563437,0.3597745956850581,STIL;VANGL2;MTHFD1L;GRHL3,Basal,Activated
GO_Biological_Process_2023,Pyroptosis (GO:0070269),4/28,0.6666857497949539,0.9999962554776264,0,0,0.8873759763563437,0.3597745956850581,GSDMC;IFI27;IGF2BP1;GZMB,Basal,Activated
GO_Biological_Process_2023,Regulation Of Nitric-Oxide Synthase Activity (GO:0050999),4/28,0.6666857497949539,0.9999962554776264,0,0,0.8873759763563437,0.3597745956850581,IL1A;TERT;S100A1;TNF,Basal,Activated
GO_Biological_Process_2023,Anaphase-Promoting Complex-Dependent Catabolic Process (GO:0031145),3/21,0.6673858779178424,0.9999962554776264,0,0,0.8874116281523688,0.3588576131382231,CDC20;UBE2C;UBE2S,Basal,Activated
GO_Biological_Process_2023,Macrophage Differentiation (GO:0030225),3/21,0.6673858779178424,0.9999962554776264,0,0,0.8874116281523688,0.3588576131382231,IFNG;IL31RA;MMP9,Basal,Activated
GO_Biological_Process_2023,Negative Regulation Of Tumor Necrosis Factor-Mediated Signaling Pathway (GO:0010804),3/21,0.6673858779178424,0.9999962554776264,0,0,0.8874116281523688,0.3588576131382231,H2BC11;PYDC1;TRAIP,Basal,Activated
GO_Biological_Process_2023,Positive Regulation Of Amyloid Precursor Protein Catabolic Process (GO:1902993),3/21,0.6673858779178424,0.9999962554776264,0,0,0.8874116281523688,0.3588576131382231,EFNA3;IFNG;TNF,Basal,Activated
GO_Biological_Process_2023,Positive Regulation Of Heart Contraction (GO:0045823),3/21,0.6673858779178424,0.9999962554776264,0,0,0.8874116281523688,0.3588576131382231,EDN2;ADM2;NKX2-5,Basal,Activated
GO_Biological_Process_2023,Response To Cadmium Ion (GO:0046686),3/21,0.6673858779178424,0.9999962554776264,0,0,0.8874116281523688,0.3588576131382231,MT1G;MT1H;MMP9,Basal,Activated
GO_Biological_Process_2023,Zinc Ion Transmembrane Transport (GO:0071577),3/21,0.6673858779178424,0.9999962554776264,0,0,0.8874116281523688,0.3588576131382231,SLC39A12;SLC30A10;SLC39A4,Basal,Activated
GO_Biological_Process_2023,Regulation Of Endopeptidase Activity (GO:0052548),10/69,0.6682441189580455,0.9999962554776264,0,0,0.9022520003441452,0.3636993374195432,SERPINB3;SERPINB10;SERPINB4;SERPINB12;SERPINB2;SERPINB13;SERPINE2;AHSG;SERPINB7;GAPDH,Basal,Activated
GO_Biological_Process_2023,Positive Regulation Of Cell Development (GO:0010720),5/35,0.6683925673901489,0.9999962554776264,0,0,0.8873403019744484,0.3574913079868509,IFNG;CLEC7A;MYOD1;SOX11;HOXA11,Basal,Activated
GO_Biological_Process_2023,Regulation Of Axon Extension (GO:0030516),5/35,0.6683925673901489,0.9999962554776264,0,0,0.8873403019744484,0.3574913079868509,RTN4R;TRIM46;L1CAM;KIAA0319;MT3,Basal,Activated
GO_Biological_Process_2023,Determination Of Heart Left/Right Asymmetry (GO:0061371),6/42,0.6712532347436416,0.9999962554776264,0,0,0.8873046049852134,0.353687436414696,STIL;VANGL2;ZIC3;TBX20;NKX2-5;DAND5,Basal,Activated
GO_Biological_Process_2023,Monocyte Chemotaxis (GO:0002548),6/42,0.6712532347436416,0.9999962554776264,0,0,0.8873046049852134,0.353687436414696,CCL25;CALCA;CCL11;CCL7;CCL20;CCL1,Basal,Activated
GO_Biological_Process_2023,Positive Regulation Of Calcium Ion Transmembrane Transport (GO:1904427),6/42,0.6712532347436416,0.9999962554776264,0,0,0.8873046049852134,0.353687436414696,NPSR1;CXCL10;CEMIP;CXCL9;CXCL11;P2RX2,Basal,Activated
GO_Biological_Process_2023,T Cell Proliferation (GO:0042098),2/14,0.6739278636969023,0.9999962554776264,0,0,0.8874472573839662,0.3502152644116493,CTPS1;RASGRP1,Basal,Activated
GO_Biological_Process_2023,"Blood Coagulation, Fibrin Clot Formation (GO:0072378)",2/14,0.6739278636969023,0.9999962554776264,0,0,0.8874472573839662,0.3502152644116493,F12;F13B,Basal,Activated
GO_Biological_Process_2023,Bone Morphogenesis (GO:0060349),2/14,0.6739278636969023,0.9999962554776264,0,0,0.8874472573839662,0.3502152644116493,MMP13;ATG9B,Basal,Activated
GO_Biological_Process_2023,Calcium Ion-Regulated Exocytosis Of Neurotransmitter (GO:0048791),2/14,0.6739278636969023,0.9999962554776264,0,0,0.8874472573839662,0.3502152644116493,RIMS2;UNC13A,Basal,Activated
GO_Biological_Process_2023,Cardiac Cell Development (GO:0055006),2/14,0.6739278636969023,0.9999962554776264,0,0,0.8874472573839662,0.3502152644116493,NKX2-5;MYH6,Basal,Activated
GO_Biological_Process_2023,Detection Of Mechanical Stimulus Involved In Sensory Perception (GO:0050974),2/14,0.6739278636969023,0.9999962554776264,0,0,0.8874472573839662,0.3502152644116493,COL11A1;SCN1A,Basal,Activated
GO_Biological_Process_2023,Endoderm Development (GO:0007492),2/14,0.6739278636969023,0.9999962554776264,0,0,0.8874472573839662,0.3502152644116493,TBX20;HOXC11,Basal,Activated
GO_Biological_Process_2023,Establishment Of Apical/Basal Cell Polarity (GO:0035089),2/14,0.6739278636969023,0.9999962554776264,0,0,0.8874472573839662,0.3502152644116493,FSCN1;FOXJ1,Basal,Activated
GO_Biological_Process_2023,Glucosamine-Containing Compound Metabolic Process (GO:1901071),2/14,0.6739278636969023,0.9999962554776264,0,0,0.8874472573839662,0.3502152644116493,CHST6;CHST4,Basal,Activated
GO_Biological_Process_2023,Hyaluronan Metabolic Process (GO:0030212),2/14,0.6739278636969023,0.9999962554776264,0,0,0.8874472573839662,0.3502152644116493,CEMIP;HYAL4,Basal,Activated
GO_Biological_Process_2023,Mitotic Recombination (GO:0006312),2/14,0.6739278636969023,0.9999962554776264,0,0,0.8874472573839662,0.3502152644116493,RAD51;RAD54B,Basal,Activated
GO_Biological_Process_2023,Negative Regulation Of Leukocyte Mediated Cytotoxicity (GO:0001911),2/14,0.6739278636969023,0.9999962554776264,0,0,0.8874472573839662,0.3502152644116493,HLA-G;KIR2DL4,Basal,Activated
GO_Biological_Process_2023,Pancreas Development (GO:0031016),2/14,0.6739278636969023,0.9999962554776264,0,0,0.8874472573839662,0.3502152644116493,ZIC3;ILDR2,Basal,Activated
GO_Biological_Process_2023,Positive Regulation Of Acute Inflammatory Response (GO:0002675),2/14,0.6739278636969023,0.9999962554776264,0,0,0.8874472573839662,0.3502152644116493,OSM;TNF,Basal,Activated
GO_Biological_Process_2023,Positive Regulation Of Membrane Protein Ectodomain Proteolysis (GO:0051044),2/14,0.6739278636969023,0.9999962554776264,0,0,0.8874472573839662,0.3502152644116493,IFNG;TNF,Basal,Activated
GO_Biological_Process_2023,Protein Activation Cascade (GO:0072376),2/14,0.6739278636969023,0.9999962554776264,0,0,0.8874472573839662,0.3502152644116493,F12;F13B,Basal,Activated
GO_Biological_Process_2023,Regulation Of Cell Fate Specification (GO:0042659),2/14,0.6739278636969023,0.9999962554776264,0,0,0.8874472573839662,0.3502152644116493,ESRP1;DKK1,Basal,Activated
GO_Biological_Process_2023,Regulation Of Exit From Mitosis (GO:0007096),2/14,0.6739278636969023,0.9999962554776264,0,0,0.8874472573839662,0.3502152644116493,UBE2C;CDCA5,Basal,Activated
GO_Biological_Process_2023,Regulation Of Extracellular Matrix Disassembly (GO:0010715),2/14,0.6739278636969023,0.9999962554776264,0,0,0.8874472573839662,0.3502152644116493,FSCN1;MELTF,Basal,Activated
GO_Biological_Process_2023,Regulation Of Integrin Activation (GO:0033623),2/14,0.6739278636969023,0.9999962554776264,0,0,0.8874472573839662,0.3502152644116493,FERMT1;KIF14,Basal,Activated
GO_Biological_Process_2023,Regulation Of Microglial Cell Activation (GO:1903978),2/14,0.6739278636969023,0.9999962554776264,0,0,0.8874472573839662,0.3502152644116493,TAFA3;MMP8,Basal,Activated
GO_Biological_Process_2023,Regulation Of Phosphate Metabolic Process (GO:0019220),2/14,0.6739278636969023,0.9999962554776264,0,0,0.8874472573839662,0.3502152644116493,MCM7;CD24,Basal,Activated
GO_Biological_Process_2023,Regulation Of Sensory Perception Of Pain (GO:0051930),2/14,0.6739278636969023,0.9999962554776264,0,0,0.8874472573839662,0.3502152644116493,SMR3B;SMR3A,Basal,Activated
GO_Biological_Process_2023,Resolution Of Meiotic Recombination Intermediates (GO:0000712),2/14,0.6739278636969023,0.9999962554776264,0,0,0.8874472573839662,0.3502152644116493,TOP2A;EME1,Basal,Activated
GO_Biological_Process_2023,Serine Family Amino Acid Metabolic Process (GO:0009069),2/14,0.6739278636969023,0.9999962554776264,0,0,0.8874472573839662,0.3502152644116493,CBS;PSPH,Basal,Activated
GO_Biological_Process_2023,Antibacterial Humoral Response (GO:0019731),7/49,0.6747085681112095,0.9999962554776264,0,0,0.8872688853671421,0.349117620955968,H2BC12;IGHM;BPIFA1;SLPI;H2BC11;PI3;SPRR2A,Basal,Activated
GO_Biological_Process_2023,Interferon-Mediated Signaling Pathway (GO:0140888),7/49,0.6747085681112095,0.9999962554776264,0,0,0.8872688853671421,0.349117620955968,IFNL2;IFNL1;IFI27;IFNG;IFNB1;IFNL4;IFNL3,Basal,Activated
GO_Biological_Process_2023,Negative Regulation Of T Cell Activation (GO:0050868),7/49,0.6747085681112095,0.9999962554776264,0,0,0.8872688853671421,0.349117620955968,PLA2G2F;IL4I1;IFNL1;IFNB1;CD80;ILDR2;HLA-G,Basal,Activated
GO_Biological_Process_2023,Defense Response To Virus (GO:0051607),28/189,0.6769733860792702,0.9999962554776264,0,0,0.925446019810771,0.3610380722436708,IL21;RTP4;CGAS;TNF;OASL;IFIH1;BPIFA1;IFNL2;EXOSC4;IFNL1;IGF2BP1;SKP2;IFNL4;IFNL3;GBP5;RSAD2;IFNB1;MX1;ACOD1;OPRK1;ISG15;CXCL10;AIM2;IFI27;CD207;TRIM15;APOBEC3A;APOBEC3B,Basal,Activated
GO_Biological_Process_2023,Adenylate Cyclase-Modulating G Protein-Coupled Receptor Signaling Pathway (GO:0007188),24/163,0.6810223403439587,0.9999962554776264,0,0,0.9188274619310288,0.3529769122915627,GABBR2;CALCA;CXCL9;CALCB;PSAPL1;GPR26;GPR37;HTR1D;OPRK1;GPR37L1;RIMS2;ADGRF2;ADCYAP1;GHRHR;CXCL10;CXCL11;ADGRG7;UCN3;ADGRF4;ADM2;GRM8;UTS2;GNAT1;TCP11,Basal,Activated
GO_Biological_Process_2023,Inorganic Anion Transmembrane Transport (GO:0098661),9/63,0.6824020620027318,0.9999962554776264,0,0,0.8871973781583677,0.3390302889623062,GABRA1;SLC5A8;GLRA2;GABRA5;GABRA3;SLC12A1;SLC26A9;SLC12A8;GABRG2,Basal,Activated
GO_Biological_Process_2023,Positive Regulation Of Inflammatory Response (GO:0050729),15/104,0.6916684084666598,0.9999962554776264,0,0,0.8970019601332462,0.3306785318014508,IL21;OSM;MMP8;TNF;AGT;AIM2;IFNG;NLRP10;MDK;IGF2BP1;ADAM8;CCL1;LILRP2;S100A9;S100A8,Basal,Activated
GO_Biological_Process_2023,Base-Excision Repair (GO:0006284),5/36,0.6933412320252758,0.9999962554776264,0,0,0.8586653315213504,0.3144715826565274,POLQ;FEN1;NEIL3;HMGA2;DNA2,Basal,Activated
GO_Biological_Process_2023,Neural Crest Cell Migration (GO:0001755),5/36,0.6933412320252758,0.9999962554776264,0,0,0.8586653315213504,0.3144715826565274,SEMA5B;GDNF;NRTN;SOX8;PHOX2B,Basal,Activated
GO_Biological_Process_2023,Receptor Signaling Pathway Via JAK-STAT (GO:0007259),5/36,0.6933412320252758,0.9999962554776264,0,0,0.8586653315213504,0.3144715826565274,IL21;IFNG;IFNB1;IL31RA;IFNL4,Basal,Activated
GO_Biological_Process_2023,Skeletal System Morphogenesis (GO:0048705),6/43,0.6940755550265704,0.9999962554776264,0,0,0.8632720172644127,0.3152448888414855,FBN2;HOXB9;MMP13;ATG9B;SOX11;RFLNA,Basal,Activated
GO_Biological_Process_2023,Alpha-Amino Acid Catabolic Process (GO:1901606),4/29,0.6944085877156957,0.9999962554776264,0,0,0.8518302723242559,0.3106580270239995,IL4I1;CBS;FANCA;IDO1,Basal,Activated
GO_Biological_Process_2023,Negative Regulation Of DNA Binding (GO:0043392),4/29,0.6944085877156957,0.9999962554776264,0,0,0.8518302723242559,0.3106580270239995,E2F1;HMGA2;SOX11;MDFI,Basal,Activated
GO_Biological_Process_2023,Regulation Of Blood Coagulation (GO:0030193),4/29,0.6944085877156957,0.9999962554776264,0,0,0.8518302723242559,0.3106580270239995,SERPINE2;F12;PLAUR;FOXA2,Basal,Activated
GO_Biological_Process_2023,Regulation Of Muscle Contraction (GO:0006937),4/29,0.6944085877156957,0.9999962554776264,0,0,0.8518302723242559,0.3106580270239995,MYLK2;TNNT1;KCNB2;MYBPH,Basal,Activated
GO_Biological_Process_2023,Regulation Of Spindle Assembly (GO:0090169),4/29,0.6944085877156957,0.9999962554776264,0,0,0.8518302723242559,0.3106580270239995,GPSM2;STIL;SPAG5;PLK1,Basal,Activated
GO_Biological_Process_2023,Sarcomere Organization (GO:0045214),4/29,0.6944085877156957,0.9999962554776264,0,0,0.8518302723242559,0.3106580270239995,TNNT1;ANKRD1;MYH6;MYH7,Basal,Activated
GO_Biological_Process_2023,Tube Closure (GO:0060606),4/29,0.6944085877156957,0.9999962554776264,0,0,0.8518302723242559,0.3106580270239995,STIL;VANGL2;MTHFD1L;GRHL3,Basal,Activated
GO_Biological_Process_2023,Central Nervous System Development (GO:0007417),42/283,0.6980457708960426,0.9999962554776264,0,0,0.9270587296520908,0.3332503615100853,SH3GL3;FOXG1;MAST1;SLC2A1;MSI1;KLK6;DMBX1;UGT8;CDH2;ZIC2;ZIC3;DNER;SIX3;ZIC1;NKX2-1;SOX8;PHGDH;MNX1;SH3GL2;NKX2-2;EPHA7;VCX3A;MARCKSL1;SLC6A17;MOG;CNTN5;APLP1;FOXJ1;SOX11;PAX6;TBR1;LSR;ZIC4;ZIC5;VAX1;VAX2;GRIN2D;AIM2;POMK;TAGLN3;MELTF;CDK5R2,Basal,Activated
GO_Biological_Process_2023,Cellular Response To Cadmium Ion (GO:0071276),3/22,0.6989473589305664,0.9999962554776264,0,0,0.8406557704803319,0.3011059566764082,MT1G;MT1H;MMP9,Basal,Activated
GO_Biological_Process_2023,Glucose Transmembrane Transport (GO:1904659),3/22,0.6989473589305664,0.9999962554776264,0,0,0.8406557704803319,0.3011059566764082,SLC2A14;SLC2A1;SLC2A6,Basal,Activated
GO_Biological_Process_2023,Hexose Transmembrane Transport (GO:0008645),3/22,0.6989473589305664,0.9999962554776264,0,0,0.8406557704803319,0.3011059566764082,SLC2A14;SLC2A1;SLC2A6,Basal,Activated
GO_Biological_Process_2023,Natural Killer Cell Mediated Immunity (GO:0002228),3/22,0.6989473589305664,0.9999962554776264,0,0,0.8406557704803319,0.3011059566764082,GZMB;ULBP2;ULBP1,Basal,Activated
GO_Biological_Process_2023,Postreplication Repair (GO:0006301),3/22,0.6989473589305664,0.9999962554776264,0,0,0.8406557704803319,0.3011059566764082,PCNA;PCLAF;TNFSF13B,Basal,Activated
GO_Biological_Process_2023,Regulation Of Mononuclear Cell Migration (GO:0071675),3/22,0.6989473589305664,0.9999962554776264,0,0,0.8406557704803319,0.3011059566764082,MDK;CXCL17;TNF,Basal,Activated
GO_Biological_Process_2023,Regulation Of Telomere Capping (GO:1904353),3/22,0.6989473589305664,0.9999962554776264,0,0,0.8406557704803319,0.3011059566764082,NEK2;MAPK15;AURKB,Basal,Activated
GO_Biological_Process_2023,DNA Ligation (GO:0006266),1/7,0.7002638973717354,0.9999962554776264,0,0,0.8874828640725508,0.3162083861335305,TOP2A,Basal,Activated
GO_Biological_Process_2023,SREBP Signaling Pathway (GO:0032933),1/7,0.7002638973717354,0.9999962554776264,0,0,0.8874828640725508,0.3162083861335305,SH2D2A,Basal,Activated
GO_Biological_Process_2023,U4 snRNA 3'-End Processing (GO:0034475),1/7,0.7002638973717354,0.9999962554776264,0,0,0.8874828640725508,0.3162083861335305,EXOSC4,Basal,Activated
GO_Biological_Process_2023,UV Protection (GO:0009650),1/7,0.7002638973717354,0.9999962554776264,0,0,0.8874828640725508,0.3162083861335305,FEN1,Basal,Activated
GO_Biological_Process_2023,Amine Transport (GO:0015837),1/7,0.7002638973717354,0.9999962554776264,0,0,0.8874828640725508,0.3162083861335305,RHCG,Basal,Activated
GO_Biological_Process_2023,Amino-Acid Betaine Transport (GO:0015838),1/7,0.7002638973717354,0.9999962554776264,0,0,0.8874828640725508,0.3162083861335305,SLC22A16,Basal,Activated
GO_Biological_Process_2023,Aromatic Compound Catabolic Process (GO:0019439),1/7,0.7002638973717354,0.9999962554776264,0,0,0.8874828640725508,0.3162083861335305,CYP2F1,Basal,Activated
GO_Biological_Process_2023,"Blood Coagulation, Intrinsic Pathway (GO:0007597)",1/7,0.7002638973717354,0.9999962554776264,0,0,0.8874828640725508,0.3162083861335305,F12,Basal,Activated
GO_Biological_Process_2023,Cardiac Atrium Development (GO:0003230),1/7,0.7002638973717354,0.9999962554776264,0,0,0.8874828640725508,0.3162083861335305,DAND5,Basal,Activated
GO_Biological_Process_2023,Catecholamine Catabolic Process (GO:0042424),1/7,0.7002638973717354,0.9999962554776264,0,0,0.8874828640725508,0.3162083861335305,MOXD1,Basal,Activated
GO_Biological_Process_2023,Cellular Response To Angiotensin (GO:1904385),1/7,0.7002638973717354,0.9999962554776264,0,0,0.8874828640725508,0.3162083861335305,SLC30A10,Basal,Activated
GO_Biological_Process_2023,Cellular Response To Interleukin-2 (GO:0071352),1/7,0.7002638973717354,0.9999962554776264,0,0,0.8874828640725508,0.3162083861335305,IL2RA,Basal,Activated
GO_Biological_Process_2023,Cellular Response To Leptin Stimulus (GO:0044320),1/7,0.7002638973717354,0.9999962554776264,0,0,0.8874828640725508,0.3162083861335305,MT3,Basal,Activated
GO_Biological_Process_2023,Dopamine Catabolic Process (GO:0042420),1/7,0.7002638973717354,0.9999962554776264,0,0,0.8874828640725508,0.3162083861335305,MOXD1,Basal,Activated
GO_Biological_Process_2023,Establishment Of Centrosome Localization (GO:0051660),1/7,0.7002638973717354,0.9999962554776264,0,0,0.8874828640725508,0.3162083861335305,MAD2L1,Basal,Activated
GO_Biological_Process_2023,Fatty Acid Alpha-Oxidation (GO:0001561),1/7,0.7002638973717354,0.9999962554776264,0,0,0.8874828640725508,0.3162083861335305,HAO1,Basal,Activated
GO_Biological_Process_2023,Fructose Transmembrane Transport (GO:0015755),1/7,0.7002638973717354,0.9999962554776264,0,0,0.8874828640725508,0.3162083861335305,SLC2A6,Basal,Activated
GO_Biological_Process_2023,Galactosylceramide Metabolic Process (GO:0006681),1/7,0.7002638973717354,0.9999962554776264,0,0,0.8874828640725508,0.3162083861335305,UGT8,Basal,Activated
GO_Biological_Process_2023,Glutathione Catabolic Process (GO:0006751),1/7,0.7002638973717354,0.9999962554776264,0,0,0.8874828640725508,0.3162083861335305,CHAC2,Basal,Activated
GO_Biological_Process_2023,Glycine Metabolic Process (GO:0006544),1/7,0.7002638973717354,0.9999962554776264,0,0,0.8874828640725508,0.3162083861335305,GLDC,Basal,Activated
GO_Biological_Process_2023,"Heparan Sulfate Proteoglycan Biosynthetic Process, Polysaccharide Chain Biosynthetic Process (GO:0015014)",1/7,0.7002638973717354,0.9999962554776264,0,0,0.8874828640725508,0.3162083861335305,NDST3,Basal,Activated
GO_Biological_Process_2023,Histone H2A K63-linked Deubiquitination (GO:0070537),1/7,0.7002638973717354,0.9999962554776264,0,0,0.8874828640725508,0.3162083861335305,DEPDC1B,Basal,Activated
GO_Biological_Process_2023,Inhibition Of Cysteine-Type Endopeptidase Activity (GO:0097340),1/7,0.7002638973717354,0.9999962554776264,0,0,0.8874828640725508,0.3162083861335305,CARD18,Basal,Activated
GO_Biological_Process_2023,Interleukin-2-Mediated Signaling Pathway (GO:0038110),1/7,0.7002638973717354,0.9999962554776264,0,0,0.8874828640725508,0.3162083861335305,IL2RA,Basal,Activated
GO_Biological_Process_2023,Intracellular pH Elevation (GO:0051454),1/7,0.7002638973717354,0.9999962554776264,0,0,0.8874828640725508,0.3162083861335305,OCA2,Basal,Activated
GO_Biological_Process_2023,Kidney Epithelium Development (GO:0072073),1/7,0.7002638973717354,0.9999962554776264,0,0,0.8874828640725508,0.3162083861335305,WT1,Basal,Activated
GO_Biological_Process_2023,Lactate Metabolic Process (GO:0006089),1/7,0.7002638973717354,0.9999962554776264,0,0,0.8874828640725508,0.3162083861335305,LDHC,Basal,Activated
GO_Biological_Process_2023,Late Nucleophagy (GO:0044805),1/7,0.7002638973717354,0.9999962554776264,0,0,0.8874828640725508,0.3162083861335305,ATG9B,Basal,Activated
GO_Biological_Process_2023,Methionine Metabolic Process (GO:0006555),1/7,0.7002638973717354,0.9999962554776264,0,0,0.8874828640725508,0.3162083861335305,MAT1A,Basal,Activated
GO_Biological_Process_2023,Negative Regulation Of T Cell Mediated Cytotoxicity (GO:0001915),1/7,0.7002638973717354,0.9999962554776264,0,0,0.8874828640725508,0.3162083861335305,HLA-G,Basal,Activated
GO_Biological_Process_2023,Negative Regulation Of Circadian Rhythm (GO:0042754),1/7,0.7002638973717354,0.9999962554776264,0,0,0.8874828640725508,0.3162083861335305,PASD1,Basal,Activated
GO_Biological_Process_2023,"Negative Regulation Of Complement Activation, Classical Pathway (GO:0045959)",1/7,0.7002638973717354,0.9999962554776264,0,0,0.8874828640725508,0.3162083861335305,CR1L,Basal,Activated
GO_Biological_Process_2023,Negative Regulation Of Inflammatory Response To Wounding (GO:0106015),1/7,0.7002638973717354,0.9999962554776264,0,0,0.8874828640725508,0.3162083861335305,MDK,Basal,Activated
GO_Biological_Process_2023,Negative Regulation Of miRNA-mediated Gene Silencing (GO:0060965),1/7,0.7002638973717354,0.9999962554776264,0,0,0.8874828640725508,0.3162083861335305,POU5F1,Basal,Activated
GO_Biological_Process_2023,Negative Regulation Of Microglial Cell Activation (GO:1903979),1/7,0.7002638973717354,0.9999962554776264,0,0,0.8874828640725508,0.3162083861335305,TAFA3,Basal,Activated
GO_Biological_Process_2023,Neurotransmitter Receptor Diffusion Trapping (GO:0099628),1/7,0.7002638973717354,0.9999962554776264,0,0,0.8874828640725508,0.3162083861335305,CACNG5,Basal,Activated
GO_Biological_Process_2023,Nucleolar Chromatin Organization (GO:1990700),1/7,0.7002638973717354,0.9999962554776264,0,0,0.8874828640725508,0.3162083861335305,BEND3,Basal,Activated
GO_Biological_Process_2023,Olefinic Compound Biosynthetic Process (GO:0120255),1/7,0.7002638973717354,0.9999962554776264,0,0,0.8874828640725508,0.3162083861335305,SRD5A2,Basal,Activated
GO_Biological_Process_2023,Osteoblast Development (GO:0002076),1/7,0.7002638973717354,0.9999962554776264,0,0,0.8874828640725508,0.3162083861335305,CLEC5A,Basal,Activated
GO_Biological_Process_2023,Pericardium Development (GO:0060039),1/7,0.7002638973717354,0.9999962554776264,0,0,0.8874828640725508,0.3162083861335305,TBX20,Basal,Activated
GO_Biological_Process_2023,Phosphatidylserine Acyl-Chain Remodeling (GO:0036150),1/7,0.7002638973717354,0.9999962554776264,0,0,0.8874828640725508,0.3162083861335305,PLA2G2F,Basal,Activated
GO_Biological_Process_2023,Positive Regulation Of CoA-transferase Activity (GO:1905920),1/7,0.7002638973717354,0.9999962554776264,0,0,0.8874828640725508,0.3162083861335305,APOA2,Basal,Activated
GO_Biological_Process_2023,Positive Regulation Of T-helper 2 Cell Cytokine Production (GO:2000553),1/7,0.7002638973717354,0.9999962554776264,0,0,0.8874828640725508,0.3162083861335305,RSAD2,Basal,Activated
GO_Biological_Process_2023,Positive Regulation Of Aspartic-Type Peptidase Activity (GO:1905247),1/7,0.7002638973717354,0.9999962554776264,0,0,0.8874828640725508,0.3162083861335305,EFNA3,Basal,Activated
GO_Biological_Process_2023,Positive Regulation Of Astrocyte Differentiation (GO:0048711),1/7,0.7002638973717354,0.9999962554776264,0,0,0.8874828640725508,0.3162083861335305,SERPINE2,Basal,Activated
GO_Biological_Process_2023,Positive Regulation Of Epithelial Tube Formation (GO:1905278),1/7,0.7002638973717354,0.9999962554776264,0,0,0.8874828640725508,0.3162083861335305,GDNF,Basal,Activated
GO_Biological_Process_2023,Positive Regulation Of Execution Phase Of Apoptosis (GO:1900119),1/7,0.7002638973717354,0.9999962554776264,0,0,0.8874828640725508,0.3162083861335305,TP53BP2,Basal,Activated
GO_Biological_Process_2023,Positive Regulation Of Insulin-Like Growth Factor Receptor Signaling Pathway (GO:0043568),1/7,0.7002638973717354,0.9999962554776264,0,0,0.8874828640725508,0.3162083861335305,GHRHR,Basal,Activated
GO_Biological_Process_2023,Positive Regulation Of Isomerase Activity (GO:0010912),1/7,0.7002638973717354,0.9999962554776264,0,0,0.8874828640725508,0.3162083861335305,UHRF1,Basal,Activated
GO_Biological_Process_2023,Positive Regulation Of Melanin Biosynthetic Process (GO:0048023),1/7,0.7002638973717354,0.9999962554776264,0,0,0.8874828640725508,0.3162083861335305,TYRP1,Basal,Activated
GO_Biological_Process_2023,Positive Regulation Of Myeloid Cell Apoptotic Process (GO:0033034),1/7,0.7002638973717354,0.9999962554776264,0,0,0.8874828640725508,0.3162083861335305,CDKN2A,Basal,Activated
GO_Biological_Process_2023,Positive Regulation Of Oligodendrocyte Differentiation (GO:0048714),1/7,0.7002638973717354,0.9999962554776264,0,0,0.8874828640725508,0.3162083861335305,MDK,Basal,Activated
GO_Biological_Process_2023,Positive Regulation Of Secondary Metabolite Biosynthetic Process (GO:1900378),1/7,0.7002638973717354,0.9999962554776264,0,0,0.8874828640725508,0.3162083861335305,TYRP1,Basal,Activated
GO_Biological_Process_2023,Postsynaptic Neurotransmitter Receptor Diffusion Trapping (GO:0098970),1/7,0.7002638973717354,0.9999962554776264,0,0,0.8874828640725508,0.3162083861335305,CACNG5,Basal,Activated
GO_Biological_Process_2023,Protein Localization To Ciliary Transition Zone (GO:1904491),1/7,0.7002638973717354,0.9999962554776264,0,0,0.8874828640725508,0.3162083861335305,MAPK15,Basal,Activated
GO_Biological_Process_2023,Protein Retention In ER Lumen (GO:0006621),1/7,0.7002638973717354,0.9999962554776264,0,0,0.8874828640725508,0.3162083861335305,PDIA2,Basal,Activated
GO_Biological_Process_2023,Purine Ribonucleoside Monophosphate Catabolic Process (GO:0009169),1/7,0.7002638973717354,0.9999962554776264,0,0,0.8874828640725508,0.3162083861335305,PRTFDC1,Basal,Activated
GO_Biological_Process_2023,Pyrimidine Nucleobase Catabolic Process (GO:0006208),1/7,0.7002638973717354,0.9999962554776264,0,0,0.8874828640725508,0.3162083861335305,DPYSL5,Basal,Activated
GO_Biological_Process_2023,Regulation Of CoA-transferase Activity (GO:1905918),1/7,0.7002638973717354,0.9999962554776264,0,0,0.8874828640725508,0.3162083861335305,APOA2,Basal,Activated
GO_Biological_Process_2023,Regulation Of Cardiac Muscle Cell Action Potential Involved In Regulation Of Contraction (GO:0098909),1/7,0.7002638973717354,0.9999962554776264,0,0,0.8874828640725508,0.3162083861335305,HCN4,Basal,Activated
GO_Biological_Process_2023,Regulation Of Cilium Beat Frequency (GO:0003356),1/7,0.7002638973717354,0.9999962554776264,0,0,0.8874828640725508,0.3162083861335305,DNAH11,Basal,Activated
GO_Biological_Process_2023,Regulation Of Cyclic-Nucleotide Phosphodiesterase Activity (GO:0051342),1/7,0.7002638973717354,0.9999962554776264,0,0,0.8874828640725508,0.3162083861335305,GNAT1,Basal,Activated
GO_Biological_Process_2023,Regulation Of Dopamine Uptake Involved In Synaptic Transmission (GO:0051584),1/7,0.7002638973717354,0.9999962554776264,0,0,0.8874828640725508,0.3162083861335305,GDNF,Basal,Activated
GO_Biological_Process_2023,Regulation Of Leukocyte Degranulation (GO:0043300),1/7,0.7002638973717354,0.9999962554776264,0,0,0.8874828640725508,0.3162083861335305,UNC13D,Basal,Activated
GO_Biological_Process_2023,Regulation Of Myeloid Leukocyte Differentiation (GO:0002761),1/7,0.7002638973717354,0.9999962554776264,0,0,0.8874828640725508,0.3162083861335305,UBASH3B,Basal,Activated
GO_Biological_Process_2023,Regulation Of Phospholipase A2 Activity (GO:0032429),1/7,0.7002638973717354,0.9999962554776264,0,0,0.8874828640725508,0.3162083861335305,AVPR1B,Basal,Activated
GO_Biological_Process_2023,Regulation Of Protein Localization To Nucleolus (GO:1904749),1/7,0.7002638973717354,0.9999962554776264,0,0,0.8874828640725508,0.3162083861335305,TERT,Basal,Activated
GO_Biological_Process_2023,Regulation Of Response To Wounding (GO:1903034),1/7,0.7002638973717354,0.9999962554776264,0,0,0.8874828640725508,0.3162083861335305,VIL1,Basal,Activated
GO_Biological_Process_2023,Regulation Of Skeletal Muscle Fiber Development (GO:0048742),1/7,0.7002638973717354,0.9999962554776264,0,0,0.8874828640725508,0.3162083861335305,MYOD1,Basal,Activated
GO_Biological_Process_2023,Regulation Of Vascular Wound Healing (GO:0061043),1/7,0.7002638973717354,0.9999962554776264,0,0,0.8874828640725508,0.3162083861335305,TNF,Basal,Activated
GO_Biological_Process_2023,"Regulation Of Wound Healing, Spreading Of Epidermal Cells (GO:1903689)",1/7,0.7002638973717354,0.9999962554776264,0,0,0.8874828640725508,0.3162083861335305,FERMT1,Basal,Activated
GO_Biological_Process_2023,Response To Auditory Stimulus (GO:0010996),1/7,0.7002638973717354,0.9999962554776264,0,0,0.8874828640725508,0.3162083861335305,MDK,Basal,Activated
GO_Biological_Process_2023,siRNA Processing (GO:0030422),1/7,0.7002638973717354,0.9999962554776264,0,0,0.8874828640725508,0.3162083861335305,TERT,Basal,Activated
GO_Biological_Process_2023,Somatic Hypermutation Of Immunoglobulin Genes (GO:0016446),1/7,0.7002638973717354,0.9999962554776264,0,0,0.8874828640725508,0.3162083861335305,POLQ,Basal,Activated
GO_Biological_Process_2023,Spleen Development (GO:0048536),1/7,0.7002638973717354,0.9999962554776264,0,0,0.8874828640725508,0.3162083861335305,NKX2-5,Basal,Activated
GO_Biological_Process_2023,Telomeric D-loop Disassembly (GO:0061820),1/7,0.7002638973717354,0.9999962554776264,0,0,0.8874828640725508,0.3162083861335305,RECQL4,Basal,Activated
GO_Biological_Process_2023,Ventricular Cardiac Muscle Cell Membrane Repolarization (GO:0099625),1/7,0.7002638973717354,0.9999962554776264,0,0,0.8874828640725508,0.3162083861335305,KCNH2,Basal,Activated
GO_Biological_Process_2023,Cellular Response To Virus (GO:0098586),9/64,0.7009493499129336,0.9999962554776264,0,0,0.87101461811262,0.3094886080377396,IL21;IFIH1;CXCL10;IFNL2;IFNL1;IFNG;IFNB1;IFNL4;IFNL3,Basal,Activated
GO_Biological_Process_2023,Kidney Development (GO:0001822),10/71,0.703932011324163,0.9999962554776264,0,0,0.8725659482399933,0.3063347834462606,HELLS;FOXC1;CENPF;VANGL2;GDNF;WT1;SIX2;PCSK9;PRKX;AGT,Basal,Activated
GO_Biological_Process_2023,B Cell Mediated Immunity (GO:0019724),2/15,0.7112966132620999,0.9999962554776264,0,0,0.8191333982473223,0.279050700499874,IL21R;HLA-G,Basal,Activated
GO_Biological_Process_2023,N-acetylglucosamine Metabolic Process (GO:0006044),2/15,0.7112966132620999,0.9999962554776264,0,0,0.8191333982473223,0.279050700499874,CHST6;CHST4,Basal,Activated
GO_Biological_Process_2023,Cellular Glucuronidation (GO:0052695),2/15,0.7112966132620999,0.9999962554776264,0,0,0.8191333982473223,0.279050700499874,UGT1A10;UGT1A6,Basal,Activated
GO_Biological_Process_2023,Epiboly Involved In Wound Healing (GO:0090505),2/15,0.7112966132620999,0.9999962554776264,0,0,0.8191333982473223,0.279050700499874,CCNA2;CARMIL2,Basal,Activated
GO_Biological_Process_2023,Glucuronate Metabolic Process (GO:0019585),2/15,0.7112966132620999,0.9999962554776264,0,0,0.8191333982473223,0.279050700499874,UGT1A10;UGT1A6,Basal,Activated
GO_Biological_Process_2023,Glycosaminoglycan Catabolic Process (GO:0006027),2/15,0.7112966132620999,0.9999962554776264,0,0,0.8191333982473223,0.279050700499874,CEMIP;HYAL4,Basal,Activated
GO_Biological_Process_2023,miRNA Metabolic Process (GO:0010586),2/15,0.7112966132620999,0.9999962554776264,0,0,0.8191333982473223,0.279050700499874,TRIM71;LIN28B,Basal,Activated
GO_Biological_Process_2023,Negative Regulation Of Cation Transmembrane Transport (GO:1904063),2/15,0.7112966132620999,0.9999962554776264,0,0,0.8191333982473223,0.279050700499874,KCNH2;MMP9,Basal,Activated
GO_Biological_Process_2023,Negative Regulation Of Macrophage Activation (GO:0043031),2/15,0.7112966132620999,0.9999962554776264,0,0,0.8191333982473223,0.279050700499874,TAFA3;IL31RA,Basal,Activated
GO_Biological_Process_2023,Protein Localization To Cell-Cell Junction (GO:0150105),2/15,0.7112966132620999,0.9999962554776264,0,0,0.8191333982473223,0.279050700499874,CHAF1B;LSR,Basal,Activated
GO_Biological_Process_2023,"Protein Localization To Chromosome, Telomeric Region (GO:0070198)",2/15,0.7112966132620999,0.9999962554776264,0,0,0.8191333982473223,0.279050700499874,TERT;BRCA2,Basal,Activated
GO_Biological_Process_2023,Protein Localization To Microtubule Organizing Center (GO:1905508),2/15,0.7112966132620999,0.9999962554776264,0,0,0.8191333982473223,0.279050700499874,STIL;SPAG5,Basal,Activated
GO_Biological_Process_2023,Receptor Catabolic Process (GO:0032801),2/15,0.7112966132620999,0.9999962554776264,0,0,0.8191333982473223,0.279050700499874,BECN2;PCSK9,Basal,Activated
GO_Biological_Process_2023,Regulation Of Amyloid-Beta Clearance (GO:1900221),2/15,0.7112966132620999,0.9999962554776264,0,0,0.8191333982473223,0.279050700499874,IFNG;TNF,Basal,Activated
GO_Biological_Process_2023,Regulation Of Hormone Secretion (GO:0046883),2/15,0.7112966132620999,0.9999962554776264,0,0,0.8191333982473223,0.279050700499874,OSM;SOX11,Basal,Activated
GO_Biological_Process_2023,Regulation Of Interleukin-13 Production (GO:0032656),2/15,0.7112966132620999,0.9999962554776264,0,0,0.8191333982473223,0.279050700499874,IFNL1;LILRP2,Basal,Activated
GO_Biological_Process_2023,Regulation Of miRNA-mediated Gene Silencing (GO:0060964),2/15,0.7112966132620999,0.9999962554776264,0,0,0.8191333982473223,0.279050700499874,TRIM71;POU5F1,Basal,Activated
GO_Biological_Process_2023,Regulation Of Systemic Arterial Blood Pressure (GO:0003073),2/15,0.7112966132620999,0.9999962554776264,0,0,0.8191333982473223,0.279050700499874,ADM2;GPR37L1,Basal,Activated
GO_Biological_Process_2023,Regulation Of Systemic Arterial Blood Pressure By Hormone (GO:0001990),2/15,0.7112966132620999,0.9999962554776264,0,0,0.8191333982473223,0.279050700499874,EDN2;AVPR1B,Basal,Activated
GO_Biological_Process_2023,Anterograde Trans-Synaptic Signaling (GO:0098916),29/199,0.7134672132572627,0.9999962554776264,0,0,0.9075533692570548,0.3064070750248532,CHRM3;CHRNA5;CACNA1B;CHRNA9;HTR2C;SLC1A6;CACNA1E;CHRND;HTR6;GLRA2;HRH3;NPBWR1;NPTX2;NTSR1;SLC18A3;GABRQ;GABBR2;GABRP;CHRNB4;HTR3E;HTR1D;OPRK1;HTR3A;HTR3B;HCRTR2;KCNQ3;UTS2;APBA2;RAPSN,Basal,Activated
GO_Biological_Process_2023,Axon Development (GO:0061564),14/99,0.7168052986982045,0.9999962554776264,0,0,0.8765303834367292,0.2918416897768845,BRSK2;OLIG3;APLP1;VASH2;OLIG1;CCK;BHLHA15;OLIG2;L1CAM;POU4F1;ATOH7;ISL2;TRIM46;EPHB3,Basal,Activated
GO_Biological_Process_2023,Positive Regulation Of Signaling (GO:0023056),5/37,0.7169700726892955,0.9999962554776264,0,0,0.8317825467215711,0.27675166951539,RIMS2;CD80;NMU;SOX11;TNF,Basal,Activated
GO_Biological_Process_2023,Regulation Of Tyrosine Phosphorylation Of STAT Protein (GO:0042509),9/65,0.7187938296327158,0.9999962554776264,0,0,0.8554098137827919,0.2824398182625146,IL21;GH2;IFNL1;IFNG;CSH2;IL31RA;OSM;TNF;CRLF1,Basal,Activated
GO_Biological_Process_2023,DNA Geometric Change (GO:0032392),4/30,0.7204405962915019,0.9999962554776264,0,0,0.8190188532177133,0.2685499876765241,RECQL4;BLM;HMGB3;DNA2,Basal,Activated
GO_Biological_Process_2023,Negative Regulation Of Blood Coagulation (GO:0030195),4/30,0.7204405962915019,0.9999962554776264,0,0,0.8190188532177133,0.2685499876765241,SERPINB2;SERPINE2;F12;PLG,Basal,Activated
GO_Biological_Process_2023,Nucleic Acid Metabolic Process (GO:0090304),4/30,0.7204405962915019,0.9999962554776264,0,0,0.8190188532177133,0.2685499876765241,FEN1;TREX2;DNA2;KPNA2,Basal,Activated
GO_Biological_Process_2023,Positive Regulation Of Interleukin-10 Production (GO:0032733),4/30,0.7204405962915019,0.9999962554776264,0,0,0.8190188532177133,0.2685499876765241,CLEC7A;ISG15;LILRP2;INAVA,Basal,Activated
GO_Biological_Process_2023,Cellular Lipid Catabolic Process (GO:0044242),3/23,0.7281752954093181,0.9999962554776264,0,0,0.7985754985754986,0.2533189044597193,PNLIPRP2;APOA2;SMPDL3B,Basal,Activated
GO_Biological_Process_2023,Heparan Sulfate Proteoglycan Biosynthetic Process (GO:0015012),3/23,0.7281752954093181,0.9999962554776264,0,0,0.7985754985754986,0.2533189044597193,EXTL1;NDST3;HS3ST6,Basal,Activated
GO_Biological_Process_2023,Hepaticobiliary System Development (GO:0061008),3/23,0.7281752954093181,0.9999962554776264,0,0,0.7985754985754986,0.2533189044597193,UGT1A10;PCSK9;LSR,Basal,Activated
GO_Biological_Process_2023,Negative Regulation Of Actin Filament Polymerization (GO:0030837),3/23,0.7281752954093181,0.9999962554776264,0,0,0.7985754985754986,0.2533189044597193,VIL1;TMSB15A;PFN2,Basal,Activated
GO_Biological_Process_2023,Negative Regulation Of Neuron Differentiation (GO:0045665),3/23,0.7281752954093181,0.9999962554776264,0,0,0.7985754985754986,0.2533189044597193,SOX2;SIX3;TUNAR,Basal,Activated
GO_Biological_Process_2023,Negative Regulation Of Oxidative Stress-Induced Cell Death (GO:1903202),3/23,0.7281752954093181,0.9999962554776264,0,0,0.7985754985754986,0.2533189044597193,GPR37;PYCR1;GPR37L1,Basal,Activated
GO_Biological_Process_2023,Positive Regulation Of Morphogenesis Of An Epithelium (GO:1905332),3/23,0.7281752954093181,0.9999962554776264,0,0,0.7985754985754986,0.2533189044597193,GDNF;MDK;SOX8,Basal,Activated
GO_Biological_Process_2023,Positive Regulation Of Neuron Apoptotic Process (GO:0043525),3/23,0.7281752954093181,0.9999962554776264,0,0,0.7985754985754986,0.2533189044597193,EPHA7;PCSK9;TNF,Basal,Activated
GO_Biological_Process_2023,Zinc Ion Transport (GO:0006829),3/23,0.7281752954093181,0.9999962554776264,0,0,0.7985754985754986,0.2533189044597193,SLC30A10;MT3;SLC39A4,Basal,Activated
GO_Biological_Process_2023,Protein O-linked Glycosylation (GO:0006493),13/93,0.7282305299687203,0.9999962554776264,0,0,0.8647745315973325,0.2742525358079051,GALNT14;GALNT13;PLOD3;PLOD1;FUT3;FUT5;B3GNT7;MGAT5B;B3GNT4;POMK;GCNT3;CHST4;LARGE2,Basal,Activated
GO_Biological_Process_2023,Epithelium Development (GO:0060429),22/154,0.7310539039871142,0.9999962554776264,0,0,0.8867303609341826,0.2777843193204388,TRIM71;STIL;PCNA;UPK2;KRT3;KRT23;KRT34;FOXJ1;ACTL8;KRT9;KRT33B;VIL1;KRT38;KRT16;WT1;GSTA2;CDHR2;CDK1;SOX8;RHCG;NKX2-5;KRT6A,Basal,Activated
GO_Biological_Process_2023,Neurotransmitter Transport (GO:0006836),7/52,0.735321452664312,0.9999962554776264,0,0,0.8279697129776369,0.2545572388771683,UNC13A;HRH3;SLC6A15;CHAT;SLC17A6;SLC1A6;SLC18A3,Basal,Activated
GO_Biological_Process_2023,Regulation Of Proteolysis (GO:0030162),7/52,0.735321452664312,0.9999962554776264,0,0,0.8279697129776369,0.2545572388771683,SERPINB3;SERPINB4;CSTB;SERPINB13;SERPINE2;PLK1;PLAUR,Basal,Activated
GO_Biological_Process_2023,Cellular Response To Type II Interferon (GO:0071346),9/66,0.7359243210415025,0.9999962554776264,0,0,0.8403525464469929,0.2576756123865369,CCL25;GBP5;CCL11;IFNG;CCL7;CCL20;CCL1;GAPDH;GBP1,Basal,Activated
GO_Biological_Process_2023,Determination Of Left/Right Symmetry (GO:0007368),6/45,0.7364662438186521,0.9999962554776264,0,0,0.8189041630106269,0.2504961318093853,DNAH11;STIL;ZIC3;FOXJ1;DAND5;ENKUR,Basal,Activated
GO_Biological_Process_2023,Heart Looping (GO:0001947),5/38,0.7392733504008588,0.9999962554776264,0,0,0.806529021606627,0.2436423633488365,STIL;VANGL2;ZIC3;TBX20;NKX2-5,Basal,Activated
GO_Biological_Process_2023,Visual Perception (GO:0007601),14/101,0.7445720500433771,0.9999962554776264,0,0,0.8562780236311324,0.2525554826467744,COL11A1;CRYBA2;PAX6;VAX2;COL2A1;TH;ZIC2;RGS9BP;RDH10;GRM8;SIX3;E2F1;GNAT1;CNGB1,Basal,Activated
GO_Biological_Process_2023,Endodermal Cell Differentiation (GO:0035987),4/31,0.7447910143224831,0.9999962554776264,0,0,0.7886379096005441,0.2323734357983674,COL11A1;HMGA2;MMP8;MMP9,Basal,Activated
GO_Biological_Process_2023,Negative Regulation Of Developmental Growth (GO:0048640),4/31,0.7447910143224831,0.9999962554776264,0,0,0.7886379096005441,0.2323734357983674,RTN4R;TRIM46;KIAA0319;MT3,Basal,Activated
GO_Biological_Process_2023,Negative Regulation Of Microtubule Polymerization Or Depolymerization (GO:0031111),4/31,0.7447910143224831,0.9999962554776264,0,0,0.7886379096005441,0.2323734357983674,TPX2;STMN1;CKAP2;TUBB4A,Basal,Activated
GO_Biological_Process_2023,Positive Regulation Of G1/S Transition Of Mitotic Cell Cycle (GO:1900087),4/31,0.7447910143224831,0.9999962554776264,0,0,0.7886379096005441,0.2323734357983674,MTBP;STIL;RRM2;CDC6,Basal,Activated
GO_Biological_Process_2023,Apoptotic Nuclear Changes (GO:0030262),2/16,0.7450038090370616,0.9999962554776264,0,0,0.7605786618444846,0.2238884586811249,TOP2A;FOXL2,Basal,Activated
GO_Biological_Process_2023,Glycoprotein Catabolic Process (GO:0006516),2/16,0.7450038090370616,0.9999962554776264,0,0,0.7605786618444846,0.2238884586811249,MMP12;NCCRP1,Basal,Activated
GO_Biological_Process_2023,Innate Immune Response-Activating Signaling Pathway (GO:0002758),2/16,0.7450038090370616,0.9999962554776264,0,0,0.7605786618444846,0.2238884586811249,CGAS;INAVA,Basal,Activated
GO_Biological_Process_2023,Mesonephric Tubule Development (GO:0072164),2/16,0.7450038090370616,0.9999962554776264,0,0,0.7605786618444846,0.2238884586811249,FOXC1;WT1,Basal,Activated
GO_Biological_Process_2023,Negative Regulation Of Cytokine Production Involved In Immune Response (GO:0002719),2/16,0.7450038090370616,0.9999962554776264,0,0,0.7605786618444846,0.2238884586811249,APOA2;TNF,Basal,Activated
GO_Biological_Process_2023,Nuclear Migration (GO:0007097),2/16,0.7450038090370616,0.9999962554776264,0,0,0.7605786618444846,0.2238884586811249,LMNB2;LMNB1,Basal,Activated
GO_Biological_Process_2023,Positive Regulation Of Lymphocyte Migration (GO:2000403),2/16,0.7450038090370616,0.9999962554776264,0,0,0.7605786618444846,0.2238884586811249,CXCL10;CCL20,Basal,Activated
GO_Biological_Process_2023,Positive Regulation Of Smooth Muscle Cell Migration (GO:0014911),2/16,0.7450038090370616,0.9999962554776264,0,0,0.7605786618444846,0.2238884586811249,MDK;S100A11,Basal,Activated
GO_Biological_Process_2023,Positive Regulation Of Telomere Capping (GO:1904355),2/16,0.7450038090370616,0.9999962554776264,0,0,0.7605786618444846,0.2238884586811249,NEK2;MAPK15,Basal,Activated
GO_Biological_Process_2023,Protein Kinase A Signaling (GO:0010737),2/16,0.7450038090370616,0.9999962554776264,0,0,0.7605786618444846,0.2238884586811249,GAL;TCP11,Basal,Activated
GO_Biological_Process_2023,Regulation Of NMDA Receptor Activity (GO:2000310),2/16,0.7450038090370616,0.9999962554776264,0,0,0.7605786618444846,0.2238884586811249,IFNG;SLC6A9,Basal,Activated
GO_Biological_Process_2023,Regulation Of Interleukin-1 Production (GO:0032652),2/16,0.7450038090370616,0.9999962554776264,0,0,0.7605786618444846,0.2238884586811249,ORM1;ORM2,Basal,Activated
GO_Biological_Process_2023,Regulation Of Osteoblast Proliferation (GO:0033688),2/16,0.7450038090370616,0.9999962554776264,0,0,0.7605786618444846,0.2238884586811249,CCNA2;SOX8,Basal,Activated
GO_Biological_Process_2023,Regulation Of Response To Cytokine Stimulus (GO:0060759),2/16,0.7450038090370616,0.9999962554776264,0,0,0.7605786618444846,0.2238884586811249,IFIH1;CD24,Basal,Activated
GO_Biological_Process_2023,Regulation Of Steroid Biosynthetic Process (GO:0050810),2/16,0.7450038090370616,0.9999962554776264,0,0,0.7605786618444846,0.2238884586811249,NR5A1;CGA,Basal,Activated
GO_Biological_Process_2023,Retinal Metabolic Process (GO:0042574),2/16,0.7450038090370616,0.9999962554776264,0,0,0.7605786618444846,0.2238884586811249,CYP27C1;RDH10,Basal,Activated
GO_Biological_Process_2023,Stabilization Of Membrane Potential (GO:0030322),2/16,0.7450038090370616,0.9999962554776264,0,0,0.7605786618444846,0.2238884586811249,KCNK5;KCNK9,Basal,Activated
GO_Biological_Process_2023,Sulfation (GO:0051923),2/16,0.7450038090370616,0.9999962554776264,0,0,0.7605786618444846,0.2238884586811249,HS3ST6;SULT4A1,Basal,Activated
GO_Biological_Process_2023,"Synaptic Transmission, Cholinergic (GO:0007271)",2/16,0.7450038090370616,0.9999962554776264,0,0,0.7605786618444846,0.2238884586811249,CHRNB4;RAPSN,Basal,Activated
GO_Biological_Process_2023,DNA Topological Change (GO:0006265),1/8,0.7476685667887752,0.9999962554776264,0,0,0.7606544041216613,0.2211948714835569,TOP2A,Basal,Activated
GO_Biological_Process_2023,GMP Metabolic Process (GO:0046037),1/8,0.7476685667887752,0.9999962554776264,0,0,0.7606544041216613,0.2211948714835569,PRTFDC1,Basal,Activated
GO_Biological_Process_2023,L-fucose Catabolic Process (GO:0042355),1/8,0.7476685667887752,0.9999962554776264,0,0,0.7606544041216613,0.2211948714835569,FUT5,Basal,Activated
GO_Biological_Process_2023,L-fucose Metabolic Process (GO:0042354),1/8,0.7476685667887752,0.9999962554776264,0,0,0.7606544041216613,0.2211948714835569,FUT5,Basal,Activated
GO_Biological_Process_2023,MyD88-independent Toll-Like Receptor Signaling Pathway (GO:0002756),1/8,0.7476685667887752,0.9999962554776264,0,0,0.7606544041216613,0.2211948714835569,TNIP3,Basal,Activated
GO_Biological_Process_2023,N-acylphosphatidylethanolamine Metabolic Process (GO:0070292),1/8,0.7476685667887752,0.9999962554776264,0,0,0.7606544041216613,0.2211948714835569,PLAAT1,Basal,Activated
GO_Biological_Process_2023,Actin Filament Network Formation (GO:0051639),1/8,0.7476685667887752,0.9999962554776264,0,0,0.7606544041216613,0.2211948714835569,CARMIL2,Basal,Activated
GO_Biological_Process_2023,Apoptotic DNA Fragmentation (GO:0006309),1/8,0.7476685667887752,0.9999962554776264,0,0,0.7606544041216613,0.2211948714835569,FOXL2,Basal,Activated
GO_Biological_Process_2023,Bone Resorption (GO:0045453),1/8,0.7476685667887752,0.9999962554776264,0,0,0.7606544041216613,0.2211948714835569,GPR55,Basal,Activated
GO_Biological_Process_2023,Bundle Of His Cell To Purkinje Myocyte Communication (GO:0086069),1/8,0.7476685667887752,0.9999962554776264,0,0,0.7606544041216613,0.2211948714835569,DSC2,Basal,Activated
GO_Biological_Process_2023,Cardioblast Differentiation (GO:0010002),1/8,0.7476685667887752,0.9999962554776264,0,0,0.7606544041216613,0.2211948714835569,TBXT,Basal,Activated
GO_Biological_Process_2023,Cellular Response To Hydroxyurea (GO:0072711),1/8,0.7476685667887752,0.9999962554776264,0,0,0.7606544041216613,0.2211948714835569,BLM,Basal,Activated
GO_Biological_Process_2023,Cellular Response To Muramyl Dipeptide (GO:0071225),1/8,0.7476685667887752,0.9999962554776264,0,0,0.7606544041216613,0.2211948714835569,RIPK2,Basal,Activated
GO_Biological_Process_2023,Cellular Response To Sterol Depletion (GO:0071501),1/8,0.7476685667887752,0.9999962554776264,0,0,0.7606544041216613,0.2211948714835569,SH2D2A,Basal,Activated
GO_Biological_Process_2023,Collagen-Activated Signaling Pathway (GO:0038065),1/8,0.7476685667887752,0.9999962554776264,0,0,0.7606544041216613,0.2211948714835569,UBASH3B,Basal,Activated
GO_Biological_Process_2023,Commissural Neuron Axon Guidance (GO:0071679),1/8,0.7476685667887752,0.9999962554776264,0,0,0.7606544041216613,0.2211948714835569,GDNF,Basal,Activated
GO_Biological_Process_2023,Detection Of Mechanical Stimulus Involved In Sensory Perception Of Sound (GO:0050910),1/8,0.7476685667887752,0.9999962554776264,0,0,0.7606544041216613,0.2211948714835569,COL11A1,Basal,Activated
GO_Biological_Process_2023,Establishment Of Protein Localization To Chromatin (GO:0071169),1/8,0.7476685667887752,0.9999962554776264,0,0,0.7606544041216613,0.2211948714835569,H1-5,Basal,Activated
GO_Biological_Process_2023,Fat-Soluble Vitamin Catabolic Process (GO:0042363),1/8,0.7476685667887752,0.9999962554776264,0,0,0.7606544041216613,0.2211948714835569,CYP2W1,Basal,Activated
GO_Biological_Process_2023,"Fructose 1,6-Bisphosphate Metabolic Process (GO:0030388)",1/8,0.7476685667887752,0.9999962554776264,0,0,0.7606544041216613,0.2211948714835569,PFKP,Basal,Activated
GO_Biological_Process_2023,Fucose Catabolic Process (GO:0019317),1/8,0.7476685667887752,0.9999962554776264,0,0,0.7606544041216613,0.2211948714835569,FUT5,Basal,Activated
GO_Biological_Process_2023,Immune Response-Inhibiting Cell Surface Receptor Signaling Pathway (GO:0002767),1/8,0.7476685667887752,0.9999962554776264,0,0,0.7606544041216613,0.2211948714835569,HLA-G,Basal,Activated
GO_Biological_Process_2023,Interleukin-12-Mediated Signaling Pathway (GO:0035722),1/8,0.7476685667887752,0.9999962554776264,0,0,0.7606544041216613,0.2211948714835569,IL12RB2,Basal,Activated
GO_Biological_Process_2023,Isoprenoid Biosynthetic Process (GO:0008299),1/8,0.7476685667887752,0.9999962554776264,0,0,0.7606544041216613,0.2211948714835569,PDSS1,Basal,Activated
GO_Biological_Process_2023,Isoprenoid Metabolic Process (GO:0006720),1/8,0.7476685667887752,0.9999962554776264,0,0,0.7606544041216613,0.2211948714835569,PDSS1,Basal,Activated
GO_Biological_Process_2023,Lactation (GO:0007595),1/8,0.7476685667887752,0.9999962554776264,0,0,0.7606544041216613,0.2211948714835569,CSN3,Basal,Activated
GO_Biological_Process_2023,Leptin-Mediated Signaling Pathway (GO:0033210),1/8,0.7476685667887752,0.9999962554776264,0,0,0.7606544041216613,0.2211948714835569,MT3,Basal,Activated
GO_Biological_Process_2023,Manganese Ion Transport (GO:0006828),1/8,0.7476685667887752,0.9999962554776264,0,0,0.7606544041216613,0.2211948714835569,SLC30A10,Basal,Activated
GO_Biological_Process_2023,Membrane Lipid Catabolic Process (GO:0046466),1/8,0.7476685667887752,0.9999962554776264,0,0,0.7606544041216613,0.2211948714835569,SMPDL3B,Basal,Activated
GO_Biological_Process_2023,Mesodermal Cell Differentiation (GO:0048333),1/8,0.7476685667887752,0.9999962554776264,0,0,0.7606544041216613,0.2211948714835569,HMGA2,Basal,Activated
GO_Biological_Process_2023,Modification-Dependent Macromolecule Catabolic Process (GO:0043632),1/8,0.7476685667887752,0.9999962554776264,0,0,0.7606544041216613,0.2211948714835569,ISG15,Basal,Activated
GO_Biological_Process_2023,Monocyte Activation (GO:0042117),1/8,0.7476685667887752,0.9999962554776264,0,0,0.7606544041216613,0.2211948714835569,MT1G,Basal,Activated
GO_Biological_Process_2023,Negative Regulation Of T Cell Cytokine Production (GO:0002725),1/8,0.7476685667887752,0.9999962554776264,0,0,0.7606544041216613,0.2211948714835569,IFNB1,Basal,Activated
GO_Biological_Process_2023,Negative Regulation Of Lipase Activity (GO:0060192),1/8,0.7476685667887752,0.9999962554776264,0,0,0.7606544041216613,0.2211948714835569,APOA2,Basal,Activated
GO_Biological_Process_2023,Negative Regulation Of Platelet Aggregation (GO:0090331),1/8,0.7476685667887752,0.9999962554776264,0,0,0.7606544041216613,0.2211948714835569,SERPINE2,Basal,Activated
GO_Biological_Process_2023,Negative Regulation Of Protein-Containing Complex Disassembly (GO:0043242),1/8,0.7476685667887752,0.9999962554776264,0,0,0.7606544041216613,0.2211948714835569,TNF,Basal,Activated
GO_Biological_Process_2023,Negative Regulation Of Systemic Arterial Blood Pressure (GO:0003085),1/8,0.7476685667887752,0.9999962554776264,0,0,0.7606544041216613,0.2211948714835569,GPR37L1,Basal,Activated
GO_Biological_Process_2023,Neurotransmitter Reuptake (GO:0098810),1/8,0.7476685667887752,0.9999962554776264,0,0,0.7606544041216613,0.2211948714835569,SLC18A3,Basal,Activated
GO_Biological_Process_2023,Nuclear Membrane Disassembly (GO:0051081),1/8,0.7476685667887752,0.9999962554776264,0,0,0.7606544041216613,0.2211948714835569,PLK1,Basal,Activated
GO_Biological_Process_2023,Nucleoside Diphosphate Metabolic Process (GO:0009132),1/8,0.7476685667887752,0.9999962554776264,0,0,0.7606544041216613,0.2211948714835569,RRM2,Basal,Activated
GO_Biological_Process_2023,Positive Regulation Of Actin Cytoskeleton Reorganization (GO:2000251),1/8,0.7476685667887752,0.9999962554776264,0,0,0.7606544041216613,0.2211948714835569,BAIAP2L2,Basal,Activated
GO_Biological_Process_2023,Positive Regulation Of Calcium Ion Transport Into Cytosol (GO:0010524),1/8,0.7476685667887752,0.9999962554776264,0,0,0.7606544041216613,0.2211948714835569,P2RX2,Basal,Activated
GO_Biological_Process_2023,Positive Regulation Of Cell-Cell Adhesion Mediated By Cadherin (GO:2000049),1/8,0.7476685667887752,0.9999962554776264,0,0,0.7606544041216613,0.2211948714835569,FOXA2,Basal,Activated
GO_Biological_Process_2023,Positive Regulation Of Dendritic Cell Cytokine Production (GO:0002732),1/8,0.7476685667887752,0.9999962554776264,0,0,0.7606544041216613,0.2211948714835569,CLEC7A,Basal,Activated
GO_Biological_Process_2023,Positive Regulation Of Dendritic Spine Morphogenesis (GO:0061003),1/8,0.7476685667887752,0.9999962554776264,0,0,0.7606544041216613,0.2211948714835569,LRP8,Basal,Activated
GO_Biological_Process_2023,Positive Regulation Of Macrophage Cytokine Production (GO:0060907),1/8,0.7476685667887752,0.9999962554776264,0,0,0.7606544041216613,0.2211948714835569,HLA-G,Basal,Activated
GO_Biological_Process_2023,Positive Regulation Of Monocyte Chemotactic Protein-1 Production (GO:0071639),1/8,0.7476685667887752,0.9999962554776264,0,0,0.7606544041216613,0.2211948714835569,CLEC7A,Basal,Activated
GO_Biological_Process_2023,Positive Regulation Of Peptide Secretion (GO:0002793),1/8,0.7476685667887752,0.9999962554776264,0,0,0.7606544041216613,0.2211948714835569,TFR2,Basal,Activated
GO_Biological_Process_2023,Positive Regulation Of Respiratory Burst (GO:0060267),1/8,0.7476685667887752,0.9999962554776264,0,0,0.7606544041216613,0.2211948714835569,CLEC7A,Basal,Activated
GO_Biological_Process_2023,Positive Regulation Of Synapse Maturation (GO:0090129),1/8,0.7476685667887752,0.9999962554776264,0,0,0.7606544041216613,0.2211948714835569,CDC20,Basal,Activated
GO_Biological_Process_2023,Purine Nucleobase Transport (GO:0006863),1/8,0.7476685667887752,0.9999962554776264,0,0,0.7606544041216613,0.2211948714835569,SLC28A1,Basal,Activated
GO_Biological_Process_2023,Pyrimidine-Containing Compound Catabolic Process (GO:0072529),1/8,0.7476685667887752,0.9999962554776264,0,0,0.7606544041216613,0.2211948714835569,DPYSL5,Basal,Activated
GO_Biological_Process_2023,Pyrimidine-Containing Compound Metabolic Process (GO:0072527),1/8,0.7476685667887752,0.9999962554776264,0,0,0.7606544041216613,0.2211948714835569,TYMP,Basal,Activated
GO_Biological_Process_2023,Regulation Of DNA Methylation (GO:0044030),1/8,0.7476685667887752,0.9999962554776264,0,0,0.7606544041216613,0.2211948714835569,WT1,Basal,Activated
GO_Biological_Process_2023,Regulation Of RNA Biosynthetic Process (GO:2001141),1/8,0.7476685667887752,0.9999962554776264,0,0,0.7606544041216613,0.2211948714835569,CXCL8,Basal,Activated
GO_Biological_Process_2023,Regulation Of T-helper 1 Type Immune Response (GO:0002825),1/8,0.7476685667887752,0.9999962554776264,0,0,0.7606544041216613,0.2211948714835569,NLRP10,Basal,Activated
GO_Biological_Process_2023,"Regulation Of Wnt Signaling Pathway, Planar Cell Polarity Pathway (GO:2000095)",1/8,0.7476685667887752,0.9999962554776264,0,0,0.7606544041216613,0.2211948714835569,DKK1,Basal,Activated
GO_Biological_Process_2023,Regulation Of Aspartic-Type Endopeptidase Activity Involved In Amyloid Precursor Protein Catabolic Process (GO:1902959),1/8,0.7476685667887752,0.9999962554776264,0,0,0.7606544041216613,0.2211948714835569,EFNA3,Basal,Activated
GO_Biological_Process_2023,Regulation Of Cell Killing (GO:0031341),1/8,0.7476685667887752,0.9999962554776264,0,0,0.7606544041216613,0.2211948714835569,CR1L,Basal,Activated
GO_Biological_Process_2023,"Regulation Of Complement Activation, Classical Pathway (GO:0030450)",1/8,0.7476685667887752,0.9999962554776264,0,0,0.7606544041216613,0.2211948714835569,CR1L,Basal,Activated
GO_Biological_Process_2023,Regulation Of Defense Response To Bacterium (GO:1900424),1/8,0.7476685667887752,0.9999962554776264,0,0,0.7606544041216613,0.2211948714835569,NLRP10,Basal,Activated
GO_Biological_Process_2023,Regulation Of Endothelial Cell Development (GO:1901550),1/8,0.7476685667887752,0.9999962554776264,0,0,0.7606544041216613,0.2211948714835569,TNF,Basal,Activated
GO_Biological_Process_2023,Regulation Of Fertilization (GO:0080154),1/8,0.7476685667887752,0.9999962554776264,0,0,0.7606544041216613,0.2211948714835569,RNASE10,Basal,Activated
GO_Biological_Process_2023,Regulation Of Gap Junction Assembly (GO:1903596),1/8,0.7476685667887752,0.9999962554776264,0,0,0.7606544041216613,0.2211948714835569,AGT,Basal,Activated
GO_Biological_Process_2023,Regulation Of Heme Biosynthetic Process (GO:0070453),1/8,0.7476685667887752,0.9999962554776264,0,0,0.7606544041216613,0.2211948714835569,SLC6A9,Basal,Activated
GO_Biological_Process_2023,Regulation Of Interleukin-18 Production (GO:0032661),1/8,0.7476685667887752,0.9999962554776264,0,0,0.7606544041216613,0.2211948714835569,GBP5,Basal,Activated
GO_Biological_Process_2023,Regulation Of Interleukin-23 Production (GO:0032667),1/8,0.7476685667887752,0.9999962554776264,0,0,0.7606544041216613,0.2211948714835569,IFNG,Basal,Activated
GO_Biological_Process_2023,Regulation Of Lysosomal Protein Catabolic Process (GO:1905165),1/8,0.7476685667887752,0.9999962554776264,0,0,0.7606544041216613,0.2211948714835569,LAPTM4B,Basal,Activated
GO_Biological_Process_2023,Regulation Of Sterol Biosynthetic Process (GO:0106118),1/8,0.7476685667887752,0.9999962554776264,0,0,0.7606544041216613,0.2211948714835569,SH2D2A,Basal,Activated
GO_Biological_Process_2023,Response To Misfolded Protein (GO:0051788),1/8,0.7476685667887752,0.9999962554776264,0,0,0.7606544041216613,0.2211948714835569,F12,Basal,Activated
GO_Biological_Process_2023,Response To Vitamin (GO:0033273),1/8,0.7476685667887752,0.9999962554776264,0,0,0.7606544041216613,0.2211948714835569,SPP1,Basal,Activated
GO_Biological_Process_2023,Response To Vitamin D (GO:0033280),1/8,0.7476685667887752,0.9999962554776264,0,0,0.7606544041216613,0.2211948714835569,SPP1,Basal,Activated
GO_Biological_Process_2023,Sequestering Of Actin Monomers (GO:0042989),1/8,0.7476685667887752,0.9999962554776264,0,0,0.7606544041216613,0.2211948714835569,TMSB15A,Basal,Activated
GO_Biological_Process_2023,Serotonin Uptake (GO:0051610),1/8,0.7476685667887752,0.9999962554776264,0,0,0.7606544041216613,0.2211948714835569,SLC18A3,Basal,Activated
GO_Biological_Process_2023,Skeletal Myofibril Assembly (GO:0014866),1/8,0.7476685667887752,0.9999962554776264,0,0,0.7606544041216613,0.2211948714835569,ACTL8,Basal,Activated
GO_Biological_Process_2023,Sympathetic Ganglion Development (GO:0061549),1/8,0.7476685667887752,0.9999962554776264,0,0,0.7606544041216613,0.2211948714835569,PHOX2B,Basal,Activated
GO_Biological_Process_2023,Synapse Pruning (GO:0098883),1/8,0.7476685667887752,0.9999962554776264,0,0,0.7606544041216613,0.2211948714835569,DKK1,Basal,Activated
GO_Biological_Process_2023,Tight Junction Assembly (GO:0120192),7/53,0.7536697173870903,0.9999962554776264,0,0,0.8099221387721354,0.2290468292727572,CLDN6;CLDN10;CHAF1B;CLDN9;LSR;CLDN16;ECT2,Basal,Activated
GO_Biological_Process_2023,ERK1 And ERK2 Cascade (GO:0070371),3/24,0.7551247945272084,0.9999962554776264,0,0,0.7605028716139828,0.2136041546799863,CDK1;DUSP9;MT3,Basal,Activated
GO_Biological_Process_2023,Eosinophil Chemotaxis (GO:0048245),3/24,0.7551247945272084,0.9999962554776264,0,0,0.7605028716139828,0.2136041546799863,CCL25;CCL11;CCL7,Basal,Activated
GO_Biological_Process_2023,Eosinophil Migration (GO:0072677),3/24,0.7551247945272084,0.9999962554776264,0,0,0.7605028716139828,0.2136041546799863,CCL25;CCL11;CCL7,Basal,Activated
GO_Biological_Process_2023,Mononuclear Cell Differentiation (GO:1903131),3/24,0.7551247945272084,0.9999962554776264,0,0,0.7605028716139828,0.2136041546799863,IL31RA;LY6D;MT1G,Basal,Activated
GO_Biological_Process_2023,Natural Killer Cell Mediated Cytotoxicity (GO:0042267),3/24,0.7551247945272084,0.9999962554776264,0,0,0.7605028716139828,0.2136041546799863,GZMB;ULBP2;ULBP1,Basal,Activated
GO_Biological_Process_2023,Negative Regulation Of Ion Transmembrane Transporter Activity (GO:0032413),3/24,0.7551247945272084,0.9999962554776264,0,0,0.7605028716139828,0.2136041546799863,SLC6A9;PCSK9;MMP9,Basal,Activated
GO_Biological_Process_2023,Negative Regulation Of Ossification (GO:0030279),3/24,0.7551247945272084,0.9999962554776264,0,0,0.7605028716139828,0.2136041546799863,MDK;KREMEN2;DKK1,Basal,Activated
GO_Biological_Process_2023,Regulation Of Cysteine-Type Endopeptidase Activity (GO:2000116),3/24,0.7551247945272084,0.9999962554776264,0,0,0.7605028716139828,0.2136041546799863,SOX2;EPHA7;MT3,Basal,Activated
GO_Biological_Process_2023,Regulation Of Viral Life Cycle (GO:1903900),3/24,0.7551247945272084,0.9999962554776264,0,0,0.7605028716139828,0.2136041546799863,LAMP3;HS3ST6;KPNA2,Basal,Activated
GO_Biological_Process_2023,Development Of Primary Male Sexual Characteristics (GO:0046546),6/46,0.7560228029639223,0.9999962554776264,0,0,0.7983840304182509,0.223295032068107,NR5A1;SRD5A2;WT1;ZFP42;SOX8;TEX19,Basal,Activated
GO_Biological_Process_2023,Male Gonad Development (GO:0008584),6/46,0.7560228029639223,0.9999962554776264,0,0,0.7983840304182509,0.223295032068107,NR5A1;SRD5A2;WT1;ZFP42;SOX8;TEX19,Basal,Activated
GO_Biological_Process_2023,Positive Regulation Of Cell-Cell Adhesion (GO:0022409),6/46,0.7560228029639223,0.9999962554776264,0,0,0.7983840304182509,0.223295032068107,MDK;RNASE10;PLAUR;TNF;FUT3;FOXA2,Basal,Activated
GO_Biological_Process_2023,Sensory Perception Of Light Stimulus (GO:0050953),14/102,0.7577646825895532,0.9999962554776264,0,0,0.8464970544068384,0.234803373260787,COL11A1;CRYBA2;PAX6;VAX2;COL2A1;TH;ZIC2;USH1G;RDH10;GRM8;SIX3;E2F1;GNAT1;CNGB1,Basal,Activated
GO_Biological_Process_2023,Negative Regulation Of Lymphocyte Proliferation (GO:0050672),5/39,0.7602582923846704,0.9999962554776264,0,0,0.7827609979690324,0.2145524765156093,PLA2G2F;IL4I1;CD80;SOX11;HLA-G,Basal,Activated
GO_Biological_Process_2023,Regulation Of Monoatomic Cation Transmembrane Transport (GO:1904062),5/39,0.7602582923846704,0.9999962554776264,0,0,0.7827609979690324,0.2145524765156093,DPP10;HCN4;KCNH2;BPIFA1;GRIN2D,Basal,Activated
GO_Biological_Process_2023,Vitamin Transport (GO:0051180),5/39,0.7602582923846704,0.9999962554776264,0,0,0.7827609979690324,0.2145524765156093,GBAP1;SLC2A14;SLC52A2;SLC2A1;SLC2A6,Basal,Activated
GO_Biological_Process_2023,Amide Transport (GO:0042886),4/32,0.7674869055721486,0.9999962554776264,0,0,0.7604270333846015,0.2012347417089441,SLC17A6;TAP1;ABCA13;SLC38A5,Basal,Activated
GO_Biological_Process_2023,Female Gamete Generation (GO:0007292),4/32,0.7674869055721486,0.9999962554776264,0,0,0.7604270333846015,0.2012347417089441,STRA8;MDK;HORMAD1;TRIP13,Basal,Activated
GO_Biological_Process_2023,Left/Right Pattern Formation (GO:0060972),4/32,0.7674869055721486,0.9999962554776264,0,0,0.7604270333846015,0.2012347417089441,DNAH11;STIL;ZIC3;FOXJ1,Basal,Activated
GO_Biological_Process_2023,Mesenchymal Cell Migration (GO:0090497),4/32,0.7674869055721486,0.9999962554776264,0,0,0.7604270333846015,0.2012347417089441,SEMA5B;GDNF;NRTN;SOX8,Basal,Activated
GO_Biological_Process_2023,Muscle Cell Development (GO:0055001),4/32,0.7674869055721486,0.9999962554776264,0,0,0.7604270333846015,0.2012347417089441,ACTN2;MYOD1;NKX2-5;MYH6,Basal,Activated
GO_Biological_Process_2023,Neural Tube Closure (GO:0001843),4/32,0.7674869055721486,0.9999962554776264,0,0,0.7604270333846015,0.2012347417089441,STIL;VANGL2;MTHFD1L;GRHL3,Basal,Activated
GO_Biological_Process_2023,Regulation Of Natural Killer Cell Mediated Cytotoxicity (GO:0042269),4/32,0.7674869055721486,0.9999962554776264,0,0,0.7604270333846015,0.2012347417089441,IL21;RASGRP1;HLA-G;KIR2DL4,Basal,Activated
GO_Biological_Process_2023,Regulation Of DNA Replication (GO:0006275),10/75,0.7676859459354322,0.9999962554776264,0,0,0.8186743459586099,0.2164366651087353,CCNA2;CDT1;BLM;PCNA;DSCC1;FBXO5;ESCO2;DNA2;CDC6;S100A11,Basal,Activated
GO_Biological_Process_2023,Sensory Perception Of Mechanical Stimulus (GO:0050954),12/89,0.7684661404493202,0.9999962554776264,0,0,0.8292393320964749,0.218387455716241,CEMIP;COL2A1;MYO3B;USH1G;P2RX2;COL11A1;MYO3A;COL11A2;BIRC5;ATP2B2;OTOS;POU3F4,Basal,Activated
GO_Biological_Process_2023,Sodium Ion Transport (GO:0006814),12/89,0.7684661404493202,0.9999962554776264,0,0,0.8292393320964749,0.218387455716241,HCN4;SLC6A19;SLC5A8;ASIC4;ASIC5;SLC6A17;SLC6A9;SLC6A15;SLC12A1;SLC6A11;SCN1A;SLC17A4,Basal,Activated
GO_Biological_Process_2023,Adenylate Cyclase-Activating G Protein-Coupled Receptor Signaling Pathway (GO:0007189),15/110,0.771808559528765,0.9999962554776264,0,0,0.8400481661732979,0.2175882172008585,CALCA;CXCL9;CALCB;GPR26;ADGRF2;ADCYAP1;GHRHR;CXCL10;CXCL11;ADGRG7;UCN3;ADGRF4;ADM2;UTS2;TCP11,Basal,Activated
GO_Biological_Process_2023,Bicellular Tight Junction Assembly (GO:0070830),6/47,0.7744939542766235,0.9999962554776264,0,0,0.7788648799035519,0.1990353568500245,CLDN6;CLDN10;CHAF1B;CLDN9;CLDN16;ECT2,Basal,Activated
GO_Biological_Process_2023,Positive Regulation Of Epithelial To Mesenchymal Transition (GO:0010718),6/47,0.7744939542766235,0.9999962554776264,0,0,0.7788648799035519,0.1990353568500245,SERPINB3;FOXC1;MDK;ALX1;AGT;EZH2,Basal,Activated
GO_Biological_Process_2023,Positive Regulation Of Defense Response (GO:0031349),17/124,0.7748453712881382,0.9999962554776264,0,0,0.8452134377368022,0.2156070091482876,IL21;GBP5;IFNB1;OSM;ACOD1;TNF;AGT;AIM2;IFNG;NLRP10;MDK;IGF2BP1;ADAM8;CCL1;LILRP2;S100A9;S100A8,Basal,Activated
GO_Biological_Process_2023,DNA Biosynthetic Process (GO:0071897),2/17,0.7752728101155776,0.9999962554776264,0,0,0.709831223628692,0.1806806515601926,TERT;TYMS,Basal,Activated
GO_Biological_Process_2023,"DNA Damage Response, Signal Transduction By P53 Class Mediator Resulting In Cell Cycle Arrest (GO:0006977)",2/17,0.7752728101155776,0.9999962554776264,0,0,0.709831223628692,0.1806806515601926,CHEK2;GTSE1,Basal,Activated
GO_Biological_Process_2023,DNA Modification (GO:0006304),2/17,0.7752728101155776,0.9999962554776264,0,0,0.709831223628692,0.1806806515601926,NEIL3;EXOSC4,Basal,Activated
GO_Biological_Process_2023,G Protein-Coupled Acetylcholine Receptor Signaling Pathway (GO:0007213),2/17,0.7752728101155776,0.9999962554776264,0,0,0.709831223628692,0.1806806515601926,CHRM3;HRH3,Basal,Activated
GO_Biological_Process_2023,T Cell Migration (GO:0072678),2/17,0.7752728101155776,0.9999962554776264,0,0,0.709831223628692,0.1806806515601926,CXCL10;CXCL11,Basal,Activated
GO_Biological_Process_2023,Amyloid Precursor Protein Metabolic Process (GO:0042982),2/17,0.7752728101155776,0.9999962554776264,0,0,0.709831223628692,0.1806806515601926,TMCC2;KLK6,Basal,Activated
GO_Biological_Process_2023,Central Nervous System Neuron Development (GO:0021954),2/17,0.7752728101155776,0.9999962554776264,0,0,0.709831223628692,0.1806806515601926,NPY;LHX8,Basal,Activated
GO_Biological_Process_2023,Embryo Development Ending In Birth Or Egg Hatching (GO:0009792),2/17,0.7752728101155776,0.9999962554776264,0,0,0.709831223628692,0.1806806515601926,SCEL;CELF4,Basal,Activated
GO_Biological_Process_2023,Embryonic Heart Tube Development (GO:0035050),2/17,0.7752728101155776,0.9999962554776264,0,0,0.709831223628692,0.1806806515601926,TBX20;NKX2-5,Basal,Activated
GO_Biological_Process_2023,Filopodium Assembly (GO:0046847),2/17,0.7752728101155776,0.9999962554776264,0,0,0.709831223628692,0.1806806515601926,VSTM5;FGD1,Basal,Activated
GO_Biological_Process_2023,Growth Hormone Receptor Signaling Pathway (GO:0060396),2/17,0.7752728101155776,0.9999962554776264,0,0,0.709831223628692,0.1806806515601926,GH2;CSH2,Basal,Activated
GO_Biological_Process_2023,Intracellular Zinc Ion Homeostasis (GO:0006882),2/17,0.7752728101155776,0.9999962554776264,0,0,0.709831223628692,0.1806806515601926,SLC30A10;MT3,Basal,Activated
GO_Biological_Process_2023,Leukocyte Tethering Or Rolling (GO:0050901),2/17,0.7752728101155776,0.9999962554776264,0,0,0.709831223628692,0.1806806515601926,PODXL2;TNF,Basal,Activated
GO_Biological_Process_2023,Nuclear Envelope Organization (GO:0006998),2/17,0.7752728101155776,0.9999962554776264,0,0,0.709831223628692,0.1806806515601926,LMNB2;LMNB1,Basal,Activated
GO_Biological_Process_2023,Positive Regulation Of Amyloid-Beta Formation (GO:1902004),2/17,0.7752728101155776,0.9999962554776264,0,0,0.709831223628692,0.1806806515601926,IFNG;TNF,Basal,Activated
GO_Biological_Process_2023,Positive Regulation Of Cell Cycle Phase Transition (GO:1901989),2/17,0.7752728101155776,0.9999962554776264,0,0,0.709831223628692,0.1806806515601926,FAM83D;EZH2,Basal,Activated
GO_Biological_Process_2023,Positive Regulation Of Glial Cell Differentiation (GO:0045687),2/17,0.7752728101155776,0.9999962554776264,0,0,0.709831223628692,0.1806806515601926,SERPINE2;MDK,Basal,Activated
GO_Biological_Process_2023,Positive Regulation Of Heart Rate (GO:0010460),2/17,0.7752728101155776,0.9999962554776264,0,0,0.709831223628692,0.1806806515601926,EDN2;ADM2,Basal,Activated
GO_Biological_Process_2023,Positive Regulation Of Lymphocyte Chemotaxis (GO:0140131),2/17,0.7752728101155776,0.9999962554776264,0,0,0.709831223628692,0.1806806515601926,CCL7;S100A7,Basal,Activated
GO_Biological_Process_2023,Positive Regulation Of Macrophage Activation (GO:0043032),2/17,0.7752728101155776,0.9999962554776264,0,0,0.709831223628692,0.1806806515601926,TAFA3;MMP8,Basal,Activated
GO_Biological_Process_2023,Positive Regulation Of Peptidyl-Serine Phosphorylation Of STAT Protein (GO:0033141),2/17,0.7752728101155776,0.9999962554776264,0,0,0.709831223628692,0.1806806515601926,IFNG;IFNB1,Basal,Activated
GO_Biological_Process_2023,Positive Regulation Of Regulatory T Cell Differentiation (GO:0045591),2/17,0.7752728101155776,0.9999962554776264,0,0,0.709831223628692,0.1806806515601926,IL4I1;HLA-G,Basal,Activated
GO_Biological_Process_2023,Positive Regulation Of Small GTPase Mediated Signal Transduction (GO:0051057),2/17,0.7752728101155776,0.9999962554776264,0,0,0.709831223628692,0.1806806515601926,RASGRF1;RASGRP1,Basal,Activated
GO_Biological_Process_2023,Positive Regulation Of Stem Cell Differentiation (GO:2000738),2/17,0.7752728101155776,0.9999962554776264,0,0,0.709831223628692,0.1806806515601926,FOXC1;NKX2-5,Basal,Activated
GO_Biological_Process_2023,Protein Localization To Centrosome (GO:0071539),2/17,0.7752728101155776,0.9999962554776264,0,0,0.709831223628692,0.1806806515601926,STIL;SPAG5,Basal,Activated
GO_Biological_Process_2023,Regulation Of Cartilage Development (GO:0061035),2/17,0.7752728101155776,0.9999962554776264,0,0,0.709831223628692,0.1806806515601926,MDK;SCX,Basal,Activated
GO_Biological_Process_2023,Regulation Of Hematopoietic Progenitor Cell Differentiation (GO:1901532),2/17,0.7752728101155776,0.9999962554776264,0,0,0.709831223628692,0.1806806515601926,FOXC1;OSM,Basal,Activated
GO_Biological_Process_2023,Regulation Of Protein Sumoylation (GO:0033233),2/17,0.7752728101155776,0.9999962554776264,0,0,0.709831223628692,0.1806806515601926,RASD2;MAGEA2,Basal,Activated
GO_Biological_Process_2023,Toll-Like Receptor 4 Signaling Pathway (GO:0034142),2/17,0.7752728101155776,0.9999962554776264,0,0,0.709831223628692,0.1806806515601926,TNIP3;S100A14,Basal,Activated
GO_Biological_Process_2023,Chemical Synaptic Transmission (GO:0007268),39/273,0.7797295624491862,0.9999962554776264,0,0,0.8861137794855374,0.2204723161863759,CHRM3;CHRNA5;CHAT;CACNA1B;CHRNA9;HTR2C;SLC1A6;CACNA1E;CHRND;HTR6;GLRA2;HRH3;NPBWR1;SLC17A6;NPTX2;NTSR1;SLC18A3;GABRQ;GABBR2;GABRA1;GABRP;CHRNB4;UNC13A;GABRA5;HTR3E;GABRA3;HTR1D;OPRK1;HTR3A;HTR3B;GABRG2;HCRTR2;GRIN2D;SLC6A9;TH;KCNQ3;UTS2;APBA2;RAPSN,Basal,Activated
GO_Biological_Process_2023,Cardiac Conduction System Development (GO:0003161),3/25,0.7798750204844692,0.9999962554776264,0,0,0.7258913925580592,0.1804722811025567,HCN4;GJB6;NKX2-5,Basal,Activated
GO_Biological_Process_2023,Metanephros Development (GO:0001656),3/25,0.7798750204844692,0.9999962554776264,0,0,0.7258913925580592,0.1804722811025567,FOXD1;GDNF;WT1,Basal,Activated
GO_Biological_Process_2023,Mismatch Repair (GO:0006298),3/25,0.7798750204844692,0.9999962554776264,0,0,0.7258913925580592,0.1804722811025567,PCNA;RNASEH2A;EXO1,Basal,Activated
GO_Biological_Process_2023,Peptide Hormone Secretion (GO:0030072),3/25,0.7798750204844692,0.9999962554776264,0,0,0.7258913925580592,0.1804722811025567,RIMS2;GAL;PDX1,Basal,Activated
GO_Biological_Process_2023,Positive Regulation Of T Cell Migration (GO:2000406),3/25,0.7798750204844692,0.9999962554776264,0,0,0.7258913925580592,0.1804722811025567,CXCL10;CCL20;S100A7,Basal,Activated
GO_Biological_Process_2023,Positive Regulation Of Interleukin-2 Production (GO:0032743),3/25,0.7798750204844692,0.9999962554776264,0,0,0.7258913925580592,0.1804722811025567,IL1A;CLEC7A;CD80,Basal,Activated
GO_Biological_Process_2023,Regulation Of Actin Cytoskeleton Reorganization (GO:2000249),3/25,0.7798750204844692,0.9999962554776264,0,0,0.7258913925580592,0.1804722811025567,BAIAP2L2;CARMIL2;MDK,Basal,Activated
GO_Biological_Process_2023,Response To Zinc Ion (GO:0010043),3/25,0.7798750204844692,0.9999962554776264,0,0,0.7258913925580592,0.1804722811025567,GLRA2;MT1G;MT1H,Basal,Activated
GO_Biological_Process_2023,Sodium Ion Homeostasis (GO:0055078),3/25,0.7798750204844692,0.9999962554776264,0,0,0.7258913925580592,0.1804722811025567,ATP4B;SLC12A1;ATP1A3,Basal,Activated
GO_Biological_Process_2023,"Wound Healing, Spreading Of Cells (GO:0044319)",3/25,0.7798750204844692,0.9999962554776264,0,0,0.7258913925580592,0.1804722811025567,CCNA2;MMP12;CARMIL2,Basal,Activated
GO_Biological_Process_2023,Endothelial Cell Migration (GO:0043542),5/40,0.7799432572468904,0.9999962554776264,0,0,0.760351147110729,0.1889731949230093,S100A2;PRKX;S100P;PRSS3;S100A9,Basal,Activated
GO_Biological_Process_2023,Retinoid Metabolic Process (GO:0001523),5/40,0.7799432572468904,0.9999962554776264,0,0,0.760351147110729,0.1889731949230093,CYP27C1;RDH10;E2F1;LRP8;RLBP1,Basal,Activated
GO_Biological_Process_2023,NAD Biosynthesis Via Nicotinamide Riboside Salvage Pathway (GO:0034356),1/9,0.7875779180417555,0.9999962554776264,0,0,0.6655330591584941,0.158924615584628,SLC5A8,Basal,Activated
GO_Biological_Process_2023,Alpha-Linolenic Acid Metabolic Process (GO:0036109),1/9,0.7875779180417555,0.9999962554776264,0,0,0.6655330591584941,0.158924615584628,RAPSN,Basal,Activated
GO_Biological_Process_2023,Aminoglycan Metabolic Process (GO:0006022),1/9,0.7875779180417555,0.9999962554776264,0,0,0.6655330591584941,0.158924615584628,CHIA,Basal,Activated
GO_Biological_Process_2023,Apical Protein Localization (GO:0045176),1/9,0.7875779180417555,0.9999962554776264,0,0,0.6655330591584941,0.158924615584628,VANGL2,Basal,Activated
GO_Biological_Process_2023,Camera-Type Eye Morphogenesis (GO:0048593),1/9,0.7875779180417555,0.9999962554776264,0,0,0.6655330591584941,0.158924615584628,TH,Basal,Activated
GO_Biological_Process_2023,Carbohydrate Phosphorylation (GO:0046835),1/9,0.7875779180417555,0.9999962554776264,0,0,0.6655330591584941,0.158924615584628,POMK,Basal,Activated
GO_Biological_Process_2023,Cell Differentiation Involved In Metanephros Development (GO:0072202),1/9,0.7875779180417555,0.9999962554776264,0,0,0.6655330591584941,0.158924615584628,SIX2,Basal,Activated
GO_Biological_Process_2023,Dicarboxylic Acid Biosynthetic Process (GO:0043650),1/9,0.7875779180417555,0.9999962554776264,0,0,0.6655330591584941,0.158924615584628,MTHFD1L,Basal,Activated
GO_Biological_Process_2023,Dopamine Transport (GO:0015872),1/9,0.7875779180417555,0.9999962554776264,0,0,0.6655330591584941,0.158924615584628,MAPK15,Basal,Activated
GO_Biological_Process_2023,Error-Prone Translesion Synthesis (GO:0042276),1/9,0.7875779180417555,0.9999962554776264,0,0,0.6655330591584941,0.158924615584628,POLE2,Basal,Activated
GO_Biological_Process_2023,Fructose 6-Phosphate Metabolic Process (GO:0006002),1/9,0.7875779180417555,0.9999962554776264,0,0,0.6655330591584941,0.158924615584628,PFKP,Basal,Activated
GO_Biological_Process_2023,Glycosphingolipid Catabolic Process (GO:0046479),1/9,0.7875779180417555,0.9999962554776264,0,0,0.6655330591584941,0.158924615584628,LCT,Basal,Activated
GO_Biological_Process_2023,High-Density Lipoprotein Particle Assembly (GO:0034380),1/9,0.7875779180417555,0.9999962554776264,0,0,0.6655330591584941,0.158924615584628,APOA2,Basal,Activated
GO_Biological_Process_2023,Histone Methylation (GO:0016571),1/9,0.7875779180417555,0.9999962554776264,0,0,0.6655330591584941,0.158924615584628,SUV39H2,Basal,Activated
GO_Biological_Process_2023,Histone Ubiquitination (GO:0016574),1/9,0.7875779180417555,0.9999962554776264,0,0,0.6655330591584941,0.158924615584628,UHRF1,Basal,Activated
GO_Biological_Process_2023,Homocysteine Metabolic Process (GO:0050667),1/9,0.7875779180417555,0.9999962554776264,0,0,0.6655330591584941,0.158924615584628,CBS,Basal,Activated
GO_Biological_Process_2023,Leukotriene D4 Biosynthetic Process (GO:1901750),1/9,0.7875779180417555,0.9999962554776264,0,0,0.6655330591584941,0.158924615584628,GGTLC2,Basal,Activated
GO_Biological_Process_2023,Long-Chain Fatty Acid Import Into Cell (GO:0044539),1/9,0.7875779180417555,0.9999962554776264,0,0,0.6655330591584941,0.158924615584628,SLC2A1,Basal,Activated
GO_Biological_Process_2023,Lung Epithelium Development (GO:0060428),1/9,0.7875779180417555,0.9999962554776264,0,0,0.6655330591584941,0.158924615584628,FOXJ1,Basal,Activated
GO_Biological_Process_2023,Motor Neuron Axon Guidance (GO:0008045),1/9,0.7875779180417555,0.9999962554776264,0,0,0.6655330591584941,0.158924615584628,RAC3,Basal,Activated
GO_Biological_Process_2023,Negative Regulation Of Bone Resorption (GO:0045779),1/9,0.7875779180417555,0.9999962554776264,0,0,0.6655330591584941,0.158924615584628,UBASH3B,Basal,Activated
GO_Biological_Process_2023,Negative Regulation Of Hormone Secretion (GO:0046888),1/9,0.7875779180417555,0.9999962554776264,0,0,0.6655330591584941,0.158924615584628,OSM,Basal,Activated
GO_Biological_Process_2023,Negative Regulation Of Lipid Localization (GO:1905953),1/9,0.7875779180417555,0.9999962554776264,0,0,0.6655330591584941,0.158924615584628,TNF,Basal,Activated
GO_Biological_Process_2023,Negative Regulation Of Necroptotic Process (GO:0060546),1/9,0.7875779180417555,0.9999962554776264,0,0,0.6655330591584941,0.158924615584628,FZD9,Basal,Activated
GO_Biological_Process_2023,Negative Regulation Of Receptor Binding (GO:1900121),1/9,0.7875779180417555,0.9999962554776264,0,0,0.6655330591584941,0.158924615584628,PCSK9,Basal,Activated
GO_Biological_Process_2023,Negative Regulation Of Sodium Ion Transmembrane Transport (GO:1902306),1/9,0.7875779180417555,0.9999962554776264,0,0,0.6655330591584941,0.158924615584628,PCSK9,Basal,Activated
GO_Biological_Process_2023,Negative Regulation Of Telomerase Activity (GO:0051974),1/9,0.7875779180417555,0.9999962554776264,0,0,0.6655330591584941,0.158924615584628,PIF1,Basal,Activated
GO_Biological_Process_2023,Negative Regulation Of Transcription By RNA Polymerase I (GO:0016479),1/9,0.7875779180417555,0.9999962554776264,0,0,0.6655330591584941,0.158924615584628,BEND3,Basal,Activated
GO_Biological_Process_2023,Negative Regulation Of Transforming Growth Factor Beta Production (GO:0071635),1/9,0.7875779180417555,0.9999962554776264,0,0,0.6655330591584941,0.158924615584628,LAPTM4B,Basal,Activated
GO_Biological_Process_2023,Neuron Remodeling (GO:0016322),1/9,0.7875779180417555,0.9999962554776264,0,0,0.6655330591584941,0.158924615584628,EPHA8,Basal,Activated
GO_Biological_Process_2023,Nuclear mRNA Surveillance (GO:0071028),1/9,0.7875779180417555,0.9999962554776264,0,0,0.6655330591584941,0.158924615584628,EXOSC4,Basal,Activated
GO_Biological_Process_2023,Nucleoside Metabolic Process (GO:0009116),1/9,0.7875779180417555,0.9999962554776264,0,0,0.6655330591584941,0.158924615584628,TYMP,Basal,Activated
GO_Biological_Process_2023,Phosphatidylcholine Catabolic Process (GO:0034638),1/9,0.7875779180417555,0.9999962554776264,0,0,0.6655330591584941,0.158924615584628,PNLIPRP2,Basal,Activated
GO_Biological_Process_2023,Phosphatidylethanolamine Acyl-Chain Remodeling (GO:0036152),1/9,0.7875779180417555,0.9999962554776264,0,0,0.6655330591584941,0.158924615584628,PLA2G2F,Basal,Activated
GO_Biological_Process_2023,Positive Regulation Of T Cell Apoptotic Process (GO:0070234),1/9,0.7875779180417555,0.9999962554776264,0,0,0.6655330591584941,0.158924615584628,IDO1,Basal,Activated
GO_Biological_Process_2023,Positive Regulation Of Acrosome Reaction (GO:2000344),1/9,0.7875779180417555,0.9999962554776264,0,0,0.6655330591584941,0.158924615584628,ZP4,Basal,Activated
GO_Biological_Process_2023,Positive Regulation Of Cardiocyte Differentiation (GO:1905209),1/9,0.7875779180417555,0.9999962554776264,0,0,0.6655330591584941,0.158924615584628,NKX2-5,Basal,Activated
GO_Biological_Process_2023,Positive Regulation Of Hippo Signaling (GO:0035332),1/9,0.7875779180417555,0.9999962554776264,0,0,0.6655330591584941,0.158924615584628,SOX11,Basal,Activated
GO_Biological_Process_2023,Positive Regulation Of Keratinocyte Migration (GO:0051549),1/9,0.7875779180417555,0.9999962554776264,0,0,0.6655330591584941,0.158924615584628,MMP9,Basal,Activated
GO_Biological_Process_2023,Positive Regulation Of Leukocyte Apoptotic Process (GO:2000108),1/9,0.7875779180417555,0.9999962554776264,0,0,0.6655330591584941,0.158924615584628,CDKN2A,Basal,Activated
GO_Biological_Process_2023,Positive Regulation Of Myoblast Fusion (GO:1901741),1/9,0.7875779180417555,0.9999962554776264,0,0,0.6655330591584941,0.158924615584628,MYOD1,Basal,Activated
GO_Biological_Process_2023,Positive Regulation Of Protein Sumoylation (GO:0033235),1/9,0.7875779180417555,0.9999962554776264,0,0,0.6655330591584941,0.158924615584628,RASD2,Basal,Activated
GO_Biological_Process_2023,Positive Regulation Of Skeletal Muscle Tissue Development (GO:0048643),1/9,0.7875779180417555,0.9999962554776264,0,0,0.6655330591584941,0.158924615584628,MYOD1,Basal,Activated
GO_Biological_Process_2023,Positive Regulation Of Smooth Muscle Contraction (GO:0045987),1/9,0.7875779180417555,0.9999962554776264,0,0,0.6655330591584941,0.158924615584628,NMU,Basal,Activated
GO_Biological_Process_2023,Positive Regulation Of Tissue Remodeling (GO:0034105),1/9,0.7875779180417555,0.9999962554776264,0,0,0.6655330591584941,0.158924615584628,IL21,Basal,Activated
GO_Biological_Process_2023,Positive Regulation Of Vascular Endothelial Growth Factor Receptor Signaling Pathway (GO:0030949),1/9,0.7875779180417555,0.9999962554776264,0,0,0.6655330591584941,0.158924615584628,MT3,Basal,Activated
GO_Biological_Process_2023,Primary Alcohol Catabolic Process (GO:0034310),1/9,0.7875779180417555,0.9999962554776264,0,0,0.6655330591584941,0.158924615584628,HAO1,Basal,Activated
GO_Biological_Process_2023,Protein O-linked Glycosylation Via Threonine (GO:0018243),1/9,0.7875779180417555,0.9999962554776264,0,0,0.6655330591584941,0.158924615584628,GALNT13,Basal,Activated
GO_Biological_Process_2023,Protein Localization To Microtubule Cytoskeleton (GO:0072698),1/9,0.7875779180417555,0.9999962554776264,0,0,0.6655330591584941,0.158924615584628,FAM83D,Basal,Activated
GO_Biological_Process_2023,Regulation Of Actin Filament-Based Movement (GO:1903115),1/9,0.7875779180417555,0.9999962554776264,0,0,0.6655330591584941,0.158924615584628,MYLK2,Basal,Activated
GO_Biological_Process_2023,Regulation Of Cardiac Muscle Cell Differentiation (GO:2000725),1/9,0.7875779180417555,0.9999962554776264,0,0,0.6655330591584941,0.158924615584628,DKK1,Basal,Activated
GO_Biological_Process_2023,Regulation Of Complement Activation (GO:0030449),1/9,0.7875779180417555,0.9999962554776264,0,0,0.6655330591584941,0.158924615584628,CR1L,Basal,Activated
GO_Biological_Process_2023,Regulation Of Complement-Dependent Cytotoxicity (GO:1903659),1/9,0.7875779180417555,0.9999962554776264,0,0,0.6655330591584941,0.158924615584628,CR1L,Basal,Activated
GO_Biological_Process_2023,Regulation Of Inflammatory Response To Wounding (GO:0106014),1/9,0.7875779180417555,0.9999962554776264,0,0,0.6655330591584941,0.158924615584628,MDK,Basal,Activated
GO_Biological_Process_2023,Regulation Of Mast Cell Activation Involved In Immune Response (GO:0033006),1/9,0.7875779180417555,0.9999962554776264,0,0,0.6655330591584941,0.158924615584628,UNC13D,Basal,Activated
GO_Biological_Process_2023,Regulation Of Memory T Cell Differentiation (GO:0043380),1/9,0.7875779180417555,0.9999962554776264,0,0,0.6655330591584941,0.158924615584628,IFNL1,Basal,Activated
GO_Biological_Process_2023,Regulation Of Myeloid Leukocyte Mediated Immunity (GO:0002886),1/9,0.7875779180417555,0.9999962554776264,0,0,0.6655330591584941,0.158924615584628,UNC13D,Basal,Activated
GO_Biological_Process_2023,Regulation Of Protein Acetylation (GO:1901983),1/9,0.7875779180417555,0.9999962554776264,0,0,0.6655330591584941,0.158924615584628,MAGEA2,Basal,Activated
GO_Biological_Process_2023,Regulation Of Receptor Binding (GO:1900120),1/9,0.7875779180417555,0.9999962554776264,0,0,0.6655330591584941,0.158924615584628,MMP9,Basal,Activated
GO_Biological_Process_2023,Regulation Of Sequestering Of Calcium Ion (GO:0051282),1/9,0.7875779180417555,0.9999962554776264,0,0,0.6655330591584941,0.158924615584628,UBASH3B,Basal,Activated
GO_Biological_Process_2023,Regulation Of Store-Operated Calcium Entry (GO:2001256),1/9,0.7875779180417555,0.9999962554776264,0,0,0.6655330591584941,0.158924615584628,HOMER3,Basal,Activated
GO_Biological_Process_2023,Regulation Of Transmembrane Transporter Activity (GO:0022898),1/9,0.7875779180417555,0.9999962554776264,0,0,0.6655330591584941,0.158924615584628,CHRM3,Basal,Activated
GO_Biological_Process_2023,Response To Histamine (GO:0034776),1/9,0.7875779180417555,0.9999962554776264,0,0,0.6655330591584941,0.158924615584628,GABRG2,Basal,Activated
GO_Biological_Process_2023,Response To Hydroxyurea (GO:0072710),1/9,0.7875779180417555,0.9999962554776264,0,0,0.6655330591584941,0.158924615584628,BLM,Basal,Activated
GO_Biological_Process_2023,Response To Interleukin-4 (GO:0070670),1/9,0.7875779180417555,0.9999962554776264,0,0,0.6655330591584941,0.158924615584628,RUFY4,Basal,Activated
GO_Biological_Process_2023,Serotonin Transport (GO:0006837),1/9,0.7875779180417555,0.9999962554776264,0,0,0.6655330591584941,0.158924615584628,SLC18A3,Basal,Activated
GO_Biological_Process_2023,Telomere Maintenance Via Recombination (GO:0000722),1/9,0.7875779180417555,0.9999962554776264,0,0,0.6655330591584941,0.158924615584628,RAD51,Basal,Activated
GO_Biological_Process_2023,Telomeric Loop Disassembly (GO:0090657),1/9,0.7875779180417555,0.9999962554776264,0,0,0.6655330591584941,0.158924615584628,RECQL4,Basal,Activated
GO_Biological_Process_2023,Transferrin Transport (GO:0033572),1/9,0.7875779180417555,0.9999962554776264,0,0,0.6655330591584941,0.158924615584628,TFR2,Basal,Activated
GO_Biological_Process_2023,Type II Interferon-Mediated Signaling Pathway (GO:0060333),1/9,0.7875779180417555,0.9999962554776264,0,0,0.6655330591584941,0.158924615584628,IFNG,Basal,Activated
GO_Biological_Process_2023,Vasoconstriction (GO:0042310),1/9,0.7875779180417555,0.9999962554776264,0,0,0.6655330591584941,0.158924615584628,EDN2,Basal,Activated
GO_Biological_Process_2023,"Wound Healing, Spreading Of Epidermal Cells (GO:0035313)",1/9,0.7875779180417555,0.9999962554776264,0,0,0.6655330591584941,0.158924615584628,MMP12,Basal,Activated
GO_Biological_Process_2023,Actin Filament Bundle Organization (GO:0061572),4/33,0.7885698997497379,0.9999962554776264,0,0,0.7341617348387237,0.1743885405386235,BAIAP2L2;FSCN1;ADD2;RFLNA,Basal,Activated
GO_Biological_Process_2023,Positive Regulation Of Epidermal Growth Factor Receptor Signaling Pathway (GO:0045742),4/33,0.7885698997497379,0.9999962554776264,0,0,0.7341617348387237,0.1743885405386235,PLAUR;MMP9;FAM83B;AGT,Basal,Activated
GO_Biological_Process_2023,Signal Transduction By P53 Class Mediator (GO:0072331),4/33,0.7885698997497379,0.9999962554776264,0,0,0.7341617348387237,0.1743885405386235,TP53BP2;MAGEA2;POU4F1;E2F7,Basal,Activated
GO_Biological_Process_2023,Vasculogenesis (GO:0001570),4/33,0.7885698997497379,0.9999962554776264,0,0,0.7341617348387237,0.1743885405386235,WT1;TBX20;TNNI3;NKX2-5,Basal,Activated
GO_Biological_Process_2023,Ventricular Cardiac Muscle Tissue Morphogenesis (GO:0055010),4/33,0.7885698997497379,0.9999962554776264,0,0,0.7341617348387237,0.1743885405386235,TNNI3;NKX2-5;MYH6;MYH7,Basal,Activated
GO_Biological_Process_2023,DNA Metabolic Process (GO:0006259),41/288,0.7918573081432279,0.9999962554776264,0,0,0.8824004036908133,0.2059293734779029,TOP2A;PRIM2;FEN1;BLM;RNASEH2A;MCM7;HMGB3;MCM10;TYMS;RECQL4;RAD51AP1;ORC6;CDC45;TERT;ORC1;EXO1;CBS;CHEK1;PCLAF;KPNA2;WDHD1;POLQ;RMI2;RFC4;XRCC2;TREX2;FANCA;DONSON;TICRR;FAM111B;NEIL3;RAD51;UBE2T;POLE2;FSCN1;CDK1;MCM3;MCM4;DNA2;MCM6;MCM2,Basal,Activated
GO_Biological_Process_2023,Monoatomic Cation Homeostasis (GO:0055080),10/77,0.7956748519780991,0.9999962554776264,0,0,0.7941416016364876,0.1815127004065006,UNC80;KCNH2;TFR2;SLC12A1;SLC39A12;CLDN16;S100A14;MT3;SLC12A8;SLC39A4,Basal,Activated
GO_Biological_Process_2023,Heart Contraction (GO:0060047),5/41,0.7983559941117806,0.9999962554776264,0,0,0.7391862879667758,0.1664652495959489,KCNH2;MYLK2;TNNI3;MYH6;MYH7,Basal,Activated
GO_Biological_Process_2023,Lymphocyte Migration (GO:0072676),5/41,0.7983559941117806,0.9999962554776264,0,0,0.7391862879667758,0.1664652495959489,CCL25;CCL11;CCL7;CCL20;CCL1,Basal,Activated
GO_Biological_Process_2023,Positive Regulation Of Actin Filament Polymerization (GO:0030838),5/41,0.7983559941117806,0.9999962554776264,0,0,0.7391862879667758,0.1664652495959489,BAIAP2L2;CARMIL2;CCL11;CRACD;PFN2,Basal,Activated
GO_Biological_Process_2023,Positive Regulation Of Ossification (GO:0045778),5/41,0.7983559941117806,0.9999962554776264,0,0,0.7391862879667758,0.1664652495959489,FBN2;CCNA2;FZD9;ISG15;SOX11,Basal,Activated
GO_Biological_Process_2023,Actin Filament Capping (GO:0051693),2/18,0.802347885395672,0.9999962554776264,0,0,0.6654272151898735,0.1465357185833516,VIL1;ADD2,Basal,Activated
GO_Biological_Process_2023,Barbed-End Actin Filament Capping (GO:0051016),2/18,0.802347885395672,0.9999962554776264,0,0,0.6654272151898735,0.1465357185833516,VIL1;ADD2,Basal,Activated
GO_Biological_Process_2023,Excitatory Postsynaptic Potential (GO:0060079),2/18,0.802347885395672,0.9999962554776264,0,0,0.6654272151898735,0.1465357185833516,FOXM1;GRIN2D,Basal,Activated
GO_Biological_Process_2023,Intracellular Sodium Ion Homeostasis (GO:0006883),2/18,0.802347885395672,0.9999962554776264,0,0,0.6654272151898735,0.1465357185833516,ATP4B;ATP1A3,Basal,Activated
GO_Biological_Process_2023,Negative Regulation Of Lipid Catabolic Process (GO:0050995),2/18,0.802347885395672,0.9999962554776264,0,0,0.6654272151898735,0.1465357185833516,APOA2;TNF,Basal,Activated
GO_Biological_Process_2023,Positive Regulation Of CREB Transcription Factor Activity (GO:0032793),2/18,0.802347885395672,0.9999962554776264,0,0,0.6654272151898735,0.1465357185833516,OPRD1;LRP8,Basal,Activated
GO_Biological_Process_2023,Positive Regulation Of G Protein-Coupled Receptor Signaling Pathway (GO:0045745),2/18,0.802347885395672,0.9999962554776264,0,0,0.6654272151898735,0.1465357185833516,KLK14;KLK6,Basal,Activated
GO_Biological_Process_2023,Positive Regulation Of NLRP3 Inflammasome Complex Assembly (GO:1900227),2/18,0.802347885395672,0.9999962554776264,0,0,0.6654272151898735,0.1465357185833516,GBP5;DEPDC1B,Basal,Activated
GO_Biological_Process_2023,Positive Regulation Of Macrophage Migration (GO:1905523),2/18,0.802347885395672,0.9999962554776264,0,0,0.6654272151898735,0.1465357185833516,MDK;CXCL17,Basal,Activated
GO_Biological_Process_2023,Positive Regulation Of Neutrophil Chemotaxis (GO:0090023),2/18,0.802347885395672,0.9999962554776264,0,0,0.6654272151898735,0.1465357185833516,CXCL8;MDK,Basal,Activated
GO_Biological_Process_2023,Regulation Of RIG-I Signaling Pathway (GO:0039535),2/18,0.802347885395672,0.9999962554776264,0,0,0.6654272151898735,0.1465357185833516,TRIM15;OASL,Basal,Activated
GO_Biological_Process_2023,Regulation Of cAMP-mediated Signaling (GO:0043949),2/18,0.802347885395672,0.9999962554776264,0,0,0.6654272151898735,0.1465357185833516,POMC;RASD2,Basal,Activated
GO_Biological_Process_2023,Regulation Of Peptidyl-Serine Phosphorylation Of STAT Protein (GO:0033139),2/18,0.802347885395672,0.9999962554776264,0,0,0.6654272151898735,0.1465357185833516,IFNG;IFNB1,Basal,Activated
GO_Biological_Process_2023,Response To Ethanol (GO:0045471),2/18,0.802347885395672,0.9999962554776264,0,0,0.6654272151898735,0.1465357185833516,GLRA2;TH,Basal,Activated
GO_Biological_Process_2023,Response To Organophosphorus (GO:0046683),2/18,0.802347885395672,0.9999962554776264,0,0,0.6654272151898735,0.1465357185833516,VGF;TYMS,Basal,Activated
GO_Biological_Process_2023,Cell-Cell Adhesion Mediated By Cadherin (GO:0044331),3/26,0.8025228796807202,0.9999962554776264,0,0,0.6942896073330856,0.1527401823721967,CDH2;CDHR2;CDH15,Basal,Activated
GO_Biological_Process_2023,Cellular Response To Xenobiotic Stimulus (GO:0071466),3/26,0.8025228796807202,0.9999962554776264,0,0,0.6942896073330856,0.1527401823721967,KCNH2;AIM2;PPM1E,Basal,Activated
GO_Biological_Process_2023,Negative Regulation Of Interleukin-1 Beta Production (GO:0032691),3/26,0.8025228796807202,0.9999962554776264,0,0,0.6942896073330856,0.1527401823721967,NLRP7;CARD18;PYDC1,Basal,Activated
GO_Biological_Process_2023,Negative Regulation Of Lipid Metabolic Process (GO:0045833),3/26,0.8025228796807202,0.9999962554776264,0,0,0.6942896073330856,0.1527401823721967,UGT1A10;APOA2;TNF,Basal,Activated
GO_Biological_Process_2023,Negative Regulation Of Protein Polymerization (GO:0032272),3/26,0.8025228796807202,0.9999962554776264,0,0,0.6942896073330856,0.1527401823721967,STMN1;TUBB4A;PFN2,Basal,Activated
GO_Biological_Process_2023,Regulation Of Vasoconstriction (GO:0019229),3/26,0.8025228796807202,0.9999962554776264,0,0,0.6942896073330856,0.1527401823721967,CHRM3;AVPR1B;AGT,Basal,Activated
GO_Biological_Process_2023,Telomere Maintenance Via Telomere Lengthening (GO:0010833),3/26,0.8025228796807202,0.9999962554776264,0,0,0.6942896073330856,0.1527401823721967,PIF1;RAD51;TERT,Basal,Activated
GO_Biological_Process_2023,Sensory Perception Of Sound (GO:0007605),12/92,0.8064373797893599,0.9999962554776264,0,0,0.798,0.1716729650094408,CEMIP;COL2A1;MYO3B;USH1G;P2RX2;COL11A1;MYO3A;COL11A2;BIRC5;ATP2B2;OTOS;POU3F4,Basal,Activated
GO_Biological_Process_2023,Negative Regulation Of Interleukin-6 Production (GO:0032715),4/34,0.8080932319379409,0.9999962554776264,0,0,0.7096474561959046,0.1512101478768879,ORM1;FOXJ1;BPI;TNF,Basal,Activated
GO_Biological_Process_2023,Negative Regulation Of Mitotic Cell Cycle (GO:0045930),4/34,0.8080932319379409,0.9999962554776264,0,0,0.7096474561959046,0.1512101478768879,FOXC1;CHEK1;ZWINT;MAD2L1,Basal,Activated
GO_Biological_Process_2023,Positive Regulation Of Neuron Death (GO:1901216),4/34,0.8080932319379409,0.9999962554776264,0,0,0.7096474561959046,0.1512101478768879,EPHA7;IFNG;PCSK9;TNF,Basal,Activated
GO_Biological_Process_2023,Regulation Of Blood Circulation (GO:1903522),4/34,0.8080932319379409,0.9999962554776264,0,0,0.7096474561959046,0.1512101478768879,TH;S100A1;AGT;MYH6,Basal,Activated
GO_Biological_Process_2023,Negative Regulation Of Cysteine-Type Endopeptidase Activity Involved In Apoptotic Process (GO:0043154),6/49,0.8082461443464266,0.9999962554776264,0,0,0.7425501812715536,0.1580804928469425,LAMP3;PLAUR;SFN;TNF;MMP9;MAGEA3,Basal,Activated
GO_Biological_Process_2023,Neurogenesis (GO:0022008),6/49,0.8082461443464266,0.9999962554776264,0,0,0.7425501812715536,0.1580804928469425,PCSK9;CHAC1;PRDM12;WDR62;VXN;CIT,Basal,Activated
GO_Biological_Process_2023,Regulation Of Double-Strand Break Repair Via Homologous Recombination (GO:0010569),9/71,0.8107843059414261,0.9999962554776264,0,0,0.7723519842853197,0.1620033163378162,RAD51AP1;POLQ;RMI2;PARPBP;RAD51;CHEK1;CGAS;TEX15;FANCB,Basal,Activated
GO_Biological_Process_2023,Brain Development (GO:0007420),23/169,0.8129523554996341,0.9999962554776264,0,0,0.8377067995653446,0.173474648248932,EPHA7;VCX3A;SLC6A17;CNTN5;FOXG1;MAST1;FOXJ1;TBR1;VAX1;VAX2;GRIN2D;DMBX1;CENPF;AIM2;CDH2;ZIC2;SIX3;ZIC1;NKX2-1;POMK;PHGDH;CDK5R2;NKX2-2,Basal,Activated
GO_Biological_Process_2023,Collagen Fibril Organization (GO:0030199),5/42,0.8155320165251808,0.9999962554776264,0,0,0.7191654752630362,0.1466483385662879,COL2A1;COL11A1;COL11A2;PLOD3;SCX,Basal,Activated
GO_Biological_Process_2023,Embryonic Heart Tube Morphogenesis (GO:0003143),5/42,0.8155320165251808,0.9999962554776264,0,0,0.7191654752630362,0.1466483385662879,STIL;VANGL2;ZIC3;TBX20;NKX2-5,Basal,Activated
GO_Biological_Process_2023,Regulation Of Neurotransmitter Receptor Activity (GO:0099601),5/42,0.8155320165251808,0.9999962554776264,0,0,0.7191654752630362,0.1466483385662879,SLURP2;DLGAP3;NPTX2;SHISA8;CACNG5,Basal,Activated
GO_Biological_Process_2023,Regulation Of Osteoclast Differentiation (GO:0045670),5/42,0.8155320165251808,0.9999962554776264,0,0,0.7191654752630362,0.1466483385662879,UBASH3B;IFNG;GPR55;TNF;POU4F1,Basal,Activated
GO_Biological_Process_2023,Monoatomic Ion Transport (GO:0006811),14/107,0.8167549447569505,0.9999962554776264,0,0,0.8007473596480441,0.1620842171469108,HCN4;CHRNB4;SLC15A1;TRPA1;SLC12A1;SLC1A6;PANX2;SLC5A8;SLC17A6;SLC26A9;SLC25A22;PANX3;CNGB1;SLC17A4,Basal,Activated
GO_Biological_Process_2023,Monoatomic Anion Transport (GO:0006820),7/57,0.8178656182765648,0.9999962554776264,0,0,0.7449508716323296,0.1497777637354447,SLC5A8;PACC1;TTYH1;BSND;SLC17A6;SLC26A9;SLC17A4,Basal,Activated
GO_Biological_Process_2023,Signal Transduction In Response To DNA Damage (GO:0042770),7/57,0.8178656182765648,0.9999962554776264,0,0,0.7449508716323296,0.1497777637354447,H2AX;CHEK2;CHEK1;E2F1;DONSON;CLSPN;E2F7,Basal,Activated
GO_Biological_Process_2023,Striated Muscle Contraction (GO:0006941),7/57,0.8178656182765648,0.9999962554776264,0,0,0.7449508716323296,0.1497777637354447,KCNH2;MYLK2;SMPX;TNNT1;TNNI3;MYH6;MYH7,Basal,Activated
GO_Biological_Process_2023,Positive Regulation Of Cytoskeleton Organization (GO:0051495),10/79,0.8211071842068468,0.9999962554776264,0,0,0.7710310453910101,0.1519714718293223,PLK4;VIL1;GPSM2;BAIAP2L2;STIL;CCL11;SPAG5;CRACD;PFDN2;PFN2,Basal,Activated
GO_Biological_Process_2023,Acidic Amino Acid Transport (GO:0015800),1/10,0.8211767444923982,0.9999962554776264,0,0,0.5915497908538085,0.1165453137810452,SLC17A6,Basal,Activated
GO_Biological_Process_2023,Actin Filament Depolymerization (GO:0030042),1/10,0.8211767444923982,0.9999962554776264,0,0,0.5915497908538085,0.1165453137810452,VIL1,Basal,Activated
GO_Biological_Process_2023,Cardiac Muscle Cell Membrane Repolarization (GO:0099622),1/10,0.8211767444923982,0.9999962554776264,0,0,0.5915497908538085,0.1165453137810452,KCNH2,Basal,Activated
GO_Biological_Process_2023,Cellular Response To Interleukin-12 (GO:0071349),1/10,0.8211767444923982,0.9999962554776264,0,0,0.5915497908538085,0.1165453137810452,IL12RB2,Basal,Activated
GO_Biological_Process_2023,Embryonic Appendage Morphogenesis (GO:0035113),1/10,0.8211767444923982,0.9999962554776264,0,0,0.5915497908538085,0.1165453137810452,HOXA11,Basal,Activated
GO_Biological_Process_2023,Epithelial Cell Apoptotic Process (GO:1904019),1/10,0.8211767444923982,0.9999962554776264,0,0,0.5915497908538085,0.1165453137810452,SIX3,Basal,Activated
GO_Biological_Process_2023,Heme Catabolic Process (GO:0042167),1/10,0.8211767444923982,0.9999962554776264,0,0,0.5915497908538085,0.1165453137810452,SLCO1B3,Basal,Activated
GO_Biological_Process_2023,"Heparan Sulfate Proteoglycan Biosynthetic Process, Enzymatic Modification (GO:0015015)",1/10,0.8211767444923982,0.9999962554776264,0,0,0.5915497908538085,0.1165453137810452,HS3ST6,Basal,Activated
GO_Biological_Process_2023,Induction Of Positive Chemotaxis (GO:0050930),1/10,0.8211767444923982,0.9999962554776264,0,0,0.5915497908538085,0.1165453137810452,CXCL8,Basal,Activated
GO_Biological_Process_2023,Lipoprotein Catabolic Process (GO:0042159),1/10,0.8211767444923982,0.9999962554776264,0,0,0.5915497908538085,0.1165453137810452,NOTUM,Basal,Activated
GO_Biological_Process_2023,Metanephric Mesenchyme Development (GO:0072075),1/10,0.8211767444923982,0.9999962554776264,0,0,0.5915497908538085,0.1165453137810452,WT1,Basal,Activated
GO_Biological_Process_2023,miRNA Catabolic Process (GO:0010587),1/10,0.8211767444923982,0.9999962554776264,0,0,0.5915497908538085,0.1165453137810452,LIN28B,Basal,Activated
GO_Biological_Process_2023,Negative Regulation Of Activin Receptor Signaling Pathway (GO:0032926),1/10,0.8211767444923982,0.9999962554776264,0,0,0.5915497908538085,0.1165453137810452,DAND5,Basal,Activated
GO_Biological_Process_2023,Negative Regulation Of Adenylate Cyclase Activity (GO:0007194),1/10,0.8211767444923982,0.9999962554776264,0,0,0.5915497908538085,0.1165453137810452,GABBR2,Basal,Activated
GO_Biological_Process_2023,Negative Regulation Of Centrosome Duplication (GO:0010826),1/10,0.8211767444923982,0.9999962554776264,0,0,0.5915497908538085,0.1165453137810452,CCNF,Basal,Activated
GO_Biological_Process_2023,Negative Regulation Of Cholesterol Transport (GO:0032375),1/10,0.8211767444923982,0.9999962554776264,0,0,0.5915497908538085,0.1165453137810452,APOA2,Basal,Activated
GO_Biological_Process_2023,Negative Regulation Of Hemostasis (GO:1900047),1/10,0.8211767444923982,0.9999962554776264,0,0,0.5915497908538085,0.1165453137810452,SERPINE2,Basal,Activated
GO_Biological_Process_2023,Negative Regulation Of Homotypic Cell-Cell Adhesion (GO:0034111),1/10,0.8211767444923982,0.9999962554776264,0,0,0.5915497908538085,0.1165453137810452,SERPINE2,Basal,Activated
GO_Biological_Process_2023,Negative Regulation Of Inclusion Body Assembly (GO:0090084),1/10,0.8211767444923982,0.9999962554776264,0,0,0.5915497908538085,0.1165453137810452,IFNB1,Basal,Activated
GO_Biological_Process_2023,Negative Regulation Of Intracellular Estrogen Receptor Signaling Pathway (GO:0033147),1/10,0.8211767444923982,0.9999962554776264,0,0,0.5915497908538085,0.1165453137810452,FOXH1,Basal,Activated
GO_Biological_Process_2023,Negative Regulation Of Mitochondrial Outer Membrane Permeabilization Involved In Apoptotic Signaling Pathway (GO:1901029),1/10,0.8211767444923982,0.9999962554776264,0,0,0.5915497908538085,0.1165453137810452,FZD9,Basal,Activated
GO_Biological_Process_2023,Negative Regulation Of Oxidoreductase Activity (GO:0051354),1/10,0.8211767444923982,0.9999962554776264,0,0,0.5915497908538085,0.1165453137810452,MT3,Basal,Activated
GO_Biological_Process_2023,Negative Regulation Of Programmed Necrotic Cell Death (GO:0062099),1/10,0.8211767444923982,0.9999962554776264,0,0,0.5915497908538085,0.1165453137810452,FZD9,Basal,Activated
GO_Biological_Process_2023,Negative Regulation Of Response To Cytokine Stimulus (GO:0060761),1/10,0.8211767444923982,0.9999962554776264,0,0,0.5915497908538085,0.1165453137810452,IL36RN,Basal,Activated
GO_Biological_Process_2023,Negative Regulation Of Sodium Ion Transmembrane Transporter Activity (GO:2000650),1/10,0.8211767444923982,0.9999962554776264,0,0,0.5915497908538085,0.1165453137810452,PCSK9,Basal,Activated
GO_Biological_Process_2023,Negative Regulation Of Sprouting Angiogenesis (GO:1903671),1/10,0.8211767444923982,0.9999962554776264,0,0,0.5915497908538085,0.1165453137810452,E2F2,Basal,Activated
GO_Biological_Process_2023,Neuron Projection Fasciculation (GO:0106030),1/10,0.8211767444923982,0.9999962554776264,0,0,0.5915497908538085,0.1165453137810452,EPHB3,Basal,Activated
GO_Biological_Process_2023,Neuron Projection Maintenance (GO:1990535),1/10,0.8211767444923982,0.9999962554776264,0,0,0.5915497908538085,0.1165453137810452,ATP1A3,Basal,Activated
GO_Biological_Process_2023,Nuclear RNA Surveillance (GO:0071027),1/10,0.8211767444923982,0.9999962554776264,0,0,0.5915497908538085,0.1165453137810452,EXOSC4,Basal,Activated
GO_Biological_Process_2023,"Nuclear-Transcribed mRNA Catabolic Process, Exonucleolytic, 3'-5' (GO:0034427)",1/10,0.8211767444923982,0.9999962554776264,0,0,0.5915497908538085,0.1165453137810452,EXOSC4,Basal,Activated
GO_Biological_Process_2023,Positive Regulation Of MHC Class II Biosynthetic Process (GO:0045348),1/10,0.8211767444923982,0.9999962554776264,0,0,0.5915497908538085,0.1165453137810452,IFNG,Basal,Activated
GO_Biological_Process_2023,Positive Regulation Of Bone Resorption (GO:0045780),1/10,0.8211767444923982,0.9999962554776264,0,0,0.5915497908538085,0.1165453137810452,SPP1,Basal,Activated
GO_Biological_Process_2023,Positive Regulation Of Cellular Respiration (GO:1901857),1/10,0.8211767444923982,0.9999962554776264,0,0,0.5915497908538085,0.1165453137810452,IFNG,Basal,Activated
GO_Biological_Process_2023,Positive Regulation Of Cholesterol Metabolic Process (GO:0090205),1/10,0.8211767444923982,0.9999962554776264,0,0,0.5915497908538085,0.1165453137810452,SH2D2A,Basal,Activated
GO_Biological_Process_2023,Positive Regulation Of Defense Response To Bacterium (GO:1900426),1/10,0.8211767444923982,0.9999962554776264,0,0,0.5915497908538085,0.1165453137810452,NLRP10,Basal,Activated
GO_Biological_Process_2023,Positive Regulation Of Dendrite Development (GO:1900006),1/10,0.8211767444923982,0.9999962554776264,0,0,0.5915497908538085,0.1165453137810452,LRP8,Basal,Activated
GO_Biological_Process_2023,Positive Regulation Of Integrin Activation (GO:0033625),1/10,0.8211767444923982,0.9999962554776264,0,0,0.5915497908538085,0.1165453137810452,FERMT1,Basal,Activated
GO_Biological_Process_2023,Positive Regulation Of Mitochondrial Outer Membrane Permeabilization Involved In Apoptotic Signaling Pathway (GO:1901030),1/10,0.8211767444923982,0.9999962554776264,0,0,0.5915497908538085,0.1165453137810452,GZMB,Basal,Activated
GO_Biological_Process_2023,Positive Regulation Of Nitric-Oxide Synthase Biosynthetic Process (GO:0051770),1/10,0.8211767444923982,0.9999962554776264,0,0,0.5915497908538085,0.1165453137810452,IFNG,Basal,Activated
GO_Biological_Process_2023,Positive Regulation Of Non-Canonical Wnt Signaling Pathway (GO:2000052),1/10,0.8211767444923982,0.9999962554776264,0,0,0.5915497908538085,0.1165453137810452,DKK1,Basal,Activated
GO_Biological_Process_2023,Positive Regulation Of Protein Depolymerization (GO:1901881),1/10,0.8211767444923982,0.9999962554776264,0,0,0.5915497908538085,0.1165453137810452,VIL1,Basal,Activated
GO_Biological_Process_2023,Protein Kinase C Signaling (GO:0070528),1/10,0.8211767444923982,0.9999962554776264,0,0,0.5915497908538085,0.1165453137810452,PRSS33,Basal,Activated
GO_Biological_Process_2023,Protein Oxidation (GO:0018158),1/10,0.8211767444923982,0.9999962554776264,0,0,0.5915497908538085,0.1165453137810452,APOA2,Basal,Activated
GO_Biological_Process_2023,Protein Prenylation (GO:0018342),1/10,0.8211767444923982,0.9999962554776264,0,0,0.5915497908538085,0.1165453137810452,CHML,Basal,Activated
GO_Biological_Process_2023,Regulation Of Axon Regeneration (GO:0048679),1/10,0.8211767444923982,0.9999962554776264,0,0,0.5915497908538085,0.1165453137810452,RTN4R,Basal,Activated
GO_Biological_Process_2023,Regulation Of Chromatin Binding (GO:0035561),1/10,0.8211767444923982,0.9999962554776264,0,0,0.5915497908538085,0.1165453137810452,CDT1,Basal,Activated
GO_Biological_Process_2023,Regulation Of Dendritic Cell Differentiation (GO:2001198),1/10,0.8211767444923982,0.9999962554776264,0,0,0.5915497908538085,0.1165453137810452,HLA-G,Basal,Activated
GO_Biological_Process_2023,Regulation Of Lamellipodium Morphogenesis (GO:2000392),1/10,0.8211767444923982,0.9999962554776264,0,0,0.5915497908538085,0.1165453137810452,VIL1,Basal,Activated
GO_Biological_Process_2023,Regulation Of Melanin Biosynthetic Process (GO:0048021),1/10,0.8211767444923982,0.9999962554776264,0,0,0.5915497908538085,0.1165453137810452,TYRP1,Basal,Activated
GO_Biological_Process_2023,"Regulation Of Nuclear-Transcribed mRNA Catabolic Process, Nonsense-Mediated Decay (GO:2000622)",1/10,0.8211767444923982,0.9999962554776264,0,0,0.5915497908538085,0.1165453137810452,APOBEC1,Basal,Activated
GO_Biological_Process_2023,Regulation Of Phospholipase Activity (GO:0010517),1/10,0.8211767444923982,0.9999962554776264,0,0,0.5915497908538085,0.1165453137810452,RASGRP1,Basal,Activated
GO_Biological_Process_2023,Regulation Of Respiratory Burst (GO:0060263),1/10,0.8211767444923982,0.9999962554776264,0,0,0.5915497908538085,0.1165453137810452,CLEC7A,Basal,Activated
GO_Biological_Process_2023,Regulation Of Synapse Maturation (GO:0090128),1/10,0.8211767444923982,0.9999962554776264,0,0,0.5915497908538085,0.1165453137810452,CDC20,Basal,Activated
GO_Biological_Process_2023,Regulation Of Toll-Like Receptor 9 Signaling Pathway (GO:0034163),1/10,0.8211767444923982,0.9999962554776264,0,0,0.5915497908538085,0.1165453137810452,RSAD2,Basal,Activated
GO_Biological_Process_2023,Removal Of Superoxide Radicals (GO:0019430),1/10,0.8211767444923982,0.9999962554776264,0,0,0.5915497908538085,0.1165453137810452,MT3,Basal,Activated
GO_Biological_Process_2023,Surfactant Homeostasis (GO:0043129),1/10,0.8211767444923982,0.9999962554776264,0,0,0.5915497908538085,0.1165453137810452,BPIFA1,Basal,Activated
GO_Biological_Process_2023,Urogenital System Development (GO:0001655),1/10,0.8211767444923982,0.9999962554776264,0,0,0.5915497908538085,0.1165453137810452,EPHB3,Basal,Activated
GO_Biological_Process_2023,DNA Synthesis Involved In DNA Repair (GO:0000731),3/27,0.8231776790594254,0.9999962554776264,0,0,0.6653213042101931,0.1294603548384553,PCNA;PCLAF;TNFSF13B,Basal,Activated
GO_Biological_Process_2023,Cardiac Muscle Cell Differentiation (GO:0055007),3/27,0.8231776790594254,0.9999962554776264,0,0,0.6653213042101931,0.1294603548384553,WT1;NKX2-5;MYH6,Basal,Activated
GO_Biological_Process_2023,Cellular Response To Epidermal Growth Factor Stimulus (GO:0071364),3/27,0.8231776790594254,0.9999962554776264,0,0,0.6653213042101931,0.1294603548384553,VIL1;FOXC1;KNSTRN,Basal,Activated
GO_Biological_Process_2023,Positive Regulation Of Cytosolic Calcium Ion Concentration Involved In Phospholipase C-activating G Protein-Coupled Signaling Pathway (GO:0051482),3/27,0.8231776790594254,0.9999962554776264,0,0,0.6653213042101931,0.1294603548384553,CALCA;GPR55;HTR2C,Basal,Activated
GO_Biological_Process_2023,Positive Regulation Of Filopodium Assembly (GO:0051491),3/27,0.8231776790594254,0.9999962554776264,0,0,0.6653213042101931,0.1294603548384553,MYO3B;MYO3A;FSCN1,Basal,Activated
GO_Biological_Process_2023,Regulation Of Insulin Secretion Involved In Cellular Response To Glucose Stimulus (GO:0061178),3/27,0.8231776790594254,0.9999962554776264,0,0,0.6653213042101931,0.1294603548384553,BRSK2;TUNAR;FOXA2,Basal,Activated
GO_Biological_Process_2023,Regulation Of Microtubule Polymerization Or Depolymerization (GO:0031110),3/27,0.8231776790594254,0.9999962554776264,0,0,0.6653213042101931,0.1294603548384553,STMN1;SKA3;SKA1,Basal,Activated
GO_Biological_Process_2023,Respiratory Tube Development (GO:0030323),3/27,0.8231776790594254,0.9999962554776264,0,0,0.6653213042101931,0.1294603548384553,ZIC3;NKX2-1;CHI3L1,Basal,Activated
GO_Biological_Process_2023,"Synaptic Transmission, Glutamatergic (GO:0035249)",3/27,0.8231776790594254,0.9999962554776264,0,0,0.6653213042101931,0.1294603548384553,UNC13A;SLC17A6;GRIN2D,Basal,Activated
GO_Biological_Process_2023,Regulation Of Interleukin-12 Production (GO:0032655),6/50,0.823575248680288,0.9999962554776264,0,0,0.7256308330452818,0.140845203655835,IFNG;MDK;RIPK2;CLEC7A;HLA-G;LILRP2,Basal,Activated
GO_Biological_Process_2023,Response To Ionizing Radiation (GO:0010212),9/72,0.8236338628965291,0.9999962554776264,0,0,0.7600471206560645,0.1474713263971696,H2AX;RAD51AP1;DEPDC1B;BLM;RAD51;FANCD2;BRCA2;ECT2;TICRR,Basal,Activated
GO_Biological_Process_2023,Endoderm Formation (GO:0001706),4/35,0.8261190939780093,0.9999962554776264,0,0,0.6867147439171383,0.1311737330810604,TBX20;HMGA2;MMP8;MMP9,Basal,Activated
GO_Biological_Process_2023,Skeletal Muscle Organ Development (GO:0060538),4/35,0.8261190939780093,0.9999962554776264,0,0,0.6867147439171383,0.1311737330810604,POPDC3;WT1;MYOD1;FOXL2,Basal,Activated
GO_Biological_Process_2023,DNA Catabolic Process (GO:0006308),2/19,0.8264820241170435,0.9999962554776264,0,0,0.626247207743857,0.1193483838504966,TREX2;FOXL2,Basal,Activated
GO_Biological_Process_2023,RNA-templated DNA Biosynthetic Process (GO:0006278),2/19,0.8264820241170435,0.9999962554776264,0,0,0.626247207743857,0.1193483838504966,PIF1;TERT,Basal,Activated
GO_Biological_Process_2023,Dopamine Metabolic Process (GO:0042417),2/19,0.8264820241170435,0.9999962554776264,0,0,0.626247207743857,0.1193483838504966,MOXD1;TH,Basal,Activated
GO_Biological_Process_2023,Eye Morphogenesis (GO:0048592),2/19,0.8264820241170435,0.9999962554776264,0,0,0.626247207743857,0.1193483838504966,FBN2;MFAP2,Basal,Activated
GO_Biological_Process_2023,Leukocyte Adhesion To Vascular Endothelial Cell (GO:0061756),2/19,0.8264820241170435,0.9999962554776264,0,0,0.626247207743857,0.1193483838504966,PODXL2;TNF,Basal,Activated
GO_Biological_Process_2023,Mesoderm Development (GO:0007498),2/19,0.8264820241170435,0.9999962554776264,0,0,0.626247207743857,0.1193483838504966,SECTM1;TBXT,Basal,Activated
GO_Biological_Process_2023,Negative Regulation Of Cyclin-Dependent Protein Serine/Threonine Kinase Activity (GO:0045736),2/19,0.8264820241170435,0.9999962554776264,0,0,0.626247207743857,0.1193483838504966,CDKN2A;PLK1,Basal,Activated
GO_Biological_Process_2023,Negative Regulation Of Leukocyte Cell-Cell Adhesion (GO:1903038),2/19,0.8264820241170435,0.9999962554776264,0,0,0.626247207743857,0.1193483838504966,IL4I1;ILDR2,Basal,Activated
GO_Biological_Process_2023,Neuron Apoptotic Process (GO:0051402),2/19,0.8264820241170435,0.9999962554776264,0,0,0.626247207743857,0.1193483838504966,GAPDH;CIT,Basal,Activated
GO_Biological_Process_2023,Phosphate Ion Transport (GO:0006817),2/19,0.8264820241170435,0.9999962554776264,0,0,0.626247207743857,0.1193483838504966,SLC17A6;SLC17A4,Basal,Activated
GO_Biological_Process_2023,Phosphatidylcholine Biosynthetic Process (GO:0006656),2/19,0.8264820241170435,0.9999962554776264,0,0,0.626247207743857,0.1193483838504966,CHAT;APOA2,Basal,Activated
GO_Biological_Process_2023,Positive Regulation Of Hormone Secretion (GO:0046887),2/19,0.8264820241170435,0.9999962554776264,0,0,0.626247207743857,0.1193483838504966,TFR2;SOX11,Basal,Activated
GO_Biological_Process_2023,Protein Insertion Into Membrane (GO:0051205),2/19,0.8264820241170435,0.9999962554776264,0,0,0.626247207743857,0.1193483838504966,RTP4;RTP3,Basal,Activated
GO_Biological_Process_2023,Regulation Of Acute Inflammatory Response (GO:0002673),2/19,0.8264820241170435,0.9999962554776264,0,0,0.626247207743857,0.1193483838504966,F12;OSM,Basal,Activated
GO_Biological_Process_2023,Regulation Of Cellular Response To Growth Factor Stimulus (GO:0090287),2/19,0.8264820241170435,0.9999962554776264,0,0,0.626247207743857,0.1193483838504966,FSTL5;OTX2,Basal,Activated
GO_Biological_Process_2023,Regulation Of Centriole Replication (GO:0046599),2/19,0.8264820241170435,0.9999962554776264,0,0,0.626247207743857,0.1193483838504966,PLK4;STIL,Basal,Activated
GO_Biological_Process_2023,Regulation Of Tissue Remodeling (GO:0034103),2/19,0.8264820241170435,0.9999962554776264,0,0,0.626247207743857,0.1193483838504966,IL21;MDK,Basal,Activated
GO_Biological_Process_2023,Steroid Hormone Biosynthetic Process (GO:0120178),2/19,0.8264820241170435,0.9999962554776264,0,0,0.626247207743857,0.1193483838504966,SRD5A2;HSD17B6,Basal,Activated
GO_Biological_Process_2023,Telomere Maintenance Via Telomerase (GO:0007004),2/19,0.8264820241170435,0.9999962554776264,0,0,0.626247207743857,0.1193483838504966,PIF1;TERT,Basal,Activated
GO_Biological_Process_2023,Regulation Of Cell-Cell Adhesion (GO:0022407),5/43,0.8315131034672504,0.9999962554776264,0,0,0.7001983895437041,0.1291923596521393,EPHA7;RNASE10;ADAM8;FUT3;EPHB3,Basal,Activated
GO_Biological_Process_2023,Response To Amyloid-Beta (GO:1904645),5/43,0.8315131034672504,0.9999962554776264,0,0,0.7001983895437041,0.1291923596521393,MMP12;MMP13;CACNA1B;ATP1A3;MMP9,Basal,Activated
GO_Biological_Process_2023,Inorganic Anion Transport (GO:0015698),7/58,0.8316916570004599,0.9999962554776264,0,0,0.7303004878655107,0.1345896412993989,SLC5A8;RACGAP1;PACC1;TTYH1;BSND;SLC17A6;SLC26A9,Basal,Activated
GO_Biological_Process_2023,Positive Regulation Of Type II Interferon Production (GO:0032729),7/58,0.8316916570004599,0.9999962554776264,0,0,0.7303004878655107,0.1345896412993989,IL21;SLC7A5;IFNL1;CLEC7A;ISG15;RASGRP1;IL12RB2,Basal,Activated
GO_Biological_Process_2023,Renal System Development (GO:0072001),7/58,0.8316916570004599,0.9999962554776264,0,0,0.7303004878655107,0.1345896412993989,HELLS;FOXC1;CENPF;WT1;SIX2;PCSK9;AGT,Basal,Activated
GO_Biological_Process_2023,Microtubule Bundle Formation (GO:0001578),6/51,0.8379131448279883,0.9999962554776264,0,0,0.7094634558512886,0.1254621061473563,PSRC1;CAPN6;PLK1;TRIM46;FOXJ1;KIF20A,Basal,Activated
GO_Biological_Process_2023,Positive Regulation Of Leukocyte Mediated Cytotoxicity (GO:0001912),6/51,0.8379131448279883,0.9999962554776264,0,0,0.7094634558512886,0.1254621061473563,IL21;ULBP2;HLA-G;RASGRP1;ULBP1;CD1A,Basal,Activated
GO_Biological_Process_2023,Recombinational Repair (GO:0000725),12/95,0.8396294494793088,0.9999962554776264,0,0,0.7690189328743545,0.1344203691024816,RAD51AP1;RECQL4;FEN1;RMI2;BLM;RAD51;XRCC2;TONSL;FSCN1;AUNIP;BRCA2;RAD54B,Basal,Activated
GO_Biological_Process_2023,Diterpenoid Metabolic Process (GO:0016101),3/28,0.8419566746424886,0.9999962554776264,0,0,0.638670465337132,0.1098683861799025,RDH10;E2F1;LRP8,Basal,Activated
GO_Biological_Process_2023,Mucosal Immune Response (GO:0002385),3/28,0.8419566746424886,0.9999962554776264,0,0,0.638670465337132,0.1098683861799025,H2BC12;IFNL2;H2BC11,Basal,Activated
GO_Biological_Process_2023,Negative Regulation Of G2/M Transition Of Mitotic Cell Cycle (GO:0010972),3/28,0.8419566746424886,0.9999962554776264,0,0,0.638670465337132,0.1098683861799025,DEPDC1B;CHEK1;AURKB,Basal,Activated
GO_Biological_Process_2023,Negative Regulation Of Signaling (GO:0023057),3/28,0.8419566746424886,0.9999962554776264,0,0,0.638670465337132,0.1098683861799025,UBASH3B;OSM;PCSK9,Basal,Activated
GO_Biological_Process_2023,Phospholipid Catabolic Process (GO:0009395),3/28,0.8419566746424886,0.9999962554776264,0,0,0.638670465337132,0.1098683861799025,PNLIPRP2;PLA2G4D;APOA2,Basal,Activated
GO_Biological_Process_2023,Positive Regulation Of Protein Import Into Nucleus (GO:0042307),3/28,0.8419566746424886,0.9999962554776264,0,0,0.638670465337132,0.1098683861799025,IFNG;ZIC1;ECT2,Basal,Activated
GO_Biological_Process_2023,Regulation Of Bone Resorption (GO:0045124),3/28,0.8419566746424886,0.9999962554776264,0,0,0.638670465337132,0.1098683861799025,CALCA;UBASH3B;SPP1,Basal,Activated
GO_Biological_Process_2023,Regulation Of Protein Transport (GO:0051223),3/28,0.8419566746424886,0.9999962554776264,0,0,0.638670465337132,0.1098683861799025,RHBDF2;TNF;STXBP5L,Basal,Activated
GO_Biological_Process_2023,"DNA Damage Response, Signal Transduction By P53 Class Mediator (GO:0030330)",4/36,0.8427162963267555,0.9999962554776264,0,0,0.6652153261557948,0.1138349182474632,CHEK2;FOXM1;GTSE1;E2F7,Basal,Activated
GO_Biological_Process_2023,Negative Regulation Of T Cell Proliferation (GO:0042130),4/36,0.8427162963267555,0.9999962554776264,0,0,0.6652153261557948,0.1138349182474632,PLA2G2F;IL4I1;CD80;HLA-G,Basal,Activated
GO_Biological_Process_2023,Regulation Of T Cell Mediated Cytotoxicity (GO:0001914),4/36,0.8427162963267555,0.9999962554776264,0,0,0.6652153261557948,0.1138349182474632,ULBP2;HLA-G;ULBP1;CD1A,Basal,Activated
GO_Biological_Process_2023,Regulation Of Peptidyl-Threonine Phosphorylation (GO:0010799),4/36,0.8427162963267555,0.9999962554776264,0,0,0.6652153261557948,0.1138349182474632,CEMIP;RIPK2;PLK1;CHI3L1,Basal,Activated
GO_Biological_Process_2023,Cellular Response To Interleukin-1 (GO:0071347),10/81,0.8440614789718421,0.9999962554776264,0,0,0.7492224923142918,0.1270156476565915,CCL25;CXCL8;CCL11;CCL7;NLRP7;CCL20;ANKRD1;CCL1;GBP1;ST18,Basal,Activated
GO_Biological_Process_2023,Heart Morphogenesis (GO:0003007),7/59,0.8446732118837755,0.9999962554776264,0,0,0.7162135803974156,0.1209007614099187,MESP2;MYLK2;TH;TBX20;ANKRD1;NKX2-5;TBXT,Basal,Activated
GO_Biological_Process_2023,Cellular Response To Lipopolysaccharide (GO:0071222),16/124,0.8450350976069743,0.9999962554776264,0,0,0.787831696922606,0.1326528296971648,CXCL9;CXCL8;CD80;IL36G;CXCL1;TNF;PPM1E;CXCL5;CXCL10;IL1A;CXCL11;NLRP7;TNIP3;ANKRD1;IL36RN;BPI,Basal,Activated
GO_Biological_Process_2023,Neuron Projection Guidance (GO:0097485),16/124,0.8450350976069743,0.9999962554776264,0,0,0.787831696922606,0.1326528296971648,SEMA5B;DRAXIN;EPHA7;CNTN5;EPHA8;LRTM2;L1CAM;EFNA4;IGSF9;EFNA3;EFNA2;DPYSL5;TUBB3;PLEKHG4B;OTX2;EPHB3,Basal,Activated
GO_Biological_Process_2023,Neural Crest Cell Development (GO:0014032),5/44,0.8463459357903724,0.9999962554776264,0,0,0.6822039748869018,0.1138101076022119,SEMA5B;CDH2;GDNF;NRTN;SOX8,Basal,Activated
GO_Biological_Process_2023,Positive Regulation Of Osteoblast Differentiation (GO:0045669),5/44,0.8463459357903724,0.9999962554776264,0,0,0.6822039748869018,0.1138101076022119,FBN2;CCNA2;SCUBE3;SOX11;FBXO5,Basal,Activated
GO_Biological_Process_2023,Late Endosome To Vacuole Transport (GO:0045324),2/20,0.8479280758398641,0.9999962554776264,0,0,0.5914205344585092,0.0975604137796746,CHMP4BP1;BECN2,Basal,Activated
GO_Biological_Process_2023,Lipopolysaccharide-Mediated Signaling Pathway (GO:0031663),2/20,0.8479280758398641,0.9999962554776264,0,0,0.5914205344585092,0.0975604137796746,BPI;TNF,Basal,Activated
GO_Biological_Process_2023,Long-Term Synaptic Potentiation (GO:0060291),2/20,0.8479280758398641,0.9999962554776264,0,0,0.5914205344585092,0.0975604137796746,FOXM1;GRIN2D,Basal,Activated
GO_Biological_Process_2023,Microglial Cell Activation (GO:0001774),2/20,0.8479280758398641,0.9999962554776264,0,0,0.5914205344585092,0.0975604137796746,IFNG;TNF,Basal,Activated
GO_Biological_Process_2023,Negative Regulation Of Cyclin-Dependent Protein Kinase Activity (GO:1904030),2/20,0.8479280758398641,0.9999962554776264,0,0,0.5914205344585092,0.0975604137796746,CDKN2A;PLK1,Basal,Activated
GO_Biological_Process_2023,Negative Regulation Of Microtubule Depolymerization (GO:0007026),2/20,0.8479280758398641,0.9999962554776264,0,0,0.5914205344585092,0.0975604137796746,TPX2;CKAP2,Basal,Activated
GO_Biological_Process_2023,Negative Regulation Of Phosphoprotein Phosphatase Activity (GO:0032515),2/20,0.8479280758398641,0.9999962554776264,0,0,0.5914205344585092,0.0975604137796746,MASTL;TNF,Basal,Activated
GO_Biological_Process_2023,Negative Regulation Of Protein Localization To Cell Periphery (GO:1904376),2/20,0.8479280758398641,0.9999962554776264,0,0,0.5914205344585092,0.0975604137796746,SAPCD2;GBP1,Basal,Activated
GO_Biological_Process_2023,Negative Regulation Of Reproductive Process (GO:2000242),2/20,0.8479280758398641,0.9999962554776264,0,0,0.5914205344585092,0.0975604137796746,PAEP;ZP4,Basal,Activated
GO_Biological_Process_2023,Negative Regulation Of Viral Life Cycle (GO:1903901),2/20,0.8479280758398641,0.9999962554776264,0,0,0.5914205344585092,0.0975604137796746,TRIM15;LY6E,Basal,Activated
GO_Biological_Process_2023,Phosphatidylglycerol Metabolic Process (GO:0046471),2/20,0.8479280758398641,0.9999962554776264,0,0,0.5914205344585092,0.0975604137796746,PLA2G2F;PLA2G4D,Basal,Activated
GO_Biological_Process_2023,Positive Regulation Of Epithelial Cell Differentiation (GO:0030858),2/20,0.8479280758398641,0.9999962554776264,0,0,0.5914205344585092,0.0975604137796746,FOXJ1;SFN,Basal,Activated
GO_Biological_Process_2023,Positive Regulation Of Leukocyte Activation (GO:0002696),2/20,0.8479280758398641,0.9999962554776264,0,0,0.5914205344585092,0.0975604137796746,CLEC4D;CLEC7A,Basal,Activated
GO_Biological_Process_2023,Positive Regulation Of Protein Processing (GO:0010954),2/20,0.8479280758398641,0.9999962554776264,0,0,0.5914205344585092,0.0975604137796746,F12;MELTF,Basal,Activated
GO_Biological_Process_2023,Regulation Of Macrophage Chemotaxis (GO:0010758),2/20,0.8479280758398641,0.9999962554776264,0,0,0.5914205344585092,0.0975604137796746,MDK;CXCL17,Basal,Activated
GO_Biological_Process_2023,Regulation Of Necroptotic Process (GO:0060544),2/20,0.8479280758398641,0.9999962554776264,0,0,0.5914205344585092,0.0975604137796746,FZD9;IGF2BP1,Basal,Activated
GO_Biological_Process_2023,Regulation Of Protein Localization To Cell Periphery (GO:1904375),2/20,0.8479280758398641,0.9999962554776264,0,0,0.5914205344585092,0.0975604137796746,PLK1;GBP1,Basal,Activated
GO_Biological_Process_2023,Aspartate Family Amino Acid Catabolic Process (GO:0009068),1/11,0.8494626080130283,0.9999962554776264,0,0,0.5323631762100601,0.0868557737125333,MAT1A,Basal,Activated
GO_Biological_Process_2023,"Base-Excision Repair, AP Site Formation (GO:0006285)",1/11,0.8494626080130283,0.9999962554776264,0,0,0.5323631762100601,0.0868557737125333,NEIL3,Basal,Activated
GO_Biological_Process_2023,Biogenic Amine Biosynthetic Process (GO:0042401),1/11,0.8494626080130283,0.9999962554776264,0,0,0.5323631762100601,0.0868557737125333,MOXD1,Basal,Activated
GO_Biological_Process_2023,Carbon Dioxide Transport (GO:0015670),1/11,0.8494626080130283,0.9999962554776264,0,0,0.5323631762100601,0.0868557737125333,AQP5,Basal,Activated
GO_Biological_Process_2023,Cellular Response To Nitrogen Levels (GO:0043562),1/11,0.8494626080130283,0.9999962554776264,0,0,0.5323631762100601,0.0868557737125333,BECN2,Basal,Activated
GO_Biological_Process_2023,Cellular Response To Nitrogen Starvation (GO:0006995),1/11,0.8494626080130283,0.9999962554776264,0,0,0.5323631762100601,0.0868557737125333,BECN2,Basal,Activated
GO_Biological_Process_2023,Cellular Response To Superoxide (GO:0071451),1/11,0.8494626080130283,0.9999962554776264,0,0,0.5323631762100601,0.0868557737125333,MT3,Basal,Activated
GO_Biological_Process_2023,Central Nervous System Neuron Axonogenesis (GO:0021955),1/11,0.8494626080130283,0.9999962554776264,0,0,0.5323631762100601,0.0868557737125333,PHOX2B,Basal,Activated
GO_Biological_Process_2023,Glycerol Metabolic Process (GO:0006071),1/11,0.8494626080130283,0.9999962554776264,0,0,0.5323631762100601,0.0868557737125333,TPI1,Basal,Activated
GO_Biological_Process_2023,Heterocycle Biosynthetic Process (GO:0018130),1/11,0.8494626080130283,0.9999962554776264,0,0,0.5323631762100601,0.0868557737125333,PYCR1,Basal,Activated
GO_Biological_Process_2023,Intracellular Copper Ion Homeostasis (GO:0006878),1/11,0.8494626080130283,0.9999962554776264,0,0,0.5323631762100601,0.0868557737125333,SLC30A10,Basal,Activated
GO_Biological_Process_2023,Leukotriene D4 Metabolic Process (GO:1901748),1/11,0.8494626080130283,0.9999962554776264,0,0,0.5323631762100601,0.0868557737125333,GGTLC2,Basal,Activated
GO_Biological_Process_2023,Lysosomal Membrane Organization (GO:0097212),1/11,0.8494626080130283,0.9999962554776264,0,0,0.5323631762100601,0.0868557737125333,LAPTM4B,Basal,Activated
GO_Biological_Process_2023,Macrophage Activation Involved In Immune Response (GO:0002281),1/11,0.8494626080130283,0.9999962554776264,0,0,0.5323631762100601,0.0868557737125333,IFNG,Basal,Activated
GO_Biological_Process_2023,Magnesium Ion Transport (GO:0015693),1/11,0.8494626080130283,0.9999962554776264,0,0,0.5323631762100601,0.0868557737125333,NIPAL4,Basal,Activated
GO_Biological_Process_2023,Maintenance Of Protein Localization In Endoplasmic Reticulum (GO:0035437),1/11,0.8494626080130283,0.9999962554776264,0,0,0.5323631762100601,0.0868557737125333,PDIA2,Basal,Activated
GO_Biological_Process_2023,Mitochondrial Genome Maintenance (GO:0000002),1/11,0.8494626080130283,0.9999962554776264,0,0,0.5323631762100601,0.0868557737125333,TYMP,Basal,Activated
GO_Biological_Process_2023,Negative Regulation Of Amyloid Fibril Formation (GO:1905907),1/11,0.8494626080130283,0.9999962554776264,0,0,0.5323631762100601,0.0868557737125333,PFDN2,Basal,Activated
GO_Biological_Process_2023,Negative Regulation Of Bone Remodeling (GO:0046851),1/11,0.8494626080130283,0.9999962554776264,0,0,0.5323631762100601,0.0868557737125333,UBASH3B,Basal,Activated
GO_Biological_Process_2023,Negative Regulation Of calcineurin-NFAT Signaling Cascade (GO:0070885),1/11,0.8494626080130283,0.9999962554776264,0,0,0.5323631762100601,0.0868557737125333,HOMER3,Basal,Activated
GO_Biological_Process_2023,Negative Regulation Of Calcineurin-Mediated Signaling (GO:0106057),1/11,0.8494626080130283,0.9999962554776264,0,0,0.5323631762100601,0.0868557737125333,HOMER3,Basal,Activated
GO_Biological_Process_2023,Negative Regulation Of Cyclase Activity (GO:0031280),1/11,0.8494626080130283,0.9999962554776264,0,0,0.5323631762100601,0.0868557737125333,GABBR2,Basal,Activated
GO_Biological_Process_2023,Negative Regulation Of Fibrinolysis (GO:0051918),1/11,0.8494626080130283,0.9999962554776264,0,0,0.5323631762100601,0.0868557737125333,PLG,Basal,Activated
GO_Biological_Process_2023,"Negative Regulation Of Nuclear-Transcribed mRNA Catabolic Process, Deadenylation-Dependent Decay (GO:1900152)",1/11,0.8494626080130283,0.9999962554776264,0,0,0.5323631762100601,0.0868557737125333,IGF2BP1,Basal,Activated
GO_Biological_Process_2023,Negative Regulation Of Potassium Ion Transmembrane Transport (GO:1901380),1/11,0.8494626080130283,0.9999962554776264,0,0,0.5323631762100601,0.0868557737125333,KCNH2,Basal,Activated
GO_Biological_Process_2023,Negative Regulation Of Vascular Permeability (GO:0043116),1/11,0.8494626080130283,0.9999962554776264,0,0,0.5323631762100601,0.0868557737125333,SH3GL2,Basal,Activated
GO_Biological_Process_2023,Neurotransmitter Uptake (GO:0001504),1/11,0.8494626080130283,0.9999962554776264,0,0,0.5323631762100601,0.0868557737125333,SLC1A6,Basal,Activated
GO_Biological_Process_2023,Organic Cyclic Compound Catabolic Process (GO:1901361),1/11,0.8494626080130283,0.9999962554776264,0,0,0.5323631762100601,0.0868557737125333,CYP2F1,Basal,Activated
GO_Biological_Process_2023,Phospholipid Efflux (GO:0033700),1/11,0.8494626080130283,0.9999962554776264,0,0,0.5323631762100601,0.0868557737125333,APOA2,Basal,Activated
GO_Biological_Process_2023,Positive Regulation Of Circadian Rhythm (GO:0042753),1/11,0.8494626080130283,0.9999962554776264,0,0,0.5323631762100601,0.0868557737125333,NKX2-1,Basal,Activated
GO_Biological_Process_2023,Positive Regulation Of Coagulation (GO:0050820),1/11,0.8494626080130283,0.9999962554776264,0,0,0.5323631762100601,0.0868557737125333,F12,Basal,Activated
GO_Biological_Process_2023,Positive Regulation Of Hemostasis (GO:1900048),1/11,0.8494626080130283,0.9999962554776264,0,0,0.5323631762100601,0.0868557737125333,F12,Basal,Activated
GO_Biological_Process_2023,Positive Regulation Of Keratinocyte Proliferation (GO:0010838),1/11,0.8494626080130283,0.9999962554776264,0,0,0.5323631762100601,0.0868557737125333,MDK,Basal,Activated
GO_Biological_Process_2023,Positive Regulation Of Muscle Contraction (GO:0045933),1/11,0.8494626080130283,0.9999962554776264,0,0,0.5323631762100601,0.0868557737125333,NMU,Basal,Activated
GO_Biological_Process_2023,Positive Regulation Of Protein Maturation (GO:1903319),1/11,0.8494626080130283,0.9999962554776264,0,0,0.5323631762100601,0.0868557737125333,TFR2,Basal,Activated
GO_Biological_Process_2023,Regulation Of T Cell Apoptotic Process (GO:0070232),1/11,0.8494626080130283,0.9999962554776264,0,0,0.5323631762100601,0.0868557737125333,IDO1,Basal,Activated
GO_Biological_Process_2023,Regulation Of T Cell Mediated Immunity (GO:0002709),1/11,0.8494626080130283,0.9999962554776264,0,0,0.5323631762100601,0.0868557737125333,CD80,Basal,Activated
GO_Biological_Process_2023,Regulation Of Actin Filament Depolymerization (GO:0030834),1/11,0.8494626080130283,0.9999962554776264,0,0,0.5323631762100601,0.0868557737125333,VIL1,Basal,Activated
GO_Biological_Process_2023,Regulation Of Alcohol Biosynthetic Process (GO:1902930),1/11,0.8494626080130283,0.9999962554776264,0,0,0.5323631762100601,0.0868557737125333,SH2D2A,Basal,Activated
GO_Biological_Process_2023,Regulation Of Astrocyte Differentiation (GO:0048710),1/11,0.8494626080130283,0.9999962554776264,0,0,0.5323631762100601,0.0868557737125333,SERPINE2,Basal,Activated
GO_Biological_Process_2023,Regulation Of Cell Activation (GO:0050865),1/11,0.8494626080130283,0.9999962554776264,0,0,0.5323631762100601,0.0868557737125333,LILRP2,Basal,Activated
GO_Biological_Process_2023,Regulation Of Cilium Movement (GO:0003352),1/11,0.8494626080130283,0.9999962554776264,0,0,0.5323631762100601,0.0868557737125333,DNAH11,Basal,Activated
GO_Biological_Process_2023,Regulation Of Homotypic Cell-Cell Adhesion (GO:0034110),1/11,0.8494626080130283,0.9999962554776264,0,0,0.5323631762100601,0.0868557737125333,PLAUR,Basal,Activated
GO_Biological_Process_2023,Regulation Of Keratinocyte Migration (GO:0051547),1/11,0.8494626080130283,0.9999962554776264,0,0,0.5323631762100601,0.0868557737125333,MMP9,Basal,Activated
GO_Biological_Process_2023,Regulation Of Leukocyte Cell-Cell Adhesion (GO:1903037),1/11,0.8494626080130283,0.9999962554776264,0,0,0.5323631762100601,0.0868557737125333,MDK,Basal,Activated
GO_Biological_Process_2023,Regulation Of Monocyte Chemotactic Protein-1 Production (GO:0071637),1/11,0.8494626080130283,0.9999962554776264,0,0,0.5323631762100601,0.0868557737125333,CLEC7A,Basal,Activated
GO_Biological_Process_2023,Regulation Of Phospholipase C Activity (GO:1900274),1/11,0.8494626080130283,0.9999962554776264,0,0,0.5323631762100601,0.0868557737125333,RASGRP1,Basal,Activated
GO_Biological_Process_2023,Regulation Of Type II Interferon-Mediated Signaling Pathway (GO:0060334),1/11,0.8494626080130283,0.9999962554776264,0,0,0.5323631762100601,0.0868557737125333,OTOP1,Basal,Activated
GO_Biological_Process_2023,Regulation Of Ventricular Cardiac Muscle Cell Action Potential (GO:0098911),1/11,0.8494626080130283,0.9999962554776264,0,0,0.5323631762100601,0.0868557737125333,DSC2,Basal,Activated
GO_Biological_Process_2023,sno(s)RNA 3'-End Processing (GO:0031126),1/11,0.8494626080130283,0.9999962554776264,0,0,0.5323631762100601,0.0868557737125333,EXOSC4,Basal,Activated
GO_Biological_Process_2023,Vitamin D Metabolic Process (GO:0042359),1/11,0.8494626080130283,0.9999962554776264,0,0,0.5323631762100601,0.0868557737125333,UGT1A6,Basal,Activated
GO_Biological_Process_2023,Cellular Response To Ionizing Radiation (GO:0071479),6/52,0.851294646025479,0.9999962554776264,0,0,0.6939990081005125,0.1117317411561655,RAD51AP1;DEPDC1B;BLM;RAD51;BRCA2;ECT2,Basal,Activated
GO_Biological_Process_2023,Nervous System Development (GO:0007399),61/433,0.8558564905354347,0.9999962554776264,0,0,0.8707094138900736,0.1355281563748689,TRIM71;CHRM3;SH3GL3;SLC2A1;PCSK9;MSI1;CXCL1;NR2E1;FGF5;DMBX1;CDH2;ZIC2;DPYSL5;MDK;ZIC3;DNER;ZIC1;SOX8;NRTN;CHAC1;LINC01587;MNX1;SH3GL2;ACTL6B;APLP1;SOX14;SOX11;PAX6;GFRA3;POU3F2;TAGLN3;DLX5;DLX6;PRDM12;WDR62;VXN;KLK6;UGT8;GBX2;IGF2BP1;IGF2BP3;IGF2BP2;ECT2;MARCKSL1;STIL;MOG;FZD9;ZIC4;ZIC5;L1CAM;VAX1;POU4F1;VAX2;PHOX2B;GDNF;ARTN;FABP7;MELTF;MDGA2;SCRG1;APBA2,Basal,Activated
GO_Biological_Process_2023,RNA Stabilization (GO:0043489),4/37,0.8579582322304898,0.9999962554776264,0,0,0.6450189034102903,0.0988168063855603,GDNF;E2F1;MEIOC;TENT5D,Basal,Activated
GO_Biological_Process_2023,Calcium Ion Import Across Plasma Membrane (GO:0098703),4/37,0.8579582322304898,0.9999962554776264,0,0,0.6450189034102903,0.0988168063855603,CACNA1B;TRPV3;CACNA1E;SCN1A,Basal,Activated
GO_Biological_Process_2023,Positive Regulation Of Receptor Signaling Pathway Via JAK-STAT (GO:0046427),4/37,0.8579582322304898,0.9999962554776264,0,0,0.6450189034102903,0.0988168063855603,GH2;IFNL1;CSH2;TNF,Basal,Activated
GO_Biological_Process_2023,Positive Regulation Of Receptor Signaling Pathway Via STAT (GO:1904894),4/37,0.8579582322304898,0.9999962554776264,0,0,0.6450189034102903,0.0988168063855603,GH2;IFNL1;CSH2;TNF,Basal,Activated
GO_Biological_Process_2023,Defense Response To Gram-negative Bacterium (GO:0050829),9/75,0.8581635893918313,0.9999962554776264,0,0,0.725369777700891,0.1109529485745698,H2BC12;IGHM;NLRP10;PRB3;H2BC11;DEFB126;BPI;DEFB4A;TREM1,Basal,Activated
GO_Biological_Process_2023,Regulation Of BMP Signaling Pathway (GO:0030510),9/75,0.8581635893918313,0.9999962554776264,0,0,0.725369777700891,0.1109529485745698,CCNA2;FSTL5;SCUBE3;FOXD1;TBX20;SOX11;CHRDL2;GDF5;DAND5,Basal,Activated
GO_Biological_Process_2023,Cardiac Muscle Cell Action Potential (GO:0086001),3/29,0.8589814177961793,0.9999962554776264,0,0,0.6140696909927679,0.0933434992018125,HCN4;KCNH2;SCN1A,Basal,Activated
GO_Biological_Process_2023,mRNA Splice Site Recognition (GO:0006376),3/29,0.8589814177961793,0.9999962554776264,0,0,0.6140696909927679,0.0933434992018125,NR5A1;CELF4;SRSF12,Basal,Activated
GO_Biological_Process_2023,Positive Regulation Of Endopeptidase Activity (GO:0010950),3/29,0.8589814177961793,0.9999962554776264,0,0,0.6140696909927679,0.0933434992018125,SERPINB3;EFNA3;AIM2,Basal,Activated
GO_Biological_Process_2023,Protein K11-linked Ubiquitination (GO:0070979),3/29,0.8589814177961793,0.9999962554776264,0,0,0.6140696909927679,0.0933434992018125,UBE2C;UBE2S;UBE2T,Basal,Activated
GO_Biological_Process_2023,Protein Acetylation (GO:0006473),3/29,0.8589814177961793,0.9999962554776264,0,0,0.6140696909927679,0.0933434992018125,DSCC1;NAA11;ESCO2,Basal,Activated
GO_Biological_Process_2023,Regulation Of Establishment Of Planar Polarity (GO:0090175),3/29,0.8589814177961793,0.9999962554776264,0,0,0.6140696909927679,0.0933434992018125,VANGL2;SAPCD2;CELSR3,Basal,Activated
GO_Biological_Process_2023,Regulation Of Striated Muscle Contraction (GO:0006942),3/29,0.8589814177961793,0.9999962554776264,0,0,0.6140696909927679,0.0933434992018125,HCN4;MYBPH;NKX2-5,Basal,Activated
GO_Biological_Process_2023,Epidermal Growth Factor Receptor Signaling Pathway (GO:0007173),5/45,0.8600808704580708,0.9999962554776264,0,0,0.6651092809629395,0.1002511628564435,VIL1;SLC30A10;FAM83C;FAM83B;FAM83A,Basal,Activated
GO_Biological_Process_2023,Natural Killer Cell Activation (GO:0030101),5/45,0.8600808704580708,0.9999962554776264,0,0,0.6651092809629395,0.1002511628564435,IFNB1;IL21R;ULBP2;RASGRP1;ULBP1,Basal,Activated
GO_Biological_Process_2023,Gonad Development (GO:0008406),6/53,0.8637573788805069,0.9999962554776264,0,0,0.6791926219561524,0.0994768342418786,NR5A1;SRD5A2;WT1;ZFP42;SOX8;TEX19,Basal,Activated
GO_Biological_Process_2023,Negative Regulation Of Cysteine-Type Endopeptidase Activity (GO:2000117),6/53,0.8637573788805069,0.9999962554776264,0,0,0.6791926219561524,0.0994768342418786,LAMP3;CARD18;SFN;TNF;MT3;MAGEA3,Basal,Activated
GO_Biological_Process_2023,Protein Homotetramerization (GO:0051289),6/53,0.8637573788805069,0.9999962554776264,0,0,0.6791926219561524,0.0994768342418786,GBP5;TDO2;TRPA1;AQP5;TK1;MAT1A,Basal,Activated
GO_Biological_Process_2023,Spermatid Development (GO:0007286),6/53,0.8637573788805069,0.9999962554776264,0,0,0.6791926219561524,0.0994768342418786,SPATA16;FAM9A;MEIOC;CCDC63;SPANXB1;SOX30,Basal,Activated
GO_Biological_Process_2023,Regulation Of Cell Division (GO:0051302),10/83,0.8646474641608042,0.9999962554776264,0,0,0.7286089284472568,0.1059640817543799,BLM;KIF18B;PRC1;PLK1;SFN;KIF20A;FSD1;POU5F1;AURKB;AURKA,Basal,Activated
GO_Biological_Process_2023,Endocardial Cushion Morphogenesis (GO:0003203),2/21,0.866932472816724,0.9999962554776264,0,0,0.5602598267821453,0.0800018488604929,TBX20;GATA5,Basal,Activated
GO_Biological_Process_2023,Innate Immune Response In Mucosa (GO:0002227),2/21,0.866932472816724,0.9999962554776264,0,0,0.5602598267821453,0.0800018488604929,H2BC12;H2BC11,Basal,Activated
GO_Biological_Process_2023,Modulation By Symbiont Of Entry Into Host (GO:0052372),2/21,0.866932472816724,0.9999962554776264,0,0,0.5602598267821453,0.0800018488604929,CXCL8;HS3ST6,Basal,Activated
GO_Biological_Process_2023,Negative Regulation Of Interleukin-2 Production (GO:0032703),2/21,0.866932472816724,0.9999962554776264,0,0,0.5602598267821453,0.0800018488604929,HOMER3;GBP1,Basal,Activated
GO_Biological_Process_2023,Outer Dynein Arm Assembly (GO:0036158),2/21,0.866932472816724,0.9999962554776264,0,0,0.5602598267821453,0.0800018488604929,DNAH17;CCDC63,Basal,Activated
GO_Biological_Process_2023,Positive Regulation Of Blood Coagulation (GO:0030194),2/21,0.866932472816724,0.9999962554776264,0,0,0.5602598267821453,0.0800018488604929,F12;PLG,Basal,Activated
GO_Biological_Process_2023,Positive Regulation Of Interferon-Alpha Production (GO:0032727),2/21,0.866932472816724,0.9999962554776264,0,0,0.5602598267821453,0.0800018488604929,IFIH1;RIPK2,Basal,Activated
GO_Biological_Process_2023,Positive Regulation Of Natural Killer Cell Mediated Cytotoxicity (GO:0045954),2/21,0.866932472816724,0.9999962554776264,0,0,0.5602598267821453,0.0800018488604929,IL21;RASGRP1,Basal,Activated
GO_Biological_Process_2023,Regulation Of Membrane Protein Ectodomain Proteolysis (GO:0051043),2/21,0.866932472816724,0.9999962554776264,0,0,0.5602598267821453,0.0800018488604929,IFNG;TNF,Basal,Activated
GO_Biological_Process_2023,Regulation Of Steroid Metabolic Process (GO:0019218),2/21,0.866932472816724,0.9999962554776264,0,0,0.5602598267821453,0.0800018488604929,NR5A1;UGT1A10,Basal,Activated
GO_Biological_Process_2023,Positive Regulation Of Interleukin-6 Production (GO:0032755),9/76,0.8683940402179602,0.9999962554776264,0,0,0.7145007597597172,0.1008229906797741,IFIH1;IL1A;IFNG;NLRP10;CLEC7A;MMP8;TNF;LILRP2;INAVA,Basal,Activated
GO_Biological_Process_2023,Amino Acid Catabolic Process (GO:0009063),4/38,0.8719211287545265,0.9999962554776264,0,0,0.6260105055321685,0.0857986885572203,IL4I1;UROC1;CBS;IDO1,Basal,Activated
GO_Biological_Process_2023,Fatty Acid Transport (GO:0015908),4/38,0.8719211287545265,0.9999962554776264,0,0,0.6260105055321685,0.0857986885572203,CRABP2;FABP6;FABP7;CRABP1,Basal,Activated
GO_Biological_Process_2023,Import Into Cell (GO:0098657),4/38,0.8719211287545265,0.9999962554776264,0,0,0.6260105055321685,0.0857986885572203,SLC7A5;SLC1A6;SLC38A5;SLC18A3,Basal,Activated
GO_Biological_Process_2023,Lymphocyte Proliferation (GO:0046651),4/38,0.8719211287545265,0.9999962554776264,0,0,0.6260105055321685,0.0857986885572203,HELLS;IFNB1;CTPS1;RASGRP1,Basal,Activated
GO_Biological_Process_2023,Positive Regulation Of Bone Mineralization (GO:0030501),4/38,0.8719211287545265,0.9999962554776264,0,0,0.6260105055321685,0.0857986885572203,FBN2;CCNA2;FZD9;ISG15,Basal,Activated
GO_Biological_Process_2023,Positive Regulation Of Protein Tyrosine Kinase Activity (GO:0061098),4/38,0.8719211287545265,0.9999962554776264,0,0,0.6260105055321685,0.0857986885572203,DOCK3;LRP8;LILRP2;AGT,Basal,Activated
GO_Biological_Process_2023,Tumor Necrosis Factor-Mediated Signaling Pathway (GO:0033209),4/38,0.8719211287545265,0.9999962554776264,0,0,0.6260105055321685,0.0857986885572203,AIM2;PYDC1;TNF;ST18,Basal,Activated
GO_Biological_Process_2023,B Cell Receptor Signaling Pathway (GO:0050853),5/46,0.8727708517907233,0.9999962554776264,0,0,0.6488484745474632,0.0882967546336064,IGHG3;IGHM;IGHG4;IGHG1;IGHG2,Basal,Activated
GO_Biological_Process_2023,Antiviral Innate Immune Response (GO:0140374),5/46,0.8727708517907233,0.9999962554776264,0,0,0.6488484745474632,0.0882967546336064,IFIH1;CXCL10;MX1;IGF2BP1;TNF,Basal,Activated
GO_Biological_Process_2023,Myofibril Assembly (GO:0030239),5/46,0.8727708517907233,0.9999962554776264,0,0,0.6488484745474632,0.0882967546336064,ACTN2;TNNT1;ANKRD1;MYH6;MYH7,Basal,Activated
GO_Biological_Process_2023,Regulation Of Epidermal Growth Factor Receptor Signaling Pathway (GO:0042058),5/46,0.8727708517907233,0.9999962554776264,0,0,0.6488484745474632,0.0882967546336064,RHBDF2;PLAUR;MMP9;FAM83B;AGT,Basal,Activated
GO_Biological_Process_2023,Regulation Of Interleukin-10 Production (GO:0032653),5/46,0.8727708517907233,0.9999962554776264,0,0,0.6488484745474632,0.0882967546336064,CLEC7A;ISG15;MMP8;LILRP2;INAVA,Basal,Activated
GO_Biological_Process_2023,Regulation Of Nervous System Development (GO:0051960),5/46,0.8727708517907233,0.9999962554776264,0,0,0.6488484745474632,0.0882967546336064,HES6;GBX2;HELT;KIF14;TYMP,Basal,Activated
GO_Biological_Process_2023,Regulation Of Heart Contraction (GO:0008016),8/69,0.8730462890122341,0.9999962554776264,0,0,0.6976101125814734,0.0947122240052076,HCN4;TH;S100A1;ATP2B3;ATP2B2;NKX2-5;MYH6;AGT,Basal,Activated
GO_Biological_Process_2023,Response To Molecule Of Bacterial Origin (GO:0002237),8/69,0.8730462890122341,0.9999962554776264,0,0,0.6976101125814734,0.0947122240052076,CXCL8;SLPI;S100A14;CD24;S100A9;S100A8;INAVA;S100A7,Basal,Activated
GO_Biological_Process_2023,Adipose Tissue Development (GO:0060612),1/12,0.8732754190083079,0.9999962554776264,0,0,0.4839377642288113,0.065575641794184,SOX8,Basal,Activated
GO_Biological_Process_2023,Axonal Fasciculation (GO:0007413),1/12,0.8732754190083079,0.9999962554776264,0,0,0.4839377642288113,0.065575641794184,EPHB3,Basal,Activated
GO_Biological_Process_2023,"Base-Excision Repair, Gap-Filling (GO:0006287)",1/12,0.8732754190083079,0.9999962554776264,0,0,0.4839377642288113,0.065575641794184,FEN1,Basal,Activated
GO_Biological_Process_2023,Cell Projection Assembly (GO:0030031),1/12,0.8732754190083079,0.9999962554776264,0,0,0.4839377642288113,0.065575641794184,RAC3,Basal,Activated
GO_Biological_Process_2023,Cell-Cell Junction Maintenance (GO:0045217),1/12,0.8732754190083079,0.9999962554776264,0,0,0.4839377642288113,0.065575641794184,INAVA,Basal,Activated
GO_Biological_Process_2023,Dendrite Self-Avoidance (GO:0070593),1/12,0.8732754190083079,0.9999962554776264,0,0,0.4839377642288113,0.065575641794184,IGSF9,Basal,Activated
GO_Biological_Process_2023,Eye Photoreceptor Cell Differentiation (GO:0001754),1/12,0.8732754190083079,0.9999962554776264,0,0,0.4839377642288113,0.065575641794184,TH,Basal,Activated
GO_Biological_Process_2023,Fatty Acid Elongation (GO:0030497),1/12,0.8732754190083079,0.9999962554776264,0,0,0.4839377642288113,0.065575641794184,ELOVL4,Basal,Activated
GO_Biological_Process_2023,Fatty Acid Transmembrane Transport (GO:1902001),1/12,0.8732754190083079,0.9999962554776264,0,0,0.4839377642288113,0.065575641794184,SLC2A1,Basal,Activated
GO_Biological_Process_2023,Folic Acid Metabolic Process (GO:0046655),1/12,0.8732754190083079,0.9999962554776264,0,0,0.4839377642288113,0.065575641794184,MTHFD2,Basal,Activated
GO_Biological_Process_2023,Granulocyte Activation (GO:0036230),1/12,0.8732754190083079,0.9999962554776264,0,0,0.4839377642288113,0.065575641794184,CXCL8,Basal,Activated
GO_Biological_Process_2023,Histone H4-K16 Acetylation (GO:0043984),1/12,0.8732754190083079,0.9999962554776264,0,0,0.4839377642288113,0.065575641794184,MSL3P1,Basal,Activated
GO_Biological_Process_2023,Ionotropic Glutamate Receptor Signaling Pathway (GO:0035235),1/12,0.8732754190083079,0.9999962554776264,0,0,0.4839377642288113,0.065575641794184,GRIN2D,Basal,Activated
GO_Biological_Process_2023,Lipid Droplet Formation (GO:0140042),1/12,0.8732754190083079,0.9999962554776264,0,0,0.4839377642288113,0.065575641794184,SQLE,Basal,Activated
GO_Biological_Process_2023,Mitochondrial Transcription (GO:0006390),1/12,0.8732754190083079,0.9999962554776264,0,0,0.4839377642288113,0.065575641794184,MRPL12,Basal,Activated
GO_Biological_Process_2023,Morphogenesis Of A Polarized Epithelium (GO:0001738),1/12,0.8732754190083079,0.9999962554776264,0,0,0.4839377642288113,0.065575641794184,VANGL2,Basal,Activated
GO_Biological_Process_2023,Multicellular Organismal-Level Iron Ion Homeostasis (GO:0060586),1/12,0.8732754190083079,0.9999962554776264,0,0,0.4839377642288113,0.065575641794184,TFR2,Basal,Activated
GO_Biological_Process_2023,Negative Regulation By Host Of Viral Transcription (GO:0043922),1/12,0.8732754190083079,0.9999962554776264,0,0,0.4839377642288113,0.065575641794184,HMGA2,Basal,Activated
GO_Biological_Process_2023,Negative Regulation Of JUN Kinase Activity (GO:0043508),1/12,0.8732754190083079,0.9999962554776264,0,0,0.4839377642288113,0.065575641794184,SERPINB3,Basal,Activated
GO_Biological_Process_2023,Negative Regulation Of Alcohol Biosynthetic Process (GO:1902931),1/12,0.8732754190083079,0.9999962554776264,0,0,0.4839377642288113,0.065575641794184,SH2D2A,Basal,Activated
GO_Biological_Process_2023,Negative Regulation Of Cell Cycle Phase Transition (GO:1901988),1/12,0.8732754190083079,0.9999962554776264,0,0,0.4839377642288113,0.065575641794184,SOX2,Basal,Activated
GO_Biological_Process_2023,Negative Regulation Of Complement Activation (GO:0045916),1/12,0.8732754190083079,0.9999962554776264,0,0,0.4839377642288113,0.065575641794184,CR1L,Basal,Activated
GO_Biological_Process_2023,Negative Regulation Of Hippo Signaling (GO:0035331),1/12,0.8732754190083079,0.9999962554776264,0,0,0.4839377642288113,0.065575641794184,CIT,Basal,Activated
GO_Biological_Process_2023,Negative Regulation Of Potassium Ion Transport (GO:0043267),1/12,0.8732754190083079,0.9999962554776264,0,0,0.4839377642288113,0.065575641794184,KCNH2,Basal,Activated
GO_Biological_Process_2023,Phosphate Ion Homeostasis (GO:0055062),1/12,0.8732754190083079,0.9999962554776264,0,0,0.4839377642288113,0.065575641794184,SLC17A6,Basal,Activated
GO_Biological_Process_2023,Phosphatidylcholine Acyl-Chain Remodeling (GO:0036151),1/12,0.8732754190083079,0.9999962554776264,0,0,0.4839377642288113,0.065575641794184,PLA2G2F,Basal,Activated
GO_Biological_Process_2023,Phospholipid Homeostasis (GO:0055091),1/12,0.8732754190083079,0.9999962554776264,0,0,0.4839377642288113,0.065575641794184,TLCD1,Basal,Activated
GO_Biological_Process_2023,Polysaccharide Biosynthetic Process (GO:0000271),1/12,0.8732754190083079,0.9999962554776264,0,0,0.4839377642288113,0.065575641794184,NDST3,Basal,Activated
GO_Biological_Process_2023,Positive Regulation Of T Cell Chemotaxis (GO:0010820),1/12,0.8732754190083079,0.9999962554776264,0,0,0.4839377642288113,0.065575641794184,S100A7,Basal,Activated
GO_Biological_Process_2023,Positive Regulation Of T-helper 1 Type Immune Response (GO:0002827),1/12,0.8732754190083079,0.9999962554776264,0,0,0.4839377642288113,0.065575641794184,NLRP10,Basal,Activated
GO_Biological_Process_2023,Positive Regulation Of T-helper Cell Differentiation (GO:0045624),1/12,0.8732754190083079,0.9999962554776264,0,0,0.4839377642288113,0.065575641794184,CD80,Basal,Activated
GO_Biological_Process_2023,Positive Regulation Of Cellular Extravasation (GO:0002693),1/12,0.8732754190083079,0.9999962554776264,0,0,0.4839377642288113,0.065575641794184,MDK,Basal,Activated
GO_Biological_Process_2023,Positive Regulation Of Insulin Receptor Signaling Pathway (GO:0046628),1/12,0.8732754190083079,0.9999962554776264,0,0,0.4839377642288113,0.065575641794184,ERFE,Basal,Activated
GO_Biological_Process_2023,Positive Regulation Of Neuron Migration (GO:2001224),1/12,0.8732754190083079,0.9999962554776264,0,0,0.4839377642288113,0.065575641794184,MDK,Basal,Activated
GO_Biological_Process_2023,Positive Regulation Of Protein Localization To Cell Surface (GO:2000010),1/12,0.8732754190083079,0.9999962554776264,0,0,0.4839377642288113,0.065575641794184,TNF,Basal,Activated
GO_Biological_Process_2023,Positive Regulation Of Reactive Oxygen Species Biosynthetic Process (GO:1903428),1/12,0.8732754190083079,0.9999962554776264,0,0,0.4839377642288113,0.065575641794184,MMP8,Basal,Activated
GO_Biological_Process_2023,Positive Regulation Of Regulated Secretory Pathway (GO:1903307),1/12,0.8732754190083079,0.9999962554776264,0,0,0.4839377642288113,0.065575641794184,UNC13D,Basal,Activated
GO_Biological_Process_2023,Positive Regulation Of Sodium Ion Transport (GO:0010765),1/12,0.8732754190083079,0.9999962554776264,0,0,0.4839377642288113,0.065575641794184,NKX2-5,Basal,Activated
GO_Biological_Process_2023,Positive Regulation Of Vascular Endothelial Cell Proliferation (GO:1905564),1/12,0.8732754190083079,0.9999962554776264,0,0,0.4839377642288113,0.065575641794184,MDK,Basal,Activated
GO_Biological_Process_2023,Positive Regulation Of Vasoconstriction (GO:0045907),1/12,0.8732754190083079,0.9999962554776264,0,0,0.4839377642288113,0.065575641794184,AVPR1B,Basal,Activated
GO_Biological_Process_2023,pre-miRNA Processing (GO:0031054),1/12,0.8732754190083079,0.9999962554776264,0,0,0.4839377642288113,0.065575641794184,LIN28B,Basal,Activated
GO_Biological_Process_2023,Quinone Biosynthetic Process (GO:1901663),1/12,0.8732754190083079,0.9999962554776264,0,0,0.4839377642288113,0.065575641794184,PDSS1,Basal,Activated
GO_Biological_Process_2023,Regulation Of T Cell Differentiation In Thymus (GO:0033081),1/12,0.8732754190083079,0.9999962554776264,0,0,0.4839377642288113,0.065575641794184,FOXJ1,Basal,Activated
GO_Biological_Process_2023,Regulation Of Acrosome Reaction (GO:0060046),1/12,0.8732754190083079,0.9999962554776264,0,0,0.4839377642288113,0.065575641794184,ZP4,Basal,Activated
GO_Biological_Process_2023,Regulation Of Actin Filament Organization (GO:0110053),1/12,0.8732754190083079,0.9999962554776264,0,0,0.4839377642288113,0.065575641794184,VIL1,Basal,Activated
GO_Biological_Process_2023,Regulation Of Chemokine (C-X-C Motif) Ligand 2 Production (GO:2000341),1/12,0.8732754190083079,0.9999962554776264,0,0,0.4839377642288113,0.065575641794184,TNF,Basal,Activated
GO_Biological_Process_2023,Regulation Of Interleukin-5 Production (GO:0032674),1/12,0.8732754190083079,0.9999962554776264,0,0,0.4839377642288113,0.065575641794184,IFNL1,Basal,Activated
GO_Biological_Process_2023,"Regulation Of Retrograde Protein Transport, ER To Cytosol (GO:1904152)",1/12,0.8732754190083079,0.9999962554776264,0,0,0.4839377642288113,0.065575641794184,BRSK2,Basal,Activated
GO_Biological_Process_2023,Response To Interleukin-6 (GO:0070741),1/12,0.8732754190083079,0.9999962554776264,0,0,0.4839377642288113,0.065575641794184,FOXA2,Basal,Activated
GO_Biological_Process_2023,Response To Iron Ion (GO:0010039),1/12,0.8732754190083079,0.9999962554776264,0,0,0.4839377642288113,0.065575641794184,TFR2,Basal,Activated
GO_Biological_Process_2023,Spinal Cord Development (GO:0021510),1/12,0.8732754190083079,0.9999962554776264,0,0,0.4839377642288113,0.065575641794184,SOX11,Basal,Activated
GO_Biological_Process_2023,Synaptic Membrane Adhesion (GO:0099560),1/12,0.8732754190083079,0.9999962554776264,0,0,0.4839377642288113,0.065575641794184,LRFN4,Basal,Activated
GO_Biological_Process_2023,Very Long-Chain Fatty Acid Biosynthetic Process (GO:0042761),1/12,0.8732754190083079,0.9999962554776264,0,0,0.4839377642288113,0.065575641794184,ELOVL4,Basal,Activated
GO_Biological_Process_2023,Embryonic Skeletal System Morphogenesis (GO:0048704),3/30,0.8743748061866939,0.9999962554776264,0,0,0.5912911962294678,0.0793785697102252,COL2A1;HOXB9;SOX11,Basal,Activated
GO_Biological_Process_2023,Negative Regulation Of Interleukin-1 Production (GO:0032692),3/30,0.8743748061866939,0.9999962554776264,0,0,0.5912911962294678,0.0793785697102252,NLRP7;CARD18;PYDC1,Basal,Activated
GO_Biological_Process_2023,Regulation Of Calcium-Mediated Signaling (GO:0050848),3/30,0.8743748061866939,0.9999962554776264,0,0,0.5912911962294678,0.0793785697102252,CLEC7A;P2RX2;GBP1,Basal,Activated
GO_Biological_Process_2023,Response To Epidermal Growth Factor (GO:0070849),3/30,0.8743748061866939,0.9999962554776264,0,0,0.5912911962294678,0.0793785697102252,VIL1;FOXC1;KNSTRN,Basal,Activated
GO_Biological_Process_2023,Skeletal System Development (GO:0001501),19/149,0.874775855327987,0.9999962554776264,0,0,0.7769451038938789,0.1039456136182097,TEAD4;DLX5;AHSG;DLX6;COL11A2;EN1;COL19A1;HOXA11;PAX1;DLL3;RFLNA;SNORC;COL2A1;EXTL1;EPYC;CHI3L1;NOTUM;PITX1;NKX3-2,Basal,Activated
GO_Biological_Process_2023,Apical Junction Assembly (GO:0043297),6/54,0.8753410649711101,0.9999962554776264,0,0,0.6650031685678074,0.0885396390910035,CLDN6;CLDN10;CHAF1B;CLDN9;CLDN16;ECT2,Basal,Activated
GO_Biological_Process_2023,Negative Regulation Of Kinase Activity (GO:0033673),7/62,0.8788379457383995,0.9999962554776264,0,0,0.6770263650770783,0.087441177943056,MYCNOS;DBNDD1;UBASH3B;CAMK2N2;PYDC1;SFN;PPM1E,Basal,Activated
GO_Biological_Process_2023,Sulfur Compound Biosynthetic Process (GO:0044272),8/70,0.8828277688235503,0.9999962554776264,0,0,0.6863174259005461,0.0855324119434143,GGTLC2;CHST6;EXTL1;B3GNT7;CBS;NDST3;B3GNT4;MAT1A,Basal,Activated
GO_Biological_Process_2023,Response To Interleukin-1 (GO:0070555),10/85,0.8829980541593259,0.9999962554776264,0,0,0.7090947546531303,0.0882342785116544,CCL25;CXCL8;CCL11;CCL7;NLRP7;CCL20;ANKRD1;CHI3L1;CCL1;GBP1,Basal,Activated
GO_Biological_Process_2023,Cellular Response To Interferon-Beta (GO:0035458),2/22,0.8837309392290634,0.9999962554776264,0,0,0.5322151898734178,0.0657831972270804,AIM2;IFNB1,Basal,Activated
GO_Biological_Process_2023,Cytoskeleton-Dependent Intracellular Transport (GO:0030705),2/22,0.8837309392290634,0.9999962554776264,0,0,0.5322151898734178,0.0657831972270804,TUBA1C;KIF1A,Basal,Activated
GO_Biological_Process_2023,Dendritic Cell Differentiation (GO:0097028),2/22,0.8837309392290634,0.9999962554776264,0,0,0.5322151898734178,0.0657831972270804,BATF2;UBD,Basal,Activated
GO_Biological_Process_2023,Negative Regulation Of Cell Communication (GO:0010648),2/22,0.8837309392290634,0.9999962554776264,0,0,0.5322151898734178,0.0657831972270804,UBASH3B;OSM,Basal,Activated
GO_Biological_Process_2023,Oligosaccharide Biosynthetic Process (GO:0009312),2/22,0.8837309392290634,0.9999962554776264,0,0,0.5322151898734178,0.0657831972270804,FUT5;FUT3,Basal,Activated
GO_Biological_Process_2023,Peptidyl-Glutamic Acid Modification (GO:0018200),2/22,0.8837309392290634,0.9999962554776264,0,0,0.5322151898734178,0.0657831972270804,TTLL4;TTLL2,Basal,Activated
GO_Biological_Process_2023,Positive Regulation Of Excitatory Postsynaptic Potential (GO:2000463),2/22,0.8837309392290634,0.9999962554776264,0,0,0.5322151898734178,0.0657831972270804,RIMS2;GRIN2D,Basal,Activated
GO_Biological_Process_2023,"Positive Regulation Of Synaptic Transmission, Glutamatergic (GO:0051968)",2/22,0.8837309392290634,0.9999962554776264,0,0,0.5322151898734178,0.0657831972270804,GRIN2D;CACNG5,Basal,Activated
GO_Biological_Process_2023,Regulation Of Catabolic Process (GO:0009894),2/22,0.8837309392290634,0.9999962554776264,0,0,0.5322151898734178,0.0657831972270804,CHEK2;FAM83D,Basal,Activated
GO_Biological_Process_2023,Regulation Of Dopamine Secretion (GO:0014059),2/22,0.8837309392290634,0.9999962554776264,0,0,0.5322151898734178,0.0657831972270804,GDNF;SYT13,Basal,Activated
GO_Biological_Process_2023,Negative Regulation Of Hydrolase Activity (GO:0051346),5/47,0.8844704555141114,0.9999962554776264,0,0,0.6333619922470096,0.0777554250056388,SERPINB3;CSTB;SERPINB4;APOA2;GNAT1,Basal,Activated
GO_Biological_Process_2023,Protein Monoubiquitination (GO:0006513),5/47,0.8844704555141114,0.9999962554776264,0,0,0.6333619922470096,0.0777554250056388,UHRF1;UBE2T;FANCA;FANCB;TNFSF13B,Basal,Activated
GO_Biological_Process_2023,Regulation Of T Cell Differentiation (GO:0045580),5/47,0.8844704555141114,0.9999962554776264,0,0,0.6333619922470096,0.0777554250056388,IFNL1;ACTL6B;MDK;IFNB1;FANCA,Basal,Activated
GO_Biological_Process_2023,Regulation Of Interleukin-2 Production (GO:0032663),5/47,0.8844704555141114,0.9999962554776264,0,0,0.6333619922470096,0.0777554250056388,IL1A;CLEC7A;CD80;HOMER3;GBP1,Basal,Activated
GO_Biological_Process_2023,Regulation Of Signal Transduction By P53 Class Mediator (GO:1901796),5/47,0.8844704555141114,0.9999962554776264,0,0,0.6333619922470096,0.0777554250056388,BOP1;CHEK2;CHEK1;AURKB;AURKA,Basal,Activated
GO_Biological_Process_2023,Fibroblast Growth Factor Receptor Signaling Pathway (GO:0008543),4/39,0.8846825649955814,0.9999962554776264,0,0,0.6080883018185108,0.0745068595202649,TRIM71;FGF5;SHCBP1;FGF21,Basal,Activated
GO_Biological_Process_2023,Negative Regulation Of Cell-Substrate Adhesion (GO:0010812),4/39,0.8846825649955814,0.9999962554776264,0,0,0.6080883018185108,0.0745068595202649,CDKN2A;PLG;MELTF;GBP1,Basal,Activated
GO_Biological_Process_2023,Regulation Of Nitric Oxide Biosynthetic Process (GO:0045428),4/39,0.8846825649955814,0.9999962554776264,0,0,0.6080883018185108,0.0745068595202649,IFNG;CLEC7A;MMP8;TNF,Basal,Activated
GO_Biological_Process_2023,"Regulation Of Synaptic Transmission, Glutamatergic (GO:0051966)",6/55,0.8860868765345803,0.9999962554776264,0,0,0.6513928765422519,0.0787796358398425,UNC13A;CDH2;GRM8;TNF;CACNG5;GRIN2D,Basal,Activated
GO_Biological_Process_2023,Positive Regulation Of Tumor Necrosis Factor Production (GO:0032760),9/78,0.8870593113189594,0.9999962554776264,0,0,0.6937078558722541,0.0831363299625525,IFIH1;IL1A;ORM1;IFNG;CLEC7A;MMP8;ORM2;LILRP2;RASGRP1,Basal,Activated
GO_Biological_Process_2023,B Cell Proliferation (GO:0042100),3/31,0.8882587477270848,0.9999962554776264,0,0,0.5701397368064035,0.0675571093601379,IFNB1;CTPS1;RASGRP1,Basal,Activated
GO_Biological_Process_2023,Phospholipid Translocation (GO:0045332),3/31,0.8882587477270848,0.9999962554776264,0,0,0.5701397368064035,0.0675571093601379,PLSCR2;PLSCR5;ATP10B,Basal,Activated
GO_Biological_Process_2023,Positive Regulation Of Lamellipodium Organization (GO:1902745),3/31,0.8882587477270848,0.9999962554776264,0,0,0.5701397368064035,0.0675571093601379,VIL1;CARMIL2;FSCN1,Basal,Activated
GO_Biological_Process_2023,Receptor Signaling Pathway Via STAT (GO:0097696),3/31,0.8882587477270848,0.9999962554776264,0,0,0.5701397368064035,0.0675571093601379,IFNG;IFNB1;IL31RA,Basal,Activated
GO_Biological_Process_2023,Regulation Of Macrophage Activation (GO:0043030),3/31,0.8882587477270848,0.9999962554776264,0,0,0.5701397368064035,0.0675571093601379,IL31RA;BPI;MMP8,Basal,Activated
GO_Biological_Process_2023,Response To Estradiol (GO:0032355),3/31,0.8882587477270848,0.9999962554776264,0,0,0.5701397368064035,0.0675571093601379,H2AZ1;MYOD1;POU4F1,Basal,Activated
GO_Biological_Process_2023,Telomere Organization (GO:0032200),7/63,0.8887373102206262,0.9999962554776264,0,0,0.6648969889064976,0.078426977645728,RECQL4;BLM;H4C9;TERT;H3C1;DNA2;EZH2,Basal,Activated
GO_Biological_Process_2023,Positive Regulation Of DNA Metabolic Process (GO:0051054),13/108,0.8901474999342007,0.9999962554776264,0,0,0.7275793484982701,0.084667026183568,H2AX;APOBEC1;GINS1;CDT1;PRIM2;GINS2;PCNA;STPG4;GINS4;DEPDC1B;RAD51;WT1;DNA2,Basal,Activated
GO_Biological_Process_2023,Myeloid Leukocyte Differentiation (GO:0002573),8/71,0.891976124948035,0.9999962554776264,0,0,0.6753832372094896,0.077207051058033,BATF2;IGSF23;EFNA2;IFNG;UBD;IL31RA;MT1G;MMP9,Basal,Activated
GO_Biological_Process_2023,ATP Transport (GO:0015867),1/13,0.8933223443939718,0.9999962554776264,0,0,0.4435832542444374,0.0500396489311277,CALHM3,Basal,Activated
GO_Biological_Process_2023,N-terminal Protein Amino Acid Modification (GO:0031365),1/13,0.8933223443939718,0.9999962554776264,0,0,0.4435832542444374,0.0500396489311277,NAA11,Basal,Activated
GO_Biological_Process_2023,Atrioventricular Valve Development (GO:0003171),1/13,0.8933223443939718,0.9999962554776264,0,0,0.4435832542444374,0.0500396489311277,TBX20,Basal,Activated
GO_Biological_Process_2023,Body Fluid Secretion (GO:0007589),1/13,0.8933223443939718,0.9999962554776264,0,0,0.4435832542444374,0.0500396489311277,CSN3,Basal,Activated
GO_Biological_Process_2023,Cellular Modified Amino Acid Catabolic Process (GO:0042219),1/13,0.8933223443939718,0.9999962554776264,0,0,0.4435832542444374,0.0500396489311277,CBS,Basal,Activated
GO_Biological_Process_2023,Cellular Response To Interleukin-4 (GO:0071353),1/13,0.8933223443939718,0.9999962554776264,0,0,0.4435832542444374,0.0500396489311277,RUFY4,Basal,Activated
GO_Biological_Process_2023,Eye Photoreceptor Cell Development (GO:0042462),1/13,0.8933223443939718,0.9999962554776264,0,0,0.4435832542444374,0.0500396489311277,TH,Basal,Activated
GO_Biological_Process_2023,Glutamine Metabolic Process (GO:0006541),1/13,0.8933223443939718,0.9999962554776264,0,0,0.4435832542444374,0.0500396489311277,LGSN,Basal,Activated
GO_Biological_Process_2023,Heparan Sulfate Proteoglycan Metabolic Process (GO:0030201),1/13,0.8933223443939718,0.9999962554776264,0,0,0.4435832542444374,0.0500396489311277,HS3ST6,Basal,Activated
GO_Biological_Process_2023,Interleukin-6-Mediated Signaling Pathway (GO:0070102),1/13,0.8933223443939718,0.9999962554776264,0,0,0.4435832542444374,0.0500396489311277,ST18,Basal,Activated
GO_Biological_Process_2023,Killing By Host Of Symbiont Cells (GO:0051873),1/13,0.8933223443939718,0.9999962554776264,0,0,0.4435832542444374,0.0500396489311277,GAPDH,Basal,Activated
GO_Biological_Process_2023,Mature B Cell Differentiation Involved In Immune Response (GO:0002313),1/13,0.8933223443939718,0.9999962554776264,0,0,0.4435832542444374,0.0500396489311277,IL21,Basal,Activated
GO_Biological_Process_2023,Membrane Protein Intracellular Domain Proteolysis (GO:0031293),1/13,0.8933223443939718,0.9999962554776264,0,0,0.4435832542444374,0.0500396489311277,MMP7,Basal,Activated
GO_Biological_Process_2023,Mitochondrial Fission (GO:0000266),1/13,0.8933223443939718,0.9999962554776264,0,0,0.4435832542444374,0.0500396489311277,MTFR2,Basal,Activated
GO_Biological_Process_2023,Negative Regulation Of NLRP3 Inflammasome Complex Assembly (GO:1900226),1/13,0.8933223443939718,0.9999962554776264,0,0,0.4435832542444374,0.0500396489311277,PYDC1,Basal,Activated
GO_Biological_Process_2023,Negative Regulation Of Bone Mineralization (GO:0030502),1/13,0.8933223443939718,0.9999962554776264,0,0,0.4435832542444374,0.0500396489311277,RFLNA,Basal,Activated
GO_Biological_Process_2023,Negative Regulation Of Interleukin-12 Production (GO:0032695),1/13,0.8933223443939718,0.9999962554776264,0,0,0.4435832542444374,0.0500396489311277,LILRP2,Basal,Activated
GO_Biological_Process_2023,Negative Regulation Of Lyase Activity (GO:0051350),1/13,0.8933223443939718,0.9999962554776264,0,0,0.4435832542444374,0.0500396489311277,GABBR2,Basal,Activated
GO_Biological_Process_2023,Negative Regulation Of Myoblast Differentiation (GO:0045662),1/13,0.8933223443939718,0.9999962554776264,0,0,0.4435832542444374,0.0500396489311277,SOX8,Basal,Activated
GO_Biological_Process_2023,Negative Regulation Of Neuroinflammatory Response (GO:0150079),1/13,0.8933223443939718,0.9999962554776264,0,0,0.4435832542444374,0.0500396489311277,TAFA3,Basal,Activated
GO_Biological_Process_2023,Negative Regulation Of Receptor Internalization (GO:0002091),1/13,0.8933223443939718,0.9999962554776264,0,0,0.4435832542444374,0.0500396489311277,PCSK9,Basal,Activated
GO_Biological_Process_2023,Negative Regulation Of Secretion (GO:0051048),1/13,0.8933223443939718,0.9999962554776264,0,0,0.4435832542444374,0.0500396489311277,TFF2,Basal,Activated
GO_Biological_Process_2023,Negative Regulation Of Toll-Like Receptor Signaling Pathway (GO:0034122),1/13,0.8933223443939718,0.9999962554776264,0,0,0.4435832542444374,0.0500396489311277,SMPDL3B,Basal,Activated
GO_Biological_Process_2023,Negative Regulation Of Translational Initiation (GO:0045947),1/13,0.8933223443939718,0.9999962554776264,0,0,0.4435832542444374,0.0500396489311277,EIF4EBP1,Basal,Activated
GO_Biological_Process_2023,Neuromuscular Process Controlling Balance (GO:0050885),1/13,0.8933223443939718,0.9999962554776264,0,0,0.4435832542444374,0.0500396489311277,USH1G,Basal,Activated
GO_Biological_Process_2023,Nucleotide-Sugar Metabolic Process (GO:0009225),1/13,0.8933223443939718,0.9999962554776264,0,0,0.4435832542444374,0.0500396489311277,GMDS,Basal,Activated
GO_Biological_Process_2023,Outer Mitochondrial Membrane Organization (GO:0007008),1/13,0.8933223443939718,0.9999962554776264,0,0,0.4435832542444374,0.0500396489311277,TOMM40,Basal,Activated
GO_Biological_Process_2023,Peptidyl-Methionine Modification (GO:0018206),1/13,0.8933223443939718,0.9999962554776264,0,0,0.4435832542444374,0.0500396489311277,APOA2,Basal,Activated
GO_Biological_Process_2023,Positive Regulation Of Cardiac Muscle Cell Proliferation (GO:0060045),1/13,0.8933223443939718,0.9999962554776264,0,0,0.4435832542444374,0.0500396489311277,TBX20,Basal,Activated
GO_Biological_Process_2023,Positive Regulation Of Cellular Response To Insulin Stimulus (GO:1900078),1/13,0.8933223443939718,0.9999962554776264,0,0,0.4435832542444374,0.0500396489311277,ERFE,Basal,Activated
GO_Biological_Process_2023,Positive Regulation Of Insulin Secretion Involved In Cellular Response To Glucose Stimulus (GO:0035774),1/13,0.8933223443939718,0.9999962554776264,0,0,0.4435832542444374,0.0500396489311277,TUNAR,Basal,Activated
GO_Biological_Process_2023,Positive Regulation Of Potassium Ion Transmembrane Transporter Activity (GO:1901018),1/13,0.8933223443939718,0.9999962554776264,0,0,0.4435832542444374,0.0500396489311277,GAL,Basal,Activated
GO_Biological_Process_2023,Positive Regulation Of Protein Deacetylation (GO:0090312),1/13,0.8933223443939718,0.9999962554776264,0,0,0.4435832542444374,0.0500396489311277,IFNG,Basal,Activated
GO_Biological_Process_2023,Positive Regulation Of Superoxide Anion Generation (GO:0032930),1/13,0.8933223443939718,0.9999962554776264,0,0,0.4435832542444374,0.0500396489311277,CLEC7A,Basal,Activated
GO_Biological_Process_2023,Positive Regulation Of Type 2 Immune Response (GO:0002830),1/13,0.8933223443939718,0.9999962554776264,0,0,0.4435832542444374,0.0500396489311277,RSAD2,Basal,Activated
GO_Biological_Process_2023,Protein Insertion Into Mitochondrial Outer Membrane (GO:0045040),1/13,0.8933223443939718,0.9999962554776264,0,0,0.4435832542444374,0.0500396489311277,TOMM40,Basal,Activated
GO_Biological_Process_2023,Protein Localization To Phagophore Assembly Site (GO:0034497),1/13,0.8933223443939718,0.9999962554776264,0,0,0.4435832542444374,0.0500396489311277,ATG9B,Basal,Activated
GO_Biological_Process_2023,Protein Localization To Synapse (GO:0035418),1/13,0.8933223443939718,0.9999962554776264,0,0,0.4435832542444374,0.0500396489311277,NPHS1,Basal,Activated
GO_Biological_Process_2023,Regulation Of ERBB Signaling Pathway (GO:1901184),1/13,0.8933223443939718,0.9999962554776264,0,0,0.4435832542444374,0.0500396489311277,RHBDF2,Basal,Activated
GO_Biological_Process_2023,Regulation Of Cell Projection Organization (GO:0031344),1/13,0.8933223443939718,0.9999962554776264,0,0,0.4435832542444374,0.0500396489311277,ERMN,Basal,Activated
GO_Biological_Process_2023,Regulation Of Flagellated Sperm Motility (GO:1901317),1/13,0.8933223443939718,0.9999962554776264,0,0,0.4435832542444374,0.0500396489311277,RNASE10,Basal,Activated
GO_Biological_Process_2023,Regulation Of Immune Effector Process (GO:0002697),1/13,0.8933223443939718,0.9999962554776264,0,0,0.4435832542444374,0.0500396489311277,CR1L,Basal,Activated
GO_Biological_Process_2023,Regulation Of Macrophage Cytokine Production (GO:0010935),1/13,0.8933223443939718,0.9999962554776264,0,0,0.4435832542444374,0.0500396489311277,HLA-G,Basal,Activated
GO_Biological_Process_2023,Regulation Of Myoblast Fusion (GO:1901739),1/13,0.8933223443939718,0.9999962554776264,0,0,0.4435832542444374,0.0500396489311277,MYOD1,Basal,Activated
GO_Biological_Process_2023,Regulation Of Nitric-Oxide Synthase Biosynthetic Process (GO:0051769),1/13,0.8933223443939718,0.9999962554776264,0,0,0.4435832542444374,0.0500396489311277,IFNG,Basal,Activated
GO_Biological_Process_2023,Regulation Of Oxidoreductase Activity (GO:0051341),1/13,0.8933223443939718,0.9999962554776264,0,0,0.4435832542444374,0.0500396489311277,MT3,Basal,Activated
GO_Biological_Process_2023,Regulation Of Short-Term Neuronal Synaptic Plasticity (GO:0048172),1/13,0.8933223443939718,0.9999962554776264,0,0,0.4435832542444374,0.0500396489311277,SHISA8,Basal,Activated
GO_Biological_Process_2023,Response To Chemokine (GO:1990868),1/13,0.8933223443939718,0.9999962554776264,0,0,0.4435832542444374,0.0500396489311277,FOXC1,Basal,Activated
GO_Biological_Process_2023,Response To Progesterone (GO:0032570),1/13,0.8933223443939718,0.9999962554776264,0,0,0.4435832542444374,0.0500396489311277,ACOD1,Basal,Activated
GO_Biological_Process_2023,Spliceosomal tri-snRNP Complex Assembly (GO:0000244),1/13,0.8933223443939718,0.9999962554776264,0,0,0.4435832542444374,0.0500396489311277,SRSF12,Basal,Activated
GO_Biological_Process_2023,Substrate-Dependent Cell Migration (GO:0006929),1/13,0.8933223443939718,0.9999962554776264,0,0,0.4435832542444374,0.0500396489311277,EPHA8,Basal,Activated
GO_Biological_Process_2023,Suppression Of Viral Release By Host (GO:0044790),1/13,0.8933223443939718,0.9999962554776264,0,0,0.4435832542444374,0.0500396489311277,TRIM15,Basal,Activated
GO_Biological_Process_2023,Thymus Development (GO:0048538),1/13,0.8933223443939718,0.9999962554776264,0,0,0.4435832542444374,0.0500396489311277,EPHB3,Basal,Activated
GO_Biological_Process_2023,Ubiquinone Biosynthetic Process (GO:0006744),1/13,0.8933223443939718,0.9999962554776264,0,0,0.4435832542444374,0.0500396489311277,PDSS1,Basal,Activated
GO_Biological_Process_2023,Regulation Of Intrinsic Apoptotic Signaling Pathway (GO:2001242),5/48,0.8952350600055377,0.9999962554776264,0,0,0.6185958114489027,0.0684593540695957,RTKN2;PLAUR;MMP9;S100A9;S100A8,Basal,Activated
GO_Biological_Process_2023,Negative Regulation Of Secretion By Cell (GO:1903531),4/40,0.8963202351545786,0.9999962554776264,0,0,0.5911617760889452,0.0647071046221265,HRH3;RSAD2;RHBDF2;OSM,Basal,Activated
GO_Biological_Process_2023,Positive Regulation Of Cell Cycle G1/S Phase Transition (GO:1902808),4/40,0.8963202351545786,0.9999962554776264,0,0,0.5911617760889452,0.0647071046221265,STIL;RRM2;FAM83D;EZH2,Basal,Activated
GO_Biological_Process_2023,Protein Localization To Chromosome (GO:0034502),4/40,0.8963202351545786,0.9999962554776264,0,0,0.5911617760889452,0.0647071046221265,PLK1;TONSL;HASPIN;CENPA,Basal,Activated
GO_Biological_Process_2023,Protein Localization To Cilium (GO:0061512),4/40,0.8963202351545786,0.9999962554776264,0,0,0.5911617760889452,0.0647071046221265,ROPN1B;DNAH11;MAPK15;ROPN1,Basal,Activated
GO_Biological_Process_2023,Water-Soluble Vitamin Metabolic Process (GO:0006767),4/40,0.8963202351545786,0.9999962554776264,0,0,0.5911617760889452,0.0647071046221265,FLAD1;MTHFD2;SLC52A2;SLC2A1,Basal,Activated
GO_Biological_Process_2023,Bile Acid And Bile Salt Transport (GO:0015721),2/23,0.8985457177611553,0.9999962554776264,0,0,0.5068414707655214,0.0542207306189444,SLC10A4;SLCO1B3,Basal,Activated
GO_Biological_Process_2023,Cell-Cell Signaling By Wnt (GO:0198738),2/23,0.8985457177611553,0.9999962554776264,0,0,0.5068414707655214,0.0542207306189444,RAC3;CD24,Basal,Activated
GO_Biological_Process_2023,Cytosolic Pattern Recognition Receptor Signaling Pathway (GO:0002753),2/23,0.8985457177611553,0.9999962554776264,0,0,0.5068414707655214,0.0542207306189444,IFIH1;CGAS,Basal,Activated
GO_Biological_Process_2023,Glial Cell Development (GO:0021782),2/23,0.8985457177611553,0.9999962554776264,0,0,0.5068414707655214,0.0542207306189444,MDK;S100A9,Basal,Activated
GO_Biological_Process_2023,Lymphocyte Activation Involved In Immune Response (GO:0002285),2/23,0.8985457177611553,0.9999962554776264,0,0,0.5068414707655214,0.0542207306189444,IFNB1;MDK,Basal,Activated
GO_Biological_Process_2023,Negative Regulation Of Protein Depolymerization (GO:1901880),2/23,0.8985457177611553,0.9999962554776264,0,0,0.5068414707655214,0.0542207306189444,TPX2;CKAP2,Basal,Activated
GO_Biological_Process_2023,Positive Regulation Of Lamellipodium Assembly (GO:0010592),2/23,0.8985457177611553,0.9999962554776264,0,0,0.5068414707655214,0.0542207306189444,CARMIL2;FSCN1,Basal,Activated
GO_Biological_Process_2023,Positive Regulation Of Neutrophil Migration (GO:1902624),2/23,0.8985457177611553,0.9999962554776264,0,0,0.5068414707655214,0.0542207306189444,CXCL8;MDK,Basal,Activated
GO_Biological_Process_2023,Regulation Of T Cell Migration (GO:2000404),2/23,0.8985457177611553,0.9999962554776264,0,0,0.5068414707655214,0.0542207306189444,CXCL10;CCL20,Basal,Activated
GO_Biological_Process_2023,Regulation Of Centrosome Cycle (GO:0046605),2/23,0.8985457177611553,0.9999962554776264,0,0,0.5068414707655214,0.0542207306189444,AURKA;MCM2,Basal,Activated
GO_Biological_Process_2023,Regulation Of Lipid Catabolic Process (GO:0050994),2/23,0.8985457177611553,0.9999962554776264,0,0,0.5068414707655214,0.0542207306189444,APOA2;TNF,Basal,Activated
GO_Biological_Process_2023,Regulation Of Myotube Differentiation (GO:0010830),2/23,0.8985457177611553,0.9999962554776264,0,0,0.5068414707655214,0.0542207306189444,BHLHA15;NKX2-5,Basal,Activated
GO_Biological_Process_2023,Response To BMP (GO:0071772),2/23,0.8985457177611553,0.9999962554776264,0,0,0.5068414707655214,0.0542207306189444,DLX5;PHOX2B,Basal,Activated
GO_Biological_Process_2023,Positive Regulation Of Telomere Maintenance Via Telomerase (GO:0032212),3/32,0.9007523504731504,0.9999962554776264,0,0,0.5504469987228607,0.0575354284479816,NEK2;MAPK15;AURKB,Basal,Activated
GO_Biological_Process_2023,Proteoglycan Biosynthetic Process (GO:0030166),3/32,0.9007523504731504,0.9999962554776264,0,0,0.5504469987228607,0.0575354284479816,EXTL1;NDST3;FOXL1,Basal,Activated
GO_Biological_Process_2023,Cellular Response To Molecule Of Bacterial Origin (GO:0071219),14/117,0.9017961965735898,0.9999962554776264,0,0,0.7225731239436968,0.0746900214401905,CXCL9;CXCL8;CD80;IL36G;CXCL1;PPM1E;CXCL5;CXCL10;IL1A;CXCL11;NLRP7;TNIP3;ANKRD1;IL36RN,Basal,Activated
GO_Biological_Process_2023,Response To Type II Interferon (GO:0034341),9/80,0.9034805080223912,0.9999962554776264,0,0,0.6740863831897187,0.0684202687649802,CCL25;GBP5;CCL11;CCL7;CCL20;UBD;CCL1;GAPDH;GBP1,Basal,Activated
GO_Biological_Process_2023,Double-Strand Break Repair (GO:0006302),21/168,0.9041722280801424,0.9999962554776264,0,0,0.7591303952335471,0.0764713184003168,H2AX;POLQ;BLM;FEN1;RMI2;ANKLE1;CDCA5;XRCC2;TONSL;BRCA2;RAD54B;RAD51AP1;RECQL4;DEPDC1B;RAD51;EME1;CHEK2;FSCN1;AUNIP;DNA2;TRIP13,Basal,Activated
GO_Biological_Process_2023,Positive Regulation Of miRNA Metabolic Process (GO:2000630),5/49,0.9051201372178416,0.9999962554776264,0,0,0.6045008206870734,0.0602612334646441,LIN28B;MYCN;TERT;WT1;TNF,Basal,Activated
GO_Biological_Process_2023,Positive Regulation Of Cell Cycle (GO:0045787),7/65,0.9065016283919222,0.9999962554776264,0,0,0.6418929996174655,0.0630097910453185,CCNB1;PSRC1;CHEK1;EIF4EBP1;MAGEA4;CDC25B;AURKA,Basal,Activated
GO_Biological_Process_2023,Detection Of Chemical Stimulus Involved In Sensory Perception Of Bitter Taste (GO:0001580),4/41,0.9069109332764604,0.9999962554776264,0,0,0.5751501976961129,0.0561985199142814,RTP4;RTP3;CA6;LPO,Basal,Activated
GO_Biological_Process_2023,Positive Regulation Of Response To Biotic Stimulus (GO:0002833),4/41,0.9069109332764604,0.9999962554776264,0,0,0.5751501976961129,0.0561985199142814,GBP5;NLRP10;IFNB1;ADAM8,Basal,Activated
GO_Biological_Process_2023,Regulation Of Dendrite Development (GO:0050773),4/41,0.9069109332764604,0.9999962554776264,0,0,0.5751501976961129,0.0561985199142814,BCL11A;CSMD3;LRP8;KIAA0319,Basal,Activated
GO_Biological_Process_2023,Regulation Of Release Of Cytochrome C From Mitochondria (GO:0090199),4/41,0.9069109332764604,0.9999962554776264,0,0,0.5751501976961129,0.0561985199142814,HRK;MLLT11;PLAUR;MMP9,Basal,Activated
GO_Biological_Process_2023,2-Oxoglutarate Metabolic Process (GO:0006103),1/14,0.910198781432442,0.9999962554776264,0,0,0.4094371304115056,0.0385248658256067,OGDHL,Basal,Activated
GO_Biological_Process_2023,COPII-coated Vesicle Cargo Loading (GO:0090110),1/14,0.910198781432442,0.9999962554776264,0,0,0.4094371304115056,0.0385248658256067,SH2D2A,Basal,Activated
GO_Biological_Process_2023,MHC Class II Protein Complex Assembly (GO:0002399),1/14,0.910198781432442,0.9999962554776264,0,0,0.4094371304115056,0.0385248658256067,HLA-DOB,Basal,Activated
GO_Biological_Process_2023,"RNA Phosphodiester Bond Hydrolysis, Endonucleolytic (GO:0090502)",1/14,0.910198781432442,0.9999962554776264,0,0,0.4094371304115056,0.0385248658256067,POP1,Basal,Activated
GO_Biological_Process_2023,Ceramide Transport (GO:0035627),1/14,0.910198781432442,0.9999962554776264,0,0,0.4094371304115056,0.0385248658256067,ABCA13,Basal,Activated
GO_Biological_Process_2023,Copper Ion Homeostasis (GO:0055070),1/14,0.910198781432442,0.9999962554776264,0,0,0.4094371304115056,0.0385248658256067,SLC30A10,Basal,Activated
GO_Biological_Process_2023,Embryonic Cranial Skeleton Morphogenesis (GO:0048701),1/14,0.910198781432442,0.9999962554776264,0,0,0.4094371304115056,0.0385248658256067,MTHFD1L,Basal,Activated
GO_Biological_Process_2023,Establishment Of Spindle Localization (GO:0051293),1/14,0.910198781432442,0.9999962554776264,0,0,0.4094371304115056,0.0385248658256067,ESPL1,Basal,Activated
GO_Biological_Process_2023,Genitalia Development (GO:0048806),1/14,0.910198781432442,0.9999962554776264,0,0,0.4094371304115056,0.0385248658256067,WT1,Basal,Activated
GO_Biological_Process_2023,Histone mRNA Catabolic Process (GO:0071044),1/14,0.910198781432442,0.9999962554776264,0,0,0.4094371304115056,0.0385248658256067,EXOSC4,Basal,Activated
GO_Biological_Process_2023,Membrane Repolarization During Cardiac Muscle Cell Action Potential (GO:0086013),1/14,0.910198781432442,0.9999962554776264,0,0,0.4094371304115056,0.0385248658256067,KCNH2,Basal,Activated
GO_Biological_Process_2023,miRNA-mediated Gene Silencing By Inhibition Of Translation (GO:0035278),1/14,0.910198781432442,0.9999962554776264,0,0,0.4094371304115056,0.0385248658256067,TRIM71,Basal,Activated
GO_Biological_Process_2023,Monosaccharide Transmembrane Transport (GO:0015749),1/14,0.910198781432442,0.9999962554776264,0,0,0.4094371304115056,0.0385248658256067,SLC2A6,Basal,Activated
GO_Biological_Process_2023,Myotube Cell Development (GO:0014904),1/14,0.910198781432442,0.9999962554776264,0,0,0.4094371304115056,0.0385248658256067,MYOD1,Basal,Activated
GO_Biological_Process_2023,Negative Regulation Of Androgen Receptor Signaling Pathway (GO:0060766),1/14,0.910198781432442,0.9999962554776264,0,0,0.4094371304115056,0.0385248658256067,FOXH1,Basal,Activated
GO_Biological_Process_2023,Negative Regulation Of Blood Pressure (GO:0045776),1/14,0.910198781432442,0.9999962554776264,0,0,0.4094371304115056,0.0385248658256067,GPR37L1,Basal,Activated
GO_Biological_Process_2023,Negative Regulation Of Cilium Assembly (GO:1902018),1/14,0.910198781432442,0.9999962554776264,0,0,0.4094371304115056,0.0385248658256067,TBC1D7,Basal,Activated
GO_Biological_Process_2023,"Negative Regulation Of mRNA Splicing, Via Spliceosome (GO:0048025)",1/14,0.910198781432442,0.9999962554776264,0,0,0.4094371304115056,0.0385248658256067,SRSF12,Basal,Activated
GO_Biological_Process_2023,Negative Regulation Of Transcription Regulatory Region DNA Binding (GO:2000678),1/14,0.910198781432442,0.9999962554776264,0,0,0.4094371304115056,0.0385248658256067,SOX11,Basal,Activated
GO_Biological_Process_2023,Peptide Antigen Assembly With MHC Class II Protein Complex (GO:0002503),1/14,0.910198781432442,0.9999962554776264,0,0,0.4094371304115056,0.0385248658256067,HLA-DOB,Basal,Activated
GO_Biological_Process_2023,Photoreceptor Cell Development (GO:0042461),1/14,0.910198781432442,0.9999962554776264,0,0,0.4094371304115056,0.0385248658256067,TH,Basal,Activated
GO_Biological_Process_2023,Positive Regulation Of Cytoplasmic Translation (GO:2000767),1/14,0.910198781432442,0.9999962554776264,0,0,0.4094371304115056,0.0385248658256067,IGF2BP1,Basal,Activated
GO_Biological_Process_2023,Positive Regulation Of Exosomal Secretion (GO:1903543),1/14,0.910198781432442,0.9999962554776264,0,0,0.4094371304115056,0.0385248658256067,IFNG,Basal,Activated
GO_Biological_Process_2023,Positive Regulation Of Heterotypic Cell-Cell Adhesion (GO:0034116),1/14,0.910198781432442,0.9999962554776264,0,0,0.4094371304115056,0.0385248658256067,TNF,Basal,Activated
GO_Biological_Process_2023,Positive Regulation Of Long-Term Synaptic Potentiation (GO:1900273),1/14,0.910198781432442,0.9999962554776264,0,0,0.4094371304115056,0.0385248658256067,SLC18A3,Basal,Activated
GO_Biological_Process_2023,Positive Regulation Of Lyase Activity (GO:0051349),1/14,0.910198781432442,0.9999962554776264,0,0,0.4094371304115056,0.0385248658256067,FTMT,Basal,Activated
GO_Biological_Process_2023,Positive Regulation Of Protein-Containing Complex Disassembly (GO:0043243),1/14,0.910198781432442,0.9999962554776264,0,0,0.4094371304115056,0.0385248658256067,TNF,Basal,Activated
GO_Biological_Process_2023,Positive Regulation Of Response To Cytokine Stimulus (GO:0060760),1/14,0.910198781432442,0.9999962554776264,0,0,0.4094371304115056,0.0385248658256067,IFIH1,Basal,Activated
GO_Biological_Process_2023,Positive Regulation Of Transcription From RNA Polymerase II Promoter Involved In Cellular Response To Chemical Stimulus (GO:1901522),1/14,0.910198781432442,0.9999962554776264,0,0,0.4094371304115056,0.0385248658256067,DLX5,Basal,Activated
GO_Biological_Process_2023,Positive Regulation Of Transporter Activity (GO:0032411),1/14,0.910198781432442,0.9999962554776264,0,0,0.4094371304115056,0.0385248658256067,SYNGR3,Basal,Activated
GO_Biological_Process_2023,Positive Regulation Of Type I Interferon-Mediated Signaling Pathway (GO:0060340),1/14,0.910198781432442,0.9999962554776264,0,0,0.4094371304115056,0.0385248658256067,IGF2BP1,Basal,Activated
GO_Biological_Process_2023,Prostanoid Biosynthetic Process (GO:0046457),1/14,0.910198781432442,0.9999962554776264,0,0,0.4094371304115056,0.0385248658256067,EDN2,Basal,Activated
GO_Biological_Process_2023,Protein Homotrimerization (GO:0070207),1/14,0.910198781432442,0.9999962554776264,0,0,0.4094371304115056,0.0385248658256067,HLA-G,Basal,Activated
GO_Biological_Process_2023,Protein Localization To Vacuole (GO:0072665),1/14,0.910198781432442,0.9999962554776264,0,0,0.4094371304115056,0.0385248658256067,GBP1,Basal,Activated
GO_Biological_Process_2023,Protein Trimerization (GO:0070206),1/14,0.910198781432442,0.9999962554776264,0,0,0.4094371304115056,0.0385248658256067,HLA-G,Basal,Activated
GO_Biological_Process_2023,Regulation Of MHC Class II Biosynthetic Process (GO:0045346),1/14,0.910198781432442,0.9999962554776264,0,0,0.4094371304115056,0.0385248658256067,IFNG,Basal,Activated
GO_Biological_Process_2023,Regulation Of Bone Remodeling (GO:0046850),1/14,0.910198781432442,0.9999962554776264,0,0,0.4094371304115056,0.0385248658256067,MDK,Basal,Activated
GO_Biological_Process_2023,Regulation Of Carbohydrate Catabolic Process (GO:0043470),1/14,0.910198781432442,0.9999962554776264,0,0,0.4094371304115056,0.0385248658256067,SLC2A6,Basal,Activated
GO_Biological_Process_2023,Regulation Of Mast Cell Degranulation (GO:0043304),1/14,0.910198781432442,0.9999962554776264,0,0,0.4094371304115056,0.0385248658256067,UNC13D,Basal,Activated
GO_Biological_Process_2023,Regulation Of Superoxide Anion Generation (GO:0032928),1/14,0.910198781432442,0.9999962554776264,0,0,0.4094371304115056,0.0385248658256067,CLEC7A,Basal,Activated
GO_Biological_Process_2023,Respiratory Electron Transport Chain (GO:0022904),1/14,0.910198781432442,0.9999962554776264,0,0,0.4094371304115056,0.0385248658256067,SLC25A22,Basal,Activated
GO_Biological_Process_2023,Response To Muscle Stretch (GO:0035994),1/14,0.910198781432442,0.9999962554776264,0,0,0.4094371304115056,0.0385248658256067,CDH2,Basal,Activated
GO_Biological_Process_2023,Striated Muscle Cell Development (GO:0055002),1/14,0.910198781432442,0.9999962554776264,0,0,0.4094371304115056,0.0385248658256067,MYH6,Basal,Activated
GO_Biological_Process_2023,Striated Muscle Tissue Development (GO:0014706),1/14,0.910198781432442,0.9999962554776264,0,0,0.4094371304115056,0.0385248658256067,GATA5,Basal,Activated
GO_Biological_Process_2023,tRNA 5'-End Processing (GO:0099116),1/14,0.910198781432442,0.9999962554776264,0,0,0.4094371304115056,0.0385248658256067,POP1,Basal,Activated
GO_Biological_Process_2023,Ubiquinone Metabolic Process (GO:0006743),1/14,0.910198781432442,0.9999962554776264,0,0,0.4094371304115056,0.0385248658256067,PDSS1,Basal,Activated
GO_Biological_Process_2023,Vascular Endothelial Growth Factor Signaling Pathway (GO:0038084),1/14,0.910198781432442,0.9999962554776264,0,0,0.4094371304115056,0.0385248658256067,FOXC1,Basal,Activated
GO_Biological_Process_2023,Ear Morphogenesis (GO:0042471),2/24,0.9115839391465236,0.9999962554776264,0,0,0.4837744533947065,0.0447837752276533,ZIC1;OTOP1,Basal,Activated
GO_Biological_Process_2023,Endosome Transport Via Multivesicular Body Sorting Pathway (GO:0032509),2/24,0.9115839391465236,0.9999962554776264,0,0,0.4837744533947065,0.0447837752276533,LAPTM4B;CHMP4BP1,Basal,Activated
GO_Biological_Process_2023,Outflow Tract Septum Morphogenesis (GO:0003148),2/24,0.9115839391465236,0.9999962554776264,0,0,0.4837744533947065,0.0447837752276533,TBX20;NKX2-5,Basal,Activated
GO_Biological_Process_2023,Positive Regulation Of Vascular Endothelial Growth Factor Production (GO:0010575),2/24,0.9115839391465236,0.9999962554776264,0,0,0.4837744533947065,0.0447837752276533,IL1A;CXCL17,Basal,Activated
GO_Biological_Process_2023,Protein Kinase B Signaling (GO:0043491),2/24,0.9115839391465236,0.9999962554776264,0,0,0.4837744533947065,0.0447837752276533,MT3;TNF,Basal,Activated
GO_Biological_Process_2023,Regulation Of AMPA Receptor Activity (GO:2000311),2/24,0.9115839391465236,0.9999962554776264,0,0,0.4837744533947065,0.0447837752276533,SHISA8;CACNG5,Basal,Activated
GO_Biological_Process_2023,Regulation Of Actin Nucleation (GO:0051125),2/24,0.9115839391465236,0.9999962554776264,0,0,0.4837744533947065,0.0447837752276533,VIL1;CARMIL2,Basal,Activated
GO_Biological_Process_2023,Regulation Of Microtubule Depolymerization (GO:0031114),2/24,0.9115839391465236,0.9999962554776264,0,0,0.4837744533947065,0.0447837752276533,TPX2;CKAP2,Basal,Activated
GO_Biological_Process_2023,Regulation Of Ruffle Assembly (GO:1900027),2/24,0.9115839391465236,0.9999962554776264,0,0,0.4837744533947065,0.0447837752276533,CARMIL2;PFN2,Basal,Activated
GO_Biological_Process_2023,Regulation Of Ryanodine-Sensitive Calcium-Release Channel Activity (GO:0060314),2/24,0.9115839391465236,0.9999962554776264,0,0,0.4837744533947065,0.0447837752276533,JPH3;JPH1,Basal,Activated
GO_Biological_Process_2023,Actin Filament Bundle Assembly (GO:0051017),3/33,0.9119705597489453,0.9999962554776264,0,0,0.5320671098448876,0.0490286914650855,BAIAP2L2;FSCN1;ADD2,Basal,Activated
GO_Biological_Process_2023,ncRNA Catabolic Process (GO:0034661),3/33,0.9119705597489453,0.9999962554776264,0,0,0.5320671098448876,0.0490286914650855,LIN28B;EXOSC4;POP1,Basal,Activated
GO_Biological_Process_2023,Positive Regulation Of T Cell Mediated Cytotoxicity (GO:0001916),3/33,0.9119705597489453,0.9999962554776264,0,0,0.5320671098448876,0.0490286914650855,ULBP2;HLA-G;ULBP1,Basal,Activated
GO_Biological_Process_2023,Positive Regulation Of Nitrogen Compound Metabolic Process (GO:0051173),3/33,0.9119705597489453,0.9999962554776264,0,0,0.5320671098448876,0.0490286914650855,IFNG;UHRF1;TNF,Basal,Activated
GO_Biological_Process_2023,Positive Regulation Of Telomerase Activity (GO:0051973),3/33,0.9119705597489453,0.9999962554776264,0,0,0.5320671098448876,0.0490286914650855,NEK2;MAPK15;AURKB,Basal,Activated
GO_Biological_Process_2023,Regulation Of G0 To G1 Transition (GO:0070316),3/33,0.9119705597489453,0.9999962554776264,0,0,0.5320671098448876,0.0490286914650855,ACTL6B;CHEK1;HLA-G,Basal,Activated
GO_Biological_Process_2023,Regulation Of NLRP3 Inflammasome Complex Assembly (GO:1900225),3/33,0.9119705597489453,0.9999962554776264,0,0,0.5320671098448876,0.0490286914650855,GBP5;DEPDC1B;PYDC1,Basal,Activated
GO_Biological_Process_2023,Organic Anion Transport (GO:0015711),10/89,0.9135981966540624,0.9999962554776264,0,0,0.6730305853627193,0.0608180144317874,CYB5R2;SLC2A14;SLC52A2;SLCO1B3;SLCO4C1;SLC2A1;SLCO5A1;SLCO6A1;CALHM3;SLC2A6,Basal,Activated
GO_Biological_Process_2023,Regulation Of Bone Mineralization (GO:0030500),6/58,0.9137190263452236,0.9999962554776264,0,0,0.6137028370868675,0.0553757361413761,CCNA2;FBN2;AHSG;FZD9;ISG15;NOTUM,Basal,Activated
GO_Biological_Process_2023,Intracellular Iron Ion Homeostasis (GO:0006879),5/50,0.9141806536296916,0.9999962554776264,0,0,0.5910322739591032,0.053031597400427,HEPHL1;FTMT;TFR2;ERFE;CP,Basal,Activated
GO_Biological_Process_2023,Positive Regulation Of Developmental Growth (GO:0048639),5/50,0.9141806536296916,0.9999962554776264,0,0,0.5910322739591032,0.053031597400427,RIMS2;GHRHR;UNC13A;RASAL1;L1CAM,Basal,Activated
GO_Biological_Process_2023,Negative Regulation Of Neuron Apoptotic Process (GO:0043524),8/74,0.9158994265467904,0.9999962554776264,0,0,0.6445687054437848,0.0566245335868502,FOXQ1;GDNF;MDK;KIF14;FZD9;MT3;POU4F1;CRLF1,Basal,Activated
GO_Biological_Process_2023,Regulation Of Cell Cycle G1/S Phase Transition (GO:1902806),8/74,0.9158994265467904,0.9999962554776264,0,0,0.6445687054437848,0.0566245335868502,SOX2;ACTL6B;CDKN2A;KIF14;E2F1;TM4SF5;FAM83D;EZH2,Basal,Activated
GO_Biological_Process_2023,Branching Morphogenesis Of An Epithelial Tube (GO:0048754),4/42,0.9165297361712228,0.9999962554776264,0,0,0.5599813339555348,0.0488084025004749,GDNF;WT1;NKX2-1;HOXA11,Basal,Activated
GO_Biological_Process_2023,Cardiac Ventricle Morphogenesis (GO:0003208),4/42,0.9165297361712228,0.9999962554776264,0,0,0.5599813339555348,0.0488084025004749,TBX20;TNNI3;MYH6;MYH7,Basal,Activated
GO_Biological_Process_2023,Positive Regulation Of Neuron Differentiation (GO:0045666),4/42,0.9165297361712228,0.9999962554776264,0,0,0.5599813339555348,0.0488084025004749,PCP4;SOX11;ECT2;NKX2-5,Basal,Activated
GO_Biological_Process_2023,Regulation Of Axonogenesis (GO:0050770),4/42,0.9165297361712228,0.9999962554776264,0,0,0.5599813339555348,0.0488084025004749,CHODL;BRSK2;CDH2;EPHB3,Basal,Activated
GO_Biological_Process_2023,Sensory Perception Of Bitter Taste (GO:0050913),4/42,0.9165297361712228,0.9999962554776264,0,0,0.5599813339555348,0.0488084025004749,RTP4;RTP3;CA6;LPO,Basal,Activated
GO_Biological_Process_2023,Skeletal Muscle Tissue Development (GO:0007519),4/42,0.9165297361712228,0.9999962554776264,0,0,0.5599813339555348,0.0488084025004749,MYLK2;POPDC3;MYOD1;FOXL2,Basal,Activated
GO_Biological_Process_2023,Substantia Nigra Development (GO:0021762),4/42,0.9165297361712228,0.9999962554776264,0,0,0.5599813339555348,0.0488084025004749,CASP5;S100A1;SYNGR3;INA,Basal,Activated
GO_Biological_Process_2023,Positive Regulation Of Tumor Necrosis Factor Superfamily Cytokine Production (GO:1903557),9/82,0.917844656209398,0.9999962554776264,0,0,0.6555400596952674,0.0561975629987972,IFIH1;IL1A;ORM1;IFNG;CLEC7A;MMP8;ORM2;LILRP2;RASGRP1,Basal,Activated
GO_Biological_Process_2023,Axon Guidance (GO:0007411),18/149,0.917944691300424,0.9999962554776264,0,0,0.7301584989219743,0.0625148120752683,SEMA5B;DRAXIN;EPHA7;CNTN5;EPHA8;LRTM2;L1CAM;EFNA4;IGSF9;EFNA3;EFNA2;GDNF;DPYSL5;TUBB3;PLEKHG4B;RAC3;OTX2;EPHB3,Basal,Activated
GO_Biological_Process_2023,Regulation Of Neuron Apoptotic Process (GO:0043523),12/105,0.9193529845410026,0.9999962554776264,0,0,0.6859190988223246,0.0576755993565829,FOXQ1;EPHA7;GDNF;MDK;FZD9;KIF14;PCSK9;TNF;DKK1;MT3;POU4F1;CRLF1,Basal,Activated
GO_Biological_Process_2023,Anterior/Posterior Pattern Specification (GO:0009952),6/59,0.9215355098359737,0.9999962554776264,0,0,0.6020876676949566,0.0491989722880442,HES6;HOXB9;CDX2;HELT;WT1;SIX2,Basal,Activated
GO_Biological_Process_2023,Chordate Embryonic Development (GO:0043009),6/59,0.9215355098359737,0.9999962554776264,0,0,0.6020876676949566,0.0491989722880442,TRIM71;FOXD3;STIL;SOX8;NKX2-5;MYH6,Basal,Activated
GO_Biological_Process_2023,Negative Regulation Of Cytokine-Mediated Signaling Pathway (GO:0001960),6/59,0.9215355098359737,0.9999962554776264,0,0,0.6020876676949566,0.0491989722880442,H2BC11;PYDC1;IL36RN;ISG15;OTOP1;TRAIP,Basal,Activated
GO_Biological_Process_2023,Regulation Of Neurogenesis (GO:0050767),7/67,0.9217793693461562,0.9999962554776264,0,0,0.6204226096143687,0.0505330367554085,HES6;CCL11;IFNG;HELT;PAX6;SOX11;TNF,Basal,Activated
GO_Biological_Process_2023,Apoptotic Mitochondrial Changes (GO:0008637),3/34,0.9220231687718464,0.9999962554776264,0,0,0.5148730202493643,0.0417999285227846,BCL2A1;FZD9;SFN,Basal,Activated
GO_Biological_Process_2023,Regulation Of calcineurin-NFAT Signaling Cascade (GO:0070884),3/34,0.9220231687718464,0.9999962554776264,0,0,0.5148730202493643,0.0417999285227846,CLEC7A;HOMER3;TNF,Basal,Activated
GO_Biological_Process_2023,Cytokine-Mediated Signaling Pathway (GO:0019221),33/257,0.922242812780728,0.9999962554776264,0,0,0.7822301739487741,0.0633189791247313,FOXC1;CXCL9;CCL11;CXCL8;CXCL1;TNF;LRP8;CXCL5;RHEX;OASL;CCL7;IL21R;CCL1;IL12RB2;CCL25;EDN2;CCL20;IFNB1;MX1;IL31RA;OSM;IL36G;MT3;ST18;IL1A;CXCL10;CXCL11;AIM2;IL2RA;PYDC1;TFF2;LILRP2;CRLF1,Basal,Activated
GO_Biological_Process_2023,Sensory Perception (GO:0007600),5/51,0.9224705735924298,0.9999962554776264,0,0,0.5781493162193057,0.0466565354152985,TRPA1;USH1G;OPRK1;PRDM12;NTSR2,Basal,Activated
GO_Biological_Process_2023,Positive Regulation Of Protein-Containing Complex Assembly (GO:0031334),11/98,0.9225294405333232,0.9999962554776264,0,0,0.6721493267964558,0.0541994262054808,HRK;GBP5;FERMT1;DEPDC1B;CHAF1B;IFNG;CLEC7A;MMP1;FSCN1;ISG15;TNF,Basal,Activated
GO_Biological_Process_2023,Positive Regulation Of Neurogenesis (GO:0050769),8/75,0.922793237880886,0.9999962554776264,0,0,0.6349104193679668,0.0510151033298539,CHODL;BCAN;IFNG;NCAN;SOX8;SOX11;HAPLN3;HAPLN1,Basal,Activated
GO_Biological_Process_2023,Carbohydrate Biosynthetic Process (GO:0016051),2/25,0.9230368447140282,0.9999962554776264,0,0,0.4627132636213539,0.0370569131221351,FUT5;FUT3,Basal,Activated
GO_Biological_Process_2023,Cellular Response To Steroid Hormone Stimulus (GO:0071383),2/25,0.9230368447140282,0.9999962554776264,0,0,0.4627132636213539,0.0370569131221351,ATP1A3;ACOD1,Basal,Activated
GO_Biological_Process_2023,"Chemical Synaptic Transmission, Postsynaptic (GO:0099565)",2/25,0.9230368447140282,0.9999962554776264,0,0,0.4627132636213539,0.0370569131221351,FOXM1;GRIN2D,Basal,Activated
GO_Biological_Process_2023,Negative Regulation Of Protein Transport (GO:0051224),2/25,0.9230368447140282,0.9999962554776264,0,0,0.4627132636213539,0.0370569131221351,RSAD2;RHBDF2,Basal,Activated
GO_Biological_Process_2023,Negative Regulation Of Response To Wounding (GO:1903035),2/25,0.9230368447140282,0.9999962554776264,0,0,0.4627132636213539,0.0370569131221351,RTN4R;MDK,Basal,Activated
GO_Biological_Process_2023,Negative Regulation Of Signaling Receptor Activity (GO:2000272),2/25,0.9230368447140282,0.9999962554776264,0,0,0.4627132636213539,0.0370569131221351,SLC6A9;TNF,Basal,Activated
GO_Biological_Process_2023,Negative Regulation Of Stress Fiber Assembly (GO:0051497),2/25,0.9230368447140282,0.9999962554776264,0,0,0.4627132636213539,0.0370569131221351,STMN1;RHPN2P1,Basal,Activated
GO_Biological_Process_2023,Osteoclast Differentiation (GO:0030316),2/25,0.9230368447140282,0.9999962554776264,0,0,0.4627132636213539,0.0370569131221351,IGSF23;EFNA2,Basal,Activated
GO_Biological_Process_2023,Positive Regulation Of Glucose Import (GO:0046326),2/25,0.9230368447140282,0.9999962554776264,0,0,0.4627132636213539,0.0370569131221351,ERFE;FGF21,Basal,Activated
GO_Biological_Process_2023,Positive Regulation Of Peptidase Activity (GO:0010952),2/25,0.9230368447140282,0.9999962554776264,0,0,0.4627132636213539,0.0370569131221351,SERPINB3;CTSV,Basal,Activated
GO_Biological_Process_2023,Regulation Of B Cell Activation (GO:0050864),2/25,0.9230368447140282,0.9999962554776264,0,0,0.4627132636213539,0.0370569131221351,IL4I1;FOXJ1,Basal,Activated
GO_Biological_Process_2023,Regulation Of Double-Strand Break Repair Via Nonhomologous End Joining (GO:2001032),2/25,0.9230368447140282,0.9999962554776264,0,0,0.4627132636213539,0.0370569131221351,HMGA2;AUNIP,Basal,Activated
GO_Biological_Process_2023,Regulation Of Hippo Signaling (GO:0035330),2/25,0.9230368447140282,0.9999962554776264,0,0,0.4627132636213539,0.0370569131221351,SOX11;CIT,Basal,Activated
GO_Biological_Process_2023,Regulation Of Myelination (GO:0031641),2/25,0.9230368447140282,0.9999962554776264,0,0,0.4627132636213539,0.0370569131221351,KIF14;TYMP,Basal,Activated
GO_Biological_Process_2023,Regulation Of Neutrophil Chemotaxis (GO:0090022),2/25,0.9230368447140282,0.9999962554776264,0,0,0.4627132636213539,0.0370569131221351,CXCL8;MDK,Basal,Activated
GO_Biological_Process_2023,Calcium Ion Transmembrane Import Into Cytosol (GO:0097553),9/83,0.9243145665230076,0.9999962554776264,0,0,0.6466428369377941,0.0508926182380189,JPH3;CACNA1B;HTR2C;TRPV3;PLCH1;JPH1;CACNA1E;SCN1A;GRIN2D,Basal,Activated
GO_Biological_Process_2023,3'-UTR-mediated mRNA Destabilization (GO:0061158),1/15,0.9244060187727796,0.9999962554776264,0,0,0.3801690242689926,0.0298827640123599,TRIM71,Basal,Activated
GO_Biological_Process_2023,DNA Double-Strand Break Processing (GO:0000729),1/15,0.9244060187727796,0.9999962554776264,0,0,0.3801690242689926,0.0298827640123599,DNA2,Basal,Activated
GO_Biological_Process_2023,N-terminal Protein Amino Acid Acetylation (GO:0006474),1/15,0.9244060187727796,0.9999962554776264,0,0,0.3801690242689926,0.0298827640123599,NAA11,Basal,Activated
GO_Biological_Process_2023,Activation Of NF-kappaB-inducing Kinase Activity (GO:0007250),1/15,0.9244060187727796,0.9999962554776264,0,0,0.3801690242689926,0.0298827640123599,CHI3L1,Basal,Activated
GO_Biological_Process_2023,Alpha-Beta T Cell Activation (GO:0046631),1/15,0.9244060187727796,0.9999962554776264,0,0,0.3801690242689926,0.0298827640123599,RSAD2,Basal,Activated
GO_Biological_Process_2023,Anterograde Synaptic Vesicle Transport (GO:0048490),1/15,0.9244060187727796,0.9999962554776264,0,0,0.3801690242689926,0.0298827640123599,TRIM46,Basal,Activated
GO_Biological_Process_2023,Ceramide Catabolic Process (GO:0046514),1/15,0.9244060187727796,0.9999962554776264,0,0,0.3801690242689926,0.0298827640123599,LCT,Basal,Activated
GO_Biological_Process_2023,Dendritic Spine Morphogenesis (GO:0060997),1/15,0.9244060187727796,0.9999962554776264,0,0,0.3801690242689926,0.0298827640123599,EPHB3,Basal,Activated
GO_Biological_Process_2023,Ganglioside Biosynthetic Process (GO:0001574),1/15,0.9244060187727796,0.9999962554776264,0,0,0.3801690242689926,0.0298827640123599,B4GALNT1,Basal,Activated
GO_Biological_Process_2023,Gas Transport (GO:0015669),1/15,0.9244060187727796,0.9999962554776264,0,0,0.3801690242689926,0.0298827640123599,AQP5,Basal,Activated
GO_Biological_Process_2023,Glutamine Family Amino Acid Catabolic Process (GO:0009065),1/15,0.9244060187727796,0.9999962554776264,0,0,0.3801690242689926,0.0298827640123599,ARHGAP11B,Basal,Activated
GO_Biological_Process_2023,High-Density Lipoprotein Particle Remodeling (GO:0034375),1/15,0.9244060187727796,0.9999962554776264,0,0,0.3801690242689926,0.0298827640123599,APOA2,Basal,Activated
GO_Biological_Process_2023,Membrane Repolarization During Action Potential (GO:0086011),1/15,0.9244060187727796,0.9999962554776264,0,0,0.3801690242689926,0.0298827640123599,KCNH2,Basal,Activated
GO_Biological_Process_2023,Midbody Abscission (GO:0061952),1/15,0.9244060187727796,0.9999962554776264,0,0,0.3801690242689926,0.0298827640123599,KIF20A,Basal,Activated
GO_Biological_Process_2023,Negative Regulation Of Endoplasmic Reticulum Stress-Induced Intrinsic Apoptotic Signaling Pathway (GO:1902236),1/15,0.9244060187727796,0.9999962554776264,0,0,0.3801690242689926,0.0298827640123599,MAGEA3,Basal,Activated
GO_Biological_Process_2023,Negative Regulation Of Gluconeogenesis (GO:0045721),1/15,0.9244060187727796,0.9999962554776264,0,0,0.3801690242689926,0.0298827640123599,ERFE,Basal,Activated
GO_Biological_Process_2023,Negative Regulation Of Immune Effector Process (GO:0002698),1/15,0.9244060187727796,0.9999962554776264,0,0,0.3801690242689926,0.0298827640123599,IFNL1,Basal,Activated
GO_Biological_Process_2023,Negative Regulation Of mRNA Processing (GO:0050686),1/15,0.9244060187727796,0.9999962554776264,0,0,0.3801690242689926,0.0298827640123599,SRSF12,Basal,Activated
GO_Biological_Process_2023,Negative Regulation Of Platelet Activation (GO:0010544),1/15,0.9244060187727796,0.9999962554776264,0,0,0.3801690242689926,0.0298827640123599,SERPINE2,Basal,Activated
GO_Biological_Process_2023,Negative Regulation Of Type I Interferon-Mediated Signaling Pathway (GO:0060339),1/15,0.9244060187727796,0.9999962554776264,0,0,0.3801690242689926,0.0298827640123599,ISG15,Basal,Activated
GO_Biological_Process_2023,Positive Regulation Of Cell Activation (GO:0050867),1/15,0.9244060187727796,0.9999962554776264,0,0,0.3801690242689926,0.0298827640123599,LILRP2,Basal,Activated
GO_Biological_Process_2023,Positive Regulation Of Collagen Biosynthetic Process (GO:0032967),1/15,0.9244060187727796,0.9999962554776264,0,0,0.3801690242689926,0.0298827640123599,SCX,Basal,Activated
GO_Biological_Process_2023,Positive Regulation Of Cyclin-Dependent Protein Serine/Threonine Kinase Activity (GO:0045737),1/15,0.9244060187727796,0.9999962554776264,0,0,0.3801690242689926,0.0298827640123599,PSRC1,Basal,Activated
GO_Biological_Process_2023,Positive Regulation Of Endothelial Cell Apoptotic Process (GO:2000353),1/15,0.9244060187727796,0.9999962554776264,0,0,0.3801690242689926,0.0298827640123599,HLA-G,Basal,Activated
GO_Biological_Process_2023,Positive Regulation Of Muscle Cell Differentiation (GO:0051149),1/15,0.9244060187727796,0.9999962554776264,0,0,0.3801690242689926,0.0298827640123599,MYOD1,Basal,Activated
GO_Biological_Process_2023,Positive Regulation Of Potassium Ion Transport (GO:0043268),1/15,0.9244060187727796,0.9999962554776264,0,0,0.3801690242689926,0.0298827640123599,KCNH2,Basal,Activated
GO_Biological_Process_2023,Positive Regulation Of Sprouting Angiogenesis (GO:1903672),1/15,0.9244060187727796,0.9999962554776264,0,0,0.3801690242689926,0.0298827640123599,S100A1,Basal,Activated
GO_Biological_Process_2023,Positive Regulation Of Syncytium Formation By Plasma Membrane Fusion (GO:0060143),1/15,0.9244060187727796,0.9999962554776264,0,0,0.3801690242689926,0.0298827640123599,MYOD1,Basal,Activated
GO_Biological_Process_2023,Regulation Of Rac Protein Signal Transduction (GO:0035020),1/15,0.9244060187727796,0.9999962554776264,0,0,0.3801690242689926,0.0298827640123599,RASGRF1,Basal,Activated
GO_Biological_Process_2023,Regulation Of Amyloid Fibril Formation (GO:1905906),1/15,0.9244060187727796,0.9999962554776264,0,0,0.3801690242689926,0.0298827640123599,PFDN2,Basal,Activated
GO_Biological_Process_2023,Regulation Of Bicellular Tight Junction Assembly (GO:2000810),1/15,0.9244060187727796,0.9999962554776264,0,0,0.3801690242689926,0.0298827640123599,TNF,Basal,Activated
GO_Biological_Process_2023,Regulation Of Cholesterol Biosynthetic Process (GO:0045540),1/15,0.9244060187727796,0.9999962554776264,0,0,0.3801690242689926,0.0298827640123599,SH2D2A,Basal,Activated
GO_Biological_Process_2023,Regulation Of Clathrin-Dependent Endocytosis (GO:2000369),1/15,0.9244060187727796,0.9999962554776264,0,0,0.3801690242689926,0.0298827640123599,USH1G,Basal,Activated
GO_Biological_Process_2023,Regulation Of Intrinsic Apoptotic Signaling Pathway In Response To DNA Damage (GO:1902229),1/15,0.9244060187727796,0.9999962554776264,0,0,0.3801690242689926,0.0298827640123599,DDIAS,Basal,Activated
GO_Biological_Process_2023,Regulation Of mRNA Metabolic Process (GO:1903311),1/15,0.9244060187727796,0.9999962554776264,0,0,0.3801690242689926,0.0298827640123599,SRPK1,Basal,Activated
GO_Biological_Process_2023,Regulation Of Multicellular Organism Growth (GO:0040014),1/15,0.9244060187727796,0.9999962554776264,0,0,0.3801690242689926,0.0298827640123599,GHRHR,Basal,Activated
GO_Biological_Process_2023,Retrograde Axonal Transport (GO:0008090),1/15,0.9244060187727796,0.9999962554776264,0,0,0.3801690242689926,0.0298827640123599,KIF1A,Basal,Activated
GO_Biological_Process_2023,Stem Cell Development (GO:0048864),1/15,0.9244060187727796,0.9999962554776264,0,0,0.3801690242689926,0.0298827640123599,SOX8,Basal,Activated
GO_Biological_Process_2023,Synaptic Vesicle Transport Along Microtubule (GO:0099517),1/15,0.9244060187727796,0.9999962554776264,0,0,0.3801690242689926,0.0298827640123599,TRIM46,Basal,Activated
GO_Biological_Process_2023,Positive Regulation Of Transferase Activity (GO:0051347),17/143,0.9244193883570816,0.9999962554776264,0,0,0.7169455169455169,0.0563443372315199,GINS1;PRIM2;GINS2;RFC4;PCNA;DSCC1;PLK1;GINS4;APOA2;CHTF18;MAPK15;AURKB;AGT;MAGEA2;NEK2;MAGEC2;ROS1,Basal,Activated
GO_Biological_Process_2023,Positive Regulation Of T Cell Mediated Immunity (GO:0002711),4/43,0.9252493605977063,0.9999962554776264,0,0,0.5455903606631916,0.0423880056323295,ULBP2;HLA-G;ULBP1;CD1A,Basal,Activated
GO_Biological_Process_2023,Positive Regulation Of miRNA Transcription (GO:1902895),4/43,0.9252493605977063,0.9999962554776264,0,0,0.5455903606631916,0.0423880056323295,MYCN;TERT;WT1;TNF,Basal,Activated
GO_Biological_Process_2023,Regulation Of Chromosome Organization (GO:0033044),4/43,0.9252493605977063,0.9999962554776264,0,0,0.5455903606631916,0.0423880056323295,PIF1;RMI2;SHCBP1L;BUB1,Basal,Activated
GO_Biological_Process_2023,protein-DNA Complex Organization (GO:0071824),6/60,0.9287241029195388,0.9999962554776264,0,0,0.5909026897620053,0.0436934527137609,SOX2;H1-5;SUV39H2;HMGA2;EZHIP;EZH2,Basal,Activated
GO_Biological_Process_2023,Cardiac Muscle Tissue Development (GO:0048738),5/52,0.9300424543329088,0.9999962554776264,0,0,0.5658145694471589,0.0410357265769221,MYLK2;TBX20;ANKRD1;GATA5;NKX2-5,Basal,Activated
GO_Biological_Process_2023,Regulation Of Peptide Hormone Secretion (GO:0090276),5/52,0.9300424543329088,0.9999962554776264,0,0,0.5658145694471589,0.0410357265769221,IFNG;TFR2;HTR2C;TNF;SLC25A22,Basal,Activated
GO_Biological_Process_2023,Potassium Ion Transport (GO:0006813),14/122,0.9302565669252943,0.9999962554776264,0,0,0.6889147724598804,0.0498049918380078,KCNG1;KCNH2;KCNK5;HCN4;KCNJ4;KCNG3;KCNJ6;KCNJ10;KCNK9;KCNB2;KCNV1;KCNQ3;KCNQ4;KCNQ5,Basal,Activated
GO_Biological_Process_2023,Regulation Of Cysteine-Type Endopeptidase Activity Involved In Apoptotic Process (GO:0043281),9/84,0.9303411151705454,0.9999962554776264,0,0,0.6379828734538535,0.0460648959874651,SOX2;EPHA7;CLEC7A;LAMP3;NLRP2;FOXL2;SFN;TNF;MAGEA3,Basal,Activated
GO_Biological_Process_2023,Response To Lipopolysaccharide (GO:0032496),19/159,0.930661856507471,0.9999962554776264,0,0,0.721017226489705,0.0518117732044682,CXCL9;CXCL8;CD80;IL36G;CXCL1;PPM1E;CXCL5;CXCL10;IL1A;CXCL11;SLPI;NLRP7;TNIP3;ANKRD1;IL36RN;S100A14;S100A9;S100A8;S100A7,Basal,Activated
GO_Biological_Process_2023,Adherens Junction Organization (GO:0034332),3/35,0.9310141405686996,0.9999962554776264,0,0,0.4987535612535612,0.0356513101645723,CDH2;CDH15;INAVA,Basal,Activated
GO_Biological_Process_2023,Glutamate Receptor Signaling Pathway (GO:0007215),3/35,0.9310141405686996,0.9999962554776264,0,0,0.4987535612535612,0.0356513101645723,GRM8;HOMER3;GRIN2D,Basal,Activated
GO_Biological_Process_2023,Macrophage Activation (GO:0042116),3/35,0.9310141405686996,0.9999962554776264,0,0,0.4987535612535612,0.0356513101645723,EDN2;IFNG;TNF,Basal,Activated
GO_Biological_Process_2023,Positive Regulation Of Telomere Maintenance Via Telomere Lengthening (GO:1904358),3/35,0.9310141405686996,0.9999962554776264,0,0,0.4987535612535612,0.0356513101645723,NEK2;MAPK15;AURKB,Basal,Activated
GO_Biological_Process_2023,Regulation Of Cardiac Muscle Contraction (GO:0055117),3/35,0.9310141405686996,0.9999962554776264,0,0,0.4987535612535612,0.0356513101645723,HCN4;TNNI3;NKX2-5,Basal,Activated
GO_Biological_Process_2023,Regulation Of Regulated Secretory Pathway (GO:1903305),3/35,0.9310141405686996,0.9999962554776264,0,0,0.4987535612535612,0.0356513101645723,RIMS2;SYT13;UNC13D,Basal,Activated
GO_Biological_Process_2023,Response To Exogenous dsRNA (GO:0043330),3/35,0.9310141405686996,0.9999962554776264,0,0,0.4987535612535612,0.0356513101645723,IFIH1;IFNB1;CGAS,Basal,Activated
GO_Biological_Process_2023,Positive Regulation Of Peptidyl-Tyrosine Phosphorylation (GO:0050731),15/130,0.9328354433866356,0.9999962554776264,0,0,0.6931238861027065,0.048190455228459,IL21;CSH2;RIPK2;CD80;IL31RA;OSM;TNF;LRP8;AGT;GH2;IFNL1;IFNG;CLEC6A;LILRP2;CRLF1,Basal,Activated
GO_Biological_Process_2023,"Wnt Signaling Pathway, Planar Cell Polarity Pathway (GO:0060071)",2/26,0.9330796318337298,0.9999962554776264,0,0,0.4434071729957806,0.0307124787706742,VANGL2;CELSR3,Basal,Activated
GO_Biological_Process_2023,Antigen Processing And Presentation Of Exogenous Peptide Antigen Via MHC Class II (GO:0019886),2/26,0.9330796318337298,0.9999962554776264,0,0,0.4434071729957806,0.0307124787706742,CTSV;HLA-DOB,Basal,Activated
GO_Biological_Process_2023,Calcium-Ion Regulated Exocytosis (GO:0017156),2/26,0.9330796318337298,0.9999962554776264,0,0,0.4434071729957806,0.0307124787706742,RIMS2;SYT13,Basal,Activated
GO_Biological_Process_2023,Cardiac Muscle Cell Development (GO:0055013),2/26,0.9330796318337298,0.9999962554776264,0,0,0.4434071729957806,0.0307124787706742,NKX2-5;MYH6,Basal,Activated
GO_Biological_Process_2023,Establishment Or Maintenance Of Apical/Basal Cell Polarity (GO:0035088),2/26,0.9330796318337298,0.9999962554776264,0,0,0.4434071729957806,0.0307124787706742,FSCN1;FOXJ1,Basal,Activated
GO_Biological_Process_2023,Mitotic G1 DNA Damage Checkpoint Signaling (GO:0031571),2/26,0.9330796318337298,0.9999962554776264,0,0,0.4434071729957806,0.0307124787706742,CHEK2;GTSE1,Basal,Activated
GO_Biological_Process_2023,Negative Regulation Of Catalytic Activity (GO:0043086),2/26,0.9330796318337298,0.9999962554776264,0,0,0.4434071729957806,0.0307124787706742,SERPINB3;MT3,Basal,Activated
GO_Biological_Process_2023,Positive Regulation Of Nuclear Division (GO:0051785),2/26,0.9330796318337298,0.9999962554776264,0,0,0.4434071729957806,0.0307124787706742,IL1A;DMRT1,Basal,Activated
GO_Biological_Process_2023,Regulation Of Actin Filament Bundle Assembly (GO:0032231),2/26,0.9330796318337298,0.9999962554776264,0,0,0.4434071729957806,0.0307124787706742,VIL1;PFN2,Basal,Activated
GO_Biological_Process_2023,Regulation Of Cardiac Muscle Cell Contraction (GO:0086004),2/26,0.9330796318337298,0.9999962554776264,0,0,0.4434071729957806,0.0307124787706742,HCN4;DSC2,Basal,Activated
GO_Biological_Process_2023,Regulation Of Interferon-Alpha Production (GO:0032647),2/26,0.9330796318337298,0.9999962554776264,0,0,0.4434071729957806,0.0307124787706742,IFIH1;RIPK2,Basal,Activated
GO_Biological_Process_2023,Regulation Of Keratinocyte Differentiation (GO:0045616),2/26,0.9330796318337298,0.9999962554776264,0,0,0.4434071729957806,0.0307124787706742,FOXC1;ZBED2,Basal,Activated
GO_Biological_Process_2023,Regulation Of Vascular Endothelial Growth Factor Production (GO:0010574),2/26,0.9330796318337298,0.9999962554776264,0,0,0.4434071729957806,0.0307124787706742,IL1A;CXCL17,Basal,Activated
GO_Biological_Process_2023,Response To Glucocorticoid (GO:0051384),2/26,0.9330796318337298,0.9999962554776264,0,0,0.4434071729957806,0.0307124787706742,GHRHR;TNF,Basal,Activated
GO_Biological_Process_2023,Bone Development (GO:0060348),4/44,0.93313967313343,0.9999962554776264,0,0,0.5319189360354655,0.0368089957411415,MMP13;EPYC;ATG9B;NOTUM,Basal,Activated
GO_Biological_Process_2023,Positive Regulation Of Response To Stimulus (GO:0048584),8/77,0.9351263796799602,0.9999962554776264,0,0,0.6164336981794455,0.0413464232262708,H2AX;IFIH1;DEPDC1B;C8G;PCNA;IFNL1;RSAD2;CD80,Basal,Activated
GO_Biological_Process_2023,Positive Regulation Of Synaptic Transmission (GO:0050806),8/77,0.9351263796799602,0.9999962554776264,0,0,0.6164336981794455,0.0413464232262708,RIMS2;NMU;FOXM1;TNF;RAPSN;SLC18A3;CACNG5;GRIN2D,Basal,Activated
GO_Biological_Process_2023,Regulation Of Immune Response (GO:0050776),8/77,0.9351263796799602,0.9999962554776264,0,0,0.6164336981794455,0.0413464232262708,IL4I1;LAG3;C8G;IFNL1;RSAD2;CGAS;HLA-G;LRP8,Basal,Activated
GO_Biological_Process_2023,Positive Regulation Of Organelle Assembly (GO:1902117),6/61,0.9353249944988404,0.9999962554776264,0,0,0.5801244382993432,0.0387878290822898,PLK4;GPSM2;STIL;SPAG5;FSCN1;TNF,Basal,Activated
GO_Biological_Process_2023,B Cell Activation Involved In Immune Response (GO:0002312),1/16,0.9363661067292688,0.9999962554776264,0,0,0.3548033322788147,0.0233278718009229,IFNB1,Basal,Activated
GO_Biological_Process_2023,DNA Repair-Dependent Chromatin Remodeling (GO:0140861),1/16,0.9363661067292688,0.9999962554776264,0,0,0.3548033322788147,0.0233278718009229,DEPDC1B,Basal,Activated
GO_Biological_Process_2023,DNA-templated Transcription Termination (GO:0006353),1/16,0.9363661067292688,0.9999962554776264,0,0,0.3548033322788147,0.0233278718009229,NKX2-1,Basal,Activated
GO_Biological_Process_2023,acetyl-CoA Metabolic Process (GO:0006084),1/16,0.9363661067292688,0.9999962554776264,0,0,0.3548033322788147,0.0233278718009229,TDO2,Basal,Activated
GO_Biological_Process_2023,Activation Of Cysteine-Type Endopeptidase Activity (GO:0097202),1/16,0.9363661067292688,0.9999962554776264,0,0,0.3548033322788147,0.0233278718009229,RIPK2,Basal,Activated
GO_Biological_Process_2023,"Alternative mRNA Splicing, Via Spliceosome (GO:0000380)",1/16,0.9363661067292688,0.9999962554776264,0,0,0.3548033322788147,0.0233278718009229,CELF4,Basal,Activated
GO_Biological_Process_2023,Cell Communication By Electrical Coupling Involved In Cardiac Conduction (GO:0086064),1/16,0.9363661067292688,0.9999962554776264,0,0,0.3548033322788147,0.0233278718009229,ATP1A3,Basal,Activated
GO_Biological_Process_2023,Cellular Response To Nitrogen Compound (GO:1901699),1/16,0.9363661067292688,0.9999962554776264,0,0,0.3548033322788147,0.0233278718009229,BLM,Basal,Activated
GO_Biological_Process_2023,Extrinsic Apoptotic Signaling Pathway In Absence Of Ligand (GO:0097192),1/16,0.9363661067292688,0.9999962554776264,0,0,0.3548033322788147,0.0233278718009229,BCL2A1,Basal,Activated
GO_Biological_Process_2023,Heart Process (GO:0003015),1/16,0.9363661067292688,0.9999962554776264,0,0,0.3548033322788147,0.0233278718009229,TNNI3,Basal,Activated
GO_Biological_Process_2023,Lymphocyte Mediated Immunity (GO:0002449),1/16,0.9363661067292688,0.9999962554776264,0,0,0.3548033322788147,0.0233278718009229,CR1L,Basal,Activated
GO_Biological_Process_2023,Maturation Of 5.8S rRNA (GO:0000460),1/16,0.9363661067292688,0.9999962554776264,0,0,0.3548033322788147,0.0233278718009229,EXOSC4,Basal,Activated
GO_Biological_Process_2023,Membrane Depolarization During Cardiac Muscle Cell Action Potential (GO:0086012),1/16,0.9363661067292688,0.9999962554776264,0,0,0.3548033322788147,0.0233278718009229,HCN4,Basal,Activated
GO_Biological_Process_2023,"Mitochondrial Electron Transport, Cytochrome C To Oxygen (GO:0006123)",1/16,0.9363661067292688,0.9999962554776264,0,0,0.3548033322788147,0.0233278718009229,COX6A2,Basal,Activated
GO_Biological_Process_2023,Negative Regulation Of ATP-dependent Activity (GO:0032780),1/16,0.9363661067292688,0.9999962554776264,0,0,0.3548033322788147,0.0233278718009229,TNNI3,Basal,Activated
GO_Biological_Process_2023,Negative Regulation Of Inflammatory Response To Antigenic Stimulus (GO:0002862),1/16,0.9363661067292688,0.9999962554776264,0,0,0.3548033322788147,0.0233278718009229,RHBDF2,Basal,Activated
GO_Biological_Process_2023,Negative Regulation Of Interleukin-10 Production (GO:0032693),1/16,0.9363661067292688,0.9999962554776264,0,0,0.3548033322788147,0.0233278718009229,MMP8,Basal,Activated
GO_Biological_Process_2023,Negative Regulation Of Phosphatase Activity (GO:0010923),1/16,0.9363661067292688,0.9999962554776264,0,0,0.3548033322788147,0.0233278718009229,MASTL,Basal,Activated
GO_Biological_Process_2023,Neuron Projection Organization (GO:0106027),1/16,0.9363661067292688,0.9999962554776264,0,0,0.3548033322788147,0.0233278718009229,ATP1A3,Basal,Activated
GO_Biological_Process_2023,Pharyngeal System Development (GO:0060037),1/16,0.9363661067292688,0.9999962554776264,0,0,0.3548033322788147,0.0233278718009229,NKX2-5,Basal,Activated
GO_Biological_Process_2023,Positive Regulation Of Cardiac Muscle Tissue Growth (GO:0055023),1/16,0.9363661067292688,0.9999962554776264,0,0,0.3548033322788147,0.0233278718009229,TBX20,Basal,Activated
GO_Biological_Process_2023,Positive Regulation Of Collagen Metabolic Process (GO:0010714),1/16,0.9363661067292688,0.9999962554776264,0,0,0.3548033322788147,0.0233278718009229,SCX,Basal,Activated
GO_Biological_Process_2023,Positive Regulation Of Homotypic Cell-Cell Adhesion (GO:0034112),1/16,0.9363661067292688,0.9999962554776264,0,0,0.3548033322788147,0.0233278718009229,PLAUR,Basal,Activated
GO_Biological_Process_2023,Positive Regulation Of Myeloid Leukocyte Cytokine Production Involved In Immune Response (GO:0061081),1/16,0.9363661067292688,0.9999962554776264,0,0,0.3548033322788147,0.0233278718009229,HLA-G,Basal,Activated
GO_Biological_Process_2023,Positive Regulation Of Positive Chemotaxis (GO:0050927),1/16,0.9363661067292688,0.9999962554776264,0,0,0.3548033322788147,0.0233278718009229,CXCL8,Basal,Activated
GO_Biological_Process_2023,Protein O-linked Mannosylation (GO:0035269),1/16,0.9363661067292688,0.9999962554776264,0,0,0.3548033322788147,0.0233278718009229,LARGE2,Basal,Activated
GO_Biological_Process_2023,Protein Localization To Mitochondrion (GO:0070585),1/16,0.9363661067292688,0.9999962554776264,0,0,0.3548033322788147,0.0233278718009229,ISG15,Basal,Activated
GO_Biological_Process_2023,Regulation Of Establishment Of Endothelial Barrier (GO:1903140),1/16,0.9363661067292688,0.9999962554776264,0,0,0.3548033322788147,0.0233278718009229,TNF,Basal,Activated
GO_Biological_Process_2023,Regulation Of Nucleocytoplasmic Transport (GO:0046822),1/16,0.9363661067292688,0.9999962554776264,0,0,0.3548033322788147,0.0233278718009229,IFI27,Basal,Activated
GO_Biological_Process_2023,Regulation Of Presynapse Assembly (GO:1905606),1/16,0.9363661067292688,0.9999962554776264,0,0,0.3548033322788147,0.0233278718009229,LRFN4,Basal,Activated
GO_Biological_Process_2023,Regulation Of Presynapse Organization (GO:0099174),1/16,0.9363661067292688,0.9999962554776264,0,0,0.3548033322788147,0.0233278718009229,LRFN4,Basal,Activated
GO_Biological_Process_2023,Regulation Of Secretion (GO:0051046),1/16,0.9363661067292688,0.9999962554776264,0,0,0.3548033322788147,0.0233278718009229,OPRK1,Basal,Activated
GO_Biological_Process_2023,Response To UV-B (GO:0010224),1/16,0.9363661067292688,0.9999962554776264,0,0,0.3548033322788147,0.0233278718009229,IVL,Basal,Activated
GO_Biological_Process_2023,Reverse Cholesterol Transport (GO:0043691),1/16,0.9363661067292688,0.9999962554776264,0,0,0.3548033322788147,0.0233278718009229,APOA2,Basal,Activated
GO_Biological_Process_2023,Defense Response To Bacterium (GO:0042742),25/204,0.9365525371121136,0.9999962554776264,0,0,0.7416882300457862,0.0486174107461706,PGLYRP4;IGHM;PGLYRP3;DEFB126;LPO;HTN1;BPIFA1;PRB3;S100A14;PI3;SPRR2A;GBP1;KRT6A;GSDMC;RNASE10;ISG15;H2BC12;SLPI;NLRP10;H2BC11;LCN2;BPI;DEFB4A;S100A9;S100A8,Basal,Activated
GO_Biological_Process_2023,Blood Vessel Morphogenesis (GO:0048514),5/53,0.936947123470534,0.9999962554776264,0,0,0.5539937704571851,0.0360807445353324,CDH2;WT1;TBX20;TNNI3;NKX2-5,Basal,Activated
GO_Biological_Process_2023,Positive Regulation Of Chemokine Production (GO:0032722),5/53,0.936947123470534,0.9999962554776264,0,0,0.5539937704571851,0.0360807445353324,ADCYAP1;CHIA;IFNG;CLEC7A;TNF,Basal,Activated
GO_Biological_Process_2023,Positive Regulation Of Interferon-Beta Production (GO:0032728),3/36,0.939041182538876,0.9999962554776264,0,0,0.4836110391665947,0.0304171722891395,IFIH1;RIPK2;ISG15,Basal,Activated
GO_Biological_Process_2023,Regulation Of Wnt Signaling Pathway (GO:0030111),12/109,0.9401943768117046,0.9999962554776264,0,0,0.6574766813942071,0.0405456935969021,AMER2;DEPDC1B;TERT;RSPO2;CCNYL2;FOXL1;NOTUM;DKK1;RSPO4;MDFI;ATP6V1C2;SOX30,Basal,Activated
GO_Biological_Process_2023,Detection Of Chemical Stimulus Involved In Sensory Perception Of Taste (GO:0050912),4/45,0.9402673315142576,0.9999962554776264,0,0,0.5189144101700675,0.0319604828235361,RTP4;RTP3;CA6;LPO,Basal,Activated
GO_Biological_Process_2023,Organic Hydroxy Compound Transport (GO:0015850),4/45,0.9402673315142576,0.9999962554776264,0,0,0.5189144101700675,0.0319604828235361,SLC10A4;SLC5A8;SLC16A1;SLCO1B3,Basal,Activated
GO_Biological_Process_2023,Regulation Of Apoptotic Signaling Pathway (GO:2001233),4/45,0.9402673315142576,0.9999962554776264,0,0,0.5189144101700675,0.0319604828235361,IFNB1;CTSV;TNF;BCL2L14,Basal,Activated
GO_Biological_Process_2023,Regulation Of Telomerase Activity (GO:0051972),4/45,0.9402673315142576,0.9999962554776264,0,0,0.5189144101700675,0.0319604828235361,PIF1;NEK2;MAPK15;AURKB,Basal,Activated
GO_Biological_Process_2023,Triglyceride Metabolic Process (GO:0006641),4/45,0.9402673315142576,0.9999962554776264,0,0,0.5189144101700675,0.0319604828235361,PNLIPRP2;APOA2;PNPLA5;PNPLA1,Basal,Activated
GO_Biological_Process_2023,Zymogen Activation (GO:0031638),4/45,0.9402673315142576,0.9999962554776264,0,0,0.5189144101700675,0.0319604828235361,RIPK2;F12;PRSS3;PRSS12,Basal,Activated
GO_Biological_Process_2023,Regulation Of G Protein-Coupled Receptor Signaling Pathway (GO:0008277),7/70,0.9406176055240042,0.9999962554776264,0,0,0.5907730234196161,0.0361662928700874,GRK1;CXCL8;GNG4;RGS20;KLK14;GNAT1;KLK6,Basal,Activated
GO_Biological_Process_2023,Negative Regulation Of Binding (GO:0051100),9/86,0.9411565483788952,0.9999962554776264,0,0,0.6213377488353702,0.0376815182546156,SLPI;E2F1;XIRP1;CARD18;HMGA2;DKK1;MDFI;AURKB;AURKA,Basal,Activated
GO_Biological_Process_2023,T Cell Activation Involved In Immune Response (GO:0002286),2/27,0.9418717453590992,0.9999962554776264,0,0,0.4256455696202532,0.0254902808558009,MDK;IFNB1,Basal,Activated
GO_Biological_Process_2023,Activation Of Phospholipase C Activity (GO:0007202),2/27,0.9418717453590992,0.9999962554776264,0,0,0.4256455696202532,0.0254902808558009,AVPR1B;GPR55,Basal,Activated
GO_Biological_Process_2023,Cell Surface Receptor Signaling Pathway Involved In Cell-Cell Signaling (GO:1905114),2/27,0.9418717453590992,0.9999962554776264,0,0,0.4256455696202532,0.0254902808558009,RAC3;CD24,Basal,Activated
GO_Biological_Process_2023,Chaperone Cofactor-Dependent Protein Refolding (GO:0051085),2/27,0.9418717453590992,0.9999962554776264,0,0,0.4256455696202532,0.0254902808558009,HSPA6;HSPA14,Basal,Activated
GO_Biological_Process_2023,Cortical Cytoskeleton Organization (GO:0030865),2/27,0.9418717453590992,0.9999962554776264,0,0,0.4256455696202532,0.0254902808558009,RAC3;TNF,Basal,Activated
GO_Biological_Process_2023,Glycerophospholipid Catabolic Process (GO:0046475),2/27,0.9418717453590992,0.9999962554776264,0,0,0.4256455696202532,0.0254902808558009,PNLIPRP2;PLA2G4D,Basal,Activated
GO_Biological_Process_2023,Negative Regulation Of NIK/NF-kappaB Signaling (GO:1901223),2/27,0.9418717453590992,0.9999962554776264,0,0,0.4256455696202532,0.0254902808558009,NLRP2;TRIM15,Basal,Activated
GO_Biological_Process_2023,Negative Regulation Of Notch Signaling Pathway (GO:0045746),2/27,0.9418717453590992,0.9999962554776264,0,0,0.4256455696202532,0.0254902808558009,MAGEA1;CHAC1,Basal,Activated
GO_Biological_Process_2023,Positive Regulation Of Response To Wounding (GO:1903036),2/27,0.9418717453590992,0.9999962554776264,0,0,0.4256455696202532,0.0254902808558009,CLEC7A;MDK,Basal,Activated
GO_Biological_Process_2023,Regulation Of SMAD Protein Signal Transduction (GO:0060390),2/27,0.9418717453590992,0.9999962554776264,0,0,0.4256455696202532,0.0254902808558009,KIAA0319;GDF5,Basal,Activated
GO_Biological_Process_2023,Regulation Of Catecholamine Secretion (GO:0050433),2/27,0.9418717453590992,0.9999962554776264,0,0,0.4256455696202532,0.0254902808558009,HRH3;SYT13,Basal,Activated
GO_Biological_Process_2023,Regulation Of Transcription Regulatory Region DNA Binding (GO:2000677),2/27,0.9418717453590992,0.9999962554776264,0,0,0.4256455696202532,0.0254902808558009,SOX11;POU4F1,Basal,Activated
GO_Biological_Process_2023,Ventricular Septum Morphogenesis (GO:0060412),2/27,0.9418717453590992,0.9999962554776264,0,0,0.4256455696202532,0.0254902808558009,SOX11;NKX2-5,Basal,Activated
GO_Biological_Process_2023,ERBB Signaling Pathway (GO:0038127),5/54,0.9432334299628876,0.9999962554776264,0,0,0.5426554530586387,0.0317135917433683,VIL1;SLC30A10;FAM83C;FAM83B;FAM83A,Basal,Activated
GO_Biological_Process_2023,Negative Regulation Of Protein Ubiquitination (GO:0031397),5/54,0.9432334299628876,0.9999962554776264,0,0,0.5426554530586387,0.0317135917433683,CDC20;BUB1B;ISG15;FBXO5;MAD2L1,Basal,Activated
GO_Biological_Process_2023,Positive Regulation Of Response To External Stimulus (GO:0032103),18/155,0.9440735823079012,0.9999962554776264,0,0,0.6979300161586894,0.0401666879711432,IL21;GBP5;IFNB1;OSM;ACOD1;PLG;TNF;AGT;AIM2;IFNG;NLRP10;MDK;IGF2BP1;ADAM8;CCL1;LILRP2;S100A9;S100A8,Basal,Activated
GO_Biological_Process_2023,Regulation Of Neuron Differentiation (GO:0045664),8/79,0.9456992564142132,0.9999962554776264,0,0,0.5989979190297141,0.0334424558918798,SOX2;PCP4;SIX3;TUNAR;SOX11;ECT2;NKX2-5;DKK1,Basal,Activated
GO_Biological_Process_2023,Aortic Valve Morphogenesis (GO:0003180),3/37,0.9461955261667676,0.9999962554776264,0,0,0.4693592536729791,0.025958403538848,TBX20;GATA5;NKX2-5,Basal,Activated
GO_Biological_Process_2023,Muscle Cell Differentiation (GO:0042692),3/37,0.9461955261667676,0.9999962554776264,0,0,0.4693592536729791,0.025958403538848,POPDC3;ACTN2;MYOD1,Basal,Activated
GO_Biological_Process_2023,Ventricular Septum Development (GO:0003281),3/37,0.9461955261667676,0.9999962554776264,0,0,0.4693592536729791,0.025958403538848,SOX11;NKX2-5;DAND5,Basal,Activated
GO_Biological_Process_2023,NAD Biosynthetic Process (GO:0009435),1/17,0.9464343797544742,0.9999962554776264,0,0,0.332608351787409,0.0183113004944869,SLC5A8,Basal,Activated
GO_Biological_Process_2023,NLS-bearing Protein Import Into Nucleus (GO:0006607),1/17,0.9464343797544742,0.9999962554776264,0,0,0.332608351787409,0.0183113004944869,KPNA2,Basal,Activated
GO_Biological_Process_2023,Rac Protein Signal Transduction (GO:0016601),1/17,0.9464343797544742,0.9999962554776264,0,0,0.332608351787409,0.0183113004944869,RAC3,Basal,Activated
GO_Biological_Process_2023,Carbohydrate Derivative Catabolic Process (GO:1901136),1/17,0.9464343797544742,0.9999962554776264,0,0,0.332608351787409,0.0183113004944869,NCCRP1,Basal,Activated
GO_Biological_Process_2023,Carboxylic Acid Catabolic Process (GO:0046395),1/17,0.9464343797544742,0.9999962554776264,0,0,0.332608351787409,0.0183113004944869,IL4I1,Basal,Activated
GO_Biological_Process_2023,Cellular Response To Alkaloid (GO:0071312),1/17,0.9464343797544742,0.9999962554776264,0,0,0.332608351787409,0.0183113004944869,RAD51,Basal,Activated
GO_Biological_Process_2023,Epoxygenase P450 Pathway (GO:0019373),1/17,0.9464343797544742,0.9999962554776264,0,0,0.332608351787409,0.0183113004944869,CYP2F1,Basal,Activated
GO_Biological_Process_2023,Hippo Signaling (GO:0035329),1/17,0.9464343797544742,0.9999962554776264,0,0,0.332608351787409,0.0183113004944869,TEAD4,Basal,Activated
GO_Biological_Process_2023,Long-Chain fatty-acyl-CoA Biosynthetic Process (GO:0035338),1/17,0.9464343797544742,0.9999962554776264,0,0,0.332608351787409,0.0183113004944869,ACSL6,Basal,Activated
GO_Biological_Process_2023,"mRNA Cis Splicing, Via Spliceosome (GO:0045292)",1/17,0.9464343797544742,0.9999962554776264,0,0,0.332608351787409,0.0183113004944869,SRSF12,Basal,Activated
GO_Biological_Process_2023,Membrane Lipid Metabolic Process (GO:0006643),1/17,0.9464343797544742,0.9999962554776264,0,0,0.332608351787409,0.0183113004944869,SMPDL3B,Basal,Activated
GO_Biological_Process_2023,Mesenchyme Development (GO:0060485),1/17,0.9464343797544742,0.9999962554776264,0,0,0.332608351787409,0.0183113004944869,HMGA2,Basal,Activated
GO_Biological_Process_2023,Myeloid Cell Activation Involved In Immune Response (GO:0002275),1/17,0.9464343797544742,0.9999962554776264,0,0,0.332608351787409,0.0183113004944869,IFNG,Basal,Activated
GO_Biological_Process_2023,ncRNA Metabolic Process (GO:0034660),1/17,0.9464343797544742,0.9999962554776264,0,0,0.332608351787409,0.0183113004944869,TRIM71,Basal,Activated
GO_Biological_Process_2023,Negative Regulation Of Rho Protein Signal Transduction (GO:0035024),1/17,0.9464343797544742,0.9999962554776264,0,0,0.332608351787409,0.0183113004944869,STMN1,Basal,Activated
GO_Biological_Process_2023,Negative Regulation Of Interleukin-8 Production (GO:0032717),1/17,0.9464343797544742,0.9999962554776264,0,0,0.332608351787409,0.0183113004944869,BPI,Basal,Activated
GO_Biological_Process_2023,Negative Regulation Of Leukocyte Activation (GO:0002695),1/17,0.9464343797544742,0.9999962554776264,0,0,0.332608351787409,0.0183113004944869,IL31RA,Basal,Activated
GO_Biological_Process_2023,Neuron Maturation (GO:0042551),1/17,0.9464343797544742,0.9999962554776264,0,0,0.332608351787409,0.0183113004944869,EPHA8,Basal,Activated
GO_Biological_Process_2023,"Nuclear-Transcribed mRNA Catabolic Process, Exonucleolytic (GO:0000291)",1/17,0.9464343797544742,0.9999962554776264,0,0,0.332608351787409,0.0183113004944869,EXOSC4,Basal,Activated
GO_Biological_Process_2023,Peptidyl-Threonine Dephosphorylation (GO:0035970),1/17,0.9464343797544742,0.9999962554776264,0,0,0.332608351787409,0.0183113004944869,PPM1E,Basal,Activated
GO_Biological_Process_2023,Positive Regulation Of SMAD Protein Signal Transduction (GO:0060391),1/17,0.9464343797544742,0.9999962554776264,0,0,0.332608351787409,0.0183113004944869,KIAA0319,Basal,Activated
GO_Biological_Process_2023,Positive Regulation Of Cell Adhesion Mediated By Integrin (GO:0033630),1/17,0.9464343797544742,0.9999962554776264,0,0,0.332608351787409,0.0183113004944869,RAC3,Basal,Activated
GO_Biological_Process_2023,Positive Regulation Of Dendrite Morphogenesis (GO:0050775),1/17,0.9464343797544742,0.9999962554776264,0,0,0.332608351787409,0.0183113004944869,LRP8,Basal,Activated
GO_Biological_Process_2023,Positive Regulation Of Potassium Ion Transmembrane Transport (GO:1901381),1/17,0.9464343797544742,0.9999962554776264,0,0,0.332608351787409,0.0183113004944869,KCNH2,Basal,Activated
GO_Biological_Process_2023,Prostaglandin Biosynthetic Process (GO:0001516),1/17,0.9464343797544742,0.9999962554776264,0,0,0.332608351787409,0.0183113004944869,EDN2,Basal,Activated
GO_Biological_Process_2023,Regulation Of DNA Methylation-Dependent Heterochromatin Formation (GO:0090308),1/17,0.9464343797544742,0.9999962554776264,0,0,0.332608351787409,0.0183113004944869,APOBEC1,Basal,Activated
GO_Biological_Process_2023,Regulation Of Adenylate Cyclase Activity (GO:0045761),1/17,0.9464343797544742,0.9999962554776264,0,0,0.332608351787409,0.0183113004944869,GABBR2,Basal,Activated
GO_Biological_Process_2023,Regulation Of Cellular Respiration (GO:0043457),1/17,0.9464343797544742,0.9999962554776264,0,0,0.332608351787409,0.0183113004944869,IFNG,Basal,Activated
GO_Biological_Process_2023,Regulation Of Delayed Rectifier Potassium Channel Activity (GO:1902259),1/17,0.9464343797544742,0.9999962554776264,0,0,0.332608351787409,0.0183113004944869,KCNG1,Basal,Activated
GO_Biological_Process_2023,Regulation Of Inflammatory Response To Antigenic Stimulus (GO:0002861),1/17,0.9464343797544742,0.9999962554776264,0,0,0.332608351787409,0.0183113004944869,RHBDF2,Basal,Activated
GO_Biological_Process_2023,Regulation Of Receptor Recycling (GO:0001919),1/17,0.9464343797544742,0.9999962554776264,0,0,0.332608351787409,0.0183113004944869,PCSK9,Basal,Activated
GO_Biological_Process_2023,Regulation Of Vacuole Organization (GO:0044088),1/17,0.9464343797544742,0.9999962554776264,0,0,0.332608351787409,0.0183113004944869,LAPTM4B,Basal,Activated
GO_Biological_Process_2023,Response To Interferon-Alpha (GO:0035455),1/17,0.9464343797544742,0.9999962554776264,0,0,0.332608351787409,0.0183113004944869,LAMP3,Basal,Activated
GO_Biological_Process_2023,Sensory Perception Of Taste (GO:0050909),1/17,0.9464343797544742,0.9999962554776264,0,0,0.332608351787409,0.0183113004944869,CALHM3,Basal,Activated
GO_Biological_Process_2023,Sulfur Amino Acid Metabolic Process (GO:0000096),1/17,0.9464343797544742,0.9999962554776264,0,0,0.332608351787409,0.0183113004944869,CBS,Basal,Activated
GO_Biological_Process_2023,Transcription By RNA Polymerase I (GO:0006360),1/17,0.9464343797544742,0.9999962554776264,0,0,0.332608351787409,0.0183113004944869,NKX2-1,Basal,Activated
GO_Biological_Process_2023,Transepithelial Transport (GO:0070633),1/17,0.9464343797544742,0.9999962554776264,0,0,0.332608351787409,0.0183113004944869,RHCG,Basal,Activated
GO_Biological_Process_2023,Ventricular Cardiac Muscle Cell Action Potential (GO:0086005),1/17,0.9464343797544742,0.9999962554776264,0,0,0.332608351787409,0.0183113004944869,KCNH2,Basal,Activated
GO_Biological_Process_2023,Positive Regulation Of Transmembrane Receptor Protein Serine/Threonine Kinase Signaling Pathway (GO:0090100),10/95,0.9466618510017633,0.9999962554776264,0,0,0.6252985965959988,0.0342746942454946,CCNA2;SCUBE3;FOXD1;TBX20;SOX11;TTK;KIAA0319;LEFTY2;GDF5;INHBE,Basal,Activated
GO_Biological_Process_2023,Negative Regulation Of Cellular Metabolic Process (GO:0031324),4/46,0.9466955383544484,0.9999962554776264,0,0,0.506529147441117,0.0277465212816104,TERT;HMGA2;FBXO5;MT3,Basal,Activated
GO_Biological_Process_2023,Positive Regulation Of Peptide Hormone Secretion (GO:0090277),4/46,0.9466955383544484,0.9999962554776264,0,0,0.506529147441117,0.0277465212816104,GHRHR;ADCYAP1;TFR2;PDX1,Basal,Activated
GO_Biological_Process_2023,Regulation Of Cytokine Production Involved In Inflammatory Response (GO:1900015),4/46,0.9466955383544484,0.9999962554776264,0,0,0.506529147441117,0.0277465212816104,GBP5;CLEC7A;NLRP7;TNF,Basal,Activated
GO_Biological_Process_2023,Cellular Response To Fibroblast Growth Factor Stimulus (GO:0044344),5/55,0.9489480595358404,0.9999962554776264,0,0,0.5317706683560343,0.0278654284081212,TRIM71;FGF5;CXCL8;SHCBP1;FGF21,Basal,Activated
GO_Biological_Process_2023,Neuron Migration (GO:0001764),5/55,0.9489480595358404,0.9999962554776264,0,0,0.5317706683560343,0.0278654284081212,DNER;TRIM46;CCK;KIAA0319;PHOX2B,Basal,Activated
GO_Biological_Process_2023,Phosphatidylcholine Metabolic Process (GO:0046470),5/55,0.9489480595358404,0.9999962554776264,0,0,0.5317706683560343,0.0278654284081212,PLA2G2F;PNLIPRP2;CHAT;APOA2;PLAAT1,Basal,Activated
GO_Biological_Process_2023,Antigen Processing And Presentation Of Peptide Antigen Via MHC Class II (GO:0002495),2/28,0.9495574780971592,0.9999962554776264,0,0,0.4092502434274586,0.0211824715189316,CTSV;HLA-DOB,Basal,Activated
GO_Biological_Process_2023,Apoptotic Cell Clearance (GO:0043277),2/28,0.9495574780971592,0.9999962554776264,0,0,0.4092502434274586,0.0211824715189316,XKR9;RAC3,Basal,Activated
GO_Biological_Process_2023,Negative Regulation Of Actin Filament Bundle Assembly (GO:0032232),2/28,0.9495574780971592,0.9999962554776264,0,0,0.4092502434274586,0.0211824715189316,STMN1;RHPN2P1,Basal,Activated
GO_Biological_Process_2023,Negative Regulation Of Wound Healing (GO:0061045),2/28,0.9495574780971592,0.9999962554776264,0,0,0.4092502434274586,0.0211824715189316,SERPINE2;TNF,Basal,Activated
GO_Biological_Process_2023,Regulation Of Cardiac Muscle Cell Action Potential (GO:0098901),2/28,0.9495574780971592,0.9999962554776264,0,0,0.4092502434274586,0.0211824715189316,HCN4;DSC2,Basal,Activated
GO_Biological_Process_2023,Regulation Of Plasma Membrane Bounded Cell Projection Organization (GO:0120035),2/28,0.9495574780971592,0.9999962554776264,0,0,0.4092502434274586,0.0211824715189316,BRSK2;TBR1,Basal,Activated
GO_Biological_Process_2023,Regulation Of Protein Localization To Membrane (GO:1905475),2/28,0.9495574780971592,0.9999962554776264,0,0,0.4092502434274586,0.0211824715189316,GPC2;GBP1,Basal,Activated
GO_Biological_Process_2023,Regulation Of Sodium Ion Transmembrane Transport (GO:1902305),2/28,0.9495574780971592,0.9999962554776264,0,0,0.4092502434274586,0.0211824715189316,BPIFA1;FXYD4,Basal,Activated
GO_Biological_Process_2023,Cellular Response To Tumor Necrosis Factor (GO:0071356),13/119,0.9500177535946563,0.9999962554776264,0,0,0.6516474232610532,0.033412965248627,CCL25;CXCL8;CCL11;CCL20;TNF;ST18;AIM2;CCL7;ANKRD1;PYDC1;CHI3L1;CCL1;GBP1,Basal,Activated
GO_Biological_Process_2023,Positive Regulation Of Cysteine-Type Endopeptidase Activity (GO:2001056),6/64,0.9519841020474696,0.9999962554776264,0,0,0.5500196669725973,0.0270647868747151,AIM2;RIPK2;CLEC7A;NLRP2;FOXL2;TNF,Basal,Activated
GO_Biological_Process_2023,Positive Regulation Of Type I Interferon Production (GO:0032481),6/64,0.9519841020474696,0.9999962554776264,0,0,0.5500196669725973,0.0270647868747151,IFIH1;RIPK2;CGAS;TRIM15;ISG15;GAPDH,Basal,Activated
GO_Biological_Process_2023,Secondary Alcohol Metabolic Process (GO:1902652),4/47,0.9524838891921168,0.9999962554776264,0,0,0.4947199434437456,0.0240839990099147,SQLE;SH2D2A;APOA2;UGT1A6,Basal,Activated
GO_Biological_Process_2023,Calcium-Dependent Cell-Cell Adhesion Via Plasma Membrane Cell Adhesion Molecules (GO:0016339),3/38,0.9525618692165247,0.9999962554776264,0,0,0.4559218559218559,0.0221579022875608,CDH2;DSG1;CDH15,Basal,Activated
GO_Biological_Process_2023,Positive Regulation Of Production Of Molecular Mediator Of Immune Response (GO:0002702),3/38,0.9525618692165247,0.9999962554776264,0,0,0.4559218559218559,0.0221579022875608,IL21;SLC7A5;INAVA,Basal,Activated
GO_Biological_Process_2023,Regulation Of Protein Import Into Nucleus (GO:0042306),3/38,0.9525618692165247,0.9999962554776264,0,0,0.4559218559218559,0.0221579022875608,IFNG;ZIC1;ECT2,Basal,Activated
GO_Biological_Process_2023,Response To cAMP (GO:0051591),3/38,0.9525618692165247,0.9999962554776264,0,0,0.4559218559218559,0.0221579022875608,HCN4;VGF;WT1,Basal,Activated
GO_Biological_Process_2023,Regulation Of Cation Channel Activity (GO:2001257),5/56,0.954135406191944,0.9999962554776264,0,0,0.5213127379554926,0.0244754674749663,KCNG1;HCN4;JPH3;JPH1;MMP9,Basal,Activated
GO_Biological_Process_2023,T-helper Cell Differentiation (GO:0042093),1/18,0.9549099992974788,0.9999962554776264,0,0,0.3130245454714628,0.0144423842369191,IL21,Basal,Activated
GO_Biological_Process_2023,Antigen Processing And Presentation Of Peptide Antigen Via MHC Class I (GO:0002474),1/18,0.9549099992974788,0.9999962554776264,0,0,0.3130245454714628,0.0144423842369191,TAP1,Basal,Activated
GO_Biological_Process_2023,Autophagy Of Nucleus (GO:0044804),1/18,0.9549099992974788,0.9999962554776264,0,0,0.3130245454714628,0.0144423842369191,ATG9B,Basal,Activated
GO_Biological_Process_2023,Cardiac Muscle Cell Contraction (GO:0086003),1/18,0.9549099992974788,0.9999962554776264,0,0,0.3130245454714628,0.0144423842369191,SCN1A,Basal,Activated
GO_Biological_Process_2023,Cellular Response To Inorganic Substance (GO:0071241),1/18,0.9549099992974788,0.9999962554776264,0,0,0.3130245454714628,0.0144423842369191,BLM,Basal,Activated
GO_Biological_Process_2023,Detection Of Mechanical Stimulus (GO:0050982),1/18,0.9549099992974788,0.9999962554776264,0,0,0.3130245454714628,0.0144423842369191,CDH2,Basal,Activated
GO_Biological_Process_2023,Endothelial Cell Proliferation (GO:0001935),1/18,0.9549099992974788,0.9999962554776264,0,0,0.3130245454714628,0.0144423842369191,PRKX,Basal,Activated
GO_Biological_Process_2023,Energy Reserve Metabolic Process (GO:0006112),1/18,0.9549099992974788,0.9999962554776264,0,0,0.3130245454714628,0.0144423842369191,MT3,Basal,Activated
GO_Biological_Process_2023,Glycerolipid Catabolic Process (GO:0046503),1/18,0.9549099992974788,0.9999962554776264,0,0,0.3130245454714628,0.0144423842369191,PLA2G4D,Basal,Activated
GO_Biological_Process_2023,Membrane Repolarization (GO:0086009),1/18,0.9549099992974788,0.9999962554776264,0,0,0.3130245454714628,0.0144423842369191,KCNH2,Basal,Activated
GO_Biological_Process_2023,Mesenchyme Morphogenesis (GO:0072132),1/18,0.9549099992974788,0.9999962554776264,0,0,0.3130245454714628,0.0144423842369191,TBX20,Basal,Activated
GO_Biological_Process_2023,Mitochondrial Fusion (GO:0008053),1/18,0.9549099992974788,0.9999962554776264,0,0,0.3130245454714628,0.0144423842369191,BCL2A1,Basal,Activated
GO_Biological_Process_2023,Mitotic Cytokinetic Process (GO:1902410),1/18,0.9549099992974788,0.9999962554776264,0,0,0.3130245454714628,0.0144423842369191,KIF20A,Basal,Activated
GO_Biological_Process_2023,Negative Regulation Of T Cell Receptor Signaling Pathway (GO:0050860),1/18,0.9549099992974788,0.9999962554776264,0,0,0.3130245454714628,0.0144423842369191,GBP1,Basal,Activated
GO_Biological_Process_2023,Negative Regulation Of Lipid Storage (GO:0010888),1/18,0.9549099992974788,0.9999962554776264,0,0,0.3130245454714628,0.0144423842369191,TNF,Basal,Activated
GO_Biological_Process_2023,Negative Regulation Of Monoatomic Ion Transport (GO:0043271),1/18,0.9549099992974788,0.9999962554776264,0,0,0.3130245454714628,0.0144423842369191,HRH3,Basal,Activated
GO_Biological_Process_2023,Negative Regulation Of Viral Entry Into Host Cell (GO:0046597),1/18,0.9549099992974788,0.9999962554776264,0,0,0.3130245454714628,0.0144423842369191,LY6E,Basal,Activated
GO_Biological_Process_2023,Neural Crest Cell Differentiation (GO:0014033),1/18,0.9549099992974788,0.9999962554776264,0,0,0.3130245454714628,0.0144423842369191,SOX8,Basal,Activated
GO_Biological_Process_2023,Neuromuscular Process (GO:0050905),1/18,0.9549099992974788,0.9999962554776264,0,0,0.3130245454714628,0.0144423842369191,CHRND,Basal,Activated
GO_Biological_Process_2023,Neuromuscular Synaptic Transmission (GO:0007274),1/18,0.9549099992974788,0.9999962554776264,0,0,0.3130245454714628,0.0144423842369191,CHRNB4,Basal,Activated
GO_Biological_Process_2023,Neutrophil Activation (GO:0042119),1/18,0.9549099992974788,0.9999962554776264,0,0,0.3130245454714628,0.0144423842369191,CXCL8,Basal,Activated
GO_Biological_Process_2023,Nitric Oxide Mediated Signal Transduction (GO:0007263),1/18,0.9549099992974788,0.9999962554776264,0,0,0.3130245454714628,0.0144423842369191,PDX1,Basal,Activated
GO_Biological_Process_2023,Nucleosome Disassembly (GO:0006337),1/18,0.9549099992974788,0.9999962554776264,0,0,0.3130245454714628,0.0144423842369191,HMGA1,Basal,Activated
GO_Biological_Process_2023,Peptide Antigen Assembly With MHC Protein Complex (GO:0002501),1/18,0.9549099992974788,0.9999962554776264,0,0,0.3130245454714628,0.0144423842369191,HLA-DOB,Basal,Activated
GO_Biological_Process_2023,Positive Regulation Of Cation Transmembrane Transport (GO:1904064),1/18,0.9549099992974788,0.9999962554776264,0,0,0.3130245454714628,0.0144423842369191,KCNH2,Basal,Activated
GO_Biological_Process_2023,Positive Regulation Of Cyclin-Dependent Protein Kinase Activity (GO:1904031),1/18,0.9549099992974788,0.9999962554776264,0,0,0.3130245454714628,0.0144423842369191,PSRC1,Basal,Activated
GO_Biological_Process_2023,Positive Regulation Of Establishment Of Protein Localization (GO:1904951),1/18,0.9549099992974788,0.9999962554776264,0,0,0.3130245454714628,0.0144423842369191,TNF,Basal,Activated
GO_Biological_Process_2023,Positive Regulation Of Glycolytic Process (GO:0045821),1/18,0.9549099992974788,0.9999962554776264,0,0,0.3130245454714628,0.0144423842369191,IFNG,Basal,Activated
GO_Biological_Process_2023,Positive Regulation Of Interleukin-4 Production (GO:0032753),1/18,0.9549099992974788,0.9999962554776264,0,0,0.3130245454714628,0.0144423842369191,SLC7A5,Basal,Activated
GO_Biological_Process_2023,Positive Regulation Of Nervous System Process (GO:0031646),1/18,0.9549099992974788,0.9999962554776264,0,0,0.3130245454714628,0.0144423842369191,RIMS2,Basal,Activated
GO_Biological_Process_2023,Positive Regulation Of Stress-Activated Protein Kinase Signaling Cascade (GO:0070304),1/18,0.9549099992974788,0.9999962554776264,0,0,0.3130245454714628,0.0144423842369191,INAVA,Basal,Activated
GO_Biological_Process_2023,Protein Import Into Mitochondrial Matrix (GO:0030150),1/18,0.9549099992974788,0.9999962554776264,0,0,0.3130245454714628,0.0144423842369191,TOMM40,Basal,Activated
GO_Biological_Process_2023,Pulmonary Valve Morphogenesis (GO:0003184),1/18,0.9549099992974788,0.9999962554776264,0,0,0.3130245454714628,0.0144423842369191,TBX20,Basal,Activated
GO_Biological_Process_2023,Regulation Of Adaptive Immune Response (GO:0002819),1/18,0.9549099992974788,0.9999962554776264,0,0,0.3130245454714628,0.0144423842369191,IL4I1,Basal,Activated
GO_Biological_Process_2023,Regulation Of Collagen Biosynthetic Process (GO:0032965),1/18,0.9549099992974788,0.9999962554776264,0,0,0.3130245454714628,0.0144423842369191,SCX,Basal,Activated
GO_Biological_Process_2023,Regulation Of Epidermal Cell Differentiation (GO:0045604),1/18,0.9549099992974788,0.9999962554776264,0,0,0.3130245454714628,0.0144423842369191,SFN,Basal,Activated
GO_Biological_Process_2023,Regulation Of Exosomal Secretion (GO:1903541),1/18,0.9549099992974788,0.9999962554776264,0,0,0.3130245454714628,0.0144423842369191,IFNG,Basal,Activated
GO_Biological_Process_2023,Regulation Of Lymphocyte Activation (GO:0051249),1/18,0.9549099992974788,0.9999962554776264,0,0,0.3130245454714628,0.0144423842369191,CLEC7A,Basal,Activated
GO_Biological_Process_2023,Regulation Of Lymphocyte Proliferation (GO:0050670),1/18,0.9549099992974788,0.9999962554776264,0,0,0.3130245454714628,0.0144423842369191,SOX11,Basal,Activated
GO_Biological_Process_2023,Regulation Of Mitochondrial Membrane Permeability (GO:0046902),1/18,0.9549099992974788,0.9999962554776264,0,0,0.3130245454714628,0.0144423842369191,ARHGAP11B,Basal,Activated
GO_Biological_Process_2023,Regulation Of Mitochondrial Outer Membrane Permeabilization Involved In Apoptotic Signaling Pathway (GO:1901028),1/18,0.9549099992974788,0.9999962554776264,0,0,0.3130245454714628,0.0144423842369191,FZD9,Basal,Activated
GO_Biological_Process_2023,Regulation Of Oligodendrocyte Differentiation (GO:0048713),1/18,0.9549099992974788,0.9999962554776264,0,0,0.3130245454714628,0.0144423842369191,MDK,Basal,Activated
GO_Biological_Process_2023,Regulation Of Protein Deacetylation (GO:0090311),1/18,0.9549099992974788,0.9999962554776264,0,0,0.3130245454714628,0.0144423842369191,IFNG,Basal,Activated
GO_Biological_Process_2023,Regulation Of Synaptic Vesicle Exocytosis (GO:2000300),1/18,0.9549099992974788,0.9999962554776264,0,0,0.3130245454714628,0.0144423842369191,RIMS2,Basal,Activated
GO_Biological_Process_2023,Regulation Of Vascular Endothelial Cell Proliferation (GO:1905562),1/18,0.9549099992974788,0.9999962554776264,0,0,0.3130245454714628,0.0144423842369191,MDK,Basal,Activated
GO_Biological_Process_2023,Regulation Of Ventricular Cardiac Muscle Cell Membrane Repolarization (GO:0060307),1/18,0.9549099992974788,0.9999962554776264,0,0,0.3130245454714628,0.0144423842369191,KCNH2,Basal,Activated
GO_Biological_Process_2023,Axonogenesis (GO:0007409),22/188,0.9552005736231056,0.9999962554776264,0,0,0.7036758498964009,0.0322522337403201,SEMA5B;DRAXIN;EPHA7;BRSK2;CNTN5;EPHA8;LRTM2;APLP1;CCK;L1CAM;EFNA4;POU4F1;IGSF9;ISL2;EFNA3;EFNA2;DPYSL5;TUBB3;PLEKHG4B;TRIM46;OTX2;EPHB3,Basal,Activated
GO_Biological_Process_2023,RNA Biosynthetic Process (GO:0032774),2/29,0.9562667747518204,0.9999962554776264,0,0,0.3940693858415377,0.0176221334182944,PRIM2;NKX2-1,Basal,Activated
GO_Biological_Process_2023,RNA-mediated Gene Silencing (GO:0031047),2/29,0.9562667747518204,0.9999962554776264,0,0,0.3940693858415377,0.0176221334182944,MAEL;TDRD12,Basal,Activated
GO_Biological_Process_2023,TOR Signaling (GO:0031929),2/29,0.9562667747518204,0.9999962554776264,0,0,0.3940693858415377,0.0176221334182944,EIF4EBP1;RHEBL1,Basal,Activated
GO_Biological_Process_2023,Carbohydrate Derivative Biosynthetic Process (GO:1901137),2/29,0.9562667747518204,0.9999962554776264,0,0,0.3940693858415377,0.0176221334182944,RRM2;TPI1,Basal,Activated
GO_Biological_Process_2023,Chondrocyte Differentiation (GO:0002062),2/29,0.9562667747518204,0.9999962554776264,0,0,0.3940693858415377,0.0176221334182944,SCX;HMGA2,Basal,Activated
GO_Biological_Process_2023,Glycolytic Process (GO:0006096),2/29,0.9562667747518204,0.9999962554776264,0,0,0.3940693858415377,0.0176221334182944,TPI1;GAPDH,Basal,Activated
GO_Biological_Process_2023,Heterotypic Cell-Cell Adhesion (GO:0034113),2/29,0.9562667747518204,0.9999962554776264,0,0,0.3940693858415377,0.0176221334182944,RNASE10;DSC2,Basal,Activated
GO_Biological_Process_2023,Integrated Stress Response Signaling (GO:0140467),2/29,0.9562667747518204,0.9999962554776264,0,0,0.3940693858415377,0.0176221334182944,BATF2;NFE2L3,Basal,Activated
GO_Biological_Process_2023,Maintenance Of Blood-Brain Barrier (GO:0035633),2/29,0.9562667747518204,0.9999962554776264,0,0,0.3940693858415377,0.0176221334182944,GJB6;LSR,Basal,Activated
GO_Biological_Process_2023,Negative Regulation Of Plasma Membrane Bounded Cell Projection Assembly (GO:0120033),2/29,0.9562667747518204,0.9999962554776264,0,0,0.3940693858415377,0.0176221334182944,TBC1D7;PFN2,Basal,Activated
GO_Biological_Process_2023,Organic Cyclic Compound Biosynthetic Process (GO:1901362),2/29,0.9562667747518204,0.9999962554776264,0,0,0.3940693858415377,0.0176221334182944,SRD5A2;PYCR1,Basal,Activated
GO_Biological_Process_2023,Positive Regulation Of B Cell Proliferation (GO:0030890),2/29,0.9562667747518204,0.9999962554776264,0,0,0.3940693858415377,0.0176221334182944,IL21;TNFSF13B,Basal,Activated
GO_Biological_Process_2023,Positive Regulation Of Viral Genome Replication (GO:0045070),2/29,0.9562667747518204,0.9999962554776264,0,0,0.3940693858415377,0.0176221334182944,TOP2A;SRPK1,Basal,Activated
GO_Biological_Process_2023,Response To Interferon-Beta (GO:0035456),2/29,0.9562667747518204,0.9999962554776264,0,0,0.3940693858415377,0.0176221334182944,AIM2;IFNB1,Basal,Activated
GO_Biological_Process_2023,Response To Steroid Hormone (GO:0048545),2/29,0.9562667747518204,0.9999962554776264,0,0,0.3940693858415377,0.0176221334182944,ATP1A3;SOX30,Basal,Activated
GO_Biological_Process_2023,Cellular Defense Response (GO:0006968),4/48,0.957688299564245,0.9999962554776264,0,0,0.4834475214462548,0.0209008478997333,CXCL9;CLEC5A;HLA-G;KIR2DL4,Basal,Activated
GO_Biological_Process_2023,Positive Regulation Of Reactive Oxygen Species Metabolic Process (GO:2000379),4/48,0.957688299564245,0.9999962554776264,0,0,0.4834475214462548,0.0209008478997333,CLEC7A;ACOD1;MMP8;AGT,Basal,Activated
GO_Biological_Process_2023,Post-Translational Protein Modification (GO:0043687),4/48,0.957688299564245,0.9999962554776264,0,0,0.4834475214462548,0.0209008478997333,CCNA2;DSCC1;ESCO2;AURKB,Basal,Activated
GO_Biological_Process_2023,Anterograde Axonal Transport (GO:0008089),3/39,0.958218444552444,0.9999962554776264,0,0,0.4432309802680173,0.0189168790826027,KIF4A;TRIM46;KIF1A,Basal,Activated
GO_Biological_Process_2023,Neuron Projection Extension (GO:1990138),3/39,0.958218444552444,0.9999962554776264,0,0,0.4432309802680173,0.0189168790826027,SEMA5B;SLC39A12;SH3GL2,Basal,Activated
GO_Biological_Process_2023,Positive Regulation Of Pattern Recognition Receptor Signaling Pathway (GO:0062208),3/39,0.958218444552444,0.9999962554776264,0,0,0.4432309802680173,0.0189168790826027,RSAD2;TRIM15;OASL,Basal,Activated
GO_Biological_Process_2023,Regulation Of Protein Tyrosine Kinase Activity (GO:0061097),3/39,0.958218444552444,0.9999962554776264,0,0,0.4432309802680173,0.0189168790826027,LRP8;LILRP2;AGT,Basal,Activated
GO_Biological_Process_2023,Retina Homeostasis (GO:0001895),3/39,0.958218444552444,0.9999962554776264,0,0,0.4432309802680173,0.0189168790826027,IGHG3;LCN1;CNGB1,Basal,Activated
GO_Biological_Process_2023,Regulation Of Interleukin-6 Production (GO:0032675),12/114,0.959563820080478,0.9999962554776264,0,0,0.6250606909430438,0.0258002875150277,IFIH1;IL1A;ORM1;IFNG;NLRP10;CLEC7A;FOXJ1;BPI;MMP8;TNF;LILRP2;INAVA,Basal,Activated
GO_Biological_Process_2023,Cellular Response To BMP Stimulus (GO:0071773),6/66,0.9608268939486896,0.9999962554776264,0,0,0.5316223067173638,0.0212441682512083,DLX5;SCX;LEFTY2;GDF5;PHOX2B;INHBE,Basal,Activated
GO_Biological_Process_2023,Positive Regulation Of Binding (GO:0051099),9/91,0.961998949522666,0.9999962554776264,0,0,0.5832772504699357,0.0225972807442726,CDT1;FOXC1;TERT;RIPK2;STMN1;PLAUR;MMP8;MMP9;ADD2,Basal,Activated
GO_Biological_Process_2023,RNA Destabilization (GO:0050779),1/19,0.9620448317272688,0.9999962554776264,0,0,0.2956167176350662,0.0114386603107117,LIN28B,Basal,Activated
GO_Biological_Process_2023,Bicarbonate Transport (GO:0015701),1/19,0.9620448317272688,0.9999962554776264,0,0,0.2956167176350662,0.0114386603107117,CYB5R2,Basal,Activated
GO_Biological_Process_2023,Cellular Response To Catecholamine Stimulus (GO:0071870),1/19,0.9620448317272688,0.9999962554776264,0,0,0.2956167176350662,0.0114386603107117,APLP1,Basal,Activated
GO_Biological_Process_2023,Cellular Response To Lectin (GO:1990858),1/19,0.9620448317272688,0.9999962554776264,0,0,0.2956167176350662,0.0114386603107117,CLEC7A,Basal,Activated
GO_Biological_Process_2023,Cortical Actin Cytoskeleton Organization (GO:0030866),1/19,0.9620448317272688,0.9999962554776264,0,0,0.2956167176350662,0.0114386603107117,TNF,Basal,Activated
GO_Biological_Process_2023,Establishment Of Epithelial Cell Polarity (GO:0090162),1/19,0.9620448317272688,0.9999962554776264,0,0,0.2956167176350662,0.0114386603107117,FERMT1,Basal,Activated
GO_Biological_Process_2023,Fluid Transport (GO:0042044),1/19,0.9620448317272688,0.9999962554776264,0,0,0.2956167176350662,0.0114386603107117,AQP5,Basal,Activated
GO_Biological_Process_2023,Ganglioside Metabolic Process (GO:0001573),1/19,0.9620448317272688,0.9999962554776264,0,0,0.2956167176350662,0.0114386603107117,B4GALNT1,Basal,Activated
GO_Biological_Process_2023,Glycosphingolipid Biosynthetic Process (GO:0006688),1/19,0.9620448317272688,0.9999962554776264,0,0,0.2956167176350662,0.0114386603107117,B4GALNT1,Basal,Activated
GO_Biological_Process_2023,Immunoglobulin Production Involved In Immunoglobulin-Mediated Immune Response (GO:0002381),1/19,0.9620448317272688,0.9999962554776264,0,0,0.2956167176350662,0.0114386603107117,HLA-DOB,Basal,Activated
GO_Biological_Process_2023,Inositol Phosphate-Mediated Signaling (GO:0048016),1/19,0.9620448317272688,0.9999962554776264,0,0,0.2956167176350662,0.0114386603107117,EDN2,Basal,Activated
GO_Biological_Process_2023,Interleukin-1-Mediated Signaling Pathway (GO:0070498),1/19,0.9620448317272688,0.9999962554776264,0,0,0.2956167176350662,0.0114386603107117,ST18,Basal,Activated
GO_Biological_Process_2023,Leukotriene Biosynthetic Process (GO:0019370),1/19,0.9620448317272688,0.9999962554776264,0,0,0.2956167176350662,0.0114386603107117,GGTLC2,Basal,Activated
GO_Biological_Process_2023,Linoleic Acid Metabolic Process (GO:0043651),1/19,0.9620448317272688,0.9999962554776264,0,0,0.2956167176350662,0.0114386603107117,RAPSN,Basal,Activated
GO_Biological_Process_2023,Multicellular Organismal-Level Water Homeostasis (GO:0050891),1/19,0.9620448317272688,0.9999962554776264,0,0,0.2956167176350662,0.0114386603107117,BPIFA1,Basal,Activated
GO_Biological_Process_2023,Negative Regulation Of RNA Splicing (GO:0033119),1/19,0.9620448317272688,0.9999962554776264,0,0,0.2956167176350662,0.0114386603107117,SRSF12,Basal,Activated
GO_Biological_Process_2023,Negative Regulation Of Axon Extension Involved In Axon Guidance (GO:0048843),1/19,0.9620448317272688,0.9999962554776264,0,0,0.2956167176350662,0.0114386603107117,SEMA5B,Basal,Activated
GO_Biological_Process_2023,Negative Regulation Of Peptidyl-Serine Phosphorylation (GO:0033137),1/19,0.9620448317272688,0.9999962554776264,0,0,0.2956167176350662,0.0114386603107117,DKK1,Basal,Activated
GO_Biological_Process_2023,Negative Regulation Of Protein Dephosphorylation (GO:0035308),1/19,0.9620448317272688,0.9999962554776264,0,0,0.2956167176350662,0.0114386603107117,MASTL,Basal,Activated
GO_Biological_Process_2023,Negative Regulation Of Telomere Maintenance Via Telomerase (GO:0032211),1/19,0.9620448317272688,0.9999962554776264,0,0,0.2956167176350662,0.0114386603107117,PIF1,Basal,Activated
GO_Biological_Process_2023,Nucleotide Biosynthetic Process (GO:0009165),1/19,0.9620448317272688,0.9999962554776264,0,0,0.2956167176350662,0.0114386603107117,RRM2,Basal,Activated
GO_Biological_Process_2023,Oligodendrocyte Differentiation (GO:0048709),1/19,0.9620448317272688,0.9999962554776264,0,0,0.2956167176350662,0.0114386603107117,SOX8,Basal,Activated
GO_Biological_Process_2023,Pore Complex Assembly (GO:0046931),1/19,0.9620448317272688,0.9999962554776264,0,0,0.2956167176350662,0.0114386603107117,TSPAN33,Basal,Activated
GO_Biological_Process_2023,Positive Regulation Of Activated T Cell Proliferation (GO:0042104),1/19,0.9620448317272688,0.9999962554776264,0,0,0.2956167176350662,0.0114386603107117,CD24,Basal,Activated
GO_Biological_Process_2023,Positive Regulation Of Axon Extension (GO:0045773),1/19,0.9620448317272688,0.9999962554776264,0,0,0.2956167176350662,0.0114386603107117,L1CAM,Basal,Activated
GO_Biological_Process_2023,Positive Regulation Of calcineurin-NFAT Signaling Cascade (GO:0070886),1/19,0.9620448317272688,0.9999962554776264,0,0,0.2956167176350662,0.0114386603107117,TNF,Basal,Activated
GO_Biological_Process_2023,Positive Regulation Of Calcineurin-Mediated Signaling (GO:0106058),1/19,0.9620448317272688,0.9999962554776264,0,0,0.2956167176350662,0.0114386603107117,TNF,Basal,Activated
GO_Biological_Process_2023,Purine Ribonucleotide Transport (GO:0015868),1/19,0.9620448317272688,0.9999962554776264,0,0,0.2956167176350662,0.0114386603107117,CALHM3,Basal,Activated
GO_Biological_Process_2023,rRNA Catabolic Process (GO:0016075),1/19,0.9620448317272688,0.9999962554776264,0,0,0.2956167176350662,0.0114386603107117,EXOSC4,Basal,Activated
GO_Biological_Process_2023,Regulation Of B Cell Differentiation (GO:0045577),1/19,0.9620448317272688,0.9999962554776264,0,0,0.2956167176350662,0.0114386603107117,IL4I1,Basal,Activated
GO_Biological_Process_2023,Regulation Of Behavior (GO:0050795),1/19,0.9620448317272688,0.9999962554776264,0,0,0.2956167176350662,0.0114386603107117,AIM2,Basal,Activated
GO_Biological_Process_2023,Regulation Of Fibroblast Growth Factor Receptor Signaling Pathway (GO:0040036),1/19,0.9620448317272688,0.9999962554776264,0,0,0.2956167176350662,0.0114386603107117,OTX2,Basal,Activated
GO_Biological_Process_2023,Regulation Of Insulin-Like Growth Factor Receptor Signaling Pathway (GO:0043567),1/19,0.9620448317272688,0.9999962554776264,0,0,0.2956167176350662,0.0114386603107117,GHRHR,Basal,Activated
GO_Biological_Process_2023,Regulation Of Lymphocyte Differentiation (GO:0045619),1/19,0.9620448317272688,0.9999962554776264,0,0,0.2956167176350662,0.0114386603107117,IL4I1,Basal,Activated
GO_Biological_Process_2023,Regulation Of Megakaryocyte Differentiation (GO:0045652),1/19,0.9620448317272688,0.9999962554776264,0,0,0.2956167176350662,0.0114386603107117,H4C9,Basal,Activated
GO_Biological_Process_2023,Regulation Of Protein-Containing Complex Disassembly (GO:0043244),1/19,0.9620448317272688,0.9999962554776264,0,0,0.2956167176350662,0.0114386603107117,TNF,Basal,Activated
GO_Biological_Process_2023,Regulation Of Smooth Muscle Cell Migration (GO:0014910),1/19,0.9620448317272688,0.9999962554776264,0,0,0.2956167176350662,0.0114386603107117,S100A11,Basal,Activated
GO_Biological_Process_2023,Response To Fatty Acid (GO:0070542),1/19,0.9620448317272688,0.9999962554776264,0,0,0.2956167176350662,0.0114386603107117,GLDC,Basal,Activated
GO_Biological_Process_2023,Stimulatory C-type Lectin Receptor Signaling Pathway (GO:0002223),1/19,0.9620448317272688,0.9999962554776264,0,0,0.2956167176350662,0.0114386603107117,CLEC7A,Basal,Activated
GO_Biological_Process_2023,Superoxide Anion Generation (GO:0042554),1/19,0.9620448317272688,0.9999962554776264,0,0,0.2956167176350662,0.0114386603107117,TAFA4,Basal,Activated
GO_Biological_Process_2023,tRNA Metabolic Process (GO:0006399),1/19,0.9620448317272688,0.9999962554776264,0,0,0.2956167176350662,0.0114386603107117,POP1,Basal,Activated
GO_Biological_Process_2023,Water Transport (GO:0006833),1/19,0.9620448317272688,0.9999962554776264,0,0,0.2956167176350662,0.0114386603107117,AQP5,Basal,Activated
GO_Biological_Process_2023,Cardiac Muscle Cell Action Potential Involved In Contraction (GO:0086002),2/30,0.9621161607386514,0.9999962554776264,0,0,0.3799728752260398,0.0146745852699179,KCNH2;SCN1A,Basal,Activated
GO_Biological_Process_2023,Immunoglobulin Mediated Immune Response (GO:0016064),2/30,0.9621161607386514,0.9999962554776264,0,0,0.3799728752260398,0.0146745852699179,IL21R;HLA-DOB,Basal,Activated
GO_Biological_Process_2023,Innate Immune Response Activating Cell Surface Receptor Signaling Pathway (GO:0002220),2/30,0.9621161607386514,0.9999962554776264,0,0,0.3799728752260398,0.0146745852699179,CLEC7A;CLEC6A,Basal,Activated
GO_Biological_Process_2023,Intrinsic Apoptotic Signaling Pathway In Response To Endoplasmic Reticulum Stress (GO:0070059),2/30,0.9621161607386514,0.9999962554776264,0,0,0.3799728752260398,0.0146745852699179,BRSK2;CHAC1,Basal,Activated
GO_Biological_Process_2023,Negative Regulation Of Epithelial To Mesenchymal Transition (GO:0010719),2/30,0.9621161607386514,0.9999962554776264,0,0,0.3799728752260398,0.0146745852699179,NKX2-1;FOXA2,Basal,Activated
GO_Biological_Process_2023,"Phagocytosis, Engulfment (GO:0006911)",2/30,0.9621161607386514,0.9999962554776264,0,0,0.3799728752260398,0.0146745852699179,XKR9;RAC3,Basal,Activated
GO_Biological_Process_2023,Positive Regulation Of JUN Kinase Activity (GO:0043507),2/30,0.9621161607386514,0.9999962554776264,0,0,0.3799728752260398,0.0146745852699179,TNF;DKK1,Basal,Activated
GO_Biological_Process_2023,Positive Regulation Of Phosphate Metabolic Process (GO:0045937),2/30,0.9621161607386514,0.9999962554776264,0,0,0.3799728752260398,0.0146745852699179,AVPR1B;IFNG,Basal,Activated
GO_Biological_Process_2023,Regulation Of Dendritic Spine Morphogenesis (GO:0061001),2/30,0.9621161607386514,0.9999962554776264,0,0,0.3799728752260398,0.0146745852699179,KIF1A;LRP8,Basal,Activated
GO_Biological_Process_2023,Regulation Of Potassium Ion Transport (GO:0043266),2/30,0.9621161607386514,0.9999962554776264,0,0,0.3799728752260398,0.0146745852699179,DPP10;KCNH2,Basal,Activated
GO_Biological_Process_2023,Intrinsic Apoptotic Signaling Pathway In Response To DNA Damage (GO:0008630),4/49,0.9623609969765584,0.9999962554776264,0,0,0.4726760959819858,0.0181345218686988,BCL2A1;CHEK2;E2F1;SFN,Basal,Activated
GO_Biological_Process_2023,Positive Regulation Of Pathway-Restricted SMAD Protein Phosphorylation (GO:0010862),4/49,0.9623609969765584,0.9999962554776264,0,0,0.4726760959819858,0.0181345218686988,TTK;LEFTY2;GDF5;INHBE,Basal,Activated
GO_Biological_Process_2023,Regulation Of Cell Communication (GO:0010646),4/49,0.9623609969765584,0.9999962554776264,0,0,0.4726760959819858,0.0181345218686988,HCN4;GRK1;IGFBPL1;TYMP,Basal,Activated
GO_Biological_Process_2023,Regulation Of Epithelial To Mesenchymal Transition (GO:0010717),8/83,0.96237130710341,0.9999962554776264,0,0,0.5669160853942085,0.0217440260145122,SERPINB3;FOXC1;MDK;NKX2-1;ALX1;AGT;EZH2;FOXA2,Basal,Activated
GO_Biological_Process_2023,Vascular Transport (GO:0010232),8/83,0.96237130710341,0.9999962554776264,0,0,0.5669160853942085,0.0217440260145122,SLC7A5;SLC16A1;AVPR1B;SLC6A17;SLC6A9;SLC2A1;SLC38A3;SLC38A5,Basal,Activated
GO_Biological_Process_2023,Muscle Organ Development (GO:0007517),5/58,0.963093925576057,0.9999962554776264,0,0,0.5015807938035274,0.0188616135004955,TEAD4;CHODL;CXCL10;MYOD1;MYH6,Basal,Activated
GO_Biological_Process_2023,Positive Regulation Of Mitochondrion Organization (GO:0010822),5/58,0.963093925576057,0.9999962554776264,0,0,0.5015807938035274,0.0188616135004955,HRK;MLLT11;PLAUR;MMP9;AURKA,Basal,Activated
GO_Biological_Process_2023,Regulation Of Phagocytosis (GO:0050764),5/58,0.963093925576057,0.9999962554776264,0,0,0.5015807938035274,0.0188616135004955,IFNG;AHSG;CLEC7A;APOA2;TNF,Basal,Activated
GO_Biological_Process_2023,Aortic Valve Development (GO:0003176),3/40,0.9632371855292182,0.9999962554776264,0,0,0.4312260978927645,0.0161518317725347,TBX20;GATA5;NKX2-5,Basal,Activated
GO_Biological_Process_2023,Nucleic Acid-Templated Transcription (GO:0097659),3/40,0.9632371855292182,0.9999962554776264,0,0,0.4312260978927645,0.0161518317725347,TERT;E2F1;SCX,Basal,Activated
GO_Biological_Process_2023,Positive Regulation Of Myeloid Leukocyte Differentiation (GO:0002763),3/40,0.9632371855292182,0.9999962554776264,0,0,0.4312260978927645,0.0161518317725347,IFNG;TNF;POU4F1,Basal,Activated
GO_Biological_Process_2023,Positive Regulation Of Wound Healing (GO:0090303),3/40,0.9632371855292182,0.9999962554776264,0,0,0.4312260978927645,0.0161518317725347,FERMT1;CLEC7A;F12,Basal,Activated
GO_Biological_Process_2023,Regulation Of Cytokine-Mediated Signaling Pathway (GO:0001959),3/40,0.9632371855292182,0.9999962554776264,0,0,0.4312260978927645,0.0161518317725347,IGF2BP1;IL36RN;CD24,Basal,Activated
GO_Biological_Process_2023,Regulation Of Microtubule Cytoskeleton Organization (GO:0070507),3/40,0.9632371855292182,0.9999962554776264,0,0,0.4312260978927645,0.0161518317725347,STMN1;SKA3;SKA1,Basal,Activated
GO_Biological_Process_2023,Regulation Of Microtubule Polymerization (GO:0031113),3/40,0.9632371855292182,0.9999962554776264,0,0,0.4312260978927645,0.0161518317725347,PSRC1;STMN1;TUBB4A,Basal,Activated
GO_Biological_Process_2023,Synaptic Vesicle Endocytosis (GO:0048488),3/40,0.9632371855292182,0.9999962554776264,0,0,0.4312260978927645,0.0161518317725347,SH3GL3;DNAJC6;SH3GL2,Basal,Activated
GO_Biological_Process_2023,Modulation Of Chemical Synaptic Transmission (GO:0050804),13/123,0.9633051623698132,0.9999962554776264,0,0,0.6278010335171339,0.0234703605888945,CHRNB4;UNC13A;CACNA1B;TNF;LRP8;RIMS2;CDH2;SLC6A9;NMU;GRM8;NPTX2;DLGAP3;CACNG5,Basal,Activated
GO_Biological_Process_2023,Cell Chemotaxis (GO:0060326),4/50,0.9665505643195886,0.9999962554776264,0,0,0.4623729933639893,0.0157306989767381,CCL25;HOXB9;CCL20;DEFB4A,Basal,Activated
GO_Biological_Process_2023,Positive Regulation Of Cell Death (GO:0010942),4/50,0.9665505643195886,0.9999962554776264,0,0,0.4623729933639893,0.0157306989767381,IFNG;ATG9B;TNF;MT3,Basal,Activated
GO_Biological_Process_2023,Positive Regulation Of Transport (GO:0051050),4/50,0.9665505643195886,0.9999962554776264,0,0,0.4623729933639893,0.0157306989767381,SPAG5;TFR2;SYNGR3;TNF,Basal,Activated
GO_Biological_Process_2023,Plasma Membrane Bounded Cell Projection Organization (GO:0120036),14/132,0.966701396820904,0.9999962554776264,0,0,0.630155277496608,0.0213406020518469,ROPN1B;EPHA8;RASGRF1;PRDM12;L1CAM;POU4F1;GPRIN2;GDNF;GPRIN1;NPY;STMN1;NRTN;SH3GL2;ROPN1,Basal,Activated
GO_Biological_Process_2023,Regulation Of miRNA Transcription (GO:1902893),5/59,0.966941902650564,0.9999962554776264,0,0,0.4922629312873215,0.0165483366644892,MYCN;TERT;WT1;TNF;POU5F1,Basal,Activated
GO_Biological_Process_2023,Regulation Of Multicellular Organismal Development (GO:2000026),5/59,0.966941902650564,0.9999962554776264,0,0,0.4922629312873215,0.0165483366644892,GBX2;RACGAP1;CDK1;SCX;CD24,Basal,Activated
GO_Biological_Process_2023,Actin Filament Polymerization (GO:0030041),2/31,0.9672097359813332,0.9999962554776264,0,0,0.3668485377564382,0.012230698546163,VIL1;DIAPH3,Basal,Activated
GO_Biological_Process_2023,Antigen Processing And Presentation Of Exogenous Peptide Antigen (GO:0002478),2/31,0.9672097359813332,0.9999962554776264,0,0,0.3668485377564382,0.012230698546163,CTSV;HLA-DOB,Basal,Activated
GO_Biological_Process_2023,Cellular Response To cAMP (GO:0071320),2/31,0.9672097359813332,0.9999962554776264,0,0,0.3668485377564382,0.012230698546163,HCN4;WT1,Basal,Activated
GO_Biological_Process_2023,Modulation Of Excitatory Postsynaptic Potential (GO:0098815),2/31,0.9672097359813332,0.9999962554776264,0,0,0.3668485377564382,0.012230698546163,RIMS2;GRIN2D,Basal,Activated
GO_Biological_Process_2023,Negative Chemotaxis (GO:0050919),2/31,0.9672097359813332,0.9999962554776264,0,0,0.3668485377564382,0.012230698546163,EPHA7;LRTM2,Basal,Activated
GO_Biological_Process_2023,Negative Regulation Of DNA Biosynthetic Process (GO:2000279),2/31,0.9672097359813332,0.9999962554776264,0,0,0.3668485377564382,0.012230698546163,PIF1;ANKRD1,Basal,Activated
GO_Biological_Process_2023,Negative Regulation Of Cell-Matrix Adhesion (GO:0001953),2/31,0.9672097359813332,0.9999962554776264,0,0,0.3668485377564382,0.012230698546163,MMP12;CDKN2A,Basal,Activated
GO_Biological_Process_2023,Positive Regulation Of Rho Protein Signal Transduction (GO:0035025),2/31,0.9672097359813332,0.9999962554776264,0,0,0.3668485377564382,0.012230698546163,RTN4R;GPR55,Basal,Activated
GO_Biological_Process_2023,Positive Regulation Of Glucose Transmembrane Transport (GO:0010828),2/31,0.9672097359813332,0.9999962554776264,0,0,0.3668485377564382,0.012230698546163,ERFE;FGF21,Basal,Activated
GO_Biological_Process_2023,Regulation Of Centrosome Duplication (GO:0010824),2/31,0.9672097359813332,0.9999962554776264,0,0,0.3668485377564382,0.012230698546163,STIL;CCNF,Basal,Activated
GO_Biological_Process_2023,Regulation Of Protein Localization To Cell Surface (GO:2000008),2/31,0.9672097359813332,0.9999962554776264,0,0,0.3668485377564382,0.012230698546163,ACTN2;TNF,Basal,Activated
GO_Biological_Process_2023,Regulation Of Response To Biotic Stimulus (GO:0002831),2/31,0.9672097359813332,0.9999962554776264,0,0,0.3668485377564382,0.012230698546163,CGAS;LRP8,Basal,Activated
GO_Biological_Process_2023,Regulation Of Transmembrane Receptor Protein Serine/Threonine Kinase Signaling Pathway (GO:0090092),2/31,0.9672097359813332,0.9999962554776264,0,0,0.3668485377564382,0.012230698546163,FSTL5;SOX11,Basal,Activated
GO_Biological_Process_2023,Non-Canonical Wnt Signaling Pathway (GO:0035567),3/41,0.9676839627071884,0.9999962554776264,0,0,0.4198530514319988,0.0137920593036231,VANGL2;FZD9;CELSR3,Basal,Activated
GO_Biological_Process_2023,Regulation Of Chemokine Production (GO:0032642),3/41,0.9676839627071884,0.9999962554776264,0,0,0.4198530514319988,0.0137920593036231,CHIA;IFNG;TNF,Basal,Activated
GO_Biological_Process_2023,Regulation Of Heart Rate By Cardiac Conduction (GO:0086091),3/41,0.9676839627071884,0.9999962554776264,0,0,0.4198530514319988,0.0137920593036231,HCN4;KCNH2;DSC2,Basal,Activated
GO_Biological_Process_2023,Stem Cell Differentiation (GO:0048863),3/41,0.9676839627071884,0.9999962554776264,0,0,0.4198530514319988,0.0137920593036231,EPCAM;HMGA2;EPOP,Basal,Activated
GO_Biological_Process_2023,T Cell Mediated Immunity (GO:0002456),1/20,0.9680509232209552,0.9999962554776264,0,0,0.2800412927288166,0.0090931050068072,CR1L,Basal,Activated
GO_Biological_Process_2023,Activation Of Adenylate Cyclase Activity (GO:0007190),1/20,0.9680509232209552,0.9999962554776264,0,0,0.2800412927288166,0.0090931050068072,ADCYAP1,Basal,Activated
GO_Biological_Process_2023,Adenine Nucleotide Transport (GO:0051503),1/20,0.9680509232209552,0.9999962554776264,0,0,0.2800412927288166,0.0090931050068072,CALHM3,Basal,Activated
GO_Biological_Process_2023,Calcium-Mediated Signaling Using Intracellular Calcium Source (GO:0035584),1/20,0.9680509232209552,0.9999962554776264,0,0,0.2800412927288166,0.0090931050068072,CCL20,Basal,Activated
GO_Biological_Process_2023,Cell Projection Organization (GO:0030030),1/20,0.9680509232209552,0.9999962554776264,0,0,0.2800412927288166,0.0090931050068072,RAC3,Basal,Activated
GO_Biological_Process_2023,Cilium-Dependent Cell Motility (GO:0060285),1/20,0.9680509232209552,0.9999962554776264,0,0,0.2800412927288166,0.0090931050068072,DNAH17,Basal,Activated
GO_Biological_Process_2023,Endoplasmic Reticulum Calcium Ion Homeostasis (GO:0032469),1/20,0.9680509232209552,0.9999962554776264,0,0,0.2800412927288166,0.0090931050068072,TUNAR,Basal,Activated
GO_Biological_Process_2023,Hydrogen Peroxide Catabolic Process (GO:0042744),1/20,0.9680509232209552,0.9999962554776264,0,0,0.2800412927288166,0.0090931050068072,HBQ1,Basal,Activated
GO_Biological_Process_2023,Limb Morphogenesis (GO:0035108),1/20,0.9680509232209552,0.9999962554776264,0,0,0.2800412927288166,0.0090931050068072,HOXA11,Basal,Activated
GO_Biological_Process_2023,Long-Term Memory (GO:0007616),1/20,0.9680509232209552,0.9999962554776264,0,0,0.2800412927288166,0.0090931050068072,RASGRF1,Basal,Activated
GO_Biological_Process_2023,Mitochondrial RNA Metabolic Process (GO:0000959),1/20,0.9680509232209552,0.9999962554776264,0,0,0.2800412927288166,0.0090931050068072,MRPL12,Basal,Activated
GO_Biological_Process_2023,Myoblast Differentiation (GO:0045445),1/20,0.9680509232209552,0.9999962554776264,0,0,0.2800412927288166,0.0090931050068072,TBXT,Basal,Activated
GO_Biological_Process_2023,Negative Regulation Of B Cell Activation (GO:0050869),1/20,0.9680509232209552,0.9999962554776264,0,0,0.2800412927288166,0.0090931050068072,FOXJ1,Basal,Activated
GO_Biological_Process_2023,Negative Regulation Of Cytokine Production Involved In Inflammatory Response (GO:1900016),1/20,0.9680509232209552,0.9999962554776264,0,0,0.2800412927288166,0.0090931050068072,NLRP7,Basal,Activated
GO_Biological_Process_2023,Negative Regulation Of miRNA Transcription (GO:1902894),1/20,0.9680509232209552,0.9999962554776264,0,0,0.2800412927288166,0.0090931050068072,POU5F1,Basal,Activated
GO_Biological_Process_2023,Negative Regulation Of Phosphate Metabolic Process (GO:0045936),1/20,0.9680509232209552,0.9999962554776264,0,0,0.2800412927288166,0.0090931050068072,CDKN2A,Basal,Activated
GO_Biological_Process_2023,Negative Regulation Of Protein Localization To Plasma Membrane (GO:1903077),1/20,0.9680509232209552,0.9999962554776264,0,0,0.2800412927288166,0.0090931050068072,GBP1,Basal,Activated
GO_Biological_Process_2023,Negative Regulation Of Stem Cell Population Maintenance (GO:1902455),1/20,0.9680509232209552,0.9999962554776264,0,0,0.2800412927288166,0.0090931050068072,SAP30,Basal,Activated
GO_Biological_Process_2023,Nuclear-Transcribed mRNA poly(A) Tail Shortening (GO:0000289),1/20,0.9680509232209552,0.9999962554776264,0,0,0.2800412927288166,0.0090931050068072,PNLDC1,Basal,Activated
GO_Biological_Process_2023,Phosphatidylserine Metabolic Process (GO:0006658),1/20,0.9680509232209552,0.9999962554776264,0,0,0.2800412927288166,0.0090931050068072,PLA2G2F,Basal,Activated
GO_Biological_Process_2023,Positive Regulation Of Lipid Catabolic Process (GO:0050996),1/20,0.9680509232209552,0.9999962554776264,0,0,0.2800412927288166,0.0090931050068072,APOA2,Basal,Activated
GO_Biological_Process_2023,Positive Regulation Of Phospholipase Activity (GO:0010518),1/20,0.9680509232209552,0.9999962554776264,0,0,0.2800412927288166,0.0090931050068072,AVPR1B,Basal,Activated
GO_Biological_Process_2023,Positive Regulation Of Vascular Associated Smooth Muscle Cell Proliferation (GO:1904707),1/20,0.9680509232209552,0.9999962554776264,0,0,0.2800412927288166,0.0090931050068072,MMP9,Basal,Activated
GO_Biological_Process_2023,Protein Deacylation (GO:0035601),1/20,0.9680509232209552,0.9999962554776264,0,0,0.2800412927288166,0.0090931050068072,NOTUM,Basal,Activated
GO_Biological_Process_2023,protein-DNA Complex Disassembly (GO:0032986),1/20,0.9680509232209552,0.9999962554776264,0,0,0.2800412927288166,0.0090931050068072,HMGA1,Basal,Activated
GO_Biological_Process_2023,Regulation Of Calcium Ion Transmembrane Transport (GO:1903169),1/20,0.9680509232209552,0.9999962554776264,0,0,0.2800412927288166,0.0090931050068072,UBASH3B,Basal,Activated
GO_Biological_Process_2023,Regulation Of Cardiac Muscle Cell Proliferation (GO:0060043),1/20,0.9680509232209552,0.9999962554776264,0,0,0.2800412927288166,0.0090931050068072,TBX20,Basal,Activated
GO_Biological_Process_2023,Regulation Of Cardiac Muscle Contraction By Calcium Ion Signaling (GO:0010882),1/20,0.9680509232209552,0.9999962554776264,0,0,0.2800412927288166,0.0090931050068072,TNNI3,Basal,Activated
GO_Biological_Process_2023,Regulation Of Meiotic Cell Cycle (GO:0051445),1/20,0.9680509232209552,0.9999962554776264,0,0,0.2800412927288166,0.0090931050068072,CDC20,Basal,Activated
GO_Biological_Process_2023,Regulation Of Membrane Depolarization (GO:0003254),1/20,0.9680509232209552,0.9999962554776264,0,0,0.2800412927288166,0.0090931050068072,HCN4,Basal,Activated
GO_Biological_Process_2023,Regulation Of Mitotic Spindle Assembly (GO:1901673),1/20,0.9680509232209552,0.9999962554776264,0,0,0.2800412927288166,0.0090931050068072,PLK1,Basal,Activated
GO_Biological_Process_2023,Regulation Of Toll-Like Receptor Signaling Pathway (GO:0034121),1/20,0.9680509232209552,0.9999962554776264,0,0,0.2800412927288166,0.0090931050068072,SMPDL3B,Basal,Activated
GO_Biological_Process_2023,Response To Fibroblast Growth Factor (GO:0071774),1/20,0.9680509232209552,0.9999962554776264,0,0,0.2800412927288166,0.0090931050068072,CXCL8,Basal,Activated
GO_Biological_Process_2023,Striated Muscle Cell Differentiation (GO:0051146),1/20,0.9680509232209552,0.9999962554776264,0,0,0.2800412927288166,0.0090931050068072,POPDC3,Basal,Activated
GO_Biological_Process_2023,Xenobiotic Transport (GO:0042908),1/20,0.9680509232209552,0.9999962554776264,0,0,0.2800412927288166,0.0090931050068072,SLC7A5,Basal,Activated
GO_Biological_Process_2023,Defense Response To Gram-positive Bacterium (GO:0050830),8/85,0.9688384926502772,0.9999962554776264,0,0,0.5521251101466701,0.0174788207458487,H2BC12;PGLYRP4;PGLYRP3;RNASE10;H2BC11;DEFB4A;SPRR2A;KRT6A,Basal,Activated
GO_Biological_Process_2023,Transport Across Blood-Brain Barrier (GO:0150104),8/85,0.9688384926502772,0.9999962554776264,0,0,0.5521251101466701,0.0174788207458487,SLC7A5;SLC16A1;AVPR1B;SLC6A17;SLC6A9;SLC2A1;SLC38A3;SLC38A5,Basal,Activated
GO_Biological_Process_2023,Embryonic Organ Development (GO:0048568),7/77,0.9698155752097852,0.9999962554776264,0,0,0.5314738510301109,0.0162893303141898,TEAD4;STIL;CXCL8;COL2A1;GDNF;NKX2-5;TNF,Basal,Activated
GO_Biological_Process_2023,Regulation Of T Cell Proliferation (GO:0042129),7/77,0.9698155752097852,0.9999962554776264,0,0,0.5314738510301109,0.0162893303141898,IL21;PLA2G2F;IL4I1;CD80;HLA-G;IDO1;ZP4,Basal,Activated
GO_Biological_Process_2023,Positive Regulation Of Ras Protein Signal Transduction (GO:0046579),4/51,0.970302025567642,0.9999962554776264,0,0,0.452508320644631,0.0136421707964226,RTN4R;RASGRF1;GPR55;RASGRP1,Basal,Activated
GO_Biological_Process_2023,Positive Regulation Of Protein Localization To Cell Periphery (GO:1904377),4/51,0.970302025567642,0.9999962554776264,0,0,0.452508320644631,0.0136421707964226,DPP10;GPSM2;IFNG;TNF,Basal,Activated
GO_Biological_Process_2023,Regulated Exocytosis (GO:0045055),4/51,0.970302025567642,0.9999962554776264,0,0,0.452508320644631,0.0136421707964226,RIMS2;TMEM79;SYT13;SYNGR3,Basal,Activated
GO_Biological_Process_2023,Regulation Of Substrate Adhesion-Dependent Cell Spreading (GO:1900024),4/51,0.970302025567642,0.9999962554776264,0,0,0.452508320644631,0.0136421707964226,MDK;RAC3;MELTF;GBP1,Basal,Activated
GO_Biological_Process_2023,Regulation Of Telomere Maintenance Via Telomerase (GO:0032210),4/51,0.970302025567642,0.9999962554776264,0,0,0.452508320644631,0.0136421707964226,PIF1;NEK2;MAPK15;AURKB,Basal,Activated
GO_Biological_Process_2023,Positive Regulation Of Phagocytosis (GO:0050766),5/60,0.970416223906672,0.9999962554776264,0,0,0.4832839001353414,0.0145131134872614,IFNG;AHSG;CLEC7A;APOA2;TNF,Basal,Activated
GO_Biological_Process_2023,Response To Light Stimulus (GO:0009416),5/60,0.970416223906672,0.9999962554776264,0,0,0.4832839001353414,0.0145131134872614,SERPINB13;PCLAF;GNAT1;RGR;TNFSF13B,Basal,Activated
GO_Biological_Process_2023,Modulation By Host Of Symbiont Process (GO:0051851),3/42,0.971618871618918,0.9999962554776264,0,0,0.4090632381230671,0.0117776091812354,HMGA2;SPRR2A;SAP30,Basal,Activated
GO_Biological_Process_2023,Organic Hydroxy Compound Biosynthetic Process (GO:1901617),3/42,0.971618871618918,0.9999962554776264,0,0,0.4090632381230671,0.0117776091812354,SQLE;SRD5A2;PSAT1,Basal,Activated
GO_Biological_Process_2023,'De Novo' Post-Translational Protein Folding (GO:0051084),2/32,0.9716401897174456,0.9999962554776264,0,0,0.3545991561181434,0.0102017178101072,HSPA6;HSPA14,Basal,Activated
GO_Biological_Process_2023,Glycosphingolipid Metabolic Process (GO:0006687),2/32,0.9716401897174456,0.9999962554776264,0,0,0.3545991561181434,0.0102017178101072,UGT8;B4GALNT1,Basal,Activated
GO_Biological_Process_2023,miRNA Processing (GO:0035196),2/32,0.9716401897174456,0.9999962554776264,0,0,0.3545991561181434,0.0102017178101072,TRIM71;LIN28B,Basal,Activated
GO_Biological_Process_2023,Negative Regulation Of Fat Cell Differentiation (GO:0045599),2/32,0.9716401897174456,0.9999962554776264,0,0,0.3545991561181434,0.0102017178101072,E2F1;TNF,Basal,Activated
GO_Biological_Process_2023,Positive Regulation Of Synapse Assembly (GO:0051965),2/32,0.9716401897174456,0.9999962554776264,0,0,0.3545991561181434,0.0102017178101072,VSTM5;EPHB3,Basal,Activated
GO_Biological_Process_2023,Purine Ribonucleoside Triphosphate Metabolic Process (GO:0009205),2/32,0.9716401897174456,0.9999962554776264,0,0,0.3545991561181434,0.0102017178101072,MYH6;MYH7,Basal,Activated
GO_Biological_Process_2023,Regulation Of Calcium Ion Transmembrane Transporter Activity (GO:1901019),2/32,0.9716401897174456,0.9999962554776264,0,0,0.3545991561181434,0.0102017178101072,JPH3;JPH1,Basal,Activated
GO_Biological_Process_2023,Regulation Of Transcription By RNA Polymerase I (GO:0006356),2/32,0.9716401897174456,0.9999962554776264,0,0,0.3545991561181434,0.0102017178101072,PRR7;BEND3,Basal,Activated
GO_Biological_Process_2023,Very Long-Chain Fatty Acid Metabolic Process (GO:0000038),2/32,0.9716401897174456,0.9999962554776264,0,0,0.3545991561181434,0.0102017178101072,ELOVL4;ACSL6,Basal,Activated
GO_Biological_Process_2023,Inorganic Cation Transmembrane Transport (GO:0098662),34/284,0.9725537659586032,0.9999962554776264,0,0,0.7212173913043478,0.0200714213542183,KCNG1;KCNK5;HCN4;KCNG3;KCNK9;ATP1A3;SLC30A10;ATP12A;KCNV1;ASIC4;ASIC5;TRPM8;TRPM5;SLC39A4;KCNH2;SLC6A19;SLC6A17;TRPA1;SLC6A15;KCNB2;HTR3E;SLC12A1;TRPV3;SLC6A11;HTR3A;OTOP1;HTR3B;MCOLN2;SLC6A9;KCNQ3;KCNQ4;KCNQ5;RHCG;RHCE,Basal,Activated
GO_Biological_Process_2023,Neuron Development (GO:0048666),16/150,0.972574179062058,0.9999962554776264,0,0,0.6339820288259909,0.0176303616884091,EPHA8;RASGRF1;PRDM12;L1CAM;POU3F2;POU4F1;PHOX2B;ADCYAP1;GPRIN2;ISL2;GDNF;GPRIN1;NPY;STMN1;NRTN;SH3GL2,Basal,Activated
GO_Biological_Process_2023,Aminoglycan Biosynthetic Process (GO:0006023),1/21,0.9731067938421534,0.9999962554776264,0,0,0.266023410313192,0.0072521827099758,B3GNT4,Basal,Activated
GO_Biological_Process_2023,Cellular Response To Nerve Growth Factor Stimulus (GO:1990090),1/21,0.9731067938421534,0.9999962554776264,0,0,0.266023410313192,0.0072521827099758,SH3GL2,Basal,Activated
GO_Biological_Process_2023,Focal Adhesion Assembly (GO:0048041),1/21,0.9731067938421534,0.9999962554776264,0,0,0.266023410313192,0.0072521827099758,ACTN2,Basal,Activated
GO_Biological_Process_2023,Histone H2A Acetylation (GO:0043968),1/21,0.9731067938421534,0.9999962554776264,0,0,0.266023410313192,0.0072521827099758,MSL3P1,Basal,Activated
GO_Biological_Process_2023,Lipid Catabolic Process (GO:0016042),1/21,0.9731067938421534,0.9999962554776264,0,0,0.266023410313192,0.0072521827099758,PNLIPRP1,Basal,Activated
GO_Biological_Process_2023,Modulation By Host Of Viral Genome Replication (GO:0044827),1/21,0.9731067938421534,0.9999962554776264,0,0,0.266023410313192,0.0072521827099758,IFI27,Basal,Activated
GO_Biological_Process_2023,Negative Regulation Of miRNA Metabolic Process (GO:2000629),1/21,0.9731067938421534,0.9999962554776264,0,0,0.266023410313192,0.0072521827099758,POU5F1,Basal,Activated
GO_Biological_Process_2023,Negative Regulation Of Osteoclast Differentiation (GO:0045671),1/21,0.9731067938421534,0.9999962554776264,0,0,0.266023410313192,0.0072521827099758,GPR55,Basal,Activated
GO_Biological_Process_2023,Negative Regulation Of Reactive Oxygen Species Metabolic Process (GO:2000378),1/21,0.9731067938421534,0.9999962554776264,0,0,0.266023410313192,0.0072521827099758,MT3,Basal,Activated
GO_Biological_Process_2023,Positive Regulation Of T Cell Cytokine Production (GO:0002726),1/21,0.9731067938421534,0.9999962554776264,0,0,0.266023410313192,0.0072521827099758,RSAD2,Basal,Activated
GO_Biological_Process_2023,Positive Regulation Of Dendritic Spine Development (GO:0060999),1/21,0.9731067938421534,0.9999962554776264,0,0,0.266023410313192,0.0072521827099758,LRP8,Basal,Activated
GO_Biological_Process_2023,Positive Regulation Of Smoothened Signaling Pathway (GO:0045880),1/21,0.9731067938421534,0.9999962554776264,0,0,0.266023410313192,0.0072521827099758,TEDC2,Basal,Activated
GO_Biological_Process_2023,Positive Regulation Of Translational Initiation (GO:0045948),1/21,0.9731067938421534,0.9999962554776264,0,0,0.266023410313192,0.0072521827099758,DAZL,Basal,Activated
GO_Biological_Process_2023,Protein Mannosylation (GO:0035268),1/21,0.9731067938421534,0.9999962554776264,0,0,0.266023410313192,0.0072521827099758,LARGE2,Basal,Activated
GO_Biological_Process_2023,Regulation Of Dendritic Spine Development (GO:0060998),1/21,0.9731067938421534,0.9999962554776264,0,0,0.266023410313192,0.0072521827099758,KIF1A,Basal,Activated
GO_Biological_Process_2023,Regulation Of Lipid Storage (GO:0010883),1/21,0.9731067938421534,0.9999962554776264,0,0,0.266023410313192,0.0072521827099758,TNF,Basal,Activated
GO_Biological_Process_2023,Regulation Of Neurotransmitter Transport (GO:0051588),1/21,0.9731067938421534,0.9999962554776264,0,0,0.266023410313192,0.0072521827099758,CHRNB4,Basal,Activated
GO_Biological_Process_2023,Sodium Ion Import Across Plasma Membrane (GO:0098719),1/21,0.9731067938421534,0.9999962554776264,0,0,0.266023410313192,0.0072521827099758,HCN4,Basal,Activated
GO_Biological_Process_2023,Sulfur Compound Transport (GO:0072348),1/21,0.9731067938421534,0.9999962554776264,0,0,0.266023410313192,0.0072521827099758,RACGAP1,Basal,Activated
GO_Biological_Process_2023,BMP Signaling Pathway (GO:0030509),5/61,0.9735493456554656,0.9999962554776264,0,0,0.4746255486673605,0.012723176278421,DLX5;SCX;LEFTY2;GDF5;INHBE,Basal,Activated
GO_Biological_Process_2023,Negative Regulation Of Intrinsic Apoptotic Signaling Pathway (GO:2001243),5/61,0.9735493456554656,0.9999962554776264,0,0,0.4746255486673605,0.012723176278421,DDIAS;RTKN2;PLAUR;MMP9;MAGEA3,Basal,Activated
GO_Biological_Process_2023,Positive Regulation Of Interleukin-8 Production (GO:0032757),5/61,0.9735493456554656,0.9999962554776264,0,0,0.4746255486673605,0.012723176278421,NLRP10;CLEC7A;APOA2;CHI3L1;TNF,Basal,Activated
GO_Biological_Process_2023,Regulation Of Pathway-Restricted SMAD Protein Phosphorylation (GO:0060393),5/61,0.9735493456554656,0.9999962554776264,0,0,0.4746255486673605,0.012723176278421,TTK;DKK1;LEFTY2;GDF5;INHBE,Basal,Activated
GO_Biological_Process_2023,Negative Regulation Of Innate Immune Response (GO:0045824),4/52,0.973656962969594,0.9999962554776264,0,0,0.4430546759552459,0.011827890174702,CGAS;ACOD1;ISG15;AURKB,Basal,Activated
GO_Biological_Process_2023,Peptidyl-Serine Modification (GO:0018209),18/166,0.9738523084884624,0.9999962554776264,0,0,0.645631318341242,0.0171064026084322,GALNT13;PNCK;PLK1;MAST1;CDC7;PRKX;TTK;MASTL;SRPK1;AURKA;SBK1;CAMKV;MYO3B;MGAT5B;MYO3A;CDK1;PBK;CLSPN,Basal,Activated
GO_Biological_Process_2023,Regulation Of Type II Interferon Production (GO:0032649),8/87,0.9742788601884173,0.9999962554776264,0,0,0.5380830450382476,0.0140212131390978,IL21;SLC7A5;IFNL1;CLEC7A;IL36RN;ISG15;RASGRP1;IL12RB2,Basal,Activated
GO_Biological_Process_2023,Neurotransmitter Secretion (GO:0007269),3/43,0.9750965539809262,0.9999962554776264,0,0,0.3988129154795821,0.0100575764382359,RIMS2;UNC13A;HRH3,Basal,Activated
GO_Biological_Process_2023,Regulation Of JUN Kinase Activity (GO:0043506),3/43,0.9750965539809262,0.9999962554776264,0,0,0.3988129154795821,0.0100575764382359,SERPINB3;TNF;DKK1,Basal,Activated
GO_Biological_Process_2023,Regulation Of Filopodium Assembly (GO:0051489),3/43,0.9750965539809262,0.9999962554776264,0,0,0.3988129154795821,0.0100575764382359,MYO3B;MYO3A;FSCN1,Basal,Activated
GO_Biological_Process_2023,Epithelial Tube Morphogenesis (GO:0060562),2/33,0.9754898056180028,0.9999962554776264,0,0,0.3431400571661903,0.0085152158993693,TBX20;PRKX,Basal,Activated
GO_Biological_Process_2023,Glycolipid Metabolic Process (GO:0006664),2/33,0.9754898056180028,0.9999962554776264,0,0,0.3431400571661903,0.0085152158993693,UGT8;B4GALNT1,Basal,Activated
GO_Biological_Process_2023,Inositol Lipid-Mediated Signaling (GO:0048017),2/33,0.9754898056180028,0.9999962554776264,0,0,0.3431400571661903,0.0085152158993693,PLCH1;MUC5AC,Basal,Activated
GO_Biological_Process_2023,Positive Regulation Of Ion Transmembrane Transporter Activity (GO:0032414),2/33,0.9754898056180028,0.9999962554776264,0,0,0.3431400571661903,0.0085152158993693,IFNG;ACTN2,Basal,Activated
GO_Biological_Process_2023,Positive Regulation Of Reproductive Process (GO:2000243),2/33,0.9754898056180028,0.9999962554776264,0,0,0.3431400571661903,0.0085152158993693,RNASE10;ZP4,Basal,Activated
GO_Biological_Process_2023,Regulation Of Activated T Cell Proliferation (GO:0046006),2/33,0.9754898056180028,0.9999962554776264,0,0,0.3431400571661903,0.0085152158993693,CD24;IDO1,Basal,Activated
GO_Biological_Process_2023,Regulation Of Amyloid-Beta Formation (GO:1902003),2/33,0.9754898056180028,0.9999962554776264,0,0,0.3431400571661903,0.0085152158993693,IFNG;TNF,Basal,Activated
GO_Biological_Process_2023,Regulation Of Cell Adhesion Mediated By Integrin (GO:0033628),2/33,0.9754898056180028,0.9999962554776264,0,0,0.3431400571661903,0.0085152158993693,EPHA8;RAC3,Basal,Activated
GO_Biological_Process_2023,Regulation Of Lamellipodium Assembly (GO:0010591),2/33,0.9754898056180028,0.9999962554776264,0,0,0.3431400571661903,0.0085152158993693,CARMIL2;FSCN1,Basal,Activated
GO_Biological_Process_2023,Regulation Of Potassium Ion Transmembrane Transport (GO:1901379),2/33,0.9754898056180028,0.9999962554776264,0,0,0.3431400571661903,0.0085152158993693,DPP10;KCNH2,Basal,Activated
GO_Biological_Process_2023,Regulation Of Sprouting Angiogenesis (GO:1903670),2/33,0.9754898056180028,0.9999962554776264,0,0,0.3431400571661903,0.0085152158993693,S100A1;E2F2,Basal,Activated
GO_Biological_Process_2023,Regulation Of Type I Interferon-Mediated Signaling Pathway (GO:0060338),2/33,0.9754898056180028,0.9999962554776264,0,0,0.3431400571661903,0.0085152158993693,IGF2BP1;ISG15,Basal,Activated
GO_Biological_Process_2023,Intracellular Monoatomic Cation Homeostasis (GO:0030003),21/190,0.9759616053711327,0.9999962554776264,0,0,0.6594383502031728,0.0160454751063801,CALCB;EDN2;CCL11;TRPA1;HTR2C;ATP1A3;SLC39A12;ATP12A;ERFE;SLC30A10;CP;MT3;ATP4B;HEPHL1;CCL7;FTMT;TFR2;CCL1;TNNI3;CLDN16;SLC39A4,Basal,Activated
GO_Biological_Process_2023,Positive Regulation Of Apoptotic Signaling Pathway (GO:2001235),5/62,0.9763714442678108,0.9999962554776264,0,0,0.4662709990052737,0.0111495592403604,IFNB1;CTSV;TNF;S100A9;S100A8,Basal,Activated
GO_Biological_Process_2023,Regulation Of Receptor Signaling Pathway Via JAK-STAT (GO:0046425),4/53,0.97665365817365,0.9999962554776264,0,0,0.4339868943144072,0.0102521526936843,GH2;IFNL1;CSH2;TNF,Basal,Activated
GO_Biological_Process_2023,Negative Regulation Of Neuron Death (GO:1901215),8/88,0.9766596227935864,0.9999962554776264,0,0,0.5313253012048192,0.0125483509872874,FOXQ1;GDNF;MDK;KIF14;FZD9;MT3;POU4F1;CRLF1,Basal,Activated
GO_Biological_Process_2023,Positive Regulation Of Cell Adhesion (GO:0045785),8/88,0.9766596227935864,0.9999962554776264,0,0,0.5313253012048192,0.0125483509872874,IBSP;MDK;RNASE10;RAC3;ADAM8;TNF;PRSS2;FUT3,Basal,Activated
GO_Biological_Process_2023,Supramolecular Fiber Organization (GO:0097435),38/316,0.9767493686250796,0.9999962554776264,0,0,0.724582945679308,0.0170459525192171,KRT81;COL11A1;COL11A2;KIF14;SCX;KRT23;PLOD3;KRT86;KRT85;KRT83;KRT33B;KASH5;STMN1;XIRP1;RAC3;FSD1;KRT6B;KRT6A;MARCKSL1;KRT3;KRT2;KRT79;KRT34;KRT78;KRT77;KRT75;ERMN;KRT9;KRT72;KIF18A;COL2A1;KIF18B;KRT38;KRT16;KIF2C;TAGLN3;INA;MYH6,Basal,Activated
GO_Biological_Process_2023,Cell-Cell Junction Assembly (GO:0007043),6/71,0.9768242378349354,0.9999962554776264,0,0,0.4905820415326118,0.0115034340886267,GJB2;CDH2;GJB6;FSCN1;DSG1;CDH15,Basal,Activated
GO_Biological_Process_2023,Negative Regulation Of Protein Binding (GO:0032091),6/71,0.9768242378349354,0.9999962554776264,0,0,0.4905820415326118,0.0115034340886267,SLPI;XIRP1;CARD18;DKK1;AURKB;AURKA,Basal,Activated
GO_Biological_Process_2023,Negative Regulation Of Supramolecular Fiber Organization (GO:1902904),6/71,0.9768242378349354,0.9999962554776264,0,0,0.4905820415326118,0.0115034340886267,TPX2;STMN1;CKAP2;PFDN2;TUBB4A;PFN2,Basal,Activated
GO_Biological_Process_2023,Protein Autoubiquitination (GO:0051865),6/71,0.9768242378349354,0.9999962554776264,0,0,0.4905820415326118,0.0115034340886267,TRIM71;DEPDC1B;RAD51;UHRF1;UBE2T;BRCA2,Basal,Activated
GO_Biological_Process_2023,Mammary Gland Development (GO:0030879),1/22,0.9773627364805478,0.9999962554776264,0,0,0.2533405643181031,0.0058008453094618,CSN3,Basal,Activated
GO_Biological_Process_2023,Membrane Protein Ectodomain Proteolysis (GO:0006509),1/22,0.9773627364805478,0.9999962554776264,0,0,0.2533405643181031,0.0058008453094618,MMP7,Basal,Activated
GO_Biological_Process_2023,Modulation By Host Of Viral Process (GO:0044788),1/22,0.9773627364805478,0.9999962554776264,0,0,0.2533405643181031,0.0058008453094618,IFI27,Basal,Activated
GO_Biological_Process_2023,Natural Killer Cell Activation Involved In Immune Response (GO:0002323),1/22,0.9773627364805478,0.9999962554776264,0,0,0.2533405643181031,0.0058008453094618,IFNB1,Basal,Activated
GO_Biological_Process_2023,Negative Regulation Of Myeloid Cell Differentiation (GO:0045638),1/22,0.9773627364805478,0.9999962554776264,0,0,0.2533405643181031,0.0058008453094618,H4C9,Basal,Activated
GO_Biological_Process_2023,Organelle Fission (GO:0048285),1/22,0.9773627364805478,0.9999962554776264,0,0,0.2533405643181031,0.0058008453094618,MTFR2,Basal,Activated
GO_Biological_Process_2023,Positive Regulation Of Phosphatase Activity (GO:0010922),1/22,0.9773627364805478,0.9999962554776264,0,0,0.2533405643181031,0.0058008453094618,IFNG,Basal,Activated
GO_Biological_Process_2023,Positive Regulation Of Receptor Internalization (GO:0002092),1/22,0.9773627364805478,0.9999962554776264,0,0,0.2533405643181031,0.0058008453094618,PCSK9,Basal,Activated
GO_Biological_Process_2023,Positive Regulation Of Viral Life Cycle (GO:1903902),1/22,0.9773627364805478,0.9999962554776264,0,0,0.2533405643181031,0.0058008453094618,KPNA2,Basal,Activated
GO_Biological_Process_2023,Regulation Of Cardiac Muscle Cell Membrane Repolarization (GO:0099623),1/22,0.9773627364805478,0.9999962554776264,0,0,0.2533405643181031,0.0058008453094618,KCNH2,Basal,Activated
GO_Biological_Process_2023,Regulation Of Protein Export From Nucleus (GO:0046825),1/22,0.9773627364805478,0.9999962554776264,0,0,0.2533405643181031,0.0058008453094618,IFI27,Basal,Activated
GO_Biological_Process_2023,Regulation Of Vascular Endothelial Growth Factor Receptor Signaling Pathway (GO:0030947),1/22,0.9773627364805478,0.9999962554776264,0,0,0.2533405643181031,0.0058008453094618,MT3,Basal,Activated
GO_Biological_Process_2023,Response To Gamma Radiation (GO:0010332),1/22,0.9773627364805478,0.9999962554776264,0,0,0.2533405643181031,0.0058008453094618,FANCD2,Basal,Activated
GO_Biological_Process_2023,snRNA 3'-End Processing (GO:0034472),1/22,0.9773627364805478,0.9999962554776264,0,0,0.2533405643181031,0.0058008453094618,EXOSC4,Basal,Activated
GO_Biological_Process_2023,Vesicle Transport Along Microtubule (GO:0047496),1/22,0.9773627364805478,0.9999962554776264,0,0,0.2533405643181031,0.0058008453094618,KIF1A,Basal,Activated
GO_Biological_Process_2023,Protein Homooligomerization (GO:0051260),13/129,0.9773899998346888,0.9999962554776264,0,0,0.5951150337819341,0.0136099984960086,GBP5;POLQ;BLM;TRPA1;AQP5;MAT1A;FOXM1;HLA-G;TDO2;BEND3;TK1;ECT2;VSTM5,Basal,Activated
GO_Biological_Process_2023,Intrinsic Apoptotic Signaling Pathway (GO:0097193),10/105,0.9776499585463904,0.9999962554776264,0,0,0.5591437349719476,0.0126386549597978,MLLT11;BRSK2;BCL2A1;CHEK2;TP53BP2;E2F1;SFN;CHAC1;CD24;POU4F1,Basal,Activated
GO_Biological_Process_2023,Calcium Ion Transmembrane Transport (GO:0070588),7/80,0.9777088534900557,0.9999962554776264,0,0,0.5095412804202939,0.0114867669579643,TRPA1;ATP2B3;TRPV3;TRPM8;TRPM5;MCOLN2;GRIN2D,Basal,Activated
GO_Biological_Process_2023,Positive Regulation Of Immune Response (GO:0050778),7/80,0.9777088534900557,0.9999962554776264,0,0,0.5095412804202939,0.0114867669579643,GBP5;C8G;IFNL1;RSAD2;IFNG;IFNB1;ZP4,Basal,Activated
GO_Biological_Process_2023,Positive Regulation Of Protein Kinase Activity (GO:0045860),15/145,0.9778327964505024,0.9999962554776264,0,0,0.6125980787563247,0.0137323589481304,CALCA;KIF14;HMGA2;DKK1;LRP8;AGT;CCNA2;ADCYAP1;TPX2;CENPE;IFNG;CLSPN;ECT2;LILRP2;EZH2,Basal,Activated
GO_Biological_Process_2023,Nucleobase-Containing Compound Catabolic Process (GO:0034655),3/44,0.9781665393129672,0.9999962554776264,0,0,0.3890626085748037,0.008588688528385,RNASEH2A;EXOSC4;TREX2,Basal,Activated
GO_Biological_Process_2023,Nucleus Organization (GO:0006997),3/44,0.9781665393129672,0.9999962554776264,0,0,0.3890626085748037,0.008588688528385,LMNB2;CEP55;LMNB1,Basal,Activated
GO_Biological_Process_2023,Positive Regulation Of Biosynthetic Process (GO:0009891),3/44,0.9781665393129672,0.9999962554776264,0,0,0.3890626085748037,0.008588688528385,CXCL8;SCX;MMP8,Basal,Activated
GO_Biological_Process_2023,Positive Regulation Of Chemotaxis (GO:0050921),3/44,0.9781665393129672,0.9999962554776264,0,0,0.3890626085748037,0.008588688528385,EDN2;MDK;PRSS56,Basal,Activated
GO_Biological_Process_2023,Positive Regulation Of Leukocyte Cell-Cell Adhesion (GO:1903039),3/44,0.9781665393129672,0.9999962554776264,0,0,0.3890626085748037,0.008588688528385,MDK;TNF;HLA-DOB,Basal,Activated
GO_Biological_Process_2023,Positive Regulation Of Nucleocytoplasmic Transport (GO:0046824),3/44,0.9781665393129672,0.9999962554776264,0,0,0.3890626085748037,0.008588688528385,IFNG;ZIC1;ECT2,Basal,Activated
GO_Biological_Process_2023,ATP Metabolic Process (GO:0046034),2/34,0.9788314335845996,0.9999962554776264,0,0,0.3323971518987342,0.0071119141242761,MYH6;MYH7,Basal,Activated
GO_Biological_Process_2023,Cellular Response To Hydrogen Peroxide (GO:0070301),2/34,0.9788314335845996,0.9999962554776264,0,0,0.3323971518987342,0.0071119141242761,TRPA1;ECT2,Basal,Activated
GO_Biological_Process_2023,Cellular Response To Vascular Endothelial Growth Factor Stimulus (GO:0035924),2/34,0.9788314335845996,0.9999962554776264,0,0,0.3323971518987342,0.0071119141242761,FOXC1;MT1G,Basal,Activated
GO_Biological_Process_2023,Embryonic Skeletal System Development (GO:0048706),2/34,0.9788314335845996,0.9999962554776264,0,0,0.3323971518987342,0.0071119141242761,HOXB9;SOX11,Basal,Activated
GO_Biological_Process_2023,Positive Regulation Of Carbohydrate Metabolic Process (GO:0045913),2/34,0.9788314335845996,0.9999962554776264,0,0,0.3323971518987342,0.0071119141242761,AVPR1B;IFNG,Basal,Activated
GO_Biological_Process_2023,Positive Regulation Of Organelle Organization (GO:0010638),2/34,0.9788314335845996,0.9999962554776264,0,0,0.3323971518987342,0.0071119141242761,SHCBP1L;PFDN2,Basal,Activated
GO_Biological_Process_2023,Regulation Of Neuronal Synaptic Plasticity (GO:0048168),2/34,0.9788314335845996,0.9999962554776264,0,0,0.3323971518987342,0.0071119141242761,SHISA8;GRIN2D,Basal,Activated
GO_Biological_Process_2023,Response To Estrogen (GO:0043627),2/34,0.9788314335845996,0.9999962554776264,0,0,0.3323971518987342,0.0071119141242761,GHRHR;CD24,Basal,Activated
GO_Biological_Process_2023,Smoothened Signaling Pathway (GO:0007224),2/34,0.9788314335845996,0.9999962554776264,0,0,0.3323971518987342,0.0071119141242761,STIL;GPC2,Basal,Activated
GO_Biological_Process_2023,Superoxide Metabolic Process (GO:0006801),2/34,0.9788314335845996,0.9999962554776264,0,0,0.3323971518987342,0.0071119141242761,TAFA4;MT3,Basal,Activated
GO_Biological_Process_2023,Neuron Projection Development (GO:0031175),21/192,0.9790748045575306,0.9999962554776264,0,0,0.6516474248339729,0.0137805381158749,OLIG3;EPHA8;RASGRF1;VASH2;OLIG1;BHLHA15;PRDM12;OLIG2;L1CAM;POU4F1;ATOH7;GPRIN2;GDNF;GPRIN1;NPY;STMN1;TUNAR;NRTN;MNX1;SH3GL2;EPHB3,Basal,Activated
GO_Biological_Process_2023,Positive Regulation Of Protein Localization To Nucleus (GO:1900182),6/72,0.9791874216936706,0.9999962554776264,0,0,0.4831201751353842,0.0101610863310121,IFNG;TERT;ZIC1;PLK1;CDK1;ECT2,Basal,Activated
GO_Biological_Process_2023,Mesenchymal Cell Differentiation (GO:0048762),4/54,0.9793272504641451,0.9999962554776264,0,0,0.425281823939202,0.0088838915616719,FOXC1;TBX20;HMGA2;FAM83D,Basal,Activated
GO_Biological_Process_2023,Negative Regulation Of Neuron Projection Development (GO:0010977),4/54,0.9793272504641451,0.9999962554776264,0,0,0.425281823939202,0.0088838915616719,RTN4R;BCL11A;KIAA0319;MT3,Basal,Activated
GO_Biological_Process_2023,Activation Of Protein Kinase Activity (GO:0032147),7/81,0.9798837376207368,0.9999962554776264,0,0,0.5026256050027841,0.0102140305547917,TPX2;CALCA;KIF14;CHI3L1;CLSPN;ECT2;MT3,Basal,Activated
GO_Biological_Process_2023,Negative Regulation Of Macromolecule Biosynthetic Process (GO:0010558),9/98,0.9800875690103504,0.9999962554776264,0,0,0.5371770063823645,0.0108044319220336,TRIM71;ZAR1L;ANKRD1;IGF2BP1;GZMB;IGF2BP3;IGF2BP2;TYMS;GAPDH,Basal,Activated
GO_Biological_Process_2023,Positive Regulation Of Innate Immune Response (GO:0045089),3/45,0.9808735958098718,0.9999962554776264,0,0,0.3797766019988242,0.0073341242489402,GBP5;IFNB1;IGF2BP1,Basal,Activated
GO_Biological_Process_2023,Intracellular Calcium Ion Homeostasis (GO:0006874),14/139,0.9809289434626496,0.9999962554776264,0,0,0.5946175349428209,0.0114495121438359,CALCA;CALCB;EDN2;CCL11;TRPA1;FZD9;HTR2C;ATP2B3;ATP2B2;HCRTR2;CCL7;TUNAR;CCL1;TNNI3,Basal,Activated
GO_Biological_Process_2023,Adaptive Immune Response Based On Somatic Recombination Of Immune Receptors Built From Immunoglobulin Superfamily Domains (GO:0002460),1/23,0.9809452794466138,0.9999962554776264,0,0,0.2418107043225676,0.0046520997433923,CR1L,Basal,Activated
GO_Biological_Process_2023,Axon Extension (GO:0048675),1/23,0.9809452794466138,0.9999962554776264,0,0,0.2418107043225676,0.0046520997433923,SEMA5B,Basal,Activated
GO_Biological_Process_2023,Cellular Response To Interleukin-6 (GO:0071354),1/23,0.9809452794466138,0.9999962554776264,0,0,0.2418107043225676,0.0046520997433923,ST18,Basal,Activated
GO_Biological_Process_2023,Cholesterol Efflux (GO:0033344),1/23,0.9809452794466138,0.9999962554776264,0,0,0.2418107043225676,0.0046520997433923,APOA2,Basal,Activated
GO_Biological_Process_2023,Diacylglycerol Metabolic Process (GO:0046339),1/23,0.9809452794466138,0.9999962554776264,0,0,0.2418107043225676,0.0046520997433923,APOA2,Basal,Activated
GO_Biological_Process_2023,Endocardial Cushion Development (GO:0003197),1/23,0.9809452794466138,0.9999962554776264,0,0,0.2418107043225676,0.0046520997433923,TBX20,Basal,Activated
GO_Biological_Process_2023,Entrainment Of Circadian Clock By Photoperiod (GO:0043153),1/23,0.9809452794466138,0.9999962554776264,0,0,0.2418107043225676,0.0046520997433923,FBXL21P,Basal,Activated
GO_Biological_Process_2023,Histone mRNA Metabolic Process (GO:0008334),1/23,0.9809452794466138,0.9999962554776264,0,0,0.2418107043225676,0.0046520997433923,EXOSC4,Basal,Activated
GO_Biological_Process_2023,Long-Chain fatty-acyl-CoA Metabolic Process (GO:0035336),1/23,0.9809452794466138,0.9999962554776264,0,0,0.2418107043225676,0.0046520997433923,ACSL6,Basal,Activated
GO_Biological_Process_2023,Microtubule Nucleation (GO:0007020),1/23,0.9809452794466138,0.9999962554776264,0,0,0.2418107043225676,0.0046520997433923,TPX2,Basal,Activated
GO_Biological_Process_2023,Negative Regulation Of Extrinsic Apoptotic Signaling Pathway Via Death Domain Receptors (GO:1902042),1/23,0.9809452794466138,0.9999962554776264,0,0,0.2418107043225676,0.0046520997433923,SCRT2,Basal,Activated
GO_Biological_Process_2023,Positive Regulation Of Epithelial Cell Apoptotic Process (GO:1904037),1/23,0.9809452794466138,0.9999962554776264,0,0,0.2418107043225676,0.0046520997433923,HLA-G,Basal,Activated
GO_Biological_Process_2023,"Positive Regulation Of mRNA Splicing, Via Spliceosome (GO:0048026)",1/23,0.9809452794466138,0.9999962554776264,0,0,0.2418107043225676,0.0046520997433923,CELF4,Basal,Activated
GO_Biological_Process_2023,Positive Regulation Of Protein Targeting To Membrane (GO:0090314),1/23,0.9809452794466138,0.9999962554776264,0,0,0.2418107043225676,0.0046520997433923,CEMIP,Basal,Activated
GO_Biological_Process_2023,Protein Alkylation (GO:0008213),1/23,0.9809452794466138,0.9999962554776264,0,0,0.2418107043225676,0.0046520997433923,PRDM12,Basal,Activated
GO_Biological_Process_2023,Protein Localization To Cell Junction (GO:1902414),1/23,0.9809452794466138,0.9999962554776264,0,0,0.2418107043225676,0.0046520997433923,NPHS1,Basal,Activated
GO_Biological_Process_2023,Regulation Of Axon Extension Involved In Axon Guidance (GO:0048841),1/23,0.9809452794466138,0.9999962554776264,0,0,0.2418107043225676,0.0046520997433923,SEMA5B,Basal,Activated
GO_Biological_Process_2023,Regulation Of Cellular Response To Transforming Growth Factor Beta Stimulus (GO:1903844),1/23,0.9809452794466138,0.9999962554776264,0,0,0.2418107043225676,0.0046520997433923,SOX11,Basal,Activated
GO_Biological_Process_2023,Regulation Of Cholesterol Metabolic Process (GO:0090181),1/23,0.9809452794466138,0.9999962554776264,0,0,0.2418107043225676,0.0046520997433923,SH2D2A,Basal,Activated
GO_Biological_Process_2023,Regulation Of Cholesterol Transport (GO:0032374),1/23,0.9809452794466138,0.9999962554776264,0,0,0.2418107043225676,0.0046520997433923,APOA2,Basal,Activated
GO_Biological_Process_2023,Regulation Of Extracellular Matrix Organization (GO:1903053),1/23,0.9809452794466138,0.9999962554776264,0,0,0.2418107043225676,0.0046520997433923,AGT,Basal,Activated
GO_Biological_Process_2023,Regulation Of Interleukin-4 Production (GO:0032673),1/23,0.9809452794466138,0.9999962554776264,0,0,0.2418107043225676,0.0046520997433923,SLC7A5,Basal,Activated
GO_Biological_Process_2023,"Regulation Of Nuclear-Transcribed mRNA Catabolic Process, Deadenylation-Dependent Decay (GO:1900151)",1/23,0.9809452794466138,0.9999962554776264,0,0,0.2418107043225676,0.0046520997433923,IGF2BP1,Basal,Activated
GO_Biological_Process_2023,Positive Regulation Of T Cell Differentiation (GO:0045582),5/64,0.9811923718931828,0.9999962554776264,0,0,0.4504115149009733,0.0085518467277401,IL4I1;ACTL6B;MDK;ADAM8;HLA-G,Basal,Activated
GO_Biological_Process_2023,Protein Tetramerization (GO:0051262),6/73,0.9813247729493816,0.9999962554776264,0,0,0.4758810510186709,0.0089712196593485,GBP5;TDO2;TRPA1;AQP5;TK1;MAT1A,Basal,Activated
GO_Biological_Process_2023,DNA Repair (GO:0006281),34/291,0.9816473207197276,0.9999962554776264,0,0,0.7012772796481137,0.0129898845832068,H2AX;FEN1;BLM;PCNA;RNASEH2A;CDCA5;BRCA2;RECQL4;RAD51AP1;EME1;EXO1;CHEK2;CHEK1;FANCI;WDHD1;POLQ;RMI2;RFC4;XRCC2;FANCA;HMGA2;FANCB;TRAIP;TICRR;DEPDC1B;NEIL3;RAD51;FANCD2;UBE2T;POLE2;FSCN1;CDK1;DNA2;TRIP13,Basal,Activated
GO_Biological_Process_2023,Response To Peptide Hormone (GO:0043434),4/55,0.9817099065694688,0.9999962554776264,0,0,0.4169181288728284,0.0076960689708557,POMC;GHRHR;REG1A;SLC2A1,Basal,Activated
GO_Biological_Process_2023,Intrinsic Apoptotic Signaling Pathway By P53 Class Mediator (GO:0072332),2/35,0.981729415429668,0.9999962554776264,0,0,0.3223053317990026,0.005943166236922,TP53BP2;POU4F1,Basal,Activated
GO_Biological_Process_2023,Negative Regulation Of Cell Cycle G1/S Phase Transition (GO:1902807),2/35,0.981729415429668,0.9999962554776264,0,0,0.3223053317990026,0.005943166236922,SOX2;E2F7,Basal,Activated
GO_Biological_Process_2023,One-Carbon Compound Transport (GO:0019755),2/35,0.981729415429668,0.9999962554776264,0,0,0.3223053317990026,0.005943166236922,CYB5R2;AQP5,Basal,Activated
GO_Biological_Process_2023,Positive Regulation Of Substrate Adhesion-Dependent Cell Spreading (GO:1900026),2/35,0.981729415429668,0.9999962554776264,0,0,0.3223053317990026,0.005943166236922,MDK;RAC3,Basal,Activated
GO_Biological_Process_2023,Regulation Of mRNA Processing (GO:0050684),2/35,0.981729415429668,0.9999962554776264,0,0,0.3223053317990026,0.005943166236922,NR5A1;SRPK1,Basal,Activated
GO_Biological_Process_2023,Regulation Of Sodium Ion Transport (GO:0002028),2/35,0.981729415429668,0.9999962554776264,0,0,0.3223053317990026,0.005943166236922,BPIFA1;NKX2-5,Basal,Activated
GO_Biological_Process_2023,Cellular Response To Organic Substance (GO:0071310),7/82,0.9818605686411642,0.9999962554776264,0,0,0.4958943475964078,0.0090778259771151,NPFFR1;AVPR1B;FOXH1;QRFPR;TNF;POU4F1;HCRTR2,Basal,Activated
GO_Biological_Process_2023,Regulation Of Actin Cytoskeleton Organization (GO:0032956),8/91,0.9826393388062362,0.9999962554776264,0,0,0.5120290929093674,0.0089672293164622,CARMIL2;MYO3B;MDK;ODAM;MYO3A;FSCN1;RAC3;GRHL3,Basal,Activated
GO_Biological_Process_2023,Response To Tumor Necrosis Factor (GO:0034612),10/108,0.983030719606423,0.9999962554776264,0,0,0.5419299699575262,0.009275081823237,CCL25;CXCL8;CCL11;CCL7;CCL20;UBD;ANKRD1;CHI3L1;CCL1;GBP1,Basal,Activated
GO_Biological_Process_2023,Cellular Response To Light Stimulus (GO:0071482),5/65,0.98324092929051,0.9999962554776264,0,0,0.4428782599514307,0.0074851266347142,GRK1;PCNA;RGR;CDC25A;AURKB,Basal,Activated
GO_Biological_Process_2023,Cardiac Conduction (GO:0061337),3/46,0.9832580823037153,0.9999962554776264,0,0,0.3709225027054484,0.0062625248654226,HCN4;KCNH2;DSC2,Basal,Activated
GO_Biological_Process_2023,Homotypic Cell-Cell Adhesion (GO:0034109),3/46,0.9832580823037153,0.9999962554776264,0,0,0.3709225027054484,0.0062625248654226,UBASH3B;CDHR2;DSC2,Basal,Activated
GO_Biological_Process_2023,Phospholipase C-activating G Protein-Coupled Receptor Signaling Pathway (GO:0007200),7/83,0.98365561385256,0.9999962554776264,0,0,0.4893402285428309,0.00806404760765,OPRD1;CALCA;CCKBR;GPR55;HTR2C;OPRK1;AGT,Basal,Activated
GO_Biological_Process_2023,Regulation Of Reactive Oxygen Species Metabolic Process (GO:2000377),4/56,0.9838309970043416,0.9999962554776264,0,0,0.4088761143859307,0.0066651499285919,ACOD1;FOXM1;MT3;AGT,Basal,Activated
GO_Biological_Process_2023,Dicarboxylic Acid Transport (GO:0006835),1/24,0.9839609426362206,0.9999962554776264,0,0,0.2312834408483831,0.0037396393384599,SLC17A6,Basal,Activated
GO_Biological_Process_2023,Fat-Soluble Vitamin Metabolic Process (GO:0006775),1/24,0.9839609426362206,0.9999962554776264,0,0,0.2312834408483831,0.0037396393384599,RLBP1,Basal,Activated
GO_Biological_Process_2023,Lipid Translocation (GO:0034204),1/24,0.9839609426362206,0.9999962554776264,0,0,0.2312834408483831,0.0037396393384599,ATP10B,Basal,Activated
GO_Biological_Process_2023,Multivesicular Body Sorting Pathway (GO:0071985),1/24,0.9839609426362206,0.9999962554776264,0,0,0.2312834408483831,0.0037396393384599,LAPTM4B,Basal,Activated
GO_Biological_Process_2023,Negative Regulation Of Antigen Receptor-Mediated Signaling Pathway (GO:0050858),1/24,0.9839609426362206,0.9999962554776264,0,0,0.2312834408483831,0.0037396393384599,GBP1,Basal,Activated
GO_Biological_Process_2023,Negative Regulation Of Cell Junction Assembly (GO:1901889),1/24,0.9839609426362206,0.9999962554776264,0,0,0.2312834408483831,0.0037396393384599,TNF,Basal,Activated
GO_Biological_Process_2023,Neuromuscular Junction Development (GO:0007528),1/24,0.9839609426362206,0.9999962554776264,0,0,0.2312834408483831,0.0037396393384599,UNC13A,Basal,Activated
GO_Biological_Process_2023,Photoperiodism (GO:0009648),1/24,0.9839609426362206,0.9999962554776264,0,0,0.2312834408483831,0.0037396393384599,FBXL21P,Basal,Activated
GO_Biological_Process_2023,Positive Regulation Of Lipid Metabolic Process (GO:0045834),1/24,0.9839609426362206,0.9999962554776264,0,0,0.2312834408483831,0.0037396393384599,APOA2,Basal,Activated
GO_Biological_Process_2023,Regulation Of Cytoplasmic Translation (GO:2000765),1/24,0.9839609426362206,0.9999962554776264,0,0,0.2312834408483831,0.0037396393384599,IGF2BP1,Basal,Activated
GO_Biological_Process_2023,Regulation Of Endoplasmic Reticulum Stress-Induced Intrinsic Apoptotic Signaling Pathway (GO:1902235),1/24,0.9839609426362206,0.9999962554776264,0,0,0.2312834408483831,0.0037396393384599,MAGEA3,Basal,Activated
GO_Biological_Process_2023,Regulation Of Execution Phase Of Apoptosis (GO:1900117),1/24,0.9839609426362206,0.9999962554776264,0,0,0.2312834408483831,0.0037396393384599,TP53BP2,Basal,Activated
GO_Biological_Process_2023,Regulation Of Heterotypic Cell-Cell Adhesion (GO:0034114),1/24,0.9839609426362206,0.9999962554776264,0,0,0.2312834408483831,0.0037396393384599,TNF,Basal,Activated
GO_Biological_Process_2023,Regulation Of Muscle Cell Differentiation (GO:0051147),1/24,0.9839609426362206,0.9999962554776264,0,0,0.2312834408483831,0.0037396393384599,MYOD1,Basal,Activated
GO_Biological_Process_2023,Response To Hexose (GO:0009746),1/24,0.9839609426362206,0.9999962554776264,0,0,0.2312834408483831,0.0037396393384599,APOA2,Basal,Activated
GO_Biological_Process_2023,Response To Purine-Containing Compound (GO:0014074),1/24,0.9839609426362206,0.9999962554776264,0,0,0.2312834408483831,0.0037396393384599,VGF,Basal,Activated
GO_Biological_Process_2023,Blood Vessel Diameter Maintenance (GO:0097746),2/36,0.984240452946172,0.9999962554776264,0,0,0.3128071481757259,0.0049689568861509,EDN2;AGT,Basal,Activated
GO_Biological_Process_2023,Negative Regulation Of Sequestering Of Calcium Ion (GO:0051283),2/36,0.984240452946172,0.9999962554776264,0,0,0.3128071481757259,0.0049689568861509,HTR2C;PLCH1,Basal,Activated
GO_Biological_Process_2023,Positive Regulation Of Double-Strand Break Repair Via Homologous Recombination (GO:1905168),2/36,0.984240452946172,0.9999962554776264,0,0,0.3128071481757259,0.0049689568861509,RAD51AP1;FANCB,Basal,Activated
GO_Biological_Process_2023,Positive Regulation Of Phospholipase C Activity (GO:0010863),2/36,0.984240452946172,0.9999962554776264,0,0,0.3128071481757259,0.0049689568861509,AVPR1B;GPR55,Basal,Activated
GO_Biological_Process_2023,Regulation Of Glucose Import (GO:0046324),2/36,0.984240452946172,0.9999962554776264,0,0,0.3128071481757259,0.0049689568861509,ERFE;FGF21,Basal,Activated
GO_Biological_Process_2023,Regulation Of Receptor Internalization (GO:0002090),2/36,0.984240452946172,0.9999962554776264,0,0,0.3128071481757259,0.0049689568861509,PCSK9;DKK1,Basal,Activated
GO_Biological_Process_2023,Regulation Of Trans-Synaptic Signaling (GO:0099177),2/36,0.984240452946172,0.9999962554776264,0,0,0.3128071481757259,0.0049689568861509,CACNA1B;LRP8,Basal,Activated
GO_Biological_Process_2023,Substrate Adhesion-Dependent Cell Spreading (GO:0034446),2/36,0.984240452946172,0.9999962554776264,0,0,0.3128071481757259,0.0049689568861509,KIF14;EPHB3,Basal,Activated
GO_Biological_Process_2023,Negative Regulation Of Immune Response (GO:0050777),5/66,0.9850781232980674,0.9999962554776264,0,0,0.4355919969674467,0.0065488329401162,IFNL1;RHBDF2;CGAS;HLA-G;AURKB,Basal,Activated
GO_Biological_Process_2023,Peptidyl-Threonine Modification (GO:0018210),5/66,0.9850781232980674,0.9999962554776264,0,0,0.4355919969674467,0.0065488329401162,MYLK2;GALNT13;SBK1;CHEK1;CDK1,Basal,Activated
GO_Biological_Process_2023,Peptidyl-Serine Phosphorylation (GO:0018105),16/158,0.9852493029959072,0.9999962554776264,0,0,0.5979782061728285,0.0088862971982598,PNCK;PLK1;MAST1;CDC7;PRKX;TTK;MASTL;SRPK1;AURKA;SBK1;CAMKV;MYO3B;MYO3A;CDK1;PBK;CLSPN,Basal,Activated
GO_Biological_Process_2023,Positive Regulation Of Protein Ubiquitination (GO:0031398),7/84,0.985284025333771,0.9999962554776264,0,0,0.4829563463477885,0.0071599866221667,FANCI;RIPK2;TBC1D7;PLK1;MAGEA2;MAGEC2;INAVA,Basal,Activated
GO_Biological_Process_2023,Negative Regulation Of Tumor Necrosis Factor Production (GO:0032720),3/47,0.9853562942011148,0.9999962554776264,0,0,0.3624708624708624,0.0053471640786705,POMC;ORM1;BPI,Basal,Activated
GO_Biological_Process_2023,Regulation Of Wound Healing (GO:0061041),3/47,0.9853562942011148,0.9999962554776264,0,0,0.3624708624708624,0.0053471640786705,VIL1;CLEC7A;FOXA2,Basal,Activated
GO_Biological_Process_2023,Response To Organonitrogen Compound (GO:0010243),3/47,0.9853562942011148,0.9999962554776264,0,0,0.3624708624708624,0.0053471640786705,BRSK2;GLRA2;INAVA,Basal,Activated
GO_Biological_Process_2023,RNA Catabolic Process (GO:0006401),4/57,0.9857172747025624,0.9999962554776264,0,0,0.4011375721438216,0.0057706468373474,FEN1;RNASEH2A;EXOSC4;DNA2,Basal,Activated
GO_Biological_Process_2023,Negative Regulation Of Amide Metabolic Process (GO:0034249),8/93,0.9858005382951496,0.9999962554776264,0,0,0.4999216680965347,0.0071494990877349,TRIM71;ZAR1L;IGF2BP1;GZMB;IGF2BP3;IGF2BP2;TYMS;GAPDH,Basal,Activated
GO_Biological_Process_2023,Positive Regulation Of Cellular Component Biogenesis (GO:0044089),8/93,0.9858005382951496,0.9999962554776264,0,0,0.4999216680965347,0.0071494990877349,HRK;VIL1;CHAF1B;IFNG;MMP1;CLEC7A;TNF;PFN2,Basal,Activated
GO_Biological_Process_2023,Monoatomic Cation Transmembrane Transport (GO:0098655),32/281,0.9862489557214976,0.9999962554776264,0,0,0.6811244979919678,0.0094311669717202,KCNG1;KCNK5;HCN4;KCNG3;KCNK9;ATP1A3;SLC30A10;ATP12A;KCNV1;ASIC4;ASIC5;CNGA2;TRPM8;TRPM5;SLC39A4;KCNH2;SLC6A19;SLC6A17;TRPA1;SLC6A15;KCNB2;SLC12A1;TRPV3;SLC6A11;OTOP1;MCOLN2;GRIN2D;SLC6A9;KCNQ3;KCNQ4;KCNQ5;CNGB1,Basal,Activated
GO_Biological_Process_2023,Axonemal Dynein Complex Assembly (GO:0070286),2/37,0.9864144146036956,0.9999962554776264,0,0,0.3038517179023508,0.0041563007152609,DNAH17;CCDC63,Basal,Activated
GO_Biological_Process_2023,Muscle Tissue Development (GO:0060537),2/37,0.9864144146036956,0.9999962554776264,0,0,0.3038517179023508,0.0041563007152609,POPDC3;MYOD1,Basal,Activated
GO_Biological_Process_2023,Positive Regulation Of Exocytosis (GO:0045921),2/37,0.9864144146036956,0.9999962554776264,0,0,0.3038517179023508,0.0041563007152609,IFNG;UNC13D,Basal,Activated
GO_Biological_Process_2023,Regulation Of Sodium Ion Transmembrane Transporter Activity (GO:2000649),2/37,0.9864144146036956,0.9999962554776264,0,0,0.3038517179023508,0.0041563007152609,FXYD4;PCSK9,Basal,Activated
GO_Biological_Process_2023,Synaptic Vesicle Cycle (GO:0099504),2/37,0.9864144146036956,0.9999962554776264,0,0,0.3038517179023508,0.0041563007152609,CDH2;SLC17A6,Basal,Activated
GO_Biological_Process_2023,Type I Interferon-Mediated Signaling Pathway (GO:0060337),2/37,0.9864144146036956,0.9999962554776264,0,0,0.3038517179023508,0.0041563007152609,IFI27;IFNB1,Basal,Activated
GO_Biological_Process_2023,Calcium Ion Homeostasis (GO:0055074),9/102,0.9864580012678008,0.9999962554776264,0,0,0.5139498480709616,0.0070074635426434,CALCB;EDN2;CCL11;CCL7;TRPA1;HTR2C;CCL1;TNNI3;S100A14,Basal,Activated
GO_Biological_Process_2023,Regulation Of Protein Secretion (GO:0050708),9/102,0.9864580012678008,0.9999962554776264,0,0,0.5139498480709616,0.0070074635426434,IL1A;RSAD2;IFNG;RHBDF2;ANKRD1;ADAM8;TNF;SLC25A22;STXBP5L,Basal,Activated
GO_Biological_Process_2023,Activation Of Protein Kinase B Activity (GO:0032148),1/25,0.9864994009741412,0.9999962554776264,0,0,0.2216334493303806,0.0030125661227094,MT3,Basal,Activated
GO_Biological_Process_2023,fatty-acyl-CoA Biosynthetic Process (GO:0046949),1/25,0.9864994009741412,0.9999962554776264,0,0,0.2216334493303806,0.0030125661227094,ACSL6,Basal,Activated
GO_Biological_Process_2023,Late Endosome To Vacuole Transport Via Multivesicular Body Sorting Pathway (GO:0032511),1/25,0.9864994009741412,0.9999962554776264,0,0,0.2216334493303806,0.0030125661227094,CHMP4BP1,Basal,Activated
GO_Biological_Process_2023,Myotube Differentiation (GO:0014902),1/25,0.9864994009741412,0.9999962554776264,0,0,0.2216334493303806,0.0030125661227094,MYOD1,Basal,Activated
GO_Biological_Process_2023,Negative Regulation Of Intrinsic Apoptotic Signaling Pathway In Response To DNA Damage (GO:1902230),1/25,0.9864994009741412,0.9999962554776264,0,0,0.2216334493303806,0.0030125661227094,DDIAS,Basal,Activated
GO_Biological_Process_2023,Negative Regulation Of Protein Localization To Membrane (GO:1905476),1/25,0.9864994009741412,0.9999962554776264,0,0,0.2216334493303806,0.0030125661227094,GBP1,Basal,Activated
GO_Biological_Process_2023,Negative Regulation Of Proteolysis Involved In Protein Catabolic Process (GO:1903051),1/25,0.9864994009741412,0.9999962554776264,0,0,0.2216334493303806,0.0030125661227094,LAMP3,Basal,Activated
GO_Biological_Process_2023,Negative Regulation Of Response To Endoplasmic Reticulum Stress (GO:1903573),1/25,0.9864994009741412,0.9999962554776264,0,0,0.2216334493303806,0.0030125661227094,MAGEA3,Basal,Activated
GO_Biological_Process_2023,Negative Regulation Of Smoothened Signaling Pathway (GO:0045879),1/25,0.9864994009741412,0.9999962554776264,0,0,0.2216334493303806,0.0030125661227094,RFX4,Basal,Activated
GO_Biological_Process_2023,Negative Regulation Of Telomere Maintenance Via Telomere Lengthening (GO:1904357),1/25,0.9864994009741412,0.9999962554776264,0,0,0.2216334493303806,0.0030125661227094,PIF1,Basal,Activated
GO_Biological_Process_2023,Organophosphate Ester Transport (GO:0015748),1/25,0.9864994009741412,0.9999962554776264,0,0,0.2216334493303806,0.0030125661227094,PRELID3A,Basal,Activated
GO_Biological_Process_2023,Phosphatidylethanolamine Metabolic Process (GO:0046337),1/25,0.9864994009741412,0.9999962554776264,0,0,0.2216334493303806,0.0030125661227094,PLAAT1,Basal,Activated
GO_Biological_Process_2023,Positive Regulation Of Striated Muscle Cell Differentiation (GO:0051155),1/25,0.9864994009741412,0.9999962554776264,0,0,0.2216334493303806,0.0030125661227094,MYOD1,Basal,Activated
GO_Biological_Process_2023,Proteoglycan Metabolic Process (GO:0006029),1/25,0.9864994009741412,0.9999962554776264,0,0,0.2216334493303806,0.0030125661227094,FOXL1,Basal,Activated
GO_Biological_Process_2023,Purine Nucleoside Bisphosphate Metabolic Process (GO:0034032),1/25,0.9864994009741412,0.9999962554776264,0,0,0.2216334493303806,0.0030125661227094,ACSL6,Basal,Activated
GO_Biological_Process_2023,Purine Ribonucleotide Catabolic Process (GO:0009154),1/25,0.9864994009741412,0.9999962554776264,0,0,0.2216334493303806,0.0030125661227094,PRTFDC1,Basal,Activated
GO_Biological_Process_2023,Regulation Of Intracellular Estrogen Receptor Signaling Pathway (GO:0033146),1/25,0.9864994009741412,0.9999962554776264,0,0,0.2216334493303806,0.0030125661227094,FOXH1,Basal,Activated
GO_Biological_Process_2023,Regulation Of Keratinocyte Proliferation (GO:0010837),1/25,0.9864994009741412,0.9999962554776264,0,0,0.2216334493303806,0.0030125661227094,MDK,Basal,Activated
GO_Biological_Process_2023,Regulation Of Lysosomal Lumen pH (GO:0035751),1/25,0.9864994009741412,0.9999962554776264,0,0,0.2216334493303806,0.0030125661227094,OCA2,Basal,Activated
GO_Biological_Process_2023,Regulation Of Platelet Aggregation (GO:0090330),1/25,0.9864994009741412,0.9999962554776264,0,0,0.2216334493303806,0.0030125661227094,SERPINE2,Basal,Activated
GO_Biological_Process_2023,Regulation Of Postsynapse Organization (GO:0099175),1/25,0.9864994009741412,0.9999962554776264,0,0,0.2216334493303806,0.0030125661227094,KIF1A,Basal,Activated
GO_Biological_Process_2023,Regulation Of Synapse Organization (GO:0050807),1/25,0.9864994009741412,0.9999962554776264,0,0,0.2216334493303806,0.0030125661227094,TNF,Basal,Activated
GO_Biological_Process_2023,Response To dsRNA (GO:0043331),1/25,0.9864994009741412,0.9999962554776264,0,0,0.2216334493303806,0.0030125661227094,IFNB1,Basal,Activated
GO_Biological_Process_2023,Ribonucleoside Bisphosphate Metabolic Process (GO:0033875),1/25,0.9864994009741412,0.9999962554776264,0,0,0.2216334493303806,0.0030125661227094,ACSL6,Basal,Activated
GO_Biological_Process_2023,Sterol Transport (GO:0015918),1/25,0.9864994009741412,0.9999962554776264,0,0,0.2216334493303806,0.0030125661227094,APOA2,Basal,Activated
GO_Biological_Process_2023,Vesicle Cargo Loading (GO:0035459),1/25,0.9864994009741412,0.9999962554776264,0,0,0.2216334493303806,0.0030125661227094,SH2D2A,Basal,Activated
GO_Biological_Process_2023,Extrinsic Apoptotic Signaling Pathway (GO:0097191),5/67,0.9867241106745273,0.9999962554776264,0,0,0.4285407747248817,0.0057273624954058,MLLT11;IFI27;IFNG;BCL2A1;TNF,Basal,Activated
GO_Biological_Process_2023,Macromolecule Catabolic Process (GO:0009057),7/85,0.9867598885670524,0.9999962554776264,0,0,0.4767361534397984,0.00635419838726,RNASEH2A;EXOSC4;CHEK2;TREX2;MAGEA2;MAGEC2;SLC16A3,Basal,Activated
GO_Biological_Process_2023,Negative Regulation Of Cell Cycle (GO:0045786),7/85,0.9867598885670524,0.9999962554776264,0,0,0.4767361534397984,0.00635419838726,CDT1;FOXC1;CDKN2A;PLK1;TP53BP2;FBXO43;MAD2L1,Basal,Activated
GO_Biological_Process_2023,Regulation Of Protein Kinase Activity (GO:0045859),11/119,0.986809490701415,0.9999962554776264,0,0,0.5407748275091976,0.0071805578021911,CCNA2;CENPE;DBNDD1;UBASH3B;CAMK2N2;CCNYL2;PYDC1;SFN;ECT2;PPM1E;C1ORF112,Basal,Activated
GO_Biological_Process_2023,Regulation Of Tumor Necrosis Factor-Mediated Signaling Pathway (GO:0010803),3/48,0.9872007991541114,0.9999962554776264,0,0,0.354394850691147,0.0045652493697362,H2BC11;PYDC1;TRAIP,Basal,Activated
GO_Biological_Process_2023,Glycosaminoglycan Biosynthetic Process (GO:0006024),4/58,0.9873930541621948,0.9999962554776264,0,0,0.3936856425773462,0.0049947242556067,CHST6;CEMIP;B3GNT7;B3GNT4,Basal,Activated
GO_Biological_Process_2023,Peptidyl-Threonine Phosphorylation (GO:0018107),4/58,0.9873930541621948,0.9999962554776264,0,0,0.3936856425773462,0.0049947242556067,MYLK2;SBK1;CHEK1;CDK1,Basal,Activated
GO_Biological_Process_2023,Regulation Of Neuron Death (GO:1901214),4/58,0.9873930541621948,0.9999962554776264,0,0,0.3936856425773462,0.0049947242556067,IFNG;KIF14;PCSK9;DKK1,Basal,Activated
GO_Biological_Process_2023,Cell Morphogenesis Involved In Neuron Differentiation (GO:0048667),6/77,0.9879865072289604,0.9999962554776264,0,0,0.4489637444438494,0.0054262826590093,ISL2;BRSK2;APLP1;TRIM46;CCK;POU4F1,Basal,Activated
GO_Biological_Process_2023,Telomere Maintenance (GO:0000723),5/68,0.9881973585411278,0.9999962554776264,0,0,0.4217134008074775,0.0050069380844149,RECQL4;BLM;RAD51;TERT;DNA2,Basal,Activated
GO_Biological_Process_2023,Cellular Response To Type I Interferon (GO:0071357),2/38,0.9882950782283086,0.9999962554776264,0,0,0.295393811533052,0.0034779559995836,IFI27;IFNB1,Basal,Activated
GO_Biological_Process_2023,Maturation Of SSU-rRNA (GO:0030490),2/38,0.9882950782283086,0.9999962554776264,0,0,0.295393811533052,0.0034779559995836,IGF2BP3;DCAF13,Basal,Activated
GO_Biological_Process_2023,Negative Regulation Of Epithelial Cell Apoptotic Process (GO:1904036),2/38,0.9882950782283086,0.9999962554776264,0,0,0.295393811533052,0.0034779559995836,SERPINB13;MDK,Basal,Activated
GO_Biological_Process_2023,Positive Regulation Of Axonogenesis (GO:0050772),2/38,0.9882950782283086,0.9999962554776264,0,0,0.295393811533052,0.0034779559995836,CHODL;L1CAM,Basal,Activated
GO_Biological_Process_2023,Positive Regulation Of Myoblast Differentiation (GO:0045663),2/38,0.9882950782283086,0.9999962554776264,0,0,0.295393811533052,0.0034779559995836,ACTL6B;MYOD1,Basal,Activated
GO_Biological_Process_2023,Regulation Of Intracellular Transport (GO:0032386),2/38,0.9882950782283086,0.9999962554776264,0,0,0.295393811533052,0.0034779559995836,MYLK2;SPAG5,Basal,Activated
GO_Biological_Process_2023,Regulation Of Neurotransmitter Secretion (GO:0046928),2/38,0.9882950782283086,0.9999962554776264,0,0,0.295393811533052,0.0034779559995836,RIMS2;CHRNB4,Basal,Activated
GO_Biological_Process_2023,Response To Transforming Growth Factor Beta (GO:0071559),2/38,0.9882950782283086,0.9999962554776264,0,0,0.295393811533052,0.0034779559995836,WNT10A;ANKRD1,Basal,Activated
GO_Biological_Process_2023,Signal Release From Synapse (GO:0099643),2/38,0.9882950782283086,0.9999962554776264,0,0,0.295393811533052,0.0034779559995836,UNC13A;HRH3,Basal,Activated
GO_Biological_Process_2023,Dendritic Spine Organization (GO:0097061),1/26,0.9886361474893572,0.9999962554776264,0,0,0.2127554571338184,0.0024315639194384,EPHB3,Basal,Activated
GO_Biological_Process_2023,miRNA-mediated Gene Silencing (GO:0035195),1/26,0.9886361474893572,0.9999962554776264,0,0,0.2127554571338184,0.0024315639194384,TRIM71,Basal,Activated
GO_Biological_Process_2023,Negative Regulation Of Insulin Receptor Signaling Pathway (GO:0046627),1/26,0.9886361474893572,0.9999962554776264,0,0,0.2127554571338184,0.0024315639194384,GRB14,Basal,Activated
GO_Biological_Process_2023,Negative Regulation Of Receptor-Mediated Endocytosis (GO:0048261),1/26,0.9886361474893572,0.9999962554776264,0,0,0.2127554571338184,0.0024315639194384,PCSK9,Basal,Activated
GO_Biological_Process_2023,Nuclear Membrane Organization (GO:0071763),1/26,0.9886361474893572,0.9999962554776264,0,0,0.2127554571338184,0.0024315639194384,PLK1,Basal,Activated
GO_Biological_Process_2023,Organelle Fusion (GO:0048284),1/26,0.9886361474893572,0.9999962554776264,0,0,0.2127554571338184,0.0024315639194384,BCL2A1,Basal,Activated
GO_Biological_Process_2023,Plasma Membrane Invagination (GO:0099024),1/26,0.9886361474893572,0.9999962554776264,0,0,0.2127554571338184,0.0024315639194384,AURKB,Basal,Activated
GO_Biological_Process_2023,Positive Regulation Of Adenylate Cyclase Activity (GO:0045762),1/26,0.9886361474893572,0.9999962554776264,0,0,0.2127554571338184,0.0024315639194384,ADCYAP1,Basal,Activated
GO_Biological_Process_2023,Positive Regulation Of Erythrocyte Differentiation (GO:0045648),1/26,0.9886361474893572,0.9999962554776264,0,0,0.2127554571338184,0.0024315639194384,RHEX,Basal,Activated
GO_Biological_Process_2023,Positive Regulation Of Microtubule Polymerization Or Depolymerization (GO:0031112),1/26,0.9886361474893572,0.9999962554776264,0,0,0.2127554571338184,0.0024315639194384,PSRC1,Basal,Activated
GO_Biological_Process_2023,Positive Regulation Of Phosphatidylinositol 3-Kinase Activity (GO:0043552),1/26,0.9886361474893572,0.9999962554776264,0,0,0.2127554571338184,0.0024315639194384,EPHA8,Basal,Activated
GO_Biological_Process_2023,Regulation Of Nucleotide-Excision Repair (GO:2000819),1/26,0.9886361474893572,0.9999962554776264,0,0,0.2127554571338184,0.0024315639194384,ACTL6B,Basal,Activated
GO_Biological_Process_2023,Regulation Of Potassium Ion Transmembrane Transporter Activity (GO:1901016),1/26,0.9886361474893572,0.9999962554776264,0,0,0.2127554571338184,0.0024315639194384,KCNG1,Basal,Activated
GO_Biological_Process_2023,Regulation Of Reactive Oxygen Species Biosynthetic Process (GO:1903426),1/26,0.9886361474893572,0.9999962554776264,0,0,0.2127554571338184,0.0024315639194384,MMP8,Basal,Activated
GO_Biological_Process_2023,Negative Regulation Of Tumor Necrosis Factor Superfamily Cytokine Production (GO:1903556),3/49,0.9888207589158544,0.9999962554776264,0,0,0.3466699698583756,0.0038973325977607,POMC;ORM1;BPI,Basal,Activated
GO_Biological_Process_2023,Nuclear Export (GO:0051168),3/49,0.9888207589158544,0.9999962554776264,0,0,0.3466699698583756,0.0038973325977607,POM121L2;ANKLE1;DDX39A,Basal,Activated
GO_Biological_Process_2023,Positive Regulation Of Nervous System Development (GO:0051962),3/49,0.9888207589158544,0.9999962554776264,0,0,0.3466699698583756,0.0038973325977607,IFNG;SOX11;EPHB3,Basal,Activated
GO_Biological_Process_2023,Negative Regulation Of Protein-Containing Complex Assembly (GO:0031333),4/59,0.9888803870199822,0.9999962554776264,0,0,0.3865046922678335,0.0043218560572899,OPRD1;KIF14;PYDC1;DKK1,Basal,Activated
GO_Biological_Process_2023,Positive Regulation Of Protein Binding (GO:0032092),4/59,0.9888803870199822,0.9999962554776264,0,0,0.3865046922678335,0.0043218560572899,TERT;RIPK2;MMP9;ADD2,Basal,Activated
GO_Biological_Process_2023,Positive Regulation Of Proteolysis (GO:0045862),4/59,0.9888803870199822,0.9999962554776264,0,0,0.3865046922678335,0.0043218560572899,IFNG;PLK1;CTSV;TNF,Basal,Activated
GO_Biological_Process_2023,Organonitrogen Compound Catabolic Process (GO:1901565),6/78,0.9892608622781004,0.9999962554776264,0,0,0.4427017321504014,0.0047799473148182,PNLIPRP2;IL4I1;CHEK2;MAGEA2;MAGEC2;SLC16A3,Basal,Activated
GO_Biological_Process_2023,Regulation Of Innate Immune Response (GO:0045088),6/78,0.9892608622781004,0.9999962554776264,0,0,0.4427017321504014,0.0047799473148182,GBP5;IFNB1;CGAS;ADAM8;LRP8;AURKB,Basal,Activated
GO_Biological_Process_2023,Regulation Of Monoatomic Ion Transmembrane Transporter Activity (GO:0032412),5/69,0.9895147524961234,0.9999962554776264,0,0,0.4150993823249921,0.004375398628817,HCN4;CHRM3;FXYD4;SHISA8;CACNG5,Basal,Activated
GO_Biological_Process_2023,Regulation Of Protein Metabolic Process (GO:0051246),8/96,0.9895516312903352,0.9999962554776264,0,0,0.4827924136738341,0.0050709310014271,SERPINB4;SERPINB13;UHRF1;CHEK2;PLAUR;MSI1;FAM83D;AGT,Basal,Activated
GO_Biological_Process_2023,RNA Transport (GO:0050658),2/39,0.989920809680964,0.9999962554776264,0,0,0.2873930892918234,0.002911386625638,POM121L2;DDX39A,Basal,Activated
GO_Biological_Process_2023,Axonal Transport (GO:0098930),2/39,0.989920809680964,0.9999962554776264,0,0,0.2873930892918234,0.002911386625638,KIF4A;KIF1A,Basal,Activated
GO_Biological_Process_2023,Histone H4 Acetylation (GO:0043967),2/39,0.989920809680964,0.9999962554776264,0,0,0.2873930892918234,0.002911386625638,ACTL6B;MSL3P1,Basal,Activated
GO_Biological_Process_2023,Negative Regulation Of Protein Secretion (GO:0050709),2/39,0.989920809680964,0.9999962554776264,0,0,0.2873930892918234,0.002911386625638,RSAD2;RHBDF2,Basal,Activated
GO_Biological_Process_2023,Positive Regulation Of ATP-dependent Activity (GO:0032781),2/39,0.989920809680964,0.9999962554776264,0,0,0.2873930892918234,0.002911386625638,UHRF1;PFN2,Basal,Activated
GO_Biological_Process_2023,Positive Regulation Of Intracellular Transport (GO:0032388),2/39,0.989920809680964,0.9999962554776264,0,0,0.2873930892918234,0.002911386625638,SPAG5;ACTN2,Basal,Activated
GO_Biological_Process_2023,Positive Regulation Of Intrinsic Apoptotic Signaling Pathway (GO:2001244),2/39,0.989920809680964,0.9999962554776264,0,0,0.2873930892918234,0.002911386625638,S100A9;S100A8,Basal,Activated
GO_Biological_Process_2023,Positive Regulation Of Lymphocyte Differentiation (GO:0045621),2/39,0.989920809680964,0.9999962554776264,0,0,0.2873930892918234,0.002911386625638,ACTL6B;MDK,Basal,Activated
GO_Biological_Process_2023,Regulation Of Mitochondrial Membrane Potential (GO:0051881),2/39,0.989920809680964,0.9999962554776264,0,0,0.2873930892918234,0.002911386625638,OPRD1;PYCR1,Basal,Activated
GO_Biological_Process_2023,Regulation Of Receptor-Mediated Endocytosis (GO:0048259),2/39,0.989920809680964,0.9999962554776264,0,0,0.2873930892918234,0.002911386625638,USH1G;DKK1,Basal,Activated
GO_Biological_Process_2023,Release Of Sequestered Calcium Ion Into Cytosol (GO:0051209),2/39,0.989920809680964,0.9999962554776264,0,0,0.2873930892918234,0.002911386625638,HTR2C;PLCH1,Basal,Activated
GO_Biological_Process_2023,Homophilic Cell Adhesion Via Plasma Membrane Adhesion Molecules (GO:0007156),4/60,0.9901992324921606,0.9999962554776264,0,0,0.3795802044693748,0.0037385276275641,CDH2;L1CAM;NECTIN4;IGSF9,Basal,Activated
GO_Biological_Process_2023,Blood Circulation (GO:0008015),3/50,0.9902422338986772,0.9999962554776264,0,0,0.3392738073589137,0.0033268121099071,HCN4;CXCL10;TNNI3,Basal,Activated
GO_Biological_Process_2023,Negative Regulation Of Cell Projection Organization (GO:0031345),3/50,0.9902422338986772,0.9999962554776264,0,0,0.3392738073589137,0.0033268121099071,RTN4R;DPYSL5;MT3,Basal,Activated
GO_Biological_Process_2023,Pyruvate Metabolic Process (GO:0006090),3/50,0.9902422338986772,0.9999962554776264,0,0,0.3392738073589137,0.0033268121099071,LDHC;TPI1;GAPDH,Basal,Activated
GO_Biological_Process_2023,Regulation Of Epithelial Cell Migration (GO:0010632),3/50,0.9902422338986772,0.9999962554776264,0,0,0.3392738073589137,0.0033268121099071,VIL1;IFNG;PFN2,Basal,Activated
GO_Biological_Process_2023,Regulation Of Interferon-Beta Production (GO:0032648),3/50,0.9902422338986772,0.9999962554776264,0,0,0.3392738073589137,0.0033268121099071,IFIH1;RIPK2;ISG15,Basal,Activated
GO_Biological_Process_2023,Negative Regulation Of Protein Metabolic Process (GO:0051248),14/147,0.9902730154602856,0.9999962554776264,0,0,0.5585835618270582,0.0054599312631214,TRIM71;SERPINB3;CSTB;SERPINB12;SERPINE2;GZMB;TYMS;ZAR1L;IGF2BP1;PFDN2;IGF2BP3;IGF2BP2;GAPDH;MAD2L1,Basal,Activated
GO_Biological_Process_2023,Negative Regulation Of Protein Kinase Activity (GO:0006469),7/88,0.9903980953298932,0.9999962554776264,0,0,0.4589970847762712,0.0044285416583424,DBNDD1;UBASH3B;IFNG;CAMK2N2;PYDC1;SFN;PPM1E,Basal,Activated
GO_Biological_Process_2023,Positive Regulation Of Endocytosis (GO:0045807),6/79,0.990406792044436,0.9999962554776264,0,0,0.4366112818375957,0.00420872283213,IFNG;AHSG;TFR2;CLEC7A;APOA2;TNF,Basal,Activated
GO_Biological_Process_2023,Cellular Response To Acid Chemical (GO:0071229),1/27,0.9904347354532756,0.9999962554776264,0,0,0.2045603874139147,0.0019660923809175,GLRA2,Basal,Activated
GO_Biological_Process_2023,Clathrin-Dependent Endocytosis (GO:0072583),1/27,0.9904347354532756,0.9999962554776264,0,0,0.2045603874139147,0.0019660923809175,DNAJC6,Basal,Activated
GO_Biological_Process_2023,Establishment Of Protein Localization To Vacuole (GO:0072666),1/27,0.9904347354532756,0.9999962554776264,0,0,0.2045603874139147,0.0019660923809175,CACNG5,Basal,Activated
GO_Biological_Process_2023,mRNA Modification (GO:0016556),1/27,0.9904347354532756,0.9999962554776264,0,0,0.2045603874139147,0.0019660923809175,APOBEC1,Basal,Activated
GO_Biological_Process_2023,Negative Regulation Of Cellular Response To Insulin Stimulus (GO:1900077),1/27,0.9904347354532756,0.9999962554776264,0,0,0.2045603874139147,0.0019660923809175,GRB14,Basal,Activated
GO_Biological_Process_2023,Peptidyl-Lysine Methylation (GO:0018022),1/27,0.9904347354532756,0.9999962554776264,0,0,0.2045603874139147,0.0019660923809175,SUV39H2,Basal,Activated
GO_Biological_Process_2023,Regulation Of Actin Polymerization Or Depolymerization (GO:0008064),1/27,0.9904347354532756,0.9999962554776264,0,0,0.2045603874139147,0.0019660923809175,PFN2,Basal,Activated
GO_Biological_Process_2023,Regulation Of Androgen Receptor Signaling Pathway (GO:0060765),1/27,0.9904347354532756,0.9999962554776264,0,0,0.2045603874139147,0.0019660923809175,FOXH1,Basal,Activated
GO_Biological_Process_2023,Regulation Of Chromatin Organization (GO:1902275),1/27,0.9904347354532756,0.9999962554776264,0,0,0.2045603874139147,0.0019660923809175,MKI67,Basal,Activated
GO_Biological_Process_2023,Regulation Of Immunoglobulin Production (GO:0002637),1/27,0.9904347354532756,0.9999962554776264,0,0,0.2045603874139147,0.0019660923809175,IL21,Basal,Activated
GO_Biological_Process_2023,Negative Regulation Of Extrinsic Apoptotic Signaling Pathway (GO:2001237),5/70,0.9906917027751536,0.9999962554776264,0,0,0.4086888721035062,0.0038220134381035,IL1A;SCRT2;TERT;GDNF;TNF,Basal,Activated
GO_Biological_Process_2023,Positive Regulation Of Protein Polymerization (GO:0032273),5/70,0.9906917027751536,0.9999962554776264,0,0,0.4086888721035062,0.0038220134381035,BAIAP2L2;PSRC1;CCL11;CRACD;PFN2,Basal,Activated
GO_Biological_Process_2023,Regulation Of Actin Filament-Based Process (GO:0032970),5/70,0.9906917027751536,0.9999962554776264,0,0,0.4086888721035062,0.0038220134381035,ODAM;FSCN1;RAC3;ABRACL;GRHL3,Basal,Activated
GO_Biological_Process_2023,Notch Signaling Pathway (GO:0007219),2/40,0.9913251792531096,0.9999962554776264,0,0,0.2798134576948701,0.0024379212077936,GMDS;DLL3,Basal,Activated
GO_Biological_Process_2023,Cellular Response To Heat (GO:0034605),2/40,0.9913251792531096,0.9999962554776264,0,0,0.2798134576948701,0.0024379212077936,IL1A;HSPA6,Basal,Activated
GO_Biological_Process_2023,Negative Regulation Of Cell-Cell Adhesion (GO:0022408),2/40,0.9913251792531096,0.9999962554776264,0,0,0.2798134576948701,0.0024379212077936,EPCAM;PLG,Basal,Activated
GO_Biological_Process_2023,Negative Regulation Of Mitotic Cell Cycle Phase Transition (GO:1901991),2/40,0.9913251792531096,0.9999962554776264,0,0,0.2798134576948701,0.0024379212077936,FBXO5;E2F7,Basal,Activated
GO_Biological_Process_2023,Positive Regulation Of Insulin Secretion (GO:0032024),2/40,0.9913251792531096,0.9999962554776264,0,0,0.2798134576948701,0.0024379212077936,PDX1;TUNAR,Basal,Activated
GO_Biological_Process_2023,Positive Regulation Of Monoatomic Ion Transport (GO:0043270),2/40,0.9913251792531096,0.9999962554776264,0,0,0.2798134576948701,0.0024379212077936,NKX2-5;LILRP2,Basal,Activated
GO_Biological_Process_2023,Positive Regulation Of Stem Cell Population Maintenance (GO:1902459),2/40,0.9913251792531096,0.9999962554776264,0,0,0.2798134576948701,0.0024379212077936,ACTL6B;SAP30,Basal,Activated
GO_Biological_Process_2023,Regulation Of Glycolytic Process (GO:0006110),2/40,0.9913251792531096,0.9999962554776264,0,0,0.2798134576948701,0.0024379212077936,IFNG;SLC2A6,Basal,Activated
GO_Biological_Process_2023,Positive Regulation Of Peptidyl-Serine Phosphorylation (GO:0033138),7/89,0.9913850494674672,0.9999962554776264,0,0,0.4533725020292992,0.0039227029900362,OPRD1;IFNG;RIPK2;IFNB1;OSM;TNF;PFN2,Basal,Activated
GO_Biological_Process_2023,SMAD Protein Signal Transduction (GO:0060395),3/51,0.9914884706448234,0.9999962554776264,0,0,0.3321858182969294,0.0028395108497658,LEFTY2;GDF5;INHBE,Basal,Activated
GO_Biological_Process_2023,Negative Regulation Of MAP Kinase Activity (GO:0043407),3/51,0.9914884706448234,0.9999962554776264,0,0,0.3321858182969294,0.0028395108497658,SERPINB3;UCHL1;AGT,Basal,Activated
GO_Biological_Process_2023,Positive Regulation Of Actin Filament Bundle Assembly (GO:0032233),3/51,0.9914884706448234,0.9999962554776264,0,0,0.3321858182969294,0.0028395108497658,VIL1;PPM1E;PFN2,Basal,Activated
GO_Biological_Process_2023,Positive Regulation Of Protein Localization To Plasma Membrane (GO:1903078),3/51,0.9914884706448234,0.9999962554776264,0,0,0.3321858182969294,0.0028395108497658,DPP10;IFNG;TNF,Basal,Activated
GO_Biological_Process_2023,Regulation Of Smoothened Signaling Pathway (GO:0008589),3/51,0.9914884706448234,0.9999962554776264,0,0,0.3321858182969294,0.0028395108497658,TEDC2;ZIC1;OTX2,Basal,Activated
GO_Biological_Process_2023,Regulation Of Stress-Activated MAPK Cascade (GO:0032872),3/51,0.9914884706448234,0.9999962554776264,0,0,0.3321858182969294,0.0028395108497658,FOXM1;RASGRP1;INAVA,Basal,Activated
GO_Biological_Process_2023,Synapse Assembly (GO:0007416),5/71,0.991742248065722,0.9999962554776264,0,0,0.4024726197675199,0.0033373174674151,GABRA1;CDH2;DNER;POU4F1;GABRG2,Basal,Activated
GO_Biological_Process_2023,Negative Regulation Of Translation (GO:0017148),9/107,0.9917623743409262,0.9999962554776264,0,0,0.4875822831511291,0.0040331550387228,TRIM71;ZAR1L;EIF4EBP1;IGF2BP1;GZMB;IGF2BP3;IGF2BP2;TYMS;GAPDH,Basal,Activated
GO_Biological_Process_2023,RNA Phosphodiester Bond Hydrolysis (GO:0090501),1/28,0.9919486664628964,0.9999962554776264,0,0,0.1969723598954854,0.0015923089086216,POP1,Basal,Activated
GO_Biological_Process_2023,Cell-Substrate Junction Assembly (GO:0007044),1/28,0.9919486664628964,0.9999962554776264,0,0,0.1969723598954854,0.0015923089086216,ACTN2,Basal,Activated
GO_Biological_Process_2023,Cellular Response To Osmotic Stress (GO:0071470),1/28,0.9919486664628964,0.9999962554776264,0,0,0.1969723598954854,0.0015923089086216,AQP5,Basal,Activated
GO_Biological_Process_2023,Fatty Acid Derivative Biosynthetic Process (GO:1901570),1/28,0.9919486664628964,0.9999962554776264,0,0,0.1969723598954854,0.0015923089086216,GGTLC2,Basal,Activated
GO_Biological_Process_2023,Glycosaminoglycan Metabolic Process (GO:0030203),1/28,0.9919486664628964,0.9999962554776264,0,0,0.1969723598954854,0.0015923089086216,HYAL4,Basal,Activated
GO_Biological_Process_2023,Negative Regulation Of Cation Channel Activity (GO:2001258),1/28,0.9919486664628964,0.9999962554776264,0,0,0.1969723598954854,0.0015923089086216,MMP9,Basal,Activated
GO_Biological_Process_2023,Negative Regulation Of Cytoskeleton Organization (GO:0051494),1/28,0.9919486664628964,0.9999962554776264,0,0,0.1969723598954854,0.0015923089086216,PFN2,Basal,Activated
GO_Biological_Process_2023,Negative Regulation Of Type II Interferon Production (GO:0032689),1/28,0.9919486664628964,0.9999962554776264,0,0,0.1969723598954854,0.0015923089086216,IL36RN,Basal,Activated
GO_Biological_Process_2023,Positive Regulation Of Defense Response To Virus By Host (GO:0002230),1/28,0.9919486664628964,0.9999962554776264,0,0,0.1969723598954854,0.0015923089086216,CGAS,Basal,Activated
GO_Biological_Process_2023,Positive Regulation Of Fibroblast Proliferation (GO:0048146),1/28,0.9919486664628964,0.9999962554776264,0,0,0.1969723598954854,0.0015923089086216,E2F1,Basal,Activated
GO_Biological_Process_2023,Positive Regulation Of mRNA Processing (GO:0050685),1/28,0.9919486664628964,0.9999962554776264,0,0,0.1969723598954854,0.0015923089086216,CELF4,Basal,Activated
GO_Biological_Process_2023,Protein Insertion Into Mitochondrial Membrane (GO:0051204),1/28,0.9919486664628964,0.9999962554776264,0,0,0.1969723598954854,0.0015923089086216,TOMM40,Basal,Activated
GO_Biological_Process_2023,Protein Localization To Golgi Apparatus (GO:0034067),1/28,0.9919486664628964,0.9999962554776264,0,0,0.1969723598954854,0.0015923089086216,GBP5,Basal,Activated
GO_Biological_Process_2023,"Regulation Of DNA Damage Response, Signal Transduction By P53 Class Mediator (GO:0043516)",1/28,0.9919486664628964,0.9999962554776264,0,0,0.1969723598954854,0.0015923089086216,ANKRD1,Basal,Activated
GO_Biological_Process_2023,Regulation Of Calcium Ion-Dependent Exocytosis (GO:0017158),1/28,0.9919486664628964,0.9999962554776264,0,0,0.1969723598954854,0.0015923089086216,SYT13,Basal,Activated
GO_Biological_Process_2023,Regulation Of Lipid Biosynthetic Process (GO:0046890),1/28,0.9919486664628964,0.9999962554776264,0,0,0.1969723598954854,0.0015923089086216,NR5A1,Basal,Activated
GO_Biological_Process_2023,Regulation Of Protein Targeting To Membrane (GO:0090313),1/28,0.9919486664628964,0.9999962554776264,0,0,0.1969723598954854,0.0015923089086216,CEMIP,Basal,Activated
GO_Biological_Process_2023,Sterol Biosynthetic Process (GO:0016126),1/28,0.9919486664628964,0.9999962554776264,0,0,0.1969723598954854,0.0015923089086216,SQLE,Basal,Activated
GO_Biological_Process_2023,Regulation Of Peptidyl-Tyrosine Phosphorylation (GO:0050730),7/90,0.992275654997597,0.9999962554776264,0,0,0.447883451396712,0.0034730371032488,EPHA7;RIPK2;CD80;CLEC6A;OSM;LRP8;AGT,Basal,Activated
GO_Biological_Process_2023,Positive Regulation Of Growth (GO:0045927),6/81,0.9923605259219423,0.9999962554776264,0,0,0.4249176172370089,0.0032586100647139,GH2;EXOSC4;CSH2;PRSS2;S100A9;S100A8,Basal,Activated
GO_Biological_Process_2023,Regulation Of Interleukin-8 Production (GO:0032677),6/81,0.9923605259219423,0.9999962554776264,0,0,0.4249176172370089,0.0032586100647139,NLRP10;CLEC7A;APOA2;CHI3L1;BPI;TNF,Basal,Activated
GO_Biological_Process_2023,Spindle Assembly (GO:0051225),6/81,0.9923605259219423,0.9999962554776264,0,0,0.4249176172370089,0.0032586100647139,TPX2;KIFC1;KASH5;CHEK2;NEK2;KIF11,Basal,Activated
GO_Biological_Process_2023,Regulation Of Embryonic Development (GO:0045995),4/62,0.9924018195879292,0.9999962554776264,0,0,0.3664475551964359,0.0027949664636594,RACGAP1;CDK1;OTX2;FOXA2,Basal,Activated
GO_Biological_Process_2023,Acylglycerol Metabolic Process (GO:0006639),2/41,0.9925375183751188,0.9999962554776264,0,0,0.2726225251541707,0.0020420695499376,PNLIPRP2;APOA2,Basal,Activated
GO_Biological_Process_2023,Carbohydrate Catabolic Process (GO:0016052),2/41,0.9925375183751188,0.9999962554776264,0,0,0.2726225251541707,0.0020420695499376,TPI1;GAPDH,Basal,Activated
GO_Biological_Process_2023,Cellular Response To Retinoic Acid (GO:0071300),2/41,0.9925375183751188,0.9999962554776264,0,0,0.2726225251541707,0.0020420695499376,STRA8;WNT6,Basal,Activated
GO_Biological_Process_2023,Positive Regulation Of Viral Process (GO:0048524),2/41,0.9925375183751188,0.9999962554776264,0,0,0.2726225251541707,0.0020420695499376,KPNA2;SRPK1,Basal,Activated
GO_Biological_Process_2023,Regulation Of Microtubule-Based Process (GO:0032886),2/41,0.9925375183751188,0.9999962554776264,0,0,0.2726225251541707,0.0020420695499376,AURKA;MCM2,Basal,Activated
GO_Biological_Process_2023,Synaptic Vesicle Exocytosis (GO:0016079),2/41,0.9925375183751188,0.9999962554776264,0,0,0.2726225251541707,0.0020420695499376,RIMS2;UNC13A,Basal,Activated
GO_Biological_Process_2023,Positive Regulation Of Metabolic Process (GO:0009893),9/108,0.9925561466850916,0.9999962554776264,0,0,0.4826283770146757,0.0036060530224865,ADCYAP1;IFNG;CLEC7A;MFAP2;LCN2;TRPM8;TNF;PHOX2B;FGF21,Basal,Activated
GO_Biological_Process_2023,Positive Regulation Of Telomere Maintenance (GO:0032206),3/52,0.9925801698765684,0.9999962554776264,0,0,0.3253871349109444,0.0024233187312485,NEK2;MAPK15;AURKB,Basal,Activated
GO_Biological_Process_2023,Regulation Of Cell Development (GO:0060284),3/52,0.9925801698765684,0.9999962554776264,0,0,0.3253871349109444,0.0024233187312485,HES6;HELT;HOXA11,Basal,Activated
GO_Biological_Process_2023,Sprouting Angiogenesis (GO:0002040),3/52,0.9925801698765684,0.9999962554776264,0,0,0.3253871349109444,0.0024233187312485,ESM1;E2F7;E2F8,Basal,Activated
GO_Biological_Process_2023,Cellular Response To Hypoxia (GO:0071456),5/72,0.9926791554988262,0.9999962554776264,0,0,0.3964419272027571,0.0029129654441425,OPRD1;SUV39H2;TERT;ADAM8;MT3,Basal,Activated
GO_Biological_Process_2023,Second-Messenger-Mediated Signaling (GO:0019932),5/72,0.9926791554988262,0.9999962554776264,0,0,0.3964419272027571,0.0029129654441425,POMC;CHRM3;CXCL8;EDN2;PDX1,Basal,Activated
GO_Biological_Process_2023,Positive Regulation Of Protein Serine/Threonine Kinase Activity (GO:0071902),10/117,0.9928329516464832,0.9999962554776264,0,0,0.4960802220219175,0.0035682331170772,CEMIP;PSRC1;IFNG;DIRAS1;HMGA2;ADAM8;CD24;TNF;RASGRP1;EZH2,Basal,Activated
GO_Biological_Process_2023,Response To UV (GO:0009411),8/100,0.9931231323964588,0.9999962554776264,0,0,0.4616911582255796,0.003185956267595,FEN1;PCNA;SERPINB13;PCLAF;CDC25A;IVL;AURKB;TNFSF13B,Basal,Activated
GO_Biological_Process_2023,JNK Cascade (GO:0007254),1/29,0.9932229795589276,0.9999962554776264,0,0,0.1899263343426583,0.0012915159249342,DUSP9,Basal,Activated
GO_Biological_Process_2023,Alpha-Amino Acid Metabolic Process (GO:1901605),1/29,0.9932229795589276,0.9999962554776264,0,0,0.1899263343426583,0.0012915159249342,CBS,Basal,Activated
GO_Biological_Process_2023,Lipid Droplet Organization (GO:0034389),1/29,0.9932229795589276,0.9999962554776264,0,0,0.1899263343426583,0.0012915159249342,SQLE,Basal,Activated
GO_Biological_Process_2023,Modified Amino Acid Transport (GO:0072337),1/29,0.9932229795589276,0.9999962554776264,0,0,0.1899263343426583,0.0012915159249342,SLC7A11,Basal,Activated
GO_Biological_Process_2023,Peptidyl-Tyrosine Dephosphorylation (GO:0035335),1/29,0.9932229795589276,0.9999962554776264,0,0,0.1899263343426583,0.0012915159249342,UBASH3B,Basal,Activated
GO_Biological_Process_2023,Positive Regulation Of Calcium Ion Transport (GO:0051928),1/29,0.9932229795589276,0.9999962554776264,0,0,0.1899263343426583,0.0012915159249342,LILRP2,Basal,Activated
GO_Biological_Process_2023,Positive Regulation Of Dephosphorylation (GO:0035306),1/29,0.9932229795589276,0.9999962554776264,0,0,0.1899263343426583,0.0012915159249342,CDCA2,Basal,Activated
GO_Biological_Process_2023,Positive Regulation Of Microtubule Polymerization (GO:0031116),1/29,0.9932229795589276,0.9999962554776264,0,0,0.1899263343426583,0.0012915159249342,PSRC1,Basal,Activated
GO_Biological_Process_2023,Regulation Of Neuron Migration (GO:2001222),1/29,0.9932229795589276,0.9999962554776264,0,0,0.1899263343426583,0.0012915159249342,MDK,Basal,Activated
GO_Biological_Process_2023,Response To Alcohol (GO:0097305),1/29,0.9932229795589276,0.9999962554776264,0,0,0.1899263343426583,0.0012915159249342,TH,Basal,Activated
GO_Biological_Process_2023,Positive Regulation Of Wnt Signaling Pathway (GO:0030177),9/109,0.9932775364761408,0.9999962554776264,0,0,0.4777735490009515,0.0032226595387968,SCEL;DEPDC1B;TERT;MRPS12;FZD9;RSPO2;LGR5;RSPO4;ATP6V1C2,Basal,Activated
GO_Biological_Process_2023,Positive Regulation Of Cysteine-Type Endopeptidase Activity Involved In Apoptotic Process (GO:0043280),9/109,0.9932775364761408,0.9999962554776264,0,0,0.4777735490009515,0.0032226595387968,PRR7;CLEC7A;KHDC1;NLRP2;FOXL2;TNF;S100A9;S100A8;ST18,Basal,Activated
GO_Biological_Process_2023,Protein Polymerization (GO:0051258),4/63,0.99331646351825,0.9999962554776264,0,0,0.3602151114736853,0.0024155922102936,VIL1;DIAPH3;UBE2C;UBE2S,Basal,Activated
GO_Biological_Process_2023,Regulation Of Protein Binding (GO:0043393),10/118,0.9935075108954742,0.9999962554776264,0,0,0.4914575108103027,0.0032011856472042,SLPI;TERT;RIPK2;PLK1;XIRP1;CARD18;DKK1;AURKB;ADD2;AURKA,Basal,Activated
GO_Biological_Process_2023,Cellular Response To Decreased Oxygen Levels (GO:0036294),5/73,0.9935140170002302,0.9999962554776264,0,0,0.3905886079487227,0.0025416024050748,OPRD1;SUV39H2;TERT;ADAM8;MT3,Basal,Activated
GO_Biological_Process_2023,Positive Regulation Of Secretion By Cell (GO:1903532),5/73,0.9935140170002302,0.9999962554776264,0,0,0.3905886079487227,0.0025416024050748,IL1A;ANKRD1;SOX11;ADAM8;UNC13D,Basal,Activated
GO_Biological_Process_2023,Cellular Response To Alcohol (GO:0097306),3/53,0.9935357353974602,0.9999962554776264,0,0,0.3188603988603988,0.002067888904255,BLM;GLRA2;RAD51,Basal,Activated
GO_Biological_Process_2023,Positive Regulation Of NIK/NF-kappaB Signaling (GO:1901224),3/53,0.9935357353974602,0.9999962554776264,0,0,0.3188603988603988,0.002067888904255,RTKN2;MMP8;TNF,Basal,Activated
GO_Biological_Process_2023,Regulation Of Macromolecule Biosynthetic Process (GO:0010556),3/53,0.9935357353974602,0.9999962554776264,0,0,0.3188603988603988,0.002067888904255,IFNB1;MSI1;S100A9,Basal,Activated
GO_Biological_Process_2023,Ceramide Biosynthetic Process (GO:0046513),2/42,0.9935834205290468,0.9999962554776264,0,0,0.2657911392405063,0.0017109651287746,B4GALNT1;PNPLA1,Basal,Activated
GO_Biological_Process_2023,Negative Regulation Of I-kappaB kinase/NF-kappaB Signaling (GO:0043124),2/42,0.9935834205290468,0.9999962554776264,0,0,0.2657911392405063,0.0017109651287746,TNIP3;TRIM59,Basal,Activated
GO_Biological_Process_2023,Regulation Of Tumor Necrosis Factor Production (GO:0032680),11/127,0.9937872964951144,0.9999962554776264,0,0,0.5032392562842666,0.0031362286397008,IFIH1;POMC;IL1A;ORM1;IFNG;CLEC7A;BPI;MMP8;LILRP2;RASGRP1;ORM2,Basal,Activated
GO_Biological_Process_2023,Actin Filament Organization (GO:0007015),13/144,0.9938890743197404,0.9999962554776264,0,0,0.5264993854828505,0.003227269491304,GAS2L3;CARMIL2;MARCKSL1;ACTL8;ERMN;RFLNA;VIL1;ACTA1;BAIAP2L2;KASH5;XIRP1;RAC3;TAGLN3,Basal,Activated
GO_Biological_Process_2023,Regulation Of Cell Adhesion (GO:0030155),13/144,0.9938890743197404,0.9999962554776264,0,0,0.5264993854828505,0.003227269491304,ADAMDEC1;EPHA7;CXCL8;EPHA8;KIF14;PLAUR;PRKX;TNF;IBSP;MDK;ADAM8;PRSS2;EPHB3,Basal,Activated
GO_Biological_Process_2023,Regulation Of Secretion By Cell (GO:1903530),4/64,0.9941247145998806,0.9999962554776264,0,0,0.3541904158750263,0.002087106975259,RIMS2;CHRNB4;RHBDF2;STXBP5L,Basal,Activated
GO_Biological_Process_2023,Regulation Of mRNA Stability (GO:0043488),5/74,0.9942573408924732,0.9999962554776264,0,0,0.3849049501223414,0.0022167490439719,GDNF;MEIOC;E2F1;IGF2BP1;TENT5D,Basal,Activated
GO_Biological_Process_2023,Extrinsic Apoptotic Signaling Pathway Via Death Domain Receptors (GO:0008625),1/30,0.9942955895305924,0.9999962554776264,0,0,0.1833662415865778,0.0010489910988286,TNF,Basal,Activated
GO_Biological_Process_2023,"Maturation Of SSU-rRNA From Tricistronic rRNA Transcript (SSU-rRNA, 5.8S rRNA, LSU-rRNA) (GO:0000462)",1/30,0.9942955895305924,0.9999962554776264,0,0,0.1833662415865778,0.0010489910988286,DCAF13,Basal,Activated
GO_Biological_Process_2023,Negative Regulation Of Carbohydrate Metabolic Process (GO:0045912),1/30,0.9942955895305924,0.9999962554776264,0,0,0.1833662415865778,0.0010489910988286,ERFE,Basal,Activated
GO_Biological_Process_2023,Negative Regulation Of Myeloid Leukocyte Differentiation (GO:0002762),1/30,0.9942955895305924,0.9999962554776264,0,0,0.1833662415865778,0.0010489910988286,GPR55,Basal,Activated
GO_Biological_Process_2023,Positive Regulation Of Lipid Kinase Activity (GO:0090218),1/30,0.9942955895305924,0.9999962554776264,0,0,0.1833662415865778,0.0010489910988286,EPHA8,Basal,Activated
GO_Biological_Process_2023,Prostaglandin Metabolic Process (GO:0006693),1/30,0.9942955895305924,0.9999962554776264,0,0,0.1833662415865778,0.0010489910988286,EDN2,Basal,Activated
GO_Biological_Process_2023,Regulation Of Arp2/3 Complex-Mediated Actin Nucleation (GO:0034315),1/30,0.9942955895305924,0.9999962554776264,0,0,0.1833662415865778,0.0010489910988286,CARMIL2,Basal,Activated
GO_Biological_Process_2023,Regulation Of Macrophage Derived Foam Cell Differentiation (GO:0010743),1/30,0.9942955895305924,0.9999962554776264,0,0,0.1833662415865778,0.0010489910988286,AGT,Basal,Activated
GO_Biological_Process_2023,Regulation Of Vasculature Development (GO:1901342),1/30,0.9942955895305924,0.9999962554776264,0,0,0.1833662415865778,0.0010489910988286,VASH2,Basal,Activated
GO_Biological_Process_2023,Response To Amino Acid (GO:0043200),1/30,0.9942955895305924,0.9999962554776264,0,0,0.1833662415865778,0.0010489910988286,GLRA2,Basal,Activated
GO_Biological_Process_2023,Negative Regulation Of Protein Catabolic Process (GO:0042177),3/54,0.994371503919816,0.9999962554776264,0,0,0.312589613243208,0.0017643794854673,SERPINB12;LAMP3;MAD2L1,Basal,Activated
GO_Biological_Process_2023,Organelle Disassembly (GO:1903008),3/54,0.994371503919816,0.9999962554776264,0,0,0.312589613243208,0.0017643794854673,PLAAT1;CDK1;AURKA,Basal,Activated
GO_Biological_Process_2023,Regulation Of Exocytosis (GO:0017157),3/54,0.994371503919816,0.9999962554776264,0,0,0.312589613243208,0.0017643794854673,RIMS2;UNC13D;STXBP5L,Basal,Activated
GO_Biological_Process_2023,Regulation Of Myoblast Differentiation (GO:0045661),3/54,0.994371503919816,0.9999962554776264,0,0,0.312589613243208,0.0017643794854673,ACTL6B;MYOD1;SOX8,Basal,Activated
GO_Biological_Process_2023,Protein Catabolic Process (GO:0030163),8/102,0.994441843934884,0.9999962554776264,0,0,0.4518139748242691,0.0025182575197726,CHEK2;MAGEA2;PCSK9;GZMB;MAGEC2;CTSV;NCCRP1;SLC16A3,Basal,Activated
GO_Biological_Process_2023,Negative Regulation Of BMP Signaling Pathway (GO:0030514),2/43,0.9944851894531233,0.9999962554776264,0,0,0.2592929916640938,0.0014339092382511,CHRDL2;DAND5,Basal,Activated
GO_Biological_Process_2023,Positive Regulation Of Stress Fiber Assembly (GO:0051496),2/43,0.9944851894531233,0.9999962554776264,0,0,0.2592929916640938,0.0014339092382511,PPM1E;PFN2,Basal,Activated
GO_Biological_Process_2023,Regulation Of Cellular Component Size (GO:0032535),2/43,0.9944851894531233,0.9999962554776264,0,0,0.2592929916640938,0.0014339092382511,MYO3B;MYO3A,Basal,Activated
GO_Biological_Process_2023,Regulation Of Endothelial Cell Apoptotic Process (GO:2000351),2/43,0.9944851894531233,0.9999962554776264,0,0,0.2592929916640938,0.0014339092382511,TNF;HLA-G,Basal,Activated
GO_Biological_Process_2023,Cytoskeleton Organization (GO:0007010),9/111,0.994527162085554,0.9999962554776264,0,0,0.4683494710919572,0.0025702404301669,KISS1;DIAPH3;CCL11;CCL7;MDK;KRT16;MAST1;RAC3;FGD1,Basal,Activated
GO_Biological_Process_2023,Positive Regulation Of T Cell Proliferation (GO:0042102),4/65,0.9948383842071454,0.9999962554776264,0,0,0.3483632512796021,0.0018027738853976,IL21;CD80;CD24;ZP4,Basal,Activated
GO_Biological_Process_2023,Positive Regulation Of ERK1 And ERK2 Cascade (GO:0070374),17/179,0.9949371736216166,0.9999962554776264,0,0,0.5564230897564231,0.0028242288344037,CCL25;CCL11;CCL20;GPR55;CXCL17;HTR2C;SLC30A10;TNF;RASGRP1;MT3;ADCYAP1;CCL7;CHI3L1;CCL1;ALKAL1;S100A7;FGF21,Basal,Activated
GO_Biological_Process_2023,Muscle Contraction (GO:0006936),7/94,0.9950392474009596,0.9999962554776264,0,0,0.4271890995864983,0.0021244532471136,HCN4;MYLK2;CHRND;SMPX;UTS2;MYH6;MYH7,Basal,Activated
GO_Biological_Process_2023,Ceramide Metabolic Process (GO:0006672),3/55,0.9951019564448272,0.9999962554776264,0,0,0.3065600116882168,0.0015052336562376,FUT5;PNPLA1;FUT3,Basal,Activated
GO_Biological_Process_2023,Calcium-Mediated Signaling (GO:0019722),6/85,0.9951928172873516,0.9999962554776264,0,0,0.4033065408865572,0.0019434432261976,POMC;CHRM3;CXCL8;EDN2;CCL20;TNNI3,Basal,Activated
GO_Biological_Process_2023,Regulation Of Osteoblast Differentiation (GO:0045667),6/85,0.9951928172873516,0.9999962554776264,0,0,0.4033065408865572,0.0019434432261976,CCNA2;FBN2;SCUBE3;SMOC1;SOX11;FBXO5,Basal,Activated
GO_Biological_Process_2023,acyl-CoA Metabolic Process (GO:0006637),1/31,0.9951984135858454,0.9999962554776264,0,0,0.1772434883475693,0.0008530996845559624,ACSL6,Basal,Activated
GO_Biological_Process_2023,Negative Regulation Of Chemotaxis (GO:0050922),1/31,0.9951984135858454,0.9999962554776264,0,0,0.1772434883475693,0.0008530996845559624,SEMA5B,Basal,Activated
GO_Biological_Process_2023,Negative Regulation Of Intracellular Steroid Hormone Receptor Signaling Pathway (GO:0033144),1/31,0.9951984135858454,0.9999962554776264,0,0,0.1772434883475693,0.0008530996845559624,FOXH1,Basal,Activated
GO_Biological_Process_2023,Non-Motile Cilium Assembly (GO:1905515),1/31,0.9951984135858454,0.9999962554776264,0,0,0.1772434883475693,0.0008530996845559624,VANGL2,Basal,Activated
GO_Biological_Process_2023,Organic Cation Transport (GO:0015695),1/31,0.9951984135858454,0.9999962554776264,0,0,0.1772434883475693,0.0008530996845559624,SLC22A16,Basal,Activated
GO_Biological_Process_2023,Positive Regulation Of Cholesterol Transport (GO:0032376),1/31,0.9951984135858454,0.9999962554776264,0,0,0.1772434883475693,0.0008530996845559624,ABCA13,Basal,Activated
GO_Biological_Process_2023,Positive Regulation Of Extrinsic Apoptotic Signaling Pathway (GO:2001238),1/31,0.9951984135858454,0.9999962554776264,0,0,0.1772434883475693,0.0008530996845559624,TNF,Basal,Activated
GO_Biological_Process_2023,Regulation Of Cell Morphogenesis (GO:0022604),1/31,0.9951984135858454,0.9999962554776264,0,0,0.1772434883475693,0.0008530996845559624,VIL1,Basal,Activated
GO_Biological_Process_2023,Regulation Of Dendrite Morphogenesis (GO:0048814),1/31,0.9951984135858454,0.9999962554776264,0,0,0.1772434883475693,0.0008530996845559624,DPYSL5,Basal,Activated
GO_Biological_Process_2023,Regulation Of Extrinsic Apoptotic Signaling Pathway Via Death Domain Receptors (GO:1902041),1/31,0.9951984135858454,0.9999962554776264,0,0,0.1772434883475693,0.0008530996845559624,SCRT2,Basal,Activated
GO_Biological_Process_2023,Regulation Of Gluconeogenesis (GO:0006111),1/31,0.9951984135858454,0.9999962554776264,0,0,0.1772434883475693,0.0008530996845559624,ERFE,Basal,Activated
GO_Biological_Process_2023,Regulation Of Long-Term Synaptic Potentiation (GO:1900271),1/31,0.9951984135858454,0.9999962554776264,0,0,0.1772434883475693,0.0008530996845559624,SLC18A3,Basal,Activated
GO_Biological_Process_2023,Regulation Of Protein Autophosphorylation (GO:0031952),1/31,0.9951984135858454,0.9999962554776264,0,0,0.1772434883475693,0.0008530996845559624,EPHA7,Basal,Activated
GO_Biological_Process_2023,Toll-Like Receptor Signaling Pathway (GO:0002224),1/31,0.9951984135858454,0.9999962554776264,0,0,0.1772434883475693,0.0008530996845559624,TNIP3,Basal,Activated
GO_Biological_Process_2023,Negative Regulation Of Immune System Process (GO:0002683),2/44,0.9952622392967528,0.9999962554776264,0,0,0.2531042796865582,0.0012019971512725,SMPDL3B;HLA-G,Basal,Activated
GO_Biological_Process_2023,Regulation Of B Cell Proliferation (GO:0030888),2/44,0.9952622392967528,0.9999962554776264,0,0,0.2531042796865582,0.0012019971512725,IL21;TNFSF13B,Basal,Activated
GO_Biological_Process_2023,Regulation Of Insulin Receptor Signaling Pathway (GO:0046626),2/44,0.9952622392967528,0.9999962554776264,0,0,0.2531042796865582,0.0012019971512725,GRB14;ERFE,Basal,Activated
GO_Biological_Process_2023,Regulation Of Viral Entry Into Host Cell (GO:0046596),2/44,0.9952622392967528,0.9999962554776264,0,0,0.2531042796865582,0.0012019971512725,HS3ST6;LY6E,Basal,Activated
GO_Biological_Process_2023,Inflammatory Response (GO:0006954),24/236,0.9954091528925396,0.9999962554776264,0,0,0.5998051877773368,0.0027599540333729,CCL25;ORM1;CXCL9;CCL11;CXCL8;RIPK2;CCL20;ODAM;CXCL1;TNF;CXCL5;IL1A;CXCL10;CXCL11;IFNG;CCL7;KRT16;IL2RA;CARD18;CHI3L1;ADAM8;CCL1;S100A9;S100A8,Basal,Activated
GO_Biological_Process_2023,Wnt Signaling Pathway (GO:0016055),5/76,0.995506510231692,0.9999962554776264,0,0,0.3740179435816674,0.0016844331348245,WNT6;WNT10A;FZD9;RAC3;CD24,Basal,Activated
GO_Biological_Process_2023,Positive Regulation Of Cellular Component Organization (GO:0051130),9/113,0.995554810805524,0.9999962554776264,0,0,0.4592878577179243,0.0020461726112966,CDC20;HRK;CHAF1B;IFNG;TFR2;CLEC7A;MMP1;TNF;SLC18A3,Basal,Activated
GO_Biological_Process_2023,Negative Regulation Of Angiogenesis (GO:0016525),6/86,0.9957250412928328,0.9999962554776264,0,0,0.3982414448669201,0.0017061151220155,CXCL10;FOXC1;EFNA3;E2F2;TNF;HLA-G,Basal,Activated
GO_Biological_Process_2023,Pattern Recognition Receptor Signaling Pathway (GO:0002221),3/56,0.995739911609853,0.9999962554776264,0,0,0.3007579422673762,0.0012839923245047,IFIH1;CGAS;INAVA,Basal,Activated
GO_Biological_Process_2023,Regulation Of Stem Cell Population Maintenance (GO:2000036),3/56,0.995739911609853,0.9999962554776264,0,0,0.3007579422673762,0.0012839923245047,ACTL6B;HMGA2;SAP30,Basal,Activated
GO_Biological_Process_2023,Negative Regulation Of Response To Biotic Stimulus (GO:0002832),2/45,0.9959314504121692,0.9999962554776264,0,0,0.247203414777745,0.0010078109086674,CGAS;AURKB,Basal,Activated
GO_Biological_Process_2023,Regulation Of Cellular Metabolic Process (GO:0031323),2/45,0.9959314504121692,0.9999962554776264,0,0,0.247203414777745,0.0010078109086674,FOXM1;SLC2A6,Basal,Activated
GO_Biological_Process_2023,Regulation Of Protein Modification Process (GO:0031399),2/45,0.9959314504121692,0.9999962554776264,0,0,0.247203414777745,0.0010078109086674,ROPN1B;ROPN1,Basal,Activated
GO_Biological_Process_2023,Regulation Of Stem Cell Differentiation (GO:2000736),2/45,0.9959314504121692,0.9999962554776264,0,0,0.247203414777745,0.0010078109086674,GDNF;OSM,Basal,Activated
GO_Biological_Process_2023,NIK/NF-kappaB Signaling (GO:0038061),1/32,0.9959583196320868,0.9999962554776264,0,0,0.1715157514465614,0.0006946165018216163,CHI3L1,Basal,Activated
GO_Biological_Process_2023,Gluconeogenesis (GO:0006094),1/32,0.9959583196320868,0.9999962554776264,0,0,0.1715157514465614,0.0006946165018216163,TPI1,Basal,Activated
GO_Biological_Process_2023,Histone Lysine Methylation (GO:0034968),1/32,0.9959583196320868,0.9999962554776264,0,0,0.1715157514465614,0.0006946165018216163,SUV39H2,Basal,Activated
GO_Biological_Process_2023,Negative Regulation Of G1/S Transition Of Mitotic Cell Cycle (GO:2000134),1/32,0.9959583196320868,0.9999962554776264,0,0,0.1715157514465614,0.0006946165018216163,E2F7,Basal,Activated
GO_Biological_Process_2023,Protein Transmembrane Import Into Intracellular Organelle (GO:0044743),1/32,0.9959583196320868,0.9999962554776264,0,0,0.1715157514465614,0.0006946165018216163,TOMM40,Basal,Activated
GO_Biological_Process_2023,Vesicle Budding From Membrane (GO:0006900),1/32,0.9959583196320868,0.9999962554776264,0,0,0.1715157514465614,0.0006946165018216163,CHMP4BP1,Basal,Activated
GO_Biological_Process_2023,Activation Of Cysteine-Type Endopeptidase Activity Involved In Apoptotic Process (GO:0006919),4/67,0.996023208200074,0.9999962554776264,0,0,0.3372638901454607,0.0013439022571472,KHDC1;TNF;S100A9;S100A8,Basal,Activated
GO_Biological_Process_2023,Protein Secretion (GO:0009306),4/67,0.996023208200074,0.9999962554776264,0,0,0.3372638901454607,0.0013439022571472,RIMS2;ADCYAP1;GAL;PDX1,Basal,Activated
GO_Biological_Process_2023,Actomyosin Structure Organization (GO:0031032),5/77,0.9960287142669912,0.9999962554776264,0,0,0.3688012529475944,0.0014675310793212,ACTN2;TNNT1;ANKRD1;MYH6;MYH7,Basal,Activated
GO_Biological_Process_2023,Negative Regulation Of DNA-binding Transcription Factor Activity (GO:0043433),13/149,0.9961570029215494,0.9999962554776264,0,0,0.506991014888013,0.0019521183887844,HES6;CDKN2A;FOXH1;FOXJ1;TBXT;AIM2;NLRP2;E2F1;PYDC1;E2F2;NFKBIE;MDFI;FOXA2,Basal,Activated
GO_Biological_Process_2023,Regulation Of Insulin Secretion (GO:0050796),6/87,0.9962005626211616,0.9999962554776264,0,0,0.3933014129465333,0.0014971700960026,BRSK2;IFNG;PDX1;TNF;SLC25A22;FOXA2,Basal,Activated
GO_Biological_Process_2023,Myeloid Cell Differentiation (GO:0030099),3/57,0.9962967014771176,0.9999962554776264,0,0,0.2951707643065668,0.0010951345143868,RACGAP1;PRKX;KLF1,Basal,Activated
GO_Biological_Process_2023,Positive Regulation Of Cell Growth (GO:0030307),8/106,0.9963946363512822,0.9999962554776264,0,0,0.4332690590503798,0.001564915258118,RIMS2;UNC13A;EXOSC4;RASAL1;L1CAM;PRSS2;S100A9;S100A8,Basal,Activated
GO_Biological_Process_2023,Regulation Of G1/S Transition Of Mitotic Cell Cycle (GO:2000045),8/106,0.9963946363512822,0.9999962554776264,0,0,0.4332690590503798,0.001564915258118,STIL;RRM2;ACTL6B;CDKN2A;KIF14;E2F1;TM4SF5;E2F7,Basal,Activated
GO_Biological_Process_2023,Response To Hydrogen Peroxide (GO:0042542),2/46,0.9965074851465644,0.9999962554776264,0,0,0.2415707710011507,0.0008451662442994108,TRPA1;ECT2,Basal,Activated
GO_Biological_Process_2023,Vacuolar Transport (GO:0007034),2/46,0.9965074851465644,0.9999962554776264,0,0,0.2415707710011507,0.0008451662442994108,BECN2;PCSK9,Basal,Activated
GO_Biological_Process_2023,Cell-Cell Junction Organization (GO:0045216),4/68,0.9965123036002852,0.9999962554776264,0,0,0.3319743508549715,0.0011598495275434,CDH2;FSCN1;DSG1;CDH15,Basal,Activated
GO_Biological_Process_2023,Carboxylic Acid Metabolic Process (GO:0019752),1/33,0.9965979251966308,0.9999962554776264,0,0,0.1661459981018665,0.0005662047963994887,SLC2A1,Basal,Activated
GO_Biological_Process_2023,Negative Regulation Of Blood Vessel Endothelial Cell Migration (GO:0043537),1/33,0.9965979251966308,0.9999962554776264,0,0,0.1661459981018665,0.0005662047963994887,TNF,Basal,Activated
GO_Biological_Process_2023,Negative Regulation Of Epithelial Cell Migration (GO:0010633),1/33,0.9965979251966308,0.9999962554776264,0,0,0.1661459981018665,0.0005662047963994887,PFN2,Basal,Activated
GO_Biological_Process_2023,Negative Regulation Of Small Molecule Metabolic Process (GO:0062014),1/33,0.9965979251966308,0.9999962554776264,0,0,0.1661459981018665,0.0005662047963994887,ERFE,Basal,Activated
GO_Biological_Process_2023,Positive Regulation Of Notch Signaling Pathway (GO:0045747),1/33,0.9965979251966308,0.9999962554776264,0,0,0.1661459981018665,0.0005662047963994887,GATA5,Basal,Activated
GO_Biological_Process_2023,Positive Regulation Of RNA Metabolic Process (GO:0051254),1/33,0.9965979251966308,0.9999962554776264,0,0,0.1661459981018665,0.0005662047963994887,LIN28B,Basal,Activated
GO_Biological_Process_2023,Positive Regulation Of Establishment Of Protein Localization To Mitochondrion (GO:1903749),1/33,0.9965979251966308,0.9999962554776264,0,0,0.1661459981018665,0.0005662047963994887,GZMB,Basal,Activated
GO_Biological_Process_2023,Positive Regulation Of Protein Dephosphorylation (GO:0035307),1/33,0.9965979251966308,0.9999962554776264,0,0,0.1661459981018665,0.0005662047963994887,CDCA2,Basal,Activated
GO_Biological_Process_2023,Positive Regulation Of Small Molecule Metabolic Process (GO:0062013),1/33,0.9965979251966308,0.9999962554776264,0,0,0.1661459981018665,0.0005662047963994887,IFNG,Basal,Activated
GO_Biological_Process_2023,Protein K63-linked Deubiquitination (GO:0070536),1/33,0.9965979251966308,0.9999962554776264,0,0,0.1661459981018665,0.0005662047963994887,DEPDC1B,Basal,Activated
GO_Biological_Process_2023,Regulation Of Protein Polymerization (GO:0032271),1/33,0.9965979251966308,0.9999962554776264,0,0,0.1661459981018665,0.0005662047963994887,PFN2,Basal,Activated
GO_Biological_Process_2023,Regulation Of Double-Strand Break Repair (GO:2000779),6/88,0.9966251170101372,0.9999962554776264,0,0,0.3884818696095706,0.0013132982161493,RAD51AP1;RAD51;ACTL6B;CHEK1;TEX15;FOXM1,Basal,Activated
GO_Biological_Process_2023,Positive Regulation Of Hydrolase Activity (GO:0051345),16/176,0.9967737027109166,0.9999962554776264,0,0,0.5301335028607755,0.0017131333102109,RTN4R;ARHGAP11A;CCL25;ARHGAP11B;CCL11;CCL20;ODAM;RASGRF1;CTSV;RASGRP1;CCL7;RASGEF1C;TBC1D7;CCL1;ECT2;EZH2,Basal,Activated
GO_Biological_Process_2023,Response To Organic Cyclic Compound (GO:0014070),3/58,0.9967823320947852,0.9999962554776264,0,0,0.2897867564534231,0.0009339409085264968,GLDC;SPP1;TNF,Basal,Activated
GO_Biological_Process_2023,Cellular Response To UV (GO:0034644),5/79,0.99690340922928,0.9999962554776264,0,0,0.3587908465957246,0.0011127521838078,PCNA;MMP1;MMP9;CDC25A;AURKB,Basal,Activated
GO_Biological_Process_2023,Negative Regulation Of Cellular Component Organization (GO:0051129),5/79,0.99690340922928,0.9999962554776264,0,0,0.3587908465957246,0.0011127521838078,OPRD1;CARMIL2;CRACD;APOA2;TNF,Basal,Activated
GO_Biological_Process_2023,Positive Regulation Of Protein Localization To Membrane (GO:1905477),5/79,0.99690340922928,0.9999962554776264,0,0,0.3587908465957246,0.0011127521838078,DPP10;CEMIP;IFNG;GZMB;TNF,Basal,Activated
GO_Biological_Process_2023,Positive Regulation Of Protein Modification By Small Protein Conjugation Or Removal (GO:1903322),5/79,0.99690340922928,0.9999962554776264,0,0,0.3587908465957246,0.0011127521838078,RASD2;FANCI;RIPK2;TBC1D7;INAVA,Basal,Activated
GO_Biological_Process_2023,Phospholipid Metabolic Process (GO:0006644),4/69,0.9969429022709106,0.9999962554776264,0,0,0.3268475666195742,0.0010007354072284,PLA2G2F;PNLIPRP2;CYP2W1;APOA2,Basal,Activated
GO_Biological_Process_2023,Cognition (GO:0050890),2/47,0.9970030667896194,0.9999962554776264,0,0,0.2361884669479606,0.0007089038606547215,HRH3;TNF,Basal,Activated
GO_Biological_Process_2023,Epithelial To Mesenchymal Transition (GO:0001837),2/47,0.9970030667896194,0.9999962554776264,0,0,0.2361884669479606,0.0007089038606547215,HMGA2;FAM83D,Basal,Activated
GO_Biological_Process_2023,Positive Regulation Of Lymphocyte Activation (GO:0051251),2/47,0.9970030667896194,0.9999962554776264,0,0,0.2361884669479606,0.0007089038606547215,CLEC7A;HLA-DOB,Basal,Activated
GO_Biological_Process_2023,Positive Regulation Of Smooth Muscle Cell Proliferation (GO:0048661),2/47,0.9970030667896194,0.9999962554776264,0,0,0.2361884669479606,0.0007089038606547215,TNF;MMP9,Basal,Activated
GO_Biological_Process_2023,Lipid Transport (GO:0006869),8/108,0.9971059565627958,0.9999962554776264,0,0,0.4245529486366519,0.0012304560313995,SLC10A4;CRABP2;FABP6;FABP7;CRABP1;SLCO1B3;ABCA13;PRELID3A,Basal,Activated
GO_Biological_Process_2023,Positive Regulation Of Cytokine Production (GO:0001819),34/320,0.9971282907182364,0.9999962554776264,0,0,0.6290665855883247,0.0018090951954595,IL21;ORM1;CD80;CXCL17;CGAS;ORM2;TNF;RASGRP1;INAVA;IFIH1;IFNL1;CLEC7A;MDK;CCL1;IL12RB2;GBP5;CHIA;RIPK2;OSM;APOA2;ISG15;MMP8;HLA-G;AGT;IL1A;SLC7A5;NLRP10;IFNG;CLEC6A;PAEP;CHI3L1;TRIM15;LILRP2;GAPDH,Basal,Activated
GO_Biological_Process_2023,Cellular Response To Amyloid-Beta (GO:1904646),1/34,0.9971362691676818,0.9999962554776264,0,0,0.1611016843538197,0.00046201371828647104,ATP1A3,Basal,Activated
GO_Biological_Process_2023,Cellular Response To Glucose Stimulus (GO:0071333),1/34,0.9971362691676818,0.9999962554776264,0,0,0.1611016843538197,0.00046201371828647104,PDX1,Basal,Activated
GO_Biological_Process_2023,Embryonic Limb Morphogenesis (GO:0030326),1/34,0.9971362691676818,0.9999962554776264,0,0,0.1611016843538197,0.00046201371828647104,HOXA11,Basal,Activated
GO_Biological_Process_2023,Histone Deubiquitination (GO:0016578),1/34,0.9971362691676818,0.9999962554776264,0,0,0.1611016843538197,0.00046201371828647104,DEPDC1B,Basal,Activated
GO_Biological_Process_2023,Membrane Protein Proteolysis (GO:0033619),1/34,0.9971362691676818,0.9999962554776264,0,0,0.1611016843538197,0.00046201371828647104,MMP7,Basal,Activated
GO_Biological_Process_2023,Microtubule Polymerization (GO:0046785),1/34,0.9971362691676818,0.9999962554776264,0,0,0.1611016843538197,0.00046201371828647104,TPX2,Basal,Activated
GO_Biological_Process_2023,Negative Regulation Of JNK Cascade (GO:0046329),1/34,0.9971362691676818,0.9999962554776264,0,0,0.1611016843538197,0.00046201371828647104,SERPINB3,Basal,Activated
GO_Biological_Process_2023,Negative Regulation Of Ras Protein Signal Transduction (GO:0046580),1/34,0.9971362691676818,0.9999962554776264,0,0,0.1611016843538197,0.00046201371828647104,STMN1,Basal,Activated
GO_Biological_Process_2023,Organophosphate Biosynthetic Process (GO:0090407),1/34,0.9971362691676818,0.9999962554776264,0,0,0.1611016843538197,0.00046201371828647104,TPI1,Basal,Activated
GO_Biological_Process_2023,Positive Regulation Of Immunoglobulin Production (GO:0002639),1/34,0.9971362691676818,0.9999962554776264,0,0,0.1611016843538197,0.00046201371828647104,IL21,Basal,Activated
GO_Biological_Process_2023,Regulation Of DNA Biosynthetic Process (GO:2000278),1/34,0.9971362691676818,0.9999962554776264,0,0,0.1611016843538197,0.00046201371828647104,ANKRD1,Basal,Activated
GO_Biological_Process_2023,Regulation Of T Cell Receptor Signaling Pathway (GO:0050856),1/34,0.9971362691676818,0.9999962554776264,0,0,0.1611016843538197,0.00046201371828647104,GBP1,Basal,Activated
GO_Biological_Process_2023,Regulation Of Phosphatidylinositol 3-Kinase Activity (GO:0043551),1/34,0.9971362691676818,0.9999962554776264,0,0,0.1611016843538197,0.00046201371828647104,EPHA8,Basal,Activated
GO_Biological_Process_2023,Semaphorin-Plexin Signaling Pathway (GO:0071526),1/34,0.9971362691676818,0.9999962554776264,0,0,0.1611016843538197,0.00046201371828647104,SEMA5B,Basal,Activated
GO_Biological_Process_2023,Cilium Movement (GO:0003341),3/59,0.9972056282538329,0.9999962554776264,0,0,0.2845950345950346,0.0007963775301423223,DNAH11;DNAH17;CCDC63,Basal,Activated
GO_Biological_Process_2023,Phospholipid Transport (GO:0015914),3/59,0.9972056282538329,0.9999962554776264,0,0,0.2845950345950346,0.0007963775301423223,APOA2;ATP10B;PRELID3A,Basal,Activated
GO_Biological_Process_2023,Regulation Of Type I Interferon Production (GO:0032479),3/59,0.9972056282538329,0.9999962554776264,0,0,0.2845950345950346,0.0007963775301423223,CGAS;TRIM15;GAPDH,Basal,Activated
GO_Biological_Process_2023,Positive Regulation Of Protein Transport (GO:0051222),4/70,0.9973217432657336,0.9999962554776264,0,0,0.3218761394822192,0.0008632234218275041,IL1A;ANKRD1;ADAM8;TNF,Basal,Activated
GO_Biological_Process_2023,Protein K48-linked Ubiquitination (GO:0070936),4/70,0.9973217432657336,0.9999962554776264,0,0,0.3218761394822192,0.0008632234218275041,IFI27;UBE2C;UBE2T;SKP2,Basal,Activated
GO_Biological_Process_2023,Regulation Of Actin Filament Polymerization (GO:0030833),4/70,0.9973217432657336,0.9999962554776264,0,0,0.3218761394822192,0.0008632234218275041,BAIAP2L2;CCL11;CRACD;PFN2,Basal,Activated
GO_Biological_Process_2023,Regulation Of Small GTPase Mediated Signal Transduction (GO:0051056),9/118,0.9973823519443158,0.9999962554776264,0,0,0.4380886704667464,0.0011482654904557,ARHGAP11A;ARHGAP11B;DOCK3;RACGAP1;RASGRF1;PLEKHG4B;ECT2;FOXM1;FGD1,Basal,Activated
GO_Biological_Process_2023,Cellular Response To Mechanical Stimulus (GO:0071260),2/48,0.9974292260091604,0.9999962554776264,0,0,0.2310401761144744,0.000594716844848388,CASP5;CHEK1,Basal,Activated
GO_Biological_Process_2023,Oligosaccharide Metabolic Process (GO:0009311),2/48,0.9974292260091604,0.9999962554776264,0,0,0.2310401761144744,0.000594716844848388,FUT5;FUT3,Basal,Activated
GO_Biological_Process_2023,Protein Autophosphorylation (GO:0046777),14/162,0.9974905108738636,0.9999962554776264,0,0,0.5015196263607954,0.001260139864686,MYLK2;EPHA8;PRKX;MAPK15;AURKB;AURKA;GRK1;STK33;MELK;CHEK2;MYO3A;MAP3K21;NEK2;EPHB3,Basal,Activated
GO_Biological_Process_2023,Regulation Of Macromolecule Metabolic Process (GO:0060255),14/162,0.9974905108738636,0.9999962554776264,0,0,0.5015196263607954,0.001260139864686,TCF19;CAVIN4;PHOX2B;ST18;POU5F1;SOX2;GDNF;TRIML2;IGF2BP1;DUX4L9;IGF2BP3;IGF2BP2;TRIML1;TRIM43,Basal,Activated
GO_Biological_Process_2023,Protein Complex Oligomerization (GO:0051259),7/100,0.9974913754621596,0.9999962554776264,0,0,0.3994853705502445,0.0010034179293769,POLQ;BLM;BEND3;ECT2;CALHM3;FOXM1;VSTM5,Basal,Activated
GO_Biological_Process_2023,Cellular Response To Lipid (GO:0071396),22/228,0.9975216700964232,0.9999962554776264,0,0,0.5656793024550121,0.0014036800415756,H2AZ1;CXCL9;CXCL8;CD80;ACOD1;IL36G;ATP1A3;CXCL1;POU4F1;PPM1E;CXCL5;IL1A;STRA8;WNT6;CXCL10;CXCL11;NLRP7;MYOD1;TNIP3;ANKRD1;SPP1;IL36RN,Basal,Activated
GO_Biological_Process_2023,Histone Acetylation (GO:0016573),3/60,0.9975743638715648,0.9999962554776264,0,0,0.2795854784158877,0.0006789964699383377,ACTL6B;MSL3P1;CPA4,Basal,Activated
GO_Biological_Process_2023,Regulation Of Extrinsic Apoptotic Signaling Pathway (GO:2001236),3/60,0.9975743638715648,0.9999962554776264,0,0,0.2795854784158877,0.0006789964699383377,TNF;BCL2L14;AGT,Basal,Activated
GO_Biological_Process_2023,Sterol Metabolic Process (GO:0016125),3/60,0.9975743638715648,0.9999962554776264,0,0,0.2795854784158877,0.0006789964699383377,SQLE;SH2D2A;APOA2,Basal,Activated
GO_Biological_Process_2023,Action Potential (GO:0001508),1/35,0.9975893783580352,0.9999962554776264,0,0,0.1563540949438934,0.0003773655908746278,KCNH2,Basal,Activated
GO_Biological_Process_2023,Cellular Response To Amino Acid Stimulus (GO:0071230),1/35,0.9975893783580352,0.9999962554776264,0,0,0.1563540949438934,0.0003773655908746278,GLRA2,Basal,Activated
GO_Biological_Process_2023,Dendrite Morphogenesis (GO:0048813),1/35,0.9975893783580352,0.9999962554776264,0,0,0.1563540949438934,0.0003773655908746278,EPHB3,Basal,Activated
GO_Biological_Process_2023,Hexose Biosynthetic Process (GO:0019319),1/35,0.9975893783580352,0.9999962554776264,0,0,0.1563540949438934,0.0003773655908746278,TPI1,Basal,Activated
GO_Biological_Process_2023,Platelet Aggregation (GO:0070527),1/35,0.9975893783580352,0.9999962554776264,0,0,0.1563540949438934,0.0003773655908746278,UBASH3B,Basal,Activated
GO_Biological_Process_2023,Protein Methylation (GO:0006479),1/35,0.9975893783580352,0.9999962554776264,0,0,0.1563540949438934,0.0003773655908746278,PRDM12,Basal,Activated
GO_Biological_Process_2023,Negative Regulation Of NF-kappaB Transcription Factor Activity (GO:0032088),5/81,0.9975906969707906,0.9999962554776264,0,0,0.3493073037360585,0.0008426025955918196,AIM2;CDKN2A;NLRP2;FOXJ1;PYDC1,Basal,Activated
GO_Biological_Process_2023,Metal Ion Transport (GO:0030001),15/171,0.9976164434724696,0.9999962554776264,0,0,0.5097039915915035,0.0012163584824328,KCNG1;KCNK5;KCNJ4;KCNJ6;KCNJ10;KCNK9;KCNB2;ATP2B2;NIPAL4;KCNV1;SLC5A8;KCNQ4;CLDN16;SCN1A;SLC17A4,Basal,Activated
GO_Biological_Process_2023,Positive Regulation Of MAP Kinase Activity (GO:0043406),6/91,0.99764251511332,0.9999962554776264,0,0,0.3747036457168419,0.0008844010729320077,DIRAS1;CD24;TNF;DKK1;RASGRP1;EZH2,Basal,Activated
GO_Biological_Process_2023,Regulation Of Protein-Containing Complex Assembly (GO:0043254),9/119,0.9976490956757854,0.9999962554776264,0,0,0.4340800968774327,0.0010216821864422,HRK;OPRD1;CHAF1B;IFNG;CLEC7A;MMP1;HJURP;TNF;MAPK15,Basal,Activated
GO_Biological_Process_2023,Erythrocyte Differentiation (GO:0030218),2/49,0.9977955180883497,0.9999962554776264,0,0,0.2261109614866684,0.0004990077537170597,RACGAP1;KLF1,Basal,Activated
GO_Biological_Process_2023,Proton Transmembrane Transport (GO:1902600),2/49,0.9977955180883497,0.9999962554776264,0,0,0.2261109614866684,0.0004990077537170597,ATP1A3;OTOP1,Basal,Activated
GO_Biological_Process_2023,Negative Regulation Of Apoptotic Signaling Pathway (GO:2001234),5/82,0.9978764749111444,0.9999962554776264,0,0,0.3447502766476475,0.0007328642653668036,RTKN2;PLAUR;FZD9;TNF;MMP9,Basal,Activated
GO_Biological_Process_2023,Regulation Of Phosphorylation (GO:0042325),5/82,0.9978764749111444,0.9999962554776264,0,0,0.3447502766476475,0.0007328642653668036,ROPN1B;MCM7;CDKN2A;CD24;ROPN1,Basal,Activated
GO_Biological_Process_2023,Autophagosome Organization (GO:1905037),3/61,0.9978953806264098,0.9999962554776264,0,0,0.2747486655532632,0.0005788507084888811,RUFY4;ATG9B;BECN2,Basal,Activated
GO_Biological_Process_2023,Negative Regulation Of Catabolic Process (GO:0009895),4/72,0.9979474959067924,0.9999962554776264,0,0,0.3123719405431583,0.0006418035643354008,SERPINB12;APOA2;TNF;MAD2L1,Basal,Activated
GO_Biological_Process_2023,Protein Glycosylation (GO:0006486),12/147,0.9979674256940584,0.9999962554776264,0,0,0.471336860670194,0.0009590021445016984,FUT5;GALNT14;GALNT13;B3GNT7;MGAT5B;B3GNT4;POMK;PLOD3;GCNT3;PLOD1;LARGE2;FUT3,Basal,Activated
GO_Biological_Process_2023,COPII-coated Vesicle Budding (GO:0090114),1/36,0.9979707436003876,0.9999962554776264,0,0,0.1518777963573914,0.0003085121212911085,SH2D2A,Basal,Activated
GO_Biological_Process_2023,Histone Deacetylation (GO:0016575),1/36,0.9979707436003876,0.9999962554776264,0,0,0.1518777963573914,0.0003085121212911085,MSL3P1,Basal,Activated
GO_Biological_Process_2023,Negative Regulation Of Organelle Assembly (GO:1902116),1/36,0.9979707436003876,0.9999962554776264,0,0,0.1518777963573914,0.0003085121212911085,TBC1D7,Basal,Activated
GO_Biological_Process_2023,Negative Regulation Of Protein Kinase B Signaling (GO:0051898),1/36,0.9979707436003876,0.9999962554776264,0,0,0.1518777963573914,0.0003085121212911085,HLA-G,Basal,Activated
GO_Biological_Process_2023,Positive Regulation Of RNA Splicing (GO:0033120),1/36,0.9979707436003876,0.9999962554776264,0,0,0.1518777963573914,0.0003085121212911085,CELF4,Basal,Activated
GO_Biological_Process_2023,Positive Regulation Of Myeloid Cell Differentiation (GO:0045639),1/36,0.9979707436003876,0.9999962554776264,0,0,0.1518777963573914,0.0003085121212911085,RHEX,Basal,Activated
GO_Biological_Process_2023,Positive Regulation Of Signaling Receptor Activity (GO:2000273),1/36,0.9979707436003876,0.9999962554776264,0,0,0.1518777963573914,0.0003085121212911085,IFNG,Basal,Activated
GO_Biological_Process_2023,Protein Destabilization (GO:0031648),1/36,0.9979707436003876,0.9999962554776264,0,0,0.1518777963573914,0.0003085121212911085,PLK1,Basal,Activated
GO_Biological_Process_2023,Regulation Of Erythrocyte Differentiation (GO:0045646),1/36,0.9979707436003876,0.9999962554776264,0,0,0.1518777963573914,0.0003085121212911085,RHEX,Basal,Activated
GO_Biological_Process_2023,Regulation Of Intracellular Protein Transport (GO:0033157),1/36,0.9979707436003876,0.9999962554776264,0,0,0.1518777963573914,0.0003085121212911085,IFI27,Basal,Activated
GO_Biological_Process_2023,Dicarboxylic Acid Metabolic Process (GO:0043648),2/50,0.99811021309719,0.9999962554776264,0,0,0.2213871308016877,0.000418770318318396,MTHFD2;OGDHL,Basal,Activated
GO_Biological_Process_2023,Plasma Membrane Bounded Cell Projection Morphogenesis (GO:0120039),2/50,0.99811021309719,0.9999962554776264,0,0,0.2213871308016877,0.000418770318318396,TUNAR;MNX1,Basal,Activated
GO_Biological_Process_2023,Steroid Biosynthetic Process (GO:0006694),2/50,0.99811021309719,0.9999962554776264,0,0,0.2213871308016877,0.000418770318318396,SQLE;SRD5A2,Basal,Activated
GO_Biological_Process_2023,Epigenetic Regulation Of Gene Expression (GO:0040029),5/83,0.9981292878425264,0.9999962554776264,0,0,0.3403100964076573,0.0006372184468147388,SUV39H2;CHEK1;H3C1;EZHIP;EZH2,Basal,Activated
GO_Biological_Process_2023,Regulation Of NIK/NF-kappaB Signaling (GO:1901222),5/83,0.9981292878425264,0.9999962554776264,0,0,0.3403100964076573,0.0006372184468147388,RTKN2;NLRP2;TRIM15;MMP8;TNF,Basal,Activated
GO_Biological_Process_2023,Regulation Of Peptidyl-Serine Phosphorylation (GO:0033135),6/93,0.9981488351404624,0.9999962554776264,0,0,0.3660460644202613,0.0006782395719204708,OPRD1;RIPK2;OSM;TNF;DKK1;PFN2,Basal,Activated
GO_Biological_Process_2023,Regulation Of T Cell Activation (GO:0050863),3/62,0.998174693028334,0.9999962554776264,0,0,0.2700758124486938,0.0004934217235184058,IL4I1;ILDR2;HLA-DOB,Basal,Activated
GO_Biological_Process_2023,Spliceosomal Complex Assembly (GO:0000245),3/62,0.998174693028334,0.9999962554776264,0,0,0.2700758124486938,0.0004934217235184058,NR5A1;CELF4;SRPK1,Basal,Activated
GO_Biological_Process_2023,Cellular Response To Reactive Oxygen Species (GO:0034614),4/73,0.9982044905459828,0.9999962554776264,0,0,0.3078264540940423,0.0005532020970739319,TRPA1;ECT2;MMP9;MT3,Basal,Activated
GO_Biological_Process_2023,Melanosome Organization (GO:0032438),1/37,0.9982917209576292,0.9999962554776264,0,0,0.1476501810256951,0.0002524433931703185,TYRP1,Basal,Activated
GO_Biological_Process_2023,Mitochondrion Disassembly (GO:0061726),1/37,0.9982917209576292,0.9999962554776264,0,0,0.1476501810256951,0.0002524433931703185,ATG9B,Basal,Activated
GO_Biological_Process_2023,Negative Regulation Of Endothelial Cell Migration (GO:0010596),1/37,0.9982917209576292,0.9999962554776264,0,0,0.1476501810256951,0.0002524433931703185,TNF,Basal,Activated
GO_Biological_Process_2023,Negative Regulation Of Smooth Muscle Cell Proliferation (GO:0048662),1/37,0.9982917209576292,0.9999962554776264,0,0,0.1476501810256951,0.0002524433931703185,IFNG,Basal,Activated
GO_Biological_Process_2023,Negative Regulation Of Stress-Activated MAPK Cascade (GO:0032873),1/37,0.9982917209576292,0.9999962554776264,0,0,0.1476501810256951,0.0002524433931703185,FOXM1,Basal,Activated
GO_Biological_Process_2023,Positive Regulation Of Immune Effector Process (GO:0002699),1/37,0.9982917209576292,0.9999962554776264,0,0,0.1476501810256951,0.0002524433931703185,IFNG,Basal,Activated
GO_Biological_Process_2023,Regulation Of Cellular Component Biogenesis (GO:0044087),1/37,0.9982917209576292,0.9999962554776264,0,0,0.1476501810256951,0.0002524433931703185,HJURP,Basal,Activated
GO_Biological_Process_2023,Regulation Of Defense Response To Virus By Host (GO:0050691),1/37,0.9982917209576292,0.9999962554776264,0,0,0.1476501810256951,0.0002524433931703185,CGAS,Basal,Activated
GO_Biological_Process_2023,Regulation Of p38MAPK Cascade (GO:1900744),1/37,0.9982917209576292,0.9999962554776264,0,0,0.1476501810256951,0.0002524433931703185,RASGRP1,Basal,Activated
GO_Biological_Process_2023,Regulation Of Phosphoprotein Phosphatase Activity (GO:0043666),1/37,0.9982917209576292,0.9999962554776264,0,0,0.1476501810256951,0.0002524433931703185,MASTL,Basal,Activated
GO_Biological_Process_2023,Regulation Of Vascular Associated Smooth Muscle Cell Proliferation (GO:1904705),1/37,0.9982917209576292,0.9999962554776264,0,0,0.1476501810256951,0.0002524433931703185,MMP9,Basal,Activated
GO_Biological_Process_2023,Spliceosomal snRNP Assembly (GO:0000387),1/37,0.9982917209576292,0.9999962554776264,0,0,0.1476501810256951,0.0002524433931703185,SRSF12,Basal,Activated
GO_Biological_Process_2023,Cellular Response To Hormone Stimulus (GO:0032870),6/94,0.998360837268792,0.9999962554776264,0,0,0.3618648461804355,0.0005936420405757423,NPFFR1;AVPR1B;WT1;ATP1A3;QRFPR;HCRTR2,Basal,Activated
GO_Biological_Process_2023,Positive Regulation Of DNA Recombination (GO:0045911),2/51,0.9983804636151408,0.9999962554776264,0,0,0.2168561095324205,0.0003514910628387879,RAD51AP1;FANCB,Basal,Activated
GO_Biological_Process_2023,Regulation Of Synapse Assembly (GO:0051963),2/51,0.9983804636151408,0.9999962554776264,0,0,0.2168561095324205,0.0003514910628387879,LRFN4;EPHB3,Basal,Activated
GO_Biological_Process_2023,Import Into Nucleus (GO:0051170),4/74,0.9984300235026612,0.9999962554776264,0,0,0.3034108386863295,0.0004767222051009688,MMP12;POM121L2;E2F3;KPNA2,Basal,Activated
GO_Biological_Process_2023,Positive Regulation Of Lymphocyte Proliferation (GO:0050671),4/74,0.9984300235026612,0.9999962554776264,0,0,0.3034108386863295,0.0004767222051009688,IL21;CD80;TNFSF13B;ZP4,Basal,Activated
GO_Biological_Process_2023,Regulation Of Cytoskeleton Organization (GO:0051493),8/114,0.9985214883633992,0.9999962554776264,0,0,0.4003780763570668,0.0005924016893248724,CAPN6;ODAM;FSCN1;RAC3;PFDN2;GRHL3;S100A9;S100A8,Basal,Activated
GO_Biological_Process_2023,Cell Junction Assembly (GO:0034329),6/95,0.9985492478327204,0.9999962554776264,0,0,0.3577775879010552,0.0005194234795888583,CDH2;DNER;FSCN1;DSG1;CDH15;POU4F1,Basal,Activated
GO_Biological_Process_2023,Regulation Of Kinase Activity (GO:0043549),5/85,0.9985502801275584,0.9999962554776264,0,0,0.3317627494456763,0.000481312018965042,MYCNOS;CCNYL2;ECT2;ROS1;C1ORF112,Basal,Activated
GO_Biological_Process_2023,RNA 3'-End Processing (GO:0031123),1/38,0.9985618694997414,0.9999962554776264,0,0,0.143651085441658,0.0002067377009227556,LIN28B,Basal,Activated
GO_Biological_Process_2023,mRNA Transcription By RNA Polymerase II (GO:0042789),1/38,0.9985618694997414,0.9999962554776264,0,0,0.143651085441658,0.0002067377009227556,FOXE3,Basal,Activated
GO_Biological_Process_2023,Membrane Assembly (GO:0071709),1/38,0.9985618694997414,0.9999962554776264,0,0,0.143651085441658,0.0002067377009227556,TLCD1,Basal,Activated
GO_Biological_Process_2023,Positive Regulation Of Cation Channel Activity (GO:2001259),1/38,0.9985618694997414,0.9999962554776264,0,0,0.143651085441658,0.0002067377009227556,GAL,Basal,Activated
GO_Biological_Process_2023,Regulation Of Telomere Maintenance (GO:0032204),1/38,0.9985618694997414,0.9999962554776264,0,0,0.143651085441658,0.0002067377009227556,PIF1,Basal,Activated
GO_Biological_Process_2023,Rho Protein Signal Transduction (GO:0007266),2/52,0.9986124511767016,0.9999962554776264,0,0,0.212506329113924,0.0002950676646747833,ROPN1B;RACGAP1,Basal,Activated
GO_Biological_Process_2023,Negative Regulation Of Response To Stimulus (GO:0048585),2/52,0.9986124511767016,0.9999962554776264,0,0,0.212506329113924,0.0002950676646747833,UBASH3B;HLA-G,Basal,Activated
GO_Biological_Process_2023,Positive Regulation Of B Cell Activation (GO:0050871),2/52,0.9986124511767016,0.9999962554776264,0,0,0.212506329113924,0.0002950676646747833,IL21;TNFSF13B,Basal,Activated
GO_Biological_Process_2023,Regulation Of Protein Localization To Nucleus (GO:1900180),2/52,0.9986124511767016,0.9999962554776264,0,0,0.212506329113924,0.0002950676646747833,PLK1;CDK1,Basal,Activated
GO_Biological_Process_2023,Regulation Of Stress Fiber Assembly (GO:0051492),4/75,0.9986278298427732,0.9999962554776264,0,0,0.2991196068112283,0.0004107248545906893,STMN1;RHPN2P1;PPM1E;PFN2,Basal,Activated
GO_Biological_Process_2023,Protein N-linked Glycosylation (GO:0006487),3/64,0.998628687777034,0.9999962554776264,0,0,0.2611897311350863,0.0003584184788448429,FUT5;MGAT5B;FUT3,Basal,Activated
GO_Biological_Process_2023,Response To Metal Ion (GO:0010038),3/64,0.998628687777034,0.9999962554776264,0,0,0.2611897311350863,0.0003584184788448429,IL1A;TFR2;MELTF,Basal,Activated
GO_Biological_Process_2023,Positive Regulation Of Supramolecular Fiber Organization (GO:1902905),6/96,0.9987165914904772,0.9999962554776264,0,0,0.353781157583439,0.0004543373607719724,VIL1;BAIAP2L2;PSRC1;CCL11;CRACD;PFN2,Basal,Activated
GO_Biological_Process_2023,Negative Regulation Of Cell Growth (GO:0030308),9/125,0.9987787906888964,0.9999962554776264,0,0,0.4114800354342334,0.0005028103314618964,RTN4R;PSRC1;GNG4;CDKN2A;WT1;CDHR2;TRIM46;KIAA0319;MT3,Basal,Activated
GO_Biological_Process_2023,Internal Peptidyl-Lysine Acetylation (GO:0018393),1/39,0.9987892355792792,0.9999962554776264,0,0,0.1398624685725703,0.00016944309929194893,CPA4,Basal,Activated
GO_Biological_Process_2023,Negative Regulation Of Mitochondrion Organization (GO:0010823),1/39,0.9987892355792792,0.9999962554776264,0,0,0.1398624685725703,0.00016944309929194893,FZD9,Basal,Activated
GO_Biological_Process_2023,Negative Regulation Of Proteasomal Protein Catabolic Process (GO:1901799),1/39,0.9987892355792792,0.9999962554776264,0,0,0.1398624685725703,0.00016944309929194893,LAMP3,Basal,Activated
GO_Biological_Process_2023,Nuclear Transport (GO:0051169),1/39,0.9987892355792792,0.9999962554776264,0,0,0.1398624685725703,0.00016944309929194893,NUP210,Basal,Activated
GO_Biological_Process_2023,"Nuclear-Transcribed mRNA Catabolic Process, Deadenylation-Dependent Decay (GO:0000288)",1/39,0.9987892355792792,0.9999962554776264,0,0,0.1398624685725703,0.00016944309929194893,PNLDC1,Basal,Activated
GO_Biological_Process_2023,Positive Regulation Of Lipid Biosynthetic Process (GO:0046889),1/39,0.9987892355792792,0.9999962554776264,0,0,0.1398624685725703,0.00016944309929194893,CGA,Basal,Activated
GO_Biological_Process_2023,Vesicle Cytoskeletal Trafficking (GO:0099518),1/39,0.9987892355792792,0.9999962554776264,0,0,0.1398624685725703,0.00016944309929194893,KIF1A,Basal,Activated
GO_Biological_Process_2023,Positive Regulation Of Protein Secretion (GO:0050714),4/76,0.998801218671046,0.9999962554776264,0,0,0.2949475758215467,0.00035378974758100337,IL1A;ANKRD1;PDX1;ADAM8,Basal,Activated
GO_Biological_Process_2023,Regulation Of Ras Protein Signal Transduction (GO:0046578),4/76,0.998801218671046,0.9999962554776264,0,0,0.2949475758215467,0.00035378974758100337,RASGRF1;KIF14;FOXM1;RASGRP1,Basal,Activated
GO_Biological_Process_2023,Actin Polymerization Or Depolymerization (GO:0008154),2/53,0.9988115143711096,0.9999962554776264,0,0,0.2083271283196823,0.0002477410456306229,VIL1;DIAPH3,Basal,Activated
GO_Biological_Process_2023,"Regulation Of Alternative mRNA Splicing, Via Spliceosome (GO:0000381)",2/53,0.9988115143711096,0.9999962554776264,0,0,0.2083271283196823,0.0002477410456306229,CELF4;SRSF12,Basal,Activated
GO_Biological_Process_2023,RNA Export From Nucleus (GO:0006405),3/65,0.9988120694055856,0.9999962554776264,0,0,0.256961676316515,0.0003054340900783446,POM121L2;DDX39A;ALYREF,Basal,Activated
GO_Biological_Process_2023,Autophagosome Assembly (GO:0000045),3/65,0.9988120694055856,0.9999962554776264,0,0,0.256961676316515,0.0003054340900783446,RUFY4;ATG9B;BECN2,Basal,Activated
GO_Biological_Process_2023,Canonical Wnt Signaling Pathway (GO:0060070),3/65,0.9988120694055856,0.9999962554776264,0,0,0.256961676316515,0.0003054340900783446,WNT6;WNT10A;FZD9,Basal,Activated
GO_Biological_Process_2023,Regulation Of Translational Initiation (GO:0006446),3/65,0.9988120694055856,0.9999962554776264,0,0,0.256961676316515,0.0003054340900783446,DAZL;BOLL;EIF4EBP1,Basal,Activated
GO_Biological_Process_2023,Regulation Of Defense Response (GO:0031347),6/97,0.998865136217247,0.9999962554776264,0,0,0.3498725608991768,0.0003972831717482139,NLRP7;AHSG;NLRP2;IGF2BP1;CGAS;LRP8,Basal,Activated
GO_Biological_Process_2023,Heart Development (GO:0007507),14/171,0.9989413772819302,0.9999962554776264,0,0,0.472515154703421,0.0005004802340388386,MESP2;POPDC3;FOXC1;GATA5;FOXL1;TBXT;POU4F1;TH;WT1;TNNI3;NKX2-5;DAND5;MYH6;MYH7,Basal,Activated
GO_Biological_Process_2023,Negative Regulation Of Blood Vessel Morphogenesis (GO:2000181),4/77,0.9989531191273272,0.9999962554776264,0,0,0.2908898470507604,0.0003046865300239627,CXCL10;FOXC1;EFNA3;HLA-G,Basal,Activated
GO_Biological_Process_2023,Negative Regulation Of Transforming Growth Factor Beta Receptor Signaling Pathway (GO:0030512),4/77,0.9989531191273272,0.9999962554776264,0,0,0.2908898470507604,0.0003046865300239627,FBN2;NKX2-1;DAND5;SAP30,Basal,Activated
GO_Biological_Process_2023,Response To Reactive Oxygen Species (GO:0000302),3/66,0.9989712881571584,0.9999962554776264,0,0,0.252867845460438,0.0002602620375827707,MMP9;MT3;S100A7,Basal,Activated
GO_Biological_Process_2023,Positive Regulation Of Catalytic Activity (GO:0043085),1/40,0.998980592170478,0.9999962554776264,0,0,0.1362681397480511,0.00013898366113178278,FTMT,Basal,Activated
GO_Biological_Process_2023,Protein Deacetylation (GO:0006476),1/40,0.998980592170478,0.9999962554776264,0,0,0.1362681397480511,0.00013898366113178278,MSL3P1,Basal,Activated
GO_Biological_Process_2023,Regulation Of Protein Dephosphorylation (GO:0035304),1/40,0.998980592170478,0.9999962554776264,0,0,0.1362681397480511,0.00013898366113178278,CDCA2,Basal,Activated
GO_Biological_Process_2023,Regulation Of Small Molecule Metabolic Process (GO:0062012),1/40,0.998980592170478,0.9999962554776264,0,0,0.1362681397480511,0.00013898366113178278,SLC2A6,Basal,Activated
GO_Biological_Process_2023,Negative Regulation Of Protein Modification By Small Protein Conjugation Or Removal (GO:1903321),2/54,0.9989822607176296,0.9999962554776264,0,0,0.2043086660175267,0.0002080388377497113,MAGEA2;ISG15,Basal,Activated
GO_Biological_Process_2023,Protein K63-linked Ubiquitination (GO:0070534),2/54,0.9989822607176296,0.9999962554776264,0,0,0.2043086660175267,0.0002080388377497113,UBE2S;UBE2T,Basal,Activated
GO_Biological_Process_2023,Regulation Of Smooth Muscle Cell Proliferation (GO:0048660),2/54,0.9989822607176296,0.9999962554776264,0,0,0.2043086660175267,0.0002080388377497113,IFNG;TNF,Basal,Activated
GO_Biological_Process_2023,MAPK Cascade (GO:0000165),6/98,0.9989969178319944,0.9999962554776264,0,0,0.3460489337080509,0.0003472897238585642,IL31RA;CDK1;NRTN;TNF;MT3;DUSP9,Basal,Activated
GO_Biological_Process_2023,Positive Regulation Of Cold-Induced Thermogenesis (GO:0120162),6/98,0.9989969178319944,0.9999962554776264,0,0,0.3460489337080509,0.0003472897238585642,ADCYAP1;MFAP2;LCN2;TRPM8;PHOX2B;FGF21,Basal,Activated
GO_Biological_Process_2023,Positive Regulation Of Plasma Membrane Bounded Cell Projection Assembly (GO:0120034),5/88,0.999014287272463,0.9999962554776264,0,0,0.3197140796317992,0.0003153016614384821,ANLN;CARMIL2;MYO3B;MYO3A;FSCN1,Basal,Activated
GO_Biological_Process_2023,Regulation Of Response To External Stimulus (GO:0032101),9/127,0.99902181867266,0.9999962554776264,0,0,0.4044574174716573,0.0003958263200097877,GRK1;NLRP7;AHSG;NLRP2;IGF2BP1;CGAS;GNAT1;LRP8;FOXA2,Basal,Activated
GO_Biological_Process_2023,Cellular Response To Nutrient Levels (GO:0031669),4/78,0.9990861218148972,0.9999962554776264,0,0,0.2869417866251305,0.000262349735308451,UCN3;PCSK9;UTS2;PRKAG3,Basal,Activated
GO_Biological_Process_2023,Regulation Of TOR Signaling (GO:0032006),4/78,0.9990861218148972,0.9999962554776264,0,0,0.2869417866251305,0.000262349735308451,HTR6;TBC1D7;FAM83D;ROS1,Basal,Activated
GO_Biological_Process_2023,Negative Regulation Of Cellular Biosynthetic Process (GO:0031327),10/137,0.9991016674185732,0.9999962554776264,0,0,0.417457732123586,0.00037518442757531535,TRIM71;ZAR1L;ANKRD1;IGF2BP1;GZMB;IGF2BP3;IGF2BP2;ERFE;TYMS;GAPDH,Basal,Activated
GO_Biological_Process_2023,Cholesterol Metabolic Process (GO:0008203),3/67,0.999109459841656,0.9999962554776264,0,0,0.2489019468186135,0.00022175593507681632,SQLE;SH2D2A;APOA2,Basal,Activated
GO_Biological_Process_2023,Negative Regulation Of Developmental Process (GO:0051093),7/109,0.9991282367195976,0.9999962554776264,0,0,0.3640408936950374,0.00031749589443550954,FOXC1;ACTL6B;BCL11A;FOXJ1;PRAME;KIAA0319;SAP30,Basal,Activated
GO_Biological_Process_2023,Positive Regulation Of DNA Repair (GO:0045739),5/89,0.999133937473717,0.9999962554776264,0,0,0.3158891050877113,0.00027369825339293343,H2AX;DEPDC1B;PCNA;ACTL6B;FOXM1,Basal,Activated
GO_Biological_Process_2023,Axoneme Assembly (GO:0035082),1/41,0.9991416402084068,0.9999962554776264,0,0,0.132853527364758,0.00011408509609854931,FOXJ1,Basal,Activated
GO_Biological_Process_2023,Double-Strand Break Repair Via Nonhomologous End Joining (GO:0006303),1/41,0.9991416402084068,0.9999962554776264,0,0,0.132853527364758,0.00011408509609854931,POLQ,Basal,Activated
GO_Biological_Process_2023,Protein Localization To Lysosome (GO:0061462),1/41,0.9991416402084068,0.9999962554776264,0,0,0.132853527364758,0.00011408509609854931,CACNG5,Basal,Activated
GO_Biological_Process_2023,Regulation Of Amide Metabolic Process (GO:0034248),1/41,0.9991416402084068,0.9999962554776264,0,0,0.132853527364758,0.00011408509609854931,MSI1,Basal,Activated
GO_Biological_Process_2023,Positive Regulation Of Angiogenesis (GO:0045766),8/119,0.9991658582424184,0.9999962554776264,0,0,0.3822287728438648,0.00031896603032302795,IL1A;CXCL8;S100A1;MDK;ADM2;VASH2;HMGA2;CHI3L1,Basal,Activated
GO_Biological_Process_2023,Protein Import Into Nucleus (GO:0006606),4/79,0.9992025160705724,0.9999962554776264,0,0,0.2830990078108507,0.0002258569797967134,MMP12;POM121L2;E2F3;KPNA2,Basal,Activated
GO_Biological_Process_2023,Response To Insulin (GO:0032868),4/79,0.9992025160705724,0.9999962554776264,0,0,0.2830990078108507,0.0002258569797967134,GHRHR;SLC2A1;PCSK9;OTOP1,Basal,Activated
GO_Biological_Process_2023,Sensory Perception Of Chemical Stimulus (GO:0007606),7/110,0.9992265224674962,0.9999962554776264,0,0,0.3604849753050329,0.000278934918061556,OR2S2;OR8G3P;OR8A1;GFY;OR8G5;CALHM3;OR8D1,Basal,Activated
GO_Biological_Process_2023,Cellular Response To Peptide (GO:1901653),2/56,0.9992541513937588,0.9999962554776264,0,0,0.1967182372245663,0.00014677676648626158,RIPK2;ATP1A3,Basal,Activated
GO_Biological_Process_2023,Nucleotide-Excision Repair (GO:0006289),2/56,0.9992541513937588,0.9999962554776264,0,0,0.1967182372245663,0.00014677676648626158,FSCN1;BRCA2,Basal,Activated
GO_Biological_Process_2023,Cellular Response To Glucose Starvation (GO:0042149),1/42,0.999277178417529,0.9999962554776264,0,0,0.1296054814391864,9.371551307029e-05,BHLHA15,Basal,Activated
GO_Biological_Process_2023,Stress-Activated MAPK Cascade (GO:0051403),1/42,0.999277178417529,0.9999962554776264,0,0,0.1296054814391864,9.371551307029e-05,DUSP9,Basal,Activated
GO_Biological_Process_2023,Negative Regulation Of Protein Serine/Threonine Kinase Activity (GO:0071901),4/80,0.9993043229807208,0.9999962554776264,0,0,0.2793573547548415,0.0001944101230403893,UCHL1;CDKN2A;PLK1;AGT,Basal,Activated
GO_Biological_Process_2023,Regulation Of Protein Localization To Plasma Membrane (GO:1903076),4/80,0.9993043229807208,0.9999962554776264,0,0,0.2793573547548415,0.0001944101230403893,DPP10;IFNG;TNF;GBP1,Basal,Activated
GO_Biological_Process_2023,Regulation Of RNA Metabolic Process (GO:0051252),5/91,0.9993321768550588,0.9999962554776264,0,0,0.3085060146886579,0.00020609628255873405,ESRP1;MYOD1;ILDR2;OASL;MCM2,Basal,Activated
GO_Biological_Process_2023,Cellular Response To Calcium Ion (GO:0071277),3/69,0.9993332179503068,0.9999962554776264,0,0,0.2413306857751302,0.00016096864078099933,CPNE7;SYT13;ECT2,Basal,Activated
GO_Biological_Process_2023,Regulation Of Cytokine Production (GO:0001817),13/167,0.9993424209565076,0.9999962554776264,0,0,0.4472497968846016,0.0002941988337360886,IL21;MOG;ISG15;TNF;AGT;IFIH1;IL1A;IFNG;CLEC6A;IGF2BP1;IGF2BP3;IGF2BP2;GAPDH,Basal,Activated
GO_Biological_Process_2023,Regulation Of ERK1 And ERK2 Cascade (GO:0070372),22/244,0.9993520468493728,0.9999962554776264,0,0,0.5244046594365066,0.000339899782748918,CCL25;EPHA7;CCL11;CCL20;GPR55;CXCL17;HTR2C;SLC30A10;TNF;RASGRP1;MT3;CCNA2;ADCYAP1;CCL7;CHI3L1;CCL1;ALKAL1;FAM83D;ROS1;GBP1;S100A7;FGF21,Basal,Activated
GO_Biological_Process_2023,Negative Regulation Of Wnt Signaling Pathway (GO:0030178),10/140,0.9993523082649004,0.9999962554776264,0,0,0.4077508785630613,0.0002641824376541242,SOX2;DRAXIN;AMER2;MDK;NOTUM;NKX2-5;DKK1;TLE7;MDFI;SOX30,Basal,Activated
GO_Biological_Process_2023,Endosome To Lysosome Transport (GO:0008333),2/57,0.999361672962349,0.9999962554776264,0,0,0.1931300345224396,0.00012331948608792598,BECN2;CACNG5,Basal,Activated
GO_Biological_Process_2023,Post-Transcriptional Regulation Of Gene Expression (GO:0010608),2/57,0.999361672962349,0.9999962554776264,0,0,0.1931300345224396,0.00012331948608792598,TRIM71;MSI1,Basal,Activated
GO_Biological_Process_2023,Regulation Of Calcium Ion Transport (GO:0051924),2/57,0.999361672962349,0.9999962554776264,0,0,0.1931300345224396,0.00012331948608792598,HOMER3;LILRP2,Basal,Activated
GO_Biological_Process_2023,Regulation Of RNA Splicing (GO:0043484),6/102,0.99939018739181,0.9999962554776264,0,0,0.3315510139416983,0.0002022456608061187,NR5A1;ESRP1;MYOD1;ILDR2;SRPK1;MCM2,Basal,Activated
GO_Biological_Process_2023,Energy Derivation By Oxidation Of Organic Compounds (GO:0015980),1/43,0.9993912459120194,0.9999962554776264,0,0,0.1265121043672135,7.703821175553516e-05,MT3,Basal,Activated
GO_Biological_Process_2023,Glycolipid Biosynthetic Process (GO:0009247),1/43,0.9993912459120194,0.9999962554776264,0,0,0.1265121043672135,7.703821175553516e-05,CWH43,Basal,Activated
GO_Biological_Process_2023,Learning (GO:0007612),1/43,0.9993912459120194,0.9999962554776264,0,0,0.1265121043672135,7.703821175553516e-05,TH,Basal,Activated
GO_Biological_Process_2023,Lysosome Organization (GO:0007040),1/43,0.9993912459120194,0.9999962554776264,0,0,0.1265121043672135,7.703821175553516e-05,ATP10B,Basal,Activated
GO_Biological_Process_2023,mRNA Catabolic Process (GO:0006402),1/43,0.9993912459120194,0.9999962554776264,0,0,0.1265121043672135,7.703821175553516e-05,EXOSC4,Basal,Activated
GO_Biological_Process_2023,mRNA Destabilization (GO:0061157),1/43,0.9993912459120194,0.9999962554776264,0,0,0.1265121043672135,7.703821175553516e-05,TRIM71,Basal,Activated
GO_Biological_Process_2023,mRNA Transcription (GO:0009299),1/43,0.9993912459120194,0.9999962554776264,0,0,0.1265121043672135,7.703821175553516e-05,FOXE3,Basal,Activated
GO_Biological_Process_2023,Positive Regulation Of Cell-Matrix Adhesion (GO:0001954),1/43,0.9993912459120194,0.9999962554776264,0,0,0.1265121043672135,7.703821175553516e-05,CCL25,Basal,Activated
GO_Biological_Process_2023,Positive Regulation Of Receptor-Mediated Endocytosis (GO:0048260),1/43,0.9993912459120194,0.9999962554776264,0,0,0.1265121043672135,7.703821175553516e-05,PCSK9,Basal,Activated
GO_Biological_Process_2023,Regulation Of Primary Metabolic Process (GO:0080090),1/43,0.9993912459120194,0.9999962554776264,0,0,0.1265121043672135,7.703821175553516e-05,PSAPL1,Basal,Activated
GO_Biological_Process_2023,Positive Regulation Of MAPK Cascade (GO:0043410),30/310,0.9994016137795996,0.9999962554776264,0,0,0.5664340448823207,0.00033904777810231444,CCL11;DIRAS1;CXCL17;HTR2C;SLC30A10;TNF;RASGRP1;INAVA;SOX2;CCL7;CCL1;ALKAL1;FGF21;CCL25;GPR37;AVPR1B;EPHA8;CCL20;GPR55;OSM;GPR37L1;MMP8;MT3;ADCYAP1;CHI3L1;ADAM8;CD24;LILRP2;EZH2;S100A7,Basal,Activated
GO_Biological_Process_2023,Positive Regulation Of Neuron Projection Development (GO:0010976),5/92,0.9994138711245936,0.9999962554776264,0,0,0.3049417641511838,0.00017878757468642702,MDK;GPC2;ALKAL1;S100A9;LRP8,Basal,Activated
GO_Biological_Process_2023,Positive Regulation Of Protein Catabolic Process (GO:0045732),5/92,0.9994138711245936,0.9999962554776264,0,0,0.3049417641511838,0.00017878757468642702,IFNG;PCSK9;ADAM8;TNF;TNFSF13B,Basal,Activated
GO_Biological_Process_2023,Negative Regulation Of Epithelial Cell Proliferation (GO:0050680),3/70,0.9994232652462058,0.9999962554776264,0,0,0.2377145610976457,0.000137137798737595,SOX2;BRCA2;GDF5,Basal,Activated
GO_Biological_Process_2023,Negative Regulation Of Macromolecule Metabolic Process (GO:0010605),15/186,0.9994283157733254,0.9999962554776264,0,0,0.4645750059928977,0.00026566614884439364,OPRD1;CXCL8;GATA5;PCSK9;SOX11;MMP8;UPK3B;TNF;POU4F1;AURKA;SLC7A5;MYCN;TERT;IFNG;SH3GL2,Basal,Activated
GO_Biological_Process_2023,mRNA Transport (GO:0051028),2/58,0.9994537705727032,0.9999962554776264,0,0,0.1896699819168173,0.00010363163149856078,DDX39A;ALYREF,Basal,Activated
GO_Biological_Process_2023,Memory (GO:0007613),2/58,0.9994537705727032,0.9999962554776264,0,0,0.1896699819168173,0.00010363163149856078,TH;RASGRF1,Basal,Activated
GO_Biological_Process_2023,Regulation Of MAPK Cascade (GO:0043408),17/204,0.999464920710426,0.9999962554776264,0,0,0.4813123283711519,0.0002576091855460062,EPHA7;GPR37;AVPR1B;EPHA8;OSM;GPR37L1;MMP8;DUSP9;TNF;RASGRP1;INAVA;SOX2;CCNA2;CD24;FAM83D;ROS1;LILRP2,Basal,Activated
GO_Biological_Process_2023,Negative Regulation Of Cytokine Production (GO:0001818),14/178,0.999470589983386,0.9999962554776264,0,0,0.4521570025103046,0.00023943983272792295,ORM1;APOA2;ACOD1;FOXJ1;MMP8;TNF;IFNL1;IFNG;NLRP7;HOMER3;IL36RN;BPI;LILRP2;GBP1,Basal,Activated
GO_Biological_Process_2023,Positive Regulation Of Epithelial Cell Proliferation (GO:0050679),8/123,0.9994760475747476,0.9999962554776264,0,0,0.3688456342532601,0.00019330821118724995,MMP12;FOXE3;CCL11;MDK;ODAM;VASH2;SOX11;TNF,Basal,Activated
GO_Biological_Process_2023,Positive Regulation Of Cell Population Proliferation (GO:0008284),52/483,0.9994810876813692,0.9999962554776264,0,0,0.6364948038286793,0.00033037071858413926,IL21;REG1A;RTKN2;KIF14;SCX;FOXM1;TNF;CXCL5;FGF5;ESM1;MDK;SIX2;SOX8;FBXO5;INSL4;KRT6A;SERPINB3;EDN2;ACTL6B;SOX11;NCCRP1;POU3F2;CDC25B;CCNA2;SAPCD2;CCKBR;IFNG;BIRC5;TTK;GHRHR;TERT;FTMT;EPCAM;CLEC7A;TBX20;E2F1;PRAME;CGA;NKX2-5;IL12RB2;FGF21;FZD9;IL31RA;OSM;HMGA2;CDC7;MAPK15;AGT;GDNF;PRC1;CRLF1;EZH2,Basal,Activated
GO_Biological_Process_2023,Autophagosome Maturation (GO:0097352),1/44,0.999487242452128,0.9999962554776264,0,0,0.1235626052985881,6.337390761518698e-05,LIX1,Basal,Activated
GO_Biological_Process_2023,Cellular Response To Ketone (GO:1901655),1/44,0.999487242452128,0.9999962554776264,0,0,0.1235626052985881,6.337390761518698e-05,SPP1,Basal,Activated
GO_Biological_Process_2023,Establishment Of Protein Localization To Mitochondrion (GO:0072655),1/44,0.999487242452128,0.9999962554776264,0,0,0.1235626052985881,6.337390761518698e-05,TOMM40,Basal,Activated
GO_Biological_Process_2023,Positive Regulation Of Cytokine-Mediated Signaling Pathway (GO:0001961),1/44,0.999487242452128,0.9999962554776264,0,0,0.1235626052985881,6.337390761518698e-05,IGF2BP1,Basal,Activated
GO_Biological_Process_2023,Regulation Of DNA-templated Transcription Elongation (GO:0032784),1/44,0.999487242452128,0.9999962554776264,0,0,0.1235626052985881,6.337390761518698e-05,ELOA2,Basal,Activated
GO_Biological_Process_2023,Regulation Of Cell-Substrate Adhesion (GO:0010810),1/44,0.999487242452128,0.9999962554776264,0,0,0.1235626052985881,6.337390761518698e-05,PLG,Basal,Activated
GO_Biological_Process_2023,Regulation Of Transport (GO:0051049),1/44,0.999487242452128,0.9999962554776264,0,0,0.1235626052985881,6.337390761518698e-05,CLDN10,Basal,Activated
GO_Biological_Process_2023,Response To Unfolded Protein (GO:0006986),1/44,0.999487242452128,0.9999962554776264,0,0,0.1235626052985881,6.337390761518698e-05,HSPA6,Basal,Activated
GO_Biological_Process_2023,Lipid Biosynthetic Process (GO:0008610),3/71,0.9995012660882576,0.9999962554776264,0,0,0.2342047930283224,0.00011683500978888878,ELOVL4;SRD5A2;PDSS1,Basal,Activated
GO_Biological_Process_2023,Negative Regulation Of Cellular Response To Growth Factor Stimulus (GO:0090288),3/71,0.9995012660882576,0.9999962554776264,0,0,0.2342047930283224,0.00011683500978888878,CHRDL2;AGT;DAND5,Basal,Activated
GO_Biological_Process_2023,Positive Regulation Of Cell-Substrate Adhesion (GO:0010811),3/71,0.9995012660882576,0.9999962554776264,0,0,0.2342047930283224,0.00011683500978888878,CCL25;MDK;RAC3,Basal,Activated
GO_Biological_Process_2023,Cellular Response To Organic Cyclic Compound (GO:0071407),11/152,0.999521620940631,0.9999962554776264,0,0,0.4133934740969319,0.00019780609820853795,HCN4;H2AZ1;BLM;RAD51;WT1;MYOD1;SPP1;ATP1A3;TNF;POU4F1;GABRG2,Basal,Activated
GO_Biological_Process_2023,Positive Regulation Of NF-kappaB Transcription Factor Activity (GO:0051092),11/152,0.999521620940631,0.9999962554776264,0,0,0.4133934740969319,0.00019780609820853795,AIM2;CLEC7A;RIPK2;RTKN2;TRIM15;RHEBL1;TNF;S100A9;S100A8;NTSR1;AGT,Basal,Activated
GO_Biological_Process_2023,Negative Regulation Of Canonical Wnt Signaling Pathway (GO:0090090),7/114,0.9995223850579028,0.9999962554776264,0,0,0.3469259593880059,0.0001657366042958369,SOX2;DRAXIN;AMER2;MDK;NKX2-5;DKK1;TLE7,Basal,Activated
GO_Biological_Process_2023,Regulation Of MAP Kinase Activity (GO:0043405),7/114,0.9995223850579028,0.9999962554776264,0,0,0.3469259593880059,0.0001657366042958369,UCHL1;DIRAS1;CD24;TNF;RASGRP1;AGT;EZH2,Basal,Activated
GO_Biological_Process_2023,Positive Regulation Of Vasculature Development (GO:1904018),6/104,0.9995255204546616,0.9999962554776264,0,0,0.3247458679289206,0.00015412183848748375,IL1A;CXCL8;ADM2;VASH2;HMGA2;CHI3L1,Basal,Activated
GO_Biological_Process_2023,Regulation Of GTPase Activity (GO:0043087),18/214,0.9995321017793672,0.9999962554776264,0,0,0.4861154385418289,0.0002275057776417598,CCL25;RTN4R;ARHGAP11A;ARHGAP11B;CCL11;CCL20;ODAM;RASGRF1;RASGRP1;FGD1;ADCYAP1;CCL7;RASGEF1C;TBC1D7;CCL1;ECT2;EPHB3;EZH2,Basal,Activated
GO_Biological_Process_2023,DNA-templated Transcription Initiation (GO:0006352),2/59,0.9995326315324472,0.9999962554776264,0,0,0.1863313346657783,8.710574716555378e-05,E2F2;E2F3,Basal,Activated
GO_Biological_Process_2023,Regulation Of DNA Metabolic Process (GO:0051052),8/124,0.9995339444871284,0.9999962554776264,0,0,0.3656440644611112,0.0001704501546939481,CCNA2;PIF1;DEPDC1B;DSCC1;ALYREF;FBXO5;ESCO2;KPNA2,Basal,Activated
GO_Biological_Process_2023,Peptidyl-Lysine Modification (GO:0018205),5/94,0.9995489149325564,0.9999962554776264,0,0,0.2980535496293238,0.00013447783828951726,IFIH1;BCL11A;PLOD3;PLOD1;IVL,Basal,Activated
GO_Biological_Process_2023,Sphingolipid Metabolic Process (GO:0006665),5/94,0.9995489149325564,0.9999962554776264,0,0,0.2980535496293238,0.00013447783828951726,FUT5;UGT8;ELOVL4;B4GALNT1;FUT3,Basal,Activated
GO_Biological_Process_2023,Regulation Of Inflammatory Response (GO:0050727),21/240,0.9995568984174904,0.9999962554776264,0,0,0.5073552179961883,0.00022485972151776936,IL21;AHSG;OSM;CXCL17;ACOD1;MMP8;TNF;MMP9;AGT;AIM2;NLRP10;IFNG;NLRP7;MDK;NLRP2;IGF2BP1;CCL1;SMPDL3B;LILRP2;S100A9;S100A8,Basal,Activated
GO_Biological_Process_2023,I-kappaB kinase/NF-kappaB Signaling (GO:0007249),1/45,0.9995680295549012,0.9999962554776264,0,0,0.1207471743694458,5.217047952085408e-05,RIPK2,Basal,Activated
GO_Biological_Process_2023,Cholesterol Homeostasis (GO:0042632),3/72,0.9995688031307411,0.9999962554776264,0,0,0.2307967573668057,9.9540301487478e-05,APOA2;PCSK9;CD24,Basal,Activated
GO_Biological_Process_2023,Negative Regulation Of Cell Adhesion (GO:0007162),3/72,0.9995688031307411,0.9999962554776264,0,0,0.2307967573668057,9.9540301487478e-05,ADAMDEC1;MDK;PLG,Basal,Activated
GO_Biological_Process_2023,Plasma Membrane Organization (GO:0007009),3/72,0.9995688031307411,0.9999962554776264,0,0,0.2307967573668057,9.9540301487478e-05,PLSCR2;PLSCR5;TLCD1,Basal,Activated
GO_Biological_Process_2023,Response To Cytokine (GO:0034097),8/125,0.999585567231348,0.9999962554776264,0,0,0.362497222357717,0.00015026186636216178,LAMP3;UBD;FOXH1;MX1;CHI3L1;ISG15;POU4F1;FOXA2,Basal,Activated
GO_Biological_Process_2023,Positive Regulation Of Double-Strand Break Repair (GO:2000781),4/84,0.9995983150059898,0.9999962554776264,0,0,0.2653261557948068,0.00010659894633334388,RAD51AP1;ACTL6B;FANCB;FOXM1,Basal,Activated
GO_Biological_Process_2023,Response To Retinoic Acid (GO:0032526),2/60,0.9996001369898114,0.9999962554776264,0,0,0.1831078131820165,7.323268386467731e-05,STRA8;WNT6,Basal,Activated
GO_Biological_Process_2023,Cellular Response To Metal Ion (GO:0071248),9/135,0.9996033691840592,0.9999962554776264,0,0,0.378596348149155,0.0001501927659876233,GLRA2;TFR2;CPNE7;MT1G;MT1H;SYT13;ECT2;MT3;MMP9,Basal,Activated
GO_Biological_Process_2023,Non-Membrane-Bounded Organelle Assembly (GO:0140694),9/135,0.9996033691840592,0.9999962554776264,0,0,0.378596348149155,0.0001501927659876233,SQLE;CENPE;CENPF;CENPW;KASH5;NEK2;CENPA;DLGAP5;MYH6,Basal,Activated
GO_Biological_Process_2023,Nitrogen Compound Transport (GO:0071705),12/163,0.9996077593425524,0.9999962554776264,0,0,0.4209902239041312,0.0001651618759225267,SLC7A5;SLC6A19;SLC5A8;CENPF;RACGAP1;SLC6A15;SLC52A2;SLC16A10;RHCG;SLC38A3;RHCE;SLC38A5,Basal,Activated
GO_Biological_Process_2023,Positive Regulation Of Developmental Process (GO:0051094),20/233,0.9996102004506526,0.9999962554776264,0,0,0.4968277733449284,0.00019370099688687247,FOXD1;ACTL6B;KRT2;SCX;TNF;LRP8;SAP30;AURKA;CDC20;VIL1;GDNF;WT1;MDK;TMEM79;AMTN;SOX8;OTX2;FBXO5;ODAPH;FOXA2,Basal,Activated
GO_Biological_Process_2023,Regulation Of Rho Protein Signal Transduction (GO:0035023),3/73,0.9996272557555744,0.9999962554776264,0,0,0.2274860941527608,8.480993947282808e-05,RTN4R;STMN1;GPR55,Basal,Activated
GO_Biological_Process_2023,Sterol Homeostasis (GO:0055092),3/73,0.9996272557555744,0.9999962554776264,0,0,0.2274860941527608,8.480993947282808e-05,APOA2;PCSK9;CD24,Basal,Activated
GO_Biological_Process_2023,Intracellular Protein Transmembrane Transport (GO:0065002),1/46,0.999636015864106,0.9999962554776264,0,0,0.1180568737038208,4.297865140966683e-05,TOMM40,Basal,Activated
GO_Biological_Process_2023,Protein Sumoylation (GO:0016925),1/46,0.999636015864106,0.9999962554776264,0,0,0.1180568737038208,4.297865140966683e-05,IFIH1,Basal,Activated
GO_Biological_Process_2023,Regulation Of Fibroblast Proliferation (GO:0048145),1/46,0.999636015864106,0.9999962554776264,0,0,0.1180568737038208,4.297865140966683e-05,E2F1,Basal,Activated
GO_Biological_Process_2023,Response To Glucose (GO:0009749),1/46,0.999636015864106,0.9999962554776264,0,0,0.1180568737038208,4.297865140966683e-05,APOA2,Basal,Activated
GO_Biological_Process_2023,Establishment Of Protein Localization To Organelle (GO:0072594),4/85,0.999650053927812,0.9999962554776264,0,0,0.2620348869029468,9.171412788346586e-05,MMP12;POM121L2;E2F3;KPNA2,Basal,Activated
GO_Biological_Process_2023,Positive Regulation Of Canonical Wnt Signaling Pathway (GO:0090263),4/85,0.999650053927812,0.9999962554776264,0,0,0.2620348869029468,9.171412788346586e-05,SCEL;MRPS12;FZD9;LGR5,Basal,Activated
GO_Biological_Process_2023,Positive Regulation Of Cell Junction Assembly (GO:1901890),2/61,0.9996579047428388,0.9999962554776264,0,0,0.1799935636129586,6.158547908238302e-05,AGT;EPHB3,Basal,Activated
GO_Biological_Process_2023,Chromatin Organization (GO:0006325),24/268,0.999658336532869,0.9999962554776264,0,0,0.5201391718647149,0.0001777429187102507,H2AX;H2BC9;SUV39H2;H4C9;ACTL6B;H2BC3;HMGA2;NPM3;EZHIP;H2BC17;SOX2;H1-5;H2BC13;CHAF1B;H2BC14;H3C14;H1-9P;CHEK1;H2BC11;H3C1;HDGF;HDGFL1;ASF1B;EZH2,Basal,Activated
GO_Biological_Process_2023,Neuron Projection Morphogenesis (GO:0048812),10/146,0.9996663124378756,0.9999962554776264,0,0,0.3896219020603165,0.0001300336791662001,ISL2;BRSK2;APLP1;TRIM46;TUNAR;CCK;SLC39A12;POU4F1;MNX1;EPHB3,Basal,Activated
GO_Biological_Process_2023,Positive Regulation Of T Cell Activation (GO:0050870),6/107,0.9996750311134264,0.9999962554776264,0,0,0.3150434815344652,0.00010239596806963812,IL21;ACTL6B;MDK;CD80;HLA-DOB;ZP4,Basal,Activated
GO_Biological_Process_2023,Insulin Receptor Signaling Pathway (GO:0008286),1/47,0.999693228608523,0.9999962554776264,0,0,0.1154835426323535,3.5432482179863144e-05,GRB14,Basal,Activated
GO_Biological_Process_2023,Positive Regulation Of TOR Signaling (GO:0032008),1/47,0.999693228608523,0.9999962554776264,0,0,0.1154835426323535,3.5432482179863144e-05,HTR6,Basal,Activated
GO_Biological_Process_2023,Cell Junction Organization (GO:0034330),2/62,0.9997073248442124,0.9999962554776264,0,0,0.1769831223628692,5.180614446486282e-05,L1CAM;PPFIA4,Basal,Activated
GO_Biological_Process_2023,Fat Cell Differentiation (GO:0045444),2/62,0.9997073248442124,0.9999962554776264,0,0,0.1769831223628692,5.180614446486282e-05,HMGA2;SOX8,Basal,Activated
GO_Biological_Process_2023,Glycerophospholipid Metabolic Process (GO:0006650),2/62,0.9997073248442124,0.9999962554776264,0,0,0.1769831223628692,5.180614446486282e-05,PLA2G4D;PLAAT1,Basal,Activated
GO_Biological_Process_2023,mRNA Export From Nucleus (GO:0006406),2/62,0.9997073248442124,0.9999962554776264,0,0,0.1769831223628692,5.180614446486282e-05,DDX39A;ALYREF,Basal,Activated
GO_Biological_Process_2023,Phosphatidylinositol-Mediated Signaling (GO:0048015),2/62,0.9997073248442124,0.9999962554776264,0,0,0.1769831223628692,5.180614446486282e-05,PLCH1;MUC5AC,Basal,Activated
GO_Biological_Process_2023,Negative Regulation Of Phosphorylation (GO:0042326),3/75,0.9997215575883334,0.9999962554776264,0,0,0.2211406563258415,6.15835117936183e-05,MYCNOS;CDKN2A;SH3GL2,Basal,Activated
GO_Biological_Process_2023,Cytoplasmic Microtubule Organization (GO:0031122),1/48,0.9997413740162738,0.9999962554776264,0,0,0.1130197150107358,2.923361542434405e-05,FSD1,Basal,Activated
GO_Biological_Process_2023,Myelination (GO:0042552),1/48,0.9997413740162738,0.9999962554776264,0,0,0.1130197150107358,2.923361542434405e-05,KLK6,Basal,Activated
GO_Biological_Process_2023,Negative Regulation Of ERK1 And ERK2 Cascade (GO:0070373),1/48,0.9997413740162738,0.9999962554776264,0,0,0.1130197150107358,2.923361542434405e-05,GBP1,Basal,Activated
GO_Biological_Process_2023,Regulation Of Cellular Catabolic Process (GO:0031329),2/63,0.9997495914459223,0.9999962554776264,0,0,0.174071384104586,4.359442203584448e-05,LAMP3;MAPK15,Basal,Activated
GO_Biological_Process_2023,Transcription Initiation At RNA Polymerase II Promoter (GO:0006367),3/76,0.999759362520167,0.9999962554776264,0,0,0.2180983231211541,5.248894648890752e-05,TAF7L;E2F2;E2F3,Basal,Activated
GO_Biological_Process_2023,Response To Lipid (GO:0033993),6/110,0.9997778248265378,0.9999962554776264,0,0,0.3059008482012284,6.797112503923017e-05,SLPI;SPP1;S100A14;S100A9;S100A8;S100A7,Basal,Activated
GO_Biological_Process_2023,Regulation Of Cell Cycle (GO:0051726),27/298,0.9997798628529194,0.9999962554776264,0,0,0.5265029396705451,0.00011591561420307934,FOXE3;CCNF;LIN9;FOXM1;CKS1B;TNFSF13B;CDC20;CHEK1;PCLAF;TP53BP2;FBXO5;DLGAP5;MAGEA4;RPRM;CDT1;CDKN2A;ESX1;PLK1;FZD9;HMGA2;MASTL;POU4F1;BOP1;CKS2;PRR11;CDKN3;MCM2,Basal,Activated
GO_Biological_Process_2023,Autophagy Of Mitochondrion (GO:0000422),1/49,0.9997818883864172,0.9999962554776264,0,0,0.1106585468733523,2.4138546759679444e-05,ATG9B,Basal,Activated
GO_Biological_Process_2023,Heterophilic Cell-Cell Adhesion Via Plasma Membrane Cell Adhesion Molecules (GO:0007157),1/49,0.9997818883864172,0.9999962554776264,0,0,0.1106585468733523,2.4138546759679444e-05,NECTIN4,Basal,Activated
GO_Biological_Process_2023,Unsaturated Fatty Acid Metabolic Process (GO:0033559),1/49,0.9997818883864172,0.9999962554776264,0,0,0.1106585468733523,2.4138546759679444e-05,RAPSN,Basal,Activated
GO_Biological_Process_2023,Negative Regulation Of Cell Death (GO:0060548),2/64,0.9997857298701482,0.9999962554776264,0,0,0.1712535728868926,3.66984571320617e-05,MT3;POU4F1,Basal,Activated
GO_Biological_Process_2023,Positive Regulation Of Endothelial Cell Proliferation (GO:0001938),3/77,0.9997920310368954,0.9999962554776264,0,0,0.2151382151382151,4.474672465272839e-05,CCL11;MDK;VASH2,Basal,Activated
GO_Biological_Process_2023,Synapse Organization (GO:0050808),8/131,0.9997960722944008,0.9999962554776264,0,0,0.3446907011872909,7.02991520505389e-05,UNC13A;LRFN4;CDH2;DNER;L1CAM;PPFIA4;DKK1;POU4F1,Basal,Activated
GO_Biological_Process_2023,T Cell Activation (GO:0042110),6/111,0.9998043170600454,0.9999962554776264,0,0,0.3029694006880318,5.929174442358023e-05,CLEC7A;MDK;IFNB1;CD80;CTPS1;RASGRP1,Basal,Activated
GO_Biological_Process_2023,Cellular Response To Cytokine Stimulus (GO:0071345),28/308,0.9998098420807864,0.9999962554776264,0,0,0.5283343969368219,0.00010047652307662392,FOXC1;CCL11;CXCL8;LRP8;RHEX;CCL7;NLRP7;ANKRD1;IL21R;CCL1;GBP1;IL12RB2;CCL25;GBP5;EDN2;CCL20;IFNB1;FOXH1;IL31RA;IL36G;POU4F1;IL1A;AIM2;RUFY4;CHI3L1;LILRP2;GAPDH;CRLF1,Basal,Activated
GO_Biological_Process_2023,Nucleocytoplasmic Transport (GO:0006913),1/50,0.9998159803287576,0.9999962554776264,0,0,0.1083937529456578,1.9948418288761117e-05,NUP210,Basal,Activated
GO_Biological_Process_2023,tRNA Processing (GO:0008033),1/50,0.9998159803287576,0.9999962554776264,0,0,0.1083937529456578,1.9948418288761117e-05,POP1,Basal,Activated
GO_Biological_Process_2023,Regulation Of Cell-Matrix Adhesion (GO:0001952),2/65,0.99981662033219,0.9999962554776264,0,0,0.1685252159935704,3.090693206459889e-05,CCL25;CDKN2A,Basal,Activated
GO_Biological_Process_2023,Protein Localization To Nucleus (GO:0034504),7/122,0.9998201232745308,0.9999962554776264,0,0,0.3226376352235926,5.804022153613653e-05,MMP12;POM121L2;PLK1;E2F3;KPNA2;LMNB2;LMNB1,Basal,Activated
GO_Biological_Process_2023,Proteolysis Involved In Protein Catabolic Process (GO:0051603),3/78,0.9998202505462236,0.9999962554776264,0,0,0.2122570433681544,3.815651701491295e-05,GZMB;ISG15;CTSV,Basal,Activated
GO_Biological_Process_2023,Calcium Ion Transport (GO:0006816),6/112,0.9998276555257184,0.9999962554776264,0,0,0.300093263505273,5.172387302419172e-05,TRPA1;TRPV3;ATP2B2;TRPM8;TRPM5;MCOLN2,Basal,Activated
GO_Biological_Process_2023,Small GTPase Mediated Signal Transduction (GO:0007264),6/112,0.9998276555257184,0.9999962554776264,0,0,0.300093263505273,5.172387302419172e-05,CCNA2;CDKN2A;RASGEF1C;RASGRF1;RHEBL1;RASGRP1,Basal,Activated
GO_Biological_Process_2023,Regulation Of Cell Motility (GO:2000145),7/123,0.9998408747532588,0.9999962554776264,0,0,0.3198371495710148,5.089821504541772e-05,FGF5;SERPINE2;TMSB15A;KIF14;PRKX;FUT3;FGF21,Basal,Activated
GO_Biological_Process_2023,Activation Of GTPase Activity (GO:0090630),5/102,0.9998429453763528,0.9999962554776264,0,0,0.2733411923756405,4.293286958693615e-05,RASGRF1;TBC1D7;FOXJ1;ECT2;RASGRP1,Basal,Activated
GO_Biological_Process_2023,Positive Regulation Of Catabolic Process (GO:0009896),3/79,0.9998446182226054,0.9999962554776264,0,0,0.2094516919078322,3.2547504877013865e-05,APOA2;TNF;TNFSF13B,Basal,Activated
GO_Biological_Process_2023,RNA Modification (GO:0009451),1/51,0.9998446671808228,0.9999962554776264,0,0,0.1062195507750711,1.6500663854140643e-05,APOBEC1,Basal,Activated
GO_Biological_Process_2023,Amide Biosynthetic Process (GO:0043604),1/51,0.9998446671808228,0.9999962554776264,0,0,0.1062195507750711,1.6500663854140643e-05,PNPLA1,Basal,Activated
GO_Biological_Process_2023,Cholesterol Transport (GO:0030301),1/51,0.9998446671808228,0.9999962554776264,0,0,0.1062195507750711,1.6500663854140643e-05,APOA2,Basal,Activated
GO_Biological_Process_2023,Receptor Internalization (GO:0031623),1/51,0.9998446671808228,0.9999962554776264,0,0,0.1062195507750711,1.6500663854140643e-05,CXCL8,Basal,Activated
GO_Biological_Process_2023,Regulation Of Cellular Component Organization (GO:0051128),10/153,0.9998475705591318,0.9999962554776264,0,0,0.3703941997089205,5.64632842052247e-05,HJURP;KIF14;MELTF;MKI67;TNF;ROS1;ERMN;AGT;MCM2;AURKA,Basal,Activated
GO_Biological_Process_2023,Cell-Cell Adhesion Via Plasma-Membrane Adhesion Molecules (GO:0098742),12/172,0.9998494835056572,0.9999962554776264,0,0,0.3970952380952381,5.97738817487088e-05,CLDN6;CLDN10;LRFN4;CDH2;CLDN9;GATA5;DSG1;CDH15;CLDN16;L1CAM;NECTIN4;IGSF9,Basal,Activated
GO_Biological_Process_2023,DNA Damage Response (GO:0006974),37/384,0.999850172395404,0.9999962554776264,0,0,0.5626900288184438,8.431281549932835e-05,H2AX;TOP2A;FEN1;BLM;ANKLE1;MCM7;BCL2A1;CGAS;MCM10;TNFSF13B;RECQL4;RAD51AP1;EXO1;CHEK2;CHEK1;PCLAF;E2F1;SFN;FBXO5;WDHD1;POLQ;RMI2;RFC4;XRCC2;PPP4R3C;FANCA;MASTL;MAPK15;TRAIP;TICRR;DEPDC1B;AIM2;RAD51;UBE2T;POLE2;FSCN1;CDK1,Basal,Activated
GO_Biological_Process_2023,Ras Protein Signal Transduction (GO:0007265),9/144,0.9998590185176228,0.9999962554776264,0,0,0.3531662966486943,4.97934180846569e-05,ROPN1B;CCNA2;GPSM2;RACGAP1;CDKN2A;RASGEF1C;RASGRF1;RAC3;RASGRP1,Basal,Activated
GO_Biological_Process_2023,Negative Regulation Of Growth (GO:0045926),7/124,0.9998592264712156,0.9999962554776264,0,0,0.3170845354680537,4.464025113736114e-05,PSRC1;GNG4;CDKN2A;WT1;MT1G;MT1H;MT3,Basal,Activated
GO_Biological_Process_2023,Peptidyl-Tyrosine Phosphorylation (GO:0018108),2/67,0.999865569891922,0.9999962554776264,0,0,0.1633203505355404,2.1956648224214104e-05,IL21;IFNL4,Basal,Activated
GO_Biological_Process_2023,Wound Healing (GO:0042060),3/80,0.999865652233114,0.9999962554776264,0,0,0.2067192067192067,2.7774129533073e-05,MMP12;ODAM;KRT6A,Basal,Activated
GO_Biological_Process_2023,Response To Endoplasmic Reticulum Stress (GO:0034976),6/114,0.9998662953332856,0.9999962554776264,0,0,0.2945007745387973,3.937876052749306e-05,PDIA2;BRSK2;CXCL8;RASGRF1;ERP27;CHAC1,Basal,Activated
GO_Biological_Process_2023,Steroid Metabolic Process (GO:0008202),4/92,0.9998669748884804,0.9999962554776264,0,0,0.2410904485002015,3.207321711698639e-05,UGT1A10;SRD5A2;SDR9C7;HSD17B6,Basal,Activated
GO_Biological_Process_2023,Arachidonic Acid Metabolic Process (GO:0019369),1/52,0.9998688052124806,0.9999962554776264,0,0,0.1041306114347035,1.366228967163817e-05,CYP2F1,Basal,Activated
GO_Biological_Process_2023,Fatty Acid Oxidation (GO:0019395),1/52,0.9998688052124806,0.9999962554776264,0,0,0.1041306114347035,1.366228967163817e-05,HAO1,Basal,Activated
GO_Biological_Process_2023,Positive Regulation Of Transcription Initiation By RNA Polymerase II (GO:0060261),1/52,0.9998688052124806,0.9999962554776264,0,0,0.1041306114347035,1.366228967163817e-05,NKX2-5,Basal,Activated
GO_Biological_Process_2023,Apoptotic Process (GO:0006915),18/228,0.9998753856596024,0.9999962554776264,0,0,0.4533260632497273,5.649444843926657e-05,RIPK2;MX1;GZMB;CIT;TRAIP;IL1A;MELK;IFI27;CASP5;ESPL1;IFNG;IL2RA;CHEK1;PAEP;PHLDA2;GAPDH;BCL2L14;MCM2,Basal,Activated
GO_Biological_Process_2023,Cellular Response To Growth Factor Stimulus (GO:0071363),10/155,0.999878197186286,0.9999962554776264,0,0,0.3652415543497287,4.449015857336459e-05,VIL1;WNT10A;FOXC1;CXCL8;IBSP;DLX5;ANKRD1;MT1G;KNSTRN;PHOX2B,Basal,Activated
GO_Biological_Process_2023,Regulation Of Neuron Projection Development (GO:0010975),12/174,0.9998784397677914,0.9999962554776264,0,0,0.392145796590241,4.76722316756005e-05,RTN4R;BRSK2;CDH2;MDK;GPC2;TBR1;KIF1A;ALKAL1;CSMD3;S100A9;MT3;EPHB3,Basal,Activated
GO_Biological_Process_2023,Positive Regulation Of Multicellular Organismal Process (GO:0051240),37/387,0.9998804794322688,0.9999962554776264,0,0,0.5577654857142857,6.666843171729458e-05,IL21;FOXC1;SCX;GATA5;TNF;GHRHR;TERT;MDK;SPP1;ZBED2;ALX1;SOX8;OTX2;TRPM8;FGF21;SERPINB3;FOXD1;ACTL6B;AVPR1B;FOXJ1;SOX11;HLA-G;AGT;PHOX2B;SAP30;ADCYAP1;IL1A;GDNF;IFNG;CLEC6A;MFAP2;LCN2;ADAM8;LILRP2;GAPDH;EZH2;FOXA2,Basal,Activated
GO_Biological_Process_2023,Histone Modification (GO:0016570),3/81,0.999883802435733,0.9999962554776264,0,0,0.2040567852533664,2.3712279099804357e-05,MSL3P1;AURKB;CPA4,Basal,Activated
GO_Biological_Process_2023,Macromolecule Modification (GO:0043412),3/81,0.999883802435733,0.9999962554776264,0,0,0.2040567852533664,2.3712279099804357e-05,CHRM3;UBE2S;QPCT,Basal,Activated
GO_Biological_Process_2023,Positive Regulation Of Protein Kinase B Signaling (GO:0051897),4/93,0.9998840947863022,0.9999962554776264,0,0,0.2383673353210323,2.762961817828117e-05,RASD2;OSM;CHI3L1;TNF,Basal,Activated
GO_Biological_Process_2023,Actin Cytoskeleton Reorganization (GO:0031532),1/53,0.9998891150754836,0.9999962554776264,0,0,0.1021220159151193,1.1324419891546812e-05,BRSK2,Basal,Activated
GO_Biological_Process_2023,Endosome Organization (GO:0007032),1/53,0.9998891150754836,0.9999962554776264,0,0,0.1021220159151193,1.1324419891546812e-05,LAPTM4B,Basal,Activated
GO_Biological_Process_2023,Glycoprotein Metabolic Process (GO:0009100),1/53,0.9998891150754836,0.9999962554776264,0,0,0.1021220159151193,1.1324419891546812e-05,NCCRP1,Basal,Activated
GO_Biological_Process_2023,Mitochondrial Transport (GO:0006839),1/53,0.9998891150754836,0.9999962554776264,0,0,0.1021220159151193,1.1324419891546812e-05,TOMM40,Basal,Activated
GO_Biological_Process_2023,Regulation Of Proteasomal Protein Catabolic Process (GO:0061136),1/53,0.9998891150754836,0.9999962554776264,0,0,0.1021220159151193,1.1324419891546812e-05,LAMP3,Basal,Activated
GO_Biological_Process_2023,Negative Regulation Of MAPK Cascade (GO:0043409),5/105,0.9998942389939636,0.9999962554776264,0,0,0.2650934431422236,2.8038031931780728e-05,UCHL1;FOXM1;DUSP9;GBP1;AGT,Basal,Activated
GO_Biological_Process_2023,"Regulation Of mRNA Splicing, Via Spliceosome (GO:0048024)",4/94,0.9998989772510336,0.9999962554776264,0,0,0.235704735768067,2.3812743186303254e-05,NR5A1;CELF4;SRSF12;SRPK1,Basal,Activated
GO_Biological_Process_2023,Establishment Of Protein Localization To Membrane (GO:0090150),2/69,0.9999012795902308,0.9999962554776264,0,0,0.1584262233138107,1.5640673723273597e-05,RTP4;RTP3,Basal,Activated
GO_Biological_Process_2023,Positive Regulation Of Phosphatidylinositol 3-Kinase Signaling (GO:0014068),2/69,0.9999012795902308,0.9999962554776264,0,0,0.1584262233138107,1.5640673723273597e-05,OSM;TNF,Basal,Activated
GO_Biological_Process_2023,Regulation Of Anatomical Structure Morphogenesis (GO:0022603),7/127,0.9999024435611752,0.9999962554776264,0,0,0.3091019545694664,3.0156356918863345e-05,BRSK2;CDH2;GDNF;CDX2;VASH2;KIF1A;EPHB3,Basal,Activated
GO_Biological_Process_2023,Endoplasmic Reticulum Organization (GO:0007029),1/54,0.9999062032242664,0.9999962554776264,0,0,0.1001892164528779,9.39786621821233e-06,MAPK15,Basal,Activated
GO_Biological_Process_2023,Negative Regulation Of TOR Signaling (GO:0032007),1/54,0.9999062032242664,0.9999962554776264,0,0,0.1001892164528779,9.39786621821233e-06,TBC1D7,Basal,Activated
GO_Biological_Process_2023,Regulation Of Blood Vessel Endothelial Cell Migration (GO:0043535),1/54,0.9999062032242664,0.9999962554776264,0,0,0.1001892164528779,9.39786621821233e-06,TNF,Basal,Activated
GO_Biological_Process_2023,Regulation Of Lipid Metabolic Process (GO:0019216),1/54,0.9999062032242664,0.9999962554776264,0,0,0.1001892164528779,9.39786621821233e-06,PSAPL1,Basal,Activated
GO_Biological_Process_2023,Protein Processing (GO:0016485),6/117,0.9999085099859628,0.9999962554776264,0,0,0.2864899119651971,2.621216516120438e-05,F12;ECEL1;PCSK9;PRSS3;PRSS12;KLK6,Basal,Activated
GO_Biological_Process_2023,Positive Regulation Of Epithelial Cell Migration (GO:0010634),4/95,0.999911909741865,0.9999962554776264,0,0,0.2331006548865953,2.0534801331664924e-05,VIL1;IFNG;MMP9;AGT,Basal,Activated
GO_Biological_Process_2023,Regulation Of Notch Signaling Pathway (GO:0008593),2/70,0.9999153206566558,0.9999962554776264,0,0,0.1560871183916604,1.3217914339949104e-05,MAGEA1;CHAC1,Basal,Activated
GO_Biological_Process_2023,Regulation Of Cellular Biosynthetic Process (GO:0031326),2/70,0.9999153206566558,0.9999962554776264,0,0,0.1560871183916604,1.3217914339949104e-05,CXCL8;MSI1,Basal,Activated
GO_Biological_Process_2023,Positive Regulation Of Cell Projection Organization (GO:0031346),6/118,0.9999193215432336,0.9999962554776264,0,0,0.2839149918522542,2.2906747448396644e-05,CHODL;CARMIL2;MDK;GPC2;ALKAL1;S100A9,Basal,Activated
GO_Biological_Process_2023,Cellular Response To Transforming Growth Factor Beta Stimulus (GO:0071560),4/96,0.9999231436314224,0.9999962554776264,0,0,0.2305531844590687,1.772016148387306e-05,WNT10A;FOXH1;ANKRD1;GDF5,Basal,Activated
GO_Biological_Process_2023,Regulation Of Macroautophagy (GO:0016241),4/96,0.9999231436314224,0.9999962554776264,0,0,0.2305531844590687,1.772016148387306e-05,UCHL1;RUFY4;GAPDH;ATP6V1C2,Basal,Activated
GO_Biological_Process_2023,Purine Ribonucleotide Metabolic Process (GO:0009150),3/84,0.99992459706355,0.9999962554776264,0,0,0.1964639536655997,1.4814517549029238e-05,ACSL6;MYH6;MYH7,Basal,Activated
GO_Biological_Process_2023,Regulation Of Cilium Assembly (GO:1902017),2/71,0.999927304321076,0.9999962554776264,0,0,0.1538158136121812,1.1182151451735909e-05,TBC1D7;MAPK15,Basal,Activated
GO_Biological_Process_2023,Regulation Of Hydrolase Activity (GO:0051336),2/71,0.999927304321076,0.9999962554776264,0,0,0.1538158136121812,1.1182151451735909e-05,FGD1;EPHB3,Basal,Activated
GO_Biological_Process_2023,RNA Polymerase II Preinitiation Complex Assembly (GO:0051123),1/56,0.9999326754704376,0.9999962554776264,0,0,0.0965344683788214,6.499356455660184e-06,TAF7L,Basal,Activated
GO_Biological_Process_2023,Positive Regulation Of DNA-templated Transcription Initiation (GO:2000144),1/56,0.9999326754704376,0.9999962554776264,0,0,0.0965344683788214,6.499356455660184e-06,NKX2-5,Basal,Activated
GO_Biological_Process_2023,Positive Regulation Of Protein Localization (GO:1903829),3/85,0.9999346257921122,0.9999962554776264,0,0,0.1940564704792347,1.2686702739165936e-05,PLK1;CDK1;TNF,Basal,Activated
GO_Biological_Process_2023,Cell-Matrix Adhesion (GO:0007160),5/109,0.9999372299826764,0.9999962554776264,0,0,0.2548366267878463,1.5996601536913553e-05,FERMT1;ACTN2;MSLNL;L1CAM;MSLN,Basal,Activated
GO_Biological_Process_2023,Protein Targeting To Membrane (GO:0006612),2/72,0.9999375295193574,0.9999962554776264,0,0,0.1516094032549728,9.471408136059864e-06,RTP4;RTP3,Basal,Activated
GO_Biological_Process_2023,Regulation Of Cellular Localization (GO:0060341),2/72,0.9999375295193574,0.9999962554776264,0,0,0.1516094032549728,9.471408136059864e-06,ADCYAP1;TRIM46,Basal,Activated
GO_Biological_Process_2023,Transforming Growth Factor Beta Receptor Signaling Pathway (GO:0007179),2/72,0.9999375295193574,0.9999962554776264,0,0,0.1516094032549728,9.471408136059864e-06,FOXH1;GDF5,Basal,Activated
GO_Biological_Process_2023,Proteolysis (GO:0006508),29/330,0.9999380903889384,0.9999962554776264,0,0,0.5085431792948921,3.148468505057254e-05,ADAMDEC1;PRSS1;TMPRSS5;PLG;CTSV;LRP8;PRSS21;CAPN6;UBD;PRSS3;PRSS2;CPA4;ST14;MMP7;MMP1;F12;ECEL1;VASH2;KLK14;GZMB;PRSS33;MMP8;PRSS56;MMP9;ADAMTS20;MMP12;LCN1;ADAM8;FBXL6,Basal,Activated
GO_Biological_Process_2023,Positive Regulation Of Programmed Cell Death (GO:0043068),19/245,0.9999419995432348,0.9999962554776264,0,0,0.4443474612779065,2.577310314967122e-05,HRK;TOP2A;GBP5;PRR7;BCL2A1;FZD9;PNMA3;FOXL2;TNF;MLLT11;MELK;IFNG;CLEC7A;UBD;ANKRD1;E2F1;IGF2BP1;ECT2;GBP1,Basal,Activated
GO_Biological_Process_2023,Positive Regulation Of Macromolecule Metabolic Process (GO:0010604),33/364,0.9999420250219252,0.9999962554776264,0,0,0.5259549347831755,3.049310973955657e-05,MYLK2;CXCL8;UHRF1;SCX;GATA5;TNF;FGF5;WNT6;CLEC7A;LAMP3;NKX2-1;DNMT3B;E2F1;NTSR1;FGF21;FOXD1;ODAM;IL36G;HMGA2;SOX11;PAX6;MMP8;DKK1;POU4F1;MT3;AGT;NR5A1;IL1A;MYCN;IFNG;WT1;ADM2;SLC26A9,Basal,Activated
GO_Biological_Process_2023,Membrane Lipid Biosynthetic Process (GO:0046467),1/57,0.9999428506699496,0.9999962554776264,0,0,0.0948049893794911,5.418196453087031e-06,ELOVL4,Basal,Activated
GO_Biological_Process_2023,Regulation Of Transcription Initiation By RNA Polymerase II (GO:0060260),1/57,0.9999428506699496,0.9999962554776264,0,0,0.0948049893794911,5.418196453087031e-06,NKX2-5,Basal,Activated
GO_Biological_Process_2023,Exocytosis (GO:0006887),3/86,0.9999432651228232,0.9999962554776264,0,0,0.1917069989359145,1.0876781587898632e-05,TMEM79;SYNGR3;PRSS12,Basal,Activated
GO_Biological_Process_2023,Circulatory System Development (GO:0072359),7/132,0.9999466224609403,0.9999962554776264,0,0,0.2966491283676704,1.583482305212667e-05,POPDC3;FOXC1;TH;WT1;TNNI3;FOXL1;POU4F1,Basal,Activated
GO_Biological_Process_2023,Regulation Of Protein Catabolic Process (GO:0042176),6/122,0.9999508945088532,0.9999962554776264,0,0,0.2740592631440933,1.345814515713468e-05,SERPINB12;CHEK2;FAM83D;TNF;TNFSF13B;MAD2L1,Basal,Activated
GO_Biological_Process_2023,RNA Metabolic Process (GO:0016070),5/111,0.999951422474964,0.9999962554776264,0,0,0.2499985058659702,1.2144603657437452e-05,RNASEH2A;EXOSC4;ELAVL4;CTAG2;LAGE3,Basal,Activated
GO_Biological_Process_2023,Negative Regulation Of Transmembrane Receptor Protein Serine/Threonine Kinase Signaling Pathway (GO:0090101),5/111,0.999951422474964,0.9999962554776264,0,0,0.2499985058659702,1.2144603657437452e-05,NKX2-1;CHRDL2;DKK1;DAND5;SAP30,Basal,Activated
GO_Biological_Process_2023,Regulation Of Protein Phosphorylation (GO:0001932),21/265,0.9999531224262894,0.9999962554776264,0,0,0.4546870840966383,2.131512690460849e-05,ROPN1B;EPHA7;ODAM;PLAUR;CDCA8;TNF;RASGRP1;MT3;MMP9;C1ORF112;AURKB;FGF5;CCNA2;INCENP;CCNYL2;BIRC5;CDK2AP1;ECT2;ROPN1;SH3GL2;FGF21,Basal,Activated
GO_Biological_Process_2023,ncRNA Processing (GO:0034470),4/100,0.9999550850897638,0.9999962554776264,0,0,0.220894025754697,9.921658155339426e-06,EXOSC4;POP1;IGF2BP3;DCAF13,Basal,Activated
GO_Biological_Process_2023,Regulation Of Organelle Organization (GO:0033043),4/100,0.9999550850897638,0.9999962554776264,0,0,0.220894025754697,9.921658155339426e-06,CAPN6;S100A9;MAPK15;S100A8,Basal,Activated
GO_Biological_Process_2023,Antigen Receptor-Mediated Signaling Pathway (GO:0050851),7/134,0.9999578295538212,0.9999962554776264,0,0,0.2919425483858892,1.2311607118823156e-05,IGHG3;IGHG4;IGHM;IGHG1;IGHG2;MOG;RIPK2,Basal,Activated
GO_Biological_Process_2023,Aerobic Respiration (GO:0009060),1/59,0.9999586098342846,0.9999962554776264,0,0,0.0915249430014508,3.788310957868965e-06,MTFR2,Basal,Activated
GO_Biological_Process_2023,Glucose Metabolic Process (GO:0006006),1/59,0.9999586098342846,0.9999962554776264,0,0,0.0915249430014508,3.788310957868965e-06,TPI1,Basal,Activated
GO_Biological_Process_2023,Protein Targeting To Mitochondrion (GO:0006626),1/59,0.9999586098342846,0.9999962554776264,0,0,0.0915249430014508,3.788310957868965e-06,TOMM40,Basal,Activated
GO_Biological_Process_2023,Transcription Preinitiation Complex Assembly (GO:0070897),1/59,0.9999586098342846,0.9999962554776264,0,0,0.0915249430014508,3.788310957868965e-06,TAF7L,Basal,Activated
GO_Biological_Process_2023,Regulation Of Fat Cell Differentiation (GO:0045598),2/75,0.9999600338865922,0.9999962554776264,0,0,0.1453528697763135,5.809305366087119e-06,E2F1;TNF,Basal,Activated
GO_Biological_Process_2023,Regulation Of Plasma Membrane Bounded Cell Projection Assembly (GO:0120032),2/75,0.9999600338865922,0.9999962554776264,0,0,0.1453528697763135,5.809305366087119e-06,FSCN1;MAPK15,Basal,Activated
GO_Biological_Process_2023,Hemopoiesis (GO:0030097),4/101,0.9999606106384016,0.9999962554776264,0,0,0.2186037097732481,8.610830159654724e-06,MELK;RTKN2;PRKX;NKX2-5,Basal,Activated
GO_Biological_Process_2023,Regulation Of Protein Ubiquitination (GO:0031396),5/113,0.9999622268951672,0.9999962554776264,0,0,0.2453395746078673,9.267412501864634e-06,FANCI;RIPK2;TBC1D7;ISG15;INAVA,Basal,Activated
GO_Biological_Process_2023,Cellular Response To Peptide Hormone Stimulus (GO:0071375),3/89,0.9999626226006858,0.9999962554776264,0,0,0.184986417544557,6.914440418971157e-06,PCSK9;OTOP1;SLC30A10,Basal,Activated
GO_Biological_Process_2023,Membrane Organization (GO:0061024),10/167,0.9999671750139936,0.9999962554776264,0,0,0.3370825115587313,1.1064910328684529e-05,RTP4;BAIAP2L2;CHMP4BP1;RTP3;ATP10B;KIF20A;TLCD1;LMNB2;CEP55;LMNB1,Basal,Activated
GO_Biological_Process_2023,Positive Regulation Of GTPase Activity (GO:0043547),17/234,0.9999690613546548,0.9999962554776264,0,0,0.4140241624112591,1.2809544881145172e-05,CCL25;RTN4R;ARHGAP11A;ARHGAP11B;CCL11;CCL20;ODAM;RASGRF1;FOXJ1;RASGRP1;ADCYAP1;CCL7;RASGEF1C;TBC1D7;CCL1;ECT2;EZH2,Basal,Activated
GO_Biological_Process_2023,Positive Regulation Of Protein Modification Process (GO:0031401),16/225,0.9999695111753678,0.9999962554776264,0,0,0.4046514598928692,1.2337535477267288e-05,CDCA2;ODAM;PLAUR;CDCA8;TNF;RASGRP1;MT3;MMP9;AURKB;FGF5;CCNA2;IFNG;INCENP;BIRC5;CDK2AP1;FGF21,Basal,Activated
GO_Biological_Process_2023,Fatty Acid Catabolic Process (GO:0009062),1/61,0.9999697579549937,0.9999962554776264,0,0,0.0884635663819466,2.6753596103312742e-06,HAO1,Basal,Activated
GO_Biological_Process_2023,Negative Regulation Of Autophagy (GO:0010507),1/61,0.9999697579549937,0.9999962554776264,0,0,0.0884635663819466,2.6753596103312742e-06,MAGEA3,Basal,Activated
GO_Biological_Process_2023,Positive Regulation Of JNK Cascade (GO:0046330),2/77,0.9999700481997028,0.9999962554776264,0,0,0.1414599156118143,4.23704259630601e-06,MMP8;RASGRP1,Basal,Activated
GO_Biological_Process_2023,Sphingolipid Biosynthetic Process (GO:0030148),2/77,0.9999700481997028,0.9999962554776264,0,0,0.1414599156118143,4.23704259630601e-06,ELOVL4;PNPLA1,Basal,Activated
GO_Biological_Process_2023,rRNA Metabolic Process (GO:0016072),3/91,0.9999714440846466,0.9999962554776264,0,0,0.180760597427264,5.161858020512289e-06,EXOSC4;IGF2BP3;DCAF13,Basal,Activated
GO_Biological_Process_2023,Regulation Of Epithelial Cell Proliferation (GO:0050678),3/91,0.9999714440846466,0.9999962554776264,0,0,0.180760597427264,5.161858020512289e-06,SOX2;UHRF1;GDF5,Basal,Activated
GO_Biological_Process_2023,Long-Chain Fatty Acid Metabolic Process (GO:0001676),2/78,0.9999739737285104,0.9999962554776264,0,0,0.1395902731512325,3.633061624073477e-06,ACSL6;RAPSN,Basal,Activated
GO_Biological_Process_2023,Negative Regulation Of Protein Modification Process (GO:0031400),2/78,0.9999739737285104,0.9999962554776264,0,0,0.1395902731512325,3.633061624073477e-06,MAGEA2;SH3GL2,Basal,Activated
GO_Biological_Process_2023,Protein Lipidation (GO:0006497),1/62,0.9999740404117252,0.9999962554776264,0,0,0.0870081578251331,2.2587252716036003e-06,CWH43,Basal,Activated
GO_Biological_Process_2023,Protein-Containing Complex Disassembly (GO:0032984),1/62,0.9999740404117252,0.9999962554776264,0,0,0.0870081578251331,2.2587252716036003e-06,LIX1,Basal,Activated
GO_Biological_Process_2023,Negative Regulation Of Protein Phosphorylation (GO:0001933),8/149,0.9999744203296284,0.9999962554776264,0,0,0.3003638293375068,7.683306014654982e-06,DBNDD1;UBASH3B;CAMK2N2;PYDC1;SFN;DKK1;PPM1E;SH3GL2,Basal,Activated
GO_Biological_Process_2023,B Cell Activation (GO:0042113),3/92,0.9999749510390572,0.9999962554776264,0,0,0.1787189090559877,4.476779042268392e-06,IFNB1;CTPS1;RASGRP1,Basal,Activated
GO_Biological_Process_2023,Detection Of Chemical Stimulus Involved In Sensory Perception Of Smell (GO:0050911),7/139,0.9999760043784466,0.9999962554776264,0,0,0.2808000768381117,6.738053218189054e-06,OR2B2;OR2S2;OR2I1P;OR2H2;OR2J3;OR2W6P;OR2B6,Basal,Activated
GO_Biological_Process_2023,Cellular Response To Organonitrogen Compound (GO:0071417),4/105,0.9999762556931652,0.9999962554776264,0,0,0.2098959737645709,4.98389357424417e-06,HCN4;GLRA2;WT1;GABRG2,Basal,Activated
GO_Biological_Process_2023,Protein Maturation (GO:0051604),5/117,0.9999766729790976,0.9999962554776264,0,0,0.2365208832978867,5.51739194096778e-06,F12;ECEL1;NAA11;GZMB;TSPAN33,Basal,Activated
GO_Biological_Process_2023,Phosphatidylinositol Metabolic Process (GO:0046488),1/63,0.999977641090156,0.9999962554776264,0,0,0.0855996979314426,1.9139373255814227e-06,PLA2G4D,Basal,Activated
GO_Biological_Process_2023,Glycoprotein Biosynthetic Process (GO:0009101),2/80,0.9999801644227748,0.9999962554776264,0,0,0.1359948068808828,2.6975622480498043e-06,FUT5;FOXL1,Basal,Activated
GO_Biological_Process_2023,Regulation Of Organelle Assembly (GO:1902115),2/80,0.9999801644227748,0.9999962554776264,0,0,0.1359948068808828,2.6975622480498043e-06,STIL;MAPK15,Basal,Activated
GO_Biological_Process_2023,Transmembrane Receptor Protein Serine/Threonine Kinase Signaling Pathway (GO:0007178),6/130,0.99998055950146,0.9999962554776264,0,0,0.2562553661228995,4.981780495248062e-06,DLX5;FOXH1;SCX;GDF5;LEFTY2;INHBE,Basal,Activated
GO_Biological_Process_2023,Detection Of Chemical Stimulus Involved In Sensory Perception (GO:0050907),7/141,0.999980568013016,0.9999962554776264,0,0,0.2765759159826856,5.374471817983514e-06,OR2B2;OR2S2;OR2I1P;OR2H2;OR2J3;OR2W6P;OR2B6,Basal,Activated
GO_Biological_Process_2023,Positive Regulation Of Macroautophagy (GO:0016239),1/64,0.9999806680389804,0.9999962554776264,0,0,0.0842359510502503,1.6284618628797611e-06,RUFY4,Basal,Activated
GO_Biological_Process_2023,Negative Regulation Of Multicellular Organismal Process (GO:0051241),16/231,0.9999816920093468,0.9999962554776264,0,0,0.3932169310604828,7.199077799091129e-06,FOXE3;APOA2;TRPV3;KREMEN2;HS3ST6;BRCA2;DKK1;TNF;SAP30;IFNG;TNNT1;MDK;NKX2-1;PAEP;PFN2;FOXA2,Basal,Activated
GO_Biological_Process_2023,Regulation Of Signal Transduction (GO:0009966),12/193,0.9999819649757824,0.9999962554776264,0,0,0.350581425940542,6.322801523227922e-06,GRK1;ADCYAP1;IGFBPL1;UBASH3B;GDNF;GNG4;CD80;ZIC1;RGS20;OTX2;FOXL1;CD24,Basal,Activated
GO_Biological_Process_2023,Fatty Acid Biosynthetic Process (GO:0006633),1/65,0.9999832123573124,0.9999962554776264,0,0,0.0829148212590952,1.3919560766708292e-06,ELOVL4,Basal,Activated
GO_Biological_Process_2023,Monocarboxylic Acid Biosynthetic Process (GO:0072330),1/65,0.9999832123573124,0.9999962554776264,0,0,0.0829148212590952,1.3919560766708292e-06,ELOVL4,Basal,Activated
GO_Biological_Process_2023,Positive Regulation Of Apoptotic Process (GO:0043065),20/270,0.9999845134845424,0.9999962554776264,0,0,0.422355187778485,6.5408607918199e-06,HRK;TOP2A;EPHA7;PRR7;BCL2A1;IFNB1;FZD9;PCSK9;PNMA3;FOXL2;CTSV;TNF;MLLT11;MELK;UBD;TP53BP2;ANKRD1;E2F1;IGF2BP1;ECT2,Basal,Activated
GO_Biological_Process_2023,Regulation Of Endocytosis (GO:0030100),1/66,0.9999853504455058,0.9999962554776264,0,0,0.0816343416153602,1.195915495924321e-06,TFR2,Basal,Activated
GO_Biological_Process_2023,Regulation Of Protein Localization (GO:0032880),3/97,0.99998632831797,0.9999962554776264,0,0,0.1691620698712897,2.3127458404407584e-06,ADCYAP1;TRIM46;GPC2,Basal,Activated
GO_Biological_Process_2023,Positive Regulation Of Proteasomal Ubiquitin-Dependent Protein Catabolic Process (GO:0032436),2/83,0.999986405031662,0.9999962554776264,0,0,0.1309345210189092,1.7800627675753711e-06,CDC20;PLK1,Basal,Activated
GO_Biological_Process_2023,Negative Regulation Of Cell Differentiation (GO:0045596),13/207,0.999987124817254,0.9999962554776264,0,0,0.3541821491358736,4.560189252215983e-06,ACTL6B;GDF5;TNF;SOX2;IFNG;SIX3;NKX2-1;E2F1;TUNAR;SOX8;PRAME;NKX3-2;FOXA2,Basal,Activated
GO_Biological_Process_2023,Negative Regulation Of Cellular Catabolic Process (GO:0031330),1/67,0.99998714682673,0.9999962554776264,0,0,0.0803926643850718,1.0333074856272265e-06,MAGEA3,Basal,Activated
GO_Biological_Process_2023,Negative Regulation Of Gene Expression (GO:0010629),27/336,0.99998770807448,0.9999962554776264,0,0,0.4606958703024109,5.662874128958604e-06,OPRD1;TRIM71;SUV39H2;CXCL8;GATA5;TYMS;TNF;AURKA;TERT;ZAR1L;CHEK1;MAEL;IGF2BP1;IGF2BP3;IGF2BP2;SH3GL2;GZMB;SOX11;MMP8;UPK3B;POU4F1;SLC7A5;MYCN;IFNG;TDRD12;GAPDH;EZH2,Basal,Activated
GO_Biological_Process_2023,Negative Regulation Of Inflammatory Response (GO:0050728),4/111,0.9999878429084368,0.9999962554776264,0,0,0.198055080406977,2.407788382926935e-06,MDK;RHBDF2;CXCL17;SMPDL3B,Basal,Activated
GO_Biological_Process_2023,Regulation Of Transforming Growth Factor Beta Receptor Signaling Pathway (GO:0017015),4/111,0.9999878429084368,0.9999962554776264,0,0,0.198055080406977,2.407788382926935e-06,NKX2-1;SOX11;DAND5;SAP30,Basal,Activated
GO_Biological_Process_2023,Ribosomal Small Subunit Biogenesis (GO:0042274),2/84,0.9999878970726463,0.9999962554776264,0,0,0.1293300401358444,1.5652815526582497e-06,MRPS12;IGF2BP3,Basal,Activated
GO_Biological_Process_2023,Positive Regulation Of Cell Differentiation (GO:0045597),21/283,0.9999879372387396,0.9999962554776264,0,0,0.4229897125192298,5.102454692595711e-06,SERPINB3;FBN2;FOXC1;ACTL6B;GATA5;SOX11;GDF5;AGT;HOXA11;CCNA2;SCUBE3;PCP4;GDNF;MDK;MYOD1;ALX1;ADAM8;FBXO5;NKX2-5;ECT2;EZH2,Basal,Activated
GO_Biological_Process_2023,Transmembrane Receptor Protein Tyrosine Kinase Signaling Pathway (GO:0007169),21/284,0.9999886029065552,0.9999962554776264,0,0,0.4213559654417292,4.80226067765881e-06,SHC4;TRIM71;EPHA7;FOXC1;EPHA8;CSH2;IL31RA;EFNA4;MMP9;SHCBP1;FGF5;GH2;EFNA3;EFNA2;UBASH3B;GRB14;STMN1;ALKAL1;ROS1;EPHB3;FGF21,Basal,Activated
GO_Biological_Process_2023,B Cell Differentiation (GO:0030183),1/68,0.999988655672659,0.9999962554776264,0,0,0.0791880521467323,8.983402805879912e-07,IFNB1,Basal,Activated
GO_Biological_Process_2023,Aerobic Electron Transport Chain (GO:0019646),1/68,0.999988655672659,0.9999962554776264,0,0,0.0791880521467323,8.983402805879912e-07,COX6A2,Basal,Activated
GO_Biological_Process_2023,Cellular Response To Insulin Stimulus (GO:0032869),3/99,0.999988940379264,0.9999962554776264,0,0,0.1656180753402975,1.831683229150843e-06,GRB14;PCSK9;OTOP1,Basal,Activated
GO_Biological_Process_2023,Negative Regulation Of Defense Response (GO:0031348),4/112,0.999988965806104,0.9999962554776264,0,0,0.1962095090657472,2.165025711955264e-06,CXCL17;CGAS;SMPDL3B;AURKB,Basal,Activated
GO_Biological_Process_2023,Regulation Of Protein Kinase B Signaling (GO:0051896),6/136,0.999989094119575,0.9999962554776264,0,0,0.2443404504241006,2.664762266121998e-06,RASD2;AIM2;OSM;CHI3L1;TNF;HLA-G,Basal,Activated
GO_Biological_Process_2023,Nuclear-Transcribed mRNA Catabolic Process (GO:0000956),2/85,0.9999891654285727,0.9999962554776264,0,0,0.1277642214427329,1.3842780820980175e-06,EXOSC4;PNLDC1,Basal,Activated
GO_Biological_Process_2023,Positive Regulation Of Amide Metabolic Process (GO:0034250),2/85,0.9999891654285727,0.9999962554776264,0,0,0.1277642214427329,1.3842780820980175e-06,IFNG;TNF,Basal,Activated
GO_Biological_Process_2023,Phagocytosis (GO:0006909),1/69,0.9999899226104908,0.9999962554776264,0,0,0.0780188696801086,7.862305004074513e-07,TAFA4,Basal,Activated
GO_Biological_Process_2023,Positive Regulation Of Cell Motility (GO:2000147),14/221,0.9999902323227496,0.9999962554776264,0,0,0.3573068400149777,3.490074937603124e-06,SERPINB3;SEMA5B;CARMIL2;CEMIP;CCL11;MMP7;ARHGEF39;VIL1;CCNA2;CCL7;TMSB15A;CLEC7A;MDK;CGA,Basal,Activated
GO_Biological_Process_2023,Positive Regulation Of Phosphorylation (GO:0042327),15/231,0.9999903894523146,0.9999962554776264,0,0,0.3667955371959185,3.525122940238266e-06,ODAM;PLAUR;CDCA8;TNF;RASGRP1;MT3;MMP9;AURKB;FGF5;CCNA2;INCENP;BIRC5;CDK2AP1;ROS1;FGF21,Basal,Activated
GO_Biological_Process_2023,Positive Regulation Of Intracellular Protein Transport (GO:0090316),5/126,0.9999905273184828,0.9999962554776264,0,0,0.2188106189315622,2.072733122878702e-06,CEMIP;IFNG;ZIC1;GZMB;ECT2,Basal,Activated
GO_Biological_Process_2023,Protein-Containing Complex Organization (GO:0043933),5/126,0.9999905273184828,0.9999962554776264,0,0,0.2188106189315622,2.072733122878702e-06,VIL1;NFE4;FANCA;SLC2A1;OTX2,Basal,Activated
GO_Biological_Process_2023,Positive Regulation Of Protein Phosphorylation (GO:0001934),31/377,0.9999906614225784,0.9999962554776264,0,0,0.471928117667258,4.4071578426331775e-06,OPRD1;CEMIP;CD80;CDCA8;TTK;TNF;RASGRP1;LRP8;AURKB;FGF5;LEFTY2;FGF21;RIPK2;ODAM;PLK1;OSM;PLAUR;GDF5;MT3;MMP9;AGT;INHBE;CCNA2;CENPE;ADCYAP1;INCENP;CLEC6A;BIRC5;CHI3L1;CDK2AP1;PFN2,Basal,Activated
GO_Biological_Process_2023,rRNA Processing (GO:0006364),3/101,0.9999908596102086,0.9999962554776264,0,0,0.162218733647305,1.4827492334644387e-06,EXOSC4;IGF2BP3;DCAF13,Basal,Activated
GO_Biological_Process_2023,Mitochondrial ATP Synthesis Coupled Electron Transport (GO:0042775),1/70,0.9999909859727636,0.9999962554776264,0,0,0.0768835765603436,6.930337766648522e-07,COX6A2,Basal,Activated
GO_Biological_Process_2023,Regulation Of Transcription By RNA Polymerase II (GO:0006357),200/2028,0.999991492009975,0.9999962554776264,0,0,0.5544334731544863,4.717134525848989e-06,FOXI3;SCX;SPIB;MAGEA9;SOX2;IL4I1;MAGEA1;NKX1-2;MAGEA2;GSC2;SOX8;MAGEA3;VRTN;MAGEA4;HES6;ESX1;FOXH1;SOX14;SOX11;BHLHA15;DKK1;ISL2;HOXB9;IFI27;TFR2;RFX4;MAGEB2;MAGEB1;MAGEB4;FOXG1;GATA5;PRDM12;ALX3;ZBED2;NKX2-1;ALX1;MAGEC2;CGA;NKX2-5;NKX2-3;NKX2-2;NFE4;BCL11A;PLK1;ST18;SOX30;H1-5;SIM2;ZBTB8B;RCOR2;EZH2;MESP2;HMX3;BARHL2;SUV39H2;FOXE3;TCF24;HOXC13;HOXC11;DMBX1;ANKRD1;ZNF367;FEZF1;ZNF124;TEAD4;FOXD3;BATF2;FOXD1;ACTL6B;RIPK2;EN2;EN1;PAX6;POU5F1;PAX1;MMP12;NR5A1;RIPPLY3;GAL;RIPPLY2;PAX7;VGLL1;HMX2;MDFI;ASCL5;FOXC1;HOXD13;GBX2;EPCAM;CDX2;DMRT1;IFNB1;ATAD2;OSM;PASD1;GRHL3;POU4F1;WT1;HDGF;FOXA2;OTP;TNF;HOXA11;FOXQ1;SALL4;MAGEB10;PITX1;HMGB1P1;SSX1;LMO1;ZNF560;TBR1;POU3F2;POU3F4;SAP30;ADCYAP1;MYCN;ZFP42;MAGEA12;DLX4;DLX5;DLX6;HOXB13;SCRT2;STRA8;OTX2;OTX1;MAGEA11;MAGEA10;MIR9-1HG;TFAP2D;HELT;CBX2;HMGA1;HMGA2;PHOX2B;CXCL10;LHX3;TLX3;GDNF;LHX2;TLX2;TLX1;NFE2L3;SP8;LHX5;MELTF;LHX9;LHX8;ONECUT2;HMGB3;NR2E1;FOXM1;ZIC2;ZIC3;SIX2;ZIC1;SIX3;DMRTB1;DNMT3B;MYBL2;MYBL1;NKX3-2;OLIG3;CKAP2;OLIG1;FOXL2;OLIG2;FOXL1;ETV7;CCNA2;DMRTA2;IFNG;MYOD1;DUX4L9;MCM2;UHRF1;LIN9;BARX1;TBXT;AURKB;ATOH7;TBX20;E2F1;BEND3;E2F2;E2F3;E2F5;E2F7;E2F8;H2AZ1;PDX1;FOXJ1;ZIC4;ZIC5;EPOP;KLF1;POMC;TNIP3;CDK2AP1,Basal,Activated
GO_Biological_Process_2023,Regulation Of DNA-templated Transcription (GO:0006355),175/1922,0.999991586661112,0.9999962554776264,0,0,0.5060902146278214,4.257926395285405e-06,FOXI3;CD80;SCX;TNF;HOXA11;SPIB;FOXQ1;SOX2;SALL4;CHEK2;NKX1-2;ZNF724;MAEL;ZNF723;GSC2;SOX8;PITX1;VRTN;HMGB1P1;KCNH2;HES6;ESX1;FOXH1;SOX14;TBR1;POU3F2;ILF2;POU3F4;SAP30;MYCN;HOXB9;ZNF716;RFX4;ZFP42;ZNF679;BLM;CALCA;CRABP2;DLX4;DLX5;DLX6;FOXG1;HOXB13;MRPL12;SCRT2;STRA8;ALX3;NKX2-1;ALX1;OTX2;OTX1;NKX2-5;NKX2-3;NKX2-2;TFAP2D;NFE4;HELT;BCL11A;IL31RA;HMGA1;ELOA2;HMGA2;MT3;PHOX2B;SOX30;MLLT11;LHX3;TLX3;LHX2;TLX2;TLX1;NFE2L3;SP8;LHX5;MELTF;SIM2;ZBTB8B;RCOR2;LHX9;LHX8;EZH2;MESP2;HMX3;BARHL2;SUV39H2;FOXE3;PRR7;ZNF492;ONECUT2;TCF24;HMGB3;HOXC13;FOXM1;BRCA2;HOXC11;ELAVL2;DMBX1;ZIC2;ZIC3;ZNF280A;ZNF280B;H1-9P;SIX2;ZIC1;SIX3;DMRTB1;ANKRD1;MYBL1;ZNF367;FEZF1;NKX3-2;TEAD4;FOXD3;BATF2;FOXD1;ACTL6B;EN2;EN1;FOXL2;PAX6;FOXL1;POU5F1;PAX1;ETV7;NR5A1;DMRTA2;PSRC1;IFNG;PAX7;MYOD1;DEPDC1;BIRC5;DUX4L9;VGLL1;HMX2;MCM2;ASCL5;FOXC1;HOXD13;LIN9;BARX1;TBXT;CIART;ATOH7;IFNL1;GBX2;TBX20;SPP1;E2F1;E2F2;E2F3;PRAME;E2F5;E2F7;E2F8;CDX2;DMRT1;CDKN2A;ATAD2;PDX1;PASD1;ZIC4;GRHL3;ZIC5;EPOP;POU4F1;AGT;KLF1;CENPF;WT1;TNIP3;CDK2AP1;ZNF730;ZNF695;FOXA2,Basal,Activated
GO_Biological_Process_2023,Positive Regulation Of DNA-templated Transcription (GO:0045893),104/1243,0.9999923558384816,0.9999962554776264,0,0,0.468753068420832,3.583237862714483e-06,CD80;SCX;TNF;HOXA11;SPIB;SOX2;IL4I1;CHEK2;SOX8;KCNH2;LMO1;FOXH1;SOX14;SOX11;BHLHA15;POU3F2;ILF2;ADCYAP1;ISL2;MYCN;TFR2;RFX4;BLM;DLX5;GATA5;MRPL12;TERT;NKX2-1;ALX1;OTX2;OTX1;CGA;NKX2-5;MIR9-1HG;NFE4;ALYREF;IL31RA;HMGA1;HMGA2;MT3;PHOX2B;ST18;SOX30;MLLT11;CXCL10;LHX3;GDNF;LHX2;TLX2;MELTF;ONECUT2;HOXC13;FOXM1;BRCA2;HOXC11;ZIC2;ZIC3;ZIC1;MYBL2;MYBL1;FOXD3;OLIG3;RIPK2;CKAP2;FOXL2;OLIG1;PAX6;OLIG2;POU5F1;MMP12;NR5A1;CCNA2;GAL;PSRC1;MYOD1;DUX4L9;FOXC1;UHRF1;HOXD13;TBXT;ATOH7;IFNL1;EPCAM;SPP1;E2F1;E2F2;E2F3;E2F7;E2F8;H2AZ1;CDX2;DMRT1;IFNB1;ATAD2;OSM;PDX1;FOXJ1;GRHL3;POU4F1;AGT;KLF1;POMC;WT1;FOXA2,Basal,Activated
GO_Biological_Process_2023,Regulation Of Gene Expression (GO:0010468),86/1127,0.9999925274309112,0.9999962554776264,0,0,0.4242638305420541,3.1703526309285794e-06,TRIM71;MYLK2;CXCL8;ZNF492;SCX;BRCA2;TNF;ELAVL2;TPRXL;FGF5;SOX2;ZNF280A;ZNF280B;LAMP3;CHEK2;H1-9P;ZNF724;DNMT3B;ZNF723;SH3GL2;TCF19;HES6;FOXD1;SOX11;PAX6;MMP8;UPK3B;DKK1;POU5F1;SAP30;NR5A1;SLC7A5;IL1A;ACTA1;MYCN;IFNG;ZNF716;MYOD1;ESRP1;ZNF679;DUX4L9;VGLL1;MCM2;OPRD1;FOXC1;CRABP2;DLX4;GATA5;ILDR2;HOXD13;AURKA;WNT6;SCRT2;TERT;CLEC7A;E2F1;IGF2BP1;H3C1;NKX2-1;IGF2BP3;IGF2BP2;TRIM43;NTSR1;FGF21;NFE4;MOG;ODAM;CAVIN4;HMGA1;IL36G;HMGA2;EZHIP;MT3;POU4F1;PHOX2B;ST18;KLF1;TRIML2;GDNF;WT1;ADM2;SLC26A9;TRIML1;ZNF730;EZH2;ZNF695,Basal,Activated
GO_Biological_Process_2023,Positive Regulation Of I-kappaB kinase/NF-kappaB Signaling (GO:0043123),9/175,0.999992575728373,0.9999962554776264,0,0,0.2866804993523093,2.1284017982911182e-06,CLEC7A;RIPK2;UBD;CLEC6A;SECTM1;ECT2;TNF;GAPDH;INAVA,Basal,Activated
GO_Biological_Process_2023,ERAD Pathway (GO:0036503),2/89,0.99999259461993,0.9999962554776264,0,0,0.1218609049905427,9.024296585427394e-07,BRSK2;NCCRP1,Basal,Activated
GO_Biological_Process_2023,Cellular Response To Chemical Stress (GO:0062197),2/89,0.99999259461993,0.9999962554776264,0,0,0.1218609049905427,9.024296585427394e-07,PYCR1;MT3,Basal,Activated
GO_Biological_Process_2023,Regulation Of Vesicle-Mediated Transport (GO:0060627),2/89,0.99999259461993,0.9999962554776264,0,0,0.1218609049905427,9.024296585427394e-07,RIMS2;STXBP5L,Basal,Activated
GO_Biological_Process_2023,Positive Regulation Of Signal Transduction (GO:0009967),18/266,0.9999926487213154,0.9999962554776264,0,0,0.3829875646392514,2.8154586690090127e-06,TEDC2;IFNB1;CD80;KLK14;CTSV;ERFE;MT3;KLK6;GRIN2D;RIMS2;GHRHR;DEPDC1B;ESM1;TERT;CLEC6A;RSPO2;RSPO4;ATP6V1C2,Basal,Activated
GO_Biological_Process_2023,Negative Regulation Of DNA-templated Transcription (GO:0045892),90/1025,0.9999926927268128,0.9999962554776264,0,0,0.4982975434491978,3.6412095821702314e-06,SUV39H2;OTP;NR2E1;FOXM1;TNF;DMBX1;MAGEA9;SOX2;ZIC2;SIX3;MAEL;DNMT3B;MAGEA1;MAGEA2;SOX8;MAGEB10;ZNF124;MAGEA3;SSX1;MAGEA4;FOXD3;ZNF560;FOXD1;ESX1;SOX14;EN1;TBR1;FOXL2;SOX11;PAX6;DKK1;POU5F1;SAP30;ETV7;RIPPLY3;RIPPLY2;IFI27;IFNG;DEPDC1;MAGEB2;BIRC5;MAGEB1;MDFI;MAGEB4;FOXC1;CALCA;MAGEA12;DLX4;UHRF1;FOXG1;GATA5;PRDM12;HOXB13;TBXT;AURKB;CIART;SCRT2;IFNL1;TBX20;BEND3;E2F1;ZBED2;NKX2-1;PRAME;ALX1;MAGEC2;MAGEA11;NKX2-5;MAGEA10;E2F7;E2F8;CDX2;DMRT1;CDKN2A;BCL11A;CBX2;PLK1;HMGA1;PASD1;FOXJ1;HMGA2;POU4F1;SOX30;H1-5;CENPF;WT1;HDGF;RCOR2;LHX9;EZH2,Basal,Activated
GO_Biological_Process_2023,Regulation Of Canonical Wnt Signaling Pathway (GO:0060828),12/207,0.99999273401261,0.9999962554776264,0,0,0.3251379731379731,2.362456995590365e-06,SOX2;AMER2;SCEL;DRAXIN;MDK;MRPS12;FZD9;CCNYL2;NKX2-5;DKK1;LGR5;TLE7,Basal,Activated
GO_Biological_Process_2023,Positive Regulation Of Kinase Activity (GO:0033674),3/104,0.9999928218353464,0.9999962554776264,0,0,0.1573721474711573,1.1296472408174277e-06,CCNA2;CENPE;ROS1,Basal,Activated
GO_Biological_Process_2023,Positive Regulation Of Transcription By RNA Polymerase II (GO:0045944),81/938,0.9999928464438256,0.9999962554776264,0,0,0.4902486993531703,3.5070341542124342e-06,ONECUT2;SCX;FOXM1;HOXC11;TNF;SPIB;SOX2;IL4I1;ZIC3;MYBL2;SOX8;MYBL1;LMO1;FOXD3;OLIG3;RIPK2;FOXH1;CKAP2;SOX14;OLIG1;SOX11;PAX6;BHLHA15;OLIG2;POU3F2;POU5F1;MMP12;NR5A1;CCNA2;ADCYAP1;ISL2;GAL;MYCN;TFR2;RFX4;MYOD1;DUX4L9;FOXC1;DLX5;UHRF1;GATA5;HOXD13;TBXT;ATOH7;EPCAM;E2F1;NKX2-1;E2F2;E2F3;ALX1;OTX2;OTX1;CGA;NKX2-5;E2F7;E2F8;H2AZ1;MIR9-1HG;NFE4;CDX2;DMRT1;IFNB1;ATAD2;OSM;HMGA1;PDX1;FOXJ1;HMGA2;GRHL3;POU4F1;PHOX2B;ST18;SOX30;POMC;CXCL10;LHX3;GDNF;WT1;TLX2;MELTF;FOXA2,Basal,Activated
GO_Biological_Process_2023,Regulation Of Intracellular Signal Transduction (GO:1902531),21/297,0.9999931384696132,0.9999962554776264,0,0,0.4011945794056171,2.752818241878521e-06,ARHGAP11A;ARHGAP11B;DOCK3;GDF5;TNF;FGD1;AURKB;AURKA;RASD2;BOP1;RACGAP1;CLEC7A;CHEK2;CLEC6A;CHEK1;PLEKHG4B;CD24;ECT2;FAM83D;ROS1;GBP1,Basal,Activated
GO_Biological_Process_2023,Regulation Of Phosphatidylinositol 3-Kinase Signaling (GO:0014066),2/90,0.9999931534985406,0.9999962554776264,0,0,0.1204689298043728,8.247935272003961e-07,OSM;TNF,Basal,Activated
GO_Biological_Process_2023,Regulation Of Cell Population Proliferation (GO:0042127),70/766,0.999993180365354,0.9999962554776264,0,0,0.5250572482193573,3.5807108107287472e-06,TRIM71;IL21;CXCL9;CXCL8;REG1A;RTKN2;KIF14;SCX;CXCL1;FOXM1;CXCL5;FGF5;ESM1;SIX3;FBXO5;KRT6A;SERPINB3;EDN2;ACTL6B;AVPR1B;NCCRP1;POU3F2;CDC25B;IL1A;SAPCD2;CCKBR;IFNG;BIRC5;UHRF1;CDCA7;PLG;TTK;FUT3;GHRHR;IFNL1;FTMT;EPCAM;CLEC7A;PRAME;CGA;NKX2-5;S100A11;E2F7;IL12RB2;FGF21;TFAP2D;CDKN2A;TNFRSF9;IL31RA;OSM;HMGA1;CDC7;CDC6;MAPK15;SHCBP1;ST18;AGT;SLURP1;SQLE;CXCL10;CXCL11;GDNF;FABP6;WT1;PRC1;FABP7;MELTF;CRLF1;EZH2;CDKN3,Basal,Activated
GO_Biological_Process_2023,Negative Regulation Of Transcription By RNA Polymerase II (GO:0000122),70/763,0.9999931832948018,0.9999962554776264,0,0,0.5274282279456923,3.5953349972971785e-06,SUV39H2;OTP;NR2E1;FOXM1;TNF;MAGEA9;SOX2;DNMT3B;MAGEA1;MAGEA2;SOX8;MAGEB10;ZNF124;MAGEA3;SSX1;MAGEA4;FOXD3;ZNF560;ESX1;SOX14;EN1;SOX11;PAX6;DKK1;POU5F1;SAP30;ETV7;RIPPLY3;RIPPLY2;IFI27;IFNG;MAGEB2;MAGEB1;MDFI;MAGEB4;FOXC1;MAGEA12;DLX4;UHRF1;GATA5;PRDM12;HOXB13;TBXT;AURKB;SCRT2;TBX20;NKX2-1;BEND3;E2F1;ZBED2;ALX1;MAGEC2;NKX2-5;MAGEA11;MAGEA10;E2F7;E2F8;CDX2;DMRT1;BCL11A;CBX2;PLK1;FOXJ1;HMGA2;POU4F1;SOX30;H1-5;WT1;HDGF;EZH2,Basal,Activated
GO_Biological_Process_2023,Ubiquitin-Dependent ERAD Pathway (GO:0030433),1/73,0.999993253163562,0.9999962554776264,0,0,0.0736669127210095,4.970202876703314e-07,NCCRP1,Basal,Activated
GO_Biological_Process_2023,Positive Regulation Of Stress-Activated MAPK Cascade (GO:0032874),3/105,0.9999932962374491,0.9999962554776264,0,0,0.1558199728134368,1.0445835997284075e-06,MMP8;RASGRP1;INAVA,Basal,Activated
GO_Biological_Process_2023,Protein Modification Process (GO:0036211),45/711,0.9999933200695468,0.9999962554776264,0,0,0.3505623043640368,2.341739634011331e-06,SPRR2E;CHRM3;BRSK2;CCL11;MAST1;CDCA8;PPM1E;PRKAG3;AURKB;AURKA;GRK1;FUT5;CHEK2;CHEK1;MAP3K21;NEK2;PI3;ROS1;EPHB3;PLK4;EPHA7;EPHA8;KRT2;PLK1;APOA2;PPP4R3C;HS3ST6;HASPIN;CDC25B;SRPK1;CCNA2;MELK;INCENP;CCNE1;UBE2S;ADM2;QPCT;MYOD1;CDK1;BIRC5;F13B;CHST4;SPRR1A;IVL;SPRR1B,Basal,Activated
GO_Biological_Process_2023,Regulation Of Apoptotic Process (GO:0042981),47/705,0.9999933343134492,0.9999962554776264,0,0,0.3710158220591607,2.473083417695781e-06,HRK;TOP2A;FOXE3;PRR7;BCL2A1;KIF14;SCX;PCSK9;TNF;LRP8;UBD;CLEC5A;E2F1;IGF2BP1;ANKRD1;PRAME;SOX8;NKX2-5;SKP2;ECT2;NTSR1;MAGEA4;STIL;ACTN2;PLK1;FZD9;IL31RA;PLAUR;HMGA2;FOXL2;PNMA3;DKK1;POU4F1;MT3;MMP9;AGT;MLLT11;CXCL10;MELK;GDNF;PAX7;WT1;CDK1;ANP32E;BIRC5;MCM2;MAD2L1,Basal,Activated
GO_Biological_Process_2023,DNA-templated Transcription (GO:0006351),11/199,0.9999933710911498,0.9999962554776264,0,0,0.3091723667596238,2.0494822311639268e-06,ETV7;FOXE3;NKX2-1;NFE2L3;E2F1;SCX;ELOA2;TRIP13;MRPL12;NKX3-2;PAX1,Basal,Activated
GO_Biological_Process_2023,Positive Regulation Of Cellular Process (GO:0048522),51/594,0.9999935720752252,0.9999962554776264,0,0,0.4919542311988648,3.16225495410963e-06,IL21;REG1A;RTKN2;KIF14;SCX;FOXM1;TNF;CXCL5;FGF5;ESM1;IBSP;MDK;CHEK1;FBXO5;PRSS2;MAGEA4;KRT6A;SERPINB3;EDN2;ACTL6B;NCCRP1;POU3F2;CDC25B;SAPCD2;CCKBR;IFNG;BIRC5;ADAM8;LILRP2;S100A9;S100A8;TTK;GHRHR;EXOSC4;FTMT;EPCAM;CLEC7A;PRAME;CGA;NKX2-5;IL12RB2;FGF21;SPAG5;IL31RA;OSM;CDC7;MAPK15;GDNF;PRC1;CRLF1;EZH2,Basal,Activated
GO_Biological_Process_2023,Lymphocyte Differentiation (GO:0030098),2/91,0.9999936269236094,0.9999962554776264,0,0,0.1191082349594652,7.590882990150168e-07,IFNB1;LY6D,Basal,Activated
GO_Biological_Process_2023,Protein Phosphorylation (GO:0006468),42/500,0.9999936535486106,0.9999962554776264,0,0,0.4814410480349345,3.0554519038720724e-06,MYLK2;BRSK2;CCL11;PNCK;MAST1;CDCA8;TTK;PRKX;PRKAG3;AURKB;AURKA;GRK1;STK33;CAMKV;CHEK2;CHEK1;PBK;MAP3K21;NEK2;CLSPN;ROS1;EPHB3;PLK4;EPHA7;EPHA8;PLK1;CDC7;HASPIN;MASTL;MAPK15;CDC25B;SRPK1;MELK;SBK1;MYO3B;INCENP;CCNE1;ADM2;MYOD1;MYO3A;CDK1;BIRC5,Basal,Activated
GO_Biological_Process_2023,Response To Calcium Ion (GO:0051592),3/106,0.9999937013544612,0.9999962554776264,0,0,0.1542979374694585,9.718710762277046e-07,CPNE7;SYT13;ECT2,Basal,Activated
GO_Biological_Process_2023,Positive Regulation Of Cell Migration (GO:0030335),18/272,0.9999937041622692,0.9999962554776264,0,0,0.3738053735649456,2.353425383231381e-06,SERPINB3;SEMA5B;CARMIL2;CEMIP;CCL11;MMP7;ARHGEF39;VIL1;CCNA2;FERMT1;IFNG;CCL7;TMSB15A;CLEC7A;MDK;FBXO5;CGA;S100A11,Basal,Activated
GO_Biological_Process_2023,Positive Regulation Of Nucleic Acid-Templated Transcription (GO:1903508),44/557,0.999993721648296,0.9999962554776264,0,0,0.4490682911397944,2.8194175215330653e-06,BLM;FOXC1;DLX5;CD80;SCX;HOXC13;MRPL12;FOXM1;BRCA2;TNF;HOXA11;SOX2;IFNL1;ZIC2;ZIC3;CHEK2;ZIC1;NKX2-1;SPP1;E2F1;ALX1;SOX8;OTX2;NKX2-5;MYBL1;KCNH2;ATAD2;FOXH1;IL31RA;HMGA1;HMGA2;PAX6;FOXL2;ILF2;MT3;AGT;KLF1;MLLT11;MYCN;PSRC1;LHX3;WT1;LHX2;FOXA2,Basal,Activated
GO_Biological_Process_2023,Negative Regulation Of Cellular Process (GO:0048523),32/537,0.9999937879605376,0.9999962554776264,0,0,0.3306589061462057,2.0540725535284827e-06,ADAMDEC1;BLM;CXCL8;PLG;CXCL1;IFNL1;MDK;GNG4;TP53BP2;PRAME;MYBL1;S100A11;E2F7;CDT1;ACTL6B;CDKN2A;OSM;HMGA1;CDC6;MT3;ST18;SLURP1;TEX19;IL1A;PSRC1;FABP6;WT1;FABP7;APOBEC3A;CDKN3;APOBEC3B;ZP4,Basal,Activated
GO_Biological_Process_2023,Positive Regulation Of Intracellular Signal Transduction (GO:1902533),29/525,0.9999938250366344,0.9999962554776264,0,0,0.3049728179730857,1.8832017928891417e-06,RTKN2;SECTM1;TNF;INAVA;SOX2;RASD2;HTR6;CLEC7A;UBD;ECT2;KIAA0319;GPR37;AVPR1B;RIPK2;EPHA8;OSM;SOX11;GPR37L1;MMP8;AGT;POMC;P2RX2;CLEC6A;CHI3L1;ADAM8;LILRP2;S100A9;GAPDH;S100A8,Basal,Activated
GO_Biological_Process_2023,Negative Regulation Of Cell Motility (GO:2000146),5/133,0.9999938961822818,0.9999962554776264,0,0,0.2067578001267025,1.2620157753402289e-06,KRT16;NKX2-1;MAPK15;SLURP1;SAP30,Basal,Activated
GO_Biological_Process_2023,Positive Regulation Of Gene Expression (GO:0010628),37/480,0.9999939430313464,0.9999962554776264,0,0,0.4381869074492099,2.654092400689306e-06,IL21;MYLK2;CXCL8;ELAVL4;SCX;GATA5;TNF;FGF5;WNT6;CLEC7A;LAMP3;NKX2-1;DNMT3B;E2F1;NTSR1;FGF21;FOXD1;ODAM;IL36G;HMGA2;SOX11;PAX6;MMP8;DKK1;POU4F1;MT3;AGT;NR5A1;IL1A;MYCN;IFNG;TFR2;WT1;ADM2;CLEC6A;SLC26A9;GAPDH,Basal,Activated
GO_Biological_Process_2023,Negative Regulation Of Apoptotic Process (GO:0043066),35/482,0.9999939606655556,0.9999962554776264,0,0,0.4104290480043555,2.478725771541749e-06,FOXE3;BCL2A1;KIF14;SCX;TNF;FOXQ1;MDK;LAMP3;CLEC5A;SFN;PRAME;SOX8;NKX2-5;MAGEA3;NTSR1;MAGEA4;STIL;PLK1;FZD9;IL31RA;PLAUR;HMGA2;DKK1;POU4F1;MT3;MMP9;POU3F4;GDNF;PAX7;WT1;CDK1;BIRC5;ADAM8;CRLF1;MAD2L1,Basal,Activated
GO_Biological_Process_2023,Negative Regulation Of Nucleic Acid-Templated Transcription (GO:1903507),35/456,0.9999940013890152,0.9999962554776264,0,0,0.4364674541784944,2.6182063179138534e-06,SUV39H2;CALCA;FOXG1;FOXM1;TNF;CIART;DMBX1;IFNL1;ZIC2;SIX3;TBX20;NKX2-1;MAEL;E2F1;ALX1;PRAME;SOX8;NKX2-5;FOXD1;CDKN2A;ESX1;HMGA1;SOX14;PASD1;HMGA2;TBR1;FOXL2;CENPF;IFNG;WT1;DEPDC1;BIRC5;RCOR2;LHX9;EZH2,Basal,Activated
GO_Biological_Process_2023,Positive Regulation Of Autophagy (GO:0010508),3/107,0.9999940469846988,0.9999962554776264,0,0,0.1528051720359412,9.096542348375964e-07,IFNG;RUFY4;IFNB1,Basal,Activated
GO_Biological_Process_2023,Regulation Of Cellular Response To Stress (GO:0080135),3/107,0.9999940469846988,0.9999962554776264,0,0,0.1528051720359412,9.096542348375964e-07,DEPDC1B;RAD51;BRCA2,Basal,Activated
GO_Biological_Process_2023,Regulation Of Nucleic Acid-Templated Transcription (GO:1903506),31/452,0.9999940665969776,0.9999962554776264,0,0,0.386091578278968,2.290843733763941e-06,FOXC1;CRABP2;ZNF492;DLX4;HOXD13;BRCA2;ELAVL2;SOX2;SCRT2;ZNF280A;ZNF280B;CHEK2;H1-9P;NKX2-1;E2F1;ZNF724;ZNF723;HES6;NFE4;HMGA1;HMGA2;POU5F1;SAP30;KLF1;WT1;ZNF716;ZNF679;ZNF730;VGLL1;EZH2;ZNF695,Basal,Activated
GO_Biological_Process_2023,Regulation Of Cold-Induced Thermogenesis (GO:0120161),6/146,0.9999940728361164,0.9999962554776264,0,0,0.2267517653449212,1.3439988571222056e-06,ADCYAP1;MFAP2;LCN2;TRPM8;PHOX2B;FGF21,Basal,Activated
GO_Biological_Process_2023,Protein Ubiquitination (GO:0016567),26/434,0.9999941338802888,0.9999962554776264,0,0,0.3338679221688675,1.9585149435844354e-06,TRIM71;UHRF1;CCNF;BRCA2;FBXL21P;TNFSF13B;UBD;PRAME;MKRN4P;TRIM43;UBE2C;PLK1;FANCA;ISG15;FANCB;TRAIP;DEPDC1B;RAD51;TRIML2;UBE2S;UBE2T;RNF182;MKRN3;TRIM15;TRIML1;TRIM10,Basal,Activated
GO_Biological_Process_2023,Regulation Of Cell Migration (GO:0030334),25/434,0.9999941339292212,0.9999962554776264,0,0,0.3201203710270897,1.877854261996697e-06,SEMA5B;CEMIP;CCL11;SERPINE2;KIF14;PRKX;FUT3;FGF5;CCL7;CLEC7A;MDK;NKX2-1;CGA;FGF21;SERPINB3;CARMIL2;MMP7;ARHGEF39;MAPK15;SLURP1;SAP30;VIL1;CCNA2;TMSB15A;KRT16,Basal,Activated
GO_Biological_Process_2023,Phosphorylation (GO:0016310),29/429,0.9999941494071376,0.9999962554776264,0,0,0.3803878072135334,2.2255007001252263e-06,BRSK2;CCL11;MAST1;CDCA8;PRKAG3;AURKB;AURKA;GRK1;CHEK2;CHEK1;MAP3K21;NEK2;ROS1;EPHB3;PLK4;EPHA7;EPHA8;PLK1;HASPIN;CDC25B;SRPK1;MELK;INCENP;CCNE1;ADM2;MYOD1;CDK1;POMK;BIRC5,Basal,Activated
GO_Biological_Process_2023,Positive Regulation Of DNA-binding Transcription Factor Activity (GO:0051091),15/246,0.9999941744778724,0.9999962554776264,0,0,0.3426681358044561,1.9962266220816733e-06,OPRD1;RIPK2;RTKN2;TNF;LRP8;AGT;AIM2;ZIC2;CLEC7A;TRIM15;ADAM8;RHEBL1;S100A9;NTSR1;S100A8,Basal,Activated
GO_Biological_Process_2023,Organelle Organization (GO:0006996),18/418,0.9999941940718045,0.9999962554776264,0,0,0.2352767175572519,1.366003693684636e-06,ROPN1B;CCL11;CENPW;MAST1;PLAAT1;CDCA8;MAPK15;FGD1;KISS1;DIAPH3;TERT;CCL7;MDK;KRT16;KIF4A;MTFR2;CEP55;ROPN1,Basal,Activated
GO_Biological_Process_2023,Negative Regulation Of Signal Transduction (GO:0009968),17/267,0.9999941942542347,0.9999962554776264,0,0,0.3586594594594595,2.0822916825584955e-06,CXCL8;AHSG;KLK14;DKK1;TNF;AGT;SOX30;UBASH3B;GRB14;MAGEA1;PRAME;IL36RN;CHAC1;NOTUM;SMPDL3B;MDFI;EZH2,Basal,Activated
GO_Biological_Process_2023,Vesicle-Mediated Transport (GO:0016192),9/411,0.9999942210320087,0.9999962554776264,0,0,0.1167047729951574,6.744350963369367e-07,CHMP4BP1;ARL14;BECN2;DNER;ENTHD1;CHML;KIF1A;PRSS12;LRP8,Basal,Activated
GO_Biological_Process_2023,Cellular Response To Oxygen-Containing Compound (GO:1901701),28/406,0.9999942267991292,0.9999962554776264,0,0,0.3890425205039117,2.2460271014998648e-06,HCN4;CXCL9;CXCL8;CPNE7;CD80;CXCL1;PPM1E;CXCL5;STRA8;WNT6;GLRA2;NLRP7;ANKRD1;IL36RN;ECT2;H2AZ1;ACOD1;IL36G;SYT13;POU4F1;MT3;MMP9;CXCL10;IL1A;CXCL11;WT1;MYOD1;TNIP3,Basal,Activated
GO_Biological_Process_2023,Negative Regulation Of Programmed Cell Death (GO:0043069),26/381,0.9999943137446962,0.9999962554776264,0,0,0.3849507760850819,2.188934615656927e-06,FOXE3;BCL2A1;KIF14;SCX;SLC7A11;CLEC5A;SOX8;PRAME;NKX2-5;NTSR1;MAGEA4;STIL;PLK1;IL31RA;PLAUR;HMGA2;DKK1;POU4F1;MT3;MMP9;GDNF;PAX7;WT1;CDK1;BIRC5;MAD2L1,Basal,Activated
GO_Biological_Process_2023,Positive Regulation Of Translation (GO:0045727),3/108,0.9999943415992208,0.9999962554776264,0,0,0.1513408402297291,8.563495510769254e-07,DAZL;BOLL;IGF2BP1,Basal,Activated
GO_Biological_Process_2023,Negative Regulation Of Cell Population Proliferation (GO:0008285),23/379,0.9999943482828156,0.9999962554776264,0,0,0.3392317026463018,1.9172470611632978e-06,CXCL8;CDKN2A;OSM;HMGA1;SOX11;CXCL1;PLG;CDC6;GDF5;ST18;SLURP1;SOX2;IL1A;IFNL1;IFNG;FABP6;WT1;FABP7;E2F1;E2F3;S100A11;E2F7;CDKN3,Basal,Activated
GO_Biological_Process_2023,Regulation Of Endothelial Cell Proliferation (GO:0001936),2/93,0.999994366524158,0.9999962554776264,0,0,0.1164765614132702,6.561697431581004e-07,CCL11;VASH2,Basal,Activated
GO_Biological_Process_2023,Regulation Of Cell Growth (GO:0001558),13/227,0.999994373218297,0.9999962554776264,0,0,0.3206951917683406,1.8044869140191864e-06,CDKN2A;KIF14;MT3;AGT;EXOSC4;PSRC1;WT1;GNG4;MELTF;PRSS2;ROS1;S100A9;S100A8,Basal,Activated
GO_Biological_Process_2023,Ubiquitin-Dependent Protein Catabolic Process (GO:0006511),11/367,0.999994400460656,0.9999962554776264,0,0,0.161623383338266,9.050190277751056e-07,TRIM71;UCHL1;IFI27;UBE2C;UBE2S;UHRF1;UBD;KIF14;PRAME;SKP2;TNFSF13B,Basal,Activated
GO_Biological_Process_2023,Protein Modification By Small Protein Conjugation (GO:0032446),17/364,0.999994413389084,0.9999962554776264,0,0,0.2568891658228834,1.4351438268120814e-06,BCL11A;UBE2C;CCNF;PLK1;ISG15;FBXL21P;TRAIP;IFIH1;TRIML2;UBD;RNF182;MKRN3;TRIM15;MKRN4P;TRIML1;TRIM10;TRIM43,Basal,Activated
GO_Biological_Process_2023,Protein Localization (GO:0008104),6/351,0.9999944703199202,0.9999962554776264,0,0,0.0908855458202457,5.025693817919111e-07,RTP4;VANGL2;RTP3;ARL14;ATG9B;FOXJ1,Basal,Activated
GO_Biological_Process_2023,Protein-Containing Complex Assembly (GO:0065003),16/328,0.9999945757271652,0.9999962554776264,0,0,0.2693856260289827,1.4612250963963234e-06,BLM;NFE4;CENPW;FANCA;SLC2A1;CENPA;TSPAN33;ADD2;VIL1;ANLN;CENPE;CENPF;AIM2;OTX2;GBP1;DLGAP5,Basal,Activated
GO_Biological_Process_2023,Positive Regulation Of Protein Metabolic Process (GO:0051247),10/196,0.9999945776520724,0.9999962554776264,0,0,0.2840319851536488,1.5401244216371374e-06,SLC6A9;TFR2;UHRF1;CD80;PLK1;PAEP;TNF;RASGRP1;AGT;TNFSF13B,Basal,Activated
GO_Biological_Process_2023,Sensory Perception Of Smell (GO:0007608),13/230,0.9999945857602444,0.9999962554776264,0,0,0.3162045444900217,1.712011850282663e-06,OR2B2;OR8G3P;OR2H2;OR2J3;OR2W6P;OR2S2;OR2I1P;OR8A1;GFY;OR8G5;OR2B6;OR8D1;CNGB1,Basal,Activated
GO_Biological_Process_2023,Intracellular Protein Transport (GO:0006886),8/325,0.9999945901337032,0.9999962554776264,0,0,0.1321920589547297,7.151432988635003e-07,MMP12;POM121L2;ANKLE1;ARL14;HOMER3;E2F3;KPNA2;CACNG5,Basal,Activated
GO_Biological_Process_2023,Cellular Response To Salt (GO:1902075),3/109,0.9999945924830372,0.9999962554776264,0,0,0.1499041373255209,8.106113570754463e-07,CPNE7;SYT13;ECT2,Basal,Activated
GO_Biological_Process_2023,Organelle Assembly (GO:0070925),8/322,0.99999460444949,0.9999962554776264,0,0,0.1334792741196095,7.201961084707422e-07,PLK4;TBC1D31;RUFY4;ATG9B;BECN2;CFAP47;POC1A;FOXJ1,Basal,Activated
GO_Biological_Process_2023,Proteasome-Mediated Ubiquitin-Dependent Protein Catabolic Process (GO:0043161),15/319,0.9999946188474124,0.9999962554776264,0,0,0.2592381215192413,1.3950036418229645e-06,TRIM71;UBE2C;CCNF;KIF14;NCCRP1;FBXL13;FBXL21P;TNFSF13B;CDC20;UCHL1;IFI27;UBE2S;PRAME;SKP2;FBXL6,Basal,Activated
GO_Biological_Process_2023,Protein Transport (GO:0015031),3/313,0.999994648194385,0.9999962554776264,0,0,0.0506326011702355,2.709765643528183e-07,CENPF;ARL14;TFR2,Basal,Activated
GO_Biological_Process_2023,Vesicle Organization (GO:0016050),2/94,0.9999946527517596,0.9999962554776264,0,0,0.1152036323610346,6.160240674504746e-07,LAPTM4B;CHMP4BP1,Basal,Activated
GO_Biological_Process_2023,Positive Regulation Of Cellular Biosynthetic Process (GO:0031328),8/174,0.99999470670175,0.9999962554776264,0,0,0.2547463156366747,1.3484517956207138e-06,CXCL8;AVPR1B;IFNG;CLEC7A;TYRP1;HTR2C;MMP8;TNF,Basal,Activated
GO_Biological_Process_2023,Protein Localization To Organelle (GO:0033365),5/137,0.9999947312264312,0.9999962554776264,0,0,0.2004444188479665,1.0560990382088837e-06,ROPN1B;GBP5;ISG15;GBP1;ROPN1,Basal,Activated
GO_Biological_Process_2023,Protein Localization To Plasma Membrane (GO:0072659),5/137,0.9999947312264312,0.9999962554776264,0,0,0.2004444188479665,1.0560990382088837e-06,DPP10;ACTN2;KCNB2;TNF;TSPAN33,Basal,Activated
GO_Biological_Process_2023,Gene Expression (GO:0010467),12/296,0.999994733892952,0.9999962554776264,0,0,0.2220523138832998,1.1693543341129018e-06,DDX39A;EXOSC4;ZAR1L;ALYREF;MRPS12;H3C1;ADAD1;ELAVL4;GZMB;IGF2BP3;MRPL12;TSPAN33,Basal,Activated
GO_Biological_Process_2023,Enzyme-Linked Receptor Protein Signaling Pathway (GO:0007167),4/124,0.999994782548283,0.9999962554776264,0,0,0.1764618957145872,9.20683822594746e-07,SHC4;IL31RA;ALKAL1;ROS1,Basal,Activated
GO_Biological_Process_2023,Plasma Membrane Bounded Cell Projection Assembly (GO:0120031),9/275,0.9999948459912432,0.9999962554776264,0,0,0.1778327836718342,9.165540862729148e-07,PLK4;TBC1D31;ACTN2;FSCN1;CFAP47;POC1A;FOXJ1;VSTM5;FGD1,Basal,Activated
GO_Biological_Process_2023,Cellular Component Assembly (GO:0022607),14/260,0.9999948843879902,0.9999962554776264,0,0,0.2999555789712916,1.534460287039987e-06,NFE4;FANCA;SLC2A1;FOXJ1;TEX15;ADD2;VIL1;BAIAP2L2;FSCN1;RAC3;OTX2;TLCD1;TRIP13;HORMAD1,Basal,Activated
GO_Biological_Process_2023,T Cell Receptor Signaling Pathway (GO:0050852),2/95,0.9999948941575244,0.9999962554776264,0,0,0.1139580781271267,5.818534811533257e-07,MOG;RIPK2,Basal,Activated
GO_Biological_Process_2023,Negative Regulation Of Intracellular Signal Transduction (GO:1902532),12/231,0.9999949768991588,0.9999962554776264,0,0,0.2890889323766036,1.4521265065155257e-06,AIM2;TNIP3;RTKN2;TBC1D7;NLRP2;PLAUR;TRIM15;TRIM59;HLA-G;DUSP9;MMP9;CIT,Basal,Activated
GO_Biological_Process_2023,Cilium Assembly (GO:0060271),6/243,0.9999950318099292,0.9999962554776264,0,0,0.133168086505912,6.616060086326602e-07,PLK4;VANGL2;TBC1D31;CFAP47;POC1A;FOXJ1,Basal,Activated
GO_Biological_Process_2023,Regulation Of Angiogenesis (GO:0045765),10/205,0.9999950415096228,0.9999962554776264,0,0,0.2707763894312117,1.3426454500828877e-06,IL1A;CXCL10;FOXC1;EFNA3;CXCL8;ADM2;VASH2;HMGA2;CHI3L1;HLA-G,Basal,Activated
GO_Biological_Process_2023,Regulation Of Autophagy (GO:0010506),8/241,0.9999950440313432,0.9999962554776264,0,0,0.180763714446673,8.958615230361973e-07,UCHL1;IFNG;IFNB1;LAMP3;GAPDH;MAPK15;MAGEA3;ATP6V1C2,Basal,Activated
GO_Biological_Process_2023,Transcription By RNA Polymerase II (GO:0006366),9/192,0.9999950577034424,0.9999962554776264,0,0,0.2597838124502815,1.2839318147724022e-06,ETV7;FOXE3;NFE2L3;ELOA2;E2F2;E2F3;TRIP13;NKX3-2;PAX1,Basal,Activated
GO_Biological_Process_2023,Regulation Of I-kappaB kinase/NF-kappaB Signaling (GO:0043122),11/232,0.9999950715536602,0.9999962554776264,0,0,0.2624850833822775,1.2936468362881789e-06,RIPK2;CLEC7A;UBD;CLEC6A;TNIP3;SECTM1;TRIM59;ECT2;TNF;GAPDH;INAVA,Basal,Activated
GO_Biological_Process_2023,Translation (GO:0006412),4/234,0.9999950878380496,0.9999962554776264,0,0,0.0914612991161164,4.49273816908048e-07,ZAR1L;MRPS12;IGF2BP3;MRPL12,Basal,Activated
GO_Biological_Process_2023,Regulation Of Cell Differentiation (GO:0045595),9/193,0.9999950898451576,0.9999962554776264,0,0,0.2583564307284987,1.2685731938509965e-06,ACTL6B;GDNF;MDK;SMOC1;PLEKHB1;PRAME;CD24;TNF;KLK6,Basal,Activated
GO_Biological_Process_2023,Chromatin Remodeling (GO:0006338),10/228,0.9999951147978364,0.9999962554776264,0,0,0.2418735155777022,1.1816039078275515e-06,SUV39H2;DEPDC1B;ACTL6B;H1-9P;CHEK1;H3C1;HDGF;NPM3;HDGFL1;EZHIP,Basal,Activated
GO_Biological_Process_2023,Cilium Organization (GO:0044782),8/228,0.9999951257652376,0.9999962554776264,0,0,0.1915950884879229,9.33881716587303e-07,ROPN1B;PLK4;TBC1D31;CFAP47;POC1A;FOXJ1;ROPN1;AURKA,Basal,Activated
GO_Biological_Process_2023,Protein Polyubiquitination (GO:0000209),9/226,0.999995136080309,0.9999962554776264,0,0,0.2186331209688381,1.0634165283760522e-06,TRIM71;IFI27;UBE2C;UBE2S;UBE2T;MKRN3;PRAME;SKP2;TNFSF13B,Basal,Activated
GO_Biological_Process_2023,Regulation Of Programmed Cell Death (GO:0043067),9/195,0.9999951401483024,0.9999962554776264,0,0,0.2555477118566035,1.2419269990550992e-06,CXCL10;ACTN2;ANP32E;SKP2;POU4F1;TNF;LRP8;AGT;MCM2,Basal,Activated
GO_Biological_Process_2023,Protein Deubiquitination (GO:0016579),3/112,0.9999951405645544,0.9999962554776264,0,0,0.1457521977399653,7.082751168967302e-07,DEPDC1B;UCHL1;CDK1,Basal,Activated
GO_Biological_Process_2023,Proteasomal Protein Catabolic Process (GO:0010498),8/220,0.9999951774446036,0.9999962554776264,0,0,0.1989208073605245,9.5930892614596e-07,TRIM71;UCHL1;BRSK2;IFI27;KIF14;PRAME;SKP2;TNFSF13B,Basal,Activated
GO_Biological_Process_2023,mRNA Processing (GO:0006397),4/214,0.9999952193319018,0.9999962554776264,0,0,0.1002925299315419,4.794664444143535e-07,NR5A1;DDX39A;ALYREF;SRSF12,Basal,Activated
GO_Biological_Process_2023,Regulation Of Translation (GO:0006417),9/202,0.9999952194575068,0.9999962554776264,0,0,0.2461756136519377,1.176855794859246e-06,TRIM71;ZAR1L;IGF2BP1;GZMB;MSI1;IGF2BP3;IGF2BP2;TYMS;GAPDH,Basal,Activated
GO_Biological_Process_2023,Protein Stabilization (GO:0050821),9/208,0.9999952235543088,0.9999962554776264,0,0,0.2386671702948615,1.139983499693778e-06,H1-5;CHEK2;APOA2;DSG1;CSN3;PFDN2;MT3;GAPDH;PFN2,Basal,Activated
GO_Biological_Process_2023,Phosphate-Containing Compound Metabolic Process (GO:0006796),8/184,0.9999952277245304,0.9999962554776264,0,0,0.2401279760189081,1.1459595839606454e-06,PLA2G2F;EPHA7;CYP2W1;ALPP;ALPG;PSPH;PFKP;SLC17A4,Basal,Activated
GO_Biological_Process_2023,"mRNA Splicing, Via Spliceosome (GO:0000398)",5/211,0.9999952399337048,0.9999962554776264,0,0,0.1278711816244376,6.08676750440744e-07,NR5A1;DDX39A;CELF4;SRPK1;SRSF12,Basal,Activated
GO_Biological_Process_2023,Protein Localization To Cell Periphery (GO:1990778),5/142,0.999995260283567,0.9999962554776264,0,0,0.1930711268436032,9.15104561308204e-07,DPP10;ACTN2;KCNB2;TNF;TSPAN33,Basal,Activated
GO_Biological_Process_2023,Monocarboxylic Acid Metabolic Process (GO:0032787),2/97,0.999995268510198,0.9999962554776264,0,0,0.1115456362425049,5.277782889363611e-07,LDHC;ACBD7,Basal,Activated
GO_Biological_Process_2023,Organic Substance Transport (GO:0071702),8/201,0.9999952903418629,0.9999962554776264,0,0,0.2187533882461944,1.0302561010612e-06,CENPF;SLC22A16;SLCO1B3;TAP1;ATP2B2;AQP5;RHCG;ABCA13,Basal,Activated
GO_Biological_Process_2023,Endomembrane System Organization (GO:0010256),5/196,0.999995346837339,0.9999962554776264,0,0,0.1380378018099892,6.423138395799763e-07,LAPTM4B;TLCD1;MAPK15;LMNB2;LMNB1,Basal,Activated
GO_Biological_Process_2023,Protein Targeting (GO:0006605),4/129,0.9999953646454836,0.9999962554776264,0,0,0.1693527549081697,7.850118767418739e-07,RTP4;RTP3;TOMM40;HOMER3,Basal,Activated
GO_Biological_Process_2023,Regulation Of DNA Repair (GO:0006282),4/129,0.9999953646454836,0.9999962554776264,0,0,0.1693527549081697,7.850118767418739e-07,H2AX;DEPDC1B;PCNA;ACTL6B,Basal,Activated
GO_Biological_Process_2023,Modification-Dependent Protein Catabolic Process (GO:0019941),6/192,0.9999953745455972,0.9999962554776264,0,0,0.1702031971871294,7.872689485444999e-07,UBE2C;UBE2S;UHRF1;UBD;ISG15;TNFSF13B,Basal,Activated
GO_Biological_Process_2023,Protein Localization To Membrane (GO:0072657),5/192,0.99999537645395,0.9999962554776264,0,0,0.1410243597539802,6.520341288531741e-07,DPP10;ACTN2;KCNB2;TNF;TSPAN33,Basal,Activated
GO_Biological_Process_2023,Protein Modification By Small Protein Removal (GO:0070646),3/114,0.9999953800448556,0.9999962554776264,0,0,0.1431089208866986,6.611583225288376e-07,DEPDC1B;UCHL1;CDK1,Basal,Activated
GO_Biological_Process_2023,Endocytosis (GO:0006897),6/189,0.9999953959829828,0.9999962554776264,0,0,0.1730245797751875,7.966099434996629e-07,TAFA4;TFR2;AHSG;DNER;ENTHD1;LRP8,Basal,Activated
GO_Biological_Process_2023,RNA Splicing (GO:0008380),2/98,0.9999954119787352,0.9999962554776264,0,0,0.1103771097046413,5.064136881785566e-07,WT1;SRPK1,Basal,Activated
GO_Biological_Process_2023,Mitochondrial Translation (GO:0032543),2/98,0.9999954119787352,0.9999962554776264,0,0,0.1103771097046413,5.064136881785566e-07,MRPS12;MRPL12,Basal,Activated
GO_Biological_Process_2023,RNA Processing (GO:0006396),6/183,0.9999954372723416,0.9999962554776264,0,0,0.1789542652144959,8.165214382403645e-07,LIN28B;EXOSC4;WT1;ELAVL4;ADAD1;SRPK1,Basal,Activated
GO_Biological_Process_2023,Macromolecule Biosynthetic Process (GO:0009059),6/183,0.9999954372723416,0.9999962554776264,0,0,0.1789542652144959,8.165214382403645e-07,TERT;ZAR1L;MRPS12;IGF2BP3;MRPL12;TYMS,Basal,Activated
GO_Biological_Process_2023,Negative Regulation Of Cell Migration (GO:0030336),6/163,0.9999954576709212,0.9999962554776264,0,0,0.2019931704245477,9.17521535574404e-07,KRT16;NKX2-1;MAPK15;SLURP1;SAP30;PFN2,Basal,Activated
GO_Biological_Process_2023,Negative Regulation Of Response To External Stimulus (GO:0032102),5/146,0.9999954616128308,0.9999962554776264,0,0,0.187549001767995,8.511719146924408e-07,RTN4R;CXCL17;CGAS;SMPDL3B;AURKB,Basal,Activated
GO_Biological_Process_2023,Positive Regulation Of Cellular Catabolic Process (GO:0031331),5/146,0.9999954616128308,0.9999962554776264,0,0,0.187549001767995,8.511719146924408e-07,LIN28B;IFNG;IFNB1;ADAM8;TNF,Basal,Activated
GO_Biological_Process_2023,"RNA Splicing, Via Transesterification Reactions With Bulged Adenosine As Nucleophile (GO:0000377)",3/180,0.9999954692157602,0.9999962554776264,0,0,0.0893921590720084,4.0501750300812406e-07,NR5A1;DDX39A;SRSF12,Basal,Activated
GO_Biological_Process_2023,Endosomal Transport (GO:0016197),1/180,0.9999954692343402,0.9999962554776264,0,0,0.0294422774774265,1.3339636193391746e-07,LAPTM4B,Basal,Activated
GO_Biological_Process_2023,Dephosphorylation (GO:0016311),5/147,0.9999954933311632,0.9999962554776264,0,0,0.1862170807550402,8.392206057401146e-07,ALPP;PPP4R3C;ALPG;PPM1E;PSPH,Basal,Activated
GO_Biological_Process_2023,Mitochondrion Organization (GO:0007005),5/162,0.9999955899710524,0.9999962554776264,0,0,0.1682743231601395,7.420962726043341e-07,TOMM40;TERT;BCL2A1;MTFR2;TYMP,Basal,Activated
GO_Biological_Process_2023,Ribosome Biogenesis (GO:0042254),5/155,0.9999956000638616,0.9999962554776264,0,0,0.1762010347376201,7.752750059723813e-07,BOP1;EXOSC4;MRPS12;IGF2BP3;DCAF13,Basal,Activated
GO_Biological_Process_2023,Peptide Biosynthetic Process (GO:0043043),5/158,0.9999956020484349,0.9999962554776264,0,0,0.1727150579374395,7.595941297111393e-07,GGTLC2;ZAR1L;MRPS12;IGF2BP3;MRPL12,Basal,Activated
GO_Biological_Process_2023,Cellular Response To Oxidative Stress (GO:0034599),3/117,0.9999956143985748,0.9999962554776264,0,0,0.1393179053997767,6.109941442873568e-07,PYCR1;MT3;MMP9,Basal,Activated
GO_Biological_Process_2023,Ribonucleoprotein Complex Biogenesis (GO:0022613),3/118,0.999995668174174,0.9999962554776264,0,0,0.1380981873735497,5.982185902694056e-07,BOP1;MRPS12;IGF2BP3,Basal,Activated
GO_Biological_Process_2023,protein-RNA Complex Assembly (GO:0022618),4/150,0.9999957024359316,0.9999962554776264,0,0,0.1448116113024543,6.22338514705876e-07,NR5A1;BOP1;CELF4;SRPK1,Basal,Activated
GO_Biological_Process_2023,Fatty Acid Metabolic Process (GO:0006631),3/122,0.9999958026075207,0.9999962554776264,0,0,0.1334243098948981,5.600353702475656e-07,ACBD7;ELOVL4;ACSL6,Basal,Activated
GO_Biological_Process_2023,Positive Regulation Of Macromolecule Biosynthetic Process (GO:0010557),3/122,0.9999958026075207,0.9999962554776264,0,0,0.1334243098948981,5.600353702475656e-07,IFNL1;SLC6A9;IFNG,Basal,Activated
GO_Biological_Process_2023,Receptor-Mediated Endocytosis (GO:0006898),3/122,0.9999958026075207,0.9999962554776264,0,0,0.1334243098948981,5.600353702475656e-07,CXCL8;TFR2;DNAJC6,Basal,Activated
GO_Biological_Process_2023,Organonitrogen Compound Biosynthetic Process (GO:1901566),3/123,0.999995821462996,0.9999962554776264,0,0,0.1323045267489712,5.528405158454226e-07,ELOVL4;CHAT;APOA2,Basal,Activated
GO_Biological_Process_2023,Protein Dephosphorylation (GO:0006470),3/124,0.9999958360558254,0.9999962554776264,0,0,0.1312032524153736,5.463241560125021e-07,UBASH3B;PPP4R3C;PPM1E,Basal,Activated
GO_Biological_Process_2023,Mitochondrial Gene Expression (GO:0140053),2/103,0.9999958409097416,0.9999962554776264,0,0,0.1048815641057776,4.362127986728989e-07,MRPS12;MRPL12,Basal,Activated
GO_Biological_Process_2023,Cellular Response To Starvation (GO:0009267),3/126,0.9999958549603664,0.9999962554776264,0,0,0.1290544244473783,5.349368128989786e-07,BECN2;PCSK9;BHLHA15,Basal,Activated
GO_Biological_Process_2023,Positive Regulation Of Ubiquitin-Dependent Protein Catabolic Process (GO:2000060),1/83,0.9999959011379856,0.9999962554776264,0,0,0.0646445629277551,2.649696864639077e-07,PLK1,Basal,Activated
GO_Biological_Process_2023,Golgi Organization (GO:0007030),1/130,0.9999959214620322,0.9999962554776264,0,0,0.0409766313770786,1.671250876771951e-07,CDK1,Basal,Activated
GO_Biological_Process_2023,Lysosomal Transport (GO:0007041),2/105,0.9999959248274604,0.9999962554776264,0,0,0.1028327393388226,4.190620093938435e-07,BECN2;PCSK9,Basal,Activated
GO_Biological_Process_2023,Glycerophospholipid Biosynthetic Process (GO:0046474),2/108,0.9999959971335703,0.9999962554776264,0,0,0.09990446620492,3.999050343278489e-07,CHAT;APOA2,Basal,Activated
GO_Biological_Process_2023,Regulation Of JNK Cascade (GO:0046328),2/110,0.999996021161018,0.9999962554776264,0,0,0.0980426629160806,3.90096745171764e-07,MMP8;RASGRP1,Basal,Activated
GO_Biological_Process_2023,Cellular Respiration (GO:0045333),1/85,0.999996048362203,0.9999962554776264,0,0,0.0630978743917687,2.493404380077318e-07,MTFR2,Basal,Activated
GO_Biological_Process_2023,Integrin-Mediated Signaling Pathway (GO:0007229),1/85,0.999996048362203,0.9999962554776264,0,0,0.0630978743917687,2.493404380077318e-07,ISG15,Basal,Activated
GO_Biological_Process_2023,mRNA Metabolic Process (GO:0016071),1/85,0.999996048362203,0.9999962554776264,0,0,0.0630978743917687,2.493404380077318e-07,APOBEC1,Basal,Activated
GO_Biological_Process_2023,Positive Regulation Of Endothelial Cell Migration (GO:0010595),1/85,0.999996048362203,0.9999962554776264,0,0,0.0630978743917687,2.493404380077318e-07,AGT,Basal,Activated
GO_Biological_Process_2023,Glucose Homeostasis (GO:0042593),1/87,0.9999961443788776,0.9999962554776264,0,0,0.061623124857456,2.3759587986716538e-07,PAX6,Basal,Activated
GO_Biological_Process_2023,Regulation Of Proteasomal Ubiquitin-Dependent Protein Catabolic Process (GO:0032434),1/109,0.9999961500885404,0.9999962554776264,0,0,0.0490058232861143,1.886684438419002e-07,PLK1,Basal,Activated
GO_Biological_Process_2023,Regulation Of Endothelial Cell Migration (GO:0010594),1/88,0.9999961781486107,0.9999962554776264,0,0,0.0609111768064085,2.327939105439231e-07,AGT,Basal,Activated
GO_Biological_Process_2023,Macroautophagy (GO:0016236),1/104,0.9999962023571426,0.9999962554776264,0,0,0.051400103813774,1.9519960776773997e-07,LIX1,Basal,Activated
GO_Biological_Process_2023,Positive Regulation Of Proteasomal Protein Catabolic Process (GO:1901800),1/90,0.999996224237562,0.9999962554776264,0,0,0.059535277202137,2.247914877714601e-07,PLK1,Basal,Activated
GO_Biological_Process_2023,Phosphatidylinositol Biosynthetic Process (GO:0006661),1/98,0.9999962503665956,0.9999962554776264,0,0,0.0545990600651627,2.047268432967604e-07,CWH43,Basal,Activated
GO_Biological_Process_2023,Cytoplasmic Translation (GO:0002181),1/93,0.9999962554776264,0.9999962554776264,0,0,0.0575835935243387,2.1562345800241806e-07,MRPS12,Basal,Activated
