Gene_set,Term,Overlap,P-value,Adjusted P-value,Old P-value,Old Adjusted P-value,Odds Ratio,Combined Score,Genes,Subtype,Direction
GO_Biological_Process_2023,Epidermis Development (GO:0008544),34/85,1.7448816461969364e-06,0.0067614163790131,0,0,3.045009784735812,40.37324829381674,COL17A1;SPRR2E;SPRR2F;SPRR3;SPRR2G;KLK5;LAMC2;GLI1;DLL1;KRT85;KLK7;PTHLH;KRT83;NTF4;SCEL;FGF7;SVEP1;TGM5;SPRR2B;SPRR2D;CERS3;KRTDAP;LAMB3;SPINK5;EMP1;KRT5;KRT9;EDAR;FLG2;DCT;COL7A1;KRT15;KRT14;SPRR1B,LumB,Suppressed
GO_Biological_Process_2023,Regulation Of Sensory Perception Of Pain (GO:0051930),9/14,0.00016777331680749514,0.2638933987840553,0,0,8.187451415880066,71.17267016748819,TMEM100;OPRPN;SMR3B;SMR3A;SCN11A;CCN3;SPX;VIP;MGLL,LumB,Suppressed
GO_Biological_Process_2023,Ethanol Oxidation (GO:0006069),6/7,0.00020430456680055892,0.2638933987840553,0,0,27.275450762829404,231.72946675927903,ADH4;ADH1C;ADH1B;ADH1A;ADH7;ADH6,LumB,Suppressed
GO_Biological_Process_2023,Regulation Of Sensory Perception (GO:0051931),8/12,0.0002770150652039699,0.2683583444163459,0,0,9.095198445739662,74.50276022553885,TMEM100;OPRPN;SMR3B;SMR3A;SCN11A;SPX;VIP;MGLL,LumB,Suppressed
GO_Biological_Process_2023,Regulation Of Skeletal Muscle Contraction (GO:0014819),5/6,0.000975919907037692,0.736348423945273,0,0,22.723239046034383,157.5204479375781,SLC8A3;CAV3;DMD;SCN4A;KCNJ2,LumB,Suppressed
GO_Biological_Process_2023,Extracellular Matrix Assembly (GO:0085029),9/17,0.0012068077690526,0.736348423945273,0,0,5.116220155469184,34.379856547527694,MFAP4;TNXB;ELN;HAS1;HAS3;HAS2;MYH11;FBLN5;GPM6B,LumB,Suppressed
GO_Biological_Process_2023,External Encapsulating Structure Organization (GO:0045229),33/110,0.0015203438838795,0.736348423945273,0,0,1.9538449253373795,12.678145547665563,VIT;COL17A1;ECM2;HPSE2;COL14A1;NDNF;COL19A1;MMP20;TGM1;ADAMTS5;C6ORF15;ADAMTS3;MMP27;ADAMTS1;ADAMTSL4;MMP28;ADAMTS8;ADAMTS9;MMP7;MIA;COL23A1;SPINK5;HRNR;CCDC80;MMP23B;COL7A1;SMOC1;COL4A3;COL9A1;MMP19;MATN4;RECK;MATN2,LumB,Suppressed
GO_Biological_Process_2023,Positive Regulation Of Cholesterol Transport (GO:0032376),13/31,0.0016887066214205,0.736348423945273,0,0,3.286131183991106,20.977979132575538,CETP;LRP1;CAV1;PTCH1;ADIPOQ;ABCA8;ABCA13;CYP8B1;EEPD1;LIPG;PPARG;PLTP;CES1,LumB,Suppressed
GO_Biological_Process_2023,Cellular Response To Prostaglandin Stimulus (GO:0071379),6/9,0.0017561084526257,0.736348423945273,0,0,9.090707350901525,57.67740207015584,PTGER4;PTGFR;SFRP1;GNG2;AKR1C3;AKR1C2,LumB,Suppressed
GO_Biological_Process_2023,Cardiac Muscle Cell Contraction (GO:0086003),9/18,0.002028847736874,0.736348423945273,0,0,4.547473625763465,28.19564280695955,KCNE1;GSN;CACNA2D1;SCN5A;SCN3B;SCN4B;KCNJ2;CACNA1G;SCN2B,LumB,Suppressed
GO_Biological_Process_2023,Extracellular Matrix Organization (GO:0030198),47/176,0.0027719535848164,0.736348423945273,0,0,1.6622295304465846,9.787544811602594,VIT;COL17A1;ECM2;HPSE2;COL14A1;ELN;KLK5;LOXL4;DPT;NDNF;KLK7;COL19A1;MMP20;ADAMTS5;C6ORF15;ADAMTS3;FLRT2;MMP27;ADAMTS1;ADAMTSL4;HAS1;MMP28;HAS3;HAS2;CTSG;ADAMTS8;ADAMTS9;ELANE;GPM6B;MMP7;GSN;MIA;CMA1;COL23A1;SERPINF2;SPINK5;CCDC80;MMP23B;COL7A1;SMOC1;COL4A3;COL9A1;MMP19;MATN4;RECK;DDR2;MATN2,LumB,Suppressed
GO_Biological_Process_2023,Diacylglycerol Biosynthetic Process (GO:0006651),5/7,0.0029049700523756,0.736348423945273,0,0,11.360926234054354,66.36294420695243,DGAT2;GPAM;MOGAT2;MOGAT1;PNPLA2,LumB,Suppressed
GO_Biological_Process_2023,Negative Regulation Of Phospholipase Activity (GO:0010519),5/7,0.0029049700523756,0.736348423945273,0,0,11.360926234054354,66.36294420695243,ANXA8L1;RGS2;ANXA1;ANXA8;PLA2R1,LumB,Suppressed
GO_Biological_Process_2023,Regulation Of Phospholipase A2 Activity (GO:0032429),5/7,0.0029049700523756,0.736348423945273,0,0,11.360926234054354,66.36294420695243,ANXA8L1;ANXA1;LRP1;ANXA8;PLA2R1,LumB,Suppressed
GO_Biological_Process_2023,Adenylate Cyclase-Modulating G Protein-Coupled Receptor Signaling Pathway (GO:0007188),44/163,0.0029763810750803,0.736348423945273,0,0,1.6865148077734038,9.81053610672252,GLP1R;PTGER4;PTGFR;ADCYAP1R1;ADCY4;ADM;ADRB2;PTH1R;GNAI1;PTHLH;CRHR2;ADGRG3;AKAP12;ADGRG4;ADGRG2;GRK5;ADGRE3;OXER1;FFAR3;DRD5;P2RY12;LHCGR;PSAPL1;PDE2A;AVPR2;GLP2R;SCTR;OPRK1;PTH2R;MARCO;ADGRD1;MTNR1A;GNAL;ADGRF1;ADRB3;ADGRB3;ADM5;ADGRD2;ADGRF5;ADGRL4;VIP;ADGRL2;ADGRL3;PF4,LumB,Suppressed
GO_Biological_Process_2023,Intermediate Filament Organization (GO:0045109),22/68,0.0031767410440025,0.736348423945273,0,0,2.177825965813416,12.5266359458105,KRT81;KRT4;KRT79;KRT13;KRT23;KRT78;KRT77;KRT5;KRT74;KRT85;KRT9;KRT83;GFAP;DES;KRT17;KRT16;KRT15;KRT14;PKP1;VIM;KRT6B;KRT6A,LumB,Suppressed
GO_Biological_Process_2023,Sprouting Angiogenesis (GO:0002040),18/52,0.0032304317953728,0.736348423945273,0,0,2.409832844910856,13.820727459900493,SEMA5A;CCBE1;EGR3;ANGPT1;VEGFD;FGF2;DLL1;NR4A1;BMPER;ADGRA2;RSPO3;CDH13;ADTRP;SLIT2;TEK;RECK;TDGF1;GPLD1,LumB,Suppressed
GO_Biological_Process_2023,Membrane Depolarization During Cardiac Muscle Cell Action Potential (GO:0086012),8/16,0.003620511723317,0.7553839920745528,0,0,4.546489036913683,25.55645094441357,CACNA2D1;ATP1A2;SCN5A;SCN3B;SCN4B;KCNJ2;CACNA1G;SCN2B,LumB,Suppressed
GO_Biological_Process_2023,Positive Regulation Of Defense Response To Bacterium (GO:1900426),6/10,0.0037197068840118,0.7553839920745528,0,0,6.817614424410541,38.138487812203,NLRP10;MMRN2;KLK5;EMILIN2;KLK3;KLK7,LumB,Suppressed
GO_Biological_Process_2023,Regulation Of Potassium Ion Transport (GO:0043266),12/30,0.0040366905211803,0.7553839920745528,0,0,3.0325090302861906,16.716190808122306,KCNE1;DPP6;KCNIP1;KCNIP2;FHL1;CASQ2;KCNA5;ANK2;KCNAB1;NOS1;DRD2;VIP,LumB,Suppressed
GO_Biological_Process_2023,Cellular Response To Granulocyte Macrophage Colony-Stimulating Factor Stimulus (GO:0097011),4/5,0.0045402414353998,0.7553839920745528,0,0,18.17355142777932,98.0422225165076,ZFP36;PDE1B;NPR2;ZFP36L2,LumB,Suppressed
GO_Biological_Process_2023,Response To Granulocyte Macrophage Colony-Stimulating Factor (GO:0097012),4/5,0.0045402414353998,0.7553839920745528,0,0,18.17355142777932,98.0422225165076,ZFP36;PDE1B;NPR2;ZFP36L2,LumB,Suppressed
GO_Biological_Process_2023,Response To Heparin (GO:0071503),4/5,0.0045402414353998,0.7553839920745528,0,0,18.17355142777932,98.0422225165076,EGR1;SFRP1;SLIT2;GPIHBP1,LumB,Suppressed
GO_Biological_Process_2023,Antimicrobial Humoral Response (GO:0019730),29/100,0.004870364489617,0.7553839920745528,0,0,1.8607198748043816,9.907563927199144,WFDC12;CXCL6;CCL13;DEFB1;CXCL1;CXCL3;CXCL2;WFDC5;CXCL5;JCHAIN;RNASE7;MUC7;S100A12;CTSG;PI3;PRSS3;IGHA1;SPRR2A;IGHA2;PF4V1;KRT6A;TSLP;RARRES2;NRG1;RNASE3;PPBP;F3;SLPI;PF4,LumB,Suppressed
GO_Biological_Process_2023,Muscle Organ Development (GO:0007517),19/58,0.0050522998107143,0.7553839920745528,0,0,2.2175346924790134,11.726127714923186,CHODL;TAGLN;EGR3;LAMA2;CAV3;FHL1;TCF21;IGF1;KY;MYH3;DES;MYMX;SGCA;CAPN3;ITGA7;DMD;SOX6;SGCG;HBEGF,LumB,Suppressed
GO_Biological_Process_2023,Extracellular Structure Organization (GO:0043062),31/109,0.0050683829145647,0.7553839920745528,0,0,1.8107756768371293,9.569466815209854,VIT;COL17A1;ECM2;HPSE2;COL14A1;NDNF;COL19A1;MMP20;ADAMTS5;C6ORF15;ADAMTS3;MMP27;ADAMTS1;ADAMTSL4;MMP28;ADAMTS8;ADAMTS9;MMP7;MIA;COL23A1;SPINK5;CCDC80;MMP23B;COL7A1;SMOC1;COL4A3;COL9A1;MMP19;MATN4;RECK;MATN2,LumB,Suppressed
GO_Biological_Process_2023,Ethanol Metabolic Process (GO:0006067),7/14,0.0065024823563569,0.913414722519464,0,0,4.54550499445061,22.88921437591613,ADH4;ADH1C;SULT1E1;ADH1B;ADH1A;ADH7;ADH6,LumB,Suppressed
GO_Biological_Process_2023,Diterpenoid Metabolic Process (GO:0016101),11/28,0.0068358779233714,0.913414722519464,0,0,2.9426797385620915,14.670936918247133,ADH4;LRP1;ADH1B;AWAT2;AKR1C1;RARRES2;ALDH1A1;AKR1C3;RDH5;ADH7;RPE65,LumB,Suppressed
GO_Biological_Process_2023,Regulation Of Lipid Biosynthetic Process (GO:0046890),11/28,0.0068358779233714,0.913414722519464,0,0,2.9426797385620915,14.670936918247133,C3;NR5A1;MLXIPL;ASXL3;PDK4;ZBTB20;HSD17B13;THRSP;SORBS1;PCK1;PPARA,LumB,Suppressed
GO_Biological_Process_2023,Negative Regulation Of Blood Vessel Morphogenesis (GO:2000181),23/77,0.0077676266609245,0.91699129512547,0,0,1.939102564102564,9.41975422831793,ANGPT4;FOXC1;NPR1;PDE3B;SPINK5;ECSCR;PTPRM;NRG1;KLK3;ISM1;KLF4;DCN;CLDN5;RGCC;TNMD;CCN6;COL4A3;SPRY2;PPARG;TEK;CNMD;HOXA5;PF4,LumB,Suppressed
GO_Biological_Process_2023,Retinoid Metabolic Process (GO:0001523),14/40,0.0079825438584413,0.91699129512547,0,0,2.449498513718697,11.83229801216414,LRP1;ADH1B;AKR1C1;RARRES2;AKR1C3;ADH7;RLBP1;RPE65;ADH4;ALDH1A3;AWAT2;ALDH1A2;ALDH1A1;RDH5,LumB,Suppressed
GO_Biological_Process_2023,Granulocyte Chemotaxis (GO:0071621),22/73,0.0081358911529122,0.91699129512547,0,0,1.96371265140216,9.448344508441604,CCL14;CXCL6;CCL13;CCL24;EDN1;CCL23;ANXA1;EDN3;CCL21;CXCL1;PPBP;CXCL3;CXCL2;CX3CL1;CXCL5;KLF5;CXCR2;SAA1;S100A12;PF4V1;CCL16;PF4,LumB,Suppressed
GO_Biological_Process_2023,Negative Regulation Of Angiogenesis (GO:0016525),25/86,0.0082570417115809,0.91699129512547,0,0,1.866091265668858,8.95105926396011,FOXC1;NPR1;PDE3B;ECSCR;PTPRM;KLK3;ISM1;CCN6;ADAMTS9;CNMD;HOXA5;ANGPT4;SPINK5;NRG1;KLF4;DCN;KLF2;CLDN5;RGCC;TNMD;COL4A3;SPRY2;PPARG;TEK;PF4,LumB,Suppressed
GO_Biological_Process_2023,Cell-Cell Adhesion Via Plasma-Membrane Adhesion Molecules (GO:0098742),44/172,0.0084585223080548,0.91699129512547,0,0,1.5670644098682367,7.478941497190878,CRB2;ROBO3;TENM1;ROBO4;TENM2;NLGN1;PTPRM;NEXN;CLDN2;CDH8;MYPN;CDH5;CDH4;CDH3;SLITRK2;MPZ;CDH22;SLITRK3;HMCN2;CDH23;LGALS7;LRRC4B;CADM3;SELE;TGFBR2;SELP;CLDN11;CLDN5;CLDN10;LRFN5;CD209;CLDN8;CDH12;CLDN19;PECAM1;FAT2;CDH13;DSG1;FAT4;CEACAM8;CLDN16;CDH17;NECTIN3;ADGRL3,LumB,Suppressed
GO_Biological_Process_2023,Regulation Of Angiogenesis (GO:0045765),51/205,0.0086529190015422,0.91699129512547,0,0,1.510260105063476,7.1735218850507625,SEMA5A;HSPB6;PDE3B;PTPRM;ISM1;FGF1;FGF2;AQP1;CDH5;BMPER;ADGRA2;HYAL1;ADAMTS1;CCN6;EMILIN2;CD34;HOXA5;PPP1R16B;PTGIS;ANXA3;SPINK5;PSG1;PRKCA;NRG1;DCN;CLDN5;SFRP1;TNMD;RHOJ;COL4A3;CHI3L1;PPARG;ANGPTL4;RAPGEF3;EPHA2;FOXC1;NPR1;CHRNA7;ECSCR;KLK3;CNMD;ANGPT4;VEGFD;KLF4;FGF16;IL6;RGCC;LEP;SPRY2;TEK;PF4,LumB,Suppressed
GO_Biological_Process_2023,Negative Regulation Of Peptide Hormone Secretion (GO:0090278),8/18,0.0087557878502302,0.91699129512547,0,0,3.636747155148488,17.231054686337774,PRKN;CRHBP;SFRP1;KCNB1;FFAR4;CCN3;FAM3D;FOXO1,LumB,Suppressed
GO_Biological_Process_2023,Regulation Of cAMP-mediated Signaling (GO:0043949),8/18,0.0087557878502302,0.91699129512547,0,0,3.636747155148488,17.231054686337774,POMC;PDE11A;PDE2A;PDE3B;SCTR;FFAR4;PDE3A;GNAI1,LumB,Suppressed
GO_Biological_Process_2023,Cardiac Muscle Cell Action Potential (GO:0086001),11/29,0.0092466268503538,0.9429126064505522,0,0,2.779027777777778,13.015566756103508,KCNE1;KCNIP2;CACNA2D1;ATP1A2;DMD;SCN5A;SCN3B;SCN4B;KCNJ2;CACNA1G;SCN2B,LumB,Suppressed
GO_Biological_Process_2023,Neutrophil Chemotaxis (GO:0030593),21/70,0.0101230631140585,0.9498060808525643,0,0,1.9506565857540787,8.959246672553704,CCL14;CXCL6;CCL13;CCL24;EDN1;CCL23;EDN3;CCL21;CXCL1;PPBP;CXCL3;CXCL2;CX3CL1;CXCL5;KLF5;CXCR2;SAA1;S100A12;PF4V1;CCL16;PF4,LumB,Suppressed
GO_Biological_Process_2023,Acylglycerol Biosynthetic Process (GO:0046463),9/22,0.0104124133946038,0.9498060808525643,0,0,3.1474821680263103,14.367489965159834,DGAT2;GPAM;MOGAT2;AWAT2;MOGAT1;PLA2G4A;GPAT3;LPIN1;PNPLA2,LumB,Suppressed
GO_Biological_Process_2023,Positive Regulation Of Cholesterol Efflux (GO:0010875),9/22,0.0104124133946038,0.9498060808525643,0,0,3.1474821680263103,14.367489965159834,EEPD1;LRP1;CAV1;PTCH1;ADIPOQ;PPARG;ABCA8;PLTP;CES1,LumB,Suppressed
GO_Biological_Process_2023,Adenylate Cyclase-Activating G Protein-Coupled Receptor Signaling Pathway (GO:0007189),30/110,0.0108316367901502,0.9498060808525643,0,0,1.7078679139905055,7.7285875067980605,GLP1R;PTGER4;PTGFR;ADCY4;ADRB1;ADM;ADRB2;PTH1R;PTHLH;ADGRG3;ADGRG4;ADGRG2;GNG2;ADGRE3;DRD2;DRD5;LHCGR;ADRA2B;ADGRD1;ADGRF1;ADRB3;ADGRB3;ADM5;ADGRD2;ADGRF5;ADGRL4;VIP;ADGRL2;ADGRL3;PF4,LumB,Suppressed
GO_Biological_Process_2023,SA Node Cell Action Potential (GO:0086015),4/6,0.0116689129101425,0.9498060808525643,0,0,9.086221236484612,40.4411987122615,KCNA5;SCN5A;SCN3B;CACNA1G,LumB,Suppressed
GO_Biological_Process_2023,Definitive Hemopoiesis (GO:0060216),4/6,0.0116689129101425,0.9498060808525643,0,0,9.086221236484612,40.4411987122615,MFAP5;TGFBR3;TEK;ZFP36L2,LumB,Suppressed
GO_Biological_Process_2023,Elastic Fiber Assembly (GO:0048251),4/6,0.0116689129101425,0.9498060808525643,0,0,9.086221236484612,40.4411987122615,MFAP4;TNXB;MYH11;FBLN5,LumB,Suppressed
GO_Biological_Process_2023,Hyaluronan Biosynthetic Process (GO:0030213),4/6,0.0116689129101425,0.9498060808525643,0,0,9.086221236484612,40.4411987122615,HYAL1;HAS1;HAS3;HAS2,LumB,Suppressed
GO_Biological_Process_2023,"Synaptic Transmission, Dopaminergic (GO:0001963)",4/6,0.0116689129101425,0.9498060808525643,0,0,9.086221236484612,40.4411987122615,CRHBP;SLC6A2;DRD5;SNCA,LumB,Suppressed
GO_Biological_Process_2023,Negative Regulation Of Potassium Ion Transport (GO:0043267),6/12,0.0117758226499426,0.9498060808525643,0,0,4.544521497919556,20.18543193737663,CAV3;BIN1;CAV1;CASQ2;NOS1;VIP,LumB,Suppressed
GO_Biological_Process_2023,Prostaglandin Metabolic Process (GO:0006693),11/30,0.0122629110002221,0.9498060808525643,0,0,2.6326023391812865,11.586546069039215,EDN1;PTGIS;GSTP1;AKR1C1;GSTA1;AKR1C3;AKR1C2;PLA2G4A;PTGS2;PTGDS;CES1,LumB,Suppressed
GO_Biological_Process_2023,Regulation Of Macrophage Derived Foam Cell Differentiation (GO:0010743),11/30,0.0122629110002221,0.9498060808525643,0,0,2.6326023391812865,11.586546069039215,CRP;CETP;ADIPOQ;PLA2G2A;PPARG;PLA2G5;CD36;APOB;PPARA;ALOX15B;PF4,LumB,Suppressed
GO_Biological_Process_2023,Myofibril Assembly (GO:0030239),15/46,0.0125603168395272,0.9498060808525643,0,0,2.2011015824033877,9.634690223501048,FHOD3;TMOD1;PDGFRA;LMOD1;MYOM2;MYPN;MYH3;CSRP1;MYL2;TNNT3;CAPN3;PGM5;FLNC;MYOZ2;MYL9,LumB,Suppressed
GO_Biological_Process_2023,Keratinocyte Differentiation (GO:0030216),14/42,0.0127457848269247,0.9498060808525643,0,0,2.2742563247150405,9.921567536172214,CERS3;SPRR2F;SPRR3;SPRR2G;ANXA1;AKR1C3;TGM1;SCEL;KRT16;LORICRIN;TXNIP;SPRR2B;SPRR1B;EPHA2,LumB,Suppressed
GO_Biological_Process_2023,Cellular Response To Chemokine (GO:1990869),18/59,0.0138255444393376,0.9893338960653032,0,0,1.9975426472884268,8.551954192915685,CCL14;CXCL6;CCL13;CCL24;FOXC1;CCL23;CCL21;DUSP1;CXCL1;PPBP;CXCL3;CXCL2;CX3CL1;CXCL5;CXCL12;PF4V1;CCL16;PF4,LumB,Suppressed
GO_Biological_Process_2023,Cellular Response To Hormone Stimulus (GO:0032870),26/94,0.0140421585247978,0.9893338960653032,0,0,1.7406924275986546,7.42525628522735,OXTR;ATP1A2;NR3C1;TFPI;GHR;SOCS2;CRHBP;CYP11A1;FFAR4;SLIT2;QRFPR;LHCGR;AKR1C1;CAV1;AVPR2;ARID5A;AKR1C3;AKR1C2;ESR2;HCRTR1;SFRP1;NR4A3;LEP;KLF9;ADTRP;MGARP,LumB,Suppressed
GO_Biological_Process_2023,Muscle Contraction (GO:0006936),26/94,0.0140421585247978,0.9893338960653032,0,0,1.7406924275986546,7.42525628522735,OXTR;SMPX;LMOD1;MYOM2;RYR3;MYLK;CKMT2;SGCA;SCN7A;MYH11;NOS1;TMOD1;KCNIP2;TPM2;TRDN;MYH1;P2RX6;MYH2;MYH3;DES;FXYD1;CASQ2;SSPN;SCN4A;NMUR1;CRYAB,LumB,Suppressed
GO_Biological_Process_2023,Regulation Of Cardiac Muscle Hypertrophy (GO:0010611),9/23,0.0144144071094247,0.9974254919468036,0,0,2.922483540889982,12.38994810909763,EDN1;MLIP;RGS2;NR4A3;CAV3;HAND2;PRKCA;IGF1;PDE9A,LumB,Suppressed
GO_Biological_Process_2023,Peptide Cross-Linking (GO:0018149),10/27,0.0154312678909172,0.9999963078360776,0,0,2.674420504108336,11.155969230987663,SPRR2E;TGM1;ANXA1;EPB42;LORICRIN;NDNF;TGM7;PI3;TGM5;SPRR1B,LumB,Suppressed
GO_Biological_Process_2023,Cellular Response To Fatty Acid (GO:0071398),7/16,0.0155173529430223,0.9999963078360776,0,0,3.53496115427303,14.725928226383086,DGAT2;PID1;AKR1C3;NR1H4;PDK4;AKR1C2;FFAR3,LumB,Suppressed
GO_Biological_Process_2023,Regulation Of Steroid Biosynthetic Process (GO:0050810),7/16,0.0155173529430223,0.9999963078360776,0,0,3.53496115427303,14.725928226383086,NR5A1;EGR1;BMP2;NR1H4;CYP7A1;BMP5;CES1,LumB,Suppressed
GO_Biological_Process_2023,Neutrophil Migration (GO:1990266),22/77,0.0155790443912463,0.9999963078360776,0,0,1.8204513792142656,7.576406571282464,CCL14;CXCL6;CCL13;CCL24;EDN1;CCL23;EDN3;CCL21;CXCL1;PPBP;CXCL3;CXCL2;CX3CL1;CXCL5;KLF5;CXCR2;PECAM1;SAA1;S100A12;PF4V1;CCL16;PF4,LumB,Suppressed
GO_Biological_Process_2023,Positive Regulation Of Epithelial Cell Proliferation (GO:0050679),32/123,0.0175070663568555,0.9999963078360776,0,0,1.601331331423536,6.477626536598445,SEMA5A;TGFA;PTN;FGF2;EGFR;TGM1;PKHD1;FGF7;CDH3;FGF9;HYAL1;SCN5A;PPP1R16B;STAT5A;CCL24;EGR3;ODAM;FZD7;PRKCA;VEGFD;IGF1;PROX1;BMP6;BMP5;NR4A1;SFRP1;BMP2;NR4A3;CDH13;TEK;VIP;LACRT,LumB,Suppressed
GO_Biological_Process_2023,Response To Fibroblast Growth Factor (GO:0071774),8/20,0.0179704979085979,0.9999963078360776,0,0,3.030252567305024,12.178657402558349,NR4A1;SFRP1;ZFP36;EGR3;HYAL1;NDNF;TDGF1;ZFP36L2,LumB,Suppressed
GO_Biological_Process_2023,Relaxation Of Muscle (GO:0090075),6/13,0.0185725013994087,0.9999963078360776,0,0,3.895066376064989,15.526019738997134,KBTBD13;RGS2;GSN;PLN;ATP1A2;KCNJ2,LumB,Suppressed
GO_Biological_Process_2023,Chemokine-Mediated Signaling Pathway (GO:0070098),17/57,0.0206111762322519,0.9999963078360776,0,0,1.9333124652198108,7.504967833483426,CCL14;CXCL6;CCL13;CCL24;FOXC1;CCL23;CCL21;CXCL1;PPBP;CXCL3;CXCL2;CX3CL1;CXCL5;CXCL12;PF4V1;CCL16;PF4,LumB,Suppressed
GO_Biological_Process_2023,Regulation Of Biosynthetic Process (GO:0009889),5/10,0.021564275305713,0.9999963078360776,0,0,4.543538546866334,17.432272739525793,GSTP1;CCN6;THRSP;PCK1;SNCA,LumB,Suppressed
GO_Biological_Process_2023,Response To Prostaglandin E (GO:0034695),5/10,0.021564275305713,0.9999963078360776,0,0,4.543538546866334,17.432272739525793,PTGER4;TGFBR3;SFRP1;GNG2;CCL21,LumB,Suppressed
GO_Biological_Process_2023,Cellular Response To Glucocorticoid Stimulus (GO:0071385),7/17,0.0223432887984013,0.9999963078360776,0,0,3.1812708102108767,12.092739752945928,ZFP36;KLF9;FAM107A;NR3C1;PCK1;ZFP36L2;AQP1,LumB,Suppressed
GO_Biological_Process_2023,Positive Regulation Of Cardiac Muscle Hypertrophy (GO:0010613),7/17,0.0223432887984013,0.9999963078360776,0,0,3.1812708102108767,12.092739752945928,EDN1;NR4A3;HAND2;AKAP6;PRKCA;IGF1;PDE9A,LumB,Suppressed
GO_Biological_Process_2023,Triglyceride Biosynthetic Process (GO:0019432),7/17,0.0223432887984013,0.9999963078360776,0,0,3.1812708102108767,12.092739752945928,DGAT2;GPAM;MOGAT2;MOGAT1;GPAT3;LPIN1;PCK1,LumB,Suppressed
GO_Biological_Process_2023,Regulation Of Endothelial Cell Proliferation (GO:0001936),25/93,0.0224130913648153,0.9999963078360776,0,0,1.673275975197664,6.355286306034325,SEMA5A;PTPRM;FGF2;ATOH8;CNMD;PPP1R16B;STAT5A;CCL24;EGR3;ANGPT1;CAV2;CAV1;TIE1;PRKCA;VEGFD;PROX1;FGF16;NR4A1;BMP2;RGCC;TNMD;LEP;CDH13;TEK;VIP,LumB,Suppressed
GO_Biological_Process_2023,Dopamine Uptake (GO:0090494),4/7,0.0233542003266488,0.9999963078360776,0,0,6.057111172719711,22.75643599697558,SLC22A3;SLC29A4;SLC6A2;SNCA,LumB,Suppressed
GO_Biological_Process_2023,Triglyceride Metabolic Process (GO:0006641),14/45,0.0236736221493502,0.9999963078360776,0,0,2.0537903450007624,7.688146126440919,CETP;DGAT2;CAV3;MOGAT2;MOGAT1;CAV1;LIPF;LIPE;GPAM;GPAT3;APOB;LPIN1;GPIHBP1;PNPLA2,LumB,Suppressed
GO_Biological_Process_2023,Epidermal Cell Differentiation (GO:0009913),16/54,0.0257682325291435,0.9999963078360776,0,0,1.9150574628504504,7.006453828751834,CERS3;SPRR2F;SPRR3;SPRR2G;ANXA1;SPINK5;AKR1C3;GLI1;TGM1;SCEL;KRT16;LORICRIN;TXNIP;SPRR2B;SPRR1B;EPHA2,LumB,Suppressed
GO_Biological_Process_2023,Regulation Of Smooth Muscle Cell Proliferation (GO:0048660),16/54,0.0257682325291435,0.9999963078360776,0,0,1.9150574628504504,7.006453828751834,EDN1;ELN;SERPINF2;IGF1;CX3CL1;BMP2;IL6;NR4A3;OGN;RBPMS2;CDH13;PPARG;APOD;VIP;PPARGC1A;ELANE,LumB,Suppressed
GO_Biological_Process_2023,Regulation Of Integrin Activation (GO:0033623),6/14,0.0276250307982765,0.9999963078360776,0,0,3.407975034674064,12.231334877190804,PTGER4;SELP;FERMT1;RASIP1;FERMT2;JAM3,LumB,Suppressed
GO_Biological_Process_2023,Epithelial Cell Migration (GO:0010631),14/46,0.028535698048848,0.9999963078360776,0,0,1.9894877675840976,7.0758110251522615,KANK1;S100A2;FSTL1;DPP4;FERMT1;ZEB2;ADGRA2;DAAM2;KRT16;KIT;S100A12;CDH13;FAT2;PRSS3,LumB,Suppressed
GO_Biological_Process_2023,Cellular Response To Fibroblast Growth Factor Stimulus (GO:0044344),16/55,0.0304277101941443,0.9999963078360776,0,0,1.865839306729432,6.516260117113196,KL;EGR3;NDNF;FGF1;FGF2;ZFP36L2;FGF17;FGF16;NR4A1;FGF7;ZFP36;SFRP1;FGF9;FLRT2;HYAL1;TDGF1,LumB,Suppressed
GO_Biological_Process_2023,Endothelial Cell Proliferation (GO:0001935),7/18,0.0309898924458327,0.9999963078360776,0,0,2.891887801432752,10.04669057380062,SEMA5A;ANGPT4;BMPER;PROK2;TEK;CD34;PROK1,LumB,Suppressed
GO_Biological_Process_2023,Energy Reserve Metabolic Process (GO:0006112),7/18,0.0309898924458327,0.9999963078360776,0,0,2.891887801432752,10.04669057380062,PID1;ADRB3;LEP;ADGRF5;LEPR;PYGM;MRAP2,LumB,Suppressed
GO_Biological_Process_2023,Positive Regulation Of Cation Transmembrane Transport (GO:1904064),7/18,0.0309898924458327,0.9999963078360776,0,0,2.891887801432752,10.04669057380062,EDN1;KCNE1;STAC;AKAP6;ANK2;NOS1;KCNN4,LumB,Suppressed
GO_Biological_Process_2023,Calcium-Dependent Cell-Cell Adhesion Via Plasma Membrane Cell Adhesion Molecules (GO:0016339),12/38,0.0310745433375234,0.9999963078360776,0,0,2.098403402654584,7.284326933814533,SELP;CDH5;NLGN1;CDH4;CDH3;CDH22;CDH23;CDH12;CDH13;DSG1;CDH17;CDH8,LumB,Suppressed
GO_Biological_Process_2023,Blood Vessel Endothelial Cell Migration (GO:0043534),8/22,0.0326028074758959,0.9999963078360776,0,0,2.5970421474168357,8.89060209112788,CDH5;NR4A1;EGR3;ID1;SLIT2;FGF2;TDGF1;GPLD1,LumB,Suppressed
GO_Biological_Process_2023,Cardiac Muscle Cell Action Potential Involved In Contraction (GO:0086002),10/30,0.0328308246781851,0.9999963078360776,0,0,2.2728408775340183,7.764905000151322,KCNE1;CAV3;CACNA2D1;KCNA5;SCN5A;SCN3B;SCN4B;KCNJ2;CACNA1G;SCN2B,LumB,Suppressed
GO_Biological_Process_2023,Negative Regulation Of Vascular Permeability (GO:0043116),5/11,0.0337522905648142,0.9999963078360776,0,0,3.786051026067665,12.829817596899147,CLDN5;PDE2A;PDE3A;SLIT2;FERMT2,LumB,Suppressed
GO_Biological_Process_2023,Regulation Of Leukocyte Tethering Or Rolling (GO:1903236),5/11,0.0337522905648142,0.9999963078360776,0,0,3.786051026067665,12.829817596899147,SELP;CXCL12;CHST4;SELE;CHST2,LumB,Suppressed
GO_Biological_Process_2023,Regulation Of Muscle System Process (GO:0090257),5/11,0.0337522905648142,0.9999963078360776,0,0,3.786051026067665,12.829817596899147,KCNA1;ATP1A2;DMD;PPP1R12B;MYL9,LumB,Suppressed
GO_Biological_Process_2023,Retina Homeostasis (GO:0001895),12/39,0.0377349997490328,0.9999963078360776,0,0,2.0205612670186164,6.621717190476336,CRB2;PIGR;OPRPN;CDH3;PIP;ATP1B2;IGHA1;IGHA2;F3;RPE65;JCHAIN;CNGB1,LumB,Suppressed
GO_Biological_Process_2023,Adenylate Cyclase-Activating Adrenergic Receptor Signaling Pathway (GO:0071880),6/15,0.03916674743275,0.9999963078360776,0,0,3.029126213592233,9.814148326699828,ADRB3;ADRB1;ADRB2;DRD2;ADRA2B;DRD5,LumB,Suppressed
GO_Biological_Process_2023,Regulation Of Systemic Arterial Blood Pressure By Hormone (GO:0001990),6/15,0.03916674743275,0.9999963078360776,0,0,3.029126213592233,9.814148326699828,ACE2;EDN1;OXTR;EDN3;RASL10B;AVPR2,LumB,Suppressed
GO_Biological_Process_2023,Vasodilation (GO:0042311),6/15,0.03916674743275,0.9999963078360776,0,0,3.029126213592233,9.814148326699828,ADRB3;ADRB1;ADRB2;AGTR2;NOS1;KLF2,LumB,Suppressed
GO_Biological_Process_2023,Positive Regulation Of Protein Kinase B Signaling (GO:0051897),24/93,0.03924525703033,0.9999963078360776,0,0,1.5825262724088194,5.124100877420431,SEMA5A;CX3CR1;P2RY12;CSF3;MYOC;ANGPT1;CCL21;F10;AKR1C3;IGF2;PDGFA;AKR1C2;IGF1;NTS;FGF2;CX3CL1;EGFR;LEP;GFRAL;CHI3L1;SPRY2;TEK;FERMT2;HBEGF,LumB,Suppressed
GO_Biological_Process_2023,Brown Fat Cell Differentiation (GO:0050873),4/8,0.040114164252811,0.9999963078360776,0,0,4.542556140837261,14.608977673183288,ADIPOQ;PRDM16;FFAR4;PPARGC1A,LumB,Suppressed
GO_Biological_Process_2023,Negative Regulation Of cAMP-mediated Signaling (GO:0043951),4/8,0.040114164252811,0.9999963078360776,0,0,4.542556140837261,14.608977673183288,PDE11A;PDE2A;PDE3B;PDE3A,LumB,Suppressed
GO_Biological_Process_2023,Regulation Of Urine Volume (GO:0035809),4/8,0.040114164252811,0.9999963078360776,0,0,4.542556140837261,14.608977673183288,NPR1;NPR3;HAS2;ADM,LumB,Suppressed
GO_Biological_Process_2023,Striated Muscle Contraction (GO:0006941),16/57,0.0415601035552127,0.9999963078360776,0,0,1.7746056514807151,5.644336681698137,SMPX;STAC;ATP1A2;RYR3;MYH3;MYL2;TNNT3;STAC2;CASQ2;TNNI2;DMD;NOS1;SCN5A;SCN3B;SCN4B;SCN2B,LumB,Suppressed
GO_Biological_Process_2023,Calcium-Independent Cell-Cell Adhesion Via Plasma Membrane Cell-Adhesion Molecules (GO:0016338),7/19,0.0416205239426801,0.9999963078360776,0,0,2.650735294117647,8.427116572857905,CLDN11;CLDN10;CLDN5;CLDN8;CLDN19;CLDN16;CLDN2,LumB,Suppressed
GO_Biological_Process_2023,Embryonic Digestive Tract Development (GO:0048566),7/19,0.0416205239426801,0.9999963078360776,0,0,2.650735294117647,8.427116572857905,PDGFRA;PKDCC;RARRES2;RBPMS2;TCF21;RARB;PCSK5,LumB,Suppressed
GO_Biological_Process_2023,Oligodendrocyte Differentiation (GO:0048709),7/19,0.0416205239426801,0.9999963078360776,0,0,2.650735294117647,8.427116572857905,PRDM8;SLC8A3;PTPRZ1;SOX8;SOX6;SOX10;ZNF488,LumB,Suppressed
GO_Biological_Process_2023,Water Transport (GO:0006833),7/19,0.0416205239426801,0.9999963078360776,0,0,2.650735294117647,8.427116572857905,AQP7;AQP4;AQP5;SLC5A1;AQP2;CFTR;AQP7P3,LumB,Suppressed
GO_Biological_Process_2023,Negative Regulation Of Endopeptidase Activity (GO:0010951),18/66,0.0417558037471438,0.9999963078360776,0,0,1.7055037573058724,5.416538078676976,SERPINB3;CRB2;SERPINB4;ANXA8L1;SERPINB12;CR1;SERPINB13;SERPIND1;SERPINF2;NRG1;CSN2;SERPINB5;BIN1;SPOCK3;FETUB;ANXA8;RECK;TIMP4,LumB,Suppressed
GO_Biological_Process_2023,Diacylglycerol Metabolic Process (GO:0046339),8/23,0.0423032978909517,0.9999963078360776,0,0,2.42375797946156,7.666080437107841,LIPE;DGAT2;GPAM;DGKB;MOGAT2;MOGAT1;DGKI;PNPLA2,LumB,Suppressed
GO_Biological_Process_2023,Long-Chain Fatty Acid Transport (GO:0015909),8/23,0.0423032978909517,0.9999963078360776,0,0,2.42375797946156,7.666080437107841,ABCD2;FABP4;ACSL1;FABP9;SLC27A6;PPARG;SPX;CD36,LumB,Suppressed
GO_Biological_Process_2023,Regulation Of Cold-Induced Thermogenesis (GO:0120161),35/146,0.0429480878284478,0.9999963078360776,0,0,1.435319547735655,4.5180459843065295,FOXC2;OXTR;EPAS1;LAMA4;NPR3;ADRB1;OXT;ADRB2;ADAMTS5;ACADL;PRDM16;LEPR;FFAR4;CD36;PPARGC1A;MAP2K6;ACSL1;CAV1;ADIPOQ;ARRDC3;ELOVL3;IL13;CIDEA;EBF2;G0S2;PTH2R;CNKSR2;FABP4;ADRB3;LEP;NOVA2;ID1;ALDH1A1;ALPL;LPIN1,LumB,Suppressed
GO_Biological_Process_2023,Positive Regulation Of Metabolic Process (GO:0009893),27/108,0.0436049391639485,0.9999963078360776,0,0,1.5167410714285714,4.75132010395413,OXTR;EPAS1;ADRB1;OXT;ADRB2;JCHAIN;PRDM16;LEPR;FFAR4;CD36;IGHA1;IGHA2;PPARGC1A;ACSL1;CAV1;ADIPOQ;ELOVL3;IL13;EBF2;G0S2;PTH2R;CNKSR2;FABP4;ADRB3;LEP;ALPL;LPIN1,LumB,Suppressed
GO_Biological_Process_2023,Glomerulus Vasculature Development (GO:0072012),3/5,0.0440464184983169,0.9999963078360776,0,0,6.812777161862528,21.272973231364272,PECAM1;TEK;CD34,LumB,Suppressed
GO_Biological_Process_2023,Negative Regulation Of Lamellipodium Organization (GO:1902744),3/5,0.0440464184983169,0.9999963078360776,0,0,6.812777161862528,21.272973231364272,KANK1;NRG1;SLIT2,LumB,Suppressed
GO_Biological_Process_2023,Negative Regulation Of Sequestering Of Triglyceride (GO:0010891),3/5,0.0440464184983169,0.9999963078360776,0,0,6.812777161862528,21.272973231364272,PPARG;PPARA;PNPLA2,LumB,Suppressed
GO_Biological_Process_2023,Positive Regulation Of Lipoprotein Particle Clearance (GO:0010986),3/5,0.0440464184983169,0.9999963078360776,0,0,6.812777161862528,21.272973231364272,LIPG;GPLD1;GPIHBP1,LumB,Suppressed
GO_Biological_Process_2023,Positive Regulation Of Vesicle Fusion (GO:0031340),3/5,0.0440464184983169,0.9999963078360776,0,0,6.812777161862528,21.272973231364272,ANXA1;DOC2B;SNCA,LumB,Suppressed
GO_Biological_Process_2023,Regulation Of Enamel Mineralization (GO:0070173),3/5,0.0440464184983169,0.9999963078360776,0,0,6.812777161862528,21.272973231364272,ENAM;CFTR;MMP20,LumB,Suppressed
GO_Biological_Process_2023,Regulation Of Glutamate Receptor Signaling Pathway (GO:1900449),3/5,0.0440464184983169,0.9999963078360776,0,0,6.812777161862528,21.272973231364272,PRNP;FRRS1L;SHANK3,LumB,Suppressed
GO_Biological_Process_2023,Regulation Of Sarcomere Organization (GO:0060297),3/5,0.0440464184983169,0.9999963078360776,0,0,6.812777161862528,21.272973231364272,EDN1;CAV3;PROX1,LumB,Suppressed
GO_Biological_Process_2023,Response To Catecholamine (GO:0071869),3/5,0.0440464184983169,0.9999963078360776,0,0,6.812777161862528,21.272973231364272,GNG2;NR4A3;DRD5,LumB,Suppressed
GO_Biological_Process_2023,Retinal Ganglion Cell Axon Guidance (GO:0031290),3/5,0.0440464184983169,0.9999963078360776,0,0,6.812777161862528,21.272973231364272,PTPRM;SLIT2;EPHB1,LumB,Suppressed
GO_Biological_Process_2023,Endothelial Cell Migration (GO:0043542),12/40,0.0453393983942176,0.9999963078360776,0,0,1.9482792839280756,6.027155689435065,DPP4;CDH5;NR4A1;EGR3;S100A2;ADGRA2;ID1;S100A12;CDH13;CCN3;PRSS3;FSTL1,LumB,Suppressed
GO_Biological_Process_2023,Regulation Of Peptidyl-Tyrosine Phosphorylation (GO:0050730),23/90,0.0474045231345734,0.9999963078360776,0,0,1.561615001913509,4.761422904490719,ANGPT4;PRNP;CSF3;ANGPT1;IGF2;LIF;PDGFA;NRG1;IGF1;EGFR;BMP6;IL22RA2;GHR;FGF7;SFRP1;IL6;RELN;BANK1;ENPP2;PECAM1;CSPG4;LACRT;TDGF1,LumB,Suppressed
GO_Biological_Process_2023,Atrial Cardiac Muscle Tissue Development (GO:0003228),5/12,0.0494497875241228,0.9999963078360776,0,0,3.244988511211473,9.757023400491228,GJB6;NOG;PROX1;TBX18;CACNA1G,LumB,Suppressed
GO_Biological_Process_2023,Dendrite Self-Avoidance (GO:0070593),5/12,0.0494497875241228,0.9999963078360776,0,0,3.244988511211473,9.757023400491228,ROBO3;ROBO4;TNN;NEXN;MYPN,LumB,Suppressed
GO_Biological_Process_2023,Negative Regulation Of Cardiac Muscle Hypertrophy (GO:0010614),5/12,0.0494497875241228,0.9999963078360776,0,0,3.244988511211473,9.757023400491228,MLIP;RGS2;CAV3;PPARG;FOXO1,LumB,Suppressed
GO_Biological_Process_2023,Negative Regulation Of Macrophage Derived Foam Cell Differentiation (GO:0010745),5/12,0.0494497875241228,0.9999963078360776,0,0,3.244988511211473,9.757023400491228,CRP;CETP;ADIPOQ;PPARG;PPARA,LumB,Suppressed
GO_Biological_Process_2023,Relaxation Of Cardiac Muscle (GO:0055119),5/12,0.0494497875241228,0.9999963078360776,0,0,3.244988511211473,9.757023400491228,RGS2;GSN;PLN;ATP1A2;KCNJ2,LumB,Suppressed
GO_Biological_Process_2023,Sodium Ion Export Across Plasma Membrane (GO:0036376),5/12,0.0494497875241228,0.9999963078360776,0,0,3.244988511211473,9.757023400491228,ATP4A;FXYD2;ATP1A2;ATP1B2;SLC4A4,LumB,Suppressed
GO_Biological_Process_2023,Regulation Of Cholesterol Efflux (GO:0010874),10/32,0.050131419599283,0.9999963078360776,0,0,2.065966524450279,6.183659547349751,CETP;EEPD1;LRP1;CAV1;PTCH1;ADIPOQ;PPARG;ABCA8;PLTP;CES1,LumB,Suppressed
GO_Biological_Process_2023,Negative Regulation Of Cytoskeleton Organization (GO:0051494),9/28,0.0521903336872259,0.9999963078360776,0,0,2.152751395423595,6.356769136172378,PRKN;IQCJ-SCHIP1;KANK1;PLEKHH2;CAV3;SLIT2;SHANK3;KANK4;KANK3,LumB,Suppressed
GO_Biological_Process_2023,Regulation Of Sodium Ion Transmembrane Transport (GO:1902305),9/28,0.0521903336872259,0.9999963078360776,0,0,2.152751395423595,6.356769136172378,CAV3;FXYD2;FXYD1;FXYD6;NOS1;SCN5A;SCN3B;SCN4B;SCN2B,LumB,Suppressed
GO_Biological_Process_2023,Regulation Of Epithelial Cell Proliferation (GO:0050678),23/91,0.0529775929900718,0.9999963078360776,0,0,1.53855580693816,4.520101917130444,CDKN1C;KRT4;ANGPT1;TIE1;TGFA;IGF1;GDF5;EGFR;BMP6;BMP5;TGFBR3;PKHD1;FGF16;NR4A1;FGF7;ZFP36;SFRP1;NR4A3;FGF9;HYAL1;LEP;SCN5A;LACRT,LumB,Suppressed
GO_Biological_Process_2023,Positive Regulation Of Cell Migration Involved In Sprouting Angiogenesis (GO:0090050),6/16,0.0533563990952973,0.9999963078360776,0,0,2.7260471567267683,7.989393680305775,FOXC2;FGFBP1;ANXA1;RHOJ;PTGS2;FGF2,LumB,Suppressed
GO_Biological_Process_2023,Positive Regulation Of Muscle Hypertrophy (GO:0014742),6/16,0.0533563990952973,0.9999963078360776,0,0,2.7260471567267683,7.989393680305775,EDN1;NR4A3;HAND2;PRKCA;IGF1;PDE9A,LumB,Suppressed
GO_Biological_Process_2023,Prostanoid Metabolic Process (GO:0006692),6/16,0.0533563990952973,0.9999963078360776,0,0,2.7260471567267683,7.989393680305775,AKR1C1;GSTP1;GSTA1;AKR1C3;AKR1C2;CES1,LumB,Suppressed
GO_Biological_Process_2023,Regulation Of Secretion (GO:0051046),6/16,0.0533563990952973,0.9999963078360776,0,0,2.7260471567267683,7.989393680305775,OPRK1;NRG1;SGK1;LACRT;GPLD1;CES1,LumB,Suppressed
GO_Biological_Process_2023,Regulation Of Neuroblast Proliferation (GO:1902692),8/24,0.0537327737572857,0.9999963078360776,0,0,2.272134332500694,6.643112200637042,CX3CR1;DCT;TAFA3;TAFA1;PTN;HAPLN3;DRD2;CX3CL1,LumB,Suppressed
GO_Biological_Process_2023,Heart Contraction (GO:0060047),12/41,0.0539369812464988,0.9999963078360776,0,0,1.880982265188606,5.49235333874344,MYL7;MYL2;CASQ2;ATP1A2;DMD;SCN5A;SCN3B;SGCZ;SCN4B;SGCG;TRDN;SCN2B,LumB,Suppressed
GO_Biological_Process_2023,Regulation Of Heart Rate By Cardiac Conduction (GO:0086091),12/41,0.0539369812464988,0.9999963078360776,0,0,1.880982265188606,5.49235333874344,KCNE1;BIN1;CACNA2D1;CAV1;KCNA5;ANK2;SCN5A;SCN3B;SCN4B;KCNJ2;CACNA1G;SCN2B,LumB,Suppressed
GO_Biological_Process_2023,Activation Of Adenylate Cyclase Activity (GO:0007190),7/20,0.0543551653814667,0.9999963078360776,0,0,2.446683172543328,7.125268978484226,GLP1R;LHCGR;ADRB3;AVPR2;ADRB1;ADRB2;DRD5,LumB,Suppressed
GO_Biological_Process_2023,Ameboidal-Type Cell Migration (GO:0001667),7/20,0.0543551653814667,0.9999963078360776,0,0,2.446683172543328,7.125268978484226,GPC3;FAT2;AMOTL2;CCN3;AMOTL1;CER1;TNS1,LumB,Suppressed
GO_Biological_Process_2023,Cellular Response To Copper Ion (GO:0071280),7/20,0.0543551653814667,0.9999963078360776,0,0,2.446683172543328,7.125268978484226,PRNP;MT1L;MT1M;MT1X;AQP2;AQP1;SNCA,LumB,Suppressed
GO_Biological_Process_2023,Skin Development (GO:0043588),18/68,0.0544146417014586,0.9999963078360776,0,0,1.6370832173671026,4.765748990225081,CERS3;SPRR2F;SPRR3;SPRR2G;ANXA1;AKR1C3;PDGFA;DLL1;KRT9;TGM1;SCEL;KRT16;DACT2;LORICRIN;TXNIP;SPRR2B;SPRR1B;EPHA2,LumB,Suppressed
GO_Biological_Process_2023,Blood Circulation (GO:0008015),14/50,0.0553603291192948,0.9999963078360776,0,0,1.7680011120378092,5.116404314103189,UTS2R;EDN3;NPR1;ELN;SGCZ;TRDN;ACE2;MYL7;PLN;CXCL12;MYL2;COL4A3;LPA;SGCG,LumB,Suppressed
GO_Biological_Process_2023,Calcium Ion Import Across Plasma Membrane (GO:0098703),11/37,0.0573158917748984,0.9999963078360776,0,0,1.9230021367521368,5.498204154071632,TRPM1;SLC8A3;SCN11A;CACNA2D1;SCN9A;SCN7A;SCN4A;SCN5A;SCN2A;SCN3A;CACNA1G,LumB,Suppressed
GO_Biological_Process_2023,Negative Regulation Of Endothelial Cell Proliferation (GO:0001937),11/37,0.0573158917748984,0.9999963078360776,0,0,1.9230021367521368,5.498204154071632,NGFR;RGCC;CAV2;CAV1;TNMD;ATOH8;COL4A3;MMRN2;PTPRM;PPARG;CNMD,LumB,Suppressed
GO_Biological_Process_2023,Regulation Of Cell Adhesion Mediated By Integrin (GO:0033628),10/33,0.060705704456078,0.9999963078360776,0,0,1.9760211535443053,5.5362532586236375,DPP4;P2RY12;FOXC2;CCL21;TESC;PDE3B;LIF;NRG1;JAM3;EPHA2,LumB,Suppressed
GO_Biological_Process_2023,Regulation Of Potassium Ion Transmembrane Transport (GO:1901379),10/33,0.060705704456078,0.9999963078360776,0,0,1.9760211535443053,5.5362532586236375,KCNE1;DPP6;CAV3;KCNIP1;KCNIP2;BIN1;CAV1;FHL1;KCNAB1;KCNN4,LumB,Suppressed
GO_Biological_Process_2023,Regulation Of Sprouting Angiogenesis (GO:1903670),10/33,0.060705704456078,0.9999963078360776,0,0,1.9760211535443053,5.5362532586236375,PPP1R16B;FGF16;BMPER;TNN;RHOJ;FGF1;KLF4;DLL1;FGF2;KLF2,LumB,Suppressed
GO_Biological_Process_2023,Amine Metabolic Process (GO:0009308),4/9,0.0620919377334755,0.9999963078360776,0,0,3.633823121707791,10.098900013154095,AOC3;AOC2;MAOA;INMT,LumB,Suppressed
GO_Biological_Process_2023,Negative Regulation Of Leukocyte Migration (GO:0002686),4/9,0.0620919377334755,0.9999963078360776,0,0,3.633823121707791,10.098900013154095,SLIT2;HOXA7;CD200;BMP5,LumB,Suppressed
GO_Biological_Process_2023,Positive Regulation Of Sodium Ion Transmembrane Transport (GO:1902307),4/9,0.0620919377334755,0.9999963078360776,0,0,3.633823121707791,10.098900013154095,FXYD1;DMD;ATP1B2;NOS1,LumB,Suppressed
GO_Biological_Process_2023,Toxin Transport (GO:1901998),4/9,0.0620919377334755,0.9999963078360776,0,0,3.633823121707791,10.098900013154095,SLC22A3;ANTXRL;SLC29A4;ANTXR2,LumB,Suppressed
GO_Biological_Process_2023,Calcium Ion Homeostasis (GO:0055074),25/102,0.0621460824523981,0.9999963078360776,0,0,1.4768834066101215,4.103177165093161,CCL14;CCL13;CHRNA7;HTR2A;PTH1R;PKHD1;CDH5;JPH2;PLN;ELANE;DRD5;SNCA;EDN1;CCL23;EDN3;CAV1;ANK2;TRDN;SLC8A3;CXCL12;CASQ2;RGN;ATP13A4;ALPL;ATP13A5,LumB,Suppressed
GO_Biological_Process_2023,Monocyte Chemotaxis (GO:0002548),12/42,0.0635682536183671,0.9999963078360776,0,0,1.8181717143651013,5.010228685144346,CCL14;CCL13;CCL24;CCL23;IL6;CCL21;S100A12;TNFSF11;CTSG;FOLR2;CX3CL1;CCL16,LumB,Suppressed
GO_Biological_Process_2023,Regulation Of Protein Kinase B Signaling (GO:0051896),32/136,0.0635878640007957,0.9999963078360776,0,0,1.400047284372515,3.857595986393411,SEMA5A;CX3CR1;CSF3;PDGFA;NTS;FGF2;CX3CL1;EGFR;PKHD1;DRD2;P2RY12;NTRK2;MYOC;ANGPT1;CCL21;F10;NTRK3;IGF2;AKR1C3;AKR1C2;IGF1;BANK1;SFRP5;LEP;GFRAL;CHI3L1;SPRY2;TEK;PPARA;FERMT2;EPHA2;HBEGF,LumB,Suppressed
GO_Biological_Process_2023,Regulation Of Endothelial Cell Migration (GO:0010594),22/88,0.0637199069464755,0.9999963078360776,0,0,1.5160211758149902,4.1739978159936415,FOXC2;ANGPT4;EDN1;ANGPT1;ANXA3;PTPRM;PRKCA;PROX1;PTN;FGF1;FGF2;DCN;BMPER;RHOJ;ATOH8;SLIT2;TEK;PLPP3;ADAMTS9;TDGF1;GPLD1;EPHA2,LumB,Suppressed
GO_Biological_Process_2023,Maintenance Of Blood-Brain Barrier (GO:0035633),9/29,0.0639873104704767,0.9999963078360776,0,0,2.044988895058301,5.621818622105867,CDH5;CLDN5;IL6;LAMA2;GJB6;PECAM1;DMD;JAM2;JAM3,LumB,Suppressed
GO_Biological_Process_2023,Response To Alcohol (GO:0097305),9/29,0.0639873104704767,0.9999963078360776,0,0,2.044988895058301,5.621818622105867,TGFBR3;CCL21;HSD3B1;CSN1S1;SLIT2;ADH7;GRIN2B;ADH6;TGFBR2,LumB,Suppressed
GO_Biological_Process_2023,Sarcomere Organization (GO:0045214),9/29,0.0639873104704767,0.9999963078360776,0,0,2.044988895058301,5.621818622105867,FHOD3;MYH3;CSRP1;TNNT3;CAPN3;FLNC;MYOZ2;MYOM2;MYPN,LumB,Suppressed
GO_Biological_Process_2023,Antimicrobial Humoral Immune Response Mediated By Antimicrobial Peptide (GO:0061844),17/65,0.0665963973141035,0.9999963078360776,0,0,1.610305370061213,4.36248600312144,CXCL6;CCL13;TSLP;CXCL1;DEFB1;NRG1;RNASE3;PPBP;CXCL3;CXCL2;CXCL5;RNASE7;MUC7;S100A12;PF4V1;KRT6A;PF4,LumB,Suppressed
GO_Biological_Process_2023,Positive Regulation Of Cold-Induced Thermogenesis (GO:0120162),24/98,0.0670887848765143,0.9999963078360776,0,0,1.4751467385980908,3.985460573688509,OXTR;ACSL1;EPAS1;CAV1;ADIPOQ;ELOVL3;IL13;EBF2;G0S2;ADRB1;OXT;PTH2R;ADRB2;CNKSR2;FABP4;ADRB3;LEP;PRDM16;LEPR;FFAR4;ALPL;CD36;LPIN1;PPARGC1A,LumB,Suppressed
GO_Biological_Process_2023,Fatty Acid Transport (GO:0015908),11/38,0.0680068180030568,0.9999963078360776,0,0,1.8516666666666663,4.977552776574,FABP1;RBP7;FABP4;ACSL1;FABP7;FABP9;SLC27A6;PMP2;PPARG;CD36;SLC22A11,LumB,Suppressed
GO_Biological_Process_2023,Body Fluid Secretion (GO:0007589),5/13,0.0687481097550016,0.9999963078360776,0,0,2.8391916250693288,7.601384878810358,OXTR;NPR1;CSN3;CSN2;VIP,LumB,Suppressed
GO_Biological_Process_2023,Glomerular Filtration (GO:0003094),5/13,0.0687481097550016,0.9999963078360776,0,0,2.8391916250693288,7.601384878810358,KIRREL1;MCAM;IGHA1;IGHA2;JCHAIN,LumB,Suppressed
GO_Biological_Process_2023,Intracellular Potassium Ion Homeostasis (GO:0030007),5/13,0.0687481097550016,0.9999963078360776,0,0,2.8391916250693288,7.601384878810358,ATP4A;FXYD2;ATP1A2;ATP1B2;KCNJ2,LumB,Suppressed
GO_Biological_Process_2023,Lipid Oxidation (GO:0034440),5/13,0.0687481097550016,0.9999963078360776,0,0,2.8391916250693288,7.601384878810358,ACSM1;ADIPOQ;ALOX15B;HAO2;PPARGC1A,LumB,Suppressed
GO_Biological_Process_2023,Membrane Depolarization During Action Potential (GO:0086010),5/13,0.0687481097550016,0.9999963078360776,0,0,2.8391916250693288,7.601384878810358,SCN5A;SCN3B;SCN4B;KCNJ2;SCN2B,LumB,Suppressed
GO_Biological_Process_2023,Monoacylglycerol Metabolic Process (GO:0046462),5/13,0.0687481097550016,0.9999963078360776,0,0,2.8391916250693288,7.601384878810358,DGAT2;MOGAT2;AWAT2;PLA2G4A;MGLL,LumB,Suppressed
GO_Biological_Process_2023,Positive Regulation Of Potassium Ion Transmembrane Transporter Activity (GO:1901018),5/13,0.0687481097550016,0.9999963078360776,0,0,2.8391916250693288,7.601384878810358,KCNIP2;LRRC38;FXYD2;ANK2;ATP1B2,LumB,Suppressed
GO_Biological_Process_2023,Regulation Of Cellular Ketone Metabolic Process (GO:0010565),5/13,0.0687481097550016,0.9999963078360776,0,0,2.8391916250693288,7.601384878810358,NR1H4;PDK4;PPARA;CYP7A1;CES1,LumB,Suppressed
GO_Biological_Process_2023,Lipid Catabolic Process (GO:0016042),7/21,0.0692659760948474,0.9999963078360776,0,0,2.2717813540510545,6.065205173101044,HSD11B1;LIPE;CES1P1;CYP1A2;LIPG;CYP3A4;CES1,LumB,Suppressed
GO_Biological_Process_2023,Cell Migration Involved In Sprouting Angiogenesis (GO:0002042),6/17,0.0702726551317525,0.9999963078360776,0,0,2.478073382927752,6.580207987803568,NR4A1;EGR3;SLIT2;FGF2;TDGF1;GPLD1,LumB,Suppressed
GO_Biological_Process_2023,Negative Regulation Of Insulin Secretion (GO:0046676),6/17,0.0702726551317525,0.9999963078360776,0,0,2.478073382927752,6.580207987803568,PRKN;SFRP1;KCNB1;CCN3;FAM3D;FOXO1,LumB,Suppressed
GO_Biological_Process_2023,Positive Regulation Of Macrophage Derived Foam Cell Differentiation (GO:0010744),6/17,0.0702726551317525,0.9999963078360776,0,0,2.478073382927752,6.580207987803568,PLA2G2A;PLA2G5;CD36;APOB;ALOX15B;PF4,LumB,Suppressed
GO_Biological_Process_2023,Positive Regulation Of Potassium Ion Transmembrane Transport (GO:1901381),6/17,0.0702726551317525,0.9999963078360776,0,0,2.478073382927752,6.580207987803568,KCNE1;KCNIP2;AKAP6;ANK2;ATP1B2;KCNN4,LumB,Suppressed
GO_Biological_Process_2023,Positive Regulation Of Cell Junction Assembly (GO:1901890),16/61,0.0719755272612946,0.9999963078360776,0,0,1.6164673157162726,4.253619161082601,NLGN1;MYOC;CAV1;NRG1;ACE2;CLDN5;SFRP1;CUX2;SLITRK2;SLITRK3;CLDN19;TEK;EPHB1;FERMT2;EPHA2;LRRC4B,LumB,Suppressed
GO_Biological_Process_2023,Adenylate Cyclase-Inhibiting G Protein-Coupled Receptor Signaling Pathway (GO:0007193),14/52,0.0737292384538153,0.9999963078360776,0,0,1.6747435728604243,4.3666524283084,P2RY12;CHRM3;CHRM1;PSAPL1;PDE2A;ADCY4;OPRK1;GNAI1;AKAP12;MARCO;MTNR1A;FFAR3;OXER1;DRD2,LumB,Suppressed
GO_Biological_Process_2023,Positive Regulation Of miRNA Transcription (GO:1902895),12/43,0.0742640012865093,0.9999963078360776,0,0,1.7594134571431133,4.574701864165094,FOSL1;EGR1;NGFR;JUN;KLF5;ATOH8;PPARG;FOS;NR3C1;KLF4;FGF2;EGFR,LumB,Suppressed
GO_Biological_Process_2023,AV Node Cell Action Potential (GO:0086016),3/6,0.076423965072242,0.9999963078360776,0,0,4.541574279379158,11.67847184160832,SCN5A;SCN4B;CACNA1G,LumB,Suppressed
GO_Biological_Process_2023,Catecholamine Uptake (GO:0090493),3/6,0.076423965072242,0.9999963078360776,0,0,4.541574279379158,11.67847184160832,SLC22A3;SLC29A4;SLC6A2,LumB,Suppressed
GO_Biological_Process_2023,Cellular Response To Monoamine Stimulus (GO:0071868),3/6,0.076423965072242,0.9999963078360776,0,0,4.541574279379158,11.67847184160832,GNG2;NR4A3;DRD5,LumB,Suppressed
GO_Biological_Process_2023,Cellular Response To Prostaglandin E Stimulus (GO:0071380),3/6,0.076423965072242,0.9999963078360776,0,0,4.541574279379158,11.67847184160832,PTGER4;SFRP1;GNG2,LumB,Suppressed
GO_Biological_Process_2023,Enteric Nervous System Development (GO:0048484),3/6,0.076423965072242,0.9999963078360776,0,0,4.541574279379158,11.67847184160832,KIF26A;SOX8;SOX10,LumB,Suppressed
GO_Biological_Process_2023,Glandular Epithelial Cell Development (GO:0002068),3/6,0.076423965072242,0.9999963078360776,0,0,4.541574279379158,11.67847184160832,DLL1;BMP6;BMP5,LumB,Suppressed
GO_Biological_Process_2023,Long-Chain Fatty Acid Catabolic Process (GO:0042758),3/6,0.076423965072242,0.9999963078360776,0,0,4.541574279379158,11.67847184160832,GLYATL2;ACADL;ADTRP,LumB,Suppressed
GO_Biological_Process_2023,Monoacylglycerol Biosynthetic Process (GO:0006640),3/6,0.076423965072242,0.9999963078360776,0,0,4.541574279379158,11.67847184160832,DGAT2;MOGAT2;PLA2G4A,LumB,Suppressed
GO_Biological_Process_2023,Negative Regulation Of Cardiocyte Differentiation (GO:1905208),3/6,0.076423965072242,0.9999963078360776,0,0,4.541574279379158,11.67847184160832,FZD7;SOX6;EGFR,LumB,Suppressed
GO_Biological_Process_2023,Norepinephrine Transport (GO:0015874),3/6,0.076423965072242,0.9999963078360776,0,0,4.541574279379158,11.67847184160832,SLC22A3;SLC29A4;SLC6A2,LumB,Suppressed
GO_Biological_Process_2023,Peptide Transport (GO:0015833),3/6,0.076423965072242,0.9999963078360776,0,0,4.541574279379158,11.67847184160832,CLEC4M;CD209;CDH17,LumB,Suppressed
GO_Biological_Process_2023,Positive Regulation Of Leukocyte Tethering Or Rolling (GO:1903238),3/6,0.076423965072242,0.9999963078360776,0,0,4.541574279379158,11.67847184160832,SELP;CHST4;SELE,LumB,Suppressed
GO_Biological_Process_2023,Positive Regulation Of Unsaturated Fatty Acid Biosynthetic Process (GO:2001280),3/6,0.076423965072242,0.9999963078360776,0,0,4.541574279379158,11.67847184160832,ABCD2;ANXA1;PTGS2,LumB,Suppressed
GO_Biological_Process_2023,Regulation Of I-kappaB Phosphorylation (GO:1903719),3/6,0.076423965072242,0.9999963078360776,0,0,4.541574279379158,11.67847184160832,CX3CR1;SIRPA;CX3CL1,LumB,Suppressed
GO_Biological_Process_2023,Regulation Of Atrial Cardiac Muscle Cell Membrane Depolarization (GO:0060371),3/6,0.076423965072242,0.9999963078360776,0,0,4.541574279379158,11.67847184160832,SCN5A;SCN3B;SCN2B,LumB,Suppressed
GO_Biological_Process_2023,Regulation Of Bile Acid Metabolic Process (GO:1904251),3/6,0.076423965072242,0.9999963078360776,0,0,4.541574279379158,11.67847184160832,NR1H4;CYP7A1;CES1,LumB,Suppressed
GO_Biological_Process_2023,Regulation Of Cardiac Muscle Cell Membrane Potential (GO:0086036),3/6,0.076423965072242,0.9999963078360776,0,0,4.541574279379158,11.67847184160832,PLN;FXYD1;TRDN,LumB,Suppressed
GO_Biological_Process_2023,Regulation Of Cardiac Muscle Hypertrophy In Response To Stress (GO:1903242),3/6,0.076423965072242,0.9999963078360776,0,0,4.541574279379158,11.67847184160832,MLIP;PPARG;FOXO1,LumB,Suppressed
GO_Biological_Process_2023,Regulation Of Endothelial Cell Chemotaxis To Fibroblast Growth Factor (GO:2000544),3/6,0.076423965072242,0.9999963078360776,0,0,4.541574279379158,11.67847184160832,FGF16;FGF1;FGF2,LumB,Suppressed
GO_Biological_Process_2023,Regulation Of Microglial Cell Migration (GO:1904139),3/6,0.076423965072242,0.9999963078360776,0,0,4.541574279379158,11.67847184160832,CX3CR1;P2RY12;CX3CL1,LumB,Suppressed
GO_Biological_Process_2023,Regulation Of Norepinephrine Secretion (GO:0014061),3/6,0.076423965072242,0.9999963078360776,0,0,4.541574279379158,11.67847184160832,KCNB1;FFAR3;ADRA2B,LumB,Suppressed
GO_Biological_Process_2023,Regulation Of Skeletal Muscle Satellite Cell Proliferation (GO:0014842),3/6,0.076423965072242,0.9999963078360776,0,0,4.541574279379158,11.67847184160832,ANGPT1;EPHB1;FGF2,LumB,Suppressed
GO_Biological_Process_2023,Regulation Of Systemic Arterial Blood Pressure By Renin-Angiotensin (GO:0003081),3/6,0.076423965072242,0.9999963078360776,0,0,4.541574279379158,11.67847184160832,ACE2;SERPINF2;AGTR2,LumB,Suppressed
GO_Biological_Process_2023,Type B Pancreatic Cell Development (GO:0003323),3/6,0.076423965072242,0.9999963078360776,0,0,4.541574279379158,11.67847184160832,DLL1;BMP6;BMP5,LumB,Suppressed
GO_Biological_Process_2023,Ureter Development (GO:0072189),3/6,0.076423965072242,0.9999963078360776,0,0,4.541574279379158,11.67847184160832,SOX17;SOX8;TBX18,LumB,Suppressed
GO_Biological_Process_2023,Vascular Wound Healing (GO:0061042),3/6,0.076423965072242,0.9999963078360776,0,0,4.541574279379158,11.67847184160832,MCAM;NDNF;CD34,LumB,Suppressed
GO_Biological_Process_2023,Regulation Of Wnt Signaling Pathway (GO:0030111),26/109,0.0765245808836139,0.9999963078360776,0,0,1.4247987766967452,3.6619369884866697,PRKN;KANK1;CITED1;LRP1;APCDD1;WIF1;GPC3;RSPO3;SOSTDC1;RSPO1;SOX7;CER1;WLS;TCF7L1;FZD7;HIC1;DKK4;SFRP1;BMP2;DAAM2;SFRP5;CCNYL2;LGR6;FOLR1;TRABD2B;TRABD2A,LumB,Suppressed
GO_Biological_Process_2023,Regulation Of Cell Migration Involved In Sprouting Angiogenesis (GO:0090049),9/30,0.0773400980998302,0.9999963078360776,0,0,1.947489489965892,4.984682554850371,FOXC2;FGFBP1;ANXA1;MMRN2;RHOJ;MEOX2;PTGS2;KLF4;FGF2,LumB,Suppressed
GO_Biological_Process_2023,Regulation Of MAP Kinase Activity (GO:0043405),27/114,0.077581944800079,0.9999963078360776,0,0,1.4116186884236452,3.608691022391947,TENM1;GSTP1;PDGFA;TGFA;FGF1;FGF2;EGFR;GHR;RGS2;PDGFD;TNFSF11;S100A12;ELANE;EDN1;CAV3;EDN3;DUSP1;IL34;NTRK3;ADIPOQ;FGF16;BMP2;KIT;SPRY2;PPARG;SPRY1;TDGF1,LumB,Suppressed
GO_Biological_Process_2023,Regulation Of Nitric Oxide Biosynthetic Process (GO:0045428),11/39,0.0798993242334902,0.9999963078360776,0,0,1.785426587301587,4.5117513537024525,CX3CR1;EDN1;PTGIS;CAV1;HBB;SIRPA;CD36;AGTR2;PTGS2;KLF4;KLF2,LumB,Suppressed
GO_Biological_Process_2023,Cell-Cell Adhesion Mediated By Cadherin (GO:0044331),8/26,0.0820135291114593,0.9999963078360776,0,0,2.019428254232584,5.050329671007964,CDH5;CDH4;CDH3;CDH22;CDH12;CDH13;CDH17;CDH8,LumB,Suppressed
GO_Biological_Process_2023,Negative Regulation Of Lipid Metabolic Process (GO:0045833),8/26,0.0820135291114593,0.9999963078360776,0,0,2.019428254232584,5.050329671007964,ALK;HCAR2;ASXL3;PDE3B;CIDEA;APOD;CCDC3;CIDEC,LumB,Suppressed
GO_Biological_Process_2023,Positive Regulation Of Nuclear Division (GO:0051785),8/26,0.0820135291114593,0.9999963078360776,0,0,2.019428254232584,5.050329671007964,EDN1;NPM2;RGCC;EDN3;IGF2;TGFA;IGF1;OOEP,LumB,Suppressed
GO_Biological_Process_2023,Regulation Of Potassium Ion Transmembrane Transporter Activity (GO:1901016),8/26,0.0820135291114593,0.9999963078360776,0,0,2.019428254232584,5.050329671007964,KCNE1;CAV3;KCNS1;FHL1;CASQ2;ANK2;KCNAB1;ATP1B2,LumB,Suppressed
GO_Biological_Process_2023,Response To Glucocorticoid (GO:0051384),8/26,0.0820135291114593,0.9999963078360776,0,0,2.019428254232584,5.050329671007964,ZFP36;IL6;ANXA1;HSD3B1;FAM107A;SLIT2;NR3C1;ZFP36L2,LumB,Suppressed
GO_Biological_Process_2023,Positive Regulation Of ERK1 And ERK2 Cascade (GO:0070374),40/179,0.0830665914050229,0.9999963078360776,0,0,1.3095096591447088,3.258207596374201,CCL14;CCL13;CHRNA7;PDGFA;PLA2G5;HTR2A;FGF1;FGF2;CX3CL1;EGFR;BMPER;PDGFD;FFAR4;TNFSF11;ALKAL2;CD36;CCL16;PDGFRA;CCL24;NTRK2;CCL23;ANGPT1;CCL21;NTRK3;SERPINF2;GPR55;PLA2G2A;PRKCA;NRG1;IGF1;MTURN;MARCO;BMP2;HAND2;CHI3L1;SPRY2;ROR1;TEK;FERMT2;DDR2,LumB,Suppressed
GO_Biological_Process_2023,Adherens Junction Organization (GO:0034332),10/35,0.0859077350971393,0.9999963078360776,0,0,1.817717300749792,4.461553316689916,CDH5;CDH4;CDH3;CDH22;CDH12;CDH13;CDH17;CDH8;FERMT2;JAM3,LumB,Suppressed
GO_Biological_Process_2023,One-Carbon Compound Transport (GO:0019755),10/35,0.0859077350971393,0.9999963078360776,0,0,1.817717300749792,4.461553316689916,SLC14A1;SLC14A2;CA4;HBB;SLC26A7;SLC4A1;AQP5;HBA1;SLC4A4;CFTR,LumB,Suppressed
GO_Biological_Process_2023,Cellular Response To Ketone (GO:1901655),12/44,0.0860445280207945,0.9999963078360776,0,0,1.7043275909974993,4.180528699561055,PTGER4;PTGFR;SFRP1;GNG2;KLF9;AKR1C3;AKR1C2;NR3C1;PCK1;GNAI1;CFTR;AQP1,LumB,Suppressed
GO_Biological_Process_2023,Embryonic Organ Morphogenesis (GO:0048562),12/44,0.0860445280207945,0.9999963078360776,0,0,1.7043275909974993,4.180528699561055,MFAP5;PDGFRA;ALDH1A3;HOXA9;EFEMP1;FOXE1;SOX17;HOXA3;RBPMS2;TCF21;ALX1;HOXA4,LumB,Suppressed
GO_Biological_Process_2023,Mammary Gland Development (GO:0030879),7/22,0.0863754653168842,0.9999963078360776,0,0,2.1201997780244173,5.192478679336722,OXTR;CAV1;NOTCH4;CSN3;NRG1;CSN2;TDGF1,LumB,Suppressed
GO_Biological_Process_2023,Regulation Of Cardiac Muscle Cell Membrane Repolarization (GO:0099623),7/22,0.0863754653168842,0.9999963078360776,0,0,2.1201997780244173,5.192478679336722,KCNE1;CAV3;CACNA2D1;ANK2;KCNA5;SCN5A;SCN4B,LumB,Suppressed
GO_Biological_Process_2023,Second-Messenger-Mediated Signaling (GO:0019932),18/72,0.087256114044747,0.9999963078360776,0,0,1.5154467019204008,3.696034547423973,P2RY12;CHRM3;EDN1;EDN3;NDNF;SELE;NCALD;CNKSR2;POMC;RCAN1;EDNRB;TNFSF11;NMUR1;CD36;NOS1;AGTR2;MCTP2;LACRT,LumB,Suppressed
GO_Biological_Process_2023,Mast Cell Activation Involved In Immune Response (GO:0002279),4/10,0.0891104023414575,0.9999963078360776,0,0,3.0280011089548102,7.321340905754906,NR4A3;MRGPRX2;KIT;FCER1A,LumB,Suppressed
GO_Biological_Process_2023,Mast Cell Degranulation (GO:0043303),4/10,0.0891104023414575,0.9999963078360776,0,0,3.0280011089548102,7.321340905754906,NR4A3;MRGPRX2;KIT;FCER1A,LumB,Suppressed
GO_Biological_Process_2023,Negative Regulation Of Oxidoreductase Activity (GO:0051354),4/10,0.0891104023414575,0.9999963078360776,0,0,3.0280011089548102,7.321340905754906,PRKN;HP;DRD5;SNCA,LumB,Suppressed
GO_Biological_Process_2023,Positive Regulation Of Chondrocyte Differentiation (GO:0032332),4/10,0.0891104023414575,0.9999963078360776,0,0,3.0280011089548102,7.321340905754906,PKDCC;ZBTB16;SOX6;GDF5,LumB,Suppressed
GO_Biological_Process_2023,Positive Regulation Of Integrin Activation (GO:0033625),4/10,0.0891104023414575,0.9999963078360776,0,0,3.0280011089548102,7.321340905754906,P2RY12;FERMT1;FERMT2;RASIP1,LumB,Suppressed
GO_Biological_Process_2023,Positive Regulation Of Macrophage Differentiation (GO:0045651),4/10,0.0891104023414575,0.9999963078360776,0,0,3.0280011089548102,7.321340905754906,IL34;LIF;PRKCA;PF4,LumB,Suppressed
GO_Biological_Process_2023,Positive Regulation Of Transforming Growth Factor Beta Production (GO:0071636),4/10,0.0891104023414575,0.9999963078360776,0,0,3.0280011089548102,7.321340905754906,TNXB;SERPINF2;PTGS2;CD200,LumB,Suppressed
GO_Biological_Process_2023,Receptor-Mediated Endocytosis Of Virus By Host Cell (GO:0019065),4/10,0.0891104023414575,0.9999963078360776,0,0,3.0280011089548102,7.321340905754906,DPP4;CLEC4M;CAV2;CAV1,LumB,Suppressed
GO_Biological_Process_2023,Regulation Of Phospholipase Activity (GO:0010517),4/10,0.0891104023414575,0.9999963078360776,0,0,3.0280011089548102,7.321340905754906,RGS2;LRP1;PLA2G5;SNCA,LumB,Suppressed
GO_Biological_Process_2023,Signal Release (GO:0023061),4/10,0.0891104023414575,0.9999963078360776,0,0,3.0280011089548102,7.321340905754906,LEP;FFAR4;PCSK5;WLS,LumB,Suppressed
GO_Biological_Process_2023,Adrenergic Receptor Signaling Pathway (GO:0071875),6/18,0.0899140491341566,0.9999963078360776,0,0,2.271428571428572,5.471646726556416,ADRB3;ADRB1;ADRB2;DRD2;ADRA2B;DRD5,LumB,Suppressed
GO_Biological_Process_2023,Heart Trabecula Morphogenesis (GO:0061384),6/18,0.0899140491341566,0.9999963078360776,0,0,2.271428571428572,5.471646726556416,TGFBR3;NOG;S1PR1;NRG1;TEK;BMP5,LumB,Suppressed
GO_Biological_Process_2023,Myoblast Fusion (GO:0007520),6/18,0.0899140491341566,0.9999963078360776,0,0,2.271428571428572,5.471646726556416,ADAMTS5;ERVFRD-1;MYMX;ADGRB3;NOS1;JAM2,LumB,Suppressed
GO_Biological_Process_2023,Negative Regulation Of Lipid Catabolic Process (GO:0050995),6/18,0.0899140491341566,0.9999963078360776,0,0,2.271428571428572,5.471646726556416,ALK;HCAR2;PDE3B;CIDEA;CIDEC;GPLD1,LumB,Suppressed
GO_Biological_Process_2023,Negative Regulation Of Lipid Storage (GO:0010888),6/18,0.0899140491341566,0.9999963078360776,0,0,2.271428571428572,5.471646726556416,CRP;IL6;PPARG;PPARA;CES1;PNPLA2,LumB,Suppressed
GO_Biological_Process_2023,Regulation Of Ventricular Cardiac Muscle Cell Membrane Repolarization (GO:0060307),6/18,0.0899140491341566,0.9999963078360776,0,0,2.271428571428572,5.471646726556416,KCNE1;CAV3;CACNA2D1;ANK2;SCN5A;SCN4B,LumB,Suppressed
GO_Biological_Process_2023,Ureteric Bud Development (GO:0001657),6/18,0.0899140491341566,0.9999963078360776,0,0,2.271428571428572,5.471646726556416,FOXC1;WNT11;GPC3;TCF21;SLIT2;CER1,LumB,Suppressed
GO_Biological_Process_2023,Antibacterial Humoral Response (GO:0019731),13/49,0.0912487993328832,0.9999963078360776,0,0,1.6412590327959975,3.92944566196092,WFDC12;DEFB1;RNASE3;WFDC5;F3;JCHAIN;SLPI;RNASE7;CTSG;PI3;IGHA1;SPRR2A;IGHA2,LumB,Suppressed
GO_Biological_Process_2023,Hyaluronan Metabolic Process (GO:0030212),5/14,0.0915942809090284,0.9999963078360776,0,0,2.52357182473655,6.032311882183548,HYAL1;HAS1;HAS3;HAS2;FGF2,LumB,Suppressed
GO_Biological_Process_2023,Odontogenesis Of Dentin-Containing Tooth (GO:0042475),5/14,0.0915942809090284,0.9999963078360776,0,0,2.52357182473655,6.032311882183548,WNT6;FOXC1;BMP2;ODAM;SCN5A,LumB,Suppressed
GO_Biological_Process_2023,Prostanoid Biosynthetic Process (GO:0046457),5/14,0.0915942809090284,0.9999963078360776,0,0,2.52357182473655,6.032311882183548,EDN1;PTGIS;PLA2G4A;PTGS2;PTGDS,LumB,Suppressed
GO_Biological_Process_2023,"Synaptic Transmission, GABAergic (GO:0051932)",5/14,0.0915942809090284,0.9999963078360776,0,0,2.52357182473655,6.032311882183548,GABRA2;GABRA4;GABRE;GABRG3;GABRG1,LumB,Suppressed
GO_Biological_Process_2023,Blood Vessel Diameter Maintenance (GO:0097746),10/36,0.1005653259416009,0.9999963078360776,0,0,1.7476982889368338,4.01437165818202,CRP;ACE2;EDN1;EDNRB;EDN3;NPR1;SERPINF2;NOS1;AGTR2;KLF2,LumB,Suppressed
GO_Biological_Process_2023,Regulation Of Extracellular Matrix Organization (GO:1903053),7/23,0.1056570479063844,0.9999963078360776,0,0,1.9875658990011096,4.467167305796933,LAMA2;LRP1;ANGPTL7;LAMA1;TIE1;PRDM5;DDR2,LumB,Suppressed
GO_Biological_Process_2023,Lymphocyte Migration (GO:0072676),11/41,0.1073344109726456,0.9999963078360776,0,0,1.6661944444444443,3.7186227283503,CCL14;CCL13;CCL24;CCL23;KLF5;CCL21;S1PR1;SAA1;NEDD9;CX3CL1;CCL16,LumB,Suppressed
GO_Biological_Process_2023,Dopamine Metabolic Process (GO:0042417),6/19,0.1122033793748528,0.9999963078360776,0,0,2.0965752693908035,4.586137150851814,PRKN;MAOA;MOXD2P;SNCAIP;DRD2;SNCA,LumB,Suppressed
GO_Biological_Process_2023,Positive Regulation Of Hormone Secretion (GO:0046887),6/19,0.1122033793748528,0.9999963078360776,0,0,2.0965752693908035,4.586137150851814,HCAR2;EDN1;NMB;EDN3;RASL10B;PPARG,LumB,Suppressed
GO_Biological_Process_2023,Regulation Of Vascular Endothelial Growth Factor Signaling Pathway (GO:1900746),6/19,0.1122033793748528,0.9999963078360776,0,0,2.0965752693908035,4.586137150851814,CCBE1;TNXB;SPRY2;NRG1;DLL1;DCN,LumB,Suppressed
GO_Biological_Process_2023,Cardiac Conduction (GO:0061337),12/46,0.1128857951506145,0.9999963078360776,0,0,1.603876893908439,3.498662787484796,KCNE1;BIN1;CACNA2D1;CAV1;KCNA5;ANK2;SCN5A;SCN3B;SCN4B;KCNJ2;CACNA1G;SCN2B,LumB,Suppressed
GO_Biological_Process_2023,Atrial Cardiac Muscle Cell To AV Node Cell Signaling (GO:0086026),3/7,0.1162263185177716,0.9999963078360776,0,0,3.405972838137472,7.330389125209531,KCNA5;SCN5A;SCN3B,LumB,Suppressed
GO_Biological_Process_2023,Axon Ensheathment In Central Nervous System (GO:0032291),3/7,0.1162263185177716,0.9999963078360776,0,0,3.405972838137472,7.330389125209531,PLP1;SOX10;GPM6B,LumB,Suppressed
GO_Biological_Process_2023,Catecholamine Transport (GO:0051937),3/7,0.1162263185177716,0.9999963078360776,0,0,3.405972838137472,7.330389125209531,SLC22A3;SLC29A4;SLC6A2,LumB,Suppressed
GO_Biological_Process_2023,Cellular Response To Leptin Stimulus (GO:0044320),3/7,0.1162263185177716,0.9999963078360776,0,0,3.405972838137472,7.330389125209531,NR4A3;LEP;LEPR,LumB,Suppressed
GO_Biological_Process_2023,Intermediate Filament Bundle Assembly (GO:0045110),3/7,0.1162263185177716,0.9999963078360776,0,0,3.405972838137472,7.330389125209531,KRT14;PKP1;NEFM,LumB,Suppressed
GO_Biological_Process_2023,Melanin Biosynthetic Process (GO:0042438),3/7,0.1162263185177716,0.9999963078360776,0,0,3.405972838137472,7.330389125209531,OCA2;CITED1;DCT,LumB,Suppressed
GO_Biological_Process_2023,Negative Regulation Of Appetite (GO:0032099),3/7,0.1162263185177716,0.9999963078360776,0,0,3.405972838137472,7.330389125209531,LEP;SPX;PPARA,LumB,Suppressed
GO_Biological_Process_2023,Negative Regulation Of Leukocyte Proliferation (GO:0070664),3/7,0.1162263185177716,0.9999963078360776,0,0,3.405972838137472,7.330389125209531,IL33;GSTP1;ENPP3,LumB,Suppressed
GO_Biological_Process_2023,Negative Regulation Of Muscle Cell Differentiation (GO:0051148),3/7,0.1162263185177716,0.9999963078360776,0,0,3.405972838137472,7.330389125209531,TCF23;IGF2;RBPMS2,LumB,Suppressed
GO_Biological_Process_2023,Negative Regulation Of Muscle Hypertrophy (GO:0014741),3/7,0.1162263185177716,0.9999963078360776,0,0,3.405972838137472,7.330389125209531,MLIP;RGS2;CAV3,LumB,Suppressed
GO_Biological_Process_2023,Negative Regulation Of Nitric Oxide Biosynthetic Process (GO:0045019),3/7,0.1162263185177716,0.9999963078360776,0,0,3.405972838137472,7.330389125209531,PTGIS;CAV1;SIRPA,LumB,Suppressed
GO_Biological_Process_2023,Negative Regulation Of Nitric Oxide Metabolic Process (GO:1904406),3/7,0.1162263185177716,0.9999963078360776,0,0,3.405972838137472,7.330389125209531,PTGIS;CAV1;SIRPA,LumB,Suppressed
GO_Biological_Process_2023,Positive Regulation Of Oligodendrocyte Differentiation (GO:0048714),3/7,0.1162263185177716,0.9999963078360776,0,0,3.405972838137472,7.330389125209531,PTPRZ1;IL34;PTN,LumB,Suppressed
GO_Biological_Process_2023,Positive Regulation Of Tooth Mineralization (GO:0070172),3/7,0.1162263185177716,0.9999963078360776,0,0,3.405972838137472,7.330389125209531,WNT6;ENAM;CFTR,LumB,Suppressed
GO_Biological_Process_2023,Response To Hydroperoxide (GO:0033194),3/7,0.1162263185177716,0.9999963078360776,0,0,3.405972838137472,7.330389125209531,RNF112;GPX3;PSG1,LumB,Suppressed
GO_Biological_Process_2023,Sinoatrial Node Development (GO:0003163),3/7,0.1162263185177716,0.9999963078360776,0,0,3.405972838137472,7.330389125209531,GJB6;TBX18;CACNA1G,LumB,Suppressed
GO_Biological_Process_2023,Taurine Metabolic Process (GO:0019530),3/7,0.1162263185177716,0.9999963078360776,0,0,3.405972838137472,7.330389125209531,GHR;STAT5A;CDO1,LumB,Suppressed
GO_Biological_Process_2023,Negative Regulation Of Endothelial Cell Migration (GO:0010596),10/37,0.1165836404468105,0.9999963078360776,0,0,1.6828658705915025,3.616724992541263,ANGPT4;RGCC;PTPRM;NRG1;PPARG;SLIT2;AGTR2;FGF2;ADAMTS9;DCN,LumB,Suppressed
GO_Biological_Process_2023,SMAD Protein Signal Transduction (GO:0060395),13/51,0.1174573991033829,0.9999963078360776,0,0,1.5546868143120447,3.3296409910096374,GDF10;JUN;CITED1;SMAD9;FOS;GDF5;BMP6;BMP5;GDF7;BMP3;BMP2;ATOH8;LEFTY2,LumB,Suppressed
GO_Biological_Process_2023,Cellular Response To Corticosteroid Stimulus (GO:0071384),5/15,0.117808061073125,0.9999963078360776,0,0,2.271075984470327,4.857146982930557,ZFP36;ANXA1;FAM107A;NR3C1;ZFP36L2,LumB,Suppressed
GO_Biological_Process_2023,Digestive Tract Morphogenesis (GO:0048546),5/15,0.117808061073125,0.9999963078360776,0,0,2.271075984470327,4.857146982930557,PDGFRA;SOX17;RBPMS2;TCF21;GLI1,LumB,Suppressed
GO_Biological_Process_2023,Negative Regulation Of Epithelial Cell Differentiation (GO:0030857),5/15,0.117808061073125,0.9999963078360776,0,0,2.271075984470327,4.857146982930557,NOTCH4;IL13;SPRY2;SPRY1;DLL1,LumB,Suppressed
GO_Biological_Process_2023,Positive Regulation Of Potassium Ion Transport (GO:0043268),5/15,0.117808061073125,0.9999963078360776,0,0,2.271075984470327,4.857146982930557,KCNE1;FHL1;AKAP6;ANK2;KCNN4,LumB,Suppressed
GO_Biological_Process_2023,Positive Regulation Of Sprouting Angiogenesis (GO:1903672),5/15,0.117808061073125,0.9999963078360776,0,0,2.271075984470327,4.857146982930557,TNN;FGF1;KLF4;DLL1;FGF2,LumB,Suppressed
GO_Biological_Process_2023,Regulation Of Hormone Secretion (GO:0046883),5/15,0.117808061073125,0.9999963078360776,0,0,2.271075984470327,4.857146982930557,EDN1;NMB;EDN3;LIF;FFAR3,LumB,Suppressed
GO_Biological_Process_2023,Renal Filtration (GO:0097205),5/15,0.117808061073125,0.9999963078360776,0,0,2.271075984470327,4.857146982930557,KIRREL1;MCAM;IGHA1;IGHA2;JCHAIN,LumB,Suppressed
GO_Biological_Process_2023,cGMP Metabolic Process (GO:0046068),4/11,0.1207436271910308,0.9999963078360776,0,0,2.5952710998455384,5.486625687793633,NPR1;NPR2;PDE2A;PDE9A,LumB,Suppressed
GO_Biological_Process_2023,Cellular Response To UV-B (GO:0071493),4/11,0.1207436271910308,0.9999963078360776,0,0,2.5952710998455384,5.486625687793633,MFAP4;MME;HYAL1;NLRP1,LumB,Suppressed
GO_Biological_Process_2023,Mast Cell Mediated Immunity (GO:0002448),4/11,0.1207436271910308,0.9999963078360776,0,0,2.5952710998455384,5.486625687793633,NR4A3;MRGPRX2;KIT;FCER1A,LumB,Suppressed
GO_Biological_Process_2023,Negative Regulation Of Leukocyte Chemotaxis (GO:0002689),4/11,0.1207436271910308,0.9999963078360776,0,0,2.5952710998455384,5.486625687793633,DUSP1;PADI2;CCN3;SLIT2,LumB,Suppressed
GO_Biological_Process_2023,Negative Regulation Of Potassium Ion Transmembrane Transport (GO:1901380),4/11,0.1207436271910308,0.9999963078360776,0,0,2.5952710998455384,5.486625687793633,CAV3;BIN1;CAV1;CASQ2,LumB,Suppressed
GO_Biological_Process_2023,Phasic Smooth Muscle Contraction (GO:0014821),4/11,0.1207436271910308,0.9999963078360776,0,0,2.5952710998455384,5.486625687793633,EDN1;EDNRB;EDN3;DRD2,LumB,Suppressed
GO_Biological_Process_2023,Positive Regulation Of Lipid Transport (GO:0032370),4/11,0.1207436271910308,0.9999963078360776,0,0,2.5952710998455384,5.486625687793633,CETP;NMB;LRP1;ADIPOQ,LumB,Suppressed
GO_Biological_Process_2023,Branching Morphogenesis Of An Epithelial Tube (GO:0048754),11/42,0.1228643424944358,0.9999963078360776,0,0,1.612347670250896,3.3805681466867044,PKHD1;CITED1;NOTCH4;TIE1;TCF21;SLIT2;FGF2;MET;RASIP1;TGFBR2;EPHA2,LumB,Suppressed
GO_Biological_Process_2023,Negative Regulation Of Blood Vessel Endothelial Cell Migration (GO:0043537),9/33,0.1267679194222984,0.9999963078360776,0,0,1.7037409772348695,3.518901963833678,ANGPT4;RGCC;MMRN2;NRG1;PPARG;AGTR2;MEOX2;KLF4;FGF2,LumB,Suppressed
GO_Biological_Process_2023,Positive Regulation Of Ion Transmembrane Transporter Activity (GO:0032414),9/33,0.1267679194222984,0.9999963078360776,0,0,1.7037409772348695,3.518901963833678,EDN1;RELN;STAC;DMD;ANK2;ADRB2;ATP1B2;SHANK3;CFTR,LumB,Suppressed
GO_Biological_Process_2023,Response To Copper Ion (GO:0046688),7/24,0.1270376392898654,0.9999963078360776,0,0,1.8705360057452505,3.8594243113878206,PRNP;MT1L;MT1M;MT1X;AQP2;AQP1;SNCA,LumB,Suppressed
GO_Biological_Process_2023,Positive Regulation Of Smooth Muscle Cell Proliferation (GO:0048661),12/47,0.1279311787295527,0.9999963078360776,0,0,1.5579565752391538,3.203568189925086,EDN1;JUN;IL6;NR4A3;FGF9;SERPINF2;RBPMS2;CDH13;IGF1;FGF2;CX3CL1;ELANE,LumB,Suppressed
GO_Biological_Process_2023,Metal Ion Transport (GO:0030001),37/171,0.1315719166748396,0.9999963078360776,0,0,1.2558256562737515,2.547067708342015,CHRNA7;KCNA1;KCNC4;KCNA2;KCNA4;ATP1A2;KCNA5;CSN2;SLC5A1;KCNA6;SLC4A4;RYR3;AQP1;SCN11A;KCNMB1;SCN9A;CDH23;SCN7A;SLC17A7;SCN5A;KCNN4;SCN3B;SCN3A;KCNJ2;KCNIP2;CACNA2D1;CAV1;KCNJ16;KCNAB1;KCNK17;KCNS1;NMUR1;SCN4A;CLDN16;SCN2A;SGK1;SCN4B,LumB,Suppressed
GO_Biological_Process_2023,Positive Regulation Of MAPK Cascade (GO:0043410),64/310,0.1319509113660021,0.9999963078360776,0,0,1.1840442283757486,2.398074742885359,TENM1;HTR2A;FGF1;FGF2;CX3CL1;GHR;BMPER;FFAR4;TNFSF11;CD36;PDGFRA;EDN1;EDN3;SERPINF2;PRKCA;NRG1;MID1;ADRA2B;MTURN;ADRB3;DOK5;HAND2;GFRAL;KIT;CHI3L1;ROR1;DDR2;CCL14;CCL13;CHRNA7;PELI2;PDGFA;TGFA;PLA2G5;ADRB2;EGFR;ART4;PDGFD;S100A12;ALKAL2;IGFBP6;ELANE;CCL16;CCL24;NTRK2;CCL23;CCL21;ANGPT1;CAV2;IL34;NTRK3;GPR55;PLA2G2A;IGF2;LIF;IGF1;MARCO;BMP2;IL6;LEP;SPRY2;TEK;TDGF1;FERMT2,LumB,Suppressed
GO_Biological_Process_2023,Response To cAMP (GO:0051591),10/38,0.1339325103861522,0.9999963078360776,0,0,1.6226643392708375,3.26223563976679,CRHBP;KCNE1;CITED1;PDE2A;AKAP6;SLC26A3;DUOX2;CFTR;RAPGEF3;AQP1,LumB,Suppressed
GO_Biological_Process_2023,Endothelial Cell Development (GO:0001885),6/20,0.1369954799364025,0.9999963078360776,0,0,1.946701010501288,3.86966657082056,PPP1R16B;ROBO4;PDE2A;PECAM1;MET;RAPGEF3,LumB,Suppressed
GO_Biological_Process_2023,Regulation Of Calcium Ion Transmembrane Transport (GO:1903169),6/20,0.1369954799364025,0.9999963078360776,0,0,1.946701010501288,3.86966657082056,PRNP;CAV3;CACNA2D1;ATP1A2;NOS1;TRDN,LumB,Suppressed
GO_Biological_Process_2023,Response To Ketone (GO:1901654),6/20,0.1369954799364025,0.9999963078360776,0,0,1.946701010501288,3.86966657082056,TGFBR3;CCL21;CAV1;HSD3B1;CSN1S1;SLIT2,LumB,Suppressed
GO_Biological_Process_2023,Sensory Perception Of Pain (GO:0019233),6/20,0.1369954799364025,0.9999963078360776,0,0,1.946701010501288,3.86966657082056,MME;MRGPRX2;KCNA2;SCN9A;OPRK1;PROK2,LumB,Suppressed
GO_Biological_Process_2023,Positive Regulation Of Neural Precursor Cell Proliferation (GO:2000179),8/29,0.1380002939445912,0.9999963078360776,0,0,1.7306213076404584,3.42749457181228,CX3CR1;DCT;FZD9;PROX1;HAPLN3;DRD2;NES;CX3CL1,LumB,Suppressed
GO_Biological_Process_2023,Regulation Of Muscle Contraction (GO:0006937),8/29,0.1380002939445912,0.9999963078360776,0,0,1.7306213076404584,3.42749457181228,CNN1;KCNA1;CAV1;MYL2;TNNT3;ATP1A2;PPP1R12B;MYL9,LumB,Suppressed
GO_Biological_Process_2023,Cholesterol Homeostasis (GO:0042632),17/72,0.1419489016444803,0.9999963078360776,0,0,1.4047554004148328,2.7424872990028315,CETP;DGAT2;ACSM3;CAV3;ACSM1;AKR1C1;CAV1;LCAT;CYP7B1;ABCB11;CYP7A1;CYP39A1;LIPG;MALL;APOB;CES1;GPIHBP1,LumB,Suppressed
GO_Biological_Process_2023,Actomyosin Structure Organization (GO:0031032),18/77,0.1433152137024949,0.9999963078360776,0,0,1.3865944609810978,2.693749237783451,FHOD3;TMOD1;LMOD1;SORBS1;MYOM2;MYPN;FRMD3;FAM171A1;MYH3;CSRP1;EPB41L2;TNNT3;CAPN3;PGM5;MYH11;FLNC;MYOZ2;MYL9,LumB,Suppressed
GO_Biological_Process_2023,Myelination (GO:0042552),12/48,0.1440307569194527,0.9999963078360776,0,0,1.514587385384829,2.9348590098663205,SLC8A3;ABCD2;GAL3ST1;MYOC;LGI4;MPZ;MALL;PLP1;SCN2A;SOX10;GPM6B;KLK6,LumB,Suppressed
GO_Biological_Process_2023,Sodium Ion Transmembrane Transport (GO:0035725),19/82,0.1443721247925316,0.9999963078360776,0,0,1.3707445116131085,2.6528856233069997,SLC6A14;ATP1A2;ATP1B2;SLC5A1;SLC4A4;SLC6A2;NALCN;SLC9C2;SLC8A3;ATP4A;FXYD2;SCN9A;SLC9A9;SCN4A;SCN5A;SCN3B;SCN2A;SCN4B;SCN2B,LumB,Suppressed
GO_Biological_Process_2023,Autonomic Nervous System Development (GO:0048483),5/16,0.1471042813496067,0.9999963078360776,0,0,2.064488478797963,3.95682658561553,EDNRB;KIF26A;SEMA3A;SOX8;SOX10,LumB,Suppressed
GO_Biological_Process_2023,Heart Process (GO:0003015),5/16,0.1471042813496067,0.9999963078360776,0,0,2.064488478797963,3.95682658561553,MYL7;MYL2;SGCZ;SGCG;TRDN,LumB,Suppressed
GO_Biological_Process_2023,Mesonephric Tubule Development (GO:0072164),5/16,0.1471042813496067,0.9999963078360776,0,0,2.064488478797963,3.95682658561553,FOXC1;WNT11;TCF21;SLIT2;CER1,LumB,Suppressed
GO_Biological_Process_2023,Negative Regulation Of Amyloid-Beta Formation (GO:1902430),5/16,0.1471042813496067,0.9999963078360776,0,0,2.064488478797963,3.95682658561553,NTRK2;PRNP;BIN1;CHRNA7;IGF1,LumB,Suppressed
GO_Biological_Process_2023,Negative Regulation Of Biosynthetic Process (GO:0009890),5/16,0.1471042813496067,0.9999963078360776,0,0,2.064488478797963,3.95682658561553,ABCD2;IL6;GSTP1;ASXL3;PPARA,LumB,Suppressed
GO_Biological_Process_2023,Negative Regulation Of Chemokine Production (GO:0032682),5/16,0.1471042813496067,0.9999963078360776,0,0,2.064488478797963,3.95682658561553,IL6;GSTP1;SIRPA;KLF4;ELANE,LumB,Suppressed
GO_Biological_Process_2023,Oligodendrocyte Development (GO:0014003),5/16,0.1471042813496067,0.9999963078360776,0,0,2.064488478797963,3.95682658561553,PRDM8;PLP1;SOX10;ZNF488;GPM6B,LumB,Suppressed
GO_Biological_Process_2023,Positive Regulation Of Cardiac Muscle Tissue Growth (GO:0055023),5/16,0.1471042813496067,0.9999963078360776,0,0,2.064488478797963,3.95682658561553,TGFBR3;EDN1;IGF1;GLI1;FGF2,LumB,Suppressed
GO_Biological_Process_2023,Positive Regulation Of Collagen Metabolic Process (GO:0010714),5/16,0.1471042813496067,0.9999963078360776,0,0,2.064488478797963,3.95682658561553,RGCC;SERPINF2;VIM;LARP6;VSIR,LumB,Suppressed
GO_Biological_Process_2023,Positive Regulation Of Homotypic Cell-Cell Adhesion (GO:0034112),5/16,0.1471042813496067,0.9999963078360776,0,0,2.064488478797963,3.95682658561553,IL6;MMRN1;EMILIN2;TNFSF11;CTSG,LumB,Suppressed
GO_Biological_Process_2023,Regulation Of Blood Vessel Endothelial Cell Proliferation Involved In Sprouting Angiogenesis (GO:1903587),5/16,0.1471042813496067,0.9999963078360776,0,0,2.064488478797963,3.95682658561553,PPP1R16B;NGFR;FGFBP1;MMRN2;FGF2,LumB,Suppressed
GO_Biological_Process_2023,Regulation Of Fatty Acid Oxidation (GO:0046320),5/16,0.1471042813496067,0.9999963078360776,0,0,2.064488478797963,3.95682658561553,NR4A3;ACADL;PDK4;PPARA;PPARGC1A,LumB,Suppressed
GO_Biological_Process_2023,Regulation Of Osteoblast Proliferation (GO:0033688),5/16,0.1471042813496067,0.9999963078360776,0,0,2.064488478797963,3.95682658561553,BMP2;SFRP1;TNN;NPR3;SOX8,LumB,Suppressed
GO_Biological_Process_2023,Regulation Of Presynapse Assembly (GO:1905606),5/16,0.1471042813496067,0.9999963078360776,0,0,2.064488478797963,3.95682658561553,LRFN5;SLITRK2;SLITRK3;LRRC4B;SNCA,LumB,Suppressed
GO_Biological_Process_2023,Regulation Of Presynapse Organization (GO:0099174),5/16,0.1471042813496067,0.9999963078360776,0,0,2.064488478797963,3.95682658561553,LRFN5;SLITRK2;SLITRK3;LRRC4B;SNCA,LumB,Suppressed
GO_Biological_Process_2023,Cellular Response To Alcohol (GO:0097306),13/53,0.1475645446437718,0.9999963078360776,0,0,1.476771817676487,2.825787526676575,PTGER4;PTGFR;PTCH1;AKR1C3;AKR1C2;CYP7A1;GNAI1;SFRP1;GNG2;KLF9;CFTR;GPLD1;CES1,LumB,Suppressed
GO_Biological_Process_2023,Negative Regulation Of Metabolic Process (GO:0009892),13/53,0.1475645446437718,0.9999963078360776,0,0,1.476771817676487,2.825787526676575,FOXC2;GSTP1;LAMA4;ADIPOQ;ARRDC3;NPR3;CIDEA;ADAMTS5;NOVA2;ALDH1A1;ID1;CCDC3;MAP2K6,LumB,Suppressed
GO_Biological_Process_2023,Memory (GO:0007613),14/58,0.1503585779121029,0.9999963078360776,0,0,1.4458387039704803,2.739477319343207,PRNP;CHRNA7;SLC2A4;VLDLR;PTN;NGF;KLK8;NPAS4;NTF4;SLC8A3;CUX2;SGK1;SCN2A;SHANK3,LumB,Suppressed
GO_Biological_Process_2023,Myotube Differentiation (GO:0014902),7/25,0.1504018849608335,0.9999963078360776,0,0,1.7665094339622642,3.3465537891177863,ADAMTS5;ERVFRD-1;MYMX;ADGRB3;NOS1;IGF1;JAM2,LumB,Suppressed
GO_Biological_Process_2023,Positive Regulation Of Striated Muscle Cell Differentiation (GO:0051155),7/25,0.1504018849608335,0.9999963078360776,0,0,1.7665094339622642,3.3465537891177863,EDN1;MYOCD;MYF6;SMYD1;NRG1;IGF1;PROX1,LumB,Suppressed
GO_Biological_Process_2023,Digestive Tract Development (GO:0048565),10/39,0.1525646474737546,0.9999963078360776,0,0,1.5666146376964254,2.945496916200773,PKDCC;CLMP;EDNRB;CDX2;NPY;RARRES2;KIT;RARB;GLI1;PCSK5,LumB,Suppressed
GO_Biological_Process_2023,Sterol Homeostasis (GO:0055092),17/73,0.1555577043831707,0.9999963078360776,0,0,1.3795860163765006,2.5670488518699166,CETP;DGAT2;ACSM3;CAV3;ACSM1;AKR1C1;CAV1;LCAT;CYP7B1;ABCB11;CYP7A1;CYP39A1;LIPG;MALL;APOB;CES1;GPIHBP1,LumB,Suppressed
GO_Biological_Process_2023,Granulocyte Differentiation (GO:0030851),4/12,0.1563905599119197,0.9999963078360776,0,0,2.2707235930135847,4.213097855295565,STAT5A;CEBPA;CSF3;TAL1,LumB,Suppressed
GO_Biological_Process_2023,Icosanoid Secretion (GO:0032309),4/12,0.1563905599119197,0.9999963078360776,0,0,2.2707235930135847,4.213097855295565,ANXA1;LEP;PLA2G5;DRD2,LumB,Suppressed
GO_Biological_Process_2023,Low-Density Lipoprotein Particle Remodeling (GO:0034374),4/12,0.1563905599119197,0.9999963078360776,0,0,2.2707235930135847,4.213097855295565,CETP;PLA2G2A;PLA2G5;APOB,LumB,Suppressed
GO_Biological_Process_2023,Negative Regulation Of Mononuclear Cell Migration (GO:0071676),4/12,0.1563905599119197,0.9999963078360776,0,0,2.2707235930135847,4.213097855295565,DUSP1;CCN3;SLIT2;BMP5,LumB,Suppressed
GO_Biological_Process_2023,Phospholipid Homeostasis (GO:0055091),4/12,0.1563905599119197,0.9999963078360776,0,0,2.2707235930135847,4.213097855295565,CETP;LIPG;TLCD2;ABCB11,LumB,Suppressed
GO_Biological_Process_2023,Positive Regulation Of Alcohol Biosynthetic Process (GO:1902932),4/12,0.1563905599119197,0.9999963078360776,0,0,2.2707235930135847,4.213097855295565,PTH1R;FGF1;BMP6;SNCA,LumB,Suppressed
GO_Biological_Process_2023,Positive Regulation Of Fatty Acid Oxidation (GO:0046321),4/12,0.1563905599119197,0.9999963078360776,0,0,2.2707235930135847,4.213097855295565,ABCD2;NR4A3;PPARA;PPARGC1A,LumB,Suppressed
GO_Biological_Process_2023,Positive Regulation Of Purine Nucleotide Biosynthetic Process (GO:1900373),4/12,0.1563905599119197,0.9999963078360776,0,0,2.2707235930135847,4.213097855295565,PID1;NOS1;PPARA;PPARGC1A,LumB,Suppressed
GO_Biological_Process_2023,Positive Regulation Of Sodium Ion Transport (GO:0010765),4/12,0.1563905599119197,0.9999963078360776,0,0,2.2707235930135847,4.213097855295565,NOS1;SCN5A;SCN3B;SCN4B,LumB,Suppressed
GO_Biological_Process_2023,Response To Interleukin-6 (GO:0070741),4/12,0.1563905599119197,0.9999963078360776,0,0,2.2707235930135847,4.213097855295565,PID1;PTGIS;CITED1;TDGF1,LumB,Suppressed
GO_Biological_Process_2023,Steroid Catabolic Process (GO:0006706),4/12,0.1563905599119197,0.9999963078360776,0,0,2.2707235930135847,4.213097855295565,HSD11B1;SULT1E1;CYP1A2;CYP3A4,LumB,Suppressed
GO_Biological_Process_2023,Synaptic Membrane Adhesion (GO:0099560),4/12,0.1563905599119197,0.9999963078360776,0,0,2.2707235930135847,4.213097855295565,LRFN5;SLITRK2;SLITRK3;LRRC4B,LumB,Suppressed
GO_Biological_Process_2023,Calcium Ion Transmembrane Import Into Cytosol (GO:0097553),19/83,0.1571942801579085,0.9999963078360776,0,0,1.34924397967706,2.496469416478727,CCL21;CACNA2D1;HTR2A;FGF2;GRIN2B;CACNA1G;JPH4;TRPM1;SLC8A3;JPH2;SCN11A;SCN9A;SCN7A;SCN4A;SCN5A;PLCH2;DRD2;SCN2A;SCN3A,LumB,Suppressed
GO_Biological_Process_2023,Lymphocyte Chemotaxis (GO:0048247),11/44,0.1574127790800145,0.9999963078360776,0,0,1.5144444444444445,2.8000317353180506,CCL14;CCL13;CCL24;CH25H;CCL23;KLF5;CCL21;SAA1;CYP7B1;CX3CL1;CCL16,LumB,Suppressed
GO_Biological_Process_2023,Positive Regulation Of Biosynthetic Process (GO:0009891),11/44,0.1574127790800145,0.9999963078360776,0,0,1.5144444444444445,2.8000317353180506,MLXIPL;RGCC;SERPINF2;ZBTB20;HSD17B13;CD36;SORBS1;VIM;PCK1;PPARA;LARP6,LumB,Suppressed
GO_Biological_Process_2023,Positive Regulation Of Chemotaxis (GO:0050921),11/44,0.1574127790800145,0.9999963078360776,0,0,1.5144444444444445,2.8000317353180506,SEMA5A;P2RY12;IL6;CCL21;EDN3;NTRK3;RARRES2;CDH13;PTN;FGF2;MET,LumB,Suppressed
GO_Biological_Process_2023,Heterophilic Cell-Cell Adhesion Via Plasma Membrane Cell Adhesion Molecules (GO:0007157),12/49,0.1611492325099214,0.9999963078360776,0,0,1.4735624760631707,2.689876947820336,CRB2;SELP;TENM1;TENM2;NLGN1;CADM3;CD209;CEACAM8;FAT4;LGALS7;SELE;NECTIN3,LumB,Suppressed
GO_Biological_Process_2023,Positive Regulation Of miRNA Metabolic Process (GO:2000630),12/49,0.1611492325099214,0.9999963078360776,0,0,1.4735624760631707,2.689876947820336,FOSL1;EGR1;NGFR;JUN;KLF5;ATOH8;PPARG;FOS;NR3C1;KLF4;FGF2;EGFR,LumB,Suppressed
GO_Biological_Process_2023,Angiotensin Maturation (GO:0002003),3/8,0.1618936300871432,0.9999963078360776,0,0,2.724611973392461,4.961016431416231,ACE2;CMA1;CTSG,LumB,Suppressed
GO_Biological_Process_2023,Cellular Response To Platelet-Derived Growth Factor Stimulus (GO:0036120),3/8,0.1618936300871432,0.9999963078360776,0,0,2.724611973392461,4.961016431416231,HYAL1;HAS1;HAS2,LumB,Suppressed
GO_Biological_Process_2023,Cyclooxygenase Pathway (GO:0019371),3/8,0.1618936300871432,0.9999963078360776,0,0,2.724611973392461,4.961016431416231,PTGIS;PTGDS;PTGS2,LumB,Suppressed
GO_Biological_Process_2023,Detection Of Mechanical Stimulus Involved In Sensory Perception Of Sound (GO:0050910),3/8,0.1618936300871432,0.9999963078360776,0,0,2.724611973392461,4.961016431416231,TMC1;KIT;TMC2,LumB,Suppressed
GO_Biological_Process_2023,Embryonic Digestive Tract Morphogenesis (GO:0048557),3/8,0.1618936300871432,0.9999963078360776,0,0,2.724611973392461,4.961016431416231,PDGFRA;RBPMS2;TCF21,LumB,Suppressed
GO_Biological_Process_2023,Glycerol Transmembrane Transport (GO:0015793),3/8,0.1618936300871432,0.9999963078360776,0,0,2.724611973392461,4.961016431416231,AQP7;AQP2;AQP7P3,LumB,Suppressed
GO_Biological_Process_2023,Integrin Activation (GO:0033622),3/8,0.1618936300871432,0.9999963078360776,0,0,2.724611973392461,4.961016431416231,CXCL12;CX3CL1;FERMT2,LumB,Suppressed
GO_Biological_Process_2023,Lactation (GO:0007595),3/8,0.1618936300871432,0.9999963078360776,0,0,2.724611973392461,4.961016431416231,OXTR;CSN3;CSN2,LumB,Suppressed
GO_Biological_Process_2023,Negative Regulation Of Cholesterol Storage (GO:0010887),3/8,0.1618936300871432,0.9999963078360776,0,0,2.724611973392461,4.961016431416231,PPARG;PPARA;CES1,LumB,Suppressed
GO_Biological_Process_2023,Positive Regulation Of ATP Biosynthetic Process (GO:2001171),3/8,0.1618936300871432,0.9999963078360776,0,0,2.724611973392461,4.961016431416231,PID1;PPARA;PPARGC1A,LumB,Suppressed
GO_Biological_Process_2023,Positive Regulation Of Epithelial Cell Proliferation Involved In Wound Healing (GO:0060054),3/8,0.1618936300871432,0.9999963078360776,0,0,2.724611973392461,4.961016431416231,ODAM;FZD7;LACRT,LumB,Suppressed
GO_Biological_Process_2023,Positive Regulation Of Inositol Phosphate Biosynthetic Process (GO:0060732),3/8,0.1618936300871432,0.9999963078360776,0,0,2.724611973392461,4.961016431416231,LHCGR;PTH1R;SNCA,LumB,Suppressed
GO_Biological_Process_2023,Positive Regulation Of Megakaryocyte Differentiation (GO:0045654),3/8,0.1618936300871432,0.9999963078360776,0,0,2.724611973392461,4.961016431416231,TESC;RAB7B;MTURN,LumB,Suppressed
GO_Biological_Process_2023,Positive Regulation Of Respiratory Burst (GO:0060267),3/8,0.1618936300871432,0.9999963078360776,0,0,2.724611973392461,4.961016431416231,IGHA1;IGHA2;JCHAIN,LumB,Suppressed
GO_Biological_Process_2023,Regulation Of Angiotensin Levels In Blood (GO:0002002),3/8,0.1618936300871432,0.9999963078360776,0,0,2.724611973392461,4.961016431416231,ACE2;CMA1;CTSG,LumB,Suppressed
GO_Biological_Process_2023,Regulation Of Defense Response To Bacterium (GO:1900424),3/8,0.1618936300871432,0.9999963078360776,0,0,2.724611973392461,4.961016431416231,NLRP10;MMRN2;EMILIN2,LumB,Suppressed
GO_Biological_Process_2023,Regulation Of Dendritic Spine Maintenance (GO:1902950),3/8,0.1618936300871432,0.9999963078360776,0,0,2.724611973392461,4.961016431416231,PRNP;NEDD9;GRIN2B,LumB,Suppressed
GO_Biological_Process_2023,Regulation Of Endothelial Cell Differentiation (GO:0045601),3/8,0.1618936300871432,0.9999963078360776,0,0,2.724611973392461,4.961016431416231,TMEM100;NOTCH4;ATOH8,LumB,Suppressed
GO_Biological_Process_2023,Regulation Of Tumor Necrosis Factor Superfamily Cytokine Production (GO:1903555),3/8,0.1618936300871432,0.9999963078360776,0,0,2.724611973392461,4.961016431416231,CX3CR1;ZFP36;SIRPA,LumB,Suppressed
GO_Biological_Process_2023,Response To Leptin (GO:0044321),3/8,0.1618936300871432,0.9999963078360776,0,0,2.724611973392461,4.961016431416231,NR4A3;LEP;LEPR,LumB,Suppressed
GO_Biological_Process_2023,Response To Magnesium Ion (GO:0032026),3/8,0.1618936300871432,0.9999963078360776,0,0,2.724611973392461,4.961016431416231,KCNA1;RYR3;SNCA,LumB,Suppressed
GO_Biological_Process_2023,Synapse Pruning (GO:0098883),3/8,0.1618936300871432,0.9999963078360776,0,0,2.724611973392461,4.961016431416231,C3;CX3CR1;CX3CL1,LumB,Suppressed
GO_Biological_Process_2023,Type B Pancreatic Cell Differentiation (GO:0003309),3/8,0.1618936300871432,0.9999963078360776,0,0,2.724611973392461,4.961016431416231,DLL1;BMP6;BMP5,LumB,Suppressed
GO_Biological_Process_2023,Positive Regulation Of Cell Motility (GO:2000147),46/221,0.1621764060219729,0.9999963078360776,0,0,1.1955023041474655,2.1747031058270645,SEMA5A;SEMA3D;TWIST2;FAM107A;SEMA3G;PDGFA;NEDD9;LAMC2;FGF1;VSIR;EGFR;MYLK;CDH5;PDGFD;DUOXA2;HAS2;DUOX2;SERPINB3;CCL24;PDGFRA;EDN1;MMP7;MYOC;CAVIN1;CCL21;F10;FZD4;SEMA6D;CAV1;NTRK3;PRKCA;IGF1;PLET1;SH3RF2;BMP2;CXCL12;DAAM2;KIT;PECAM1;CDH13;SPRY2;LGR6;TDGF1;FERMT2;EPHA2;HBEGF,LumB,Suppressed
GO_Biological_Process_2023,Positive Regulation Of Heart Contraction (GO:0045823),6/21,0.1640872880845119,0.9999963078360776,0,0,1.8168099861303744,3.283623788869708,EDN1;RGS2;EDN3;ADM5;ATP1A2;SCN3B,LumB,Suppressed
GO_Biological_Process_2023,Skin Epidermis Development (GO:0098773),6/21,0.1640872880845119,0.9999963078360776,0,0,1.8168099861303744,3.283623788869708,FLG2;KRT16;DLL1;MET;TP63;HRNR,LumB,Suppressed
GO_Biological_Process_2023,Intracellular Calcium Ion Homeostasis (GO:0006874),30/139,0.1644546135111408,0.9999963078360776,0,0,1.2512521488282962,2.2586610954013318,CCL14;CCL13;CHRNA7;HTR2A;PTH1R;PKHD1;CDH5;PLN;CDH23;TUNAR;ELANE;DRD5;EDN1;CCL23;CAV3;EDN3;TMEM178A;CAV2;CAV1;FZD9;ANK2;TRDN;HCRTR1;SLC8A3;CXCL12;CASQ2;RGN;ATP13A4;ATP13A5;MICU3,LumB,Suppressed
GO_Biological_Process_2023,Regulation Of miRNA Transcription (GO:1902893),14/59,0.1662048656564242,0.9999963078360776,0,0,1.4136224631637475,2.53679374446999,EGR1;NGFR;JUN;FOS;NR3C1;KLF4;FGF2;EGFR;FOSL1;KLF5;NFIB;ATOH8;PPARG;PPARA,LumB,Suppressed
GO_Biological_Process_2023,Enzyme-Linked Receptor Protein Signaling Pathway (GO:0007167),27/124,0.1671453902528644,0.9999963078360776,0,0,1.265314340942563,2.263509746686958,SHC4;ALK;LRP1;NPR1;NPR2;NEDD9;PTN;EGFR;ART4;NTF4;ALKAL2;PDGFRA;NTRK2;NTRK3;TIE1;LIF;LIFR;NGF;GFRA2;DOK5;TYRO3;ROR1;TEK;MET;ANGPTL1;EPHA2;DDR2,LumB,Suppressed
GO_Biological_Process_2023,Action Potential (GO:0001508),9/35,0.1671512221054578,0.9999963078360776,0,0,1.5724917780720111,2.8129619099383083,KCNE1;KCNB1;KCNA1;KCNA2;DMD;SCN4A;SCN5A;SCN3B;KCNJ2,LumB,Suppressed
GO_Biological_Process_2023,Regulation Of Postsynaptic Membrane Potential (GO:0060078),9/35,0.1671512221054578,0.9999963078360776,0,0,1.5724917780720111,2.8129619099383083,GABRA2;NPAS4;GABRA4;DRD2;GABRE;GABRG3;GRIN2B;INSYN2B;GABRG1,LumB,Suppressed
GO_Biological_Process_2023,Positive Regulation Of Phosphatidylinositol 3-Kinase Signaling (GO:0014068),16/69,0.1690250209934386,0.9999963078360776,0,0,1.371800456609022,2.43866136192607,PDGFRA;NTRK2;CSF3;MYOC;NTRK3;PDGFA;IGF1;FGF2;DCN;SELP;PDGFD;LEP;KIT;ROR1;TEK;DDR2,LumB,Suppressed
GO_Biological_Process_2023,Cyclic-Nucleotide-Mediated Signaling (GO:0019935),10/40,0.1724167771784851,0.9999963078360776,0,0,1.5143015828936406,2.6619008182990824,GLP1R;PDE2A;PDE3A;AKAP6;DEFB1;CD36;PDE7B;PDE9A;RAPGEF3;AQP1,LumB,Suppressed
GO_Biological_Process_2023,Regulation Of Cytosolic Calcium Ion Concentration (GO:0051480),10/40,0.1724167771784851,0.9999963078360776,0,0,1.5143015828936406,2.6619008182990824,CALB2;PLN;CAV3;CAV2;TMEM178A;CAV1;CDH23;FZD9;TUNAR;HCRTR1,LumB,Suppressed
GO_Biological_Process_2023,cAMP-mediated Signaling (GO:0019933),7/26,0.1755975995986293,0.9999963078360776,0,0,1.6734330276301186,2.911037605331884,GLP1R;PDE2A;PDE3A;AKAP6;DEFB1;PDE7B;RAPGEF3,LumB,Suppressed
GO_Biological_Process_2023,Negative Regulation Of Protein Polymerization (GO:0032272),7/26,0.1755975995986293,0.9999963078360776,0,0,1.6734330276301186,2.911037605331884,KANK1;CDH5;MAP2;SLIT2;KANK4;SNCA;KANK3,LumB,Suppressed
GO_Biological_Process_2023,Positive Regulation Of Adenylate Cyclase Activity (GO:0045762),7/26,0.1755975995986293,0.9999963078360776,0,0,1.6734330276301186,2.911037605331884,GLP1R;LHCGR;ADRB3;AVPR2;ADRB1;ADRB2;DRD5,LumB,Suppressed
GO_Biological_Process_2023,Protein Localization To Cell Surface (GO:0034394),7/26,0.1755975995986293,0.9999963078360776,0,0,1.6734330276301186,2.911037605331884,RIC3;FGF7;WNT11;ANK2;FBLN5;GPIHBP1;JAM3,LumB,Suppressed
GO_Biological_Process_2023,Aorta Morphogenesis (GO:0035909),5/17,0.1791174659141356,0.9999963078360776,0,0,1.8923322240709928,3.2542691855731967,LRP1;PROX1;ADAMTS9;MYLK;TGFBR2,LumB,Suppressed
GO_Biological_Process_2023,cGMP-mediated Signaling (GO:0019934),5/17,0.1791174659141356,0.9999963078360776,0,0,1.8923322240709928,3.2542691855731967,PDE2A;PDE3A;CD36;PDE9A;AQP1,LumB,Suppressed
GO_Biological_Process_2023,Central Nervous System Neuron Development (GO:0021954),5/17,0.1791174659141356,0.9999963078360776,0,0,1.8923322240709928,3.2542691855731967,NTRK2;MAP2;NOVA2;NPY;LHX6,LumB,Suppressed
GO_Biological_Process_2023,Negative Regulation Of Striated Muscle Cell Differentiation (GO:0051154),5/17,0.1791174659141356,0.9999963078360776,0,0,1.8923322240709928,3.2542691855731967,BMP2;FZD7;BHLHE41;CCN3;SOX6,LumB,Suppressed
GO_Biological_Process_2023,Positive Regulation Of Cartilage Development (GO:0061036),5/17,0.1791174659141356,0.9999963078360776,0,0,1.8923322240709928,3.2542691855731967,BMP2;PKDCC;ZBTB16;SOX6;GDF5,LumB,Suppressed
GO_Biological_Process_2023,Positive Regulation Of Glial Cell Differentiation (GO:0045687),5/17,0.1791174659141356,0.9999963078360776,0,0,1.8923322240709928,3.2542691855731967,EGR2;BMP2;PTPRZ1;IL34;PTN,LumB,Suppressed
GO_Biological_Process_2023,Positive Regulation Of Heart Rate (GO:0010460),5/17,0.1791174659141356,0.9999963078360776,0,0,1.8923322240709928,3.2542691855731967,EDN1;EDN3;ADM5;ADRB1;SCN3B,LumB,Suppressed
GO_Biological_Process_2023,Positive Regulation Of Leukocyte Adhesion To Vascular Endothelial Cell (GO:1904996),5/17,0.1791174659141356,0.9999963078360776,0,0,1.8923322240709928,3.2542691855731967,SELP;IL6;CHST4;SELE;CHST2,LumB,Suppressed
GO_Biological_Process_2023,Prostaglandin Biosynthetic Process (GO:0001516),5/17,0.1791174659141356,0.9999963078360776,0,0,1.8923322240709928,3.2542691855731967,EDN1;PTGIS;PLA2G4A;PTGS2;PTGDS,LumB,Suppressed
GO_Biological_Process_2023,Regulation Of Cartilage Development (GO:0061035),5/17,0.1791174659141356,0.9999963078360776,0,0,1.8923322240709928,3.2542691855731967,BMP2;WNT11;ZBTB16;SOX6;PTHLH,LumB,Suppressed
GO_Biological_Process_2023,Cell Chemotaxis (GO:0060326),12/50,0.1792411186969198,0.9999963078360776,0,0,1.4346967724952835,2.4662772488587814,SEMA5A;PDGFRA;NR4A1;EGR3;CXCL12;CCL21;KIT;CCN3;EPHB1;CX3CL1;EPHA2;HBEGF,LumB,Suppressed
GO_Biological_Process_2023,Positive Regulation Of Transport (GO:0051050),12/50,0.1792411186969198,0.9999963078360776,0,0,1.4346967724952835,2.4662772488587814,CHRM1;CDH3;ANXA1;LRP1;GPC3;DOC2B;SGK1;SGK2;DLL1;LACRT;GPLD1;SNCA,LumB,Suppressed
GO_Biological_Process_2023,Negative Regulation Of Peptidase Activity (GO:0010466),14/60,0.1828632623151655,0.9999963078360776,0,0,1.3828069284790463,2.349411934236284,SERPINB3;CRB2;SERPINB4;SERPINB12;SERPINB13;LRP1;SERPIND1;SERPINF2;SPINK5;NRG1;SERPINB5;SPOCK3;FETUB;TIMP4,LumB,Suppressed
GO_Biological_Process_2023,acyl-CoA Metabolic Process (GO:0006637),8/31,0.1836391990095991,0.9999963078360776,0,0,1.579939422461958,2.6776534019974685,ACSM3;ACSM1;ACSM2A;ACSM5;GLYAT;HMGCS2;ACACB;ACSM2B,LumB,Suppressed
GO_Biological_Process_2023,Cellular Response To cAMP (GO:0071320),8/31,0.1836391990095991,0.9999963078360776,0,0,1.579939422461958,2.6776534019974685,CRHBP;KCNE1;PDE2A;AKAP6;SLC26A3;CFTR;RAPGEF3;AQP1,LumB,Suppressed
GO_Biological_Process_2023,Negative Regulation Of Chemotaxis (GO:0050922),8/31,0.1836391990095991,0.9999963078360776,0,0,1.579939422461958,2.6776534019974685,SEMA5A;SEMA3D;SEMA3A;SEMA6D;SEMA3G;NRG1;SLIT2;ELANE,LumB,Suppressed
GO_Biological_Process_2023,Positive Regulation Of Phospholipase C Activity (GO:0010863),9/36,0.189346523389447,0.9999963078360776,0,0,1.5141588006662965,2.5198274714821376,P2RY12;PDGFRA;GPR55;KIT;NMUR1;HTR2A;FGF2;SELE;EGFR,LumB,Suppressed
GO_Biological_Process_2023,Negative Regulation Of Myeloid Cell Differentiation (GO:0045638),6/22,0.1932292258588941,0.9999963078360776,0,0,1.7031553398058252,2.799779757333077,HOXA9;ZFP36;ZBTB16;MEIS2;HOXA5;PF4,LumB,Suppressed
GO_Biological_Process_2023,Regulation Of Neural Precursor Cell Proliferation (GO:2000177),6/22,0.1932292258588941,0.9999963078360776,0,0,1.7031553398058252,2.799779757333077,PTPRZ1;TAFA3;TAFA1;FZD9;PROX1;NES,LumB,Suppressed
GO_Biological_Process_2023,Acylglycerol Metabolic Process (GO:0006639),10/41,0.1934110909045444,0.9999963078360776,0,0,1.465363563884584,2.4075005313647098,LIPF;CETP;DGAT2;CAV3;DGKB;AWAT2;CAV1;DGKI;MGLL;PNPLA2,LumB,Suppressed
GO_Biological_Process_2023,ERBB2 Signaling Pathway (GO:0038128),4/13,0.1953427675832535,0.9999963078360776,0,0,2.0182977543665097,3.295879185448101,MYOC;TGFA;NRG1;EGFR,LumB,Suppressed
GO_Biological_Process_2023,Membrane Depolarization (GO:0051899),4/13,0.1953427675832535,0.9999963078360776,0,0,2.0182977543665097,3.295879185448101,CAV1;SCN5A;SCN3B;CNGB1,LumB,Suppressed
GO_Biological_Process_2023,Negative Regulation Of Cartilage Development (GO:0061037),4/13,0.1953427675832535,0.9999963078360776,0,0,2.0182977543665097,3.295879185448101,EFEMP1;WNT11;GDF5;PTHLH,LumB,Suppressed
GO_Biological_Process_2023,Negative Regulation Of Cell Activation (GO:0050866),4/13,0.1953427675832535,0.9999963078360776,0,0,2.0182977543665097,3.295879185448101,PDGFRA;C1QTNF1;PDGFA;CD200,LumB,Suppressed
GO_Biological_Process_2023,Positive Regulation Of Glycoprotein Biosynthetic Process (GO:0010560),4/13,0.1953427675832535,0.9999963078360776,0,0,2.0182977543665097,3.295879185448101,IL33;CCL21;IGF1;SLC51B,LumB,Suppressed
GO_Biological_Process_2023,Regulation Of Nitric-Oxide Synthase Biosynthetic Process (GO:0051769),4/13,0.1953427675832535,0.9999963078360776,0,0,2.0182977543665097,3.295879185448101,IL33;FCER2;EDN1;GSTP1,LumB,Suppressed
GO_Biological_Process_2023,Sodium-Independent Organic Anion Transport (GO:0043252),4/13,0.1953427675832535,0.9999963078360776,0,0,2.0182977543665097,3.295879185448101,SLCO1C1;SLCO1A2;SLCO1B3;SLCO1B7,LumB,Suppressed
GO_Biological_Process_2023,Negative Regulation Of Cold-Induced Thermogenesis (GO:0120163),11/46,0.1962790695088584,0.9999963078360776,0,0,1.4277301587301587,2.324655670038663,FOXC2;ADAMTS5;LAMA4;NOVA2;NPR3;ADIPOQ;ARRDC3;ALDH1A1;ID1;CIDEA;MAP2K6,LumB,Suppressed
GO_Biological_Process_2023,Positive Regulation Of Blood Vessel Endothelial Cell Migration (GO:0043536),11/46,0.1962790695088584,0.9999963078360776,0,0,1.4277301587301587,2.324655670038663,STAT5A;FOXC2;ANGPT4;FGFBP1;ANXA1;ANGPT1;RHOJ;PSG1;PRKCA;PTGS2;FGF2,LumB,Suppressed
GO_Biological_Process_2023,Response To Hydrogen Peroxide (GO:0042542),11/46,0.1962790695088584,0.9999963078360776,0,0,1.4277301587301587,2.324655670038663,FABP1;EDN1;IL6;ANXA1;CAT;HP;HBB;SIRPA;HBA1;SLC6A2;AQP1,LumB,Suppressed
GO_Biological_Process_2023,Cellular Response To Transforming Growth Factor Beta Stimulus (GO:0071560),21/96,0.197392278296796,0.9999963078360776,0,0,1.2724011142061282,2.06455003994371,GDF10;JUN;CITED1;WFIKKN2;PDE2A;SMAD9;FOS;NR3C1;GDF5;ZFP36L2;TGFBR2;TGFBR3;CDH5;CLDN5;SFRP1;CLEC3B;PSG4;ID1;PDE3A;SOX6;FERMT2,LumB,Suppressed
GO_Biological_Process_2023,Regulation Of Pathway-Restricted SMAD Protein Phosphorylation (GO:0060393),14/61,0.2002930971764238,0.9999963078360776,0,0,1.3533026931426306,2.176074867143174,GDF10;TNXB;LRP1;NOG;GDF5;BMP6;TGFBR2;BMP5;GDF7;BMP3;BMP2;BMPER;PPARG;LEFTY2,LumB,Suppressed
GO_Biological_Process_2023,Cell-Cell Junction Assembly (GO:0007043),16/71,0.2006222001396746,0.9999963078360776,0,0,1.3217549627007208,2.1231769502588778,PRKCA;CDH8;CLDN11;CDH5;CLDN5;CDH4;CDH3;GJB6;CDH22;CDH12;CDH13;DSG1;PKP1;TLN2;CDH17;JAM3,LumB,Suppressed
GO_Biological_Process_2023,Positive Regulation Of Nitric Oxide Biosynthetic Process (GO:0045429),7/27,0.2024420019478804,0.9999963078360776,0,0,1.5896642619311876,2.539173656276087,EDN1;HBB;CD36;AGTR2;PTGS2;KLF4;KLF2,LumB,Suppressed
GO_Biological_Process_2023,Regulation Of Catecholamine Secretion (GO:0050433),7/27,0.2024420019478804,0.9999963078360776,0,0,1.5896642619311876,2.539173656276087,PRKN;KCNB1;KCNA2;FFAR3;SYT15;SYT8;SNCA,LumB,Suppressed
GO_Biological_Process_2023,Respiratory Tube Development (GO:0030323),7/27,0.2024420019478804,0.9999963078360776,0,0,1.5896642619311876,2.539173656276087,CEBPA;FGF7;FGF9;TCF21;CHI3L1;PROX1;PCSK5,LumB,Suppressed
GO_Biological_Process_2023,Potassium Ion Transport (GO:0006813),26/122,0.2037418585585498,0.9999963078360776,0,0,1.2308751743375177,1.9582011435086188,KCNE1;LRRC38;KCNA1;KCNC4;KCNA2;KCNA4;ATP1A2;KCNA5;KCNA6;NALCN;SLC9C2;AQP1;KCNMB1;SLC17A7;KCNN4;KCNJ2;KCNH5;KCNB1;KCNIP2;KCNH8;KCNJ16;ABCC9;KCNAB1;KCNK17;KCNS1;SLC9A9,LumB,Suppressed
GO_Biological_Process_2023,Muscle Cell Development (GO:0055001),8/32,0.2086019514177096,0.9999963078360776,0,0,1.514016097696364,2.372958886145688,CAV3;BIN1;DMD;MYH11;ANK2;ALPK3;IGF1;SGCZ,LumB,Suppressed
GO_Biological_Process_2023,Negative Regulation Of Osteoblast Differentiation (GO:0045668),8/32,0.2086019514177096,0.9999963078360776,0,0,1.514016097696364,2.372958886145688,GDF10;CITED1;TNN;PTCH1;NOG;TWIST2;CRIM1;PPARG,LumB,Suppressed
GO_Biological_Process_2023,Phosphatidylinositol 3-Kinase Signaling (GO:0014065),8/32,0.2086019514177096,0.9999963078360776,0,0,1.514016097696364,2.372958886145688,EDN1;NYAP1;TYRO3;PIK3C2G;HTR2A;PIK3R1;IGF1;MYO16,LumB,Suppressed
GO_Biological_Process_2023,Regulation Of Calcium Ion Transmembrane Transporter Activity (GO:1901019),8/32,0.2086019514177096,0.9999963078360776,0,0,1.514016097696364,2.372958886145688,JPH4;JPH2;PLN;CAV3;DMD;ANK2;NOS1;STRIT1,LumB,Suppressed
GO_Biological_Process_2023,Arachidonate Transport (GO:1903963),3/9,0.2117944853718401,0.9999963078360776,0,0,2.2703713968957877,3.523931724231683,ANXA1;PLA2G5;DRD2,LumB,Suppressed
GO_Biological_Process_2023,Arachidonic Acid Secretion (GO:0050482),3/9,0.2117944853718401,0.9999963078360776,0,0,2.2703713968957877,3.523931724231683,ANXA1;PLA2G5;DRD2,LumB,Suppressed
GO_Biological_Process_2023,Calcium Ion Transport Into Cytosol (GO:0060402),3/9,0.2117944853718401,0.9999963078360776,0,0,2.2703713968957877,3.523931724231683,JPH4;JPH2;CACNA2D1,LumB,Suppressed
GO_Biological_Process_2023,Negative Regulation Of Cell Adhesion Mediated By Integrin (GO:0033629),3/9,0.2117944853718401,0.9999963078360776,0,0,2.2703713968957877,3.523931724231683,PDE3B;NRG1;JAM3,LumB,Suppressed
GO_Biological_Process_2023,Negative Regulation Of Necroptotic Process (GO:0060546),3/9,0.2117944853718401,0.9999963078360776,0,0,2.2703713968957877,3.523931724231683,FZD9;PELI1;YBX3,LumB,Suppressed
GO_Biological_Process_2023,Negative Regulation Of Potassium Ion Transmembrane Transporter Activity (GO:1901017),3/9,0.2117944853718401,0.9999963078360776,0,0,2.2703713968957877,3.523931724231683,CAV3;CASQ2;KCNAB1,LumB,Suppressed
GO_Biological_Process_2023,Negative Regulation Of Vascular Endothelial Growth Factor Signaling Pathway (GO:1900747),3/9,0.2117944853718401,0.9999963078360776,0,0,2.2703713968957877,3.523931724231683,SPRY2;NRG1;DCN,LumB,Suppressed
GO_Biological_Process_2023,Positive Regulation Of ATP Metabolic Process (GO:1903580),3/9,0.2117944853718401,0.9999963078360776,0,0,2.2703713968957877,3.523931724231683,PID1;PPARA;PPARGC1A,LumB,Suppressed
GO_Biological_Process_2023,Positive Regulation Of Hippo Signaling (GO:0035332),3/9,0.2117944853718401,0.9999963078360776,0,0,2.2703713968957877,3.523931724231683,IQCJ-SCHIP1;SCHIP1;FRMD1,LumB,Suppressed
GO_Biological_Process_2023,Positive Regulation Of Smooth Muscle Contraction (GO:0045987),3/9,0.2117944853718401,0.9999963078360776,0,0,2.2703713968957877,3.523931724231683,MYOCD;PROK2;SPX,LumB,Suppressed
GO_Biological_Process_2023,Primary Alcohol Catabolic Process (GO:0034310),3/9,0.2117944853718401,0.9999963078360776,0,0,2.2703713968957877,3.523931724231683,SULT1E1;AKR1C3;HAO1,LumB,Suppressed
GO_Biological_Process_2023,Regulation Of Bile Acid Biosynthetic Process (GO:0070857),3/9,0.2117944853718401,0.9999963078360776,0,0,2.2703713968957877,3.523931724231683,NR1H4;PROX1;CYP7A1,LumB,Suppressed
GO_Biological_Process_2023,Regulation Of Cardiac Muscle Cell Differentiation (GO:2000725),3/9,0.2117944853718401,0.9999963078360776,0,0,2.2703713968957877,3.523931724231683,MYOCD;FZD7;SOX6,LumB,Suppressed
GO_Biological_Process_2023,Regulation Of Cellular Extravasation (GO:0002691),3/9,0.2117944853718401,0.9999963078360776,0,0,2.2703713968957877,3.523931724231683,OLFM4;LYVE1;JAM3,LumB,Suppressed
GO_Biological_Process_2023,Regulation Of Cellular Response To Oxidative Stress (GO:1900407),3/9,0.2117944853718401,0.9999963078360776,0,0,2.2703713968957877,3.523931724231683,PRKN;AIFM2;FBLN5,LumB,Suppressed
GO_Biological_Process_2023,Response To Platelet-Derived Growth Factor (GO:0036119),3/9,0.2117944853718401,0.9999963078360776,0,0,2.2703713968957877,3.523931724231683,HYAL1;HAS1;HAS2,LumB,Suppressed
GO_Biological_Process_2023,Smooth Muscle Tissue Development (GO:0048745),3/9,0.2117944853718401,0.9999963078360776,0,0,2.2703713968957877,3.523931724231683,PTCH1;PROX1;MYLK,LumB,Suppressed
GO_Biological_Process_2023,Vasoconstriction (GO:0042310),3/9,0.2117944853718401,0.9999963078360776,0,0,2.2703713968957877,3.523931724231683,EDN1;EDNRB;EDN3,LumB,Suppressed
GO_Biological_Process_2023,Membrane Repolarization (GO:0086009),5/18,0.2134264759420581,0.9999963078360776,0,0,1.7466615469943256,2.697653924308978,KCNE1;KCNIP2;ATP1A2;ATP1B2;KCNJ2,LumB,Suppressed
GO_Biological_Process_2023,Negative Regulation Of Amyloid Precursor Protein Catabolic Process (GO:1902992),5/18,0.2134264759420581,0.9999963078360776,0,0,1.7466615469943256,2.697653924308978,NTRK2;PRNP;BIN1;CHRNA7;IGF1,LumB,Suppressed
GO_Biological_Process_2023,Negative Regulation Of Monoatomic Ion Transport (GO:0043271),5/18,0.2134264759420581,0.9999963078360776,0,0,1.7466615469943256,2.697653924308978,PLN;CAV3;CASQ2;NOS1;VIP,LumB,Suppressed
GO_Biological_Process_2023,Positive Regulation Of G Protein-Coupled Receptor Signaling Pathway (GO:0045745),5/18,0.2134264759420581,0.9999963078360776,0,0,1.7466615469943256,2.697653924308978,C3;KLK5;PRKCA;MRAP2;KLK6,LumB,Suppressed
GO_Biological_Process_2023,Positive Regulation Of Focal Adhesion Assembly (GO:0051894),5/18,0.2134264759420581,0.9999963078360776,0,0,1.7466615469943256,2.697653924308978,SFRP1;MYOC;NRG1;TEK;FERMT2,LumB,Suppressed
GO_Biological_Process_2023,Positive Regulation Of Neuroblast Proliferation (GO:0002052),5/18,0.2134264759420581,0.9999963078360776,0,0,1.7466615469943256,2.697653924308978,CX3CR1;DCT;HAPLN3;DRD2;CX3CL1,LumB,Suppressed
GO_Biological_Process_2023,Regulation Of Collagen Biosynthetic Process (GO:0032965),5/18,0.2134264759420581,0.9999963078360776,0,0,1.7466615469943256,2.697653924308978,IL6;RGCC;SERPINF2;VIM;LARP6,LumB,Suppressed
GO_Biological_Process_2023,Regulation Of Epithelial Cell Differentiation (GO:0030856),5/18,0.2134264759420581,0.9999963078360776,0,0,1.7466615469943256,2.697653924308978,CAV1;MAFF;ALOX15B;DLL1;APOLD1,LumB,Suppressed
GO_Biological_Process_2023,Regulation Of Vascular Endothelial Cell Proliferation (GO:1905562),5/18,0.2134264759420581,0.9999963078360776,0,0,1.7466615469943256,2.697653924308978,COL4A3;IGF2;PSG1;PPARG;FGF2,LumB,Suppressed
GO_Biological_Process_2023,Renal Absorption (GO:0070293),5/18,0.2134264759420581,0.9999963078360776,0,0,1.7466615469943256,2.697653924308978,GSN;HBB;HAS2;SLC5A1;SGK1,LumB,Suppressed
GO_Biological_Process_2023,Response To Cholesterol (GO:0070723),5/18,0.2134264759420581,0.9999963078360776,0,0,1.7466615469943256,2.697653924308978,PTCH1;CYP7A1;GPLD1;TGFBR2;CES1,LumB,Suppressed
GO_Biological_Process_2023,Response To Ethanol (GO:0045471),5/18,0.2134264759420581,0.9999963078360776,0,0,1.7466615469943256,2.697653924308978,CRHBP;ADH7;DRD2;GRIN2B;ADH6,LumB,Suppressed
GO_Biological_Process_2023,Chloride Transport (GO:0006821),17/77,0.21650536390089,0.9999963078360776,0,0,1.2872982749026154,1.9697465261338511,GABRA2;CLIC5;TTYH1;GABRA4;SLC4A1;SLC5A1;ANO4;GABRG3;SLC1A7;GABRG1;CLCN4;FXYD1;SLC26A7;SLC17A7;NMUR1;GABRE;CFTR,LumB,Suppressed
GO_Biological_Process_2023,Positive Regulation Of Endothelial Cell Proliferation (GO:0001938),17/77,0.21650536390089,0.9999963078360776,0,0,1.2872982749026154,1.9697465261338511,SEMA5A;PPP1R16B;STAT5A;CCL24;FGFBP1;EGR3;PSG1;IGF2;PRKCA;VEGFD;PROX1;FGF2;NR4A1;BMP2;CDH13;TEK;VIP,LumB,Suppressed
GO_Biological_Process_2023,Cartilage Development (GO:0051216),12/52,0.2181169077383835,0.9999963078360776,0,0,1.362795220894693,2.075161107015701,BMP2;SNORC;HYAL1;NFIB;ZBTB16;OGN;CHI3L1;CCN3;SOX6;FGF2;GDF5;GPLD1,LumB,Suppressed
GO_Biological_Process_2023,Fat Cell Differentiation (GO:0045444),14/62,0.2184475745424212,0.9999963078360776,0,0,1.325027800945232,2.015644516404632,CEBPA;EGR2;PID1;ADIPOQ;KLF4;FOXO1;NR4A1;NR4A3;ADGRF5;PRDM16;FFAR4;SOX8;PPARG;PPARGC1A,LumB,Suppressed
GO_Biological_Process_2023,ERBB2-EGFR Signaling Pathway (GO:0038134),2/5,0.2234285285975927,0.9999963078360776,0,0,3.026877251316154,4.536271056759399,TGFA;EGFR,LumB,Suppressed
GO_Biological_Process_2023,Activation Of Transmembrane Receptor Protein Tyrosine Kinase Activity (GO:0007171),2/5,0.2234285285975927,0.9999963078360776,0,0,3.026877251316154,4.536271056759399,ANGPT1;NRG1,LumB,Suppressed
GO_Biological_Process_2023,Adenylate Cyclase-Activating Dopamine Receptor Signaling Pathway (GO:0007191),2/5,0.2234285285975927,0.9999963078360776,0,0,3.026877251316154,4.536271056759399,GNG2;DRD5,LumB,Suppressed
GO_Biological_Process_2023,Ammonium Homeostasis (GO:0097272),2/5,0.2234285285975927,0.9999963078360776,0,0,3.026877251316154,4.536271056759399,RHCG;RHD,LumB,Suppressed
GO_Biological_Process_2023,Autocrine Signaling (GO:0035425),2/5,0.2234285285975927,0.9999963078360776,0,0,3.026877251316154,4.536271056759399,CX3CR1;SERPINB3,LumB,Suppressed
GO_Biological_Process_2023,Blood Vessel Endothelial Cell Proliferation Involved In Sprouting Angiogenesis (GO:0002043),2/5,0.2234285285975927,0.9999963078360776,0,0,3.026877251316154,4.536271056759399,SEMA5A;BMPER,LumB,Suppressed
GO_Biological_Process_2023,Cell Junction Disassembly (GO:0150146),2/5,0.2234285285975927,0.9999963078360776,0,0,3.026877251316154,4.536271056759399,CX3CR1;CX3CL1,LumB,Suppressed
GO_Biological_Process_2023,Cellular Response To Iron Ion (GO:0071281),2/5,0.2234285285975927,0.9999963078360776,0,0,3.026877251316154,4.536271056759399,F3;BMP6,LumB,Suppressed
GO_Biological_Process_2023,Cellular Response To Magnesium Ion (GO:0071286),2/5,0.2234285285975927,0.9999963078360776,0,0,3.026877251316154,4.536271056759399,KCNA1;RYR3,LumB,Suppressed
GO_Biological_Process_2023,Cerebral Cortex Cell Migration (GO:0021795),2/5,0.2234285285975927,0.9999963078360776,0,0,3.026877251316154,4.536271056759399,RELN;LHX6,LumB,Suppressed
GO_Biological_Process_2023,Choline Metabolic Process (GO:0019695),2/5,0.2234285285975927,0.9999963078360776,0,0,3.026877251316154,4.536271056759399,DMGDH;ENPP6,LumB,Suppressed
GO_Biological_Process_2023,Cilium Disassembly (GO:0061523),2/5,0.2234285285975927,0.9999963078360776,0,0,3.026877251316154,4.536271056759399,KIF19;NEDD9,LumB,Suppressed
GO_Biological_Process_2023,Endothelin Receptor Signaling Pathway (GO:0086100),2/5,0.2234285285975927,0.9999963078360776,0,0,3.026877251316154,4.536271056759399,EDN1;EDNRB,LumB,Suppressed
GO_Biological_Process_2023,Forebrain Neuron Differentiation (GO:0021879),2/5,0.2234285285975927,0.9999963078360776,0,0,3.026877251316154,4.536271056759399,LHX6;SHANK3,LumB,Suppressed
GO_Biological_Process_2023,Galactolipid Biosynthetic Process (GO:0019375),2/5,0.2234285285975927,0.9999963078360776,0,0,3.026877251316154,4.536271056759399,UGT8;GAL3ST1,LumB,Suppressed
GO_Biological_Process_2023,Galactosylceramide Biosynthetic Process (GO:0006682),2/5,0.2234285285975927,0.9999963078360776,0,0,3.026877251316154,4.536271056759399,UGT8;GAL3ST1,LumB,Suppressed
GO_Biological_Process_2023,Glomerular Epithelial Cell Differentiation (GO:0072311),2/5,0.2234285285975927,0.9999963078360776,0,0,3.026877251316154,4.536271056759399,PROM1;KLF15,LumB,Suppressed
GO_Biological_Process_2023,Hepatocyte Differentiation (GO:0070365),2/5,0.2234285285975927,0.9999963078360776,0,0,3.026877251316154,4.536271056759399,PROX1;PCK1,LumB,Suppressed
GO_Biological_Process_2023,Histamine Metabolic Process (GO:0001692),2/5,0.2234285285975927,0.9999963078360776,0,0,3.026877251316154,4.536271056759399,SLC22A3;SLC29A4,LumB,Suppressed
GO_Biological_Process_2023,Intracellular Water Homeostasis (GO:0009992),2/5,0.2234285285975927,0.9999963078360776,0,0,3.026877251316154,4.536271056759399,SCTR;AQP4,LumB,Suppressed
GO_Biological_Process_2023,Leukocyte Apoptotic Process (GO:0071887),2/5,0.2234285285975927,0.9999963078360776,0,0,3.026877251316154,4.536271056759399,HCAR2;IL6,LumB,Suppressed
GO_Biological_Process_2023,Negative Regulation Of Cardiac Muscle Cell Differentiation (GO:2000726),2/5,0.2234285285975927,0.9999963078360776,0,0,3.026877251316154,4.536271056759399,FZD7;SOX6,LumB,Suppressed
GO_Biological_Process_2023,Negative Regulation Of Cellular Extravasation (GO:0002692),2/5,0.2234285285975927,0.9999963078360776,0,0,3.026877251316154,4.536271056759399,PTGER4;CXCL12,LumB,Suppressed
GO_Biological_Process_2023,Negative Regulation Of Lens Fiber Cell Differentiation (GO:1902747),2/5,0.2234285285975927,0.9999963078360776,0,0,3.026877251316154,4.536271056759399,SPRY2;SPRY1,LumB,Suppressed
GO_Biological_Process_2023,Negative Regulation Of Monocyte Chemotaxis (GO:0090027),2/5,0.2234285285975927,0.9999963078360776,0,0,3.026877251316154,4.536271056759399,DUSP1;SLIT2,LumB,Suppressed
GO_Biological_Process_2023,Negative Regulation Of Neuron Migration (GO:2001223),2/5,0.2234285285975927,0.9999963078360776,0,0,3.026877251316154,4.536271056759399,TNN;CX3CL1,LumB,Suppressed
GO_Biological_Process_2023,Neurotransmitter-Gated Ion Channel Clustering (GO:0072578),2/5,0.2234285285975927,0.9999963078360776,0,0,3.026877251316154,4.536271056759399,NLGN1;SHANK3,LumB,Suppressed
GO_Biological_Process_2023,Nucleoside Transport (GO:0015858),2/5,0.2234285285975927,0.9999963078360776,0,0,3.026877251316154,4.536271056759399,SLC29A4;SLC28A3,LumB,Suppressed
GO_Biological_Process_2023,Plasma Membrane Raft Assembly (GO:0044854),2/5,0.2234285285975927,0.9999963078360776,0,0,3.026877251316154,4.536271056759399,CAV3;CAV2,LumB,Suppressed
GO_Biological_Process_2023,Podocyte Cell Migration (GO:0090521),2/5,0.2234285285975927,0.9999963078360776,0,0,3.026877251316154,4.536271056759399,KANK1;DAAM2,LumB,Suppressed
GO_Biological_Process_2023,poly-N-acetyllactosamine Metabolic Process (GO:0030309),2/5,0.2234285285975927,0.9999963078360776,0,0,3.026877251316154,4.536271056759399,B3GNT3;GAL3ST3,LumB,Suppressed
GO_Biological_Process_2023,Positive Regulation Of I-kappaB Phosphorylation (GO:1903721),2/5,0.2234285285975927,0.9999963078360776,0,0,3.026877251316154,4.536271056759399,CX3CR1;CX3CL1,LumB,Suppressed
GO_Biological_Process_2023,"Positive Regulation Of Wnt Signaling Pathway, Planar Cell Polarity Pathway (GO:2000096)",2/5,0.2234285285975927,0.9999963078360776,0,0,3.026877251316154,4.536271056759399,RSPO3;PLEKHA4,LumB,Suppressed
GO_Biological_Process_2023,Positive Regulation Of Endothelial Cell Development (GO:1901552),2/5,0.2234285285975927,0.9999963078360776,0,0,3.026877251316154,4.536271056759399,CDH5;CLDN5,LumB,Suppressed
GO_Biological_Process_2023,Positive Regulation Of Epithelial Cell Differentiation Involved In Kidney Development (GO:2000698),2/5,0.2234285285975927,0.9999963078360776,0,0,3.026877251316154,4.536271056759399,LIF;PROM1,LumB,Suppressed
GO_Biological_Process_2023,Positive Regulation Of Establishment Of Endothelial Barrier (GO:1903142),2/5,0.2234285285975927,0.9999963078360776,0,0,3.026877251316154,4.536271056759399,CDH5;CLDN5,LumB,Suppressed
GO_Biological_Process_2023,Positive Regulation Of Fever Generation (GO:0031622),2/5,0.2234285285975927,0.9999963078360776,0,0,3.026877251316154,4.536271056759399,TNFSF11;PTGS2,LumB,Suppressed
GO_Biological_Process_2023,Positive Regulation Of Hemoglobin Biosynthetic Process (GO:0046985),2/5,0.2234285285975927,0.9999963078360776,0,0,3.026877251316154,4.536271056759399,SLC25A37;KLF4,LumB,Suppressed
GO_Biological_Process_2023,Positive Regulation Of Microglial Cell Migration (GO:1904141),2/5,0.2234285285975927,0.9999963078360776,0,0,3.026877251316154,4.536271056759399,P2RY12;CX3CL1,LumB,Suppressed
GO_Biological_Process_2023,Positive Regulation Of Peroxisome Proliferator Activated Receptor Signaling Pathway (GO:0035360),2/5,0.2234285285975927,0.9999963078360776,0,0,3.026877251316154,4.536271056759399,BMP2;PTGIS,LumB,Suppressed
GO_Biological_Process_2023,Positive Regulation Of Sterol Transport (GO:0032373),2/5,0.2234285285975927,0.9999963078360776,0,0,3.026877251316154,4.536271056759399,CETP;LIPG,LumB,Suppressed
GO_Biological_Process_2023,Positive Regulation Of Urine Volume (GO:0035810),2/5,0.2234285285975927,0.9999963078360776,0,0,3.026877251316154,4.536271056759399,NPR1;NPR3,LumB,Suppressed
GO_Biological_Process_2023,Regulation Of Apoptotic DNA Fragmentation (GO:1902510),2/5,0.2234285285975927,0.9999963078360776,0,0,3.026877251316154,4.536271056759399,IL6;CIDEA,LumB,Suppressed
GO_Biological_Process_2023,Regulation Of cGMP-mediated Signaling (GO:0010752),2/5,0.2234285285975927,0.9999963078360776,0,0,3.026877251316154,4.536271056759399,PDE11A;PDE2A,LumB,Suppressed
GO_Biological_Process_2023,Regulation Of Epinephrine Secretion (GO:0014060),2/5,0.2234285285975927,0.9999963078360776,0,0,3.026877251316154,4.536271056759399,VIP;ADRA2B,LumB,Suppressed
GO_Biological_Process_2023,Regulation Of Glucagon Secretion (GO:0070092),2/5,0.2234285285975927,0.9999963078360776,0,0,3.026877251316154,4.536271056759399,IL6;FFAR4,LumB,Suppressed
GO_Biological_Process_2023,Regulation Of Hormone Biosynthetic Process (GO:0046885),2/5,0.2234285285975927,0.9999963078360776,0,0,3.026877251316154,4.536271056759399,EGR1;FFAR3,LumB,Suppressed
GO_Biological_Process_2023,Regulation Of Keratinocyte Apoptotic Process (GO:1902172),2/5,0.2234285285975927,0.9999963078360776,0,0,3.026877251316154,4.536271056759399,ZFP36;SERPINB13,LumB,Suppressed
GO_Biological_Process_2023,Regulation Of Macrophage Proliferation (GO:0120040),2/5,0.2234285285975927,0.9999963078360776,0,0,3.026877251316154,4.536271056759399,IL33;IL34,LumB,Suppressed
GO_Biological_Process_2023,Regulation Of Mitotic Spindle Checkpoint (GO:1903504),2/5,0.2234285285975927,0.9999963078360776,0,0,3.026877251316154,4.536271056759399,DUSP1;USP44,LumB,Suppressed
GO_Biological_Process_2023,Regulation Of Neutrophil Extravasation (GO:2000389),2/5,0.2234285285975927,0.9999963078360776,0,0,3.026877251316154,4.536271056759399,OLFM4;XG,LumB,Suppressed
GO_Biological_Process_2023,Regulation Of Renal Sodium Excretion (GO:0035813),2/5,0.2234285285975927,0.9999963078360776,0,0,3.026877251316154,4.536271056759399,NPR1;SPX,LumB,Suppressed
GO_Biological_Process_2023,Regulation Of Resting Membrane Potential (GO:0060075),2/5,0.2234285285975927,0.9999963078360776,0,0,3.026877251316154,4.536271056759399,NALCN;KCNJ2,LumB,Suppressed
GO_Biological_Process_2023,Regulation Of Serine-Type Endopeptidase Activity (GO:1900003),2/5,0.2234285285975927,0.9999963078360776,0,0,3.026877251316154,4.536271056759399,ANXA8L1;CR1,LumB,Suppressed
GO_Biological_Process_2023,Regulation Of Tooth Mineralization (GO:0070170),2/5,0.2234285285975927,0.9999963078360776,0,0,3.026877251316154,4.536271056759399,WNT6;MMP20,LumB,Suppressed
GO_Biological_Process_2023,Regulation Of Type B Pancreatic Cell Proliferation (GO:0061469),2/5,0.2234285285975927,0.9999963078360776,0,0,3.026877251316154,4.536271056759399,NR4A1;NR4A3,LumB,Suppressed
GO_Biological_Process_2023,Regulation Of Ventricular Cardiac Muscle Cell Membrane Depolarization (GO:0060373),2/5,0.2234285285975927,0.9999963078360776,0,0,3.026877251316154,4.536271056759399,SCN5A;SCN3B,LumB,Suppressed
GO_Biological_Process_2023,Renal Filtration Cell Differentiation (GO:0061318),2/5,0.2234285285975927,0.9999963078360776,0,0,3.026877251316154,4.536271056759399,PROM1;KLF15,LumB,Suppressed
GO_Biological_Process_2023,Response To Bile Acid (GO:1903412),2/5,0.2234285285975927,0.9999963078360776,0,0,3.026877251316154,4.536271056759399,NR1H4;GPBAR1,LumB,Suppressed
GO_Biological_Process_2023,Response To cGMP (GO:0070305),2/5,0.2234285285975927,0.9999963078360776,0,0,3.026877251316154,4.536271056759399,PDE2A;PDE3A,LumB,Suppressed
GO_Biological_Process_2023,Thiamine-Containing Compound Metabolic Process (GO:0042723),2/5,0.2234285285975927,0.9999963078360776,0,0,3.026877251316154,4.536271056759399,TKTL1;SLC19A3,LumB,Suppressed
GO_Biological_Process_2023,Tight Junction Organization (GO:0120193),2/5,0.2234285285975927,0.9999963078360776,0,0,3.026877251316154,4.536271056759399,CLDN11;CLDN5,LumB,Suppressed
GO_Biological_Process_2023,Ventricular Compact Myocardium Morphogenesis (GO:0003223),2/5,0.2234285285975927,0.9999963078360776,0,0,3.026877251316154,4.536271056759399,TGFBR3;NOG,LumB,Suppressed
GO_Biological_Process_2023,Bile Acid And Bile Salt Transport (GO:0015721),6/23,0.2241370551831174,0.9999963078360776,0,0,1.6028718283429877,2.397090909461107,SLCO1C1;SLC10A6;AKR1C1;SLCO1A2;SLCO1B3;SLC51B,LumB,Suppressed
GO_Biological_Process_2023,Positive Regulation Of Cell-Substrate Junction Organization (GO:0150117),6/23,0.2241370551831174,0.9999963078360776,0,0,1.6028718283429877,2.397090909461107,SFRP1;MYOC;NRG1;PIK3R1;TEK;FERMT2,LumB,Suppressed
GO_Biological_Process_2023,Regulation Of Lipid Catabolic Process (GO:0050994),6/23,0.2241370551831174,0.9999963078360776,0,0,1.6028718283429877,2.397090909461107,ALK;HCAR2;RARRES2;PDE3B;CIDEA;CIDEC,LumB,Suppressed
GO_Biological_Process_2023,Inorganic Cation Import Across Plasma Membrane (GO:0098659),22/103,0.2242946762127571,0.9999963078360776,0,0,1.234141357852698,1.84478780385644,CACNA2D1;KCNJ16;ABCC9;ATP1A2;ATP1B2;SLC5A1;SLC39A12;SLC9C2;CACNA1G;TRPM1;SLC8A3;ATP4A;SCN11A;FXYD2;SCN9A;SLC9A9;SCN7A;SCN4A;SCN5A;SCN2A;SCN3A;KCNJ2,LumB,Suppressed
GO_Biological_Process_2023,Positive Regulation Of Nitric Oxide Metabolic Process (GO:1904407),7/28,0.2307283652003481,0.9999963078360776,0,0,1.513873473917869,2.220116898978095,EDN1;HBB;CD36;AGTR2;PTGS2;KLF4;KLF2,LumB,Suppressed
GO_Biological_Process_2023,Regulation Of Platelet Activation (GO:0010543),7/28,0.2307283652003481,0.9999963078360776,0,0,1.513873473917869,2.220116898978095,SELP;PDGFRA;C1QTNF1;PDGFA;PLA2G4A;NRG1;PRKCA,LumB,Suppressed
GO_Biological_Process_2023,Positive Regulation Of Angiogenesis (GO:0045766),25/119,0.231872412794918,0.9999963078360776,0,0,1.2085266580436924,1.766343894701481,SEMA5A;FOXC2;HSPB6;CHRNA7;FGF1;FGF2;DLL1;AQP1;CDH5;BMPER;TNN;HYAL1;EMILIN2;CD34;ANGPT4;PTGIS;ANXA3;PSG1;PRKCA;VEGFD;KLF4;CHI3L1;ANGPTL4;TEK;RAPGEF3,LumB,Suppressed
GO_Biological_Process_2023,Monocarboxylic Acid Transport (GO:0015718),16/73,0.2347413110362425,0.9999963078360776,0,0,1.2752214332772125,1.8481416653337777,SLC10A6;ACSL1;AKR1C1;SLC16A12;SLC16A11;SLC51B;SLCO1C1;FABP1;RBP7;FABP4;FABP7;SLCO1B3;SLCO1A2;SLC16A7;PMP2;ABCG2,LumB,Suppressed
GO_Biological_Process_2023,Cardiac Muscle Contraction (GO:0060048),8/33,0.2347888420648708,0.9999963078360776,0,0,1.4533666389120177,2.106028125220864,GSN;MYL2;CASQ2;DMD;SCN5A;SCN3B;SCN4B;SCN2B,LumB,Suppressed
GO_Biological_Process_2023,Cell-Cell Junction Organization (GO:0045216),15/68,0.2361064209900949,0.9999963078360776,0,0,1.2857052909941864,1.855880409623603,KIRREL1;CDH8;PKHD1;CDH5;CLDN5;CDH4;CDH3;CDH22;CDH12;CDH13;DSG1;PKP1;TLN2;CDH17;LIMS2,LumB,Suppressed
GO_Biological_Process_2023,Detection Of Mechanical Stimulus Involved In Sensory Perception (GO:0050974),4/14,0.236842164710057,0.9999963078360776,0,0,1.8163570834488492,2.6162105070000004,TMC1;KCNA1;KIT;TMC2,LumB,Suppressed
GO_Biological_Process_2023,Glucosamine-Containing Compound Metabolic Process (GO:1901071),4/14,0.236842164710057,0.9999963078360776,0,0,1.8163570834488492,2.6162105070000004,MGAT3;CHST4;CHST2;CHST3,LumB,Suppressed
GO_Biological_Process_2023,Membrane Repolarization During Cardiac Muscle Cell Action Potential (GO:0086013),4/14,0.236842164710057,0.9999963078360776,0,0,1.8163570834488492,2.6162105070000004,KCNE1;KCNIP2;KCNA5;KCNJ2,LumB,Suppressed
GO_Biological_Process_2023,Pathway-Restricted SMAD Protein Phosphorylation (GO:0060389),4/14,0.236842164710057,0.9999963078360776,0,0,1.8163570834488492,2.6162105070000004,TGFBR3;BMP2;GDF7;TGFBR2,LumB,Suppressed
GO_Biological_Process_2023,Positive Regulation Of Acute Inflammatory Response (GO:0002675),4/14,0.236842164710057,0.9999963078360776,0,0,1.8163570834488492,2.6162105070000004,IL6;FFAR3;C2CD4B;PTGS2,LumB,Suppressed
GO_Biological_Process_2023,Regulation Of Bone Remodeling (GO:0046850),4/14,0.236842164710057,0.9999963078360776,0,0,1.8163570834488492,2.6162105070000004,SFRP1;LEP;LEPR;S1PR1,LumB,Suppressed
GO_Biological_Process_2023,Regulation Of Cholesterol Storage (GO:0010885),4/14,0.236842164710057,0.9999963078360776,0,0,1.8163570834488492,2.6162105070000004,PPARG;APOB;PPARA;CES1,LumB,Suppressed
GO_Biological_Process_2023,Regulation Of Endothelial Cell Chemotaxis (GO:2001026),4/14,0.236842164710057,0.9999963078360776,0,0,1.8163570834488492,2.6162105070000004,SEMA5A;NRG1;FGF2;MET,LumB,Suppressed
GO_Biological_Process_2023,Regulation Of Extracellular Matrix Disassembly (GO:0010715),4/14,0.236842164710057,0.9999963078360776,0,0,1.8163570834488492,2.6162105070000004,DPP4;IL6;LRP1;DDR2,LumB,Suppressed
GO_Biological_Process_2023,Regulation Of Macrophage Differentiation (GO:0045649),4/14,0.236842164710057,0.9999963078360776,0,0,1.8163570834488492,2.6162105070000004,IL34;LIF;PRKCA;PF4,LumB,Suppressed
GO_Biological_Process_2023,Regulation Of Non-Canonical Wnt Signaling Pathway (GO:2000050),4/14,0.236842164710057,0.9999963078360776,0,0,1.8163570834488492,2.6162105070000004,SFRP1;DAAM2;GPC3;RSPO3,LumB,Suppressed
GO_Biological_Process_2023,Regulation Of Sequestering Of Triglyceride (GO:0010889),4/14,0.236842164710057,0.9999963078360776,0,0,1.8163570834488492,2.6162105070000004,CIDEA;PPARG;PPARA;PNPLA2,LumB,Suppressed
GO_Biological_Process_2023,Striated Muscle Cell Development (GO:0055002),4/14,0.236842164710057,0.9999963078360776,0,0,1.8163570834488492,2.6162105070000004,TMOD1;LMOD1;PGM5;MYL9,LumB,Suppressed
GO_Biological_Process_2023,Striated Muscle Tissue Development (GO:0014706),4/14,0.236842164710057,0.9999963078360776,0,0,1.8163570834488492,2.6162105070000004,MYL7;PGM5;SGCZ;SGCG,LumB,Suppressed
GO_Biological_Process_2023,Positive Regulation Of Cation Channel Activity (GO:2001259),9/38,0.2371904135144252,0.9999963078360776,0,0,1.4095617377319114,2.0282071472212784,JPH2;EDN1;KCNIP2;STAC;LRRC38;STAC2;AKAP6;ANK2;TRDN,LumB,Suppressed
GO_Biological_Process_2023,Response To Transforming Growth Factor Beta (GO:0071559),9/38,0.2371904135144252,0.9999963078360776,0,0,1.4095617377319114,2.0282071472212784,CLEC3B;SFRP1;FNDC4;CITED1;PDE2A;PDE3A;NR3C1;SOX6;ZFP36L2,LumB,Suppressed
GO_Biological_Process_2023,Energy Derivation By Oxidation Of Organic Compounds (GO:0015980),10/43,0.2384527801280722,0.9999963078360776,0,0,1.3763853475044812,1.973163977800096,PID1;ADGRF1;NR4A3;ADRB3;ACSM1;LEP;ADGRF5;LEPR;PPARGC1A;MRAP2,LumB,Suppressed
GO_Biological_Process_2023,Negative Regulation Of BMP Signaling Pathway (GO:0030514),10/43,0.2384527801280722,0.9999963078360776,0,0,1.3763853475044812,1.973163977800096,GREM2;BMPER;NOG;RBPMS2;CRIM1;VWC2;SOSTDC1;PPARG;CHRDL1;CER1,LumB,Suppressed
GO_Biological_Process_2023,Cellular Response To Peptide Hormone Stimulus (GO:0071375),19/89,0.2459228697167751,0.9999963078360776,0,0,1.233141107222399,1.729773064196357,TRARG1;LHCGR;CAV1;PDE3B;ADIPOQ;SLC2A4;PIK3R1;SORBS1;FOXO1;CRHBP;NR4A1;CPEB1;NR4A3;CYP11A1;PPARG;MGARP;PCK1;LPIN1;GPLD1,LumB,Suppressed
GO_Biological_Process_2023,Cellular Response To Catecholamine Stimulus (GO:0071870),5/19,0.2495775821471261,0.9999963078360776,0,0,1.6218009666428967,2.2510361633678184,PRKN;GNG2;NR4A3;DRD5;SNCA,LumB,Suppressed
GO_Biological_Process_2023,Establishment Of Skin Barrier (GO:0061436),5/19,0.2495775821471261,0.9999963078360776,0,0,1.6218009666428967,2.2510361633678184,FLG2;KRT16;MET;TP63;HRNR,LumB,Suppressed
GO_Biological_Process_2023,Fluid Transport (GO:0042044),5/19,0.2495775821471261,0.9999963078360776,0,0,1.6218009666428967,2.2510361633678184,AQP7;AQP4;AQP5;AQP2;AQP7P3,LumB,Suppressed
GO_Biological_Process_2023,Regulation Of Insulin-Like Growth Factor Receptor Signaling Pathway (GO:0043567),5/19,0.2495775821471261,0.9999963078360776,0,0,1.6218009666428967,2.2510361633678184,IGFBP1;CDH3;IGF1;IGFBP6;BMP5,LumB,Suppressed
GO_Biological_Process_2023,Response To Fatty Acid (GO:0070542),5/19,0.2495775821471261,0.9999963078360776,0,0,1.6218009666428967,2.2510361633678184,PID1;NR1H4;PDK4;FFAR3;FOXO1,LumB,Suppressed
GO_Biological_Process_2023,Skeletal Muscle Contraction (GO:0003009),5/19,0.2495775821471261,0.9999963078360776,0,0,1.6218009666428967,2.2510361633678184,MYH3;STAC;STAC2;TNNT3;TNNI2,LumB,Suppressed
GO_Biological_Process_2023,Positive Regulation Of Cytoskeleton Organization (GO:0051495),17/79,0.2504607801824534,0.9999963078360776,0,0,1.2456199400434416,1.7245021841956576,SEMA5A;TENM1;CCL24;CSF3;EDN1;GSN;CCL21;SYNPO2;LMOD1;PROX1;CX3CL1;BIN1;CDC42EP5;CFL2;TEK;SYNPO;NES,LumB,Suppressed
GO_Biological_Process_2023,Eosinophil Chemotaxis (GO:0048245),6/24,0.2565035265021449,0.9999963078360776,0,0,1.51373092926491,2.05960177789804,CCL14;CCL13;CCL24;CCL23;CX3CL1;CCL16,LumB,Suppressed
GO_Biological_Process_2023,Eosinophil Migration (GO:0072677),6/24,0.2565035265021449,0.9999963078360776,0,0,1.51373092926491,2.05960177789804,CCL14;CCL13;CCL24;CCL23;CX3CL1;CCL16,LumB,Suppressed
GO_Biological_Process_2023,Fat-Soluble Vitamin Metabolic Process (GO:0006775),6/24,0.2565035265021449,0.9999963078360776,0,0,1.51373092926491,2.05960177789804,CYP11A1;ALDH1A2;CYP1A1;CYP3A4;RLBP1;RPE65,LumB,Suppressed
GO_Biological_Process_2023,Positive Regulation Of Lipid Metabolic Process (GO:0045834),6/24,0.2565035265021449,0.9999963078360776,0,0,1.51373092926491,2.05960177789804,MLXIPL;ZBTB20;HSD17B13;SORBS1;PCK1;PPARA,LumB,Suppressed
GO_Biological_Process_2023,Regulation Of Ryanodine-Sensitive Calcium-Release Channel Activity (GO:0060314),6/24,0.2565035265021449,0.9999963078360776,0,0,1.51373092926491,2.05960177789804,JPH4;JPH2;CASQ2;DMD;NOS1;TRDN,LumB,Suppressed
GO_Biological_Process_2023,Regulation Of Lipid Metabolic Process (GO:0019216),12/54,0.2601225123462936,0.9999963078360776,0,0,1.297741436113206,1.7475419369932623,ADGRF1;PSAPL1;CAV1;RARRES2;ADGRF5;ANGPTL8;PPARG;THRSP;CCDC3;PPARA;PCK1;PLPP1,LumB,Suppressed
GO_Biological_Process_2023,Regulation Of Striated Muscle Contraction (GO:0006942),7/29,0.260232750515098,0.9999963078360776,0,0,1.444972757542125,1.945191770990204,SLC8A3;CAV3;MYL2;TNNT3;ATP1A2;DMD;NOS1,LumB,Suppressed
GO_Biological_Process_2023,Response To Steroid Hormone (GO:0048545),7/29,0.260232750515098,0.9999963078360776,0,0,1.444972757542125,1.945191770990204,CAV1;ATP1A2;CSN1S1;ADTRP;MGARP;NR3C1;TFPI,LumB,Suppressed
GO_Biological_Process_2023,Positive Regulation Of Pathway-Restricted SMAD Protein Phosphorylation (GO:0010862),11/49,0.2614135183536127,0.9999963078360776,0,0,1.3147733918128657,1.763968040291235,GDF10;BMP3;BMP2;TNXB;PPARG;LEFTY2;GDF5;BMP6;TGFBR2;BMP5;GDF7,LumB,Suppressed
GO_Biological_Process_2023,Cellular Response To Hydrogen Peroxide (GO:0070301),8/34,0.2620284732555958,0.9999963078360776,0,0,1.3973825231110826,1.8715173541029544,FABP1;EDN1;IL6;ANXA1;CAT;SIRPA;SLC6A2;AQP1,LumB,Suppressed
GO_Biological_Process_2023,Glial Cell Differentiation (GO:0010001),8/34,0.2620284732555958,0.9999963078360776,0,0,1.3973825231110826,1.8715173541029544,SLC8A3;EGR2;RELN;PTPRZ1;NFIB;SOX8;HAPLN3;SOX10,LumB,Suppressed
GO_Biological_Process_2023,Regulation Of Blood Circulation (GO:1903522),8/34,0.2620284732555958,0.9999963078360776,0,0,1.3973825231110826,1.8715173541029544,ACE2;PLN;DES;CAV3;KCNIP2;CELF2;HSPB7;FXYD1,LumB,Suppressed
GO_Biological_Process_2023,Regulation Of Metal Ion Transport (GO:0010959),8/34,0.2620284732555958,0.9999963078360776,0,0,1.3973825231110826,1.8715173541029544,NKAIN2;PER1;PLN;CACNA2D1;KCNA5;NOS1;DRD2;F3,LumB,Suppressed
GO_Biological_Process_2023,Response To Estrogen (GO:0043627),8/34,0.2620284732555958,0.9999963078360776,0,0,1.3973825231110826,1.8715173541029544,CRHBP;SLC34A2;SFRP1;CITED1;CAV1;ARID5A;ZNF366;ESR2,LumB,Suppressed
GO_Biological_Process_2023,Regulation Of Cell-Substrate Adhesion (GO:0010810),10/44,0.2622880734652571,0.9999963078360776,0,0,1.3358217488606106,1.7877460922905424,VIT;PKHD1;ECM2;CCDC80;FZD4;FZD7;NDNF;FBLN2;CORO2B;CX3CL1,LumB,Suppressed
GO_Biological_Process_2023,Regulation Of Phosphatidylinositol 3-Kinase Signaling (GO:0014066),19/90,0.2624305342001601,0.9999963078360776,0,0,1.215698422158788,1.6263234966795437,PPP1R16B;PDGFRA;NTRK2;CSF3;MYOC;NTRK3;PDGFA;IGF1;FGF2;DCN;EGFR;SELP;PDGFD;LEP;KIT;ROR1;TEK;RAPGEF3;DDR2,LumB,Suppressed
GO_Biological_Process_2023,Fibroblast Growth Factor Receptor Signaling Pathway (GO:0008543),9/39,0.2625781421629457,0.9999963078360776,0,0,1.3624930594114382,1.8219346526659104,FGF17;KL;FGF16;FGF7;FGF9;FLRT2;NOG;FGF1;FGF2,LumB,Suppressed
GO_Biological_Process_2023,Negative Regulation Of Protein Secretion (GO:0050709),9/39,0.2625781421629457,0.9999963078360776,0,0,1.3624930594114382,1.8219346526659104,PRKN;SFRP1;KCNB1;CCN3;FAM3D;ADTRP;DRD2;FOXO1;CD200,LumB,Suppressed
GO_Biological_Process_2023,Angiogenesis Involved In Wound Healing (GO:0060055),3/10,0.2643733784856662,0.9999963078360776,0,0,1.9459138422553055,2.588829886947562,MCAM;NDNF;CD34,LumB,Suppressed
GO_Biological_Process_2023,Cardiac Muscle Cell Membrane Repolarization (GO:0099622),3/10,0.2643733784856662,0.9999963078360776,0,0,1.9459138422553055,2.588829886947562,KCNE1;KCNIP2;KCNJ2,LumB,Suppressed
GO_Biological_Process_2023,Cellular Response To Cholesterol (GO:0071397),3/10,0.2643733784856662,0.9999963078360776,0,0,1.9459138422553055,2.588829886947562,PTCH1;CYP7A1;GPLD1,LumB,Suppressed
GO_Biological_Process_2023,Insulin-Like Growth Factor Receptor Signaling Pathway (GO:0048009),3/10,0.2643733784856662,0.9999963078360776,0,0,1.9459138422553055,2.588829886947562,GHR;IGF1;PIK3R1,LumB,Suppressed
GO_Biological_Process_2023,Monoamine Transport (GO:0015844),3/10,0.2643733784856662,0.9999963078360776,0,0,1.9459138422553055,2.588829886947562,SLC22A3;SLC29A4;SLC6A2,LumB,Suppressed
GO_Biological_Process_2023,Negative Regulation Of Exocytosis (GO:0045920),3/10,0.2643733784856662,0.9999963078360776,0,0,1.9459138422553055,2.588829886947562,PRKN;STXBP6;SNCA,LumB,Suppressed
GO_Biological_Process_2023,Negative Regulation Of Lymphocyte Migration (GO:2000402),3/10,0.2643733784856662,0.9999963078360776,0,0,1.9459138422553055,2.588829886947562,PADI2;APOD;CD200,LumB,Suppressed
GO_Biological_Process_2023,Negative Regulation Of Pathway-Restricted SMAD Protein Phosphorylation (GO:0060394),3/10,0.2643733784856662,0.9999963078360776,0,0,1.9459138422553055,2.588829886947562,LRP1;NOG;PPARG,LumB,Suppressed
GO_Biological_Process_2023,Negative Regulation Of Programmed Necrotic Cell Death (GO:0062099),3/10,0.2643733784856662,0.9999963078360776,0,0,1.9459138422553055,2.588829886947562,FZD9;PELI1;YBX3,LumB,Suppressed
GO_Biological_Process_2023,Phenol-Containing Compound Biosynthetic Process (GO:0046189),3/10,0.2643733784856662,0.9999963078360776,0,0,1.9459138422553055,2.588829886947562,OCA2;CITED1;MOXD2P,LumB,Suppressed
GO_Biological_Process_2023,Positive Regulation Of Dendrite Development (GO:1900006),3/10,0.2643733784856662,0.9999963078360776,0,0,1.9459138422553055,2.588829886947562,PTN;VLDLR;BMP5,LumB,Suppressed
GO_Biological_Process_2023,Positive Regulation Of Non-Canonical Wnt Signaling Pathway (GO:2000052),3/10,0.2643733784856662,0.9999963078360776,0,0,1.9459138422553055,2.588829886947562,SFRP1;RSPO3;PLEKHA4,LumB,Suppressed
GO_Biological_Process_2023,Regulation Of Lipid Transport (GO:0032368),3/10,0.2643733784856662,0.9999963078360776,0,0,1.9459138422553055,2.588829886947562,PRKN;LRP1;PPARA,LumB,Suppressed
GO_Biological_Process_2023,Regulation Of Mitochondrial Depolarization (GO:0051900),3/10,0.2643733784856662,0.9999963078360776,0,0,1.9459138422553055,2.588829886947562,MYOC;FZD9;DCN,LumB,Suppressed
GO_Biological_Process_2023,Regulation Of Respiratory Burst (GO:0060263),3/10,0.2643733784856662,0.9999963078360776,0,0,1.9459138422553055,2.588829886947562,IGHA1;IGHA2;JCHAIN,LumB,Suppressed
GO_Biological_Process_2023,Calcium-Mediated Signaling (GO:0019722),18/85,0.2653006666444386,0.9999963078360776,0,0,1.2204327652026536,1.6193818686282777,P2RY12;CHRM3;PTGFR;PRNP;EDN1;DEFB1;ANK2;SELE;NCALD;CNKSR2;POMC;SELP;RCAN1;EDNRB;TNFSF11;NMUR1;MCTP2;LACRT,LumB,Suppressed
GO_Biological_Process_2023,Positive Regulation Of Endothelial Cell Migration (GO:0010595),18/85,0.2653006666444386,0.9999963078360776,0,0,1.2204327652026536,1.6193818686282777,SEMA5A;STAT5A;FOXC2;ANGPT4;EDN1;ANGPT1;ANXA3;PSG1;PRKCA;PROX1;FGF1;FGF2;ATOH8;TEK;PLPP3;MET;TDGF1;GPLD1,LumB,Suppressed
GO_Biological_Process_2023,Response To Interleukin-1 (GO:0070555),18/85,0.2653006666444386,0.9999963078360776,0,0,1.2204327652026536,1.6193818686282777,CCL14;CCL13;CCL24;CCL23;ANXA1;PTGIS;CITED1;CCL21;PRKCA;SELE;CX3CL1;SFRP1;HYAL1;SIRPA;CHI3L1;HAS2;CCL16;SNCA,LumB,Suppressed
GO_Biological_Process_2023,Negative Regulation Of Inflammatory Response (GO:0050728),23/111,0.266078189908374,0.9999963078360776,0,0,1.187427156177156,1.5721120736381482,PTGER4;IL33;PTGIS;GSTP1;ADIPOQ;IL13;NR1H4;IGF1;KLF4;CDH5;LRFN5;FNDC4;TYRO3;FFAR4;SAA1;SIRPA;CCN3;PPARG;ENPP3;TEK;PPARA;ELANE;CD200,LumB,Suppressed
GO_Biological_Process_2023,Regulation Of ERK1 And ERK2 Cascade (GO:0070372),48/244,0.2780874923981223,0.9999963078360776,0,0,1.1130038319004278,1.4244440009062873,CCL14;CCL13;GSTP1;CHRNA7;PDGFA;PLA2G5;HTR2A;FGF1;FGF2;CX3CL1;EGFR;PKHD1;BMPER;PDGFD;FFAR4;SIRPA;ALKAL2;CD36;EPHB1;CCL16;CCL24;PDGFRA;NTRK2;CCL23;CCL21;ANGPT1;NTRK3;SERPINF2;GPR55;ADIPOQ;PLA2G2A;PRKCA;NRG1;IGF1;MTURN;DUSP6;TGFBR3;MARCO;BMP2;HAND2;CHI3L1;SPRY2;ROR1;SPRY1;TEK;FERMT2;EPHA2;DDR2,LumB,Suppressed
GO_Biological_Process_2023,Homophilic Cell Adhesion Via Plasma Membrane Adhesion Molecules (GO:0007156),13/60,0.2794588950344487,0.9999963078360776,0,0,1.256288954856717,1.6016428680305104,ROBO3;ROBO4;CADM3;PTPRM;NEXN;MYPN;CDH4;HMCN2;PECAM1;CDH13;FAT2;CDH17;NECTIN3,LumB,Suppressed
GO_Biological_Process_2023,N-acetylglucosamine Metabolic Process (GO:0006044),4/15,0.2801272909934912,0.9999963078360776,0,0,1.651132898152582,2.1010850534547165,MGAT3;CHST4;CHST2;CHST3,LumB,Suppressed
GO_Biological_Process_2023,Cardiac Myofibril Assembly (GO:0055003),4/15,0.2801272909934912,0.9999963078360776,0,0,1.651132898152582,2.1010850534547165,FHOD3;PDGFRA;MYL2;PROX1,LumB,Suppressed
GO_Biological_Process_2023,Cellular Response To Estrogen Stimulus (GO:0071391),4/15,0.2801272909934912,0.9999963078360776,0,0,1.651132898152582,2.1010850534547165,CRHBP;SFRP1;ARID5A;ESR2,LumB,Suppressed
GO_Biological_Process_2023,Gas Transport (GO:0015669),4/15,0.2801272909934912,0.9999963078360776,0,0,1.651132898152582,2.1010850534547165,HBB;AQP5;HBA1;CYGB,LumB,Suppressed
GO_Biological_Process_2023,High-Density Lipoprotein Particle Remodeling (GO:0034375),4/15,0.2801272909934912,0.9999963078360776,0,0,1.651132898152582,2.1010850534547165,CETP;LIPG;LCAT;PLTP,LumB,Suppressed
GO_Biological_Process_2023,Negative Regulation Of Macrophage Activation (GO:0043031),4/15,0.2801272909934912,0.9999963078360776,0,0,1.651132898152582,2.1010850534547165,LRFN5;TAFA3;CX3CL1;CD200,LumB,Suppressed
GO_Biological_Process_2023,Platelet-Derived Growth Factor Receptor Signaling Pathway (GO:0048008),4/15,0.2801272909934912,0.9999963078360776,0,0,1.651132898152582,2.1010850534547165,PDGFRA;NR4A3;PDGFD;PDGFA,LumB,Suppressed
GO_Biological_Process_2023,Positive Regulation Of Collagen Biosynthetic Process (GO:0032967),4/15,0.2801272909934912,0.9999963078360776,0,0,1.651132898152582,2.1010850534547165,RGCC;SERPINF2;VIM;LARP6,LumB,Suppressed
GO_Biological_Process_2023,Positive Regulation Of Muscle Cell Differentiation (GO:0051149),4/15,0.2801272909934912,0.9999963078360776,0,0,1.651132898152582,2.1010850534547165,MYOCD;LAMA2;LAMA1;NRG1,LumB,Suppressed
GO_Biological_Process_2023,Positive Regulation Of Secretion (GO:0051047),4/15,0.2801272909934912,0.9999963078360776,0,0,1.651132898152582,2.1010850534547165,NPR1;LACRT;GPLD1;AQP1,LumB,Suppressed
GO_Biological_Process_2023,Regulation Of Systemic Arterial Blood Pressure (GO:0003073),4/15,0.2801272909934912,0.9999963078360776,0,0,1.651132898152582,2.1010850534547165,ADM5;ADM;SPX;DRD2,LumB,Suppressed
GO_Biological_Process_2023,Negative Regulation Of Cell Differentiation (GO:0045596),41/207,0.2807729424005277,0.9999963078360776,0,0,1.1223769025682562,1.4256532098633536,CRP;CETP;CITED1;NOTCH4;TCF23;TWIST2;DTX1;DLL1;EGFR;FOXO1;ZFP36L2;PTHLH;HOXA9;EFEMP1;TNN;TUNAR;SOSTDC1;SOX8;RUNX1T1;GDF10;MYOCD;CAV1;PTCH1;ZBTB16;NOG;ADIPOQ;ESRRB;IGF2;CRIM1;IL17RD;GDF5;MEIS2;BMP5;SFRP1;BMP2;IL6;SPRY2;PPARG;SPRY1;PPARA;FERMT2,LumB,Suppressed
GO_Biological_Process_2023,Skeletal System Development (GO:0001501),30/149,0.284082931680428,0.9999963078360776,0,0,1.1454009137863468,1.441474531328418,PTGER4;PKDCC;HHIP;NPR3;PRELP;PTH1R;PCSK5;ETS2;COL19A1;PTHLH;WNT11;HYAL1;SHOX;ALX4;SOX6;CNMD;GDF10;MYOC;ZBTB16;NOG;EN1;IGF1;BMP6;BMP5;BMP3;BMP2;SNORC;OGN;ALPL;CHI3L1,LumB,Suppressed
GO_Biological_Process_2023,Gamma-Aminobutyric Acid Signaling Pathway (GO:0007214),5/20,0.2871049465482389,0.9999963078360776,0,0,1.5135884636716583,1.8888183391923987,GABRA2;GABRA4;GABRE;GABRG3;GABRG1,LumB,Suppressed
GO_Biological_Process_2023,Hydrogen Peroxide Catabolic Process (GO:0042744),5/20,0.2871049465482389,0.9999963078360776,0,0,1.5135884636716583,1.8888183391923987,HBM;GPX3;CAT;HBB;HBA1,LumB,Suppressed
GO_Biological_Process_2023,Long-Term Memory (GO:0007616),5/20,0.2871049465482389,0.9999963078360776,0,0,1.5135884636716583,1.8888183391923987,NPAS4;NTF4;PRNP;SLC2A4;SGK1,LumB,Suppressed
GO_Biological_Process_2023,Myoblast Differentiation (GO:0045445),5/20,0.2871049465482389,0.9999963078360776,0,0,1.5135884636716583,1.8888183391923987,MYOCD;EPAS1;NRG1;IGF1;PLEKHM3,LumB,Suppressed
GO_Biological_Process_2023,Negative Regulation Of Cytokine Production Involved In Inflammatory Response (GO:1900016),5/20,0.2871049465482389,0.9999963078360776,0,0,1.5135884636716583,1.8888183391923987,ABCD2;PSG4;SIRPA;APOD;PPARA,LumB,Suppressed
GO_Biological_Process_2023,Peripheral Nervous System Development (GO:0007422),5/20,0.2871049465482389,0.9999963078360776,0,0,1.5135884636716583,1.8888183391923987,UGT8;EGR2;SOX8;GFRA3;SOX10,LumB,Suppressed
GO_Biological_Process_2023,Positive Regulation Of Vascular Associated Smooth Muscle Cell Proliferation (GO:1904707),5/20,0.2871049465482389,0.9999963078360776,0,0,1.5135884636716583,1.8888183391923987,JUN;NR4A3;FGF9;IGF1;FGF2,LumB,Suppressed
GO_Biological_Process_2023,Regulation Of Membrane Depolarization (GO:0003254),5/20,0.2871049465482389,0.9999963078360776,0,0,1.5135884636716583,1.8888183391923987,CAV3;FHL1;SCN5A;SCN3B;SCN2B,LumB,Suppressed
GO_Biological_Process_2023,Regulation Of Smooth Muscle Contraction (GO:0006940),5/20,0.2871049465482389,0.9999963078360776,0,0,1.5135884636716583,1.8888183391923987,CHRM3;CNN1;MYOCD;CAV1;PROK2,LumB,Suppressed
GO_Biological_Process_2023,Xenobiotic Transport (GO:0042908),5/20,0.2871049465482389,0.9999963078360776,0,0,1.5135884636716583,1.8888183391923987,SLC22A3;ABCB1;SLC29A4;ABCA8;ABCG2,LumB,Suppressed
GO_Biological_Process_2023,Positive Regulation Of Wound Healing (GO:0090303),9/40,0.2887540198734956,0.9999963078360776,0,0,1.3184610700148662,1.6377660980001998,FOXC2;KANK1;FERMT1;ANXA1;EMILIN2;DUOX2;FERMT2;MYLK;HBEGF,LumB,Suppressed
GO_Biological_Process_2023,Cellular Response To Steroid Hormone Stimulus (GO:0071383),6/25,0.2900093050100283,0.9999963078360776,0,0,1.4339732827213665,1.7750327437973568,AKR1C3;ATP1A2;ADTRP;MGARP;NR3C1;TFPI,LumB,Suppressed
GO_Biological_Process_2023,Peptide Hormone Secretion (GO:0030072),6/25,0.2900093050100283,0.9999963078360776,0,0,1.4339732827213665,1.7750327437973568,EDN1;IL6;ANXA1;EDN3;FFAR4;VIP,LumB,Suppressed
GO_Biological_Process_2023,Purine Nucleoside Bisphosphate Metabolic Process (GO:0034032),6/25,0.2900093050100283,0.9999963078360776,0,0,1.4339732827213665,1.7750327437973568,ACSM3;ACSM1;ACSM2A;ACSM5;GLYAT;ACSM2B,LumB,Suppressed
GO_Biological_Process_2023,Regulation Of Chondrocyte Differentiation (GO:0032330),6/25,0.2900093050100283,0.9999963078360776,0,0,1.4339732827213665,1.7750327437973568,PKDCC;EFEMP1;ZBTB16;SOX6;GDF5;PTHLH,LumB,Suppressed
GO_Biological_Process_2023,Regulation Of Hippo Signaling (GO:0035330),6/25,0.2900093050100283,0.9999963078360776,0,0,1.4339732827213665,1.7750327437973568,IQCJ-SCHIP1;SCHIP1;ARRDC3;WTIP;FRMD1;MOB3B,LumB,Suppressed
GO_Biological_Process_2023,Regulation Of Myelination (GO:0031641),6/25,0.2900093050100283,0.9999963078360776,0,0,1.4339732827213665,1.7750327437973568,EGR2;PTPRZ1;LGI4;PTN;NCMAP;JAM2,LumB,Suppressed
GO_Biological_Process_2023,Regulation Of Platelet Aggregation (GO:0090330),6/25,0.2900093050100283,0.9999963078360776,0,0,1.4339732827213665,1.7750327437973568,IL6;C1QTNF1;MMRN1;EMILIN2;CTSG;PRKCA,LumB,Suppressed
GO_Biological_Process_2023,Ribonucleoside Bisphosphate Metabolic Process (GO:0033875),6/25,0.2900093050100283,0.9999963078360776,0,0,1.4339732827213665,1.7750327437973568,ACSM3;ACSM1;ACSM2A;ACSM5;GLYAT;ACSM2B,LumB,Suppressed
GO_Biological_Process_2023,Liver Development (GO:0001889),8/35,0.2901402487031757,0.9999963078360776,0,0,1.3455453788509577,1.6649655490495088,TGFBR3;CEBPA;IL6;ARID5B;PROX1;PCK1;MET;UGT1A7,LumB,Suppressed
GO_Biological_Process_2023,Regulation Of Vasculature Development (GO:1901342),7/30,0.2907205472632919,0.9999963078360776,0,0,1.3820634078077498,1.7073911719473889,IL6;SFRP1;BMPER;LEP;FGF2;RAPGEF3;EPHA2,LumB,Suppressed
GO_Biological_Process_2023,Negative Regulation Of Cellular Response To Growth Factor Stimulus (GO:0090288),15/71,0.2935270744358841,0.9999963078360776,0,0,1.2166047592563165,1.4912963480216943,NOG;CRIM1;CHRDL1;FGF2;BMPER;MMRN2;RBPMS2;VWC2;SOSTDC1;SPRY2;PPARG;SPRY1;AGTR2;SLIT2;CER1,LumB,Suppressed
GO_Biological_Process_2023,Positive Regulation Of Cell-Substrate Adhesion (GO:0010811),15/71,0.2935270744358841,0.9999963078360776,0,0,1.2166047592563165,1.4912963480216943,VIT;ECM2;MYOC;CCL21;NEDD9;NDNF;OLFM4;FBLN2;CX3CL1;SFRP1;CCDC80;CDH13;CD36;FERMT2;LIMS2,LumB,Suppressed
GO_Biological_Process_2023,Steroid Metabolic Process (GO:0008202),19/92,0.2966206833218096,0.9999963078360776,0,0,1.1822466973792598,1.4367857318669732,RDH8;AKR1C1;HSD3B1;AKR1C3;UGT2B28;AKR1C2;CYP7B1;CYP3A4;CYP7A1;CYP8B1;CYP39A1;HSD11B1;CYP26B1;SULT1E1;CYP11A1;HSD17B2;CYP1A2;CYP1A1;RDH5,LumB,Suppressed
GO_Biological_Process_2023,L-methionine Salvage (GO:0071267),2/6,0.2969308060702656,0.9999963078360776,0,0,2.270019395954558,2.7563849974405685,BHMT;BHMT2,LumB,Suppressed
GO_Biological_Process_2023,Adult Feeding Behavior (GO:0008343),2/6,0.2969308060702656,0.9999963078360776,0,0,2.270019395954558,2.7563849974405685,LEP;NPY,LumB,Suppressed
GO_Biological_Process_2023,Axon Extension Involved In Axon Guidance (GO:0048846),2/6,0.2969308060702656,0.9999963078360776,0,0,2.270019395954558,2.7563849974405685,SEMA3A;SLIT2,LumB,Suppressed
GO_Biological_Process_2023,Bleb Assembly (GO:0032060),2/6,0.2969308060702656,0.9999963078360776,0,0,2.270019395954558,2.7563849974405685,EMP1;MYLK,LumB,Suppressed
GO_Biological_Process_2023,Cellular Hyperosmotic Response (GO:0071474),2/6,0.2969308060702656,0.9999963078360776,0,0,2.270019395954558,2.7563849974405685,YBX3;AQP1,LumB,Suppressed
GO_Biological_Process_2023,Cellular Response To Caffeine (GO:0071313),2/6,0.2969308060702656,0.9999963078360776,0,0,2.270019395954558,2.7563849974405685,CASQ2;RYR3,LumB,Suppressed
GO_Biological_Process_2023,Cellular Response To Laminar Fluid Shear Stress (GO:0071499),2/6,0.2969308060702656,0.9999963078360776,0,0,2.270019395954558,2.7563849974405685,KLF4;KLF2,LumB,Suppressed
GO_Biological_Process_2023,Cytolysis By Host Of Symbiont Cells (GO:0051838),2/6,0.2969308060702656,0.9999963078360776,0,0,2.270019395954558,2.7563849974405685,CFHR1;NRG1,LumB,Suppressed
GO_Biological_Process_2023,Dendrite Arborization (GO:0140059),2/6,0.2969308060702656,0.9999963078360776,0,0,2.270019395954558,2.7563849974405685,SEMA3A;PTN,LumB,Suppressed
GO_Biological_Process_2023,Detection Of Stimulus Involved In Sensory Perception Of Pain (GO:0062149),2/6,0.2969308060702656,0.9999963078360776,0,0,2.270019395954558,2.7563849974405685,KCNA1;EPHB1,LumB,Suppressed
GO_Biological_Process_2023,Excitatory Chemical Synaptic Transmission (GO:0098976),2/6,0.2969308060702656,0.9999963078360776,0,0,2.270019395954558,2.7563849974405685,GRIN2B;PDLIM4,LumB,Suppressed
GO_Biological_Process_2023,Forebrain Neuron Development (GO:0021884),2/6,0.2969308060702656,0.9999963078360776,0,0,2.270019395954558,2.7563849974405685,CCL14;LHX6,LumB,Suppressed
GO_Biological_Process_2023,Glucan Catabolic Process (GO:0009251),2/6,0.2969308060702656,0.9999963078360776,0,0,2.270019395954558,2.7563849974405685,STBD1;PYGM,LumB,Suppressed
GO_Biological_Process_2023,Glycerol-3-Phosphate Metabolic Process (GO:0006072),2/6,0.2969308060702656,0.9999963078360776,0,0,2.270019395954558,2.7563849974405685,GPAM;GPD1,LumB,Suppressed
GO_Biological_Process_2023,Glycogen Catabolic Process (GO:0005980),2/6,0.2969308060702656,0.9999963078360776,0,0,2.270019395954558,2.7563849974405685,STBD1;PYGM,LumB,Suppressed
GO_Biological_Process_2023,Glycosylceramide Biosynthetic Process (GO:0046476),2/6,0.2969308060702656,0.9999963078360776,0,0,2.270019395954558,2.7563849974405685,UGT8;GAL3ST1,LumB,Suppressed
GO_Biological_Process_2023,Heart Trabecula Formation (GO:0060347),2/6,0.2969308060702656,0.9999963078360776,0,0,2.270019395954558,2.7563849974405685,TGFBR3;TEK,LumB,Suppressed
GO_Biological_Process_2023,Hemostasis (GO:0007599),2/6,0.2969308060702656,0.9999963078360776,0,0,2.270019395954558,2.7563849974405685,P2RY12;VWF,LumB,Suppressed
GO_Biological_Process_2023,Host-Mediated Regulation Of Intestinal Microbiota Composition (GO:0048874),2/6,0.2969308060702656,0.9999963078360776,0,0,2.270019395954558,2.7563849974405685,CX3CR1;SPRR2A,LumB,Suppressed
GO_Biological_Process_2023,Intracellular Triglyceride Homeostasis (GO:0035356),2/6,0.2969308060702656,0.9999963078360776,0,0,2.270019395954558,2.7563849974405685,DGAT2;NR1H4,LumB,Suppressed
GO_Biological_Process_2023,Keratinocyte Proliferation (GO:0043616),2/6,0.2969308060702656,0.9999963078360776,0,0,2.270019395954558,2.7563849974405685,FERMT1;KLK8,LumB,Suppressed
GO_Biological_Process_2023,Membrane Biogenesis (GO:0044091),2/6,0.2969308060702656,0.9999963078360776,0,0,2.270019395954558,2.7563849974405685,TLCD2;SPTBN1,LumB,Suppressed
GO_Biological_Process_2023,Mitotic Nuclear Membrane Disassembly (GO:0007077),2/6,0.2969308060702656,0.9999963078360776,0,0,2.270019395954558,2.7563849974405685,PRKCA;LPIN1,LumB,Suppressed
GO_Biological_Process_2023,Negative Regulation Of Blood Vessel Endothelial Cell Proliferation Involved In Sprouting Angiogenesis (GO:1903588),2/6,0.2969308060702656,0.9999963078360776,0,0,2.270019395954558,2.7563849974405685,NGFR;MMRN2,LumB,Suppressed
GO_Biological_Process_2023,Negative Regulation Of Dendritic Cell Apoptotic Process (GO:2000669),2/6,0.2969308060702656,0.9999963078360776,0,0,2.270019395954558,2.7563849974405685,CXCL12;CCL21,LumB,Suppressed
GO_Biological_Process_2023,Negative Regulation Of Heart Rate (GO:0010459),2/6,0.2969308060702656,0.9999963078360776,0,0,2.270019395954558,2.7563849974405685,PLN;SPX,LumB,Suppressed
GO_Biological_Process_2023,Negative Regulation Of Smooth Muscle Cell Apoptotic Process (GO:0034392),2/6,0.2969308060702656,0.9999963078360776,0,0,2.270019395954558,2.7563849974405685,IGF1;GRIA4,LumB,Suppressed
GO_Biological_Process_2023,Negative Regulation Of Steroid Metabolic Process (GO:0045939),2/6,0.2969308060702656,0.9999963078360776,0,0,2.270019395954558,2.7563849974405685,BMP2;BMP5,LumB,Suppressed
GO_Biological_Process_2023,Negative Regulation Of Stress-Activated Protein Kinase Signaling Cascade (GO:0070303),2/6,0.2969308060702656,0.9999963078360776,0,0,2.270019395954558,2.7563849974405685,GSTP1;FOXO1,LumB,Suppressed
GO_Biological_Process_2023,Neuron Projection Extension Involved In Neuron Projection Guidance (GO:1902284),2/6,0.2969308060702656,0.9999963078360776,0,0,2.270019395954558,2.7563849974405685,SEMA3A;SLIT2,LumB,Suppressed
GO_Biological_Process_2023,Noradrenergic Neuron Differentiation (GO:0003357),2/6,0.2969308060702656,0.9999963078360776,0,0,2.270019395954558,2.7563849974405685,HAND2;PHOX2A,LumB,Suppressed
GO_Biological_Process_2023,Norepinephrine Biosynthetic Process (GO:0042421),2/6,0.2969308060702656,0.9999963078360776,0,0,2.270019395954558,2.7563849974405685,HAND2;MOXD2P,LumB,Suppressed
GO_Biological_Process_2023,Nucleobase Catabolic Process (GO:0046113),2/6,0.2969308060702656,0.9999963078360776,0,0,2.270019395954558,2.7563849974405685,DPYS;DPYSL2,LumB,Suppressed
GO_Biological_Process_2023,Pharyngeal Arch Artery Morphogenesis (GO:0061626),2/6,0.2969308060702656,0.9999963078360776,0,0,2.270019395954558,2.7563849974405685,NOG;FOLR1,LumB,Suppressed
GO_Biological_Process_2023,Phospholipase C-activating Dopamine Receptor Signaling Pathway (GO:0060158),2/6,0.2969308060702656,0.9999963078360776,0,0,2.270019395954558,2.7563849974405685,DRD2;DRD5,LumB,Suppressed
GO_Biological_Process_2023,Positive Regulation Of cAMP-mediated Signaling (GO:0043950),2/6,0.2969308060702656,0.9999963078360776,0,0,2.270019395954558,2.7563849974405685,POMC;SCTR,LumB,Suppressed
GO_Biological_Process_2023,Positive Regulation Of Catecholamine Secretion (GO:0033605),2/6,0.2969308060702656,0.9999963078360776,0,0,2.270019395954558,2.7563849974405685,KCNB1;VIP,LumB,Suppressed
GO_Biological_Process_2023,Positive Regulation Of Fibroblast Apoptotic Process (GO:2000271),2/6,0.2969308060702656,0.9999963078360776,0,0,2.270019395954558,2.7563849974405685,SFRP1;TP63,LumB,Suppressed
GO_Biological_Process_2023,Positive Regulation Of Gliogenesis (GO:0014015),2/6,0.2969308060702656,0.9999963078360776,0,0,2.270019395954558,2.7563849974405685,IL6;SOX8,LumB,Suppressed
GO_Biological_Process_2023,Positive Regulation Of Hormone Metabolic Process (GO:0032352),2/6,0.2969308060702656,0.9999963078360776,0,0,2.270019395954558,2.7563849974405685,SLCO1C1;EGR1,LumB,Suppressed
GO_Biological_Process_2023,Positive Regulation Of Kidney Development (GO:0090184),2/6,0.2969308060702656,0.9999963078360776,0,0,2.270019395954558,2.7563849974405685,NOG;SOX8,LumB,Suppressed
GO_Biological_Process_2023,Positive Regulation Of Mast Cell Activation (GO:0033005),2/6,0.2969308060702656,0.9999963078360776,0,0,2.270019395954558,2.7563849974405685,NR4A3;TSLP,LumB,Suppressed
GO_Biological_Process_2023,Positive Regulation Of Membrane Depolarization (GO:1904181),2/6,0.2969308060702656,0.9999963078360776,0,0,2.270019395954558,2.7563849974405685,MYOC;DCN,LumB,Suppressed
GO_Biological_Process_2023,Positive Regulation Of Phospholipid Biosynthetic Process (GO:0071073),2/6,0.2969308060702656,0.9999963078360776,0,0,2.270019395954558,2.7563849974405685,NR1H4;HTR2A,LumB,Suppressed
GO_Biological_Process_2023,Receptor-Mediated Virion Attachment To Host Cell (GO:0046813),2/6,0.2969308060702656,0.9999963078360776,0,0,2.270019395954558,2.7563849974405685,DPP4;CLEC4M,LumB,Suppressed
GO_Biological_Process_2023,Regulation Of Adiponectin Secretion (GO:0070163),2/6,0.2969308060702656,0.9999963078360776,0,0,2.270019395954558,2.7563849974405685,HCAR2;PPARG,LumB,Suppressed
GO_Biological_Process_2023,Regulation Of Aldosterone Biosynthetic Process (GO:0032347),2/6,0.2969308060702656,0.9999963078360776,0,0,2.270019395954558,2.7563849974405685,BMP6;BMP5,LumB,Suppressed
GO_Biological_Process_2023,Regulation Of Atrial Cardiac Muscle Cell Membrane Repolarization (GO:0060372),2/6,0.2969308060702656,0.9999963078360776,0,0,2.270019395954558,2.7563849974405685,KCNA5;SCN5A,LumB,Suppressed
GO_Biological_Process_2023,Regulation Of Cell Adhesion Molecule Production (GO:0060353),2/6,0.2969308060702656,0.9999963078360776,0,0,2.270019395954558,2.7563849974405685,CAV1;NOTCH4,LumB,Suppressed
GO_Biological_Process_2023,Regulation Of Cellular Response To Insulin Stimulus (GO:1900076),2/6,0.2969308060702656,0.9999963078360776,0,0,2.270019395954558,2.7563849974405685,PPARG;GPLD1,LumB,Suppressed
GO_Biological_Process_2023,Regulation Of Digestive System Process (GO:0044058),2/6,0.2969308060702656,0.9999963078360776,0,0,2.270019395954558,2.7563849974405685,OPRK1;SGK1,LumB,Suppressed
GO_Biological_Process_2023,Regulation Of Extracellular Matrix Assembly (GO:1901201),2/6,0.2969308060702656,0.9999963078360776,0,0,2.270019395954558,2.7563849974405685,RGCC;TIE1,LumB,Suppressed
GO_Biological_Process_2023,Regulation Of Glial Cell Apoptotic Process (GO:0034350),2/6,0.2969308060702656,0.9999963078360776,0,0,2.270019395954558,2.7563849974405685,PRKCA;DLL1,LumB,Suppressed
GO_Biological_Process_2023,Regulation Of Hemoglobin Biosynthetic Process (GO:0046984),2/6,0.2969308060702656,0.9999963078360776,0,0,2.270019395954558,2.7563849974405685,SLC25A37;KLF4,LumB,Suppressed
GO_Biological_Process_2023,Regulation Of Inositol Phosphate Biosynthetic Process (GO:0010919),2/6,0.2969308060702656,0.9999963078360776,0,0,2.270019395954558,2.7563849974405685,PTH1R;SNCA,LumB,Suppressed
GO_Biological_Process_2023,Regulation Of Lens Fiber Cell Differentiation (GO:1902746),2/6,0.2969308060702656,0.9999963078360776,0,0,2.270019395954558,2.7563849974405685,SPRY2;SPRY1,LumB,Suppressed
GO_Biological_Process_2023,Regulation Of Smooth Muscle Cell Differentiation (GO:0051150),2/6,0.2969308060702656,0.9999963078360776,0,0,2.270019395954558,2.7563849974405685,MYOCD;RBPMS2,LumB,Suppressed
GO_Biological_Process_2023,Regulation Of Vascular Associated Smooth Muscle Cell Apoptotic Process (GO:1905459),2/6,0.2969308060702656,0.9999963078360776,0,0,2.270019395954558,2.7563849974405685,PPARG;IGF1,LumB,Suppressed
GO_Biological_Process_2023,Release Of Sequestered Calcium Ion Into Cytosol By Sarcoplasmic Reticulum (GO:0014808),2/6,0.2969308060702656,0.9999963078360776,0,0,2.270019395954558,2.7563849974405685,RYR3;TRDN,LumB,Suppressed
GO_Biological_Process_2023,Response To Caffeine (GO:0031000),2/6,0.2969308060702656,0.9999963078360776,0,0,2.270019395954558,2.7563849974405685,CASQ2;RYR3,LumB,Suppressed
GO_Biological_Process_2023,Response To Cocaine (GO:0042220),2/6,0.2969308060702656,0.9999963078360776,0,0,2.270019395954558,2.7563849974405685,CRHBP;DRD2,LumB,Suppressed
GO_Biological_Process_2023,Spontaneous Synaptic Transmission (GO:0098814),2/6,0.2969308060702656,0.9999963078360776,0,0,2.270019395954558,2.7563849974405685,DOC2B;NSG1,LumB,Suppressed
GO_Biological_Process_2023,Vascular Associated Smooth Muscle Contraction (GO:0014829),2/6,0.2969308060702656,0.9999963078360776,0,0,2.270019395954558,2.7563849974405685,EDNRB;EDN3,LumB,Suppressed
GO_Biological_Process_2023,Vitamin A Metabolic Process (GO:0006776),2/6,0.2969308060702656,0.9999963078360776,0,0,2.270019395954558,2.7563849974405685,RLBP1;RPE65,LumB,Suppressed
GO_Biological_Process_2023,White Fat Cell Differentiation (GO:0050872),2/6,0.2969308060702656,0.9999963078360776,0,0,2.270019395954558,2.7563849974405685,FFAR4;PPARG,LumB,Suppressed
GO_Biological_Process_2023,Xenobiotic Glucuronidation (GO:0052697),2/6,0.2969308060702656,0.9999963078360776,0,0,2.270019395954558,2.7563849974405685,UGT2B28;UGT1A7,LumB,Suppressed
GO_Biological_Process_2023,BMP Signaling Pathway (GO:0030509),13/61,0.300899629566438,0.9999963078360776,0,0,1.2300409949972206,1.4772528216229337,GDF10;NOG;SMAD9;GDF5;BMP6;RGMA;GDF7;TMEM100;TGFBR3;BMP3;BMP2;PPARG;LEFTY2,LumB,Suppressed
GO_Biological_Process_2023,Positive Regulation Of Actin Filament Bundle Assembly (GO:0032233),11/51,0.3083335282149134,0.9999963078360776,0,0,1.2488819444444443,1.4694010234114248,SFRP1;WNT11;RGCC;ARHGEF15;MYOC;SYNPO2;SERPINF2;SYNPO;CX3CL1;RAPGEF3;FERMT2,LumB,Suppressed
GO_Biological_Process_2023,Regulation Of Release Of Sequestered Calcium Ion Into Cytosol (GO:0051279),11/51,0.3083335282149134,0.9999963078360776,0,0,1.2488819444444443,1.4694010234114248,JPH4;JPH2;CASQ2;CAPN3;ANK2;DMD;NOS1;LACRT;CX3CL1;TRDN;SNCA,LumB,Suppressed
GO_Biological_Process_2023,Sensory Perception (GO:0007600),11/51,0.3083335282149134,0.9999963078360776,0,0,1.2488819444444443,1.4694010234114248,NMB;MME;MRGPRX2;CHRNA7;SCN9A;KCNA2;PENK;CDH23;PROK2;OPRK1;OR3A2,LumB,Suppressed
GO_Biological_Process_2023,Transforming Growth Factor Beta Receptor Signaling Pathway (GO:0007179),15/72,0.3135641967110201,0.9999963078360776,0,0,1.1951876353843451,1.386120253336988,GDF10;JUN;CITED1;WFIKKN2;SMAD9;FOS;GDF5;TGFBR2;TGFBR3;CDH5;CLDN5;PSG4;ID1;FMOD;FERMT2,LumB,Suppressed
GO_Biological_Process_2023,Carbon Dioxide Transport (GO:0015670),3/11,0.3182345281050612,0.9999963078360776,0,0,1.7025706762749446,1.9493866576733152,HBB;AQP5;HBA1,LumB,Suppressed
GO_Biological_Process_2023,Cellular Response To Fluid Shear Stress (GO:0071498),3/11,0.3182345281050612,0.9999963078360776,0,0,1.7025706762749446,1.9493866576733152,HAS2;KLF4;KLF2,LumB,Suppressed
GO_Biological_Process_2023,Cellular Response To Growth Hormone Stimulus (GO:0071378),3/11,0.3182345281050612,0.9999963078360776,0,0,1.7025706762749446,1.9493866576733152,GHR;SOCS2;PIK3R1,LumB,Suppressed
GO_Biological_Process_2023,Central Nervous System Myelination (GO:0022010),3/11,0.3182345281050612,0.9999963078360776,0,0,1.7025706762749446,1.9493866576733152,PLP1;SOX10;GPM6B,LumB,Suppressed
GO_Biological_Process_2023,Intestinal Absorption (GO:0050892),3/11,0.3182345281050612,0.9999963078360776,0,0,1.7025706762749446,1.9493866576733152,LEP;CD36;SLC5A1,LumB,Suppressed
GO_Biological_Process_2023,Lipoprotein Transport (GO:0042953),3/11,0.3182345281050612,0.9999963078360776,0,0,1.7025706762749446,1.9493866576733152,LRP1;PPARG;CD36,LumB,Suppressed
GO_Biological_Process_2023,Macrophage Chemotaxis (GO:0048246),3/11,0.3182345281050612,0.9999963078360776,0,0,1.7025706762749446,1.9493866576733152,EDNRB;KLF5;SAA1,LumB,Suppressed
GO_Biological_Process_2023,Negative Regulation Of calcineurin-NFAT Signaling Cascade (GO:0070885),3/11,0.3182345281050612,0.9999963078360776,0,0,1.7025706762749446,1.9493866576733152,PRNP;RCAN1;MYOZ2,LumB,Suppressed
GO_Biological_Process_2023,Negative Regulation Of Calcineurin-Mediated Signaling (GO:0106057),3/11,0.3182345281050612,0.9999963078360776,0,0,1.7025706762749446,1.9493866576733152,PRNP;RCAN1;MYOZ2,LumB,Suppressed
GO_Biological_Process_2023,Negative Regulation Of Cellular Response To Vascular Endothelial Growth Factor Stimulus (GO:1902548),3/11,0.3182345281050612,0.9999963078360776,0,0,1.7025706762749446,1.9493866576733152,SPRY2;NRG1;DCN,LumB,Suppressed
GO_Biological_Process_2023,Negative Regulation Of Heart Contraction (GO:0045822),3/11,0.3182345281050612,0.9999963078360776,0,0,1.7025706762749446,1.9493866576733152,PLN;ATP1A2;SPX,LumB,Suppressed
GO_Biological_Process_2023,Negative Regulation Of Microtubule Polymerization (GO:0031115),3/11,0.3182345281050612,0.9999963078360776,0,0,1.7025706762749446,1.9493866576733152,CDH5;MAP2;SNCA,LumB,Suppressed
GO_Biological_Process_2023,Negative Regulation Of Platelet-Derived Growth Factor Receptor Signaling Pathway (GO:0010642),3/11,0.3182345281050612,0.9999963078360776,0,0,1.7025706762749446,1.9493866576733152,LRP1;APOD;SNCA,LumB,Suppressed
GO_Biological_Process_2023,Negative Regulation Of Voltage-Gated Potassium Channel Activity (GO:1903817),3/11,0.3182345281050612,0.9999963078360776,0,0,1.7025706762749446,1.9493866576733152,KCNE1;CAV1;KCNAB1,LumB,Suppressed
GO_Biological_Process_2023,Neurotransmitter Uptake (GO:0001504),3/11,0.3182345281050612,0.9999963078360776,0,0,1.7025706762749446,1.9493866576733152,SLC22A3;SLC29A4;SLC1A7,LumB,Suppressed
GO_Biological_Process_2023,Organic Cyclic Compound Catabolic Process (GO:1901361),3/11,0.3182345281050612,0.9999963078360776,0,0,1.7025706762749446,1.9493866576733152,HSD11B1;CYP1A2;CYP3A4,LumB,Suppressed
GO_Biological_Process_2023,Positive Regulation Of Keratinocyte Proliferation (GO:0010838),3/11,0.3182345281050612,0.9999963078360776,0,0,1.7025706762749446,1.9493866576733152,TGM1;FGF7;CDH3,LumB,Suppressed
GO_Biological_Process_2023,Positive Regulation Of Platelet Aggregation (GO:1901731),3/11,0.3182345281050612,0.9999963078360776,0,0,1.7025706762749446,1.9493866576733152,IL6;MMRN1;EMILIN2,LumB,Suppressed
GO_Biological_Process_2023,Positive Regulation Of Vascular Permeability (GO:0043117),3/11,0.3182345281050612,0.9999963078360776,0,0,1.7025706762749446,1.9493866576733152,PDE2A;PDE3A;BMP6,LumB,Suppressed
GO_Biological_Process_2023,Regulation Of Astrocyte Differentiation (GO:0048710),3/11,0.3182345281050612,0.9999963078360776,0,0,1.7025706762749446,1.9493866576733152,BMP2;IL6;NOG,LumB,Suppressed
GO_Biological_Process_2023,Regulation Of Epithelial Cell Apoptotic Process (GO:1904035),3/11,0.3182345281050612,0.9999963078360776,0,0,1.7025706762749446,1.9493866576733152,PKHD1;ZFP36;TEK,LumB,Suppressed
GO_Biological_Process_2023,Regulation Of Fatty Acid Metabolic Process (GO:0019217),3/11,0.3182345281050612,0.9999963078360776,0,0,1.7025706762749446,1.9493866576733152,CAV1;PDK4;PPARA,LumB,Suppressed
GO_Biological_Process_2023,Regulation Of Phospholipase C Activity (GO:1900274),3/11,0.3182345281050612,0.9999963078360776,0,0,1.7025706762749446,1.9493866576733152,PDGFRA;KIT;FGF2,LumB,Suppressed
GO_Biological_Process_2023,Retinoic Acid Receptor Signaling Pathway (GO:0048384),3/11,0.3182345281050612,0.9999963078360776,0,0,1.7025706762749446,1.9493866576733152,RARB;PPARG;RXRG,LumB,Suppressed
GO_Biological_Process_2023,Smooth Muscle Cell Differentiation (GO:0051145),3/11,0.3182345281050612,0.9999963078360776,0,0,1.7025706762749446,1.9493866576733152,MYOCD;EDNRB;TBX18,LumB,Suppressed
GO_Biological_Process_2023,Neural Crest Cell Migration (GO:0001755),8/36,0.3189384517464043,0.9999963078360776,0,0,1.29741088775227,1.4826255503635766,SEMA5A;SEMA3D;SEMA3A;SEMA6D;SEMA3G;SOX8;SOX10;FOLR1,LumB,Suppressed
GO_Biological_Process_2023,Modulation Of Excitatory Postsynaptic Potential (GO:0098815),7/31,0.3219526024729919,0.9999963078360776,0,0,1.3243965038845726,1.5010060246778862,SLC8A3;NLGN1;CUX2;RELN;CHRNA7;GRIN2B;SHANK3,LumB,Suppressed
GO_Biological_Process_2023,Negative Chemotaxis (GO:0050919),7/31,0.3219526024729919,0.9999963078360776,0,0,1.3243965038845726,1.5010060246778862,SEMA3D;SEMA3A;SEMA6D;SEMA3G;PDGFA;SLIT2;LGR6,LumB,Suppressed
GO_Biological_Process_2023,Regulation Of Long-Term Synaptic Potentiation (GO:1900271),7/31,0.3219526024729919,0.9999963078360776,0,0,1.3243965038845726,1.5010060246778862,CALB2;RELN;CHRNA7;FAM107A;PTN;NSG1;SHANK3,LumB,Suppressed
GO_Biological_Process_2023,Triglyceride Homeostasis (GO:0070328),7/31,0.3219526024729919,0.9999963078360776,0,0,1.3243965038845726,1.5010060246778862,CETP;MLXIPL;DGAT2;ANGPTL8;NR1H4;ANGPTL4;GPIHBP1,LumB,Suppressed
GO_Biological_Process_2023,Acute Inflammatory Response (GO:0002526),6/26,0.3243328113024358,0.9999963078360776,0,0,1.3621914008321776,1.5338072138961267,CRP;IL6;HP;C2CD4B;HPR;ELANE,LumB,Suppressed
GO_Biological_Process_2023,Cardiac Muscle Cell Development (GO:0055013),6/26,0.3243328113024358,0.9999963078360776,0,0,1.3621914008321776,1.5338072138961267,FHOD3;PDGFRA;MYL2;MYH11;SORBS2;ALPK3,LumB,Suppressed
GO_Biological_Process_2023,Negative Regulation Of Interleukin-1 Beta Production (GO:0032691),6/26,0.3243328113024358,0.9999963078360776,0,0,1.3621914008321776,1.5338072138961267,CX3CR1;GSTP1;FFAR4;CARD18;IGF1;CX3CL1,LumB,Suppressed
GO_Biological_Process_2023,Positive Regulation Of Phosphatidylinositol 3-Kinase Activity (GO:0043552),6/26,0.3243328113024358,0.9999963078360776,0,0,1.3621914008321776,1.5338072138961267,P2RY12;PDGFRA;CCL21;KIT;TEK;FGF2,LumB,Suppressed
GO_Biological_Process_2023,Regulation Of Actin Filament Bundle Assembly (GO:0032231),6/26,0.3243328113024358,0.9999963078360776,0,0,1.3621914008321776,1.5338072138961267,PRKN;PTGER4;SYNPO2;SYNPO;SHANK3;CX3CL1,LumB,Suppressed
GO_Biological_Process_2023,Regulation Of Vasoconstriction (GO:0019229),6/26,0.3243328113024358,0.9999963078360776,0,0,1.3621914008321776,1.5338072138961267,CHRM3;ACE2;OXTR;CAV1;AVPR2;ADM,LumB,Suppressed
GO_Biological_Process_2023,Pharyngeal System Development (GO:0060037),4/16,0.3244682874255506,0.9999963078360776,0,0,1.5134460770723592,1.703485679694234,PTCH1;NOG;FOLR1;BMP5,LumB,Suppressed
GO_Biological_Process_2023,Positive Regulation Of Lymphocyte Migration (GO:2000403),4/16,0.3244682874255506,0.9999963078360776,0,0,1.5134460770723592,1.703485679694234,CXCL12;CCL21;NEDD9;JAM2,LumB,Suppressed
GO_Biological_Process_2023,Positive Regulation Of Positive Chemotaxis (GO:0050927),4/16,0.3244682874255506,0.9999963078360776,0,0,1.5134460770723592,1.703485679694234,CXCL12;NTRK3;CDH13;VEGFD,LumB,Suppressed
GO_Biological_Process_2023,Regulation Of Protein Kinase A Signaling (GO:0010738),4/16,0.3244682874255506,0.9999963078360776,0,0,1.5134460770723592,1.703485679694234,AKAP12;ADIPOQ;AKAP6;ADRB2,LumB,Suppressed
GO_Biological_Process_2023,"Regulation Of Synaptic Transmission, GABAergic (GO:0032228)",4/16,0.3244682874255506,0.9999963078360776,0,0,1.5134460770723592,1.703485679694234,NPAS4;NLGN1;DRD2;NALCN,LumB,Suppressed
GO_Biological_Process_2023,Response To UV-B (GO:0010224),4/16,0.3244682874255506,0.9999963078360776,0,0,1.5134460770723592,1.703485679694234,MFAP4;MME;HYAL1;NLRP1,LumB,Suppressed
GO_Biological_Process_2023,Retinal Metabolic Process (GO:0042574),4/16,0.3244682874255506,0.9999963078360776,0,0,1.5134460770723592,1.703485679694234,ALDH1A3;AKR1C1;AKR1C3;RPE65,LumB,Suppressed
GO_Biological_Process_2023,Reverse Cholesterol Transport (GO:0043691),4/16,0.3244682874255506,0.9999963078360776,0,0,1.5134460770723592,1.703485679694234,CETP;LIPG;LCAT;CES1,LumB,Suppressed
GO_Biological_Process_2023,Vasculature Development (GO:0001944),4/16,0.3244682874255506,0.9999963078360776,0,0,1.5134460770723592,1.703485679694234,PDGFRA;CDH5;NOTCH4;TCF21,LumB,Suppressed
GO_Biological_Process_2023,Regulation Of Lipid Storage (GO:0010883),5/21,0.3255479587653933,0.9999963078360776,0,0,1.418902523571825,1.5923569570190876,CRP;C3;IL6;PPARG;APOB,LumB,Suppressed
GO_Biological_Process_2023,Response To Cadmium Ion (GO:0046686),5/21,0.3255479587653933,0.9999963078360776,0,0,1.418902523571825,1.5923569570190876,JUN;HAAO;MT1X;FOS;EGFR,LumB,Suppressed
GO_Biological_Process_2023,Sodium Ion Transport (GO:0006814),18/89,0.3374019241741271,0.9999963078360776,0,0,1.1513937507594971,1.2509667497220682,SLC6A14;ATP1A2;SLC5A1;SLC4A4;SLC6A2;NALCN;SLC8A3;SCN11A;SCN9A;SCN7A;SCN4A;SCN5A;SGK1;SCN3B;SCN2A;SCN4B;SCN3A;SCN2B,LumB,Suppressed
GO_Biological_Process_2023,Negative Regulation Of Tumor Necrosis Factor Production (GO:0032720),10/47,0.3376351246376877,0.9999963078360776,0,0,1.2272867146513355,1.332575003097435,POMC;CHRNA7;GSTP1;CIDEA;NR1H4;SIRPA;BPI;IGF1;CX3CL1;VSIR,LumB,Suppressed
GO_Biological_Process_2023,Positive Regulation Of Epithelial To Mesenchymal Transition (GO:0010718),10/47,0.3376351246376877,0.9999963078360776,0,0,1.2272867146513355,1.332575003097435,CRB2;SERPINB3;FOXC1;BMP2;IL6;TNXB;RGCC;ALX1;FERMT2;TGFBR2,LumB,Suppressed
GO_Biological_Process_2023,Regulation Of Wound Healing (GO:0061041),10/47,0.3376351246376877,0.9999963078360776,0,0,1.2272867146513355,1.332575003097435,KANK1;ANXA1;MMRN1;CAV1;CLDN19;NRG1;FGF2;DUOX2;MYLK;HBEGF,LumB,Suppressed
GO_Biological_Process_2023,Regulation Of Cell Migration (GO:0030334),82/434,0.3419678066634851,0.9999963078360776,0,0,1.0586262526082588,1.1359469155615856,SEMA5A;ROBO4;FAM107A;LAMC2;LDB2;FGF1;FGF2;VSIR;CX3CL1;MYLK;CDH5;FGF7;FGF9;TNN;ENPP2;EMILIN2;SERPINB3;PDGFRA;EDN1;ANXA1;MMP7;MYOC;SEMA6D;ADIPOQ;NOG;PRKCA;KRT5;CLDN5;TMEFF2;SFRP1;DAAM2;KIT;MMRN2;PECAM1;CLDN19;CDH13;SGK1;HBEGF;EPHA2;KANK1;TNXB;SEMA3D;SEMA3G;TWIST2;PDGFA;NEDD9;NEXN;EGFR;ADGRG3;RELN;WNT11;PDGFD;MGAT3;HAS2;SLIT2;DRD2;PLXNA4;NGFR;CCL24;F10;FZD4;NTRK3;CAV1;IGF1;PLET1;PODN;ALOX15B;FGF17;IGSF10;SH3RF2;BMP2;CXCL12;SST;KIF26A;KRT16;SPRY2;AMOTL2;AMOTL1;LGR6;RECK;TDGF1;FERMT2,LumB,Suppressed
GO_Biological_Process_2023,Monoatomic Cation Transport (GO:0006812),9/42,0.342872554744402,0.9999963078360776,0,0,1.2384029074756449,1.3255820899170243,TRPM1;CNGA1;SLC29A4;ATP1A2;CLDN16;TRPM6;GRIN2B;TRPM3;CNGB1,LumB,Suppressed
GO_Biological_Process_2023,Negative Regulation Of Stress-Activated MAPK Cascade (GO:0032873),8/37,0.3482360619545012,0.9999963078360776,0,0,1.252596016729354,1.3213318351254737,PRKN;PER1;SH3RF2;DUSP1;GSTP1;SIRPA;FOXO1;KLHL31,LumB,Suppressed
GO_Biological_Process_2023,Regulation Of Sodium Ion Transmembrane Transporter Activity (GO:2000649),8/37,0.3482360619545012,0.9999963078360776,0,0,1.252596016729354,1.3213318351254737,CAV3;FXYD2;FXYD1;DMD;FXYD6;SCN3B;SCN4B;SCN2B,LumB,Suppressed
GO_Biological_Process_2023,Regulation Of Vascular Associated Smooth Muscle Cell Proliferation (GO:1904705),8/37,0.3482360619545012,0.9999963078360776,0,0,1.252596016729354,1.3213318351254737,CNN1;JUN;NR4A3;FGF9;ADIPOQ;PPARG;IGF1;FGF2,LumB,Suppressed
GO_Biological_Process_2023,Amide Transport (GO:0042886),7/32,0.3536907782553055,0.9999963078360776,0,0,1.2713429522752495,1.321347737888611,SLC14A1;SLC14A2;FOLR2;ABCA13;PLTP;FOLR1;ABCG2,LumB,Suppressed
GO_Biological_Process_2023,Mesenchymal Cell Migration (GO:0090497),7/32,0.3536907782553055,0.9999963078360776,0,0,1.2713429522752495,1.321347737888611,SEMA5A;SEMA3D;SEMA3A;SEMA6D;SEMA3G;SOX8;SOX10,LumB,Suppressed
GO_Biological_Process_2023,Gland Development (GO:0048732),15/74,0.3546202209270921,0.9999963078360776,0,0,1.1545314002375522,1.1969117799640547,CEBPA;ANXA1;FOXE1;NOTCH4;CAV1;TCF21;ARID5B;NRG1;PROX1;TGFBR3;WNT11;HAND2;MET;TDGF1;UGT1A7,LumB,Suppressed
GO_Biological_Process_2023,Activation Of Phospholipase C Activity (GO:0007202),6/27,0.3591587492574223,0.9999963078360776,0,0,1.2972458886467209,1.3283678420103089,P2RY12;GPR55;NMUR1;HTR2A;SELE;EGFR,LumB,Suppressed
GO_Biological_Process_2023,Positive Regulation Of Calcium Ion Transmembrane Transporter Activity (GO:1901021),6/27,0.3591587492574223,0.9999963078360776,0,0,1.2972458886467209,1.3283678420103089,JPH2;STAC;STAC2;AKAP6;ANK2;TRDN,LumB,Suppressed
GO_Biological_Process_2023,Positive Regulation Of Filopodium Assembly (GO:0051491),6/27,0.3591587492574223,0.9999963078360776,0,0,1.2972458886467209,1.3283678420103089,TENM1;DOCK11;NLGN1;TENM2;CCL21;PIK3R1,LumB,Suppressed
GO_Biological_Process_2023,Positive Regulation Of Response To Wounding (GO:1903036),6/27,0.3591587492574223,0.9999963078360776,0,0,1.2972458886467209,1.3283678420103089,KANK1;ANXA1;PTN;DUOX2;MYLK;HBEGF,LumB,Suppressed
GO_Biological_Process_2023,"Synaptic Transmission, Glutamatergic (GO:0035249)",6/27,0.3591587492574223,0.9999963078360776,0,0,1.2972458886467209,1.3283678420103089,UNC13C;GRIK1;SLC17A7;GRIN2B;GRIA3;GRIA4,LumB,Suppressed
GO_Biological_Process_2023,Transmembrane Receptor Protein Tyrosine Kinase Signaling Pathway (GO:0007169),54/284,0.3595806567566741,0.9999963078360776,0,0,1.0665876226913251,1.0909237059159558,EPHB6;ALK;FGF1;FGF2;GHR;FGF7;FGF9;PDK4;EPHB1;PDGFRA;NRG1;NGF;GFRA2;DOK5;GFRAL;KIT;TYRO3;ROR1;MET;GPLD1;ANGPTL1;EPHA2;DDR2;SHC4;FOXC2;FOXC1;PDGFA;NEDD9;PIK3R1;ADRB2;EGFR;FOXO1;ART4;NTF4;SOCS2;FLRT2;PDGFD;ALKAL2;PAK3;KL;NTRK2;ANGPT1;CAV2;RARRES2;NTRK3;TIE1;IGF2;VEGFD;IGF1;SORBS1;FGF17;FGF16;NR4A3;TEK,LumB,Suppressed
GO_Biological_Process_2023,Positive Regulation Of Protein Serine/Threonine Kinase Activity (GO:0071902),23/117,0.3616734926929913,0.9999963078360776,0,0,1.111224768139662,1.1301305107778823,TENM1;EDN1;EDN3;IL34;NTRK3;ADIPOQ;PDGFA;TGFA;ADRB2;PROX1;FGF1;FGF2;EGFR;GHR;RGCC;PDGFD;KIT;TNFSF11;S100A12;TDGF1;ELANE;FERMT2;SNCA,LumB,Suppressed
GO_Biological_Process_2023,Transport Across Blood-Brain Barrier (GO:0150104),17/85,0.3622983099847285,0.9999963078360776,0,0,1.135294936004452,1.1526505822496862,SLC22A3;ABCB1;LRP1;SLC16A12;ABCC9;ATP1A2;SLC2A4;ATP1B2;SLC5A1;SLC4A4;SLC7A3;SLCO1C1;LEPR;SLC16A7;SLC29A4;CD36;ABCG2,LumB,Suppressed
GO_Biological_Process_2023,Chloride Transmembrane Transport (GO:1902476),10/48,0.3636166755763029,0.9999963078360776,0,0,1.194916616729271,1.208843435987356,GABRA2;GABRA4;SLC4A1;SLC5A1;GABRE;ANO4;SLC1A7;GABRG3;CFTR;GABRG1,LumB,Suppressed
GO_Biological_Process_2023,Cellular Response To Low-Density Lipoprotein Particle Stimulus (GO:0071404),5/22,0.3644652242392224,0.9999963078360776,0,0,1.3353561058366774,1.3478071515630554,CDH13;PPARG;ADTRP;CD36;CES1,LumB,Suppressed
GO_Biological_Process_2023,Hexose Transmembrane Transport (GO:0008645),5/22,0.3644652242392224,0.9999963078360776,0,0,1.3353561058366774,1.3478071515630554,SLC5A9;SLC2A12;PPBP;SLC2A4;SLC5A1,LumB,Suppressed
GO_Biological_Process_2023,Negative Regulation Of G Protein-Coupled Receptor Signaling Pathway (GO:0045744),5/22,0.3644652242392224,0.9999963078360776,0,0,1.3353561058366774,1.3478071515630554,RGS2;GPRASP1;MET;MRAP2;SNCA,LumB,Suppressed
GO_Biological_Process_2023,Negative Regulation Of Cell Development (GO:0010721),5/22,0.3644652242392224,0.9999963078360776,0,0,1.3353561058366774,1.3478071515630554,IL6;CAV3;IGF1;IL17D;PTHLH,LumB,Suppressed
GO_Biological_Process_2023,Placenta Development (GO:0001890),5/22,0.3644652242392224,0.9999963078360776,0,0,1.3353561058366774,1.3478071515630554,CITED1;LEP;ESRRB;IGF2;PPARG,LumB,Suppressed
GO_Biological_Process_2023,Positive Regulation Of Excitatory Postsynaptic Potential (GO:2000463),5/22,0.3644652242392224,0.9999963078360776,0,0,1.3353561058366774,1.3478071515630554,NLGN1;CUX2;RELN;GRIN2B;SHANK3,LumB,Suppressed
GO_Biological_Process_2023,Regulation Of Dopamine Secretion (GO:0014059),5/22,0.3644652242392224,0.9999963078360776,0,0,1.3353561058366774,1.3478071515630554,PRKN;KCNA2;SYT15;SYT8;SNCA,LumB,Suppressed
GO_Biological_Process_2023,Regulation Of Release Of Sequestered Calcium Ion Into Cytosol By Sarcoplasmic Reticulum (GO:0010880),5/22,0.3644652242392224,0.9999963078360776,0,0,1.3353561058366774,1.3478071515630554,CASQ2;ANK2;ATP1A2;DMD;TRDN,LumB,Suppressed
GO_Biological_Process_2023,Inflammatory Response (GO:0006954),45/236,0.367854752090712,0.9999963078360776,0,0,1.0701858447877424,1.07025766938138,CCL14;PTGER4;CRP;PTGFR;CCL13;CXCL6;HP;ADM;CXCL1;HPR;CXCL3;CXCL2;CX3CL1;CXCL5;CRHBP;HYAL1;CXCR2;PROK2;TAC1;PF4V1;CCL16;AOC3;CCL24;CCL23;ANXA1;CCL21;ODAM;IL13;PPBP;FOS;TACR1;SELE;BMP2;IL6;KRT16;KIT;CARD18;CHI3L1;AGTR2;ACKR1;IL17D;CDO1;FOLR2;MGLL;PF4,LumB,Suppressed
GO_Biological_Process_2023,Positive Regulation Of Supramolecular Fiber Organization (GO:1902905),19/96,0.3685907739445833,0.9999963078360776,0,0,1.1205565036300005,1.1183918843509135,SEMA5A;TENM1;CCL24;CSF3;EDN1;TNXB;GSN;CAV3;CCL21;SYNPO2;LMOD1;PROX1;CX3CL1;BIN1;CDC42EP5;CFL2;ANKRD53;SYNPO;MET,LumB,Suppressed
GO_Biological_Process_2023,Wound Healing (GO:0042060),16/80,0.3687429337170076,0.9999963078360776,0,0,1.1352573018080667,1.13259573001812,SFTA3;PDGFRA;SPRR3;DST;ODAM;FZD7;NOG;PDGFA;NRG1;IGF1;FGF1;FGF2;PPL;PLPP3;LACRT;KRT6A,LumB,Suppressed
GO_Biological_Process_2023,Growth Hormone Receptor Signaling Pathway (GO:0060396),4/17,0.369191606348879,0.9999963078360776,0,0,1.3969418438506322,1.391968048217186,STAT5A;GHR;SOCS2;PIK3R1,LumB,Suppressed
GO_Biological_Process_2023,Leukocyte Tethering Or Rolling (GO:0050901),4/17,0.369191606348879,0.9999963078360776,0,0,1.3969418438506322,1.391968048217186,CX3CR1;SELP;SELE;JAM2,LumB,Suppressed
GO_Biological_Process_2023,Muscle Tissue Morphogenesis (GO:0060415),4/17,0.369191606348879,0.9999963078360776,0,0,1.3969418438506322,1.391968048217186,TGFBR3;BMP2;PROX1;MYLK,LumB,Suppressed
GO_Biological_Process_2023,Negative Regulation Of Rho Protein Signal Transduction (GO:0035024),4/17,0.369191606348879,0.9999963078360776,0,0,1.3969418438506322,1.391968048217186,KANK1;MYOC;MET;RASIP1,LumB,Suppressed
GO_Biological_Process_2023,Negative Regulation Of Calcium Ion Transport (GO:0051926),4/17,0.369191606348879,0.9999963078360776,0,0,1.3969418438506322,1.391968048217186,PLN;CAV3;ATP1A2;NOS1,LumB,Suppressed
GO_Biological_Process_2023,Neuron Maturation (GO:0042551),4/17,0.369191606348879,0.9999963078360776,0,0,1.3969418438506322,1.391968048217186,C3;LGI4;ADGRB3;CX3CL1,LumB,Suppressed
GO_Biological_Process_2023,Positive Chemotaxis (GO:0050918),4/17,0.369191606348879,0.9999963078360776,0,0,1.3969418438506322,1.391968048217186,SEMA5A;FGF7;MET;CX3CL1,LumB,Suppressed
GO_Biological_Process_2023,Positive Regulation Of Cell Adhesion Mediated By Integrin (GO:0033630),4/17,0.369191606348879,0.9999963078360776,0,0,1.3969418438506322,1.391968048217186,P2RY12;FOXC2;CCL21;LIF,LumB,Suppressed
GO_Biological_Process_2023,Positive Regulation Of Fatty Acid Metabolic Process (GO:0045923),4/17,0.369191606348879,0.9999963078360776,0,0,1.3969418438506322,1.391968048217186,MLXIPL;NR4A3;PPARA;PPARGC1A,LumB,Suppressed
GO_Biological_Process_2023,Positive Regulation Of Stem Cell Differentiation (GO:2000738),4/17,0.369191606348879,0.9999963078360776,0,0,1.3969418438506322,1.391968048217186,FOXC1;TCF15;PTN;SOX6,LumB,Suppressed
GO_Biological_Process_2023,Regulation Of Leukocyte Chemotaxis (GO:0002688),4/17,0.369191606348879,0.9999963078360776,0,0,1.3969418438506322,1.391968048217186,IL6;EDN3;PTN;SLIT2,LumB,Suppressed
GO_Biological_Process_2023,Ventricular Cardiac Muscle Cell Action Potential (GO:0086005),4/17,0.369191606348879,0.9999963078360776,0,0,1.3969418438506322,1.391968048217186,KCNE1;CAV3;SCN5A;SCN3B,LumB,Suppressed
GO_Biological_Process_2023,T-helper 17 Cell Lineage Commitment (GO:0072540),2/7,0.3692125835218963,0.9999963078360776,0,0,1.8159046827376004,1.809335999328828,SOCS3;IL6,LumB,Suppressed
GO_Biological_Process_2023,Catecholamine Catabolic Process (GO:0042424),2/7,0.3692125835218963,0.9999963078360776,0,0,1.8159046827376004,1.809335999328828,MAOA;MOXD2P,LumB,Suppressed
GO_Biological_Process_2023,Collecting Duct Development (GO:0072044),2/7,0.3692125835218963,0.9999963078360776,0,0,1.8159046827376004,1.809335999328828,PTCH1;DACT2,LumB,Suppressed
GO_Biological_Process_2023,Coronary Vasculature Development (GO:0060976),2/7,0.3692125835218963,0.9999963078360776,0,0,1.8159046827376004,1.809335999328828,MYOCD;GPC3,LumB,Suppressed
GO_Biological_Process_2023,Dopamine Catabolic Process (GO:0042420),2/7,0.3692125835218963,0.9999963078360776,0,0,1.8159046827376004,1.809335999328828,MAOA;MOXD2P,LumB,Suppressed
GO_Biological_Process_2023,Estrogen Biosynthetic Process (GO:0006703),2/7,0.3692125835218963,0.9999963078360776,0,0,1.8159046827376004,1.809335999328828,HSD17B2;HSD3B1,LumB,Suppressed
GO_Biological_Process_2023,Fatty Acid Alpha-Oxidation (GO:0001561),2/7,0.3692125835218963,0.9999963078360776,0,0,1.8159046827376004,1.809335999328828,HAO1;HAO2,LumB,Suppressed
GO_Biological_Process_2023,Folic Acid Transport (GO:0015884),2/7,0.3692125835218963,0.9999963078360776,0,0,1.8159046827376004,1.809335999328828,FOLR2;FOLR1,LumB,Suppressed
GO_Biological_Process_2023,Galactosylceramide Metabolic Process (GO:0006681),2/7,0.3692125835218963,0.9999963078360776,0,0,1.8159046827376004,1.809335999328828,UGT8;GAL3ST1,LumB,Suppressed
GO_Biological_Process_2023,Hepoxilin Biosynthetic Process (GO:0051122),2/7,0.3692125835218963,0.9999963078360776,0,0,1.8159046827376004,1.809335999328828,GSTP1;ALOX15B,LumB,Suppressed
GO_Biological_Process_2023,Hepoxilin Metabolic Process (GO:0051121),2/7,0.3692125835218963,0.9999963078360776,0,0,1.8159046827376004,1.809335999328828,GSTP1;ALOX15B,LumB,Suppressed
GO_Biological_Process_2023,Inhibitory Postsynaptic Potential (GO:0060080),2/7,0.3692125835218963,0.9999963078360776,0,0,1.8159046827376004,1.809335999328828,NPAS4;INSYN2B,LumB,Suppressed
GO_Biological_Process_2023,Intracellular pH Elevation (GO:0051454),2/7,0.3692125835218963,0.9999963078360776,0,0,1.8159046827376004,1.809335999328828,OCA2;SLC26A3,LumB,Suppressed
GO_Biological_Process_2023,Lens Fiber Cell Development (GO:0070307),2/7,0.3692125835218963,0.9999963078360776,0,0,1.8159046827376004,1.809335999328828,PROX1;EPHA2,LumB,Suppressed
GO_Biological_Process_2023,Lymphatic Endothelial Cell Differentiation (GO:0060836),2/7,0.3692125835218963,0.9999963078360776,0,0,1.8159046827376004,1.809335999328828,TIE1;PROX1,LumB,Suppressed
GO_Biological_Process_2023,Negative Regulation Of SMAD Protein Signal Transduction (GO:0060392),2/7,0.3692125835218963,0.9999963078360776,0,0,1.8159046827376004,1.809335999328828,LRP1;PPARG,LumB,Suppressed
GO_Biological_Process_2023,"Negative Regulation Of Complement Activation, Classical Pathway (GO:0045959)",2/7,0.3692125835218963,0.9999963078360776,0,0,1.8159046827376004,1.809335999328828,CR1;SVEP1,LumB,Suppressed
GO_Biological_Process_2023,Negative Regulation Of Glial Cell Apoptotic Process (GO:0034351),2/7,0.3692125835218963,0.9999963078360776,0,0,1.8159046827376004,1.809335999328828,PRKCA;DLL1,LumB,Suppressed
GO_Biological_Process_2023,Negative Regulation Of Glucose Import (GO:0046325),2/7,0.3692125835218963,0.9999963078360776,0,0,1.8159046827376004,1.809335999328828,PID1;LEP,LumB,Suppressed
GO_Biological_Process_2023,Negative Regulation Of Intracellular Transport (GO:0032387),2/7,0.3692125835218963,0.9999963078360776,0,0,1.8159046827376004,1.809335999328828,PLN;CRYAB,LumB,Suppressed
GO_Biological_Process_2023,Negative Regulation Of Microglial Cell Activation (GO:1903979),2/7,0.3692125835218963,0.9999963078360776,0,0,1.8159046827376004,1.809335999328828,TAFA3;CX3CL1,LumB,Suppressed
GO_Biological_Process_2023,Negative Regulation Of Monooxygenase Activity (GO:0032769),2/7,0.3692125835218963,0.9999963078360776,0,0,1.8159046827376004,1.809335999328828,CAV3;SNCA,LumB,Suppressed
GO_Biological_Process_2023,Negative Regulation Of Osteoblast Proliferation (GO:0033689),2/7,0.3692125835218963,0.9999963078360776,0,0,1.8159046827376004,1.809335999328828,SFRP1;TNN,LumB,Suppressed
GO_Biological_Process_2023,Neuron Projection Arborization (GO:0140058),2/7,0.3692125835218963,0.9999963078360776,0,0,1.8159046827376004,1.809335999328828,NLGN1;PTN,LumB,Suppressed
GO_Biological_Process_2023,Osteoblast Development (GO:0002076),2/7,0.3692125835218963,0.9999963078360776,0,0,1.8159046827376004,1.809335999328828,TNN;PTHLH,LumB,Suppressed
GO_Biological_Process_2023,Plasma Membrane Phospholipid Scrambling (GO:0017121),2/7,0.3692125835218963,0.9999963078360776,0,0,1.8159046827376004,1.809335999328828,PLSCR5;PLSCR4,LumB,Suppressed
GO_Biological_Process_2023,Positive Regulation Of Endocytic Recycling (GO:2001137),2/7,0.3692125835218963,0.9999963078360776,0,0,1.8159046827376004,1.809335999328828,EHD2;PLA2G4E,LumB,Suppressed
GO_Biological_Process_2023,Positive Regulation Of Epithelial Tube Formation (GO:1905278),2/7,0.3692125835218963,0.9999963078360776,0,0,1.8159046827376004,1.809335999328828,MMRN2;FGF2,LumB,Suppressed
GO_Biological_Process_2023,Positive Regulation Of Extracellular Matrix Disassembly (GO:0090091),2/7,0.3692125835218963,0.9999963078360776,0,0,1.8159046827376004,1.809335999328828,IL6;DDR2,LumB,Suppressed
GO_Biological_Process_2023,Positive Regulation Of Glial Cell Migration (GO:1903977),2/7,0.3692125835218963,0.9999963078360776,0,0,1.8159046827376004,1.809335999328828,P2RY12;CX3CL1,LumB,Suppressed
GO_Biological_Process_2023,Positive Regulation Of Gluconeogenesis (GO:0045722),2/7,0.3692125835218963,0.9999963078360776,0,0,1.8159046827376004,1.809335999328828,PPARGC1A;FOXO1,LumB,Suppressed
GO_Biological_Process_2023,Positive Regulation Of Meiotic Nuclear Division (GO:0045836),2/7,0.3692125835218963,0.9999963078360776,0,0,1.8159046827376004,1.809335999328828,NPM2;OOEP,LumB,Suppressed
GO_Biological_Process_2023,Positive Regulation Of Melanin Biosynthetic Process (GO:0048023),2/7,0.3692125835218963,0.9999963078360776,0,0,1.8159046827376004,1.809335999328828,ZEB2;CDH3,LumB,Suppressed
GO_Biological_Process_2023,Positive Regulation Of Myeloid Cell Apoptotic Process (GO:0033034),2/7,0.3692125835218963,0.9999963078360776,0,0,1.8159046827376004,1.809335999328828,HCAR2;ANXA1,LumB,Suppressed
GO_Biological_Process_2023,Positive Regulation Of Ryanodine-Sensitive Calcium-Release Channel Activity (GO:0060316),2/7,0.3692125835218963,0.9999963078360776,0,0,1.8159046827376004,1.809335999328828,JPH2;TRDN,LumB,Suppressed
GO_Biological_Process_2023,Positive Regulation Of Secondary Metabolite Biosynthetic Process (GO:1900378),2/7,0.3692125835218963,0.9999963078360776,0,0,1.8159046827376004,1.809335999328828,ZEB2;CDH3,LumB,Suppressed
GO_Biological_Process_2023,"Positive Regulation Of Synaptic Transmission, GABAergic (GO:0032230)",2/7,0.3692125835218963,0.9999963078360776,0,0,1.8159046827376004,1.809335999328828,NLGN1;NALCN,LumB,Suppressed
GO_Biological_Process_2023,Positive Regulation Of Vascular Associated Smooth Muscle Cell Migration (GO:1904754),2/7,0.3692125835218963,0.9999963078360776,0,0,1.8159046827376004,1.809335999328828,NR4A3;FGF9,LumB,Suppressed
GO_Biological_Process_2023,Positive Regulation Of Vascular Endothelial Growth Factor Signaling Pathway (GO:1900748),2/7,0.3692125835218963,0.9999963078360776,0,0,1.8159046827376004,1.809335999328828,CCBE1;TNXB,LumB,Suppressed
GO_Biological_Process_2023,Postsynaptic Density Organization (GO:0097106),2/7,0.3692125835218963,0.9999963078360776,0,0,1.8159046827376004,1.809335999328828,NLGN1;SHANK3,LumB,Suppressed
GO_Biological_Process_2023,Proximal/Distal Pattern Formation (GO:0009954),2/7,0.3692125835218963,0.9999963078360776,0,0,1.8159046827376004,1.809335999328828,HOXA9;DLL1,LumB,Suppressed
GO_Biological_Process_2023,Pyrimidine Nucleobase Catabolic Process (GO:0006208),2/7,0.3692125835218963,0.9999963078360776,0,0,1.8159046827376004,1.809335999328828,DPYS;DPYSL2,LumB,Suppressed
GO_Biological_Process_2023,Regulation Of ATPase-coupled Calcium Transmembrane Transporter Activity (GO:1901894),2/7,0.3692125835218963,0.9999963078360776,0,0,1.8159046827376004,1.809335999328828,PLN;STRIT1,LumB,Suppressed
GO_Biological_Process_2023,Regulation Of Cardiac Muscle Cell Action Potential Involved In Regulation Of Contraction (GO:0098909),2/7,0.3692125835218963,0.9999963078360776,0,0,1.8159046827376004,1.809335999328828,CAV3;CAV1,LumB,Suppressed
GO_Biological_Process_2023,Regulation Of Chaperone-Mediated Autophagy (GO:1904714),2/7,0.3692125835218963,0.9999963078360776,0,0,1.8159046827376004,1.809335999328828,GFAP;SNCA,LumB,Suppressed
GO_Biological_Process_2023,Regulation Of Chemokine (C-C Motif) Ligand 5 Production (GO:0071649),2/7,0.3692125835218963,0.9999963078360776,0,0,1.8159046827376004,1.809335999328828,DEFB124;SIRPA,LumB,Suppressed
GO_Biological_Process_2023,Regulation Of Chemokine-Mediated Signaling Pathway (GO:0070099),2/7,0.3692125835218963,0.9999963078360776,0,0,1.8159046827376004,1.809335999328828,PADI2;SLIT2,LumB,Suppressed
GO_Biological_Process_2023,Regulation Of Dopamine Uptake Involved In Synaptic Transmission (GO:0051584),2/7,0.3692125835218963,0.9999963078360776,0,0,1.8159046827376004,1.809335999328828,DRD2;SNCA,LumB,Suppressed
GO_Biological_Process_2023,Regulation Of Epithelial To Mesenchymal Transition Involved In Endocardial Cushion Formation (GO:1905005),2/7,0.3692125835218963,0.9999963078360776,0,0,1.8159046827376004,1.809335999328828,NOG;TGFBR2,LumB,Suppressed
GO_Biological_Process_2023,Regulation Of Extracellular Matrix Constituent Secretion (GO:0003330),2/7,0.3692125835218963,0.9999963078360776,0,0,1.8159046827376004,1.809335999328828,BMP2;RGCC,LumB,Suppressed
GO_Biological_Process_2023,Regulation Of Lipase Activity (GO:0060191),2/7,0.3692125835218963,0.9999963078360776,0,0,1.8159046827376004,1.809335999328828,PCSK5;SNCA,LumB,Suppressed
GO_Biological_Process_2023,Regulation Of Meiotic Nuclear Division (GO:0040020),2/7,0.3692125835218963,0.9999963078360776,0,0,1.8159046827376004,1.809335999328828,NPM2;OOEP,LumB,Suppressed
GO_Biological_Process_2023,Regulation Of Mesenchymal Stem Cell Differentiation (GO:2000739),2/7,0.3692125835218963,0.9999963078360776,0,0,1.8159046827376004,1.809335999328828,PDGFRA;SOX6,LumB,Suppressed
GO_Biological_Process_2023,Regulation Of Nitric Oxide Metabolic Process (GO:0080164),2/7,0.3692125835218963,0.9999963078360776,0,0,1.8159046827376004,1.809335999328828,CX3CR1;SIRPA,LumB,Suppressed
GO_Biological_Process_2023,Regulation Of Positive Chemotaxis (GO:0050926),2/7,0.3692125835218963,0.9999963078360776,0,0,1.8159046827376004,1.809335999328828,NTRK3;CDH13,LumB,Suppressed
GO_Biological_Process_2023,Regulation Of Protein Localization To Cell Cortex (GO:1904776),2/7,0.3692125835218963,0.9999963078360776,0,0,1.8159046827376004,1.809335999328828,EPB41L2;GNAI1,LumB,Suppressed
GO_Biological_Process_2023,"Regulation Of Wound Healing, Spreading Of Epidermal Cells (GO:1903689)",2/7,0.3692125835218963,0.9999963078360776,0,0,1.8159046827376004,1.809335999328828,FERMT1;FERMT2,LumB,Suppressed
GO_Biological_Process_2023,Release Of Sequestered Calcium Ion Into Cytosol By Endoplasmic Reticulum (GO:1903514),2/7,0.3692125835218963,0.9999963078360776,0,0,1.8159046827376004,1.809335999328828,RYR3;TRDN,LumB,Suppressed
GO_Biological_Process_2023,Response To Auditory Stimulus (GO:0010996),2/7,0.3692125835218963,0.9999963078360776,0,0,1.8159046827376004,1.809335999328828,ATP1A2;PTN,LumB,Suppressed
GO_Biological_Process_2023,Sodium-Dependent Phosphate Transport (GO:0044341),2/7,0.3692125835218963,0.9999963078360776,0,0,1.8159046827376004,1.809335999328828,SLC34A2;SLC17A7,LumB,Suppressed
GO_Biological_Process_2023,Venous Blood Vessel Development (GO:0060841),2/7,0.3692125835218963,0.9999963078360776,0,0,1.8159046827376004,1.809335999328828,CCBE1;PROX1,LumB,Suppressed
GO_Biological_Process_2023,Very-Low-Density Lipoprotein Particle Remodeling (GO:0034372),2/7,0.3692125835218963,0.9999963078360776,0,0,1.8159046827376004,1.809335999328828,CETP;LCAT,LumB,Suppressed
GO_Biological_Process_2023,Positive Regulation Of Cell-Matrix Adhesion (GO:0001954),9/43,0.3705130770759183,0.9999963078360776,0,0,1.2019058039651174,1.1933320559279736,SFRP1;CCL21;MYOC;CDH13;NRG1;CD36;TEK;CX3CL1;FERMT2,LumB,Suppressed
GO_Biological_Process_2023,Regulation Of Cell Motility (GO:2000145),24/123,0.3721538966791566,0.9999963078360776,0,0,1.1009453328940366,1.088227002688411,ROBO4;TNXB;CAVIN1;CCL21;NEXN;KRT5;LDB2;FGF1;FGF2;ADGRG3;FGF17;FGF7;FGF9;TNN;SST;DUOXA2;SPOCK3;ENPP2;MGAT3;AMOTL2;AMOTL1;SGK1;PLXNA4;DUOX2,LumB,Suppressed
GO_Biological_Process_2023,Adult Locomotory Behavior (GO:0008344),3/12,0.3721825040894878,0.9999963078360776,0,0,1.5133037694013305,1.4957054730394947,NTF4;PRKN;DRD2,LumB,Suppressed
GO_Biological_Process_2023,Alanine Transport (GO:0032328),3/12,0.3721825040894878,0.9999963078360776,0,0,1.5133037694013305,1.4957054730394947,SLC36A2;SLC6A14;SLC7A10,LumB,Suppressed
GO_Biological_Process_2023,Atrial Cardiac Muscle Cell Action Potential (GO:0086014),3/12,0.3721825040894878,0.9999963078360776,0,0,1.5133037694013305,1.4957054730394947,KCNA5;SCN5A;SCN3B,LumB,Suppressed
GO_Biological_Process_2023,Biogenic Amine Metabolic Process (GO:0006576),3/12,0.3721825040894878,0.9999963078360776,0,0,1.5133037694013305,1.4957054730394947,SLC22A3;MAOA;SLC29A4,LumB,Suppressed
GO_Biological_Process_2023,cAMP Metabolic Process (GO:0046058),3/12,0.3721825040894878,0.9999963078360776,0,0,1.5133037694013305,1.4957054730394947,ADCY4;PTHLH;EPHA2,LumB,Suppressed
GO_Biological_Process_2023,Detection Of Calcium Ion (GO:0005513),3/12,0.3721825040894878,0.9999963078360776,0,0,1.5133037694013305,1.4957054730394947,KCNIP2;KCNMB1;CASQ2,LumB,Suppressed
GO_Biological_Process_2023,Endothelium Development (GO:0003158),3/12,0.3721825040894878,0.9999963078360776,0,0,1.5133037694013305,1.4957054730394947,PECAM1;CD34;FSTL1,LumB,Suppressed
GO_Biological_Process_2023,Epithelial Cell Morphogenesis (GO:0003382),3/12,0.3721825040894878,0.9999963078360776,0,0,1.5133037694013305,1.4957054730394947,PKHD1;DACT2;MET,LumB,Suppressed
GO_Biological_Process_2023,Granulocyte Activation (GO:0036230),3/12,0.3721825040894878,0.9999963078360776,0,0,1.5133037694013305,1.4957054730394947,CXCL6;CXCR2;CTSG,LumB,Suppressed
GO_Biological_Process_2023,Lipoprotein Localization (GO:0044872),3/12,0.3721825040894878,0.9999963078360776,0,0,1.5133037694013305,1.4957054730394947,LRP1;PPARG;CD36,LumB,Suppressed
GO_Biological_Process_2023,Macrophage Migration (GO:1905517),3/12,0.3721825040894878,0.9999963078360776,0,0,1.5133037694013305,1.4957054730394947,EDNRB;KLF5;SAA1,LumB,Suppressed
GO_Biological_Process_2023,Myelination In Peripheral Nervous System (GO:0022011),3/12,0.3721825040894878,0.9999963078360776,0,0,1.5133037694013305,1.4957054730394947,MYOC;LGI4;NCMAP,LumB,Suppressed
GO_Biological_Process_2023,Negative Regulation Of Complement Activation (GO:0045916),3/12,0.3721825040894878,0.9999963078360776,0,0,1.5133037694013305,1.4957054730394947,CR1;C4BPA;SVEP1,LumB,Suppressed
GO_Biological_Process_2023,Organophosphate Catabolic Process (GO:0046434),3/12,0.3721825040894878,0.9999963078360776,0,0,1.5133037694013305,1.4957054730394947,LIPG;ENPP2;PLD1,LumB,Suppressed
GO_Biological_Process_2023,Polysaccharide Biosynthetic Process (GO:0000271),3/12,0.3721825040894878,0.9999963078360776,0,0,1.5133037694013305,1.4957054730394947,HAS1;HAS3;HAS2,LumB,Suppressed
GO_Biological_Process_2023,Positive Regulation Of Cellular Extravasation (GO:0002693),3/12,0.3721825040894878,0.9999963078360776,0,0,1.5133037694013305,1.4957054730394947,LYVE1;JAM3;XG,LumB,Suppressed
GO_Biological_Process_2023,Positive Regulation Of Integrin-Mediated Signaling Pathway (GO:2001046),3/12,0.3721825040894878,0.9999963078360776,0,0,1.5133037694013305,1.4957054730394947,LAMA2;LAMA1;LIMS2,LumB,Suppressed
GO_Biological_Process_2023,Positive Regulation Of Neuroinflammatory Response (GO:0150078),3/12,0.3721825040894878,0.9999963078360776,0,0,1.5133037694013305,1.4957054730394947,IL33;IL6;TAFA3,LumB,Suppressed
GO_Biological_Process_2023,Positive Regulation Of Reactive Oxygen Species Biosynthetic Process (GO:1903428),3/12,0.3721825040894878,0.9999963078360776,0,0,1.5133037694013305,1.4957054730394947,DUOXA1;DUOXA2;CD36,LumB,Suppressed
GO_Biological_Process_2023,Positive Regulation Of Sodium Ion Transmembrane Transporter Activity (GO:2000651),3/12,0.3721825040894878,0.9999963078360776,0,0,1.5133037694013305,1.4957054730394947,FXYD2;TESC;DMD,LumB,Suppressed
GO_Biological_Process_2023,Positive Regulation Of Vascular Endothelial Cell Proliferation (GO:1905564),3/12,0.3721825040894878,0.9999963078360776,0,0,1.5133037694013305,1.4957054730394947,IGF2;PSG1;FGF2,LumB,Suppressed
GO_Biological_Process_2023,Positive Regulation Of Vasoconstriction (GO:0045907),3/12,0.3721825040894878,0.9999963078360776,0,0,1.5133037694013305,1.4957054730394947,OXTR;CAV1;AVPR2,LumB,Suppressed
GO_Biological_Process_2023,Positive Regulation Of Voltage-Gated Calcium Channel Activity (GO:1901387),3/12,0.3721825040894878,0.9999963078360776,0,0,1.5133037694013305,1.4957054730394947,STAC;CACNA2D1;STAC2,LumB,Suppressed
GO_Biological_Process_2023,Regulation Of Cell Communication By Electrical Coupling (GO:0010649),3/12,0.3721825040894878,0.9999963078360776,0,0,1.5133037694013305,1.4957054730394947,CAV1;CASQ2;TRDN,LumB,Suppressed
GO_Biological_Process_2023,Regulation Of Monooxygenase Activity (GO:0032768),3/12,0.3721825040894878,0.9999963078360776,0,0,1.5133037694013305,1.4957054730394947,LEP;EGFR;SNCA,LumB,Suppressed
GO_Biological_Process_2023,Regulation Of Vascular Associated Smooth Muscle Cell Migration (GO:1904752),3/12,0.3721825040894878,0.9999963078360776,0,0,1.5133037694013305,1.4957054730394947,NR4A3;FGF9;ADIPOQ,LumB,Suppressed
GO_Biological_Process_2023,Response To Iron Ion (GO:0010039),3/12,0.3721825040894878,0.9999963078360776,0,0,1.5133037694013305,1.4957054730394947,F3;BMP6;SNCA,LumB,Suppressed
GO_Biological_Process_2023,Secretion (GO:0046903),3/12,0.3721825040894878,0.9999963078360776,0,0,1.5133037694013305,1.4957054730394947,NPR1;VIP;FBLN5,LumB,Suppressed
GO_Biological_Process_2023,Spinal Cord Development (GO:0021510),3/12,0.3721825040894878,0.9999963078360776,0,0,1.5133037694013305,1.4957054730394947,VIT;RELN;DLL1,LumB,Suppressed
GO_Biological_Process_2023,Triglyceride Catabolic Process (GO:0019433),3/12,0.3721825040894878,0.9999963078360776,0,0,1.5133037694013305,1.4957054730394947,LIPE;GPIHBP1;PNPLA2,LumB,Suppressed
GO_Biological_Process_2023,Anterior/Posterior Pattern Specification (GO:0009952),12/59,0.3744916164454949,0.9999963078360776,0,0,1.1593291280674891,1.138676679304269,HOXA9;BMP2;CDX2;BHLHE41;HOXA3;HOXA7;PCSK5;HOXA6;CER1;HOXA5;HOXA4;WLS,LumB,Suppressed
GO_Biological_Process_2023,Regulation Of Cell Death (GO:0010941),12/59,0.3744916164454949,0.9999963078360776,0,0,1.1593291280674891,1.138676679304269,PACRG;CHRNA7;CCN6;HP;CCN5;HBB;CCN3;HBA1;HPR;OLFM4;CRYAB;SNCA,LumB,Suppressed
GO_Biological_Process_2023,Regulation Of Fat Cell Differentiation (GO:0045598),15/75,0.3755133646414383,0.9999963078360776,0,0,1.1352196885428254,1.111903657501502,RARRES2;ZBTB16;ADIPOQ;FOXO1;ZFP36L2;MEDAG;ZFP36;SFRP1;BMP2;IL6;SULT1E1;LEP;PPARG;FERMT2;RUNX1T1,LumB,Suppressed
GO_Biological_Process_2023,Negative Regulation Of Epithelial Cell Apoptotic Process (GO:1904036),8/38,0.3778482277525967,0.9999963078360776,0,0,1.2107688037746325,1.1783960882466062,SEMA5A;PKHD1;CDH5;SERPINB13;IL13;NDNF;TEK;PPARA,LumB,Suppressed
GO_Biological_Process_2023,Regulation Of Blood Vessel Endothelial Cell Migration (GO:0043535),11/54,0.381904682645578,0.9999963078360776,0,0,1.1615374677002583,1.1180776412748117,STAT5A;ANGPT4;RGCC;ANGPT1;PSG1;NRG1;PRKCA;PPARG;AGTR2;FGF2;EPHA2,LumB,Suppressed
GO_Biological_Process_2023,Negative Regulation Of Epithelial Cell Proliferation (GO:0050680),14/70,0.3826515782362299,0.9999963078360776,0,0,1.1351820961912704,1.090490455253286,CDKN1C;KRT4;CAV2;CAV1;PTPRM;GDF5;TGFBR3;SFRP1;RGCC;NFIB;TNMD;ATOH8;KLF9;CNMD,LumB,Suppressed
GO_Biological_Process_2023,Regulation Of Actin Filament Polymerization (GO:0030833),14/70,0.3826515782362299,0.9999963078360776,0,0,1.1351820961912704,1.090490455253286,TENM1;KANK1;CCL24;CSF3;CCL21;LMOD1;ARHGAP40;BIN1;CDC42EP5;DAAM2;SLIT2;PAK3;KANK4;KANK3,LumB,Suppressed
GO_Biological_Process_2023,Lung Development (GO:0030324),7/33,0.3857028298006196,0.9999963078360776,0,0,1.2223704430974132,1.1645377468197933,CEBPA;FGF7;WNT11;FGF9;TCF21;CHI3L1;PROX1,LumB,Suppressed
GO_Biological_Process_2023,Positive Regulation Of Small Molecule Metabolic Process (GO:0062013),7/33,0.3857028298006196,0.9999963078360776,0,0,1.2223704430974132,1.1645377468197933,MLXIPL;ZBTB20;ADM;IGF1;SLC4A4;GPLD1;CES1,LumB,Suppressed
GO_Biological_Process_2023,Negative Regulation Of Tumor Necrosis Factor Superfamily Cytokine Production (GO:1903556),10/49,0.3898226068157093,0.9999963078360776,0,0,1.164206523828851,1.0967564698306782,POMC;CHRNA7;GSTP1;CIDEA;NR1H4;SIRPA;BPI;IGF1;CX3CL1;VSIR,LumB,Suppressed
GO_Biological_Process_2023,Monocarboxylic Acid Biosynthetic Process (GO:0072330),13/65,0.3902090258017348,0.9999963078360776,0,0,1.1351445247359644,1.068253545306394,ACSM3;ACSM1;AKR1D1;ACSM2A;ACSM5;CYP7B1;ACACB;CYP7A1;CYP8B1;ACSM2B;CYP39A1;ALDH1A3;ALDH1A2,LumB,Suppressed
GO_Biological_Process_2023,Lipid Transport (GO:0006869),21/108,0.3914243573449321,0.9999963078360776,0,0,1.0960906733262894,1.0280924903286115,CETP;SLC10A6;ACSL1;ABCA6;AKR1C1;SPNS2;ABCA9;ABCA8;SLC51B;ABCB11;ABCA13;SLCO1C1;FABP1;RBP7;FABP4;FABP7;SLCO1B3;SLCO1A2;PMP2;CD36;PLTP,LumB,Suppressed
GO_Biological_Process_2023,Cellular Response To Metal Ion (GO:0071248),26/135,0.3917750839451722,0.9999963078360776,0,0,1.0832085780456284,1.0150394126367943,PRKN;CPNE8;NLGN1;MT1L;KCNA1;MT1M;MT1X;AQP2;RASGRP2;RYR3;EGFR;AQP1;CRHBP;CAPN3;SCN5A;SLC13A5;SNCA;PRNP;JUN;AKR1C3;SYT15;FOS;SYT8;F3;BMP6;GPLD1,LumB,Suppressed
GO_Biological_Process_2023,Apoptotic Cell Clearance (GO:0043277),6/28,0.3941852079542394,0.9999963078360776,0,0,1.2382045139326692,1.1526871876257505,FCN2;ANXA1;LRP1;TYRO3;XKR4;XKR6,LumB,Suppressed
GO_Biological_Process_2023,Negative Regulation Of Actin Filament Bundle Assembly (GO:0032232),6/28,0.3941852079542394,0.9999963078360776,0,0,1.2382045139326692,1.1526871876257505,PRKN;TMEFF2;MYOC;PIK3R1;MET;SHANK3,LumB,Suppressed
GO_Biological_Process_2023,Phospholipid Catabolic Process (GO:0009395),6/28,0.3941852079542394,0.9999963078360776,0,0,1.2382045139326692,1.1526871876257505,PLA2G4E;LIPG;ENPP2;PLA2G4A;PLD1;ENPP6,LumB,Suppressed
GO_Biological_Process_2023,Regulation Of Chemotaxis (GO:0050920),6/28,0.3941852079542394,0.9999963078360776,0,0,1.2382045139326692,1.1526871876257505,P2RY12;PDGFRA;CCL21;RARRES2;NOVA2;ELANE,LumB,Suppressed
GO_Biological_Process_2023,Transmembrane Receptor Protein Serine/Threonine Kinase Signaling Pathway (GO:0007178),25/130,0.3982509918338199,0.9999963078360776,0,0,1.0811887499004065,0.9954211166383706,CITED1;WFIKKN2;TMEM100;CDH5;ACVR1C;ATOH8;LEFTY2;GDF10;JUN;SMAD9;FOS;GDF5;BMP6;BMP5;GDF7;RGMA;TGFBR2;TGFBR3;CLDN5;BMP3;BMP2;PSG4;ID1;PPARG;FERMT2,LumB,Suppressed
GO_Biological_Process_2023,Extracellular Matrix Disassembly (GO:0022617),9/44,0.3983423563470817,0.9999963078360776,0,0,1.16749424922662,1.074612436509118,ADAMTS5;GSN;MMP7;CMA1;KLK5;MMP19;CTSG;KLK7;ELANE,LumB,Suppressed
GO_Biological_Process_2023,Cellular Lipid Catabolic Process (GO:0044242),5/23,0.4034452595851298,0.9999963078360776,0,0,1.2610926234054354,1.1447120152797112,ACADL;LIPG;ENPP2;PLD1;LPIN1,LumB,Suppressed
GO_Biological_Process_2023,Hepaticobiliary System Development (GO:0061008),5/23,0.4034452595851298,0.9999963078360776,0,0,1.2610926234054354,1.1447120152797112,TGFBR3;CEBPA;PROX1;MET;UGT1A7,LumB,Suppressed
GO_Biological_Process_2023,Negative Regulation Of Actin Filament Polymerization (GO:0030837),5/23,0.4034452595851298,0.9999963078360776,0,0,1.2610926234054354,1.1447120152797112,KANK1;GSN;SLIT2;KANK4;KANK3,LumB,Suppressed
GO_Biological_Process_2023,Positive Regulation Of Epithelial Cell Apoptotic Process (GO:1904037),5/23,0.4034452595851298,0.9999963078360776,0,0,1.2610926234054354,1.1447120152797112,IL6;GSN;RGCC;ECSCR;PLA2R1,LumB,Suppressed
GO_Biological_Process_2023,Positive Regulation Of Morphogenesis Of An Epithelium (GO:1905332),5/23,0.4034452595851298,0.9999963078360776,0,0,1.2610926234054354,1.1447120152797112,NOG;MMRN2;LIF;SOX8;FGF2,LumB,Suppressed
GO_Biological_Process_2023,Potassium Ion Homeostasis (GO:0055075),5/23,0.4034452595851298,0.9999963078360776,0,0,1.2610926234054354,1.1447120152797112,ATP4A;FXYD2;ATP1A2;ATP1B2;KCNJ2,LumB,Suppressed
GO_Biological_Process_2023,Regulation Of T Cell Migration (GO:2000404),5/23,0.4034452595851298,0.9999963078360776,0,0,1.2610926234054354,1.1447120152797112,CXCL12;CCL21;SPNS2;APOD;CD200,LumB,Suppressed
GO_Biological_Process_2023,Regulation Of Axon Extension Involved In Axon Guidance (GO:0048841),5/23,0.4034452595851298,0.9999963078360776,0,0,1.2610926234054354,1.1447120152797112,SEMA5A;SEMA3D;SEMA3A;SEMA6D;SEMA3G,LumB,Suppressed
GO_Biological_Process_2023,Response To BMP (GO:0071772),5/23,0.4034452595851298,0.9999963078360776,0,0,1.2610926234054354,1.1447120152797112,TMEM100;BMP2;SFRP1;SMAD9;BMP6,LumB,Suppressed
GO_Biological_Process_2023,Negative Regulation Of Cell-Substrate Adhesion (GO:0010812),8/39,0.407595338106229,0.9999963078360776,0,0,1.1716401206879572,1.0515240618890378,KANK1;MYOC;FZD4;FZD7;HOXA7;PLET1;CORO2B;CX3CL1,LumB,Suppressed
GO_Biological_Process_2023,Cellular Response To Organic Substance (GO:0071310),16/82,0.4094345435154506,0.9999963078360776,0,0,1.1007206979390567,0.982919624269158,CSF3;OXTR;EDN1;PID1;MME;AVPR2;NR1H4;AKAP6;HCRTR1;GHR;SOCS2;CLEC3B;FFAR4;CYP1A1;SLIT2;QRFPR,LumB,Suppressed
GO_Biological_Process_2023,Cellular Response To BMP Stimulus (GO:0071773),13/66,0.4130233695864543,0.9999963078360776,0,0,1.1136585314692649,0.9847537844460728,GDF10;SMAD9;GDF5;BMP6;RGMA;GDF7;TMEM100;TGFBR3;BMP3;SFRP1;BMP2;PPARG;LEFTY2,LumB,Suppressed
GO_Biological_Process_2023,Branching Involved In Ureteric Bud Morphogenesis (GO:0001658),4/18,0.4136959149323962,0.9999963078360776,0,0,1.2970810725177235,1.144834988357861,CITED1;TCF21;FGF1;FGF2,LumB,Suppressed
GO_Biological_Process_2023,Glycerolipid Catabolic Process (GO:0046503),4/18,0.4136959149323962,0.9999963078360776,0,0,1.2970810725177235,1.144834988357861,PLA2G4E;PLA2G4A;ENPP6;MGLL,LumB,Suppressed
GO_Biological_Process_2023,Intracellular Sodium Ion Homeostasis (GO:0006883),4/18,0.4136959149323962,0.9999963078360776,0,0,1.2970810725177235,1.144834988357861,ATP4A;FXYD2;ATP1A2;ATP1B2,LumB,Suppressed
GO_Biological_Process_2023,Neutrophil Activation (GO:0042119),4/18,0.4136959149323962,0.9999963078360776,0,0,1.2970810725177235,1.144834988357861,CXCL6;CXCR2;CTSG;DNASE1L3,LumB,Suppressed
GO_Biological_Process_2023,Nitric Oxide Mediated Signal Transduction (GO:0007263),4/18,0.4136959149323962,0.9999963078360776,0,0,1.2970810725177235,1.144834988357861,NDNF;AGTR2;CD36;NOS1,LumB,Suppressed
GO_Biological_Process_2023,Positive Regulation Of Extracellular Matrix Organization (GO:1903055),4/18,0.4136959149323962,0.9999963078360776,0,0,1.2970810725177235,1.144834988357861,IL6;TNXB;RGCC;DDR2,LumB,Suppressed
GO_Biological_Process_2023,Positive Regulation Of Glycolytic Process (GO:0045821),4/18,0.4136959149323962,0.9999963078360776,0,0,1.2970810725177235,1.144834988357861,MLXIPL;ZBTB20;IGF1;SLC4A4,LumB,Suppressed
GO_Biological_Process_2023,Positive Regulation Of Macrophage Migration (GO:1905523),4/18,0.4136959149323962,0.9999963078360776,0,0,1.2970810725177235,1.144834988357861,P2RY12;IL34;RARRES2;CX3CL1,LumB,Suppressed
GO_Biological_Process_2023,Regulation Of Cell-Cell Adhesion Mediated By Cadherin (GO:2000047),4/18,0.4136959149323962,0.9999963078360776,0,0,1.2970810725177235,1.144834988357861,RGCC;NOTCH4;SERPINF2;BMP6,LumB,Suppressed
GO_Biological_Process_2023,Regulation Of Nervous System Process (GO:0031644),4/18,0.4136959149323962,0.9999963078360776,0,0,1.2970810725177235,1.144834988357861,SLC8A3;CHRNA7;DLGAP2;BEGAIN,LumB,Suppressed
GO_Biological_Process_2023,Regulation Of Oligodendrocyte Differentiation (GO:0048713),4/18,0.4136959149323962,0.9999963078360776,0,0,1.2970810725177235,1.144834988357861,PTPRZ1;DAAM2;IL34;PTN,LumB,Suppressed
GO_Biological_Process_2023,Ureteric Bud Morphogenesis (GO:0060675),4/18,0.4136959149323962,0.9999963078360776,0,0,1.2970810725177235,1.144834988357861,WNT11;CITED1;TCF21;FGF2,LumB,Suppressed
GO_Biological_Process_2023,"G Protein-Coupled Receptor Signaling Pathway, Coupled To Cyclic Nucleotide Second Messenger (GO:0007187)",10/50,0.4161306641809593,0.9999963078360776,0,0,1.1350319355734515,0.9951460273005164,CHRM3;LHCGR;MTNR1A;CHRM1;ANXA1;NPY;HTR2A;PTH1R;AGTR2;HTR4,LumB,Suppressed
GO_Biological_Process_2023,Positive Regulation Of Vasculature Development (GO:1904018),20/104,0.4165641013691596,0.9999963078360776,0,0,1.0810757051358555,0.9467141293606992,SEMA5A;ANGPT4;PTGIS;HSPB6;ANXA3;CHRNA7;PSG1;PRKCA;VEGFD;FGF1;FGF2;AQP1;CDH5;HYAL1;EMILIN2;CHI3L1;ANGPTL4;TEK;CD34;RAPGEF3,LumB,Suppressed
GO_Biological_Process_2023,Cellular Response To Amyloid-Beta (GO:1904646),7/34,0.4177665419687247,0.9999963078360776,0,0,1.177025527192009,1.0273461505530763,NGFR;PRNP;LRP1;CACNA2D1;ADRB2;CD36;IGF1,LumB,Suppressed
GO_Biological_Process_2023,Embryonic Skeletal System Development (GO:0048706),7/34,0.4177665419687247,0.9999963078360776,0,0,1.177025527192009,1.0273461505530763,PDGFRA;HOXA9;WNT11;NOG;HOXA3;PCSK5;HOXA4,LumB,Suppressed
GO_Biological_Process_2023,Negative Regulation Of JNK Cascade (GO:0046329),7/34,0.4177665419687247,0.9999963078360776,0,0,1.177025527192009,1.0273461505530763,PRKN;SERPINB3;PER1;SH3RF2;GSTP1;SIRPA;KLHL31,LumB,Suppressed
GO_Biological_Process_2023,Positive Regulation Of Carbohydrate Metabolic Process (GO:0045913),7/34,0.4177665419687247,0.9999963078360776,0,0,1.177025527192009,1.0273461505530763,MLXIPL;ZBTB20;PTH1R;IGF1;SLC4A4;GPLD1;SNCA,LumB,Suppressed
GO_Biological_Process_2023,Regulation Of Phosphatidylinositol 3-Kinase Activity (GO:0043551),7/34,0.4177665419687247,0.9999963078360776,0,0,1.177025527192009,1.0273461505530763,P2RY12;PDGFRA;CCL21;KIT;PIK3R1;TEK;FGF2,LumB,Suppressed
GO_Biological_Process_2023,Semaphorin-Plexin Signaling Pathway (GO:0071526),7/34,0.4177665419687247,0.9999963078360776,0,0,1.177025527192009,1.0273461505530763,SEMA5A;SEMA3D;SEMA3A;SEMA6D;SEMA3G;MET;PLXNA4,LumB,Suppressed
GO_Biological_Process_2023,Potassium Ion Transmembrane Transport (GO:0071805),26/137,0.423440421421429,0.9999963078360776,0,0,1.0635606317614683,0.9139628056154996,KCNE1;LRRC38;KCNA1;KCNC4;KCNA2;KCNA4;ATP1A2;KCNA5;KCNA6;NALCN;SLC9C2;KCNT2;KCNN4;KCNJ2;KCNH5;KCNB1;KCNIP2;KCNH8;KCNJ16;ABCC9;ATP1B2;KCNK17;ATP4A;KCNS1;FXYD2;SLC9A9,LumB,Suppressed
GO_Biological_Process_2023,Cardiocyte Differentiation (GO:0035051),3/13,0.4252344063743457,0.9999963078360776,0,0,1.361890243902439,1.1645723914424086,MYOCD;BMP2;NRG1,LumB,Suppressed
GO_Biological_Process_2023,Catecholamine Metabolic Process (GO:0006584),3/13,0.4252344063743457,0.9999963078360776,0,0,1.361890243902439,1.1645723914424086,PRKN;SNCAIP;DRD2,LumB,Suppressed
GO_Biological_Process_2023,Embryonic Hemopoiesis (GO:0035162),3/13,0.4252344063743457,0.9999963078360776,0,0,1.361890243902439,1.1645723914424086,TAL1;KIT;TGFBR2,LumB,Suppressed
GO_Biological_Process_2023,Endothelial Cell Differentiation (GO:0045446),3/13,0.4252344063743457,0.9999963078360776,0,0,1.361890243902439,1.1645723914424086,TIE1;PROX1;FSTL1,LumB,Suppressed
GO_Biological_Process_2023,Killing By Host Of Symbiont Cells (GO:0051873),3/13,0.4252344063743457,0.9999963078360776,0,0,1.361890243902439,1.1645723914424086,CFHR1;NRG1;PF4,LumB,Suppressed
GO_Biological_Process_2023,Mature B Cell Differentiation Involved In Immune Response (GO:0002313),3/13,0.4252344063743457,0.9999963078360776,0,0,1.361890243902439,1.1645723914424086,DOCK11;IL6;DLL1,LumB,Suppressed
GO_Biological_Process_2023,Negative Regulation Of Cell Migration Involved In Sprouting Angiogenesis (GO:0090051),3/13,0.4252344063743457,0.9999963078360776,0,0,1.361890243902439,1.1645723914424086,MMRN2;KLF4;MEOX2,LumB,Suppressed
GO_Biological_Process_2023,Negative Regulation Of Fibroblast Growth Factor Receptor Signaling Pathway (GO:0040037),3/13,0.4252344063743457,0.9999963078360776,0,0,1.361890243902439,1.1645723914424086,SPRY2;SPRY1;FGF2,LumB,Suppressed
GO_Biological_Process_2023,Negative Regulation Of Myoblast Differentiation (GO:0045662),3/13,0.4252344063743457,0.9999963078360776,0,0,1.361890243902439,1.1645723914424086,SOSTDC1;SOX8;DLL1,LumB,Suppressed
GO_Biological_Process_2023,Negative Regulation Of Neuroinflammatory Response (GO:0150079),3/13,0.4252344063743457,0.9999963078360776,0,0,1.361890243902439,1.1645723914424086,TAFA3;IGF1;CX3CL1,LumB,Suppressed
GO_Biological_Process_2023,Positive Regulation Of Cardiac Muscle Cell Proliferation (GO:0060045),3/13,0.4252344063743457,0.9999963078360776,0,0,1.361890243902439,1.1645723914424086,TGFBR3;GLI1;FGF2,LumB,Suppressed
GO_Biological_Process_2023,Positive Regulation Of Glycogen Biosynthetic Process (GO:0045725),3/13,0.4252344063743457,0.9999963078360776,0,0,1.361890243902439,1.1645723914424086,IGF2;IGF1;SORBS1,LumB,Suppressed
GO_Biological_Process_2023,Positive Regulation Of Insulin Secretion Involved In Cellular Response To Glucose Stimulus (GO:0035774),3/13,0.4252344063743457,0.9999963078360776,0,0,1.361890243902439,1.1645723914424086,TUNAR;CFTR;GPLD1,LumB,Suppressed
GO_Biological_Process_2023,Potassium Ion Export Across Plasma Membrane (GO:0097623),3/13,0.4252344063743457,0.9999963078360776,0,0,1.361890243902439,1.1645723914424086,KCNE1;KCNT2;KCNIP2,LumB,Suppressed
GO_Biological_Process_2023,Response To Chemokine (GO:1990868),3/13,0.4252344063743457,0.9999963078360776,0,0,1.361890243902439,1.1645723914424086,FOXC1;CXCL12;DUSP1,LumB,Suppressed
GO_Biological_Process_2023,Secondary Palate Development (GO:0062009),3/13,0.4252344063743457,0.9999963078360776,0,0,1.361890243902439,1.1645723914424086,TGFBR3;WNT11;TGFBR2,LumB,Suppressed
GO_Biological_Process_2023,Organic Hydroxy Compound Transport (GO:0015850),9/45,0.4262165707879995,0.9999963078360776,0,0,1.1349944475291505,0.9679319813420484,SLCO1C1;SLC22A3;SLC10A6;AKR1C1;SLCO1B3;SLCO1A2;SLC29A4;SLC5A1;SLC51B,LumB,Suppressed
GO_Biological_Process_2023,Cellular Response To Hypoxia (GO:0071456),14/72,0.4265019070899236,0.9999963078360776,0,0,1.095903674518037,0.933861648220614,ANGPT4;PTGIS;EPAS1;NDNF;PTGS2;AQP1;FABP1;SLC8A3;SFRP1;CPEB1;RGCC;PPARG;MGARP;SCN2A,LumB,Suppressed
GO_Biological_Process_2023,Defense Response To Fungus (GO:0050832),6/29,0.4291293156168558,0.9999963078360776,0,0,1.1842971718024482,1.0019118194836625,CX3CR1;NLRP10;RARRES2;RNASE7;S100A12;NRG1,LumB,Suppressed
GO_Biological_Process_2023,Morphogenesis Of An Epithelium (GO:0002009),6/29,0.4291293156168558,0.9999963078360776,0,0,1.1842971718024482,1.0019118194836625,FLG2;KRT16;SOX8;SOX10;TBX18;KRT6A,LumB,Suppressed
GO_Biological_Process_2023,Peptidyl-Tyrosine Dephosphorylation (GO:0035335),6/29,0.4291293156168558,0.9999963078360776,0,0,1.1842971718024482,1.0019118194836625,PTPRB;PTPRZ1;DUSP1;PTPN5;TNS2;DUSP6,LumB,Suppressed
GO_Biological_Process_2023,Regulation Of Neuron Migration (GO:2001222),6/29,0.4291293156168558,0.9999963078360776,0,0,1.1842971718024482,1.0019118194836625,IGSF10;RELN;TNN;KIF26A;SEMA3A;CX3CL1,LumB,Suppressed
GO_Biological_Process_2023,Regulation Of Epithelial To Mesenchymal Transition (GO:0010717),16/83,0.4298997653400547,0.9999963078360776,0,0,1.084225603553858,0.9153067254817272,SERPINB3;CRB2;PHLDB1;FOXC1;TNXB;IL17RD;TGFBR2;BMP5;SFRP1;BMP2;IL6;RGCC;SPRY2;ALX1;SPRY1;FERMT2,LumB,Suppressed
GO_Biological_Process_2023,Vascular Transport (GO:0010232),16/83,0.4298997653400547,0.9999963078360776,0,0,1.084225603553858,0.9153067254817272,SLC22A3;ABCB1;LRP1;SLC16A12;ABCC9;ATP1A2;SLC2A4;ATP1B2;SLC5A1;SLC4A4;SLC7A3;SLCO1C1;LEPR;SLC16A7;SLC29A4;ABCG2,LumB,Suppressed
GO_Biological_Process_2023,Epithelial Cell Differentiation (GO:0030855),25/132,0.4306195336354303,0.9999963078360776,0,0,1.060849304929346,0.8937977163626176,TAGLN;CITED1;KRT23;TCF21;GLI1;FSTL1;UPK1B;PCK1;ANXA1;KRT4;FZD7;AKR1C1;SPINK5;KRT13;AKR1C2;PROX1;KRT9;KRT17;KRT16;KRT15;GSTA1;KRT14;PPARG;RHCG;CES1,LumB,Suppressed
GO_Biological_Process_2023,Peptide Metabolic Process (GO:0006518),11/56,0.4318460000474561,0.9999963078360776,0,0,1.1097777777777778,0.9318651246460528,CPM;MME;CPXM2;LVRN;MGAT3;CPXM1;DMD;GGT3P;PCSK5;TRHDE;NAALADL1,LumB,Suppressed
GO_Biological_Process_2023,Epithelium Development (GO:0060429),29/154,0.4333802838123424,0.9999963078360776,0,0,1.053391401451703,0.8807823522851426,TAGLN;KRT23;TCF21;MEOX1;DLL1;UPK1B;SOX17;SOX8;CD34;KRT6A;KRT4;PTCH1;AKR1C1;SPINK5;KRT13;AKR1C2;PROX1;SOX10;KRT9;BMP2;KRT17;KRT16;ALDH1A2;KRT15;GSTA1;KRT14;PPARG;RHCG;CES1,LumB,Suppressed
GO_Biological_Process_2023,Cdc42 Protein Signal Transduction (GO:0032488),2/8,0.4383188743648631,0.9999963078360776,0,0,1.513161540592962,1.2480686667330445,RHOJ;RHOU,LumB,Suppressed
GO_Biological_Process_2023,N-acylphosphatidylethanolamine Metabolic Process (GO:0070292),2/8,0.4383188743648631,0.9999963078360776,0,0,1.513161540592962,1.2480686667330445,PLA2G4E;PLAAT5,LumB,Suppressed
GO_Biological_Process_2023,Schwann Cell Development (GO:0014044),2/8,0.4383188743648631,0.9999963078360776,0,0,1.513161540592962,1.2480686667330445,MYOC;LGI4,LumB,Suppressed
GO_Biological_Process_2023,T-helper 17 Cell Differentiation (GO:0072539),2/8,0.4383188743648631,0.9999963078360776,0,0,1.513161540592962,1.2480686667330445,SOCS3;IL6,LumB,Suppressed
GO_Biological_Process_2023,Alcohol Catabolic Process (GO:0046164),2/8,0.4383188743648631,0.9999963078360776,0,0,1.513161540592962,1.2480686667330445,AKR1D1;CYP7A1,LumB,Suppressed
GO_Biological_Process_2023,Cardioblast Differentiation (GO:0010002),2/8,0.4383188743648631,0.9999963078360776,0,0,1.513161540592962,1.2480686667330445,MYOCD;NRG1,LumB,Suppressed
GO_Biological_Process_2023,Commissural Neuron Axon Guidance (GO:0071679),2/8,0.4383188743648631,0.9999963078360776,0,0,1.513161540592962,1.2480686667330445,NFIB;NCAM1,LumB,Suppressed
GO_Biological_Process_2023,"Complement Activation, Lectin Pathway (GO:0001867)",2/8,0.4383188743648631,0.9999963078360776,0,0,1.513161540592962,1.2480686667330445,FCN2;MASP1,LumB,Suppressed
GO_Biological_Process_2023,Embryonic Placenta Development (GO:0001892),2/8,0.4383188743648631,0.9999963078360776,0,0,1.513161540592962,1.2480686667330445,ESRRB;IGF2,LumB,Suppressed
GO_Biological_Process_2023,Endothelial Cell Chemotaxis (GO:0035767),2/8,0.4383188743648631,0.9999963078360776,0,0,1.513161540592962,1.2480686667330445,NR4A1;EGR3,LumB,Suppressed
GO_Biological_Process_2023,Fat-Soluble Vitamin Catabolic Process (GO:0042363),2/8,0.4383188743648631,0.9999963078360776,0,0,1.513161540592962,1.2480686667330445,CYP26B1;CYP3A4,LumB,Suppressed
GO_Biological_Process_2023,Glucosamine-Containing Compound Catabolic Process (GO:1901072),2/8,0.4383188743648631,0.9999963078360776,0,0,1.513161540592962,1.2480686667330445,CHI3L2;CHI3L1,LumB,Suppressed
GO_Biological_Process_2023,Hyaluronan Catabolic Process (GO:0030214),2/8,0.4383188743648631,0.9999963078360776,0,0,1.513161540592962,1.2480686667330445,HYAL1;FGF2,LumB,Suppressed
GO_Biological_Process_2023,Leptin-Mediated Signaling Pathway (GO:0033210),2/8,0.4383188743648631,0.9999963078360776,0,0,1.513161540592962,1.2480686667330445,LEP;LEPR,LumB,Suppressed
GO_Biological_Process_2023,Negative Regulation Of Lipase Activity (GO:0060192),2/8,0.4383188743648631,0.9999963078360776,0,0,1.513161540592962,1.2480686667330445,RGS2;ANGPTL4,LumB,Suppressed
GO_Biological_Process_2023,Negative Regulation Of Long-Term Synaptic Potentiation (GO:1900272),2/8,0.4383188743648631,0.9999963078360776,0,0,1.513161540592962,1.2480686667330445,FAM107A;PTN,LumB,Suppressed
GO_Biological_Process_2023,Negative Regulation Of Systemic Arterial Blood Pressure (GO:0003085),2/8,0.4383188743648631,0.9999963078360776,0,0,1.513161540592962,1.2480686667330445,ADRB3;ADRB2,LumB,Suppressed
GO_Biological_Process_2023,Negative Regulation Of Triglyceride Metabolic Process (GO:0090209),2/8,0.4383188743648631,0.9999963078360776,0,0,1.513161540592962,1.2480686667330445,CIDEC;GPLD1,LumB,Suppressed
GO_Biological_Process_2023,Neuronal Action Potential (GO:0019228),2/8,0.4383188743648631,0.9999963078360776,0,0,1.513161540592962,1.2480686667330445,KCNA1;KCNA2,LumB,Suppressed
GO_Biological_Process_2023,Neuronal Ion Channel Clustering (GO:0045161),2/8,0.4383188743648631,0.9999963078360776,0,0,1.513161540592962,1.2480686667330445,MYOC;KCNIP2,LumB,Suppressed
GO_Biological_Process_2023,Neurotransmitter Reuptake (GO:0098810),2/8,0.4383188743648631,0.9999963078360776,0,0,1.513161540592962,1.2480686667330445,SLC22A3;SLC29A4,LumB,Suppressed
GO_Biological_Process_2023,Nuclear Membrane Disassembly (GO:0051081),2/8,0.4383188743648631,0.9999963078360776,0,0,1.513161540592962,1.2480686667330445,PRKCA;LPIN1,LumB,Suppressed
GO_Biological_Process_2023,p38MAPK Cascade (GO:0038066),2/8,0.4383188743648631,0.9999963078360776,0,0,1.513161540592962,1.2480686667330445,ZFP36;MAP2K6,LumB,Suppressed
GO_Biological_Process_2023,Peripheral Nervous System Axon Ensheathment (GO:0032292),2/8,0.4383188743648631,0.9999963078360776,0,0,1.513161540592962,1.2480686667330445,MYOC;LGI4,LumB,Suppressed
GO_Biological_Process_2023,Positive Regulation Of Blood Pressure (GO:0045777),2/8,0.4383188743648631,0.9999963078360776,0,0,1.513161540592962,1.2480686667330445,GLP1R;SPX,LumB,Suppressed
GO_Biological_Process_2023,Positive Regulation Of Blood Vessel Endothelial Cell Proliferation Involved In Sprouting Angiogenesis (GO:1903589),2/8,0.4383188743648631,0.9999963078360776,0,0,1.513161540592962,1.2480686667330445,PPP1R16B;FGFBP1,LumB,Suppressed
GO_Biological_Process_2023,Positive Regulation Of Dendritic Spine Morphogenesis (GO:0061003),2/8,0.4383188743648631,0.9999963078360776,0,0,1.513161540592962,1.2480686667330445,CUX2;RELN,LumB,Suppressed
GO_Biological_Process_2023,Positive Regulation Of Extracellular Matrix Assembly (GO:1901203),2/8,0.4383188743648631,0.9999963078360776,0,0,1.513161540592962,1.2480686667330445,PHLDB1;RGCC,LumB,Suppressed
GO_Biological_Process_2023,Positive Regulation Of Fatty Acid Beta-Oxidation (GO:0032000),2/8,0.4383188743648631,0.9999963078360776,0,0,1.513161540592962,1.2480686667330445,ABCD2;PPARA,LumB,Suppressed
GO_Biological_Process_2023,Positive Regulation Of Opsonization (GO:1903028),2/8,0.4383188743648631,0.9999963078360776,0,0,1.513161540592962,1.2480686667330445,FCN2;PLA2G5,LumB,Suppressed
GO_Biological_Process_2023,Presynaptic Membrane Assembly (GO:0097105),2/8,0.4383188743648631,0.9999963078360776,0,0,1.513161540592962,1.2480686667330445,NLGN1;LRP4,LumB,Suppressed
GO_Biological_Process_2023,Protein K29-linked Ubiquitination (GO:0035519),2/8,0.4383188743648631,0.9999963078360776,0,0,1.513161540592962,1.2480686667330445,PRKN;RNF186,LumB,Suppressed
GO_Biological_Process_2023,Pyrimidine-Containing Compound Catabolic Process (GO:0072529),2/8,0.4383188743648631,0.9999963078360776,0,0,1.513161540592962,1.2480686667330445,DPYS;DPYSL2,LumB,Suppressed
GO_Biological_Process_2023,Pyrimidine-Containing Compound Metabolic Process (GO:0072527),2/8,0.4383188743648631,0.9999963078360776,0,0,1.513161540592962,1.2480686667330445,SLC19A3;ENPP3,LumB,Suppressed
GO_Biological_Process_2023,Regulation Of DNA-templated Transcription Initiation (GO:2000142),2/8,0.4383188743648631,0.9999963078360776,0,0,1.513161540592962,1.2480686667330445,FOSL1;JUN,LumB,Suppressed
GO_Biological_Process_2023,"Regulation Of Wnt Signaling Pathway, Planar Cell Polarity Pathway (GO:2000095)",2/8,0.4383188743648631,0.9999963078360776,0,0,1.513161540592962,1.2480686667330445,RSPO3;PLEKHA4,LumB,Suppressed
GO_Biological_Process_2023,"Regulation Of Complement Activation, Classical Pathway (GO:0030450)",2/8,0.4383188743648631,0.9999963078360776,0,0,1.513161540592962,1.2480686667330445,CR1;SVEP1,LumB,Suppressed
GO_Biological_Process_2023,Regulation Of Fibroblast Apoptotic Process (GO:2000269),2/8,0.4383188743648631,0.9999963078360776,0,0,1.513161540592962,1.2480686667330445,SFRP1;TP63,LumB,Suppressed
GO_Biological_Process_2023,Regulation Of Gap Junction Assembly (GO:1903596),2/8,0.4383188743648631,0.9999963078360776,0,0,1.513161540592962,1.2480686667330445,ACE2;CAV1,LumB,Suppressed
GO_Biological_Process_2023,Regulation Of Lysosomal Protein Catabolic Process (GO:1905165),2/8,0.4383188743648631,0.9999963078360776,0,0,1.513161540592962,1.2480686667330445,LRP1;MGAT3,LumB,Suppressed
GO_Biological_Process_2023,Regulation Of Macrophage Migration (GO:1905521),2/8,0.4383188743648631,0.9999963078360776,0,0,1.513161540592962,1.2480686667330445,CX3CR1;P2RY12,LumB,Suppressed
GO_Biological_Process_2023,Regulation Of Mitotic Sister Chromatid Segregation (GO:0033047),2/8,0.4383188743648631,0.9999963078360776,0,0,1.513161540592962,1.2480686667330445,DUSP1;USP44,LumB,Suppressed
GO_Biological_Process_2023,Regulation Of Morphogenesis Of An Epithelium (GO:1905330),2/8,0.4383188743648631,0.9999963078360776,0,0,1.513161540592962,1.2480686667330445,MMRN2;FGF1,LumB,Suppressed
GO_Biological_Process_2023,Regulation Of Nephron Tubule Epithelial Cell Differentiation (GO:0072182),2/8,0.4383188743648631,0.9999963078360776,0,0,1.513161540592962,1.2480686667330445,LIF;PROM1,LumB,Suppressed
GO_Biological_Process_2023,Regulation Of Neutrophil Migration (GO:1902622),2/8,0.4383188743648631,0.9999963078360776,0,0,1.513161540592962,1.2480686667330445,OLFM4;JAM3,LumB,Suppressed
GO_Biological_Process_2023,Regulation Of Vesicle Fusion (GO:0031338),2/8,0.4383188743648631,0.9999963078360776,0,0,1.513161540592962,1.2480686667330445,ANXA1;DOC2B,LumB,Suppressed
GO_Biological_Process_2023,Serotonin Uptake (GO:0051610),2/8,0.4383188743648631,0.9999963078360776,0,0,1.513161540592962,1.2480686667330445,SLC22A3;SLC29A4,LumB,Suppressed
GO_Biological_Process_2023,Skeletal Myofibril Assembly (GO:0014866),2/8,0.4383188743648631,0.9999963078360776,0,0,1.513161540592962,1.2480686667330445,MYH11;PROX1,LumB,Suppressed
GO_Biological_Process_2023,Somite Development (GO:0061053),2/8,0.4383188743648631,0.9999963078360776,0,0,1.513161540592962,1.2480686667330445,PTCH1;MEOX1,LumB,Suppressed
GO_Biological_Process_2023,Sphingosine-1-Phosphate Receptor Signaling Pathway (GO:0003376),2/8,0.4383188743648631,0.9999963078360776,0,0,1.513161540592962,1.2480686667330445,SPNS2;S1PR1,LumB,Suppressed
GO_Biological_Process_2023,Triglyceride-Rich Lipoprotein Particle Remodeling (GO:0034370),2/8,0.4383188743648631,0.9999963078360776,0,0,1.513161540592962,1.2480686667330445,CETP;LCAT,LumB,Suppressed
GO_Biological_Process_2023,Unsaturated Fatty Acid Biosynthetic Process (GO:0006636),2/8,0.4383188743648631,0.9999963078360776,0,0,1.513161540592962,1.2480686667330445,FADS3;ALOX15B,LumB,Suppressed
GO_Biological_Process_2023,Acylglycerol Homeostasis (GO:0055090),5/24,0.4421141226115731,0.9999963078360776,0,0,1.194646349651166,0.9750551000614874,CETP;MLXIPL;ANGPTL8;ANGPTL4;GPIHBP1,LumB,Suppressed
GO_Biological_Process_2023,Cell Morphogenesis Involved In Differentiation (GO:0000904),5/24,0.4421141226115731,0.9999963078360776,0,0,1.194646349651166,0.9750551000614874,PKHD1;RELN;DACT2;PROX1;EPHA2,LumB,Suppressed
GO_Biological_Process_2023,Dicarboxylic Acid Transport (GO:0006835),5/24,0.4421141226115731,0.9999963078360776,0,0,1.194646349651166,0.9750551000614874,SLC26A7;FOLR2;SLC13A5;SLC1A7;FOLR1,LumB,Suppressed
GO_Biological_Process_2023,Regulation Of Muscle Cell Differentiation (GO:0051147),5/24,0.4421141226115731,0.9999963078360776,0,0,1.194646349651166,0.9750551000614874,MYOCD;LAMA2;LAMA1;TCF23;IGF2,LumB,Suppressed
GO_Biological_Process_2023,Positive Regulation Of Protein Localization To Cell Periphery (GO:1904377),10/51,0.4424226400191892,0.9999963078360776,0,0,1.1072804979646576,0.9029757908672584,LRP1;STAC;EPB41L2;STAC2;PIK3R1;SORBS1;EGFR;GNAI1;SPTBN1;EPHA2,LumB,Suppressed
GO_Biological_Process_2023,Cellular Response To Growth Factor Stimulus (GO:0071363),29/155,0.4484274881889449,0.9999963078360776,0,0,1.0449668979819733,0.838072111647857,FOXC1;NDNF;NR3C1;ZFP36L2;EGFR;TMEM100;ZFP36;CLEC3B;ACVR1C;HYAL1;HAS1;HAS2;NOS1;SOX6;EGR3;ANXA1;NTRK3;PDE2A;SMAD9;KLF4;BMP6;TGFBR2;NR4A1;SFRP1;BMP2;PDE3A;GAS1;SPRY2;TDGF1,LumB,Suppressed
GO_Biological_Process_2023,Cellular Response To Decreased Oxygen Levels (GO:0036294),14/73,0.4484635067145808,0.9999963078360776,0,0,1.0772630676222652,0.8638873830441952,ANGPT4;PTGIS;EPAS1;NDNF;PTGS2;AQP1;FABP1;SLC8A3;SFRP1;CPEB1;RGCC;PPARG;MGARP;SCN2A,LumB,Suppressed
GO_Biological_Process_2023,Dendrite Morphogenesis (GO:0048813),7/35,0.4496731038300824,0.9999963078360776,0,0,1.1349195338512763,0.907066728297575,MAP2;CHRNA7;LRP4;PTN;PAK3;EPHB1;SHANK3,LumB,Suppressed
GO_Biological_Process_2023,Regulation Of Sodium Ion Transport (GO:0002028),7/35,0.4496731038300824,0.9999963078360776,0,0,1.1349195338512763,0.907066728297575,NKAIN2;PER1;NOS1;SCN5A;DRD2;SCN3B;SCN4B,LumB,Suppressed
GO_Biological_Process_2023,Skeletal Muscle Organ Development (GO:0060538),7/35,0.4496731038300824,0.9999963078360776,0,0,1.1349195338512763,0.907066728297575,DES;MYMX;CAV1;MYF6;TCF21;DMD;MYOZ2,LumB,Suppressed
GO_Biological_Process_2023,Purine Ribonucleotide Metabolic Process (GO:0009150),16/84,0.450370578172577,0.9999963078360776,0,0,1.068215659003518,0.8520991038222496,ACSM3;ACSM1;ACSM2A;AMPD1;ACSM5;ATP1A2;GLYAT;GIMAP7;ACSM2B;PTHLH;SULT1C3;MYH3;SULT1E1;ENPP3;PDE9A;EPHA2,LumB,Suppressed
GO_Biological_Process_2023,Cell Junction Assembly (GO:0034329),18/95,0.4518421454814065,0.9999963078360776,0,0,1.0612843877525202,0.8431080859514383,NLGN1;CDH8;CDH5;CLDN5;CDH4;CDH3;ADGRF1;DNER;CDH22;CDH12;CDH13;DSG1;PKP1;TLN2;DRD2;CDH17;SHANK3;ADGRL3,LumB,Suppressed
GO_Biological_Process_2023,Cellular Component Disassembly (GO:0022411),9/46,0.4539982908850372,0.9999963078360776,0,0,1.104251391869382,0.8719851920197029,ADAMTS5;GSN;MMP7;CMA1;KLK5;MMP19;CTSG;KLK7;ELANE,LumB,Suppressed
GO_Biological_Process_2023,Regulation Of Cytokine Production Involved In Inflammatory Response (GO:1900015),9/46,0.4539982908850372,0.9999963078360776,0,0,1.104251391869382,0.8719851920197029,PER1;ABCD2;IL6;PSG4;LEP;SIRPA;APOD;IL17D;PPARA,LumB,Suppressed
GO_Biological_Process_2023,Bicarbonate Transport (GO:0015701),4/19,0.4574607861191937,0.9999963078360776,0,0,1.210535070695869,0.9467160343106784,SLC26A7;SLC4A1;SLC4A4;CFTR,LumB,Suppressed
GO_Biological_Process_2023,Cardiac Epithelial To Mesenchymal Transition (GO:0060317),4/19,0.4574607861191937,0.9999963078360776,0,0,1.210535070695869,0.9467160343106784,TGFBR3;BMP2;HAS2;SPRY1,LumB,Suppressed
GO_Biological_Process_2023,Glycogen Metabolic Process (GO:0005977),4/19,0.4574607861191937,0.9999963078360776,0,0,1.210535070695869,0.9467160343106784,GYS2;STBD1;PYGM;GYG2,LumB,Suppressed
GO_Biological_Process_2023,Inositol Phosphate-Mediated Signaling (GO:0048016),4/19,0.4574607861191937,0.9999963078360776,0,0,1.210535070695869,0.9467160343106784,EDN1;EDN3;NMUR1;LACRT,LumB,Suppressed
GO_Biological_Process_2023,Leukocyte Adhesion To Vascular Endothelial Cell (GO:0061756),4/19,0.4574607861191937,0.9999963078360776,0,0,1.210535070695869,0.9467160343106784,CX3CR1;SELP;SELE;JAM2,LumB,Suppressed
GO_Biological_Process_2023,Leukotriene Biosynthetic Process (GO:0019370),4/19,0.4574607861191937,0.9999963078360776,0,0,1.210535070695869,0.9467160343106784,PLA2G4A;PLA2G5;GGT3P;GGTA1,LumB,Suppressed
GO_Biological_Process_2023,Linoleic Acid Metabolic Process (GO:0043651),4/19,0.4574607861191937,0.9999963078360776,0,0,1.210535070695869,0.9467160343106784,GSTP1;ELOVL3;GSTA1;ALOX15B,LumB,Suppressed
GO_Biological_Process_2023,Multicellular Organismal-Level Water Homeostasis (GO:0050891),4/19,0.4574607861191937,0.9999963078360776,0,0,1.210535070695869,0.9467160343106784,AQP4;AQP2;CFTR;AQP1,LumB,Suppressed
GO_Biological_Process_2023,Negative Regulation Of Axon Extension Involved In Axon Guidance (GO:0048843),4/19,0.4574607861191937,0.9999963078360776,0,0,1.210535070695869,0.9467160343106784,SEMA5A;SEMA3D;SEMA6D;SEMA3G,LumB,Suppressed
GO_Biological_Process_2023,Negative Regulation Of Calcium Ion Transmembrane Transport (GO:1903170),4/19,0.4574607861191937,0.9999963078360776,0,0,1.210535070695869,0.9467160343106784,PLN;BIN1;ATP1A2;NOS1,LumB,Suppressed
GO_Biological_Process_2023,Receptor Clustering (GO:0043113),4/19,0.4574607861191937,0.9999963078360776,0,0,1.210535070695869,0.9467160343106784,PIGR;NLGN1;LRP4;PTN,LumB,Suppressed
GO_Biological_Process_2023,Regulation Of Acute Inflammatory Response (GO:0002673),4/19,0.4574607861191937,0.9999963078360776,0,0,1.210535070695869,0.9467160343106784,IL6;GSTP1;C2CD4B;DNASE1L3,LumB,Suppressed
GO_Biological_Process_2023,Regulation Of Fibroblast Growth Factor Receptor Signaling Pathway (GO:0040036),4/19,0.4574607861191937,0.9999963078360776,0,0,1.210535070695869,0.9467160343106784,NOG;SPRY2;SPRY1;FGF2,LumB,Suppressed
GO_Biological_Process_2023,Regulation Of Megakaryocyte Differentiation (GO:0045652),4/19,0.4574607861191937,0.9999963078360776,0,0,1.210535070695869,0.9467160343106784,TESC;RAB7B;MTURN;PF4,LumB,Suppressed
GO_Biological_Process_2023,Regulation Of Neuroinflammatory Response (GO:0150077),4/19,0.4574607861191937,0.9999963078360776,0,0,1.210535070695869,0.9467160343106784,IL33;IL6;IGF1;PTGS2,LumB,Suppressed
GO_Biological_Process_2023,Regulation Of Smooth Muscle Cell Migration (GO:0014910),4/19,0.4574607861191937,0.9999963078360776,0,0,1.210535070695869,0.9467160343106784,LRP1;PDGFA;IGF1;SLIT2,LumB,Suppressed
GO_Biological_Process_2023,Regulation Of Tissue Remodeling (GO:0034103),4/19,0.4574607861191937,0.9999963078360776,0,0,1.210535070695869,0.9467160343106784,HAND2;LEP;LEPR;DDR2,LumB,Suppressed
GO_Biological_Process_2023,Embryonic Skeletal System Morphogenesis (GO:0048704),6/30,0.4637314941725571,0.9999963078360776,0,0,1.134882108183079,0.872099668721618,PDGFRA;HOXA9;NOG;HOXA3;HOXA4;TGFBR2,LumB,Suppressed
GO_Biological_Process_2023,Negative Regulation Of Axon Extension (GO:0030517),6/30,0.4637314941725571,0.9999963078360776,0,0,1.134882108183079,0.872099668721618,SEMA5A;SEMA3D;MAP2;SEMA3A;SEMA6D;SEMA3G,LumB,Suppressed
GO_Biological_Process_2023,Negative Regulation Of Blood Coagulation (GO:0030195),6/30,0.4637314941725571,0.9999963078360776,0,0,1.134882108183079,0.872099668721618,PDGFRA;EDN1;C1QTNF1;SERPINF2;PDGFA;TFPI,LumB,Suppressed
GO_Biological_Process_2023,Negative Regulation Of Interleukin-1 Production (GO:0032692),6/30,0.4637314941725571,0.9999963078360776,0,0,1.134882108183079,0.872099668721618,CX3CR1;GSTP1;FFAR4;CARD18;IGF1;CX3CL1,LumB,Suppressed
GO_Biological_Process_2023,Positive Regulation Of Cell Communication (GO:0010647),6/30,0.4637314941725571,0.9999963078360776,0,0,1.134882108183079,0.872099668721618,EDN1;NMB;TNXB;RIMS3;EDN3;WLS,LumB,Suppressed
GO_Biological_Process_2023,Positive Regulation Of Lipid Kinase Activity (GO:0090218),6/30,0.4637314941725571,0.9999963078360776,0,0,1.134882108183079,0.872099668721618,P2RY12;PDGFRA;CCL21;KIT;TEK;FGF2,LumB,Suppressed
GO_Biological_Process_2023,Positive Regulation Of Locomotion (GO:0040017),6/30,0.4637314941725571,0.9999963078360776,0,0,1.134882108183079,0.872099668721618,P2RY12;CAVIN1;CCL21;RARRES2;DUOXA2;DUOX2,LumB,Suppressed
GO_Biological_Process_2023,Positive Regulation Of Ossification (GO:0045778),8/41,0.4668175115995978,0.9999963078360776,0,0,1.100497060530366,0.8383772207439858,KL;BMP2;PKDCC;ZBTB16;FZD9;PTN;GPM6B;BMP6,LumB,Suppressed
GO_Biological_Process_2023,Positive Regulation Of Cell Differentiation (GO:0045597),52/283,0.4685191722565986,0.9999963078360776,0,0,1.0220001970493682,0.7748583265210626,CSF3;MEDAG;TMEM100;ZFP36;BOC;FFAR4;DPF3;CD36;SOX6;CD34;HOXA5;TP63;SERPINB3;EDN3;TCF15;MMD;SERPINF2;NGF;ADRA2B;TGFBR2;SFRP1;GPRC5B;PPARG;DDR2;CRB2;FOXC1;TNXB;PKDCC;LAMA2;LAMA1;PLA2G5;PTN;GDPD5;SULT1E1;SMYD1;ALX1;APOB;RARRES2;ZBTB16;PLA2G2A;IGF1;ALOX15B;GDF5;BMP6;BMP2;IL6;RGCC;VWC2;MYF6;ASB4;FERMT2;PF4,LumB,Suppressed
GO_Biological_Process_2023,Arachidonic Acid Metabolic Process (GO:0019369),10/52,0.4685856439682466,0.9999963078360776,0,0,1.0808505573848537,0.8193240539818922,PTGIS;CYP1A2;AKR1C3;CYP1A1;PLA2G4A;PTGDS;PTGS2;CYP2C18;ALOX15B;MGLL,LumB,Suppressed
GO_Biological_Process_2023,Positive Regulation Of Canonical Wnt Signaling Pathway (GO:0090263),16/85,0.4707931263624044,0.9999963078360776,0,0,1.052669770816956,0.793014564605845,SEMA5A;KANK1;CAV1;FZD9;PLEKHA4;EGFR;SCEL;GPRC5B;SFRP1;ZEB2;CDH3;DAAM2;GPC3;RSPO1;LGR6;WLS,LumB,Suppressed
GO_Biological_Process_2023,Regulation Of Osteoblast Differentiation (GO:0045667),16/85,0.4707931263624044,0.9999963078360776,0,0,1.052669770816956,0.793014564605845,GDF10;CITED1;PTCH1;NOG;TWIST2;CRIM1;IGF1;BMP6;IL6;TNN;SMOC1;FFAR4;PPARG;TP63;FERMT2;DDR2,LumB,Suppressed
GO_Biological_Process_2023,Negative Regulation Of Wnt Signaling Pathway (GO:0030178),26/140,0.4711649800625678,0.9999963078360776,0,0,1.0353813403802392,0.779173090659986,CCL14;PRKN;CITED1;LRP1;LRP4;APCDD1;GLI1;WNT11;SOX17;TMEM88;WIF1;SOSTDC1;IGFBP6;CER1;IGFBP1;TLE4;CAV1;NOG;HIC1;DKK4;SFRP1;BMP2;SFRP5;TRABD2B;TRABD2A;RBMS3,LumB,Suppressed
GO_Biological_Process_2023,Aorta Development (GO:0035904),3/14,0.4766140854831164,0.9999963078360776,0,0,1.238006450312437,0.9174224028845288,LRP1;PDE2A;TGFBR2,LumB,Suppressed
GO_Biological_Process_2023,Calcium Ion-Regulated Exocytosis Of Neurotransmitter (GO:0048791),3/14,0.4766140854831164,0.9999963078360776,0,0,1.238006450312437,0.9174224028845288,UNC13C;RIMS3;SYT8,LumB,Suppressed
GO_Biological_Process_2023,Ceramide Transport (GO:0035627),3/14,0.4766140854831164,0.9999963078360776,0,0,1.238006450312437,0.9174224028845288,ABCB1;ABCA13;PLTP,LumB,Suppressed
GO_Biological_Process_2023,Endoderm Development (GO:0007492),3/14,0.4766140854831164,0.9999963078360776,0,0,1.238006450312437,0.9174224028845288,SOX17;DUSP1;SOX7,LumB,Suppressed
GO_Biological_Process_2023,Medium-Chain Fatty Acid Metabolic Process (GO:0051791),3/14,0.4766140854831164,0.9999963078360776,0,0,1.238006450312437,0.9174224028845288,OLAH;GLYATL2;CES1,LumB,Suppressed
GO_Biological_Process_2023,Monosaccharide Transmembrane Transport (GO:0015749),3/14,0.4766140854831164,0.9999963078360776,0,0,1.238006450312437,0.9174224028845288,SLC5A9;SLC2A12;SLC5A1,LumB,Suppressed
GO_Biological_Process_2023,Negative Regulation Of Blood Pressure (GO:0045776),3/14,0.4766140854831164,0.9999963078360776,0,0,1.238006450312437,0.9174224028845288,FFAR3;NOS1;DRD2,LumB,Suppressed
GO_Biological_Process_2023,Negative Regulation Of Chondrocyte Differentiation (GO:0032331),3/14,0.4766140854831164,0.9999963078360776,0,0,1.238006450312437,0.9174224028845288,EFEMP1;GDF5;PTHLH,LumB,Suppressed
GO_Biological_Process_2023,Negative Regulation Of Receptor Signaling Pathway Via STAT (GO:1904893),3/14,0.4766140854831164,0.9999963078360776,0,0,1.238006450312437,0.9174224028845288,SOCS3;CAV1;PPARG,LumB,Suppressed
GO_Biological_Process_2023,Phagolysosome Assembly (GO:0001845),3/14,0.4766140854831164,0.9999963078360776,0,0,1.238006450312437,0.9174224028845288,SRPX;PLA2G5;RAB7B,LumB,Suppressed
GO_Biological_Process_2023,Positive Regulation Of Endothelial Cell Chemotaxis (GO:2001028),3/14,0.4766140854831164,0.9999963078360776,0,0,1.238006450312437,0.9174224028845288,SEMA5A;FGF2;MET,LumB,Suppressed
GO_Biological_Process_2023,Positive Regulation Of Glycogen Metabolic Process (GO:0070875),3/14,0.4766140854831164,0.9999963078360776,0,0,1.238006450312437,0.9174224028845288,IGF2;IGF1;SORBS1,LumB,Suppressed
GO_Biological_Process_2023,Positive Regulation Of Long-Term Synaptic Potentiation (GO:1900273),3/14,0.4766140854831164,0.9999963078360776,0,0,1.238006450312437,0.9174224028845288,RELN;CHRNA7;SHANK3,LumB,Suppressed
GO_Biological_Process_2023,Positive Regulation Of Lyase Activity (GO:0051349),3/14,0.4766140854831164,0.9999963078360776,0,0,1.238006450312437,0.9174224028845288,FTMT;NOS1;DRD5,LumB,Suppressed
GO_Biological_Process_2023,Positive Regulation Of Response To Cytokine Stimulus (GO:0060760),3/14,0.4766140854831164,0.9999963078360776,0,0,1.238006450312437,0.9174224028845288,TSLP;LRRC70;AGPAT2,LumB,Suppressed
GO_Biological_Process_2023,Positive Regulation Of Transporter Activity (GO:0032411),3/14,0.4766140854831164,0.9999963078360776,0,0,1.238006450312437,0.9174224028845288,SGK1;PPARGC1A;SGK2,LumB,Suppressed
GO_Biological_Process_2023,Primary Alcohol Metabolic Process (GO:0034308),3/14,0.4766140854831164,0.9999963078360776,0,0,1.238006450312437,0.9174224028845288,TKTL1;CYP11A1;IGF1,LumB,Suppressed
GO_Biological_Process_2023,Regulation Of ATP Biosynthetic Process (GO:2001169),3/14,0.4766140854831164,0.9999963078360776,0,0,1.238006450312437,0.9174224028845288,PID1;PPARA;PPARGC1A,LumB,Suppressed
GO_Biological_Process_2023,Regulation Of Exit From Mitosis (GO:0007096),3/14,0.4766140854831164,0.9999963078360776,0,0,1.238006450312437,0.9174224028845288,NPM2;RGCC;CDC14B,LumB,Suppressed
GO_Biological_Process_2023,Regulation Of Microglial Cell Activation (GO:1903978),3/14,0.4766140854831164,0.9999963078360776,0,0,1.238006450312437,0.9174224028845288,IL6;TAFA3;CX3CL1,LumB,Suppressed
GO_Biological_Process_2023,Renal Water Homeostasis (GO:0003091),3/14,0.4766140854831164,0.9999963078360776,0,0,1.238006450312437,0.9174224028845288,AQP4;AQP2;AQP1,LumB,Suppressed
GO_Biological_Process_2023,Response To Muscle Stretch (GO:0035994),3/14,0.4766140854831164,0.9999963078360776,0,0,1.238006450312437,0.9174224028845288,GSN;CAV3;DMD,LumB,Suppressed
GO_Biological_Process_2023,Smooth Muscle Contraction (GO:0006939),3/14,0.4766140854831164,0.9999963078360776,0,0,1.238006450312437,0.9174224028845288,MYH11;NMUR1;MYLK,LumB,Suppressed
GO_Biological_Process_2023,Intracellular Monoatomic Cation Homeostasis (GO:0030003),35/190,0.4773226431596199,0.9999963078360776,0,0,1.0250956195424694,0.7581223980346259,CCL14;CCL13;ALAS2;CHRNA7;ATP1A2;HTR2A;PTH1R;PKHD1;CDH5;PLN;FTMT;ELANE;KCNJ2;DRD5;PRNP;EDN1;CCL23;SCARA5;EDN3;CAV1;ANK2;ATP1B2;SLC39A12;F3;BMP6;TRDN;SLC8A3;ATP4A;CXCL12;FXYD2;CASQ2;RGN;ATP13A4;ATP13A5;CLDN16,LumB,Suppressed
GO_Biological_Process_2023,Activation Of Protein Kinase B Activity (GO:0032148),5/25,0.4801403106544422,0.9999963078360776,0,0,1.134844703272324,0.8326093483406408,NTRK3;NRG1;IGF1;FGF1;ADRA2B,LumB,Suppressed
GO_Biological_Process_2023,Bile Acid Biosynthetic Process (GO:0006699),5/25,0.4801403106544422,0.9999963078360776,0,0,1.134844703272324,0.8326093483406408,CYP39A1;AKR1D1;CYP7B1;CYP7A1;CYP8B1,LumB,Suppressed
GO_Biological_Process_2023,Lamellipodium Assembly (GO:0030032),5/25,0.4801403106544422,0.9999963078360776,0,0,1.134844703272324,0.8326093483406408,P2RY12;KIT;S1PR1;ARHGEF4;CDH13,LumB,Suppressed
GO_Biological_Process_2023,Long-Chain Fatty Acid Biosynthetic Process (GO:0042759),5/25,0.4801403106544422,0.9999963078360776,0,0,1.134844703272324,0.8326093483406408,GSTP1;CYP1A2;CYP1A1;CYP3A4;ALOX15B,LumB,Suppressed
GO_Biological_Process_2023,Negative Regulation Of Lipid Biosynthetic Process (GO:0051055),5/25,0.4801403106544422,0.9999963078360776,0,0,1.134844703272324,0.8326093483406408,BMP2;ACADL;ASXL3;AKR1C3;BMP5,LumB,Suppressed
GO_Biological_Process_2023,Negative Regulation Of Smoothened Signaling Pathway (GO:0045879),5/25,0.4801403106544422,0.9999963078360776,0,0,1.134844703272324,0.8326093483406408,HHIP;PTCH1;PTCH2;GPC3;GLI1,LumB,Suppressed
GO_Biological_Process_2023,Proteoglycan Metabolic Process (GO:0006029),5/25,0.4801403106544422,0.9999963078360776,0,0,1.134844703272324,0.8326093483406408,CHST9;IGF1;CNMD;GAL3ST3;HS3ST4,LumB,Suppressed
GO_Biological_Process_2023,Regulation Of Keratinocyte Proliferation (GO:0010837),5/25,0.4801403106544422,0.9999963078360776,0,0,1.134844703272324,0.8326093483406408,TGM1;FGF7;ZFP36;CDH3;KLF9,LumB,Suppressed
GO_Biological_Process_2023,Regulation Of Monocyte Chemotaxis (GO:0090025),5/25,0.4801403106544422,0.9999963078360776,0,0,1.134844703272324,0.8326093483406408,CXCL12;DUSP1;DEFB124;CCN3;SLIT2,LumB,Suppressed
GO_Biological_Process_2023,Sterol Transport (GO:0015918),5/25,0.4801403106544422,0.9999963078360776,0,0,1.134844703272324,0.8326093483406408,CETP;CAV1;LCAT;CD36;APOB,LumB,Suppressed
GO_Biological_Process_2023,Positive Regulation Of MAP Kinase Activity (GO:0043406),17/91,0.4808053832595939,0.9999963078360776,0,0,1.042860473160974,0.7636791109473527,TENM1;EDN1;EDN3;IL34;NTRK3;PDGFA;TGFA;FGF1;FGF2;EGFR;GHR;PDGFD;KIT;TNFSF11;S100A12;TDGF1;ELANE,LumB,Suppressed
GO_Biological_Process_2023,Positive Regulation Of Signaling Receptor Activity (GO:2000273),7/36,0.4812297310386565,0.9999963078360776,0,0,1.0957174021202496,0.8014192256421521,EDN1;RELN;TGFA;ADRB2;ADRA2B;SHANK3;HBEGF,LumB,Suppressed
GO_Biological_Process_2023,Regulation Of Endopeptidase Activity (GO:0052548),13/69,0.4813870826877525,0.9999963078360776,0,0,1.053804693083459,0.7704193148040275,SERPINB3;CRB2;SERPINB4;SERPINB12;SERPINB13;SERPIND1;SERPINF2;NRG1;VSIR;SERPINB5;SPOCK3;FETUB;TIMP4,LumB,Suppressed
GO_Biological_Process_2023,Regulation Of Monoatomic Ion Transmembrane Transporter Activity (GO:0032412),13/69,0.4813870826877525,0.9999963078360776,0,0,1.053804693083459,0.7704193148040275,CHRM3;NLGN1;CAV3;FHL1;ANK2;CRHBP;RELN;FXYD2;FXYD1;FXYD6;SCN3B;SCN4B;SCN2B,LumB,Suppressed
GO_Biological_Process_2023,Inorganic Anion Transport (GO:0015698),11/58,0.4815564714359233,0.9999963078360776,0,0,1.0624231678486995,0.776346364378265,CLIC5;SLC34A2;CLCN4;TTYH1;FXYD1;SLC26A7;SLC4A1;SLC17A7;NMUR1;ENPP3;ANO4,LumB,Suppressed
GO_Biological_Process_2023,Bicellular Tight Junction Assembly (GO:0070830),9/47,0.4815579773651189,0.9999963078360776,0,0,1.0751263917706535,0.7856256515657808,CLDN11;CDH5;CLDN10;CLDN5;CLDN8;CLDN19;PECAM1;CLDN16;CLDN2,LumB,Suppressed
GO_Biological_Process_2023,Insulin Receptor Signaling Pathway (GO:0008286),9/47,0.4815579773651189,0.9999963078360776,0,0,1.0751263917706535,0.7856256515657808,FOXC2;CAV2;RARRES2;PDK4;IGF2;PIK3R1;SORBS1;FOXO1;GPLD1,LumB,Suppressed
GO_Biological_Process_2023,Cellular Response To Organic Cyclic Compound (GO:0071407),28/152,0.4863432471600115,0.9999963078360776,0,0,1.0250465909807065,0.7388952350307757,KCNE1;AKAP6;ATP1A2;NR3C1;TFPI;RYR3;EGFR;GNAI1;AQP1;CRHBP;GNG2;DRD5;P2RY12;EGR1;PDE2A;NR1H4;GPBAR1;SSTR1;SFRP1;NR4A3;CYP1A1;PDE3A;ADTRP;MGARP;SLC26A3;FOLR1;CFTR;RAPGEF3,LumB,Suppressed
GO_Biological_Process_2023,Defense Response To Gram-negative Bacterium (GO:0050829),14/75,0.492128399135567,0.9999963078360776,0,0,1.0418153561483383,0.7386633634621038,FCN2;RARRES2;DEFB1;RNASE3;DEFB132;AQP1;SELP;LCE3A;IL6;NLRP10;RNASE7;CTSG;BPI;ELANE,LumB,Suppressed
GO_Biological_Process_2023,Lipid Modification (GO:0030258),8/42,0.4959810185103279,0.9999963078360776,0,0,1.0680641948702878,0.7489454350004795,PLPPR1;DGKB;CYP1A1;CYP3A4;PLPP3;ALOX15B;DGKI;PLPP1,LumB,Suppressed
GO_Biological_Process_2023,Organic Hydroxy Compound Biosynthetic Process (GO:1901617),8/42,0.4959810185103279,0.9999963078360776,0,0,1.0680641948702878,0.7489454350004795,CYP39A1;CH25H;AKR1D1;AKR1C3;CYP7B1;CYP7A1;ALOX15B;CYP8B1,LumB,Suppressed
GO_Biological_Process_2023,Bile Acid Metabolic Process (GO:0008206),6/31,0.4977584129473228,0.9999963078360776,0,0,1.0894202496532597,0.7600236160240389,CYP39A1;AKR1C1;AKR1D1;CYP7B1;CYP7A1;CYP8B1,LumB,Suppressed
GO_Biological_Process_2023,Cardiac Muscle Tissue Morphogenesis (GO:0055008),6/31,0.4977584129473228,0.9999963078360776,0,0,1.0894202496532597,0.7600236160240389,TGFBR3;BMP2;MYL2;NOG;S1PR1;PROX1,LumB,Suppressed
GO_Biological_Process_2023,Leukocyte Cell-Cell Adhesion (GO:0007159),6/31,0.4977584129473228,0.9999963078360776,0,0,1.0894202496532597,0.7600236160240389,SELP;CLEC4M;CD209;PECAM1;SELE;JAM2,LumB,Suppressed
GO_Biological_Process_2023,Organic Cation Transport (GO:0015695),6/31,0.4977584129473228,0.9999963078360776,0,0,1.0894202496532597,0.7600236160240389,SLC47A2;SLC22A3;SLC35F3;SLC19A3;SLC29A4;SLC6A2,LumB,Suppressed
GO_Biological_Process_2023,Positive Regulation Of Glucose Transmembrane Transport (GO:0010828),6/31,0.4977584129473228,0.9999963078360776,0,0,1.0894202496532597,0.7600236160240389,C3;NR4A3;ITLN1;PIK3R1;IGF1;SORBS1,LumB,Suppressed
GO_Biological_Process_2023,Regulation Of Macrophage Activation (GO:0043030),6/31,0.4977584129473228,0.9999963078360776,0,0,1.0894202496532597,0.7600236160240389,CEBPA;IL33;IL6;LRFN5;BPI;CD200,LumB,Suppressed
GO_Biological_Process_2023,Response To Estradiol (GO:0032355),6/31,0.4977584129473228,0.9999963078360776,0,0,1.0894202496532597,0.7600236160240389,SOCS2;CRHBP;SFRP1;CSN1S1;SSTR1;EGFR,LumB,Suppressed
GO_Biological_Process_2023,Anterior/Posterior Axis Specification (GO:0009948),4/20,0.5000497255552926,0.9999963078360776,0,0,1.1348073191017467,0.7864756414775282,CDX2;TDGF1;CER1;WLS,LumB,Suppressed
GO_Biological_Process_2023,Calcium-Mediated Signaling Using Intracellular Calcium Source (GO:0035584),4/20,0.5000497255552926,0.9999963078360776,0,0,1.1348073191017467,0.7864756414775282,SELP;PRNP;PTGFR;DEFB1,LumB,Suppressed
GO_Biological_Process_2023,Cellular Response To Estradiol Stimulus (GO:0071392),4/20,0.5000497255552926,0.9999963078360776,0,0,1.1348073191017467,0.7864756414775282,CRHBP;SFRP1;SSTR1;EGFR,LumB,Suppressed
GO_Biological_Process_2023,Intracellular Monoatomic Ion Homeostasis (GO:0006873),4/20,0.5000497255552926,0.9999963078360776,0,0,1.1348073191017467,0.7864756414775282,SLC4A1;SLC39A12;CLDN16;RHCG,LumB,Suppressed
GO_Biological_Process_2023,Limb Morphogenesis (GO:0035108),4/20,0.5000497255552926,0.9999963078360776,0,0,1.1348073191017467,0.7864756414775282,CYP26B1;MYH3;PTCH1;PCSK5,LumB,Suppressed
GO_Biological_Process_2023,Positive Regulation Of Epithelial Cell Differentiation (GO:0030858),4/20,0.5000497255552926,0.9999963078360776,0,0,1.1348073191017467,0.7864756414775282,TMEM100;IL13;ATOH8;FGF2,LumB,Suppressed
GO_Biological_Process_2023,Positive Regulation Of Phospholipase Activity (GO:0010518),4/20,0.5000497255552926,0.9999963078360776,0,0,1.1348073191017467,0.7864756414775282,PDGFRA;KIT;PLA2G5;FGF2,LumB,Suppressed
GO_Biological_Process_2023,Positive Regulation Of Protein Processing (GO:0010954),4/20,0.5000497255552926,0.9999963078360776,0,0,1.1348073191017467,0.7864756414775282,CCBE1;CLEC3B;GSN;ANGPTL8,LumB,Suppressed
GO_Biological_Process_2023,Regulation Of Cardiac Muscle Cell Proliferation (GO:0060043),4/20,0.5000497255552926,0.9999963078360776,0,0,1.1348073191017467,0.7864756414775282,TGFBR3;NOG;GLI1;FGF2,LumB,Suppressed
GO_Biological_Process_2023,Regulation Of Necroptotic Process (GO:0060544),4/20,0.5000497255552926,0.9999963078360776,0,0,1.1348073191017467,0.7864756414775282,PRKN;FZD9;PELI1;YBX3,LumB,Suppressed
GO_Biological_Process_2023,IMP Metabolic Process (GO:0046040),2/9,0.503040094680692,0.9999963078360776,0,0,1.2969164390610777,0.8910923515495286,NT5C1A;AMPD1,LumB,Suppressed
GO_Biological_Process_2023,SNARE Complex Assembly (GO:0035493),2/9,0.503040094680692,0.9999963078360776,0,0,1.2969164390610777,0.8910923515495286,STXBP6;SNCA,LumB,Suppressed
GO_Biological_Process_2023,Aminoglycan Metabolic Process (GO:0006022),2/9,0.503040094680692,0.9999963078360776,0,0,1.2969164390610777,0.8910923515495286,CHST9;GAL3ST3,LumB,Suppressed
GO_Biological_Process_2023,Apical Protein Localization (GO:0045176),2/9,0.503040094680692,0.9999963078360776,0,0,1.2969164390610777,0.8910923515495286,INSC;JAM3,LumB,Suppressed
GO_Biological_Process_2023,cGMP Biosynthetic Process (GO:0006182),2/9,0.503040094680692,0.9999963078360776,0,0,1.2969164390610777,0.8910923515495286,NPR1;NPR2,LumB,Suppressed
GO_Biological_Process_2023,Cell Differentiation Involved In Metanephros Development (GO:0072202),2/9,0.503040094680692,0.9999963078360776,0,0,1.2969164390610777,0.8910923515495286,TCF21;POU3F3,LumB,Suppressed
GO_Biological_Process_2023,Cellular Response To Purine-Containing Compound (GO:0071415),2/9,0.503040094680692,0.9999963078360776,0,0,1.2969164390610777,0.8910923515495286,CASQ2;RYR3,LumB,Suppressed
GO_Biological_Process_2023,Dopamine Transport (GO:0015872),2/9,0.503040094680692,0.9999963078360776,0,0,1.2969164390610777,0.8910923515495286,SLC22A3;SLC29A4,LumB,Suppressed
GO_Biological_Process_2023,Embryonic Eye Morphogenesis (GO:0048048),2/9,0.503040094680692,0.9999963078360776,0,0,1.2969164390610777,0.8910923515495286,MFAP5;EFEMP1,LumB,Suppressed
GO_Biological_Process_2023,Excitatory Synapse Assembly (GO:1904861),2/9,0.503040094680692,0.9999963078360776,0,0,1.2969164390610777,0.8910923515495286,NLGN1;SHANK3,LumB,Suppressed
GO_Biological_Process_2023,Glucan Biosynthetic Process (GO:0009250),2/9,0.503040094680692,0.9999963078360776,0,0,1.2969164390610777,0.8910923515495286,GYS2;GYG2,LumB,Suppressed
GO_Biological_Process_2023,Glycerolipid Metabolic Process (GO:0046486),2/9,0.503040094680692,0.9999963078360776,0,0,1.2969164390610777,0.8910923515495286,GAL3ST1;DGKB,LumB,Suppressed
GO_Biological_Process_2023,Glycogen Biosynthetic Process (GO:0005978),2/9,0.503040094680692,0.9999963078360776,0,0,1.2969164390610777,0.8910923515495286,GYS2;GYG2,LumB,Suppressed
GO_Biological_Process_2023,Granulocyte Migration (GO:0097530),2/9,0.503040094680692,0.9999963078360776,0,0,1.2969164390610777,0.8910923515495286,ANXA1;JAM3,LumB,Suppressed
GO_Biological_Process_2023,Hematopoietic Stem Cell Differentiation (GO:0060218),2/9,0.503040094680692,0.9999963078360776,0,0,1.2969164390610777,0.8910923515495286,SFRP1;MEOX1,LumB,Suppressed
GO_Biological_Process_2023,Hormone Transport (GO:0009914),2/9,0.503040094680692,0.9999963078360776,0,0,1.2969164390610777,0.8910923515495286,SLCO1C1;FFAR4,LumB,Suppressed
GO_Biological_Process_2023,Intestinal Cholesterol Absorption (GO:0030299),2/9,0.503040094680692,0.9999963078360776,0,0,1.2969164390610777,0.8910923515495286,AKR1C1;CD36,LumB,Suppressed
GO_Biological_Process_2023,Iron Ion Transmembrane Transport (GO:0034755),2/9,0.503040094680692,0.9999963078360776,0,0,1.2969164390610777,0.8910923515495286,SLC25A37;SCARA5,LumB,Suppressed
GO_Biological_Process_2023,Leukotriene D4 Biosynthetic Process (GO:1901750),2/9,0.503040094680692,0.9999963078360776,0,0,1.2969164390610777,0.8910923515495286,GGT3P;GGTA1,LumB,Suppressed
GO_Biological_Process_2023,Lipid Import Into Cell (GO:0140354),2/9,0.503040094680692,0.9999963078360776,0,0,1.2969164390610777,0.8910923515495286,SPX;CD36,LumB,Suppressed
GO_Biological_Process_2023,Lipid Phosphorylation (GO:0046834),2/9,0.503040094680692,0.9999963078360776,0,0,1.2969164390610777,0.8910923515495286,DGKB;DGKI,LumB,Suppressed
GO_Biological_Process_2023,Long-Chain Fatty Acid Import Into Cell (GO:0044539),2/9,0.503040094680692,0.9999963078360776,0,0,1.2969164390610777,0.8910923515495286,SPX;CD36,LumB,Suppressed
GO_Biological_Process_2023,Mesenchymal To Epithelial Transition (GO:0060231),2/9,0.503040094680692,0.9999963078360776,0,0,1.2969164390610777,0.8910923515495286,CITED1;FZD7,LumB,Suppressed
GO_Biological_Process_2023,Motor Neuron Axon Guidance (GO:0008045),2/9,0.503040094680692,0.9999963078360776,0,0,1.2969164390610777,0.8910923515495286,SEMA3A;SLIT2,LumB,Suppressed
GO_Biological_Process_2023,Muscle Cell Fate Commitment (GO:0042693),2/9,0.503040094680692,0.9999963078360776,0,0,1.2969164390610777,0.8910923515495286,MYL2;MYF6,LumB,Suppressed
GO_Biological_Process_2023,Negative Regulation Of Cell-Cell Adhesion Mediated By Cadherin (GO:2000048),2/9,0.503040094680692,0.9999963078360776,0,0,1.2969164390610777,0.8910923515495286,RGCC;NOTCH4,LumB,Suppressed
GO_Biological_Process_2023,Negative Regulation Of Delayed Rectifier Potassium Channel Activity (GO:1902260),2/9,0.503040094680692,0.9999963078360776,0,0,1.2969164390610777,0.8910923515495286,KCNE1;KCNAB1,LumB,Suppressed
GO_Biological_Process_2023,Negative Regulation Of Humoral Immune Response Mediated By Circulating Immunoglobulin (GO:0002924),2/9,0.503040094680692,0.9999963078360776,0,0,1.2969164390610777,0.8910923515495286,CR1;SVEP1,LumB,Suppressed
GO_Biological_Process_2023,Negative Regulation Of Lipid Localization (GO:1905953),2/9,0.503040094680692,0.9999963078360776,0,0,1.2969164390610777,0.8910923515495286,IL6;PPARG,LumB,Suppressed
GO_Biological_Process_2023,Negative Regulation Of Muscle Cell Apoptotic Process (GO:0010656),2/9,0.503040094680692,0.9999963078360776,0,0,1.2969164390610777,0.8910923515495286,IGF1;GRIA4,LumB,Suppressed
GO_Biological_Process_2023,Negative Regulation Of Protein Localization To Cell Surface (GO:2000009),2/9,0.503040094680692,0.9999963078360776,0,0,1.2969164390610777,0.8910923515495286,CAV3;GPM6B,LumB,Suppressed
GO_Biological_Process_2023,Negative Regulation Of Protein Maturation (GO:1903318),2/9,0.503040094680692,0.9999963078360776,0,0,1.2969164390610777,0.8910923515495286,PRNP;GAS1,LumB,Suppressed
GO_Biological_Process_2023,Negative Regulation Of Receptor Binding (GO:1900121),2/9,0.503040094680692,0.9999963078360776,0,0,1.2969164390610777,0.8910923515495286,ADIPOQ;NOG,LumB,Suppressed
GO_Biological_Process_2023,Nerve Growth Factor Signaling Pathway (GO:0038180),2/9,0.503040094680692,0.9999963078360776,0,0,1.2969164390610777,0.8910923515495286,NTF4;NGF,LumB,Suppressed
GO_Biological_Process_2023,Neuron Projection Regeneration (GO:0031102),2/9,0.503040094680692,0.9999963078360776,0,0,1.2969164390610777,0.8910923515495286,PTN;FOLR1,LumB,Suppressed
GO_Biological_Process_2023,Neuron Remodeling (GO:0016322),2/9,0.503040094680692,0.9999963078360776,0,0,1.2969164390610777,0.8910923515495286,C3;CX3CL1,LumB,Suppressed
GO_Biological_Process_2023,Phosphatidylcholine Catabolic Process (GO:0034638),2/9,0.503040094680692,0.9999963078360776,0,0,1.2969164390610777,0.8910923515495286,PLA2G4A;PLA2G5,LumB,Suppressed
GO_Biological_Process_2023,Positive Regulation Of Mesenchymal Cell Proliferation (GO:0002053),2/9,0.503040094680692,0.9999963078360776,0,0,1.2969164390610777,0.8910923515495286,PDGFA;TGFBR2,LumB,Suppressed
GO_Biological_Process_2023,Positive Regulation Of miRNA-mediated Gene Silencing (GO:2000637),2/9,0.503040094680692,0.9999963078360776,0,0,1.2969164390610777,0.8910923515495286,ZFP36;WTIP,LumB,Suppressed
GO_Biological_Process_2023,Positive Regulation Of Myoblast Fusion (GO:1901741),2/9,0.503040094680692,0.9999963078360776,0,0,1.2969164390610777,0.8910923515495286,EHD2;SCGB3A1,LumB,Suppressed
GO_Biological_Process_2023,Positive Regulation Of Platelet Activation (GO:0010572),2/9,0.503040094680692,0.9999963078360776,0,0,1.2969164390610777,0.8910923515495286,SELP;PLA2G4A,LumB,Suppressed
GO_Biological_Process_2023,Positive Regulation Of Protein Kinase A Signaling (GO:0010739),2/9,0.503040094680692,0.9999963078360776,0,0,1.2969164390610777,0.8910923515495286,ADIPOQ;ADRB2,LumB,Suppressed
GO_Biological_Process_2023,Positive Regulation Of Skeletal Muscle Tissue Development (GO:0048643),2/9,0.503040094680692,0.9999963078360776,0,0,1.2969164390610777,0.8910923515495286,MYF6;DLL1,LumB,Suppressed
GO_Biological_Process_2023,Positive Regulation Of Vasculogenesis (GO:2001214),2/9,0.503040094680692,0.9999963078360776,0,0,1.2969164390610777,0.8910923515495286,TMEM100;CD34,LumB,Suppressed
GO_Biological_Process_2023,Presynaptic Membrane Organization (GO:0097090),2/9,0.503040094680692,0.9999963078360776,0,0,1.2969164390610777,0.8910923515495286,NLGN1;LRP4,LumB,Suppressed
GO_Biological_Process_2023,Receptor Guanylyl Cyclase Signaling Pathway (GO:0007168),2/9,0.503040094680692,0.9999963078360776,0,0,1.2969164390610777,0.8910923515495286,NPR1;NPR2,LumB,Suppressed
GO_Biological_Process_2023,"Regulation Of CD4-positive, Alpha-Beta T Cell Proliferation (GO:2000561)",2/9,0.503040094680692,0.9999963078360776,0,0,1.2969164390610777,0.8910923515495286,VSIR;TGFBR2,LumB,Suppressed
GO_Biological_Process_2023,Regulation Of Actin Filament-Based Movement (GO:1903115),2/9,0.503040094680692,0.9999963078360776,0,0,1.2969164390610777,0.8910923515495286,PLN;SCN5A,LumB,Suppressed
GO_Biological_Process_2023,Regulation Of Complement-Dependent Cytotoxicity (GO:1903659),2/9,0.503040094680692,0.9999963078360776,0,0,1.2969164390610777,0.8910923515495286,CR1;IL13,LumB,Suppressed
GO_Biological_Process_2023,Regulation Of Dendritic Cell Apoptotic Process (GO:2000668),2/9,0.503040094680692,0.9999963078360776,0,0,1.2969164390610777,0.8910923515495286,CXCL12;CCL21,LumB,Suppressed
GO_Biological_Process_2023,Regulation Of Hair Cycle (GO:0042634),2/9,0.503040094680692,0.9999963078360776,0,0,1.2969164390610777,0.8910923515495286,PER1;CDH3,LumB,Suppressed
GO_Biological_Process_2023,Regulation Of Leukocyte Mediated Cytotoxicity (GO:0001910),2/9,0.503040094680692,0.9999963078360776,0,0,1.2969164390610777,0.8910923515495286,LEP;DNASE1L3,LumB,Suppressed
GO_Biological_Process_2023,Regulation Of Long-Term Synaptic Depression (GO:1900452),2/9,0.503040094680692,0.9999963078360776,0,0,1.2969164390610777,0.8910923515495286,KCNB1;SHANK3,LumB,Suppressed
GO_Biological_Process_2023,Regulation Of Postsynaptic Neurotransmitter Receptor Activity (GO:0098962),2/9,0.503040094680692,0.9999963078360776,0,0,1.2969164390610777,0.8910923515495286,DLGAP2;BEGAIN,LumB,Suppressed
GO_Biological_Process_2023,Regulation Of Receptor Binding (GO:1900120),2/9,0.503040094680692,0.9999963078360776,0,0,1.2969164390610777,0.8910923515495286,GREM2;ADIPOQ,LumB,Suppressed
GO_Biological_Process_2023,Regulation Of Transmembrane Transporter Activity (GO:0022898),2/9,0.503040094680692,0.9999963078360776,0,0,1.2969164390610777,0.8910923515495286,CHRM3;SNCA,LumB,Suppressed
GO_Biological_Process_2023,Response To Laminar Fluid Shear Stress (GO:0034616),2/9,0.503040094680692,0.9999963078360776,0,0,1.2969164390610777,0.8910923515495286,KLF4;KLF2,LumB,Suppressed
GO_Biological_Process_2023,Sequestering Of Extracellular Ligand From Receptor (GO:0035581),2/9,0.503040094680692,0.9999963078360776,0,0,1.2969164390610777,0.8910923515495286,GREM2;CER1,LumB,Suppressed
GO_Biological_Process_2023,Serotonin Transport (GO:0006837),2/9,0.503040094680692,0.9999963078360776,0,0,1.2969164390610777,0.8910923515495286,SLC22A3;SLC29A4,LumB,Suppressed
GO_Biological_Process_2023,Skeletal Muscle Tissue Regeneration (GO:0043403),2/9,0.503040094680692,0.9999963078360776,0,0,1.2969164390610777,0.8910923515495286,ANXA1;MYMX,LumB,Suppressed
GO_Biological_Process_2023,Synaptic Vesicle Fusion To Presynaptic Active Zone Membrane (GO:0031629),2/9,0.503040094680692,0.9999963078360776,0,0,1.2969164390610777,0.8910923515495286,STX19;STX11,LumB,Suppressed
GO_Biological_Process_2023,Regulation Of G Protein-Coupled Receptor Signaling Pathway (GO:0008277),13/70,0.503905697567496,0.9999963078360776,0,0,1.0352535034083263,0.7095276938448407,EDN1;KLK5;KLK6;KCTD8;C3;RGS2;GRK5;GNG7;NMT2;KCTD12;MRAP2;RGS6;MGLL,LumB,Suppressed
GO_Biological_Process_2023,Muscle Tissue Development (GO:0060537),7/37,0.5122615728695509,0.9999963078360776,0,0,1.059128745837958,0.708472294635329,CSRP1;CAV1;PTCH1;MYF6;DMD;PGM5;MYOZ2,LumB,Suppressed
GO_Biological_Process_2023,Negative Regulation Of Smooth Muscle Cell Proliferation (GO:0048662),7/37,0.5122615728695509,0.9999963078360776,0,0,1.059128745837958,0.708472294635329,CNN1;BMP2;OGN;APOD;PPARG;VIP;PPARGC1A,LumB,Suppressed
GO_Biological_Process_2023,Positive Regulation Of Signaling (GO:0023056),7/37,0.5122615728695509,0.9999963078360776,0,0,1.059128745837958,0.708472294635329,EDN1;NMB;TNXB;RIMS3;EDN3;SNCA;WLS,LumB,Suppressed
GO_Biological_Process_2023,Regulation Of Ossification (GO:0030278),7/37,0.5122615728695509,0.9999963078360776,0,0,1.059128745837958,0.708472294635329,BMP2;SFRP1;ZBTB16;S1PR1;LRP4;PTN;DDR2,LumB,Suppressed
GO_Biological_Process_2023,Fatty Acid Biosynthetic Process (GO:0006633),12/65,0.5165786066264431,0.9999963078360776,0,0,1.0277068577749584,0.6788289611680145,FADS3;OLAH;ACSM3;ACSM1;ELOVL3;CYP1A2;CYP1A1;ACSM2A;ACSM5;CYP3A4;ACACB;ACSM2B,LumB,Suppressed
GO_Biological_Process_2023,Dendritic Spine Organization (GO:0097061),5/26,0.5172373159010325,0.9999963078360776,0,0,1.0807384517867047,0.7124805905407471,PRNP;CHRNA7;PAK3;EPHB1;SHANK3,LumB,Suppressed
GO_Biological_Process_2023,Negative Regulation Of Catalytic Activity (GO:0043086),5/26,0.5172373159010325,0.9999963078360776,0,0,1.0807384517867047,0.7124805905407471,SERPINB3;PLN;HP;NOS1;NES,LumB,Suppressed
GO_Biological_Process_2023,Negative Regulation Of Endothelial Cell Apoptotic Process (GO:2000352),5/26,0.5172373159010325,0.9999963078360776,0,0,1.0807384517867047,0.7124805905407471,SEMA5A;CDH5;IL13;NDNF;TEK,LumB,Suppressed
GO_Biological_Process_2023,Regulation Of Cardiac Muscle Cell Contraction (GO:0086004),5/26,0.5172373159010325,0.9999963078360776,0,0,1.0807384517867047,0.7124805905407471,PLN;CAV3;CAV1;ANK2;SCN5A,LumB,Suppressed
GO_Biological_Process_2023,Regulation Of Myeloid Cell Differentiation (GO:0045637),5/26,0.5172373159010325,0.9999963078360776,0,0,1.0807384517867047,0.7124805905407471,CSF3;HOXA9;ZBTB16;MEIS2;HOXA5,LumB,Suppressed
GO_Biological_Process_2023,Regulation Of Reactive Oxygen Species Biosynthetic Process (GO:1903426),5/26,0.5172373159010325,0.9999963078360776,0,0,1.0807384517867047,0.7124805905407471,ABCD2;CCN6;CD36;PPARA;SNCA,LumB,Suppressed
GO_Biological_Process_2023,Monoatomic Anion Transmembrane Transport (GO:0098656),10/54,0.5201060049390144,0.9999963078360776,0,0,1.0315947590315822,0.6743768415787444,GABRA2;GABRA4;SLC4A1;SLC5A1;ANO4;GABRE;GABRG3;SLC1A7;CFTR;GABRG1,LumB,Suppressed
GO_Biological_Process_2023,Intracellular Glucose Homeostasis (GO:0001678),8/43,0.5246593915936831,0.9999963078360776,0,0,1.0374846358193568,0.66918382004805,NGFR;KCNB1;ZBTB20;PIK3R1;PCK1;CYP7A1;PPARGC1A;FOXO1,LumB,Suppressed
GO_Biological_Process_2023,Learning (GO:0007612),8/43,0.5246593915936831,0.9999963078360776,0,0,1.0374846358193568,0.66918382004805,NPAS4;SLC8A3;NTRK2;CLDN5;GPR88;PTN;DRD2;SHANK3,LumB,Suppressed
GO_Biological_Process_2023,Positive Regulation Of Biomineral Tissue Development (GO:0070169),8/43,0.5246593915936831,0.9999963078360776,0,0,1.0374846358193568,0.66918382004805,WNT6;KL;BMP2;PKDCC;FZD9;PTN;GPM6B;BMP6,LumB,Suppressed
GO_Biological_Process_2023,Positive Regulation Of Stress Fiber Assembly (GO:0051496),8/43,0.5246593915936831,0.9999963078360776,0,0,1.0374846358193568,0.66918382004805,SFRP1;WNT11;RGCC;ARHGEF15;MYOC;SERPINF2;FERMT2;RAPGEF3,LumB,Suppressed
GO_Biological_Process_2023,Regulation Of Endothelial Cell Apoptotic Process (GO:2000351),8/43,0.5246593915936831,0.9999963078360776,0,0,1.0374846358193568,0.66918382004805,SEMA5A;CDH5;RGCC;ANGPT1;IL13;ECSCR;NDNF;TEK,LumB,Suppressed
GO_Biological_Process_2023,Regulation Of Filopodium Assembly (GO:0051489),8/43,0.5246593915936831,0.9999963078360776,0,0,1.0374846358193568,0.66918382004805,PPP1R16B;TENM1;DOCK11;NLGN1;TENM2;CCL21;DAAM2;PIK3R1,LumB,Suppressed
GO_Biological_Process_2023,Regulation Of Primary Metabolic Process (GO:0080090),8/43,0.5246593915936831,0.9999963078360776,0,0,1.0374846358193568,0.66918382004805,PM20D2;PSAPL1;ADGRF1;ADGRF5;ANGPTL8;PPARG;PPARA;PLPP1,LumB,Suppressed
GO_Biological_Process_2023,Response To Amyloid-Beta (GO:1904645),8/43,0.5246593915936831,0.9999963078360776,0,0,1.0374846358193568,0.66918382004805,NGFR;PRNP;LRP1;CHRNA7;CACNA2D1;ADRB2;CD36;IGF1,LumB,Suppressed
GO_Biological_Process_2023,Positive Regulation Of Protein Phosphorylation (GO:0001934),68/377,0.5250585993054258,0.9999963078360776,0,0,0.9987696236802228,0.6434527406043797,TENM1;CSF3;FGF1;FGF2;CX3CL1;GHR;FGF7;FGF9;ENPP2;LEPR;RSPO1;NOS1;MMD;ADIPOQ;NGF;MOB3B;TGFBR2;BANK1;CLDN19;PECAM1;CHI3L1;PPARG;ADTRP;DDR2;CX3CR1;TNXB;CHRNA7;PELI2;ITLN1;PDGFA;EGFR;C3;NTF4;RELN;PDGFD;LEFTY2;SNCA;GDF10;PRNP;ANGPT4;NTRK2;CCL21;ANGPT1;ODAM;IL34;CAV1;RARRES2;NTRK3;IGF2;LIF;VEGFD;IGF1;GDF5;BMP6;GDF7;BMP5;FGF17;MARCO;BMP3;FGF16;BMP2;IL6;LEP;SPRY2;CSPG4;TEK;LACRT;TDGF1,LumB,Suppressed
GO_Biological_Process_2023,Cellular Glucuronidation (GO:0052695),3/15,0.5257357573182385,0.9999963078360776,0,0,1.134769955654102,0.7296077813862596,UGT2B28;UGT1A7;UGT2B7,LumB,Suppressed
GO_Biological_Process_2023,Cellular Response To Sterol (GO:0036315),3/15,0.5257357573182385,0.9999963078360776,0,0,1.134769955654102,0.7296077813862596,PTCH1;CYP7A1;GPLD1,LumB,Suppressed
GO_Biological_Process_2023,Cellular Response To Zinc Ion (GO:0071294),3/15,0.5257357573182385,0.9999963078360776,0,0,1.134769955654102,0.7296077813862596,MT1L;MT1M;MT1X,LumB,Suppressed
GO_Biological_Process_2023,Dendritic Spine Morphogenesis (GO:0060997),3/15,0.5257357573182385,0.9999963078360776,0,0,1.134769955654102,0.7296077813862596,PAK3;EPHB1;SHANK3,LumB,Suppressed
GO_Biological_Process_2023,Glucuronate Metabolic Process (GO:0019585),3/15,0.5257357573182385,0.9999963078360776,0,0,1.134769955654102,0.7296077813862596,UGT2B28;UGT1A7;UGT2B7,LumB,Suppressed
GO_Biological_Process_2023,Membrane Repolarization During Action Potential (GO:0086011),3/15,0.5257357573182385,0.9999963078360776,0,0,1.134769955654102,0.7296077813862596,KCNE1;KCNIP2;KCNJ2,LumB,Suppressed
GO_Biological_Process_2023,Negative Regulation Of Cation Transmembrane Transport (GO:1904063),3/15,0.5257357573182385,0.9999963078360776,0,0,1.134769955654102,0.7296077813862596,CAV3;BIN1;CAV1,LumB,Suppressed
GO_Biological_Process_2023,Negative Regulation Of Platelet Activation (GO:0010544),3/15,0.5257357573182385,0.9999963078360776,0,0,1.134769955654102,0.7296077813862596,PDGFRA;C1QTNF1;PDGFA,LumB,Suppressed
GO_Biological_Process_2023,Negative Regulation Of Protein Processing (GO:0010955),3/15,0.5257357573182385,0.9999963078360776,0,0,1.134769955654102,0.7296077813862596,PRNP;SERPINF2;GAS1,LumB,Suppressed
GO_Biological_Process_2023,Positive Regulation Of Cyclin-Dependent Protein Serine/Threonine Kinase Activity (GO:0045737),3/15,0.5257357573182385,0.9999963078360776,0,0,1.134769955654102,0.7296077813862596,RGCC;PROX1;EGFR,LumB,Suppressed
GO_Biological_Process_2023,Positive Regulation Of Glucose Metabolic Process (GO:0010907),3/15,0.5257357573182385,0.9999963078360776,0,0,1.134769955654102,0.7296077813862596,PPARGC1A;FOXO1;GPLD1,LumB,Suppressed
GO_Biological_Process_2023,Positive Regulation Of Syncytium Formation By Plasma Membrane Fusion (GO:0060143),3/15,0.5257357573182385,0.9999963078360776,0,0,1.134769955654102,0.7296077813862596,EHD2;SCGB3A1;RAPGEF3,LumB,Suppressed
GO_Biological_Process_2023,Regulation Of Lipoprotein Lipase Activity (GO:0051004),3/15,0.5257357573182385,0.9999963078360776,0,0,1.134769955654102,0.7296077813862596,ANGPTL4;PCSK5;GPIHBP1,LumB,Suppressed
GO_Biological_Process_2023,Regulation Of miRNA-mediated Gene Silencing (GO:0060964),3/15,0.5257357573182385,0.9999963078360776,0,0,1.134769955654102,0.7296077813862596,ZFP36;PPARG;WTIP,LumB,Suppressed
GO_Biological_Process_2023,Regulation Of Multicellular Organism Growth (GO:0040014),3/15,0.5257357573182385,0.9999963078360776,0,0,1.134769955654102,0.7296077813862596,STAT5A;GHR;PTCH1,LumB,Suppressed
GO_Biological_Process_2023,Sterol Metabolic Process (GO:0016125),11/60,0.5303016571663507,0.9999963078360776,0,0,1.018934240362812,0.6463194340641572,CYP39A1;CH25H;CETP;CYP26B1;CYP11A1;LCAT;CYP7B1;APOB;CYP7A1;CYP8B1;CES1,LumB,Suppressed
GO_Biological_Process_2023,Negative Regulation Of Fat Cell Differentiation (GO:0045599),6/32,0.5310047732997951,0.9999963078360776,0,0,1.047455457164195,0.6630228263555947,BMP2;IL6;FOXO1;ZFP36L2;FERMT2;RUNX1T1,LumB,Suppressed
GO_Biological_Process_2023,Positive Regulation Of Synapse Assembly (GO:0051965),6/32,0.5310047732997951,0.9999963078360776,0,0,1.047455457164195,0.6630228263555947,NLGN1;CUX2;SLITRK2;SLITRK3;EPHB1;LRRC4B,LumB,Suppressed
GO_Biological_Process_2023,Respiratory System Development (GO:0060541),6/32,0.5310047732997951,0.9999963078360776,0,0,1.047455457164195,0.6630228263555947,CEBPA;FGF7;FGF9;TCF21;CHI3L1;PROX1,LumB,Suppressed
GO_Biological_Process_2023,Positive Regulation Of Cell Adhesion (GO:0045785),16/88,0.5312610715237233,0.9999963078360776,0,0,1.0086230876216968,0.637955836184456,VIT;P2RY12;FOXC2;ECM2;LAMA2;CCL21;LAMA1;LIF;PRKCA;NDNF;FBLN2;CCDC80;CXCL12;HYAL1;SAA1;PLPP3,LumB,Suppressed
GO_Biological_Process_2023,Embryonic Organ Development (GO:0048568),14/77,0.5350389454264849,0.9999963078360776,0,0,1.0086182930219627,0.6308057556498343,PKDCC;FOXE1;RARRES2;ESRRB;IGF2;PDGFA;PCSK5;TGFBR2;RNF112;SOX17;TAL1;KIT;RARB;NES,LumB,Suppressed
GO_Biological_Process_2023,Cellular Response To Organonitrogen Compound (GO:0071417),19/105,0.535705705218438,0.9999963078360776,0,0,1.0027354068472574,0.6258776859107908,P2RY12;EGR1;KCNE1;SPAAR;PDE2A;NR1H4;DEFB124;AKAP6;RYR3;AQP1;CRHBP;SFRP1;CPEB1;PDE3A;SLIT2;SLC26A3;FOLR1;CFTR;RAPGEF3,LumB,Suppressed
GO_Biological_Process_2023,Cellular Response To Nerve Growth Factor Stimulus (GO:1990090),4/21,0.5411089418555487,0.9999963078360776,0,0,1.0679887147539917,0.6558888746219257,NTF4;NTRK2;NTRK3;NGF,LumB,Suppressed
GO_Biological_Process_2023,Endocardial Cushion Morphogenesis (GO:0003203),4/21,0.5411089418555487,0.9999963078360776,0,0,1.0679887147539917,0.6558888746219257,ADAMTS5;BMP2;NOG;TGFBR2,LumB,Suppressed
GO_Biological_Process_2023,Peptide Catabolic Process (GO:0043171),4/21,0.5411089418555487,0.9999963078360776,0,0,1.0679887147539917,0.6558888746219257,MME;LVRN;TRHDE;NAALADL1,LumB,Suppressed
GO_Biological_Process_2023,Positive Regulation Of Dendritic Spine Development (GO:0060999),4/21,0.5411089418555487,0.9999963078360776,0,0,1.0679887147539917,0.6558888746219257,NLGN1;CUX2;RELN;SHANK3,LumB,Suppressed
GO_Biological_Process_2023,Regulation Of Lipopolysaccharide-Mediated Signaling Pathway (GO:0031664),4/21,0.5411089418555487,0.9999963078360776,0,0,1.0679887147539917,0.6558888746219257,PRKCA;CD36;LACRT;CX3CL1,LumB,Suppressed
GO_Biological_Process_2023,Regulation Of Steroid Metabolic Process (GO:0019218),4/21,0.5411089418555487,0.9999963078360776,0,0,1.0679887147539917,0.6558888746219257,NR5A1;ACADL;NR1H4;ABCB11,LumB,Suppressed
GO_Biological_Process_2023,Positive Regulation Of Bone Mineralization (GO:0030501),7/38,0.5426129577200702,0.9999963078360776,0,0,1.0249006480254914,0.6265822334786958,KL;BMP2;PKDCC;FZD9;PTN;GPM6B;BMP6,LumB,Suppressed
GO_Biological_Process_2023,Positive Regulation Of Protein Tyrosine Kinase Activity (GO:0061098),7/38,0.5426129577200702,0.9999963078360776,0,0,1.0249006480254914,0.6265822334786958,PRNP;GPRC5B;RELN;IL34;NEDD9;TGFA;HBEGF,LumB,Suppressed
GO_Biological_Process_2023,Negative Regulation Of Transmembrane Receptor Protein Serine/Threonine Kinase Signaling Pathway (GO:0090101),20/111,0.5429668185985483,0.9999963078360776,0,0,0.9974876140289676,0.6091727365974311,LRP1;CAV1;WFIKKN2;NOG;CIDEA;CRIM1;IL17RD;CHRDL1;BMP2;BMPER;PRDM16;RBPMS2;VWC2;SOSTDC1;SPRY2;CCN3;PPARG;SPRY1;PPARA;CER1,LumB,Suppressed
GO_Biological_Process_2023,Phospholipase C-activating G Protein-Coupled Receptor Signaling Pathway (GO:0007200),15/83,0.5432805567251866,0.9999963078360776,0,0,1.0011736897206045,0.6108455160497347,CX3CR1;P2RY12;GPR17;LHCGR;CHRM1;GPR55;OPRK1;HTR2A;PTH1R;TACR1;CXCR2;NMUR1;DRD2;VIP;DRD5,LumB,Suppressed
GO_Biological_Process_2023,Response To Peptide Hormone (GO:0043434),10/55,0.5452728411845909,0.9999963078360776,0,0,1.0086087198000555,0.6116899051104453,TGFBR3;STAT5A;POMC;ANXA1;CITED1;CYP11A1;CAV1;LEP;PCK1;GNAI1,LumB,Suppressed
GO_Biological_Process_2023,Negative Regulation Of Cell Adhesion (GO:0007162),13/72,0.5481391838865406,0.9999963078360776,0,0,1.000037685719939,0.6012486967246125,SEMA5A;ANGPT1;DUSP1;FZD4;FZD7;PDE3B;NRG1;CORO2B;CX3CL1;DACT2;CDH13;PLXNA4;JAM3,LumB,Suppressed
GO_Biological_Process_2023,Neural Crest Cell Development (GO:0014032),8/44,0.5527298293054305,0.9999963078360776,0,0,1.0086039411601444,0.5979871072837685,SEMA5A;SEMA3D;SEMA3A;SEMA6D;SEMA3G;SOX8;NRG1;SOX10,LumB,Suppressed
GO_Biological_Process_2023,Cardiac Muscle Cell Differentiation (GO:0055007),5/27,0.5531642425356217,0.9999963078360776,0,0,1.0315509504361418,0.6107816465905391,MYOCD;BMP2;MYH11;NRG1;ALPK3,LumB,Suppressed
GO_Biological_Process_2023,Cellular Response To Epidermal Growth Factor Stimulus (GO:0071364),5/27,0.5531642425356217,0.9999963078360776,0,0,1.0315509504361418,0.6107816465905391,FOXC1;ZFP36;TDGF1;EGFR;ZFP36L2,LumB,Suppressed
GO_Biological_Process_2023,Glycerophospholipid Catabolic Process (GO:0046475),5/27,0.5531642425356217,0.9999963078360776,0,0,1.0315509504361418,0.6107816465905391,PLA2G4E;ENPP2;PLA2G4A;PLA2G5;ENPP6,LumB,Suppressed
GO_Biological_Process_2023,Regulation Of SMAD Protein Signal Transduction (GO:0060390),5/27,0.5531642425356217,0.9999963078360776,0,0,1.0315509504361418,0.6107816465905391,LRP1;CCN3;PPARG;GDF5;BMP6,LumB,Suppressed
GO_Biological_Process_2023,Ventricular Septum Morphogenesis (GO:0060412),5/27,0.5531642425356217,0.9999963078360776,0,0,1.0315509504361418,0.6107816465905391,TGFBR3;NOG;SLIT2;PROX1;TGFBR2,LumB,Suppressed
GO_Biological_Process_2023,Long-Chain Fatty Acid Metabolic Process (GO:0001676),14/78,0.5560701477330308,0.9999963078360776,0,0,0.9927978176257992,0.5826341489928362,GLYATL2;ACSL1;GSTP1;ELOVL3;PLA2G4A;ACSL4;CYP3A4;ALOX15B;ACADL;CYP1A2;GSTA1;CYP1A1;ADTRP;MGLL,LumB,Suppressed
GO_Biological_Process_2023,Positive Regulation Of Epithelial Cell Migration (GO:0010634),17/95,0.5582450339767794,0.9999963078360776,0,0,0.9891378793716022,0.5766251316590988,FOXC2;ANGPT4;EDN1;ANGPT1;ANXA3;PRKCA;PROX1;FGF1;FGF2;FGF7;HYAL1;ATOH8;ENPP2;TEK;PLPP3;TDGF1;GPLD1,LumB,Suppressed
GO_Biological_Process_2023,Positive Regulation Of Macromolecule Metabolic Process (GO:0010604),65/364,0.5611889025013407,0.9999963078360776,0,0,0.9864145761298708,0.5698494373386028,MYOM1;PID1;RHOXF1;CITED1;TCF23;FGF1;FGF2;VSIR;ACTG2;CDH5;FGF7;IL36A;C1QTNF1;CDH3;FGF9;CD36;CD34;HOXA5;TESC;IL13;NOG;AVPR2;PSG1;ANK2;NGF;POU3F3;NR5A1;ACTA2;CLDN5;PSG4;HAND2;CLDN19;PKP1;PPARG;ADTRP;RBMS3;PRKN;CRP;CHRNA7;NTS;DLL1;WNT6;CUX2;PPARGC1A;SNCA;EGR1;IL33;NTRK2;GSN;ANGPT1;ODAM;NTRK3;PDE2A;IGF1;KLF4;BMP6;KLF2;FGF17;FGF16;BMP2;IL6;RGCC;PIP;SPRY2;PF4,LumB,Suppressed
GO_Biological_Process_2023,Plasma Membrane Bounded Cell Projection Morphogenesis (GO:0120039),9/50,0.5617511906074657,0.9999963078360776,0,0,0.9962757817472678,0.5745485057627138,NTF4;NLGN1;NYAP1;TUNAR;NGF;SGK1;KLK8;MYO16;GAS7,LumB,Suppressed
GO_Biological_Process_2023,Positive Regulation Of Fat Cell Differentiation (GO:0045600),9/50,0.5617511906074657,0.9999963078360776,0,0,0.9962757817472678,0.5745485057627138,ZFP36;SFRP1;BMP2;SULT1E1;RARRES2;ZBTB16;PPARG;PTGS2;MEDAG,LumB,Suppressed
GO_Biological_Process_2023,Steroid Biosynthetic Process (GO:0006694),9/50,0.5617511906074657,0.9999963078360776,0,0,0.9962757817472678,0.5745485057627138,CYP39A1;CH25H;RDH8;AKR1D1;HSD3B1;AKR1C3;CYP7B1;CYP7A1;CYP8B1,LumB,Suppressed
GO_Biological_Process_2023,T-helper Cell Lineage Commitment (GO:0002295),2/10,0.5627067350831476,0.9999963078360776,0,0,1.134732612912164,0.6524674889579505,SOCS3;IL6,LumB,Suppressed
GO_Biological_Process_2023,Actin Filament Depolymerization (GO:0030042),2/10,0.5627067350831476,0.9999963078360776,0,0,1.134732612912164,0.6524674889579505,GSN;CFL2,LumB,Suppressed
GO_Biological_Process_2023,Ammonium Transmembrane Transport (GO:0072488),2/10,0.5627067350831476,0.9999963078360776,0,0,1.134732612912164,0.6524674889579505,RHCG;RHD,LumB,Suppressed
GO_Biological_Process_2023,Arginine Metabolic Process (GO:0006525),2/10,0.5627067350831476,0.9999963078360776,0,0,1.134732612912164,0.6524674889579505,NOS1;ART4,LumB,Suppressed
GO_Biological_Process_2023,Cellular Response To Forskolin (GO:1904322),2/10,0.5627067350831476,0.9999963078360776,0,0,1.134732612912164,0.6524674889579505,CFTR;GNAI1,LumB,Suppressed
GO_Biological_Process_2023,Cellular Response To Increased Oxygen Levels (GO:0036295),2/10,0.5627067350831476,0.9999963078360776,0,0,1.134732612912164,0.6524674889579505,CAV1;FOXO1,LumB,Suppressed
GO_Biological_Process_2023,Columnar/Cuboidal Epithelial Cell Differentiation (GO:0002065),2/10,0.5627067350831476,0.9999963078360776,0,0,1.134732612912164,0.6524674889579505,ENAM;NPY,LumB,Suppressed
GO_Biological_Process_2023,Diol Metabolic Process (GO:0034311),2/10,0.5627067350831476,0.9999963078360776,0,0,1.134732612912164,0.6524674889579505,PLPP3;PLPP1,LumB,Suppressed
GO_Biological_Process_2023,Embryonic Appendage Morphogenesis (GO:0035113),2/10,0.5627067350831476,0.9999963078360776,0,0,1.134732612912164,0.6524674889579505,MYH3;PTCH1,LumB,Suppressed
GO_Biological_Process_2023,Engulfment Of Apoptotic Cell (GO:0043652),2/10,0.5627067350831476,0.9999963078360776,0,0,1.134732612912164,0.6524674889579505,XKR4;XKR6,LumB,Suppressed
GO_Biological_Process_2023,Epithelial Cell Apoptotic Process (GO:1904019),2/10,0.5627067350831476,0.9999963078360776,0,0,1.134732612912164,0.6524674889579505,GSN;COL4A3,LumB,Suppressed
GO_Biological_Process_2023,Fatty Acid Homeostasis (GO:0055089),2/10,0.5627067350831476,0.9999963078360776,0,0,1.134732612912164,0.6524674889579505,MLXIPL;DGAT2,LumB,Suppressed
GO_Biological_Process_2023,Glycine Transport (GO:0015816),2/10,0.5627067350831476,0.9999963078360776,0,0,1.134732612912164,0.6524674889579505,SLC36A2;SLC6A2,LumB,Suppressed
GO_Biological_Process_2023,Induction Of Positive Chemotaxis (GO:0050930),2/10,0.5627067350831476,0.9999963078360776,0,0,1.134732612912164,0.6524674889579505,CXCL12;VEGFD,LumB,Suppressed
GO_Biological_Process_2023,Mesonephros Development (GO:0001823),2/10,0.5627067350831476,0.9999963078360776,0,0,1.134732612912164,0.6524674889579505,ZBTB16;FGF1,LumB,Suppressed
GO_Biological_Process_2023,Monocyte Differentiation (GO:0030224),2/10,0.5627067350831476,0.9999963078360776,0,0,1.134732612912164,0.6524674889579505,PDE1B;PPARG,LumB,Suppressed
GO_Biological_Process_2023,Negative Regulation Of Activin Receptor Signaling Pathway (GO:0032926),2/10,0.5627067350831476,0.9999963078360776,0,0,1.134732612912164,0.6524674889579505,DACT2;CER1,LumB,Suppressed
GO_Biological_Process_2023,Negative Regulation Of Dephosphorylation (GO:0035305),2/10,0.5627067350831476,0.9999963078360776,0,0,1.134732612912164,0.6524674889579505,PPP1R15A;PPP1R16B,LumB,Suppressed
GO_Biological_Process_2023,Negative Regulation Of Hemostasis (GO:1900047),2/10,0.5627067350831476,0.9999963078360776,0,0,1.134732612912164,0.6524674889579505,EDN1;TFPI,LumB,Suppressed
GO_Biological_Process_2023,Negative Regulation Of Interleukin-17 Production (GO:0032700),2/10,0.5627067350831476,0.9999963078360776,0,0,1.134732612912164,0.6524674889579505,PRNP;VSIR,LumB,Suppressed
GO_Biological_Process_2023,Negative Regulation Of Steroid Biosynthetic Process (GO:0010894),2/10,0.5627067350831476,0.9999963078360776,0,0,1.134732612912164,0.6524674889579505,PROX1;BMP5,LumB,Suppressed
GO_Biological_Process_2023,Neuron Projection Fasciculation (GO:0106030),2/10,0.5627067350831476,0.9999963078360776,0,0,1.134732612912164,0.6524674889579505,SEMA5A;CRTAC1,LumB,Suppressed
GO_Biological_Process_2023,Neuron Projection Maintenance (GO:1990535),2/10,0.5627067350831476,0.9999963078360776,0,0,1.134732612912164,0.6524674889579505,PRNP;ABCD2,LumB,Suppressed
GO_Biological_Process_2023,Nucleoside Triphosphate Metabolic Process (GO:0009141),2/10,0.5627067350831476,0.9999963078360776,0,0,1.134732612912164,0.6524674889579505,AK5;ENPP3,LumB,Suppressed
GO_Biological_Process_2023,Oxygen Transport (GO:0015671),2/10,0.5627067350831476,0.9999963078360776,0,0,1.134732612912164,0.6524674889579505,HBB;HBA1,LumB,Suppressed
GO_Biological_Process_2023,Positive Regulation Of Actin Filament Depolymerization (GO:0030836),2/10,0.5627067350831476,0.9999963078360776,0,0,1.134732612912164,0.6524674889579505,SEMA5A;CFL2,LumB,Suppressed
GO_Biological_Process_2023,Positive Regulation Of Actin Nucleation (GO:0051127),2/10,0.5627067350831476,0.9999963078360776,0,0,1.134732612912164,0.6524674889579505,GSN;WASF3,LumB,Suppressed
GO_Biological_Process_2023,Positive Regulation Of Bone Resorption (GO:0045780),2/10,0.5627067350831476,0.9999963078360776,0,0,1.134732612912164,0.6524674889579505,TNFSF11;PRKCA,LumB,Suppressed
GO_Biological_Process_2023,Positive Regulation Of Cholesterol Metabolic Process (GO:0090205),2/10,0.5627067350831476,0.9999963078360776,0,0,1.134732612912164,0.6524674889579505,FGF1;CES1,LumB,Suppressed
GO_Biological_Process_2023,Positive Regulation Of Epidermal Growth Factor-Activated Receptor Activity (GO:0045741),2/10,0.5627067350831476,0.9999963078360776,0,0,1.134732612912164,0.6524674889579505,TGFA;HBEGF,LumB,Suppressed
GO_Biological_Process_2023,Positive Regulation Of Lipid Localization (GO:1905954),2/10,0.5627067350831476,0.9999963078360776,0,0,1.134732612912164,0.6524674889579505,C3;LRP1,LumB,Suppressed
GO_Biological_Process_2023,Positive Regulation Of Nitric-Oxide Synthase Biosynthetic Process (GO:0051770),2/10,0.5627067350831476,0.9999963078360776,0,0,1.134732612912164,0.6524674889579505,FCER2;IL33,LumB,Suppressed
GO_Biological_Process_2023,Positive Regulation Of Post-Transcriptional Gene Silencing By RNA (GO:1900370),2/10,0.5627067350831476,0.9999963078360776,0,0,1.134732612912164,0.6524674889579505,ZFP36;WTIP,LumB,Suppressed
GO_Biological_Process_2023,Positive Regulation Of Protein Depolymerization (GO:1901881),2/10,0.5627067350831476,0.9999963078360776,0,0,1.134732612912164,0.6524674889579505,SEMA5A;NES,LumB,Suppressed
GO_Biological_Process_2023,Positive Regulation Of Voltage-Gated Potassium Channel Activity (GO:1903818),2/10,0.5627067350831476,0.9999963078360776,0,0,1.134732612912164,0.6524674889579505,KCNIP2;LRRC38,LumB,Suppressed
GO_Biological_Process_2023,Prostaglandin Transport (GO:0015732),2/10,0.5627067350831476,0.9999963078360776,0,0,1.134732612912164,0.6524674889579505,LEP;SLC22A11,LumB,Suppressed
GO_Biological_Process_2023,Protein Kinase C Signaling (GO:0070528),2/10,0.5627067350831476,0.9999963078360776,0,0,1.134732612912164,0.6524674889579505,MAS1;PRSS33,LumB,Suppressed
GO_Biological_Process_2023,Protein Kinase C-activating G Protein-Coupled Receptor Signaling Pathway (GO:0007205),2/10,0.5627067350831476,0.9999963078360776,0,0,1.134732612912164,0.6524674889579505,CHRM1;PLPP1,LumB,Suppressed
GO_Biological_Process_2023,Regulation Of Calcium Ion Transmembrane Transport Via High Voltage-Gated Calcium Channel (GO:1902514),2/10,0.5627067350831476,0.9999963078360776,0,0,1.134732612912164,0.6524674889579505,CACNA2D1;NOS1,LumB,Suppressed
GO_Biological_Process_2023,Regulation Of Gene Expression By Genomic Imprinting (GO:0006349),2/10,0.5627067350831476,0.9999963078360776,0,0,1.134732612912164,0.6524674889579505,DIRAS3;IGF2,LumB,Suppressed
GO_Biological_Process_2023,Regulation Of Glycoprotein Biosynthetic Process (GO:0010559),2/10,0.5627067350831476,0.9999963078360776,0,0,1.134732612912164,0.6524674889579505,CCL21;IGF1,LumB,Suppressed
GO_Biological_Process_2023,Regulation Of Lamellipodium Morphogenesis (GO:2000392),2/10,0.5627067350831476,0.9999963078360776,0,0,1.134732612912164,0.6524674889579505,KANK1;ENPP2,LumB,Suppressed
GO_Biological_Process_2023,Regulation Of Long-Term Neuronal Synaptic Plasticity (GO:0048169),2/10,0.5627067350831476,0.9999963078360776,0,0,1.134732612912164,0.6524674889579505,DRD2;SHANK3,LumB,Suppressed
GO_Biological_Process_2023,Regulation Of Melanin Biosynthetic Process (GO:0048021),2/10,0.5627067350831476,0.9999963078360776,0,0,1.134732612912164,0.6524674889579505,ZEB2;CDH3,LumB,Suppressed
GO_Biological_Process_2023,Regulation Of Mitotic Sister Chromatid Separation (GO:0010965),2/10,0.5627067350831476,0.9999963078360776,0,0,1.134732612912164,0.6524674889579505,DUSP1;USP44,LumB,Suppressed
GO_Biological_Process_2023,Regulation Of Opsonization (GO:1903027),2/10,0.5627067350831476,0.9999963078360776,0,0,1.134732612912164,0.6524674889579505,FCN2;PLA2G5,LumB,Suppressed
GO_Biological_Process_2023,Regulation Of Peptidyl-Lysine Acetylation (GO:2000756),2/10,0.5627067350831476,0.9999963078360776,0,0,1.134732612912164,0.6524674889579505,MYOCD;KLF15,LumB,Suppressed
GO_Biological_Process_2023,Regulation Of Peroxisome Proliferator Activated Receptor Signaling Pathway (GO:0035358),2/10,0.5627067350831476,0.9999963078360776,0,0,1.134732612912164,0.6524674889579505,BMP2;PTGIS,LumB,Suppressed
GO_Biological_Process_2023,Regulation Of Programmed Necrotic Cell Death (GO:0062098),2/10,0.5627067350831476,0.9999963078360776,0,0,1.134732612912164,0.6524674889579505,PRKN;PELI1,LumB,Suppressed
GO_Biological_Process_2023,Regulation Of Smooth Muscle Cell Apoptotic Process (GO:0034391),2/10,0.5627067350831476,0.9999963078360776,0,0,1.134732612912164,0.6524674889579505,IGF1;GRIA4,LumB,Suppressed
GO_Biological_Process_2023,Regulation Of Synapse Maturation (GO:0090128),2/10,0.5627067350831476,0.9999963078360776,0,0,1.134732612912164,0.6524674889579505,RELN;ARHGEF15,LumB,Suppressed
GO_Biological_Process_2023,Regulation Of Triglyceride Catabolic Process (GO:0010896),2/10,0.5627067350831476,0.9999963078360776,0,0,1.134732612912164,0.6524674889579505,GPLD1;PNPLA2,LumB,Suppressed
GO_Biological_Process_2023,Response To Corticosteroid (GO:0031960),2/10,0.5627067350831476,0.9999963078360776,0,0,1.134732612912164,0.6524674889579505,IL6;AKR1C3,LumB,Suppressed
GO_Biological_Process_2023,Response To Forskolin (GO:1904321),2/10,0.5627067350831476,0.9999963078360776,0,0,1.134732612912164,0.6524674889579505,CFTR;GNAI1,LumB,Suppressed
GO_Biological_Process_2023,Sarcoplasmic Reticulum Calcium Ion Transport (GO:0070296),2/10,0.5627067350831476,0.9999963078360776,0,0,1.134732612912164,0.6524674889579505,RYR3;TRDN,LumB,Suppressed
GO_Biological_Process_2023,Thyroid Hormone Generation (GO:0006590),2/10,0.5627067350831476,0.9999963078360776,0,0,1.134732612912164,0.6524674889579505,FOXE1;DUOX2,LumB,Suppressed
GO_Biological_Process_2023,Phosphatidic Acid Metabolic Process (GO:0046473),6/33,0.5632940757616246,0.9999963078360776,0,0,1.0085991678224688,0.5788889721987635,GPAM;DGKB;PLA2G2A;GPAT3;PLD1;AGPAT2,LumB,Suppressed
GO_Biological_Process_2023,Positive Regulation Of DNA Binding (GO:0043388),6/33,0.5632940757616246,0.9999963078360776,0,0,1.0085991678224688,0.5788889721987635,PRKN;FOXC1;HAND2;PPARG;IGF1;NGF,LumB,Suppressed
GO_Biological_Process_2023,Positive Regulation Of Release Of Sequestered Calcium Ion Into Cytosol (GO:0051281),6/33,0.5632940757616246,0.9999963078360776,0,0,1.0085991678224688,0.5788889721987635,JPH2;CAPN3;LACRT;CX3CL1;SNCA;TRDN,LumB,Suppressed
GO_Biological_Process_2023,Regulation Of Amyloid-Beta Formation (GO:1902003),6/33,0.5632940757616246,0.9999963078360776,0,0,1.0085991678224688,0.5788889721987635,NTRK2;PRNP;BIN1;CHRNA7;PSG1;IGF1,LumB,Suppressed
GO_Biological_Process_2023,Vasculogenesis (GO:0001570),6/33,0.5632940757616246,0.9999963078360776,0,0,1.0085991678224688,0.5788889721987635,TGFBR3;SOX17;CAV1;HAS2;RASIP1;TGFBR2,LumB,Suppressed
GO_Biological_Process_2023,Positive Regulation Of Cellular Biosynthetic Process (GO:0031328),31/174,0.5639429652769736,0.9999963078360776,0,0,0.983759815603391,0.5634997453244501,HBB;HTR2A;PTH1R;PLD1;PTGS2;FGF2;FOXO1;CDH3;DUOXA1;DUOXA2;CD36;PPARGC1A;SNCA;EGR1;EDN1;PSG1;IGF2;NR1H4;SAMD4A;IGF1;SORBS1;KLF4;LARP6;KLF2;MLXIPL;IL6;ZEB2;RGCC;AGTR2;VIM;GPLD1,LumB,Suppressed
GO_Biological_Process_2023,Cellular Response To Peptide (GO:1901653),10/56,0.5699308371127745,0.9999963078360776,0,0,0.9866220735785952,0.5547186550324851,NGFR;PRNP;LRP1;CYP11A1;CACNA2D1;CAV1;CD36;ADRB2;IGF1;VIM,LumB,Suppressed
GO_Biological_Process_2023,Regulation Of Cation Channel Activity (GO:2001257),10/56,0.5699308371127745,0.9999963078360776,0,0,0.9866220735785952,0.5547186550324851,JPH4;JPH2;EDN1;KCNE1;KCNS1;STAC;ANK2;KCNAB1;DMD;NOS1,LumB,Suppressed
GO_Biological_Process_2023,Regulation Of Mitotic Nuclear Division (GO:0007088),10/56,0.5699308371127745,0.9999963078360776,0,0,0.9866220735785952,0.5547186550324851,EDN1;RGCC;EDN3;DUSP1;CAV2;USP44;CCDC8;IGF2;TGFA;IGF1,LumB,Suppressed
GO_Biological_Process_2023,Odontogenesis (GO:0042476),7/39,0.5721480451738667,0.9999963078360776,0,0,0.992811806326304,0.5543439190011676,WNT6;FOXC1;BMP2;ODAM;AQP5;SCN5A;AQP1,LumB,Suppressed
GO_Biological_Process_2023,Positive Regulation Of Lipid Biosynthetic Process (GO:0046889),7/39,0.5721480451738667,0.9999963078360776,0,0,0.992811806326304,0.5543439190011676,MLXIPL;ZBTB20;HSD17B13;SORBS1;PCK1;PPARA;GPLD1,LumB,Suppressed
GO_Biological_Process_2023,Regulation Of Monoatomic Cation Transmembrane Transport (GO:1904062),7/39,0.5721480451738667,0.9999963078360776,0,0,0.992811806326304,0.5543439190011676,KCNE1;DPP6;KCNIP1;KCNIP2;KCNAB1;SCN5A;GRIN2B,LumB,Suppressed
GO_Biological_Process_2023,Vitamin Transport (GO:0051180),7/39,0.5721480451738667,0.9999963078360776,0,0,0.992811806326304,0.5543439190011676,CUBN;SLC35F3;SLC19A3;SLC2A4;FOLR2;FOLR1;ABCG2,LumB,Suppressed
GO_Biological_Process_2023,Apoptotic Nuclear Changes (GO:0030262),3/16,0.5721820665018014,0.9999963078360776,0,0,1.047415998635511,0.584770299279185,ERN2;ACVR1C;DNASE1L3,LumB,Suppressed
GO_Biological_Process_2023,Chondroitin Sulfate Metabolic Process (GO:0030204),3/16,0.5721820665018014,0.9999963078360776,0,0,1.047415998635511,0.584770299279185,CHST9;NDNF;CHST3,LumB,Suppressed
GO_Biological_Process_2023,Dicarboxylic Acid Catabolic Process (GO:0043649),3/16,0.5721820665018014,0.9999963078360776,0,0,1.047415998635511,0.584770299279185,PM20D2;ALDH1L1;ASPA,LumB,Suppressed
GO_Biological_Process_2023,Neuron Projection Organization (GO:0106027),3/16,0.5721820665018014,0.9999963078360776,0,0,1.047415998635511,0.584770299279185,PRNP;ABCD2;CHRNA7,LumB,Suppressed
GO_Biological_Process_2023,Positive Regulation Of Myeloid Leukocyte Cytokine Production Involved In Immune Response (GO:0061081),3/16,0.5721820665018014,0.9999963078360776,0,0,1.047415998635511,0.584770299279185,GPRC5B;NR4A3;KIT,LumB,Suppressed
GO_Biological_Process_2023,Positive Regulation Of Smooth Muscle Cell Migration (GO:0014911),3/16,0.5721820665018014,0.9999963078360776,0,0,1.047415998635511,0.584770299279185,NR4A3;FGF9;IGF1,LumB,Suppressed
GO_Biological_Process_2023,Regulation Of NMDA Receptor Activity (GO:2000310),3/16,0.5721820665018014,0.9999963078360776,0,0,1.047415998635511,0.584770299279185,CRHBP;NLGN1;RELN,LumB,Suppressed
GO_Biological_Process_2023,Regulation Of Cardiac Muscle Contraction By Regulation Of The Release Of Sequestered Calcium Ion (GO:0010881),3/16,0.5721820665018014,0.9999963078360776,0,0,1.047415998635511,0.584770299279185,CASQ2;ATP1A2;DMD,LumB,Suppressed
GO_Biological_Process_2023,Regulation Of Interleukin-1 Production (GO:0032652),3/16,0.5721820665018014,0.9999963078360776,0,0,1.047415998635511,0.584770299279185,IGHD;SAA1;SIRPA,LumB,Suppressed
GO_Biological_Process_2023,Regulation Of Neuron Differentiation (GO:0045664),14/79,0.576750864441638,0.9999963078360776,0,0,0.9774641260879792,0.5379423802202583,ALK;NLGN1;MMD;DTX1;NGF;GDPD5;DLL1;NTF4;GPRC5B;BMP2;RELN;BIN1;VWC2;TUNAR,LumB,Suppressed
GO_Biological_Process_2023,Positive Regulation Of Peptidyl-Tyrosine Phosphorylation (GO:0050731),23/130,0.5788594293916987,0.9999963078360776,0,0,0.9754373352504192,0.5332673115401307,PRNP;ANGPT4;CSF3;TSLP;ANGPT1;IL34;IGF2;LIF;NEDD9;IGF1;BMP6;GHR;FGF7;IL6;GPRC5B;RELN;BANK1;KIT;ENPP2;PECAM1;CSPG4;LACRT;TDGF1,LumB,Suppressed
GO_Biological_Process_2023,Cellular Response To Cadmium Ion (GO:0071276),4/22,0.5803630761760906,0.9999963078360776,0,0,1.008594399778209,0.5487776026481948,JUN;MT1X;FOS;EGFR,LumB,Suppressed
GO_Biological_Process_2023,Glucose Transmembrane Transport (GO:1904659),4/22,0.5803630761760906,0.9999963078360776,0,0,1.008594399778209,0.5487776026481948,SLC2A12;PPBP;SLC2A4;SLC5A1,LumB,Suppressed
GO_Biological_Process_2023,Modulation By Host Of Viral Process (GO:0044788),4/22,0.5803630761760906,0.9999963078360776,0,0,1.008594399778209,0.5487776026481948,KRT17;CAV2;PIK3C2G;ZNF502,LumB,Suppressed
GO_Biological_Process_2023,Negative Regulation Of Cell Communication (GO:0010648),4/22,0.5803630761760906,0.9999963078360776,0,0,1.008594399778209,0.5487776026481948,KIF26A;HHIP;ADIPOQ;LIF,LumB,Suppressed
GO_Biological_Process_2023,"Positive Regulation Of Synaptic Transmission, Glutamatergic (GO:0051968)",4/22,0.5803630761760906,0.9999963078360776,0,0,1.008594399778209,0.5487776026481948,NLGN1;RELN;GRIN2B;SHANK3,LumB,Suppressed
GO_Biological_Process_2023,Regulation Of Mononuclear Cell Migration (GO:0071675),4/22,0.5803630761760906,0.9999963078360776,0,0,1.008594399778209,0.5487776026481948,IL34;RARRES2;SLIT2;BMP5,LumB,Suppressed
GO_Biological_Process_2023,Cholesterol Transport (GO:0030301),9/51,0.5873215797007547,0.9999963078360776,0,0,0.972495439041802,0.5175453196878141,CETP;AKR1C1;CAV1;LIPG;LCAT;CD36;ABCA8;APOB;CES1,LumB,Suppressed
GO_Biological_Process_2023,Negative Regulation Of MAP Kinase Activity (GO:0043407),9/51,0.5873215797007547,0.9999963078360776,0,0,0.972495439041802,0.5175453196878141,SERPINB3;RGS2;BMP2;CAV3;DUSP1;GSTP1;SPRY2;PPARG;SPRY1,LumB,Suppressed
GO_Biological_Process_2023,Cell-Substrate Junction Assembly (GO:0007044),5/28,0.5877248802029117,0.9999963078360776,0,0,0.9866406231160626,0.5243958715864779,COL17A1;DST;SORBS1;THSD1;FERMT2,LumB,Suppressed
GO_Biological_Process_2023,Cellular Response To Osmotic Stress (GO:0071470),5/28,0.5877248802029117,0.9999963078360776,0,0,0.9866406231160626,0.5243958715864779,CAPN3;AQP5;SCN2A;YBX3;MYLK,LumB,Suppressed
GO_Biological_Process_2023,Establishment Of Endothelial Barrier (GO:0061028),5/28,0.5877248802029117,0.9999963078360776,0,0,0.9866406231160626,0.5243958715864779,PPP1R16B;ROBO4;PDE2A;PECAM1;RAPGEF3,LumB,Suppressed
GO_Biological_Process_2023,Limb Development (GO:0060173),5/28,0.5877248802029117,0.9999963078360776,0,0,0.9866406231160626,0.5243958715864779,PTCH1;SMOC1;NOG;LRP4;PCSK5,LumB,Suppressed
GO_Biological_Process_2023,Negative Regulation Of Wound Healing (GO:0061045),5/28,0.5877248802029117,0.9999963078360776,0,0,0.9866406231160626,0.5243958715864779,EDN1;MMRN1;CLDN19;TFPI;FGF2,LumB,Suppressed
GO_Biological_Process_2023,Positive Regulation Of Fibroblast Proliferation (GO:0048146),5/28,0.5877248802029117,0.9999963078360776,0,0,0.9866406231160626,0.5243958715864779,PDGFRA;PDGFA;IGF1;AQP1;DDR2,LumB,Suppressed
GO_Biological_Process_2023,Regulation Of Nitric-Oxide Synthase Activity (GO:0050999),5/28,0.5877248802029117,0.9999963078360776,0,0,0.9866406231160626,0.5243958715864779,FCER2;CAV3;LEP;NPR3;EGFR,LumB,Suppressed
GO_Biological_Process_2023,Response To Tumor Necrosis Factor (GO:0034612),19/108,0.5891606632547566,0.9999963078360776,0,0,0.9687570381121594,0.512527071918601,CCL14;CCL13;CCL24;CCL23;PID1;CCL21;ADIPOQ;SELE;YBX3;ZFP36L2;CX3CL1;CRHBP;ZFP36;SFRP1;HYAL1;CHI3L1;HAS2;TDGF1;CCL16,LumB,Suppressed
GO_Biological_Process_2023,Negative Regulation Of Neuron Apoptotic Process (GO:0043524),13/74,0.5909139019671709,0.9999963078360776,0,0,0.9671311019783304,0.5087931214309862,CX3CR1;PRKN;CNTFR;NTRK2;CITED1;FZD9;NDNF;NGF;CX3CL1;NTF4;PTPRZ1;TYRO3;PPARGC1A,LumB,Suppressed
GO_Biological_Process_2023,Regulation Of Signal Transduction (GO:0009966),34/193,0.5926946629800385,0.9999963078360776,0,0,0.970244908508764,0.5075117431157182,SEMA5A;HHIP;CHRNA7;DTX1;GLI1;DLL1;CX3CL1;SOCS2;RGS2;GRK5;SH3TC2;FRRS1L;GNG7;FFAR3;NCAM1;CD36;IGFBP6;RGS6;IGFBP1;PRNP;TCF7L1;CAV3;PTCH1;ADIPOQ;AKR1C3;SLC8A3;KCTD8;KIF26A;DOK5;GAS1;KCTD12;SIK2;TDGF1;MGLL,LumB,Suppressed
GO_Biological_Process_2023,Monoatomic Anion Transport (GO:0006820),10/57,0.5940059004961135,0.9999963078360776,0,0,0.9655710293240056,0.5029331450324329,CLIC5;CLCN4;TTYH1;FXYD1;SLC26A7;SLC4A1;SLC17A7;NMUR1;ANO4;SLC26A3,LumB,Suppressed
GO_Biological_Process_2023,Cellular Response To Vascular Endothelial Growth Factor Stimulus (GO:0035924),6/34,0.5944785275332386,0.9999963078360776,0,0,0.9725183277194372,0.505778269988321,NR4A1;FOXC1;EGR3;GAS1;SPRY2;VEGFD,LumB,Suppressed
GO_Biological_Process_2023,Negative Regulation Of Ras Protein Signal Transduction (GO:0046580),6/34,0.5944785275332386,0.9999963078360776,0,0,0.9725183277194372,0.505778269988321,KANK1;MYOC;SPRY2;SPRY1;MET;RASIP1,LumB,Suppressed
GO_Biological_Process_2023,Regulation Of calcineurin-NFAT Signaling Cascade (GO:0070884),6/34,0.5944785275332386,0.9999963078360776,0,0,0.9725183277194372,0.505778269988321,PRNP;RCAN1;AKAP6;IGF1;MYOZ2;LACRT,LumB,Suppressed
GO_Biological_Process_2023,Negative Regulation Of Protein Serine/Threonine Kinase Activity (GO:0071901),14/80,0.597035358205089,0.9999963078360776,0,0,0.9625950918694872,0.496486276970303,CEBPA;MYOCD;CAV3;DUSP1;GSTP1;ADIPOQ;RASIP1;SLC8A3;RGS2;BMP2;PRKAR2B;SPRY2;PPARG;SPRY1,LumB,Suppressed
GO_Biological_Process_2023,Negative Regulation Of Cell-Cell Adhesion (GO:0022408),7/40,0.6007509578301051,0.9999963078360776,0,0,0.962667742911916,0.4905512321646623,BMP2;RGCC;NOTCH4;ADTRP;KLF4;PPARA;BMP6,LumB,Suppressed
GO_Biological_Process_2023,Negative Regulation Of Mitotic Cell Cycle Phase Transition (GO:1901991),7/40,0.6007509578301051,0.9999963078360776,0,0,0.962667742911916,0.4905512321646623,RGCC;USP44;FHL1;FAM107A;KLF4;ZFP36L2;MYO16,LumB,Suppressed
GO_Biological_Process_2023,Positive Regulation Of Monoatomic Ion Transport (GO:0043270),7/40,0.6007509578301051,0.9999963078360776,0,0,0.962667742911916,0.4905512321646623,CHRM1;FHL1;ANK2;SCN5A;SCN3B;SCN4B;MYLK,LumB,Suppressed
GO_Biological_Process_2023,Positive Regulation Of Myeloid Leukocyte Differentiation (GO:0002763),7/40,0.6007509578301051,0.9999963078360776,0,0,0.962667742911916,0.4905512321646623,IL34;TESC;LIF;NEDD9;TNFSF11;PRKCA;PF4,LumB,Suppressed
GO_Biological_Process_2023,Phagocytosis (GO:0006909),12/69,0.6060935799225763,0.9999963078360776,0,0,0.9553530951580116,0.4783652449259611,SRPX;MARCO;ANXA1;GSN;LRP1;ANXA3;PECAM1;TYRO3;CD36;CD302;MET;ELANE,LumB,Suppressed
GO_Biological_Process_2023,Regulation Of Heart Contraction (GO:0008016),12/69,0.6060935799225763,0.9999963078360776,0,0,0.9553530951580116,0.4783652449259611,SLC8A3;ACE2;PLN;DES;CAV3;KCNIP2;CELF2;HSPB7;FXYD1;ANK2;ATP1A2;NOS1,LumB,Suppressed
GO_Biological_Process_2023,Homotypic Cell-Cell Adhesion (GO:0034109),8/46,0.6066283816144906,0.9999963078360776,0,0,0.9554026615247528,0.4775474123359458,P2RY12;PDGFRA;CSRP1;TYRO3;HBB;PLPP3;MYL9;XG,LumB,Suppressed
GO_Biological_Process_2023,Cellular Response To Lipid (GO:0071396),40/228,0.6070440218847571,0.9999963078360776,0,0,0.96528179126176,0.4818242352404718,CX3CR1;CXCL6;PID1;GSTP1;CXCL1;ATP1A2;NR3C1;CXCL3;TFPI;CXCL2;EGFR;GNAI1;CXCL5;AQP1;CRHBP;WNT6;ZFP36;IL36A;WNT11;PDK4;FFAR3;SIRPA;CTSG;PF4V1;FZD4;FZD7;TESC;AKR1C3;NR1H4;GPBAR1;PPBP;SSTR1;SFRP1;IL6;MGARP;ADTRP;VIM;CFTR;GPLD1;PF4,LumB,Suppressed
GO_Biological_Process_2023,Positive Regulation Of Neuron Projection Development (GO:0010976),16/92,0.6083207498431716,0.9999963078360776,0,0,0.9553034184905936,0.4748364176873144,ALK;NTRK2;NLGN1;NTRK3;NDNF;VLDLR;ATP1B2;PTN;CX3CL1;BMP5;CUX2;RELN;TNN;ROR1;ALKAL2;DDR2,LumB,Suppressed
GO_Biological_Process_2023,Positive Regulation Of Neurogenesis (GO:0050769),13/75,0.6116269794027432,0.9999963078360776,0,0,0.951473937133533,0.4677756941053929,CHODL;CX3CR1;NTRK2;MME;HAPLN3;CX3CL1;CUX2;DCT;SOX8;SLIT2;DRD2;SHANK3;PLXNA4,LumB,Suppressed
GO_Biological_Process_2023,Regulation Of BMP Signaling Pathway (GO:0030510),13/75,0.6116269794027432,0.9999963078360776,0,0,0.951473937133533,0.4677756941053929,CRB2;NOG;CRIM1;CHRDL1;FSTL1;GDF5;CDH5;BMPER;RBPMS2;VWC2;SOSTDC1;PPARG;CER1,LumB,Suppressed
GO_Biological_Process_2023,Cardiac Muscle Tissue Development (GO:0048738),9/52,0.6121732717487521,0.9999963078360776,0,0,0.9498211587877536,0.466115152609949,MYOCD;BMP2;MYL7;NRG1;SCN5A;ADAMTS9;SGCZ;SGCG;BMP5,LumB,Suppressed
GO_Biological_Process_2023,Regulation Of Inflammatory Response (GO:0050727),42/240,0.6153121551242964,0.9999963078360776,0,0,0.9623016378410046,0.467318282001987,PTGER4;CEBPA;PTGS2;CX3CL1;CDH5;IL1RL2;FFAR4;S100A12;SIRPA;CCN3;ENPP3;NLRP1;ELANE;SNCA;IL33;ANXA1;PTGIS;TSLP;CMA1;PDE2A;IL13;ADIPOQ;PLA2G2A;NR1H4;KLF4;SELE;ACE2;NLRP13;GPRC5B;IL6;LRFN5;FNDC4;NLRP10;TYRO3;SAA1;PPARG;GGT3P;TEK;PPARA;DNASE1L3;CD200;MGLL,LumB,Suppressed
GO_Biological_Process_2023,Cellular Response To Alkaloid (GO:0071312),3/17,0.6156799896458318,0.9999963078360776,0,0,0.9725411783338612,0.4717096518416028,CRHBP;CASQ2;RYR3,LumB,Suppressed
GO_Biological_Process_2023,Embryo Development Ending In Birth Or Egg Hatching (GO:0009792),3/17,0.6156799896458318,0.9999963078360776,0,0,0.9725411783338612,0.4717096518416028,SCEL;STOX2;TDGF1,LumB,Suppressed
GO_Biological_Process_2023,Hippo Signaling (GO:0035329),3/17,0.6156799896458318,0.9999963078360776,0,0,0.9725411783338612,0.4717096518416028,AMOTL2;AMOTL1;FAT4,LumB,Suppressed
GO_Biological_Process_2023,Long-Chain fatty-acyl-CoA Biosynthetic Process (GO:0035338),3/17,0.6156799896458318,0.9999963078360776,0,0,0.9725411783338612,0.4717096518416028,ACSL1;ELOVL3;ACSL4,LumB,Suppressed
GO_Biological_Process_2023,Negative Regulation Of Interleukin-8 Production (GO:0032717),3/17,0.6156799896458318,0.9999963078360776,0,0,0.9725411783338612,0.4717096518416028,BPI;KLF4;ELANE,LumB,Suppressed
GO_Biological_Process_2023,Neural Tube Development (GO:0021915),3/17,0.6156799896458318,0.9999963078360776,0,0,0.9725411783338612,0.4717096518416028,PTCH1;PROX1;SLC39A12,LumB,Suppressed
GO_Biological_Process_2023,Nicotinamide Nucleotide Metabolic Process (GO:0046496),3/17,0.6156799896458318,0.9999963078360776,0,0,0.9725411783338612,0.4717096518416028,KRT17;NMRK2;FMO2,LumB,Suppressed
GO_Biological_Process_2023,Positive Regulation By Host Of Viral Process (GO:0044794),3/17,0.6156799896458318,0.9999963078360776,0,0,0.9725411783338612,0.4717096518416028,KRT17;CAV2;ZNF502,LumB,Suppressed
GO_Biological_Process_2023,Positive Regulation Of Macrophage Activation (GO:0043032),3/17,0.6156799896458318,0.9999963078360776,0,0,0.9725411783338612,0.4717096518416028,CEBPA;IL33;TAFA3,LumB,Suppressed
GO_Biological_Process_2023,Positive Regulation Of Small GTPase Mediated Signal Transduction (GO:0051057),3/17,0.6156799896458318,0.9999963078360776,0,0,0.9725411783338612,0.4717096518416028,RELN;IGF1;NGF,LumB,Suppressed
GO_Biological_Process_2023,Postsynaptic Membrane Organization (GO:0001941),3/17,0.6156799896458318,0.9999963078360776,0,0,0.9725411783338612,0.4717096518416028,NLGN1;LRP4;SHANK3,LumB,Suppressed
GO_Biological_Process_2023,Regulation Of Delayed Rectifier Potassium Channel Activity (GO:1902259),3/17,0.6156799896458318,0.9999963078360776,0,0,0.9725411783338612,0.4717096518416028,KCNE1;KCNS1;KCNAB1,LumB,Suppressed
GO_Biological_Process_2023,Regulation Of Establishment Of Cell Polarity (GO:2000114),3/17,0.6156799896458318,0.9999963078360776,0,0,0.9725411783338612,0.4717096518416028,KANK1;CDH5;GSN,LumB,Suppressed
GO_Biological_Process_2023,Regulation Of Glucose Transmembrane Transport (GO:0010827),3/17,0.6156799896458318,0.9999963078360776,0,0,0.9725411783338612,0.4717096518416028,C3;NR4A3;FFAR4,LumB,Suppressed
GO_Biological_Process_2023,Regulation Of Receptor Signaling Pathway Via STAT (GO:1904892),3/17,0.6156799896458318,0.9999963078360776,0,0,0.9725411783338612,0.4717096518416028,IL6;TSLP;PPARG,LumB,Suppressed
GO_Biological_Process_2023,Transepithelial Transport (GO:0070633),3/17,0.6156799896458318,0.9999963078360776,0,0,0.9725411783338612,0.4717096518416028,RHCG;GPLD1;ABCG2,LumB,Suppressed
GO_Biological_Process_2023,AMP Metabolic Process (GO:0046033),2/11,0.617033849744871,0.9999963078360776,0,0,1.0085896370185647,0.486978741180617,NT5C1A;AMPD1,LumB,Suppressed
GO_Biological_Process_2023,Actin Crosslink Formation (GO:0051764),2/11,0.617033849744871,0.9999963078360776,0,0,1.0085896370185647,0.486978741180617,GAS2;GAS2L2,LumB,Suppressed
GO_Biological_Process_2023,Catecholamine Biosynthetic Process (GO:0042423),2/11,0.617033849744871,0.9999963078360776,0,0,1.0085896370185647,0.486978741180617,MOXD2P;SNCA,LumB,Suppressed
GO_Biological_Process_2023,Cell Differentiation In Hindbrain (GO:0021533),2/11,0.617033849744871,0.9999963078360776,0,0,1.0085896370185647,0.486978741180617,NOG;PROX1,LumB,Suppressed
GO_Biological_Process_2023,Cellular Response To Acetylcholine (GO:1905145),2/11,0.617033849744871,0.9999963078360776,0,0,1.0085896370185647,0.486978741180617,CHRM3;CHRNA7,LumB,Suppressed
GO_Biological_Process_2023,Cellular Response To Nitrogen Levels (GO:0043562),2/11,0.617033849744871,0.9999963078360776,0,0,1.0085896370185647,0.486978741180617,GABARAPL1;MAP1LC3C,LumB,Suppressed
GO_Biological_Process_2023,Cellular Response To Nitrogen Starvation (GO:0006995),2/11,0.617033849744871,0.9999963078360776,0,0,1.0085896370185647,0.486978741180617,GABARAPL1;MAP1LC3C,LumB,Suppressed
GO_Biological_Process_2023,Central Nervous System Projection Neuron Axonogenesis (GO:0021952),2/11,0.617033849744871,0.9999963078360776,0,0,1.0085896370185647,0.486978741180617,NFIB;EPHB1,LumB,Suppressed
GO_Biological_Process_2023,Complement Receptor Mediated Signaling Pathway (GO:0002430),2/11,0.617033849744871,0.9999963078360776,0,0,1.0085896370185647,0.486978741180617,CR1;GPLD1,LumB,Suppressed
GO_Biological_Process_2023,Desensitization Of G Protein-Coupled Receptor Signaling Pathway (GO:0002029),2/11,0.617033849744871,0.9999963078360776,0,0,1.0085896370185647,0.486978741180617,ADRB3;ADRB2,LumB,Suppressed
GO_Biological_Process_2023,Detection Of Light Stimulus Involved In Sensory Perception (GO:0050962),2/11,0.617033849744871,0.9999963078360776,0,0,1.0085896370185647,0.486978741180617,RPE65;CNGB1,LumB,Suppressed
GO_Biological_Process_2023,Detection Of Light Stimulus Involved In Visual Perception (GO:0050908),2/11,0.617033849744871,0.9999963078360776,0,0,1.0085896370185647,0.486978741180617,RPE65;CNGB1,LumB,Suppressed
GO_Biological_Process_2023,Digestive System Development (GO:0055123),2/11,0.617033849744871,0.9999963078360776,0,0,1.0085896370185647,0.486978741180617,CLMP;KIT,LumB,Suppressed
GO_Biological_Process_2023,Epithelial Cell-Cell Adhesion (GO:0090136),2/11,0.617033849744871,0.9999963078360776,0,0,1.0085896370185647,0.486978741180617,KIT;CCN3,LumB,Suppressed
GO_Biological_Process_2023,Intestinal Lipid Absorption (GO:0098856),2/11,0.617033849744871,0.9999963078360776,0,0,1.0085896370185647,0.486978741180617,AKR1C1;CD36,LumB,Suppressed
GO_Biological_Process_2023,Leukotriene D4 Metabolic Process (GO:1901748),2/11,0.617033849744871,0.9999963078360776,0,0,1.0085896370185647,0.486978741180617,GGT3P;GGTA1,LumB,Suppressed
GO_Biological_Process_2023,Melanocyte Differentiation (GO:0030318),2/11,0.617033849744871,0.9999963078360776,0,0,1.0085896370185647,0.486978741180617,OCA2;KIT,LumB,Suppressed
GO_Biological_Process_2023,Negative Regulation Of Bone Remodeling (GO:0046851),2/11,0.617033849744871,0.9999963078360776,0,0,1.0085896370185647,0.486978741180617,IL6;SFRP1,LumB,Suppressed
GO_Biological_Process_2023,Negative Regulation Of Fibrinolysis (GO:0051918),2/11,0.617033849744871,0.9999963078360776,0,0,1.0085896370185647,0.486978741180617,SERPINF2;NRG1,LumB,Suppressed
GO_Biological_Process_2023,Negative Regulation Of Glucose Transmembrane Transport (GO:0010829),2/11,0.617033849744871,0.9999963078360776,0,0,1.0085896370185647,0.486978741180617,PID1;LEP,LumB,Suppressed
GO_Biological_Process_2023,Negative Regulation Of Leukocyte Apoptotic Process (GO:2000107),2/11,0.617033849744871,0.9999963078360776,0,0,1.0085896370185647,0.486978741180617,CXCL12;CCL21,LumB,Suppressed
GO_Biological_Process_2023,Negative Regulation Of Myotube Differentiation (GO:0010832),2/11,0.617033849744871,0.9999963078360776,0,0,1.0085896370185647,0.486978741180617,BHLHE41;CCN3,LumB,Suppressed
GO_Biological_Process_2023,Negative Regulation Of Nitrogen Compound Metabolic Process (GO:0051172),2/11,0.617033849744871,0.9999963078360776,0,0,1.0085896370185647,0.486978741180617,EDN1;EDNRB,LumB,Suppressed
GO_Biological_Process_2023,Negative Regulation Of Reactive Oxygen Species Biosynthetic Process (GO:1903427),2/11,0.617033849744871,0.9999963078360776,0,0,1.0085896370185647,0.486978741180617,ABCD2;PPARA,LumB,Suppressed
GO_Biological_Process_2023,Negative Regulation Of Release Of Sequestered Calcium Ion Into Cytosol (GO:0051280),2/11,0.617033849744871,0.9999963078360776,0,0,1.0085896370185647,0.486978741180617,CASQ2;TRDN,LumB,Suppressed
GO_Biological_Process_2023,Negative Regulation Of Ryanodine-Sensitive Calcium-Release Channel Activity (GO:0060315),2/11,0.617033849744871,0.9999963078360776,0,0,1.0085896370185647,0.486978741180617,CASQ2;TRDN,LumB,Suppressed
GO_Biological_Process_2023,Neurotransmitter Biosynthetic Process (GO:0042136),2/11,0.617033849744871,0.9999963078360776,0,0,1.0085896370185647,0.486978741180617,MOXD2P;NOS1,LumB,Suppressed
GO_Biological_Process_2023,Phagosome-Lysosome Fusion (GO:0090385),2/11,0.617033849744871,0.9999963078360776,0,0,1.0085896370185647,0.486978741180617,PLA2G5;RAB7B,LumB,Suppressed
GO_Biological_Process_2023,Podocyte Differentiation (GO:0072112),2/11,0.617033849744871,0.9999963078360776,0,0,1.0085896370185647,0.486978741180617,PROM1;KLF15,LumB,Suppressed
GO_Biological_Process_2023,Positive Regulation Of Behavior (GO:0048520),2/11,0.617033849744871,0.9999963078360776,0,0,1.0085896370185647,0.486978741180617,NLGN1;NR4A3,LumB,Suppressed
GO_Biological_Process_2023,Positive Regulation Of Branching Involved In Ureteric Bud Morphogenesis (GO:0090190),2/11,0.617033849744871,0.9999963078360776,0,0,1.0085896370185647,0.486978741180617,NOG;SOX8,LumB,Suppressed
GO_Biological_Process_2023,Positive Regulation Of Muscle Contraction (GO:0045933),2/11,0.617033849744871,0.9999963078360776,0,0,1.0085896370185647,0.486978741180617,MYOCD;PROK2,LumB,Suppressed
GO_Biological_Process_2023,Positive Regulation Of Myelination (GO:0031643),2/11,0.617033849744871,0.9999963078360776,0,0,1.0085896370185647,0.486978741180617,EGR2;NCMAP,LumB,Suppressed
GO_Biological_Process_2023,Positive Regulation Of Protein Maturation (GO:1903319),2/11,0.617033849744871,0.9999963078360776,0,0,1.0085896370185647,0.486978741180617,CCBE1;ANGPTL8,LumB,Suppressed
GO_Biological_Process_2023,Positive Regulation Of Pseudopodium Assembly (GO:0031274),2/11,0.617033849744871,0.9999963078360776,0,0,1.0085896370185647,0.486978741180617,CCL21;CDC42EP5,LumB,Suppressed
GO_Biological_Process_2023,Pyrimidine Nucleobase Metabolic Process (GO:0006206),2/11,0.617033849744871,0.9999963078360776,0,0,1.0085896370185647,0.486978741180617,DPYS;DPYSL2,LumB,Suppressed
GO_Biological_Process_2023,Regulation Of Actin Filament Depolymerization (GO:0030834),2/11,0.617033849744871,0.9999963078360776,0,0,1.0085896370185647,0.486978741180617,SEMA5A;PLEKHH2,LumB,Suppressed
GO_Biological_Process_2023,Regulation Of Amyloid Precursor Protein Catabolic Process (GO:1902991),2/11,0.617033849744871,0.9999963078360776,0,0,1.0085896370185647,0.486978741180617,PRNP;CHRNA7,LumB,Suppressed
GO_Biological_Process_2023,Regulation Of Cell Activation (GO:0050865),2/11,0.617033849744871,0.9999963078360776,0,0,1.0085896370185647,0.486978741180617,IL6;NRG1,LumB,Suppressed
GO_Biological_Process_2023,Regulation Of Cell Communication By Electrical Coupling Involved In Cardiac Conduction (GO:1901844),2/11,0.617033849744871,0.9999963078360776,0,0,1.0085896370185647,0.486978741180617,CAV1;TRDN,LumB,Suppressed
GO_Biological_Process_2023,Regulation Of Endocytic Recycling (GO:2001135),2/11,0.617033849744871,0.9999963078360776,0,0,1.0085896370185647,0.486978741180617,EHD2;PLA2G4E,LumB,Suppressed
GO_Biological_Process_2023,Regulation Of Homotypic Cell-Cell Adhesion (GO:0034110),2/11,0.617033849744871,0.9999963078360776,0,0,1.0085896370185647,0.486978741180617,TNFSF11;PRKCA,LumB,Suppressed
GO_Biological_Process_2023,Regulation Of Mesenchymal Cell Proliferation (GO:0010464),2/11,0.617033849744871,0.9999963078360776,0,0,1.0085896370185647,0.486978741180617,PDGFA;TGFBR2,LumB,Suppressed
GO_Biological_Process_2023,Regulation Of Mitochondrial Fusion (GO:0010635),2/11,0.617033849744871,0.9999963078360776,0,0,1.0085896370185647,0.486978741180617,PRKN;PID1,LumB,Suppressed
GO_Biological_Process_2023,Regulation Of Monocyte Chemotactic Protein-1 Production (GO:0071637),2/11,0.617033849744871,0.9999963078360776,0,0,1.0085896370185647,0.486978741180617,GSTP1;APOD,LumB,Suppressed
GO_Biological_Process_2023,Regulation Of Pseudopodium Assembly (GO:0031272),2/11,0.617033849744871,0.9999963078360776,0,0,1.0085896370185647,0.486978741180617,CCL21;CDC42EP5,LumB,Suppressed
GO_Biological_Process_2023,Regulation Of Response To Oxidative Stress (GO:1902882),2/11,0.617033849744871,0.9999963078360776,0,0,1.0085896370185647,0.486978741180617,PRKN;AIFM2,LumB,Suppressed
GO_Biological_Process_2023,Self Proteolysis (GO:0097264),2/11,0.617033849744871,0.9999963078360776,0,0,1.0085896370185647,0.486978741180617,CAPN3;NLRP1,LumB,Suppressed
GO_Biological_Process_2023,Sphingoid Metabolic Process (GO:0046519),2/11,0.617033849744871,0.9999963078360776,0,0,1.0085896370185647,0.486978741180617,PLPP3;PLPP1,LumB,Suppressed
GO_Biological_Process_2023,Tyrosine Metabolic Process (GO:0006570),2/11,0.617033849744871,0.9999963078360776,0,0,1.0085896370185647,0.486978741180617,OCA2;HPD,LumB,Suppressed
GO_Biological_Process_2023,Vitamin D Metabolic Process (GO:0042359),2/11,0.617033849744871,0.9999963078360776,0,0,1.0085896370185647,0.486978741180617,CYP1A1;CYP3A4,LumB,Suppressed
GO_Biological_Process_2023,Regulation Of Bone Mineralization (GO:0030500),10/58,0.6174328503959737,0.9999963078360776,0,0,0.9453971119133574,0.4558562692454339,KL;BMP2;PKDCC;S1PR1;FZD9;PTN;STATH;GPM6B;BMP6;DDR2,LumB,Suppressed
GO_Biological_Process_2023,Renal System Development (GO:0072001),10/58,0.6174328503959737,0.9999963078360776,0,0,0.9453971119133574,0.4558562692454339,MYOCD;FOXC1;SOX17;MME;TCF21;LRP4;HAS2;PROX1;PCSK5;TBX18,LumB,Suppressed
GO_Biological_Process_2023,Cellular Response To Interleukin-6 (GO:0071354),4/23,0.6176089051920106,0.9999963078360776,0,0,0.9554521179577722,0.4604322431675567,IL6;PID1;PTGIS;TDGF1,LumB,Suppressed
GO_Biological_Process_2023,Glial Cell Development (GO:0021782),4/23,0.6176089051920106,0.9999963078360776,0,0,0.9554521179577722,0.4604322431675567,PRDM8;DLL1;SOX10;ZNF488,LumB,Suppressed
GO_Biological_Process_2023,Long-Chain fatty-acyl-CoA Metabolic Process (GO:0035336),4/23,0.6176089051920106,0.9999963078360776,0,0,0.9554521179577722,0.4604322431675567,DGAT2;ACSL1;ELOVL3;ACSL4,LumB,Suppressed
GO_Biological_Process_2023,Regulation Of Cholesterol Transport (GO:0032374),4/23,0.6176089051920106,0.9999963078360776,0,0,0.9554521179577722,0.4604322431675567,CETP;LRP1;LIPG;ABCA8,LumB,Suppressed
GO_Biological_Process_2023,Chondrocyte Differentiation (GO:0002062),5/29,0.6207655992756268,0.9999963078360776,0,0,0.9454728230726568,0.450803073157981,BMP2;NFIB;CCN3;SOX6;GPLD1,LumB,Suppressed
GO_Biological_Process_2023,Integrated Stress Response Signaling (GO:0140467),5/29,0.6207655992756268,0.9999963078360776,0,0,0.9454728230726568,0.450803073157981,FOSL1;CEBPA;JUN;FOS;JUNB,LumB,Suppressed
GO_Biological_Process_2023,Phosphatidic Acid Biosynthetic Process (GO:0006654),5/29,0.6207655992756268,0.9999963078360776,0,0,0.9454728230726568,0.450803073157981,GPAM;DGKB;GPAT3;PLD1;AGPAT2,LumB,Suppressed
GO_Biological_Process_2023,Regulation Of Blood Coagulation (GO:0030193),5/29,0.6207655992756268,0.9999963078360776,0,0,0.9454728230726568,0.450803073157981,EDN1;CAV1;EMILIN2;NRG1;TFPI,LumB,Suppressed
GO_Biological_Process_2023,Regulation Of Developmental Growth (GO:0048638),5/29,0.6207655992756268,0.9999963078360776,0,0,0.9454728230726568,0.450803073157981,GHR;STAT5A;SPAAR;LEP;DLL1,LumB,Suppressed
GO_Biological_Process_2023,Glucose Homeostasis (GO:0042593),15/87,0.6218934945539403,0.9999963078360776,0,0,0.945321190211346,0.4490147387837071,CEBPA;NGFR;CAV3;KCNB1;ADIPOQ;SLC2A4;PIK3R1;FOXO1;MLXIPL;IL6;LEPR;PDK4;PPARG;PCK1;PPARGC1A,LumB,Suppressed
GO_Biological_Process_2023,Organic Substance Transport (GO:0071702),35/201,0.6226949217308049,0.9999963078360776,0,0,0.956519029136681,0.4531016985553811,SLC47A2;CETP;SLC22A3;CHRNA7;AQP7;AQP4;AQP5;CSN2;AQP2;ABCA13;SLC6A2;RYR3;AQP1;SLC22A12;SLCO1B3;CDH23;KCNN4;PLTP;SLC22A11;CUBN;ABCA6;CACNA2D1;CAV1;ARRDC3;SPNS2;ABCA9;NRG1;ABCA8;SLCO1A2;TXNIP;SLC29A4;NMUR1;RHCG;ABCG2;AQP7P3,LumB,Suppressed
GO_Biological_Process_2023,Endoderm Formation (GO:0001706),6/35,0.6244382493903243,0.9999963078360776,0,0,0.9389258214166148,0.4421428305823546,SOX17;LAMB3;DUSP1;COL7A1;ITGA7;SOX7,LumB,Suppressed
GO_Biological_Process_2023,Glutamate Receptor Signaling Pathway (GO:0007215),6/35,0.6244382493903243,0.9999963078360776,0,0,0.9389258214166148,0.4421428305823546,TRPM1;KCNB1;GRIK1;GRIN2B;GRIA3;GRIA4,LumB,Suppressed
GO_Biological_Process_2023,Platelet Aggregation (GO:0070527),6/35,0.6244382493903243,0.9999963078360776,0,0,0.9389258214166148,0.4421428305823546,P2RY12;PDGFRA;CSRP1;TYRO3;HBB;MYL9,LumB,Suppressed
GO_Biological_Process_2023,Positive Regulation Of Mitotic Nuclear Division (GO:0045840),6/35,0.6244382493903243,0.9999963078360776,0,0,0.9389258214166148,0.4421428305823546,EDN1;RGCC;EDN3;IGF2;TGFA;IGF1,LumB,Suppressed
GO_Biological_Process_2023,Regulation Of Cardiac Muscle Contraction (GO:0055117),6/35,0.6244382493903243,0.9999963078360776,0,0,0.9389258214166148,0.4421428305823546,RGS2;PLN;CAV3;ANK2;NOS1;SCN5A,LumB,Suppressed
GO_Biological_Process_2023,Positive Regulation Of Actin Filament Polymerization (GO:0030838),7/41,0.6283254718790637,0.9999963078360776,0,0,0.9342968596983744,0.4341649286065157,TENM1;CCL24;CSF3;CCL21;BIN1;CDC42EP5;LMOD1,LumB,Suppressed
GO_Biological_Process_2023,Regulation Of Chemokine Production (GO:0032642),7/41,0.6283254718790637,0.9999963078360776,0,0,0.9342968596983744,0.4341649286065157,EGR1;IL33;IL6;TSLP;FFAR3;ALOX15B;ELANE,LumB,Suppressed
GO_Biological_Process_2023,Synaptic Vesicle Exocytosis (GO:0016079),7/41,0.6283254718790637,0.9999963078360776,0,0,0.9342968596983744,0.4341649286065157,UNC13C;RIMS3;STX19;DOC2B;SYT8;STX11;SNCA,LumB,Suppressed
GO_Biological_Process_2023,Visual System Development (GO:0150063),7/41,0.6283254718790637,0.9999963078360776,0,0,0.9342968596983744,0.4341649286065157,C3;FOXC1;MAB21L1;SMOC1;CPAMD8;CHRDL1;MEIS2,LumB,Suppressed
GO_Biological_Process_2023,B Cell Chemotaxis (GO:0035754),1/5,0.630541861314495,0.9999963078360776,0,0,1.1346952908587258,0.5232939312948577,CYP7B1,LumB,Suppressed
GO_Biological_Process_2023,C-terminal Protein Lipidation (GO:0006501),1/5,0.630541861314495,0.9999963078360776,0,0,1.1346952908587258,0.5232939312948577,GPLD1,LumB,Suppressed
GO_Biological_Process_2023,DNA Methylation Involved In Embryo Development (GO:0043045),1/5,0.630541861314495,0.9999963078360776,0,0,1.1346952908587258,0.5232939312948577,STPG4,LumB,Suppressed
GO_Biological_Process_2023,L-ascorbic Acid Metabolic Process (GO:0019852),1/5,0.630541861314495,0.9999963078360776,0,0,1.1346952908587258,0.5232939312948577,RGN,LumB,Suppressed
GO_Biological_Process_2023,L-ornithine Transmembrane Transport (GO:1903352),1/5,0.630541861314495,0.9999963078360776,0,0,1.1346952908587258,0.5232939312948577,SLC7A3,LumB,Suppressed
GO_Biological_Process_2023,"Anterior/Posterior Axis Specification, Embryo (GO:0008595)",1/5,0.630541861314495,0.9999963078360776,0,0,1.1346952908587258,0.5232939312948577,TDGF1,LumB,Suppressed
GO_Biological_Process_2023,Astrocyte Differentiation (GO:0048708),1/5,0.630541861314495,0.9999963078360776,0,0,1.1346952908587258,0.5232939312948577,DLL1,LumB,Suppressed
GO_Biological_Process_2023,Bradykinin Catabolic Process (GO:0010815),1/5,0.630541861314495,0.9999963078360776,0,0,1.1346952908587258,0.5232939312948577,MME,LumB,Suppressed
GO_Biological_Process_2023,Cardiolipin Acyl-Chain Remodeling (GO:0035965),1/5,0.630541861314495,0.9999963078360776,0,0,1.1346952908587258,0.5232939312948577,PLA2G5,LumB,Suppressed
GO_Biological_Process_2023,Cell-Cell Signaling Involved In Cardiac Conduction (GO:0086019),1/5,0.630541861314495,0.9999963078360776,0,0,1.1346952908587258,0.5232939312948577,CASQ2,LumB,Suppressed
GO_Biological_Process_2023,Cellular Response To Cold (GO:0070417),1/5,0.630541861314495,0.9999963078360776,0,0,1.1346952908587258,0.5232939312948577,FOXO1,LumB,Suppressed
GO_Biological_Process_2023,Chitin Catabolic Process (GO:0006032),1/5,0.630541861314495,0.9999963078360776,0,0,1.1346952908587258,0.5232939312948577,CHI3L2,LumB,Suppressed
GO_Biological_Process_2023,Chitin Metabolic Process (GO:0006030),1/5,0.630541861314495,0.9999963078360776,0,0,1.1346952908587258,0.5232939312948577,CHI3L2,LumB,Suppressed
GO_Biological_Process_2023,Cholesterol Import (GO:0070508),1/5,0.630541861314495,0.9999963078360776,0,0,1.1346952908587258,0.5232939312948577,CD36,LumB,Suppressed
GO_Biological_Process_2023,Coumarin Metabolic Process (GO:0009804),1/5,0.630541861314495,0.9999963078360776,0,0,1.1346952908587258,0.5232939312948577,UGT1A7,LumB,Suppressed
GO_Biological_Process_2023,Embryonic Brain Development (GO:1990403),1/5,0.630541861314495,0.9999963078360776,0,0,1.1346952908587258,0.5232939312948577,RNF112,LumB,Suppressed
GO_Biological_Process_2023,Embryonic Skeletal Joint Development (GO:0072498),1/5,0.630541861314495,0.9999963078360776,0,0,1.1346952908587258,0.5232939312948577,NOG,LumB,Suppressed
GO_Biological_Process_2023,Establishment Of Lymphocyte Polarity (GO:0001767),1/5,0.630541861314495,0.9999963078360776,0,0,1.1346952908587258,0.5232939312948577,CCL21,LumB,Suppressed
GO_Biological_Process_2023,Female Gonad Development (GO:0008585),1/5,0.630541861314495,0.9999963078360776,0,0,1.1346952908587258,0.5232939312948577,NR5A1,LumB,Suppressed
GO_Biological_Process_2023,Gamma-Aminobutyric Acid Metabolic Process (GO:0009448),1/5,0.630541861314495,0.9999963078360776,0,0,1.1346952908587258,0.5232939312948577,ALDH1A1,LumB,Suppressed
GO_Biological_Process_2023,Glucocorticoid Biosynthetic Process (GO:0006704),1/5,0.630541861314495,0.9999963078360776,0,0,1.1346952908587258,0.5232939312948577,CYP11A1,LumB,Suppressed
GO_Biological_Process_2023,Glycolipid Transport (GO:0046836),1/5,0.630541861314495,0.9999963078360776,0,0,1.1346952908587258,0.5232939312948577,PLTP,LumB,Suppressed
GO_Biological_Process_2023,Glycosylceramide Metabolic Process (GO:0006677),1/5,0.630541861314495,0.9999963078360776,0,0,1.1346952908587258,0.5232939312948577,ST6GALNAC3,LumB,Suppressed
GO_Biological_Process_2023,Heme Transport (GO:0015886),1/5,0.630541861314495,0.9999963078360776,0,0,1.1346952908587258,0.5232939312948577,NRG1,LumB,Suppressed
GO_Biological_Process_2023,Hexose Catabolic Process (GO:0019320),1/5,0.630541861314495,0.9999963078360776,0,0,1.1346952908587258,0.5232939312948577,TKTL1,LumB,Suppressed
GO_Biological_Process_2023,Hexose Import Across Plasma Membrane (GO:0140271),1/5,0.630541861314495,0.9999963078360776,0,0,1.1346952908587258,0.5232939312948577,SLC5A1,LumB,Suppressed
GO_Biological_Process_2023,Hydrogen Peroxide Biosynthetic Process (GO:0050665),1/5,0.630541861314495,0.9999963078360776,0,0,1.1346952908587258,0.5232939312948577,DUOX2,LumB,Suppressed
GO_Biological_Process_2023,Imitative Learning (GO:0098596),1/5,0.630541861314495,0.9999963078360776,0,0,1.1346952908587258,0.5232939312948577,SHANK3,LumB,Suppressed
GO_Biological_Process_2023,Inclusion Body Assembly (GO:0070841),1/5,0.630541861314495,0.9999963078360776,0,0,1.1346952908587258,0.5232939312948577,PRKN,LumB,Suppressed
GO_Biological_Process_2023,Induction Of Bacterial Agglutination (GO:0043152),1/5,0.630541861314495,0.9999963078360776,0,0,1.1346952908587258,0.5232939312948577,RNASE3,LumB,Suppressed
GO_Biological_Process_2023,Inflammatory Response To Wounding (GO:0090594),1/5,0.630541861314495,0.9999963078360776,0,0,1.1346952908587258,0.5232939312948577,IL6,LumB,Suppressed
GO_Biological_Process_2023,Interleukin-4-Mediated Signaling Pathway (GO:0035771),1/5,0.630541861314495,0.9999963078360776,0,0,1.1346952908587258,0.5232939312948577,STAT5A,LumB,Suppressed
GO_Biological_Process_2023,Interleukin-5-Mediated Signaling Pathway (GO:0038043),1/5,0.630541861314495,0.9999963078360776,0,0,1.1346952908587258,0.5232939312948577,STAT5A,LumB,Suppressed
GO_Biological_Process_2023,Intracellular Phosphate Ion Homeostasis (GO:0030643),1/5,0.630541861314495,0.9999963078360776,0,0,1.1346952908587258,0.5232939312948577,SLC34A2,LumB,Suppressed
GO_Biological_Process_2023,Iron Coordination Entity Transport (GO:1901678),1/5,0.630541861314495,0.9999963078360776,0,0,1.1346952908587258,0.5232939312948577,NRG1,LumB,Suppressed
GO_Biological_Process_2023,Ketone Body Biosynthetic Process (GO:0046951),1/5,0.630541861314495,0.9999963078360776,0,0,1.1346952908587258,0.5232939312948577,HMGCS2,LumB,Suppressed
GO_Biological_Process_2023,Leukocyte Chemotaxis Involved In Inflammatory Response (GO:0002232),1/5,0.630541861314495,0.9999963078360776,0,0,1.1346952908587258,0.5232939312948577,PTN,LumB,Suppressed
GO_Biological_Process_2023,Lipid Droplet Disassembly (GO:1905691),1/5,0.630541861314495,0.9999963078360776,0,0,1.1346952908587258,0.5232939312948577,PNPLA2,LumB,Suppressed
GO_Biological_Process_2023,mRNA 3'-Splice Site Recognition (GO:0000389),1/5,0.630541861314495,0.9999963078360776,0,0,1.1346952908587258,0.5232939312948577,NR5A1,LumB,Suppressed
GO_Biological_Process_2023,mRNA 5'-Splice Site Recognition (GO:0000395),1/5,0.630541861314495,0.9999963078360776,0,0,1.1346952908587258,0.5232939312948577,SRSF12,LumB,Suppressed
GO_Biological_Process_2023,Medium-Chain Fatty Acid Biosynthetic Process (GO:0051792),1/5,0.630541861314495,0.9999963078360776,0,0,1.1346952908587258,0.5232939312948577,OLAH,LumB,Suppressed
GO_Biological_Process_2023,Medium-Chain fatty-acyl-CoA Metabolic Process (GO:0036112),1/5,0.630541861314495,0.9999963078360776,0,0,1.1346952908587258,0.5232939312948577,ACSM2A,LumB,Suppressed
GO_Biological_Process_2023,Mesenchymal Cell Differentiation Involved In Kidney Development (GO:0072161),1/5,0.630541861314495,0.9999963078360776,0,0,1.1346952908587258,0.5232939312948577,TCF21,LumB,Suppressed
GO_Biological_Process_2023,Mesodermal Cell Fate Commitment (GO:0001710),1/5,0.630541861314495,0.9999963078360776,0,0,1.1346952908587258,0.5232939312948577,KLF4,LumB,Suppressed
GO_Biological_Process_2023,Metanephric Collecting Duct Development (GO:0072205),1/5,0.630541861314495,0.9999963078360776,0,0,1.1346952908587258,0.5232939312948577,PTCH1,LumB,Suppressed
GO_Biological_Process_2023,Monoterpenoid Metabolic Process (GO:0016098),1/5,0.630541861314495,0.9999963078360776,0,0,1.1346952908587258,0.5232939312948577,CYP3A4,LumB,Suppressed
GO_Biological_Process_2023,Negative Regulation Of PERK-mediated Unfolded Protein Response (GO:1903898),1/5,0.630541861314495,0.9999963078360776,0,0,1.1346952908587258,0.5232939312948577,PPP1R15A,LumB,Suppressed
GO_Biological_Process_2023,Negative Regulation Of Actin Filament Depolymerization (GO:0030835),1/5,0.630541861314495,0.9999963078360776,0,0,1.1346952908587258,0.5232939312948577,PLEKHH2,LumB,Suppressed
GO_Biological_Process_2023,Negative Regulation Of Amyloid Precursor Protein Biosynthetic Process (GO:0042985),1/5,0.630541861314495,0.9999963078360776,0,0,1.1346952908587258,0.5232939312948577,ITM2A,LumB,Suppressed
GO_Biological_Process_2023,Negative Regulation Of Astrocyte Differentiation (GO:0048712),1/5,0.630541861314495,0.9999963078360776,0,0,1.1346952908587258,0.5232939312948577,NOG,LumB,Suppressed
GO_Biological_Process_2023,Negative Regulation Of Calcium Ion Import (GO:0090281),1/5,0.630541861314495,0.9999963078360776,0,0,1.1346952908587258,0.5232939312948577,PLN,LumB,Suppressed
GO_Biological_Process_2023,Negative Regulation Of Cardiac Muscle Cell Apoptotic Process (GO:0010667),1/5,0.630541861314495,0.9999963078360776,0,0,1.1346952908587258,0.5232939312948577,HAND2,LumB,Suppressed
GO_Biological_Process_2023,Negative Regulation Of Cardiac Muscle Tissue Growth (GO:0055022),1/5,0.630541861314495,0.9999963078360776,0,0,1.1346952908587258,0.5232939312948577,NOG,LumB,Suppressed
GO_Biological_Process_2023,Negative Regulation Of Cell Size (GO:0045792),1/5,0.630541861314495,0.9999963078360776,0,0,1.1346952908587258,0.5232939312948577,CAV3,LumB,Suppressed
GO_Biological_Process_2023,Negative Regulation Of Chemokine-Mediated Signaling Pathway (GO:0070100),1/5,0.630541861314495,0.9999963078360776,0,0,1.1346952908587258,0.5232939312948577,SLIT2,LumB,Suppressed
GO_Biological_Process_2023,Negative Regulation Of Erythrocyte Differentiation (GO:0045647),1/5,0.630541861314495,0.9999963078360776,0,0,1.1346952908587258,0.5232939312948577,ZFP36,LumB,Suppressed
GO_Biological_Process_2023,Negative Regulation Of Fibroblast Migration (GO:0010764),1/5,0.630541861314495,0.9999963078360776,0,0,1.1346952908587258,0.5232939312948577,HAS1,LumB,Suppressed
GO_Biological_Process_2023,Negative Regulation Of Glucocorticoid Receptor Signaling Pathway (GO:2000323),1/5,0.630541861314495,0.9999963078360776,0,0,1.1346952908587258,0.5232939312948577,PER1,LumB,Suppressed
GO_Biological_Process_2023,Negative Regulation Of Insulin-Like Growth Factor Receptor Signaling Pathway (GO:0043569),1/5,0.630541861314495,0.9999963078360776,0,0,1.1346952908587258,0.5232939312948577,BMP5,LumB,Suppressed
GO_Biological_Process_2023,Negative Regulation Of Lipoprotein Lipase Activity (GO:0051005),1/5,0.630541861314495,0.9999963078360776,0,0,1.1346952908587258,0.5232939312948577,ANGPTL4,LumB,Suppressed
GO_Biological_Process_2023,Negative Regulation Of Mast Cell Activation (GO:0033004),1/5,0.630541861314495,0.9999963078360776,0,0,1.1346952908587258,0.5232939312948577,ENPP3,LumB,Suppressed
GO_Biological_Process_2023,Negative Regulation Of Meiotic Cell Cycle (GO:0051447),1/5,0.630541861314495,0.9999963078360776,0,0,1.1346952908587258,0.5232939312948577,DUSP1,LumB,Suppressed
GO_Biological_Process_2023,Negative Regulation Of Myeloid Leukocyte Mediated Immunity (GO:0002887),1/5,0.630541861314495,0.9999963078360776,0,0,1.1346952908587258,0.5232939312948577,CX3CR1,LumB,Suppressed
GO_Biological_Process_2023,Negative Regulation Of Nervous System Process (GO:0031645),1/5,0.630541861314495,0.9999963078360776,0,0,1.1346952908587258,0.5232939312948577,JAM2,LumB,Suppressed
GO_Biological_Process_2023,Negative Regulation Of Protein Targeting To Membrane (GO:0090315),1/5,0.630541861314495,0.9999963078360776,0,0,1.1346952908587258,0.5232939312948577,KCNE1,LumB,Suppressed
GO_Biological_Process_2023,Negative Regulation Of Transcription From RNA Polymerase II Promoter In Response To Stress (GO:0097201),1/5,0.630541861314495,0.9999963078360776,0,0,1.1346952908587258,0.5232939312948577,JUN,LumB,Suppressed
GO_Biological_Process_2023,Neurotransmitter Loading Into Synaptic Vesicle (GO:0098700),1/5,0.630541861314495,0.9999963078360776,0,0,1.1346952908587258,0.5232939312948577,SLC17A7,LumB,Suppressed
GO_Biological_Process_2023,Neutrophil Extravasation (GO:0072672),1/5,0.630541861314495,0.9999963078360776,0,0,1.1346952908587258,0.5232939312948577,PECAM1,LumB,Suppressed
GO_Biological_Process_2023,Nucleoside Triphosphate Biosynthetic Process (GO:0009142),1/5,0.630541861314495,0.9999963078360776,0,0,1.1346952908587258,0.5232939312948577,AK5,LumB,Suppressed
GO_Biological_Process_2023,"Nucleotide-Binding Domain, Leucine Rich Repeat Containing Receptor Signaling Pathway (GO:0035872)",1/5,0.630541861314495,0.9999963078360776,0,0,1.1346952908587258,0.5232939312948577,MAP2K6,LumB,Suppressed
GO_Biological_Process_2023,Ornithine Transport (GO:0015822),1/5,0.630541861314495,0.9999963078360776,0,0,1.1346952908587258,0.5232939312948577,SLC7A3,LumB,Suppressed
GO_Biological_Process_2023,Phosphatidylinositol Acyl-Chain Remodeling (GO:0036149),1/5,0.630541861314495,0.9999963078360776,0,0,1.1346952908587258,0.5232939312948577,PLA2G4E,LumB,Suppressed
GO_Biological_Process_2023,Photoreceptor Cell Differentiation (GO:0046530),1/5,0.630541861314495,0.9999963078360776,0,0,1.1346952908587258,0.5232939312948577,RP1L1,LumB,Suppressed
GO_Biological_Process_2023,Polyamine Transport (GO:0015846),1/5,0.630541861314495,0.9999963078360776,0,0,1.1346952908587258,0.5232939312948577,SLC22A3,LumB,Suppressed
GO_Biological_Process_2023,Positive Regulation Of Animal Organ Morphogenesis (GO:0110110),1/5,0.630541861314495,0.9999963078360776,0,0,1.1346952908587258,0.5232939312948577,CD34,LumB,Suppressed
GO_Biological_Process_2023,Positive Regulation Of Antigen Processing And Presentation (GO:0002579),1/5,0.630541861314495,0.9999963078360776,0,0,1.1346952908587258,0.5232939312948577,CCL21,LumB,Suppressed
GO_Biological_Process_2023,Positive Regulation Of Autophagy Of Mitochondrion In Response To Mitochondrial Depolarization (GO:1904925),1/5,0.630541861314495,0.9999963078360776,0,0,1.1346952908587258,0.5232939312948577,PRKN,LumB,Suppressed
GO_Biological_Process_2023,Positive Regulation Of Cardiac Muscle Cell Differentiation (GO:2000727),1/5,0.630541861314495,0.9999963078360776,0,0,1.1346952908587258,0.5232939312948577,MYOCD,LumB,Suppressed
GO_Biological_Process_2023,Positive Regulation Of Cholesterol Biosynthetic Process (GO:0045542),1/5,0.630541861314495,0.9999963078360776,0,0,1.1346952908587258,0.5232939312948577,FGF1,LumB,Suppressed
GO_Biological_Process_2023,Positive Regulation Of Dendritic Cell Antigen Processing And Presentation (GO:0002606),1/5,0.630541861314495,0.9999963078360776,0,0,1.1346952908587258,0.5232939312948577,CCL21,LumB,Suppressed
GO_Biological_Process_2023,Positive Regulation Of Extrinsic Apoptotic Signaling Pathway Via Death Domain Receptors (GO:1902043),1/5,0.630541861314495,0.9999963078360776,0,0,1.1346952908587258,0.5232939312948577,SFRP1,LumB,Suppressed
GO_Biological_Process_2023,Positive Regulation Of Focal Adhesion Disassembly (GO:0120183),1/5,0.630541861314495,0.9999963078360776,0,0,1.1346952908587258,0.5232939312948577,PIK3R1,LumB,Suppressed
GO_Biological_Process_2023,Positive Regulation Of Gap Junction Assembly (GO:1903598),1/5,0.630541861314495,0.9999963078360776,0,0,1.1346952908587258,0.5232939312948577,CAV1,LumB,Suppressed
GO_Biological_Process_2023,Positive Regulation Of Gonad Development (GO:1905941),1/5,0.630541861314495,0.9999963078360776,0,0,1.1346952908587258,0.5232939312948577,NR5A1,LumB,Suppressed
GO_Biological_Process_2023,Positive Regulation Of Granulocyte Differentiation (GO:0030854),1/5,0.630541861314495,0.9999963078360776,0,0,1.1346952908587258,0.5232939312948577,TESC,LumB,Suppressed
GO_Biological_Process_2023,Positive Regulation Of Growth Hormone Secretion (GO:0060124),1/5,0.630541861314495,0.9999963078360776,0,0,1.1346952908587258,0.5232939312948577,DRD2,LumB,Suppressed
GO_Biological_Process_2023,Positive Regulation Of Killing Of Cells Of Another Organism (GO:0051712),1/5,0.630541861314495,0.9999963078360776,0,0,1.1346952908587258,0.5232939312948577,FCER2,LumB,Suppressed
GO_Biological_Process_2023,Positive Regulation Of Male Gonad Development (GO:2000020),1/5,0.630541861314495,0.9999963078360776,0,0,1.1346952908587258,0.5232939312948577,NR5A1,LumB,Suppressed
GO_Biological_Process_2023,Positive Regulation Of Microglial Cell Activation (GO:1903980),1/5,0.630541861314495,0.9999963078360776,0,0,1.1346952908587258,0.5232939312948577,TAFA3,LumB,Suppressed
GO_Biological_Process_2023,Positive Regulation Of Osteoblast Proliferation (GO:0033690),1/5,0.630541861314495,0.9999963078360776,0,0,1.1346952908587258,0.5232939312948577,SOX8,LumB,Suppressed
GO_Biological_Process_2023,Positive Regulation Of Protein Catabolic Process In The Vacuole (GO:1904352),1/5,0.630541861314495,0.9999963078360776,0,0,1.1346952908587258,0.5232939312948577,LRP1,LumB,Suppressed
GO_Biological_Process_2023,Positive Regulation Of Skeletal Muscle Fiber Development (GO:0048743),1/5,0.630541861314495,0.9999963078360776,0,0,1.1346952908587258,0.5232939312948577,MYF6,LumB,Suppressed
GO_Biological_Process_2023,Positive Regulation Of Sterol Biosynthetic Process (GO:0106120),1/5,0.630541861314495,0.9999963078360776,0,0,1.1346952908587258,0.5232939312948577,FGF1,LumB,Suppressed
GO_Biological_Process_2023,Positive Regulation Of Tau-Protein Kinase Activity (GO:1902949),1/5,0.630541861314495,0.9999963078360776,0,0,1.1346952908587258,0.5232939312948577,EGR1,LumB,Suppressed
GO_Biological_Process_2023,Positive Regulation Of Transcription Of Notch Receptor Target (GO:0007221),1/5,0.630541861314495,0.9999963078360776,0,0,1.1346952908587258,0.5232939312948577,NOTCH4,LumB,Suppressed
GO_Biological_Process_2023,Positive Regulation Of Vascular Associated Smooth Muscle Cell Differentiation (GO:1905065),1/5,0.630541861314495,0.9999963078360776,0,0,1.1346952908587258,0.5232939312948577,KIT,LumB,Suppressed
GO_Biological_Process_2023,Postsynaptic Density Assembly (GO:0097107),1/5,0.630541861314495,0.9999963078360776,0,0,1.1346952908587258,0.5232939312948577,SHANK3,LumB,Suppressed
GO_Biological_Process_2023,Prepulse Inhibition (GO:0060134),1/5,0.630541861314495,0.9999963078360776,0,0,1.1346952908587258,0.5232939312948577,DRD2,LumB,Suppressed
GO_Biological_Process_2023,Protection From Natural Killer Cell Mediated Cytotoxicity (GO:0042270),1/5,0.630541861314495,0.9999963078360776,0,0,1.1346952908587258,0.5232939312948577,SERPINB4,LumB,Suppressed
GO_Biological_Process_2023,Protein Import (GO:0017038),1/5,0.630541861314495,0.9999963078360776,0,0,1.1346952908587258,0.5232939312948577,GPIHBP1,LumB,Suppressed
GO_Biological_Process_2023,Protein Localization To Non-Motile Cilium (GO:0097499),1/5,0.630541861314495,0.9999963078360776,0,0,1.1346952908587258,0.5232939312948577,PCARE,LumB,Suppressed
GO_Biological_Process_2023,Protein Repair (GO:0030091),1/5,0.630541861314495,0.9999963078360776,0,0,1.1346952908587258,0.5232939312948577,MSRB3,LumB,Suppressed
GO_Biological_Process_2023,Purine Nucleobase Transmembrane Transport (GO:1904823),1/5,0.630541861314495,0.9999963078360776,0,0,1.1346952908587258,0.5232939312948577,SLC28A3,LumB,Suppressed
GO_Biological_Process_2023,Purine-Containing Compound Catabolic Process (GO:0072523),1/5,0.630541861314495,0.9999963078360776,0,0,1.1346952908587258,0.5232939312948577,URAD,LumB,Suppressed
GO_Biological_Process_2023,Pyrimidine Nucleoside Transport (GO:0015864),1/5,0.630541861314495,0.9999963078360776,0,0,1.1346952908587258,0.5232939312948577,SLC28A3,LumB,Suppressed
GO_Biological_Process_2023,Regulation Of Basement Membrane Organization (GO:0110011),1/5,0.630541861314495,0.9999963078360776,0,0,1.1346952908587258,0.5232939312948577,LAMA2,LumB,Suppressed
GO_Biological_Process_2023,Regulation Of Blood Vessel Remodeling (GO:0060312),1/5,0.630541861314495,0.9999963078360776,0,0,1.1346952908587258,0.5232939312948577,NRG1,LumB,Suppressed
GO_Biological_Process_2023,Regulation Of Circadian Sleep/Wake Cycle (GO:0042749),1/5,0.630541861314495,0.9999963078360776,0,0,1.1346952908587258,0.5232939312948577,PTGDS,LumB,Suppressed
GO_Biological_Process_2023,"Regulation Of Circadian Sleep/Wake Cycle, Sleep (GO:0045187)",1/5,0.630541861314495,0.9999963078360776,0,0,1.1346952908587258,0.5232939312948577,PTGDS,LumB,Suppressed
GO_Biological_Process_2023,Regulation Of Establishment Of T Cell Polarity (GO:1903903),1/5,0.630541861314495,0.9999963078360776,0,0,1.1346952908587258,0.5232939312948577,GSN,LumB,Suppressed
GO_Biological_Process_2023,Regulation Of Excitatory Synapse Assembly (GO:1904889),1/5,0.630541861314495,0.9999963078360776,0,0,1.1346952908587258,0.5232939312948577,LRRC4B,LumB,Suppressed
GO_Biological_Process_2023,Regulation Of Fat Cell Proliferation (GO:0070344),1/5,0.630541861314495,0.9999963078360776,0,0,1.1346952908587258,0.5232939312948577,PID1,LumB,Suppressed
GO_Biological_Process_2023,Regulation Of Focal Adhesion Disassembly (GO:0120182),1/5,0.630541861314495,0.9999963078360776,0,0,1.1346952908587258,0.5232939312948577,PIK3R1,LumB,Suppressed
GO_Biological_Process_2023,Regulation Of Glycogen (Starch) Synthase Activity (GO:2000465),1/5,0.630541861314495,0.9999963078360776,0,0,1.1346952908587258,0.5232939312948577,IGF2,LumB,Suppressed
GO_Biological_Process_2023,Regulation Of Guanylate Cyclase Activity (GO:0031282),1/5,0.630541861314495,0.9999963078360776,0,0,1.1346952908587258,0.5232939312948577,NOS1,LumB,Suppressed
GO_Biological_Process_2023,Regulation Of Hepatocyte Proliferation (GO:2000345),1/5,0.630541861314495,0.9999963078360776,0,0,1.1346952908587258,0.5232939312948577,PTN,LumB,Suppressed
GO_Biological_Process_2023,Regulation Of Interleukin-1-Mediated Signaling Pathway (GO:2000659),1/5,0.630541861314495,0.9999963078360776,0,0,1.1346952908587258,0.5232939312948577,IL6,LumB,Suppressed
GO_Biological_Process_2023,Regulation Of mRNA Binding (GO:1902415),1/5,0.630541861314495,0.9999963078360776,0,0,1.1346952908587258,0.5232939312948577,LARP6,LumB,Suppressed
GO_Biological_Process_2023,Regulation Of Mast Cell Chemotaxis (GO:0060753),1/5,0.630541861314495,0.9999963078360776,0,0,1.1346952908587258,0.5232939312948577,VEGFD,LumB,Suppressed
GO_Biological_Process_2023,Regulation Of Natural Killer Cell Mediated Immunity (GO:0002715),1/5,0.630541861314495,0.9999963078360776,0,0,1.1346952908587258,0.5232939312948577,LEP,LumB,Suppressed
GO_Biological_Process_2023,Regulation Of Neutrophil Activation (GO:1902563),1/5,0.630541861314495,0.9999963078360776,0,0,1.1346952908587258,0.5232939312948577,PLA2G2A,LumB,Suppressed
GO_Biological_Process_2023,Regulation Of Nitric Oxide Mediated Signal Transduction (GO:0010749),1/5,0.630541861314495,0.9999963078360776,0,0,1.1346952908587258,0.5232939312948577,EGFR,LumB,Suppressed
GO_Biological_Process_2023,Regulation Of Peptidyl-Cysteine S-nitrosylation (GO:2000169),1/5,0.630541861314495,0.9999963078360776,0,0,1.1346952908587258,0.5232939312948577,DMD,LumB,Suppressed
GO_Biological_Process_2023,Regulation Of Protein Targeting (GO:1903533),1/5,0.630541861314495,0.9999963078360776,0,0,1.1346952908587258,0.5232939312948577,PRKN,LumB,Suppressed
GO_Biological_Process_2023,Regulation Of Relaxation Of Cardiac Muscle (GO:1901897),1/5,0.630541861314495,0.9999963078360776,0,0,1.1346952908587258,0.5232939312948577,PLN,LumB,Suppressed
GO_Biological_Process_2023,Regulation Of Retinal Ganglion Cell Axon Guidance (GO:0090259),1/5,0.630541861314495,0.9999963078360776,0,0,1.1346952908587258,0.5232939312948577,SLIT2,LumB,Suppressed
GO_Biological_Process_2023,"Regulation Of Retrograde Transport, Endosome To Golgi (GO:1905279)",1/5,0.630541861314495,0.9999963078360776,0,0,1.1346952908587258,0.5232939312948577,PRKN,LumB,Suppressed
GO_Biological_Process_2023,Regulation Of Ribonuclease Activity (GO:0060700),1/5,0.630541861314495,0.9999963078360776,0,0,1.1346952908587258,0.5232939312948577,PDE3A,LumB,Suppressed
GO_Biological_Process_2023,Regulation Of Superoxide Metabolic Process (GO:0090322),1/5,0.630541861314495,0.9999963078360776,0,0,1.1346952908587258,0.5232939312948577,FBLN5,LumB,Suppressed
GO_Biological_Process_2023,Regulation Of Very-Low-Density Lipoprotein Particle Remodeling (GO:0010901),1/5,0.630541861314495,0.9999963078360776,0,0,1.1346952908587258,0.5232939312948577,NR1H4,LumB,Suppressed
GO_Biological_Process_2023,Reproductive System Development (GO:0061458),1/5,0.630541861314495,0.9999963078360776,0,0,1.1346952908587258,0.5232939312948577,LHCGR,LumB,Suppressed
GO_Biological_Process_2023,Response To Gonadotropin (GO:0034698),1/5,0.630541861314495,0.9999963078360776,0,0,1.1346952908587258,0.5232939312948577,TGFBR3,LumB,Suppressed
GO_Biological_Process_2023,Response To Lithium Ion (GO:0010226),1/5,0.630541861314495,0.9999963078360776,0,0,1.1346952908587258,0.5232939312948577,SLC13A5,LumB,Suppressed
GO_Biological_Process_2023,Response To Manganese Ion (GO:0010042),1/5,0.630541861314495,0.9999963078360776,0,0,1.1346952908587258,0.5232939312948577,PRKN,LumB,Suppressed
GO_Biological_Process_2023,Response To Peptidoglycan (GO:0032494),1/5,0.630541861314495,0.9999963078360776,0,0,1.1346952908587258,0.5232939312948577,IL6,LumB,Suppressed
GO_Biological_Process_2023,Short-Chain Fatty Acid Catabolic Process (GO:0019626),1/5,0.630541861314495,0.9999963078360776,0,0,1.1346952908587258,0.5232939312948577,PCK1,LumB,Suppressed
GO_Biological_Process_2023,Striated Muscle Hypertrophy (GO:0014897),1/5,0.630541861314495,0.9999963078360776,0,0,1.1346952908587258,0.5232939312948577,MYOC,LumB,Suppressed
GO_Biological_Process_2023,Succinate Transport (GO:0015744),1/5,0.630541861314495,0.9999963078360776,0,0,1.1346952908587258,0.5232939312948577,SLC13A5,LumB,Suppressed
GO_Biological_Process_2023,Thiamine Transmembrane Transport (GO:0071934),1/5,0.630541861314495,0.9999963078360776,0,0,1.1346952908587258,0.5232939312948577,SLC19A3,LumB,Suppressed
GO_Biological_Process_2023,Transmembrane Receptor Protein Tyrosine Phosphatase Signaling Pathway (GO:0007185),1/5,0.630541861314495,0.9999963078360776,0,0,1.1346952908587258,0.5232939312948577,PTN,LumB,Suppressed
GO_Biological_Process_2023,Tripartite Regional Subdivision (GO:0007351),1/5,0.630541861314495,0.9999963078360776,0,0,1.1346952908587258,0.5232939312948577,TDGF1,LumB,Suppressed
GO_Biological_Process_2023,Type B Pancreatic Cell Proliferation (GO:0044342),1/5,0.630541861314495,0.9999963078360776,0,0,1.1346952908587258,0.5232939312948577,CCN3,LumB,Suppressed
GO_Biological_Process_2023,Urea Cycle (GO:0000050),1/5,0.630541861314495,0.9999963078360776,0,0,1.1346952908587258,0.5232939312948577,OTC,LumB,Suppressed
GO_Biological_Process_2023,Uridine Transport (GO:0015862),1/5,0.630541861314495,0.9999963078360776,0,0,1.1346952908587258,0.5232939312948577,SLC28A3,LumB,Suppressed
GO_Biological_Process_2023,Venous Blood Vessel Morphogenesis (GO:0048845),1/5,0.630541861314495,0.9999963078360776,0,0,1.1346952908587258,0.5232939312948577,PROX1,LumB,Suppressed
GO_Biological_Process_2023,Ventricular Cardiac Muscle Cell Development (GO:0055015),1/5,0.630541861314495,0.9999963078360776,0,0,1.1346952908587258,0.5232939312948577,PROX1,LumB,Suppressed
GO_Biological_Process_2023,Vocal Learning (GO:0042297),1/5,0.630541861314495,0.9999963078360776,0,0,1.1346952908587258,0.5232939312948577,SHANK3,LumB,Suppressed
GO_Biological_Process_2023,Xenobiotic Transport Across Blood-Brain Barrier (GO:1990962),1/5,0.630541861314495,0.9999963078360776,0,0,1.1346952908587258,0.5232939312948577,ABCG2,LumB,Suppressed
GO_Biological_Process_2023,Zymogen Inhibition (GO:0097341),1/5,0.630541861314495,0.9999963078360776,0,0,1.1346952908587258,0.5232939312948577,CARD18,LumB,Suppressed
GO_Biological_Process_2023,Cognition (GO:0050890),8/47,0.6322838316711507,0.9999963078360776,0,0,0.9308482247699568,0.4267165435187137,LHCGR;CUX2;PTCHD1;CHRNA7;FAM107A;MGAT3;SOBP;SHROOM4,LumB,Suppressed
GO_Biological_Process_2023,Blood Vessel Morphogenesis (GO:0048514),9/53,0.6362400931283125,0.9999963078360776,0,0,0.9281775276361616,0.419702647978242,CCBE1;SOX17;CAV1;SERPINF2;ID1;HAS2;PROX1;RASIP1;TGFBR2,LumB,Suppressed
GO_Biological_Process_2023,Carboxylic Acid Transport (GO:0046942),9/53,0.6362400931283125,0.9999963078360776,0,0,0.9281775276361616,0.419702647978242,SLC36A2;SLC6A14;SLC7A14;SLC16A12;SLC16A7;SLC16A11;SLC7A10;SLC1A7;SLC7A3,LumB,Suppressed
GO_Biological_Process_2023,Protein Homotetramerization (GO:0051289),9/53,0.6362400931283125,0.9999963078360776,0,0,0.9281775276361616,0.419702647978242,ALDH1A3;ALDH1A2;KIF25;AQP4;AQP5;AQP2;ACACB;RYR3;KCNJ2,LumB,Suppressed
GO_Biological_Process_2023,Tight Junction Assembly (GO:0120192),9/53,0.6362400931283125,0.9999963078360776,0,0,0.9281775276361616,0.419702647978242,CLDN11;CDH5;CLDN10;CLDN5;CLDN8;CLDN19;PECAM1;CLDN16;CLDN2,LumB,Suppressed
GO_Biological_Process_2023,Chordate Embryonic Development (GO:0043009),10/59,0.6401554256385711,0.9999963078360776,0,0,0.9260466197031436,0.4130577973171109,BMP2;WNT11;ALDH1A2;PTCH1;NOG;IGF2;SOX8;PROX1;PCSK5;BMP5,LumB,Suppressed
GO_Biological_Process_2023,Canonical Wnt Signaling Pathway (GO:0060070),11/65,0.6440090699862159,0.9999963078360776,0,0,0.9243055555555556,0.4067336989133555,CCL14;WNT6;SFRP1;TCF7L1;CDH3;WNT11;FZD4;SFRP5;CAV1;FZD7;FZD9,LumB,Suppressed
GO_Biological_Process_2023,Negative Regulation Of Supramolecular Fiber Organization (GO:1902904),12/71,0.6477902429208539,0.9999963078360776,0,0,0.9228552187283662,0.4006929701532573,PRKN;CDH5;KANK1;PLEKHH2;CAV3;MAP2;SLIT2;CRYAB;SHANK3;KANK4;KANK3;SNCA,LumB,Suppressed
GO_Biological_Process_2023,Lamellipodium Organization (GO:0097581),5/30,0.652172395409076,0.9999963078360776,0,0,0.9075984470327232,0.3879496360701809,P2RY12;KIT;S1PR1;ARHGEF4;CDH13,LumB,Suppressed
GO_Biological_Process_2023,Negative Regulation Of Epithelial To Mesenchymal Transition (GO:0010719),5/30,0.652172395409076,0.9999963078360776,0,0,0.9075984470327232,0.3879496360701809,SFRP1;SPRY2;SPRY1;IL17RD;BMP5,LumB,Suppressed
GO_Biological_Process_2023,"Phagocytosis, Engulfment (GO:0006911)",5/30,0.652172395409076,0.9999963078360776,0,0,0.9075984470327232,0.3879496360701809,MARCO;GSN;CD36;XKR4;XKR6,LumB,Suppressed
GO_Biological_Process_2023,Response To Epidermal Growth Factor (GO:0070849),5/30,0.652172395409076,0.9999963078360776,0,0,0.9075984470327232,0.3879496360701809,FOXC1;ZFP36;TDGF1;EGFR;ZFP36L2,LumB,Suppressed
GO_Biological_Process_2023,ERK1 And ERK2 Cascade (GO:0070371),4/24,0.6527078328620762,0.9999963078360776,0,0,0.907624064319379,0.3872157270035262,PTGER4;IGF1;DUSP6;ZFP36L2,LumB,Suppressed
GO_Biological_Process_2023,Acylglycerol Catabolic Process (GO:0046464),4/24,0.6527078328620762,0.9999963078360776,0,0,0.907624064319379,0.3872157270035262,LIPE;MGLL;GPIHBP1;PNPLA2,LumB,Suppressed
GO_Biological_Process_2023,Amyloid Fibril Formation (GO:1990000),4/24,0.6527078328620762,0.9999963078360776,0,0,0.907624064319379,0.3872157270035262,PRKN;GSN;CD36;SNCA,LumB,Suppressed
GO_Biological_Process_2023,Gliogenesis (GO:0042063),4/24,0.6527078328620762,0.9999963078360776,0,0,0.907624064319379,0.3872157270035262,ANXA1;RELN;NFIB;HAPLN3,LumB,Suppressed
GO_Biological_Process_2023,Neuromuscular Junction Development (GO:0007528),4/24,0.6527078328620762,0.9999963078360776,0,0,0.907624064319379,0.3872157270035262,UNC13C;LRP4;PDZRN3;KY,LumB,Suppressed
GO_Biological_Process_2023,Positive Regulation Of Cellular Response To Transforming Growth Factor Beta Stimulus (GO:1903846),4/24,0.6527078328620762,0.9999963078360776,0,0,0.907624064319379,0.3872157270035262,CDKN1C;ZEB2;TNXB;CITED1,LumB,Suppressed
GO_Biological_Process_2023,Positive Regulation Of Transforming Growth Factor Beta Receptor Signaling Pathway (GO:0030511),4/24,0.6527078328620762,0.9999963078360776,0,0,0.907624064319379,0.3872157270035262,CDKN1C;ZEB2;TNXB;CITED1,LumB,Suppressed
GO_Biological_Process_2023,Positive Regulation Of Vascular Endothelial Growth Factor Production (GO:0010575),4/24,0.6527078328620762,0.9999963078360776,0,0,0.907624064319379,0.3872157270035262,C3;CCBE1;IL6;PTGS2,LumB,Suppressed
GO_Biological_Process_2023,Regulation Of Ruffle Assembly (GO:1900027),4/24,0.6527078328620762,0.9999963078360776,0,0,0.907624064319379,0.3872157270035262,P2RY12;KANK1;NLGN1;CAV1,LumB,Suppressed
GO_Biological_Process_2023,Negative Regulation Of Protein Kinase B Signaling (GO:0051898),6/36,0.6530799309509568,0.9999963078360776,0,0,0.9075728155339806,0.3866766179201791,PKHD1;BANK1;SFRP5;DRD2;PPARA;EPHA2,LumB,Suppressed
GO_Biological_Process_2023,Positive Regulation Of Myeloid Cell Differentiation (GO:0045639),6/36,0.6530799309509568,0.9999963078360776,0,0,0.9075728155339806,0.3866766179201791,CSF3;TAL1;TESC;RAB7B;HOXA5;MTURN,LumB,Suppressed
GO_Biological_Process_2023,Protein Destabilization (GO:0031648),6/36,0.6530799309509568,0.9999963078360776,0,0,0.9075728155339806,0.3866766179201791,PRKN;PRNP;GSN;SOX17;CAPN3;SNCA,LumB,Suppressed
GO_Biological_Process_2023,Regulation Of Glucose Import (GO:0046324),6/36,0.6530799309509568,0.9999963078360776,0,0,0.9075728155339806,0.3866766179201791,PID1;LEP;ITLN1;PIK3R1;IGF1;SORBS1,LumB,Suppressed
GO_Biological_Process_2023,Regulation Of Trans-Synaptic Signaling (GO:0099177),6/36,0.6530799309509568,0.9999963078360776,0,0,0.9075728155339806,0.3866766179201791,CX3CR1;NLGN1;RELN;GRIK1;GRIA3;GRIA4,LumB,Suppressed
GO_Biological_Process_2023,Positive Regulation Of Calcium Ion Transmembrane Transport (GO:1904427),7/42,0.6547943425957756,0.9999963078360776,0,0,0.9075471698113208,0.3842863949330702,CAV1;CAPN3;AKAP6;ANK2;LACRT;CX3CL1;SNCA,LumB,Suppressed
GO_Biological_Process_2023,Positive Regulation Of Neuron Differentiation (GO:0045666),7/42,0.6547943425957756,0.9999963078360776,0,0,0.9075471698113208,0.3842863949330702,BMP2;GPRC5B;MMD;VWC2;PROX1;GDPD5;NGF,LumB,Suppressed
GO_Biological_Process_2023,Potassium Ion Import Across Plasma Membrane (GO:1990573),7/42,0.6547943425957756,0.9999963078360776,0,0,0.9075471698113208,0.3842863949330702,ATP4A;FXYD2;KCNJ16;ATP1A2;ABCC9;ATP1B2;KCNJ2,LumB,Suppressed
GO_Biological_Process_2023,Skeletal Muscle Tissue Development (GO:0007519),7/42,0.6547943425957756,0.9999963078360776,0,0,0.9075471698113208,0.3842863949330702,EGR2;CAV2;CAV1;MYF6;TCF21;DMD;MYOZ2,LumB,Suppressed
GO_Biological_Process_2023,Positive Regulation Of Cell Migration (GO:0030335),47/272,0.6555467396621584,0.9999963078360776,0,0,0.947384960718294,0.400067097136664,SEMA5A;SEMA3D;SEMA3A;TWIST2;FAM107A;SEMA3G;PDGFA;NEDD9;LAMC2;FGF1;VSIR;EGFR;MYLK;CDH5;HYAL1;PDGFD;ENPP2;HAS2;SERPINB3;CCL24;PDGFRA;EDN1;MMP7;MYOC;F10;FZD4;SEMA6D;CAV1;NTRK3;PRKCA;IGF1;PLET1;FERMT1;SH3RF2;BMP2;CXCL12;DAAM2;KIT;PECAM1;CDH13;SPRY2;LGR6;TDGF1;FERMT2;EPHA2;DDR2;HBEGF,LumB,Suppressed
GO_Biological_Process_2023,Cardiac Atrium Morphogenesis (GO:0003209),3/18,0.6560767697994152,0.9999963078360776,0,0,0.9076496674057648,0.3825538852393661,BMP2;NOG;PROX1,LumB,Suppressed
GO_Biological_Process_2023,Excitatory Postsynaptic Potential (GO:0060079),3/18,0.6560767697994152,0.9999963078360776,0,0,0.9076496674057648,0.3825538852393661,NPAS4;DRD2;GRIN2B,LumB,Suppressed
GO_Biological_Process_2023,fatty-acyl-CoA Metabolic Process (GO:0035337),3/18,0.6560767697994152,0.9999963078360776,0,0,0.9076496674057648,0.3825538852393661,DGAT2;ACSM2A;ACSL4,LumB,Suppressed
GO_Biological_Process_2023,Mesenchyme Morphogenesis (GO:0072132),3/18,0.6560767697994152,0.9999963078360776,0,0,0.9076496674057648,0.3825538852393661,ADAMTS5;BMP2;NOG,LumB,Suppressed
GO_Biological_Process_2023,Positive Regulation Of DNA Replication (GO:0045740),3/18,0.6560767697994152,0.9999963078360776,0,0,0.9076496674057648,0.3825538852393661,NPM2;GLI1;EGFR,LumB,Suppressed
GO_Biological_Process_2023,Positive Regulation Of Cyclin-Dependent Protein Kinase Activity (GO:1904031),3/18,0.6560767697994152,0.9999963078360776,0,0,0.9076496674057648,0.3825538852393661,RGCC;PROX1;EGFR,LumB,Suppressed
GO_Biological_Process_2023,Regulation Of Epidermal Cell Differentiation (GO:0045604),3/18,0.6560767697994152,0.9999963078360776,0,0,0.9076496674057648,0.3825538852393661,ZFP36;MAFF;DLL1,LumB,Suppressed
GO_Biological_Process_2023,Regulation Of Establishment Or Maintenance Of Cell Polarity (GO:0032878),3/18,0.6560767697994152,0.9999963078360776,0,0,0.9076496674057648,0.3825538852393661,KANK1;CDH5;TEK,LumB,Suppressed
GO_Biological_Process_2023,Response To Organophosphorus (GO:0046683),3/18,0.6560767697994152,0.9999963078360776,0,0,0.9076496674057648,0.3825538852393661,CITED1;AKR1C1;DUOX2,LumB,Suppressed
GO_Biological_Process_2023,Negative Regulation Of Defense Response (GO:0031348),19/112,0.6562326746116234,0.9999963078360776,0,0,0.9268625619656584,0.3904314614182326,PTGER4;PTGIS;ADIPOQ;IL13;NR1H4;KLF4;CDH5;LRFN5;FNDC4;TYRO3;FFAR4;SAA1;SIRPA;CCN3;PPARG;ENPP3;TEK;PPARA;ELANE,LumB,Suppressed
GO_Biological_Process_2023,Regulation Of MAPK Cascade (GO:0043408),35/204,0.6593769621136566,0.9999963078360776,0,0,0.9393656592933826,0.3912081159497082,GSTP1;CHRNA7;PELI2;PDGFA;ADRB2;FGF2;CX3CL1;EGFR;ART4;PKHD1;IGFBP6;PAK3;EPHB1;NTRK2;MYOC;CAV3;DUSP1;CAV2;CAV1;IGF2;LIF;IGF1;ADRA2B;DUSP6;TGFBR3;BMP2;IL6;ADRB3;DOK5;LEP;GFRAL;KIT;TEK;TDGF1;EPHA2,LumB,Suppressed
GO_Biological_Process_2023,Apical Junction Assembly (GO:0043297),9/54,0.6594668938388043,0.9999963078360776,0,0,0.9074958356468628,0.3778118488522037,CLDN11;CDH5;CLDN10;CLDN5;CLDN8;CLDN19;PECAM1;CLDN16;CLDN2,LumB,Suppressed
GO_Biological_Process_2023,Positive Regulation Of Leukocyte Chemotaxis (GO:0002690),9/54,0.6594668938388043,0.9999963078360776,0,0,0.9074958356468628,0.3778118488522037,IL6;CXCL12;EDN3;IL34;RARRES2;DEFB124;NEDD9;VEGFD;PTN,LumB,Suppressed
GO_Biological_Process_2023,Positive Regulation Of Transmembrane Receptor Protein Serine/Threonine Kinase Signaling Pathway (GO:0090100),16/95,0.6621310086133061,0.9999963078360776,0,0,0.9188570623756624,0.3788372730024344,CDKN1C;CRB2;GDF10;TNXB;CITED1;GDF5;BMP6;TGFBR2;BMP5;GDF7;CDH5;BMP3;ZEB2;BMP2;PPARG;LEFTY2,LumB,Suppressed
GO_Biological_Process_2023,Response To Reactive Oxygen Species (GO:0000302),11/66,0.6648926948960365,0.9999963078360776,0,0,0.9074444444444444,0.3703549493901552,PDGFRA;JUN;HYAL1;GSTP1;CAT;HP;HBB;APOD;FOS;HBA1;EGFR,LumB,Suppressed
GO_Biological_Process_2023,Actin-Myosin Filament Sliding (GO:0033275),2/12,0.6660040735667389,0.9999963078360776,0,0,0.9076752563036852,0.3689332235726094,MYH2;MYH3,LumB,Suppressed
GO_Biological_Process_2023,Adipose Tissue Development (GO:0060612),2/12,0.6660040735667389,0.9999963078360776,0,0,0.9076752563036852,0.3689332235726094,DGAT2;SOX8,LumB,Suppressed
GO_Biological_Process_2023,Axonal Fasciculation (GO:0007413),2/12,0.6660040735667389,0.9999963078360776,0,0,0.9076752563036852,0.3689332235726094,SEMA5A;CRTAC1,LumB,Suppressed
GO_Biological_Process_2023,Cell Projection Assembly (GO:0030031),2/12,0.6660040735667389,0.9999963078360776,0,0,0.9076752563036852,0.3689332235726094,GSN;PDGFA,LumB,Suppressed
GO_Biological_Process_2023,Cell-Cell Junction Maintenance (GO:0045217),2/12,0.6660040735667389,0.9999963078360776,0,0,0.9076752563036852,0.3689332235726094,KIRREL1;FERMT2,LumB,Suppressed
GO_Biological_Process_2023,Defense Response To Tumor Cell (GO:0002357),2/12,0.6660040735667389,0.9999963078360776,0,0,0.9076752563036852,0.3689332235726094,KLF4;RBMS3,LumB,Suppressed
GO_Biological_Process_2023,Fatty Acid Transmembrane Transport (GO:1902001),2/12,0.6660040735667389,0.9999963078360776,0,0,0.9076752563036852,0.3689332235726094,ABCD2;CD36,LumB,Suppressed
GO_Biological_Process_2023,Glucose Import (GO:0046323),2/12,0.6660040735667389,0.9999963078360776,0,0,0.9076752563036852,0.3689332235726094,TRARG1;SLC2A4,LumB,Suppressed
GO_Biological_Process_2023,Negative Regulation Of JUN Kinase Activity (GO:0043508),2/12,0.6660040735667389,0.9999963078360776,0,0,0.9076752563036852,0.3689332235726094,SERPINB3;GSTP1,LumB,Suppressed
GO_Biological_Process_2023,Negative Regulation Of Alcohol Biosynthetic Process (GO:1902931),2/12,0.6660040735667389,0.9999963078360776,0,0,0.9076752563036852,0.3689332235726094,BMP2;BMP5,LumB,Suppressed
GO_Biological_Process_2023,Negative Regulation Of Cell Cycle Phase Transition (GO:1901988),2/12,0.6660040735667389,0.9999963078360776,0,0,0.9076752563036852,0.3689332235726094,RGCC;ZFP36L2,LumB,Suppressed
GO_Biological_Process_2023,Negative Regulation Of Coagulation (GO:0050819),2/12,0.6660040735667389,0.9999963078360776,0,0,0.9076752563036852,0.3689332235726094,EDN1;TFPI,LumB,Suppressed
GO_Biological_Process_2023,Negative Regulation Of Locomotion (GO:0040013),2/12,0.6660040735667389,0.9999963078360776,0,0,0.9076752563036852,0.3689332235726094,SPOCK3;ELANE,LumB,Suppressed
GO_Biological_Process_2023,Negative Regulation Of Stem Cell Differentiation (GO:2000737),2/12,0.6660040735667389,0.9999963078360776,0,0,0.9076752563036852,0.3689332235726094,TCF15;ZFP36L2,LumB,Suppressed
GO_Biological_Process_2023,Neutrophil Mediated Immunity (GO:0002446),2/12,0.6660040735667389,0.9999963078360776,0,0,0.9076752563036852,0.3689332235726094,IL6;ANXA3,LumB,Suppressed
GO_Biological_Process_2023,Positive Regulation Of Calcium-Mediated Signaling (GO:0050850),2/12,0.6660040735667389,0.9999963078360776,0,0,0.9076752563036852,0.3689332235726094,CDH13;LACRT,LumB,Suppressed
GO_Biological_Process_2023,Positive Regulation Of Insulin Receptor Signaling Pathway (GO:0046628),2/12,0.6660040735667389,0.9999963078360776,0,0,0.9076752563036852,0.3689332235726094,IGF2;SORBS1,LumB,Suppressed
GO_Biological_Process_2023,Positive Regulation Of Protein Localization To Cell Surface (GO:2000010),2/12,0.6660040735667389,0.9999963078360776,0,0,0.9076752563036852,0.3689332235726094,RIC3;TMEM35A,LumB,Suppressed
GO_Biological_Process_2023,Positive Regulation Of Regulated Secretory Pathway (GO:1903307),2/12,0.6660040735667389,0.9999963078360776,0,0,0.9076752563036852,0.3689332235726094,NLGN1;KCNB1,LumB,Suppressed
GO_Biological_Process_2023,Positive Regulation Of Ruffle Assembly (GO:1900029),2/12,0.6660040735667389,0.9999963078360776,0,0,0.9076752563036852,0.3689332235726094,P2RY12;NLGN1,LumB,Suppressed
GO_Biological_Process_2023,Regulation Of Actin Filament Organization (GO:0110053),2/12,0.6660040735667389,0.9999963078360776,0,0,0.9076752563036852,0.3689332235726094,CSF3;CXCL12,LumB,Suppressed
GO_Biological_Process_2023,Regulation Of Hematopoietic Stem Cell Differentiation (GO:1902036),2/12,0.6660040735667389,0.9999963078360776,0,0,0.9076752563036852,0.3689332235726094,FOXC1;TCF15,LumB,Suppressed
GO_Biological_Process_2023,Regulation Of Lymphocyte Migration (GO:2000401),2/12,0.6660040735667389,0.9999963078360776,0,0,0.9076752563036852,0.3689332235726094,SPNS2;JAM2,LumB,Suppressed
GO_Biological_Process_2023,Regulation Of Platelet-Derived Growth Factor Receptor Signaling Pathway (GO:0010640),2/12,0.6660040735667389,0.9999963078360776,0,0,0.9076752563036852,0.3689332235726094,APOD;SNCA,LumB,Suppressed
GO_Biological_Process_2023,Regulation Of Retinoic Acid Receptor Signaling Pathway (GO:0048385),2/12,0.6660040735667389,0.9999963078360776,0,0,0.9076752563036852,0.3689332235726094,CYP26B1;KLF2,LumB,Suppressed
GO_Biological_Process_2023,Regulation Of Tube Diameter (GO:0035296),2/12,0.6660040735667389,0.9999963078360776,0,0,0.9076752563036852,0.3689332235726094,ACE2;NPR1,LumB,Suppressed
GO_Biological_Process_2023,Response To Muramyl Dipeptide (GO:0032495),2/12,0.6660040735667389,0.9999963078360776,0,0,0.9076752563036852,0.3689332235726094,NLRP1;VIM,LumB,Suppressed
GO_Biological_Process_2023,Semaphorin-Plexin Signaling Pathway Involved In Neuron Projection Guidance (GO:1902285),2/12,0.6660040735667389,0.9999963078360776,0,0,0.9076752563036852,0.3689332235726094,SEMA3A;PLXNA4,LumB,Suppressed
GO_Biological_Process_2023,Vascular Process In Circulatory System (GO:0003018),2/12,0.6660040735667389,0.9999963078360776,0,0,0.9076752563036852,0.3689332235726094,ACE2;NPR1,LumB,Suppressed
GO_Biological_Process_2023,Plasma Membrane Organization (GO:0007009),12/72,0.6677204407328833,0.9999963078360776,0,0,0.9074187274242844,0.3664934433261768,EHD2;ABCD2;CR1;MYMX;CAV3;BIN1;CAVIN2;PLSCR5;PLSCR4;ANK2;TLCD2;SPTBN1,LumB,Suppressed
GO_Biological_Process_2023,Nervous System Development (GO:0007399),75/433,0.6752168896600345,0.9999963078360776,0,0,0.9497878169316716,0.3730019268059656,SEMA5A;CNTFR;CHRM3;TENM1;PPP1R17;CHRM1;GRIK1;CXCL1;VLDLR;LDB2;NR2E1;FGF2;EDNRB;ADGRA2;BOC;DNER;SOX8;SOX6;EPHB1;CER1;EMX2;MAMDC2;NOG;SPINK5;SOX14;NRG1;PROX1;NAV2;GFRA3;SOX10;ECRG4;GFRA2;POU3F3;ZEB2;ADGRF1;FEZ1;B3GNT5;ALDH1A2;GFRAL;TYRO3;DCX;MET;SHANK3;PRKN;NLGN1;PLPPR1;GSTP1;PTN;EGFR;KLK6;UGT8;SNTG2;RELN;ACVR1C;PTPRZ1;IGF2BP2;DRD2;GPM6B;SPTBN1;EGR2;GSN;MOG;ZBTB16;ST8SIA2;FZD9;CRIM1;S100B;FGF17;FABP7;APBA1;FAT4;SCN2A;SCRG1;NES;ADGRL3,LumB,Suppressed
GO_Biological_Process_2023,Muscle Cell Differentiation (GO:0042692),6/37,0.6803350739572113,0.9999963078360776,0,0,0.8782425842244195,0.3382725612297521,FBXO40;MYOCD;MYF6;DMD;SGCZ;TBX18,LumB,Suppressed
GO_Biological_Process_2023,Ventricular Septum Development (GO:0003281),6/37,0.6803350739572113,0.9999963078360776,0,0,0.8782425842244195,0.3382725612297521,TGFBR3;NOG;PDE2A;SLIT2;PROX1;TGFBR2,LumB,Suppressed
GO_Biological_Process_2023,Positive Regulation Of Nervous System Development (GO:0051962),8/49,0.6806823100820397,0.9999963078360776,0,0,0.8853326834683833,0.3405517041140433,CX3CR1;NLGN1;CUX2;MME;SLITRK2;SLITRK3;EPHB1;LRRC4B,LumB,Suppressed
GO_Biological_Process_2023,Regulation Of Cell Communication (GO:0010646),8/49,0.6806823100820397,0.9999963078360776,0,0,0.8853326834683833,0.3405517041140433,SOCS2;ANXA1;GRK5;CASQ2;TDGF1;MGLL;TBX18;TRDN,LumB,Suppressed
GO_Biological_Process_2023,Central Nervous System Neuron Differentiation (GO:0021953),5/31,0.6818673659519534,0.9999963078360776,0,0,0.8726374845343231,0.3341504486610681,NTRK2;MAP2;NPY;NOVA2;PROX1,LumB,Suppressed
GO_Biological_Process_2023,Negative Regulation Of Cell-Matrix Adhesion (GO:0001953),5/31,0.6818673659519534,0.9999963078360776,0,0,0.8726374845343231,0.3341504486610681,MYOC;FAM107A;APOD;HOXA7;PLET1,LumB,Suppressed
GO_Biological_Process_2023,Positive Regulation Of G1/S Transition Of Mitotic Cell Cycle (GO:1900087),5/31,0.6818673659519534,0.9999963078360776,0,0,0.8726374845343231,0.3341504486610681,ANXA1;RGCC;ADAMTS1;HYAL1;EGFR,LumB,Suppressed
GO_Biological_Process_2023,Positive Regulation Of Leukocyte Migration (GO:0002687),5/31,0.6818673659519534,0.9999963078360776,0,0,0.8726374845343231,0.3341504486610681,IL6;EDN3;PTN;LYVE1;JAM3,LumB,Suppressed
GO_Biological_Process_2023,Cardiac Conduction System Development (GO:0003161),4/25,0.6855778067823417,0.9999963078360776,0,0,0.8643510634084518,0.3262867203543464,GJB6;SCN5A;TBX18;CACNA1G,LumB,Suppressed
GO_Biological_Process_2023,Cellular Response To Hexose Stimulus (GO:0071331),4/25,0.6855778067823417,0.9999963078360776,0,0,0.8643510634084518,0.3262867203543464,KCNB1;ZBTB20;PCK1;CYP7A1,LumB,Suppressed
GO_Biological_Process_2023,"Chemical Synaptic Transmission, Postsynaptic (GO:0099565)",4/25,0.6855778067823417,0.9999963078360776,0,0,0.8643510634084518,0.3262867203543464,NPAS4;DRD2;GRIN2B;INSYN2B,LumB,Suppressed
GO_Biological_Process_2023,Negative Regulation Of Response To Wounding (GO:1903035),4/25,0.6855778067823417,0.9999963078360776,0,0,0.8643510634084518,0.3262867203543464,IL33;MMRN1;CLDN19;FGF2,LumB,Suppressed
GO_Biological_Process_2023,Negative Regulation Of Signaling Receptor Activity (GO:2000272),4/25,0.6855778067823417,0.9999963078360776,0,0,0.8643510634084518,0.3262867203543464,CRHBP;CNRIP1;PPARG;PPARA,LumB,Suppressed
GO_Biological_Process_2023,Negative Regulation Of Stress Fiber Assembly (GO:0051497),4/25,0.6855778067823417,0.9999963078360776,0,0,0.8643510634084518,0.3262867203543464,TMEFF2;MYOC;PIK3R1;MET,LumB,Suppressed
GO_Biological_Process_2023,Positive Regulation Of Glucose Import (GO:0046326),4/25,0.6855778067823417,0.9999963078360776,0,0,0.8643510634084518,0.3262867203543464,ITLN1;PIK3R1;IGF1;SORBS1,LumB,Suppressed
GO_Biological_Process_2023,Regulation Of Glycogen Biosynthetic Process (GO:0005979),4/25,0.6855778067823417,0.9999963078360776,0,0,0.8643510634084518,0.3262867203543464,PPP1R3G;IGF2;IGF1;SORBS1,LumB,Suppressed
GO_Biological_Process_2023,Regulation Of Neutrophil Chemotaxis (GO:0090022),4/25,0.6855778067823417,0.9999963078360776,0,0,0.8643510634084518,0.3262867203543464,DPP4;CCL21;SLIT2;JAM3,LumB,Suppressed
GO_Biological_Process_2023,Regulation Of Protein Processing (GO:0070613),4/25,0.6855778067823417,0.9999963078360776,0,0,0.8643510634084518,0.3262867203543464,CCBE1;PRNP;ANGPTL8;GAS1,LumB,Suppressed
GO_Biological_Process_2023,Response To Zinc Ion (GO:0010043),4/25,0.6855778067823417,0.9999963078360776,0,0,0.8643510634084518,0.3262867203543464,HAAO;MT1L;MT1M;MT1X,LumB,Suppressed
GO_Biological_Process_2023,Sodium Ion Homeostasis (GO:0055078),4/25,0.6855778067823417,0.9999963078360776,0,0,0.8643510634084518,0.3262867203543464,ATP4A;FXYD2;ATP1A2;ATP1B2,LumB,Suppressed
GO_Biological_Process_2023,Negative Regulation Of Canonical Wnt Signaling Pathway (GO:0090090),19/114,0.6875445378422662,0.9999963078360776,0,0,0.907238307349666,0.3398774797511409,IGFBP1;TLE4;CCL14;PRKN;CAV1;NOG;LRP4;GLI1;TBX18;DKK4;SFRP1;BMP2;WNT11;SOX17;TMEM88;TNN;SFRP5;IGFBP6;RBMS3,LumB,Suppressed
GO_Biological_Process_2023,Response To Insulin (GO:0032868),13/79,0.6890598005194858,0.9999963078360776,0,0,0.8935898731618576,0.3327971909664501,TRARG1;CITED1;PDE3B;SLC2A4;PIK3R1;SORBS1;FOXO1;CPEB1;LEP;PPARG;PCK1;LPIN1;GPLD1,LumB,Suppressed
GO_Biological_Process_2023,Regulation Of Kinase Activity (GO:0043549),14/85,0.6912136384367917,0.9999963078360776,0,0,0.8945326112918826,0.3303565558777099,CDKN1C;PDGFRA;NTRK2;NTRK3;TIE1;LDB2;EGFR;TYRO3;CCNYL2;ROR1;TEK;MET;DDR2;EPHA2,LumB,Suppressed
GO_Biological_Process_2023,Cyclic Nucleotide Biosynthetic Process (GO:0009190),3/19,0.6933172301272917,0.9999963078360776,0,0,0.8508695953436807,0.3116459824699325,NPR1;NPR2;ADCY4,LumB,Suppressed
GO_Biological_Process_2023,Dopaminergic Neuron Differentiation (GO:0071542),3/19,0.6933172301272917,0.9999963078360776,0,0,0.8508695953436807,0.3116459824699325,LMX1A;EN1;PHOX2A,LumB,Suppressed
GO_Biological_Process_2023,Epithelial Structure Maintenance (GO:0010669),3/19,0.6933172301272917,0.9999963078360776,0,0,0.8508695953436807,0.3116459824699325,PIWIL4;LACRT;MUC4,LumB,Suppressed
GO_Biological_Process_2023,Eye Morphogenesis (GO:0048592),3/19,0.6933172301272917,0.9999963078360776,0,0,0.8508695953436807,0.3116459824699325,MFAP5;ALDH1A3;EFEMP1,LumB,Suppressed
GO_Biological_Process_2023,Gastrulation (GO:0007369),3/19,0.6933172301272917,0.9999963078360776,0,0,0.8508695953436807,0.3116459824699325,NR4A3;GPC3;CER1,LumB,Suppressed
GO_Biological_Process_2023,Glycosphingolipid Biosynthetic Process (GO:0006688),3/19,0.6933172301272917,0.9999963078360776,0,0,0.8508695953436807,0.3116459824699325,ST8SIA1;ST8SIA2;ST6GALNAC3,LumB,Suppressed
GO_Biological_Process_2023,Mesoderm Development (GO:0007498),3/19,0.6933172301272917,0.9999963078360776,0,0,0.8508695953436807,0.3116459824699325,FOXC2;TCF15;TIE1,LumB,Suppressed
GO_Biological_Process_2023,Negative Regulation Of Protein Dephosphorylation (GO:0035308),3/19,0.6933172301272917,0.9999963078360776,0,0,0.8508695953436807,0.3116459824699325,PPP1R15A;PPP1R16B;PPP1R1B,LumB,Suppressed
GO_Biological_Process_2023,Neuron Apoptotic Process (GO:0051402),3/19,0.6933172301272917,0.9999963078360776,0,0,0.8508695953436807,0.3116459824699325,NGFR;NLRP1;SCN2A,LumB,Suppressed
GO_Biological_Process_2023,Positive Regulation Of calcineurin-NFAT Signaling Cascade (GO:0070886),3/19,0.6933172301272917,0.9999963078360776,0,0,0.8508695953436807,0.3116459824699325,AKAP6;IGF1;LACRT,LumB,Suppressed
GO_Biological_Process_2023,Positive Regulation Of Calcineurin-Mediated Signaling (GO:0106058),3/19,0.6933172301272917,0.9999963078360776,0,0,0.8508695953436807,0.3116459824699325,AKAP6;IGF1;LACRT,LumB,Suppressed
GO_Biological_Process_2023,Regulation Of Cellular Response To Growth Factor Stimulus (GO:0090287),3/19,0.6933172301272917,0.9999963078360776,0,0,0.8508695953436807,0.3116459824699325,DOK5;SLIT2;FSTL1,LumB,Suppressed
GO_Biological_Process_2023,Regulation Of Granulocyte Chemotaxis (GO:0071622),3/19,0.6933172301272917,0.9999963078360776,0,0,0.8508695953436807,0.3116459824699325,IL34;RARRES2;JAM3,LumB,Suppressed
GO_Biological_Process_2023,Regulation Of Integrin-Mediated Signaling Pathway (GO:2001044),3/19,0.6933172301272917,0.9999963078360776,0,0,0.8508695953436807,0.3116459824699325,LAMA2;LAMA1;LIMS2,LumB,Suppressed
GO_Biological_Process_2023,Steroid Hormone Biosynthetic Process (GO:0120178),3/19,0.6933172301272917,0.9999963078360776,0,0,0.8508695953436807,0.3116459824699325,CYP11A1;HSD3B1;HSD17B2,LumB,Suppressed
GO_Biological_Process_2023,Xenobiotic Catabolic Process (GO:0042178),3/19,0.6933172301272917,0.9999963078360776,0,0,0.8508695953436807,0.3116459824699325,CYP1A2;NOS1;CYP3A4,LumB,Suppressed
GO_Biological_Process_2023,Regulation Of Canonical Wnt Signaling Pathway (GO:0060828),35/207,0.6942460919420939,0.9999963078360776,0,0,0.9228106628167108,0.3367601711896656,CCL14;PRKN;SEMA5A;KANK1;LRP4;GLI1;EGFR;SCEL;CDH3;WNT11;SOX17;TMEM88;GPC3;RSPO1;IGFBP6;SOX7;WLS;IGFBP1;TLE4;FZD7;CAV1;NOG;FZD9;PLEKHA4;DKK4;SFRP1;GPRC5B;ZEB2;BMP2;DAAM2;SFRP5;CCNYL2;LGR6;FOLR1;RBMS3,LumB,Suppressed
GO_Biological_Process_2023,AV Node Cell To Bundle Of His Cell Communication (GO:0086067),1/6,0.6972640009573172,0.9999963078360776,0,0,0.9077008310249308,0.3273089068675536,SCN5A,LumB,Suppressed
GO_Biological_Process_2023,IRE1-mediated Unfolded Protein Response (GO:0036498),1/6,0.6972640009573172,0.9999963078360776,0,0,0.9077008310249308,0.3273089068675536,ERN2,LumB,Suppressed
GO_Biological_Process_2023,Actin Filament Reorganization (GO:0090527),1/6,0.6972640009573172,0.9999963078360776,0,0,0.9077008310249308,0.3273089068675536,NEDD9,LumB,Suppressed
GO_Biological_Process_2023,Adenosine Metabolic Process (GO:0046085),1/6,0.6972640009573172,0.9999963078360776,0,0,0.9077008310249308,0.3273089068675536,NT5C1A,LumB,Suppressed
GO_Biological_Process_2023,Adenosine To Inosine Editing (GO:0006382),1/6,0.6972640009573172,0.9999963078360776,0,0,0.9077008310249308,0.3273089068675536,ADAD2,LumB,Suppressed
GO_Biological_Process_2023,Adherens Junction Maintenance (GO:0034334),1/6,0.6972640009573172,0.9999963078360776,0,0,0.9077008310249308,0.3273089068675536,FERMT2,LumB,Suppressed
GO_Biological_Process_2023,Aggrephagy (GO:0035973),1/6,0.6972640009573172,0.9999963078360776,0,0,0.9077008310249308,0.3273089068675536,MAP1LC3C,LumB,Suppressed
GO_Biological_Process_2023,Aldehyde Biosynthetic Process (GO:0046184),1/6,0.6972640009573172,0.9999963078360776,0,0,0.9077008310249308,0.3273089068675536,DDR2,LumB,Suppressed
GO_Biological_Process_2023,Amino-Acid Betaine Metabolic Process (GO:0006577),1/6,0.6972640009573172,0.9999963078360776,0,0,0.9077008310249308,0.3273089068675536,BHMT2,LumB,Suppressed
GO_Biological_Process_2023,Angiotensin-Activated Signaling Pathway (GO:0038166),1/6,0.6972640009573172,0.9999963078360776,0,0,0.9077008310249308,0.3273089068675536,CAV1,LumB,Suppressed
GO_Biological_Process_2023,Cardiac Muscle Cell Myoblast Differentiation (GO:0060379),1/6,0.6972640009573172,0.9999963078360776,0,0,0.9077008310249308,0.3273089068675536,NRG1,LumB,Suppressed
GO_Biological_Process_2023,Cardiac Pacemaker Cell Development (GO:0060926),1/6,0.6972640009573172,0.9999963078360776,0,0,0.9077008310249308,0.3273089068675536,TBX18,LumB,Suppressed
GO_Biological_Process_2023,Cellular Hypotonic Response (GO:0071476),1/6,0.6972640009573172,0.9999963078360776,0,0,0.9077008310249308,0.3273089068675536,MYLK,LumB,Suppressed
GO_Biological_Process_2023,Cellular Response To Bacterial Lipopeptide (GO:0071221),1/6,0.6972640009573172,0.9999963078360776,0,0,0.9077008310249308,0.3273089068675536,CD36,LumB,Suppressed
GO_Biological_Process_2023,Cellular Response To Gonadotropin Stimulus (GO:0071371),1/6,0.6972640009573172,0.9999963078360776,0,0,0.9077008310249308,0.3273089068675536,LHCGR,LumB,Suppressed
GO_Biological_Process_2023,Cellular Response To Hepatocyte Growth Factor Stimulus (GO:0035729),1/6,0.6972640009573172,0.9999963078360776,0,0,0.9077008310249308,0.3273089068675536,TDGF1,LumB,Suppressed
GO_Biological_Process_2023,Cellular Response To Interleukin-9 (GO:0071355),1/6,0.6972640009573172,0.9999963078360776,0,0,0.9077008310249308,0.3273089068675536,STAT5A,LumB,Suppressed
GO_Biological_Process_2023,Cholesterol Catabolic Process (GO:0006707),1/6,0.6972640009573172,0.9999963078360776,0,0,0.9077008310249308,0.3273089068675536,CYP7A1,LumB,Suppressed
GO_Biological_Process_2023,Citrulline Metabolic Process (GO:0000052),1/6,0.6972640009573172,0.9999963078360776,0,0,0.9077008310249308,0.3273089068675536,OTC,LumB,Suppressed
GO_Biological_Process_2023,Desmosome Organization (GO:0002934),1/6,0.6972640009573172,0.9999963078360776,0,0,0.9077008310249308,0.3273089068675536,PRKCA,LumB,Suppressed
GO_Biological_Process_2023,Development Of Primary Female Sexual Characteristics (GO:0046545),1/6,0.6972640009573172,0.9999963078360776,0,0,0.9077008310249308,0.3273089068675536,NR5A1,LumB,Suppressed
GO_Biological_Process_2023,Ethanol Catabolic Process (GO:0006068),1/6,0.6972640009573172,0.9999963078360776,0,0,0.9077008310249308,0.3273089068675536,SULT1E1,LumB,Suppressed
GO_Biological_Process_2023,"Fatty Acid Elongation, Monounsaturated Fatty Acid (GO:0034625)",1/6,0.6972640009573172,0.9999963078360776,0,0,0.9077008310249308,0.3273089068675536,ELOVL3,LumB,Suppressed
GO_Biological_Process_2023,"Fatty Acid Elongation, Polyunsaturated Fatty Acid (GO:0034626)",1/6,0.6972640009573172,0.9999963078360776,0,0,0.9077008310249308,0.3273089068675536,ELOVL3,LumB,Suppressed
GO_Biological_Process_2023,"Fatty Acid Elongation, Saturated Fatty Acid (GO:0019367)",1/6,0.6972640009573172,0.9999963078360776,0,0,0.9077008310249308,0.3273089068675536,ELOVL3,LumB,Suppressed
GO_Biological_Process_2023,"Fatty Acid Elongation, Unsaturated Fatty Acid (GO:0019368)",1/6,0.6972640009573172,0.9999963078360776,0,0,0.9077008310249308,0.3273089068675536,ELOVL3,LumB,Suppressed
GO_Biological_Process_2023,Gap Junction Assembly (GO:0016264),1/6,0.6972640009573172,0.9999963078360776,0,0,0.9077008310249308,0.3273089068675536,GJB6,LumB,Suppressed
GO_Biological_Process_2023,Hypotonic Response (GO:0006971),1/6,0.6972640009573172,0.9999963078360776,0,0,0.9077008310249308,0.3273089068675536,MYLK,LumB,Suppressed
GO_Biological_Process_2023,Interleukin-3-Mediated Signaling Pathway (GO:0038156),1/6,0.6972640009573172,0.9999963078360776,0,0,0.9077008310249308,0.3273089068675536,STAT5A,LumB,Suppressed
GO_Biological_Process_2023,Interleukin-9-Mediated Signaling Pathway (GO:0038113),1/6,0.6972640009573172,0.9999963078360776,0,0,0.9077008310249308,0.3273089068675536,STAT5A,LumB,Suppressed
GO_Biological_Process_2023,Intracellular Sequestering Of Iron Ion (GO:0006880),1/6,0.6972640009573172,0.9999963078360776,0,0,0.9077008310249308,0.3273089068675536,FTMT,LumB,Suppressed
GO_Biological_Process_2023,Ketone Body Metabolic Process (GO:1902224),1/6,0.6972640009573172,0.9999963078360776,0,0,0.9077008310249308,0.3273089068675536,HMGCS2,LumB,Suppressed
GO_Biological_Process_2023,Lipid Hydroxylation (GO:0002933),1/6,0.6972640009573172,0.9999963078360776,0,0,0.9077008310249308,0.3273089068675536,CYP3A4,LumB,Suppressed
GO_Biological_Process_2023,Locomotor Rhythm (GO:0045475),1/6,0.6972640009573172,0.9999963078360776,0,0,0.9077008310249308,0.3273089068675536,EGR1,LumB,Suppressed
GO_Biological_Process_2023,Lymphocyte Migration Into Lymphoid Organs (GO:0097021),1/6,0.6972640009573172,0.9999963078360776,0,0,0.9077008310249308,0.3273089068675536,NEDD9,LumB,Suppressed
GO_Biological_Process_2023,Macrophage Derived Foam Cell Differentiation (GO:0010742),1/6,0.6972640009573172,0.9999963078360776,0,0,0.9077008310249308,0.3273089068675536,PPARG,LumB,Suppressed
GO_Biological_Process_2023,Maintenance Of Lens Transparency (GO:0036438),1/6,0.6972640009573172,0.9999963078360776,0,0,0.9077008310249308,0.3273089068675536,FOXC1,LumB,Suppressed
GO_Biological_Process_2023,Marginal Zone B Cell Differentiation (GO:0002315),1/6,0.6972640009573172,0.9999963078360776,0,0,0.9077008310249308,0.3273089068675536,DOCK11,LumB,Suppressed
GO_Biological_Process_2023,Meiotic DNA Double-Strand Break Formation (GO:0042138),1/6,0.6972640009573172,0.9999963078360776,0,0,0.9077008310249308,0.3273089068675536,IHO1,LumB,Suppressed
GO_Biological_Process_2023,Metanephric Nephron Tubule Development (GO:0072234),1/6,0.6972640009573172,0.9999963078360776,0,0,0.9077008310249308,0.3273089068675536,POU3F3,LumB,Suppressed
GO_Biological_Process_2023,Monoacylglycerol Catabolic Process (GO:0052651),1/6,0.6972640009573172,0.9999963078360776,0,0,0.9077008310249308,0.3273089068675536,MGLL,LumB,Suppressed
GO_Biological_Process_2023,"Negative Regulation Of CD4-positive, Alpha-Beta T Cell Proliferation (GO:2000562)",1/6,0.6972640009573172,0.9999963078360776,0,0,0.9077008310249308,0.3273089068675536,VSIR,LumB,Suppressed
GO_Biological_Process_2023,Negative Regulation Of Acute Inflammatory Response (GO:0002674),1/6,0.6972640009573172,0.9999963078360776,0,0,0.9077008310249308,0.3273089068675536,GSTP1,LumB,Suppressed
GO_Biological_Process_2023,Negative Regulation Of Catecholamine Secretion (GO:0033604),1/6,0.6972640009573172,0.9999963078360776,0,0,0.9077008310249308,0.3273089068675536,ADRA2B,LumB,Suppressed
GO_Biological_Process_2023,Negative Regulation Of Dendritic Spine Development (GO:0061000),1/6,0.6972640009573172,0.9999963078360776,0,0,0.9077008310249308,0.3273089068675536,NLGN1,LumB,Suppressed
GO_Biological_Process_2023,Negative Regulation Of Epidermal Cell Differentiation (GO:0045605),1/6,0.6972640009573172,0.9999963078360776,0,0,0.9077008310249308,0.3273089068675536,HOXA7,LumB,Suppressed
GO_Biological_Process_2023,Negative Regulation Of Hematopoietic Progenitor Cell Differentiation (GO:1901533),1/6,0.6972640009573172,0.9999963078360776,0,0,0.9077008310249308,0.3273089068675536,TCF15,LumB,Suppressed
GO_Biological_Process_2023,Negative Regulation Of Low-Density Lipoprotein Receptor Activity (GO:1905598),1/6,0.6972640009573172,0.9999963078360776,0,0,0.9077008310249308,0.3273089068675536,ADIPOQ,LumB,Suppressed
GO_Biological_Process_2023,Negative Regulation Of Lymphocyte Differentiation (GO:0045620),1/6,0.6972640009573172,0.9999963078360776,0,0,0.9077008310249308,0.3273089068675536,SFRP1,LumB,Suppressed
GO_Biological_Process_2023,Negative Regulation Of Membrane Protein Ectodomain Proteolysis (GO:0051045),1/6,0.6972640009573172,0.9999963078360776,0,0,0.9077008310249308,0.3273089068675536,TIMP4,LumB,Suppressed
GO_Biological_Process_2023,Negative Regulation Of miRNA Processing (GO:1903799),1/6,0.6972640009573172,0.9999963078360776,0,0,0.9077008310249308,0.3273089068675536,IL6,LumB,Suppressed
GO_Biological_Process_2023,Negative Regulation Of p38MAPK Cascade (GO:1903753),1/6,0.6972640009573172,0.9999963078360776,0,0,0.9077008310249308,0.3273089068675536,DUSP1,LumB,Suppressed
GO_Biological_Process_2023,Negative Regulation Of Plasminogen Activation (GO:0010757),1/6,0.6972640009573172,0.9999963078360776,0,0,0.9077008310249308,0.3273089068675536,SERPINF2,LumB,Suppressed
GO_Biological_Process_2023,Negative Regulation Of Response To Type II Interferon (GO:0060331),1/6,0.6972640009573172,0.9999963078360776,0,0,0.9077008310249308,0.3273089068675536,PPARG,LumB,Suppressed
GO_Biological_Process_2023,Negative Regulation Of Retinoic Acid Receptor Signaling Pathway (GO:0048387),1/6,0.6972640009573172,0.9999963078360776,0,0,0.9077008310249308,0.3273089068675536,CYP26B1,LumB,Suppressed
GO_Biological_Process_2023,Negative Regulation Of Ruffle Assembly (GO:1900028),1/6,0.6972640009573172,0.9999963078360776,0,0,0.9077008310249308,0.3273089068675536,KANK1,LumB,Suppressed
GO_Biological_Process_2023,Negative Regulation Of Type II Interferon-Mediated Signaling Pathway (GO:0060336),1/6,0.6972640009573172,0.9999963078360776,0,0,0.9077008310249308,0.3273089068675536,PPARG,LumB,Suppressed
GO_Biological_Process_2023,"Neurotransmitter Receptor Transport, Endosome To Postsynaptic Membrane (GO:0098887)",1/6,0.6972640009573172,0.9999963078360776,0,0,0.9077008310249308,0.3273089068675536,GRIP2,LumB,Suppressed
GO_Biological_Process_2023,Nose Development (GO:0043584),1/6,0.6972640009573172,0.9999963078360776,0,0,0.9077008310249308,0.3273089068675536,PROX1,LumB,Suppressed
GO_Biological_Process_2023,"Nuclear-Transcribed mRNA Catabolic Process, Deadenylation-Independent Decay (GO:0031086)",1/6,0.6972640009573172,0.9999963078360776,0,0,0.9077008310249308,0.3273089068675536,ZFP36,LumB,Suppressed
GO_Biological_Process_2023,Positive Regulation Of ER-associated Ubiquitin-Dependent Protein Catabolic Process (GO:1903071),1/6,0.6972640009573172,0.9999963078360776,0,0,0.9077008310249308,0.3273089068675536,CAV1,LumB,Suppressed
GO_Biological_Process_2023,Positive Regulation Of RNA Binding (GO:1905216),1/6,0.6972640009573172,0.9999963078360776,0,0,0.9077008310249308,0.3273089068675536,LARP6,LumB,Suppressed
GO_Biological_Process_2023,Positive Regulation Of Amyloid-Beta Clearance (GO:1900223),1/6,0.6972640009573172,0.9999963078360776,0,0,0.9077008310249308,0.3273089068675536,LRP1,LumB,Suppressed
GO_Biological_Process_2023,Positive Regulation Of Blood Circulation (GO:1903524),1/6,0.6972640009573172,0.9999963078360776,0,0,0.9077008310249308,0.3273089068675536,ATP1A2,LumB,Suppressed
GO_Biological_Process_2023,Positive Regulation Of Cell Killing (GO:0031343),1/6,0.6972640009573172,0.9999963078360776,0,0,0.9077008310249308,0.3273089068675536,FCER2,LumB,Suppressed
GO_Biological_Process_2023,Positive Regulation Of Cilium Movement (GO:0003353),1/6,0.6972640009573172,0.9999963078360776,0,0,0.9077008310249308,0.3273089068675536,TACR1,LumB,Suppressed
GO_Biological_Process_2023,Positive Regulation Of Cilium-Dependent Cell Motility (GO:2000155),1/6,0.6972640009573172,0.9999963078360776,0,0,0.9077008310249308,0.3273089068675536,TACR1,LumB,Suppressed
GO_Biological_Process_2023,Positive Regulation Of Cysteine-Type Endopeptidase Activity Involved In Apoptotic Signaling Pathway (GO:2001269),1/6,0.6972640009573172,0.9999963078360776,0,0,0.9077008310249308,0.3273089068675536,GSN,LumB,Suppressed
GO_Biological_Process_2023,Positive Regulation Of Flagellated Sperm Motility (GO:1902093),1/6,0.6972640009573172,0.9999963078360776,0,0,0.9077008310249308,0.3273089068675536,TACR1,LumB,Suppressed
GO_Biological_Process_2023,Positive Regulation Of Icosanoid Secretion (GO:0032305),1/6,0.6972640009573172,0.9999963078360776,0,0,0.9077008310249308,0.3273089068675536,PLA2R1,LumB,Suppressed
GO_Biological_Process_2023,Positive Regulation Of Immune Response To Tumor Cell (GO:0002839),1/6,0.6972640009573172,0.9999963078360776,0,0,0.9077008310249308,0.3273089068675536,NRG1,LumB,Suppressed
GO_Biological_Process_2023,Positive Regulation Of Interleukin-5 Production (GO:0032754),1/6,0.6972640009573172,0.9999963078360776,0,0,0.9077008310249308,0.3273089068675536,TSLP,LumB,Suppressed
GO_Biological_Process_2023,Positive Regulation Of Lamellipodium Morphogenesis (GO:2000394),1/6,0.6972640009573172,0.9999963078360776,0,0,0.9077008310249308,0.3273089068675536,ENPP2,LumB,Suppressed
GO_Biological_Process_2023,Positive Regulation Of Lipopolysaccharide-Mediated Signaling Pathway (GO:0031666),1/6,0.6972640009573172,0.9999963078360776,0,0,0.9077008310249308,0.3273089068675536,PRKCA,LumB,Suppressed
GO_Biological_Process_2023,Positive Regulation Of Lipoprotein Lipase Activity (GO:0051006),1/6,0.6972640009573172,0.9999963078360776,0,0,0.9077008310249308,0.3273089068675536,GPIHBP1,LumB,Suppressed
GO_Biological_Process_2023,Positive Regulation Of mRNA Binding (GO:1902416),1/6,0.6972640009573172,0.9999963078360776,0,0,0.9077008310249308,0.3273089068675536,LARP6,LumB,Suppressed
GO_Biological_Process_2023,Positive Regulation Of Mitophagy In Response To Mitochondrial Depolarization (GO:0098779),1/6,0.6972640009573172,0.9999963078360776,0,0,0.9077008310249308,0.3273089068675536,PRKN,LumB,Suppressed
GO_Biological_Process_2023,Positive Regulation Of Multicellular Organism Growth (GO:0040018),1/6,0.6972640009573172,0.9999963078360776,0,0,0.9077008310249308,0.3273089068675536,GHR,LumB,Suppressed
GO_Biological_Process_2023,Positive Regulation Of Neurotransmitter Secretion (GO:0001956),1/6,0.6972640009573172,0.9999963078360776,0,0,0.9077008310249308,0.3273089068675536,NLGN1,LumB,Suppressed
GO_Biological_Process_2023,Positive Regulation Of Steroid Metabolic Process (GO:0045940),1/6,0.6972640009573172,0.9999963078360776,0,0,0.9077008310249308,0.3273089068675536,CES1,LumB,Suppressed
GO_Biological_Process_2023,Positive Regulation Of Striated Muscle Contraction (GO:0045989),1/6,0.6972640009573172,0.9999963078360776,0,0,0.9077008310249308,0.3273089068675536,RGS2,LumB,Suppressed
GO_Biological_Process_2023,Positive Regulation Of Triglyceride Catabolic Process (GO:0010898),1/6,0.6972640009573172,0.9999963078360776,0,0,0.9077008310249308,0.3273089068675536,PNPLA2,LumB,Suppressed
GO_Biological_Process_2023,Protein Catabolic Process In The Vacuole (GO:0007039),1/6,0.6972640009573172,0.9999963078360776,0,0,0.9077008310249308,0.3273089068675536,CPA2,LumB,Suppressed
GO_Biological_Process_2023,Protein Localization To Basolateral Plasma Membrane (GO:1903361),1/6,0.6972640009573172,0.9999963078360776,0,0,0.9077008310249308,0.3273089068675536,CAV1,LumB,Suppressed
GO_Biological_Process_2023,Purine Ribonucleoside Metabolic Process (GO:0046128),1/6,0.6972640009573172,0.9999963078360776,0,0,0.9077008310249308,0.3273089068675536,NT5C1A,LumB,Suppressed
GO_Biological_Process_2023,Regulation Of NAD(P)H Oxidase Activity (GO:0033860),1/6,0.6972640009573172,0.9999963078360776,0,0,0.9077008310249308,0.3273089068675536,DRD5,LumB,Suppressed
GO_Biological_Process_2023,Regulation Of SA Node Cell Action Potential (GO:0098907),1/6,0.6972640009573172,0.9999963078360776,0,0,0.9077008310249308,0.3273089068675536,TBX18,LumB,Suppressed
GO_Biological_Process_2023,Regulation Of T Cell Tolerance Induction (GO:0002664),1/6,0.6972640009573172,0.9999963078360776,0,0,0.9077008310249308,0.3273089068675536,TGFBR2,LumB,Suppressed
GO_Biological_Process_2023,Regulation Of T-helper Cell Differentiation (GO:0045622),1/6,0.6972640009573172,0.9999963078360776,0,0,0.9077008310249308,0.3273089068675536,JUNB,LumB,Suppressed
GO_Biological_Process_2023,Regulation Of Anion Channel Activity (GO:0010359),1/6,0.6972640009573172,0.9999963078360776,0,0,0.9077008310249308,0.3273089068675536,PRNP,LumB,Suppressed
GO_Biological_Process_2023,Regulation Of Axon Guidance (GO:1902667),1/6,0.6972640009573172,0.9999963078360776,0,0,0.9077008310249308,0.3273089068675536,NOVA2,LumB,Suppressed
GO_Biological_Process_2023,Regulation Of Collagen Fibril Organization (GO:1904026),1/6,0.6972640009573172,0.9999963078360776,0,0,0.9077008310249308,0.3273089068675536,TNXB,LumB,Suppressed
GO_Biological_Process_2023,Regulation Of Cortisol Biosynthetic Process (GO:2000064),1/6,0.6972640009573172,0.9999963078360776,0,0,0.9077008310249308,0.3273089068675536,BMP5,LumB,Suppressed
GO_Biological_Process_2023,Regulation Of Entry Of Bacterium Into Host Cell (GO:2000535),1/6,0.6972640009573172,0.9999963078360776,0,0,0.9077008310249308,0.3273089068675536,KRT6A,LumB,Suppressed
GO_Biological_Process_2023,Regulation Of Glucocorticoid Receptor Signaling Pathway (GO:2000322),1/6,0.6972640009573172,0.9999963078360776,0,0,0.9077008310249308,0.3273089068675536,PER1,LumB,Suppressed
GO_Biological_Process_2023,Regulation Of Growth Hormone Secretion (GO:0060123),1/6,0.6972640009573172,0.9999963078360776,0,0,0.9077008310249308,0.3273089068675536,DRD2,LumB,Suppressed
GO_Biological_Process_2023,Regulation Of Intestinal Cholesterol Absorption (GO:0030300),1/6,0.6972640009573172,0.9999963078360776,0,0,0.9077008310249308,0.3273089068675536,CYP8B1,LumB,Suppressed
GO_Biological_Process_2023,Regulation Of Ketone Biosynthetic Process (GO:0010566),1/6,0.6972640009573172,0.9999963078360776,0,0,0.9077008310249308,0.3273089068675536,EGR1,LumB,Suppressed
GO_Biological_Process_2023,Regulation Of Male Gonad Development (GO:2000018),1/6,0.6972640009573172,0.9999963078360776,0,0,0.9077008310249308,0.3273089068675536,NR5A1,LumB,Suppressed
GO_Biological_Process_2023,Regulation Of Metallopeptidase Activity (GO:1905048),1/6,0.6972640009573172,0.9999963078360776,0,0,0.9077008310249308,0.3273089068675536,LRP1,LumB,Suppressed
GO_Biological_Process_2023,Regulation Of Microtubule Binding (GO:1904526),1/6,0.6972640009573172,0.9999963078360776,0,0,0.9077008310249308,0.3273089068675536,MAP2,LumB,Suppressed
GO_Biological_Process_2023,Regulation Of Nuclease Activity (GO:0032069),1/6,0.6972640009573172,0.9999963078360776,0,0,0.9077008310249308,0.3273089068675536,PDE3A,LumB,Suppressed
GO_Biological_Process_2023,Regulation Of Oxidative Stress-Induced Neuron Intrinsic Apoptotic Signaling Pathway (GO:1903376),1/6,0.6972640009573172,0.9999963078360776,0,0,0.9077008310249308,0.3273089068675536,PRKN,LumB,Suppressed
GO_Biological_Process_2023,Regulation Of Phospholipid Transport (GO:2001138),1/6,0.6972640009573172,0.9999963078360776,0,0,0.9077008310249308,0.3273089068675536,CETP,LumB,Suppressed
GO_Biological_Process_2023,Regulation Of Potassium Ion Export Across Plasma Membrane (GO:1903764),1/6,0.6972640009573172,0.9999963078360776,0,0,0.9077008310249308,0.3273089068675536,KCNIP2,LumB,Suppressed
GO_Biological_Process_2023,Regulation Of Prostaglandin Biosynthetic Process (GO:0031392),1/6,0.6972640009573172,0.9999963078360776,0,0,0.9077008310249308,0.3273089068675536,PTGS2,LumB,Suppressed
GO_Biological_Process_2023,Regulation Of Relaxation Of Muscle (GO:1901077),1/6,0.6972640009573172,0.9999963078360776,0,0,0.9077008310249308,0.3273089068675536,PLN,LumB,Suppressed
GO_Biological_Process_2023,Regulation Of Respiratory Gaseous Exchange (GO:0043576),1/6,0.6972640009573172,0.9999963078360776,0,0,0.9077008310249308,0.3273089068675536,NMB,LumB,Suppressed
GO_Biological_Process_2023,Regulation Of Saliva Secretion (GO:0046877),1/6,0.6972640009573172,0.9999963078360776,0,0,0.9077008310249308,0.3273089068675536,OPRK1,LumB,Suppressed
GO_Biological_Process_2023,Regulation Of Striated Muscle Cell Differentiation (GO:0051153),1/6,0.6972640009573172,0.9999963078360776,0,0,0.9077008310249308,0.3273089068675536,NRG1,LumB,Suppressed
GO_Biological_Process_2023,Regulation Of Transforming Growth Factor Beta2 Production (GO:0032909),1/6,0.6972640009573172,0.9999963078360776,0,0,0.9077008310249308,0.3273089068675536,CDH3,LumB,Suppressed
GO_Biological_Process_2023,Regulation Of Vascular Associated Smooth Muscle Cell Differentiation (GO:1905063),1/6,0.6972640009573172,0.9999963078360776,0,0,0.9077008310249308,0.3273089068675536,KIT,LumB,Suppressed
GO_Biological_Process_2023,Response To Alkaloid (GO:0043279),1/6,0.6972640009573172,0.9999963078360776,0,0,0.9077008310249308,0.3273089068675536,DRD2,LumB,Suppressed
GO_Biological_Process_2023,Response To Hepatocyte Growth Factor (GO:0035728),1/6,0.6972640009573172,0.9999963078360776,0,0,0.9077008310249308,0.3273089068675536,TDGF1,LumB,Suppressed
GO_Biological_Process_2023,Retinal Rod Cell Differentiation (GO:0060221),1/6,0.6972640009573172,0.9999963078360776,0,0,0.9077008310249308,0.3273089068675536,SOX8,LumB,Suppressed
GO_Biological_Process_2023,Serine Transport (GO:0032329),1/6,0.6972640009573172,0.9999963078360776,0,0,0.9077008310249308,0.3273089068675536,SLC7A10,LumB,Suppressed
GO_Biological_Process_2023,Short-Chain Fatty Acid Metabolic Process (GO:0046459),1/6,0.6972640009573172,0.9999963078360776,0,0,0.9077008310249308,0.3273089068675536,ACSM1,LumB,Suppressed
GO_Biological_Process_2023,Skeletal Muscle Thin Filament Assembly (GO:0030240),1/6,0.6972640009573172,0.9999963078360776,0,0,0.9077008310249308,0.3273089068675536,PROX1,LumB,Suppressed
GO_Biological_Process_2023,Smooth Muscle Cell Migration (GO:0014909),1/6,0.6972640009573172,0.9999963078360776,0,0,0.9077008310249308,0.3273089068675536,CCN3,LumB,Suppressed
GO_Biological_Process_2023,Sterol Catabolic Process (GO:0016127),1/6,0.6972640009573172,0.9999963078360776,0,0,0.9077008310249308,0.3273089068675536,CYP7A1,LumB,Suppressed
GO_Biological_Process_2023,"Substrate-Dependent Cell Migration, Cell Extension (GO:0006930)",1/6,0.6972640009573172,0.9999963078360776,0,0,0.9077008310249308,0.3273089068675536,P2RY12,LumB,Suppressed
GO_Biological_Process_2023,Synaptic Signaling (GO:0099536),1/6,0.6972640009573172,0.9999963078360776,0,0,0.9077008310249308,0.3273089068675536,DPYSL2,LumB,Suppressed
GO_Biological_Process_2023,Synaptic Vesicle Docking (GO:0016081),1/6,0.6972640009573172,0.9999963078360776,0,0,0.9077008310249308,0.3273089068675536,UNC13C,LumB,Suppressed
GO_Biological_Process_2023,Very Long-Chain Fatty Acid Catabolic Process (GO:0042760),1/6,0.6972640009573172,0.9999963078360776,0,0,0.9077008310249308,0.3273089068675536,ABCD2,LumB,Suppressed
GO_Biological_Process_2023,Positive Regulation Of Wnt Signaling Pathway (GO:0030177),18/109,0.7002749038559788,0.9999963078360776,0,0,0.8972391371500751,0.3196704245452648,SEMA5A;KANK1;CAV1;FZD9;PLEKHA4;EGFR;SCEL;SFRP1;BMP2;GPRC5B;ZEB2;CDH3;DAAM2;GPC3;RSPO3;RSPO1;LGR6;WLS,LumB,Suppressed
GO_Biological_Process_2023,Regulation Of Protein Phosphorylation (GO:0001932),45/265,0.7004979276933774,0.9999963078360776,0,0,0.9274524550043338,0.3301395665474212,ROPN1B;PRKN;PID1;CHRNA7;PELI2;ITLN1;PDGFA;FGF1;FGF2;EGFR;KLHL31;C3;CDH5;RELN;BMPER;FGF9;LEPR;SIRPA;RSPO1;SLIT2;PRNP;NTRK2;ANGPT1;ODAM;IL34;RARRES2;NTRK3;ADIPOQ;IGF2;VEGFD;NRG1;IGF1;MOB3B;FGF17;MARCO;FGF16;BMP2;LEP;CLDN19;CCNYL2;PECAM1;ADTRP;TEK;PLPP3;ROPN1,LumB,Suppressed
GO_Biological_Process_2023,Phosphatidylinositol-Mediated Signaling (GO:0048015),10/62,0.7036647683221593,0.9999963078360776,0,0,0.8724606412748596,0.3066290996010568,PDGFRA;EDN1;NYAP1;TYRO3;PIK3C2G;HTR2A;PIK3R1;IGF1;PLCH2;MYO16,LumB,Suppressed
GO_Biological_Process_2023,Negative Regulation Of Immune System Process (GO:0002683),7/44,0.7041950636726341,0.9999963078360776,0,0,0.8583855775864655,0.301035720875629,SPINK5;TYRO3;ADTRP;HOXA7;IL17D;RAB7B;CD200,LumB,Suppressed
GO_Biological_Process_2023,Positive Regulation Of Osteoblast Differentiation (GO:0045669),7/44,0.7041950636726341,0.9999963078360776,0,0,0.8583855775864655,0.301035720875629,IL6;FFAR4;IGF1;TP63;BMP6;FERMT2;DDR2,LumB,Suppressed
GO_Biological_Process_2023,Regulation Of Insulin Receptor Signaling Pathway (GO:0046626),7/44,0.7041950636726341,0.9999963078360776,0,0,0.8583855775864655,0.301035720875629,KANK1;PID1;IGF2;FFAR3;SORBS1;SIK2;TNS2,LumB,Suppressed
GO_Biological_Process_2023,Regulation Of Transport (GO:0051049),7/44,0.7041950636726341,0.9999963078360776,0,0,0.8583855775864655,0.301035720875629,PRKN;CLDN10;USP6;LEPR;CLDN19;PLD1;SNCA,LumB,Suppressed
GO_Biological_Process_2023,Positive Regulation Of Phosphorylation (GO:0042327),39/231,0.7050789428173795,0.9999963078360776,0,0,0.9210570058790594,0.321859232221398,ALK;CHRNA7;PELI2;ITLN1;FGF1;FGF2;EGFR;C3;RELN;FGF9;LEPR;RSPO1;PDGFRA;NTRK2;ANGPT1;ODAM;FZD7;IL34;RARRES2;NTRK3;TIE1;ADIPOQ;IGF2;VEGFD;MOB3B;FGF17;MARCO;FGF16;BMP2;LEP;TYRO3;CLDN19;PECAM1;ROR1;ADTRP;TEK;MET;EPHA2;DDR2,LumB,Suppressed
GO_Biological_Process_2023,Connective Tissue Development (GO:0061448),6/38,0.7061579467145594,0.9999963078360776,0,0,0.8507454923717059,0.2959882630408789,SNORC;HYAL1;ZBTB16;CHI3L1;SOX8;SOX6,LumB,Suppressed
GO_Biological_Process_2023,Positive Regulation Of Axonogenesis (GO:0050772),6/38,0.7061579467145594,0.9999963078360776,0,0,0.8507454923717059,0.2959882630408789,CHODL;NTRK2;ISLR2;SLIT2;NGF;PLXNA4,LumB,Suppressed
GO_Biological_Process_2023,Response To Peptide (GO:1901652),6/38,0.7061579467145594,0.9999963078360776,0,0,0.8507454923717059,0.2959882630408789,STAT5A;PRNP;ANXA1;CHRNA7;NLRP1;GNAI1,LumB,Suppressed
GO_Biological_Process_2023,Central Nervous System Development (GO:0007417),48/283,0.7082860906853286,0.9999963078360776,0,0,0.9260568132281546,0.319403647692168,VIT;CCL14;PRKN;CX3CR1;PPP1R17;GSTP1;GRIK1;PCDH18;DLL1;KLK6;AFF2;C3;UGT8;SNTG2;RELN;PTPRZ1;ADGRA2;DNER;NNAT;SOX8;APOD;SOX6;SPTBN1;EGR2;EMX2;GSN;MOG;PTCH1;ZBTB16;SPINK5;SCTR;PROX1;S100B;SOX10;GRIN2B;ECRG4;MEIS2;POU3F3;SHROOM4;TGFBR2;SLC8A3;NFIB;B3GNT5;DCX;AGTR2;NES;ADGRL2;ADGRL3,LumB,Suppressed
GO_Biological_Process_2023,Acute-Phase Response (GO:0006953),2/13,0.7097803291439658,0.9999963078360776,0,0,0.825108944809693,0.2828471419766423,CRP;IL6,LumB,Suppressed
GO_Biological_Process_2023,Atrioventricular Valve Development (GO:0003171),2/13,0.7097803291439658,0.9999963078360776,0,0,0.825108944809693,0.2828471419766423,BMP2;TGFBR2,LumB,Suppressed
GO_Biological_Process_2023,Branching Involved In Blood Vessel Morphogenesis (GO:0001569),2/13,0.7097803291439658,0.9999963078360776,0,0,0.825108944809693,0.2828471419766423,NOTCH4;TGFBR2,LumB,Suppressed
GO_Biological_Process_2023,Cardiac Left Ventricle Morphogenesis (GO:0003214),2/13,0.7097803291439658,0.9999963078360776,0,0,0.825108944809693,0.2828471419766423,NPY2R;TGFBR2,LumB,Suppressed
GO_Biological_Process_2023,Chondroitin Sulfate Biosynthetic Process (GO:0030206),2/13,0.7097803291439658,0.9999963078360776,0,0,0.825108944809693,0.2828471419766423,CHST9;CHST3,LumB,Suppressed
GO_Biological_Process_2023,Immune Response-Regulating Cell Surface Receptor Signaling Pathway (GO:0002768),2/13,0.7097803291439658,0.9999963078360776,0,0,0.825108944809693,0.2828471419766423,PIGR;KIT,LumB,Suppressed
GO_Biological_Process_2023,Inhibitory Synapse Assembly (GO:1904862),2/13,0.7097803291439658,0.9999963078360776,0,0,0.825108944809693,0.2828471419766423,GABRA2;NPAS4,LumB,Suppressed
GO_Biological_Process_2023,Negative Regulation Of Secretion (GO:0051048),2/13,0.7097803291439658,0.9999963078360776,0,0,0.825108944809693,0.2828471419766423,NRG1;SPX,LumB,Suppressed
GO_Biological_Process_2023,Peptidyl-Tyrosine Autophosphorylation (GO:0038083),2/13,0.7097803291439658,0.9999963078360776,0,0,0.825108944809693,0.2828471419766423,ALK;EGFR,LumB,Suppressed
GO_Biological_Process_2023,Plasma Membrane Tubulation (GO:0097320),2/13,0.7097803291439658,0.9999963078360776,0,0,0.825108944809693,0.2828471419766423,EHD2;CAVIN2,LumB,Suppressed
GO_Biological_Process_2023,Positive Regulation Of Cellular Response To Insulin Stimulus (GO:1900078),2/13,0.7097803291439658,0.9999963078360776,0,0,0.825108944809693,0.2828471419766423,IGF2;SORBS1,LumB,Suppressed
GO_Biological_Process_2023,Positive Regulation Of Cyclase Activity (GO:0031281),2/13,0.7097803291439658,0.9999963078360776,0,0,0.825108944809693,0.2828471419766423,NOS1;DRD5,LumB,Suppressed
GO_Biological_Process_2023,Positive Regulation Of Fatty Acid Biosynthetic Process (GO:0045723),2/13,0.7097803291439658,0.9999963078360776,0,0,0.825108944809693,0.2828471419766423,MLXIPL;ABCD2,LumB,Suppressed
GO_Biological_Process_2023,Positive Regulation Of Macrophage Chemotaxis (GO:0010759),2/13,0.7097803291439658,0.9999963078360776,0,0,0.825108944809693,0.2828471419766423,IL34;RARRES2,LumB,Suppressed
GO_Biological_Process_2023,Positive Regulation Of Superoxide Anion Generation (GO:0032930),2/13,0.7097803291439658,0.9999963078360776,0,0,0.825108944809693,0.2828471419766423,CRP;GSTP1,LumB,Suppressed
GO_Biological_Process_2023,Purine Ribonucleoside Bisphosphate Metabolic Process (GO:0034035),2/13,0.7097803291439658,0.9999963078360776,0,0,0.825108944809693,0.2828471419766423,SULT1C3;SULT1E1,LumB,Suppressed
GO_Biological_Process_2023,Regulation Of T-helper 17 Type Immune Response (GO:2000316),2/13,0.7097803291439658,0.9999963078360776,0,0,0.825108944809693,0.2828471419766423,NLRP10;JUNB,LumB,Suppressed
GO_Biological_Process_2023,Regulation Of cAMP-dependent Protein Kinase Activity (GO:2000479),2/13,0.7097803291439658,0.9999963078360776,0,0,0.825108944809693,0.2828471419766423,PRKAR2B;ADRB2,LumB,Suppressed
GO_Biological_Process_2023,Regulation Of Fatty Acid Beta-Oxidation (GO:0031998),2/13,0.7097803291439658,0.9999963078360776,0,0,0.825108944809693,0.2828471419766423,ABCD2;PPARA,LumB,Suppressed
GO_Biological_Process_2023,Regulation Of Flagellated Sperm Motility (GO:1901317),2/13,0.7097803291439658,0.9999963078360776,0,0,0.825108944809693,0.2828471419766423,TPPP2;TACR1,LumB,Suppressed
GO_Biological_Process_2023,Regulation Of Gastrulation (GO:0010470),2/13,0.7097803291439658,0.9999963078360776,0,0,0.825108944809693,0.2828471419766423,CRB2;PHLDB1,LumB,Suppressed
GO_Biological_Process_2023,Regulation Of Leukocyte Migration (GO:0002685),2/13,0.7097803291439658,0.9999963078360776,0,0,0.825108944809693,0.2828471419766423,ANXA1;HOXA7,LumB,Suppressed
GO_Biological_Process_2023,Regulation Of Myoblast Fusion (GO:1901739),2/13,0.7097803291439658,0.9999963078360776,0,0,0.825108944809693,0.2828471419766423,EHD2;SCGB3A1,LumB,Suppressed
GO_Biological_Process_2023,Regulation Of Nitrogen Compound Metabolic Process (GO:0051171),2/13,0.7097803291439658,0.9999963078360776,0,0,0.825108944809693,0.2828471419766423,PM20D2;ALDH2,LumB,Suppressed
GO_Biological_Process_2023,Regulation Of Response To Stress (GO:0080134),2/13,0.7097803291439658,0.9999963078360776,0,0,0.825108944809693,0.2828471419766423,CRHBP;CORO2B,LumB,Suppressed
GO_Biological_Process_2023,Regulation Of Vasculogenesis (GO:2001212),2/13,0.7097803291439658,0.9999963078360776,0,0,0.825108944809693,0.2828471419766423,TMEM100;CD34,LumB,Suppressed
GO_Biological_Process_2023,Response To UV-A (GO:0070141),2/13,0.7097803291439658,0.9999963078360776,0,0,0.825108944809693,0.2828471419766423,MME;EGFR,LumB,Suppressed
GO_Biological_Process_2023,Response To Progesterone (GO:0032570),2/13,0.7097803291439658,0.9999963078360776,0,0,0.825108944809693,0.2828471419766423,CAV1;CSN1S1,LumB,Suppressed
GO_Biological_Process_2023,Thymus Development (GO:0048538),2/13,0.7097803291439658,0.9999963078360776,0,0,0.825108944809693,0.2828471419766423,FOXE1;HAND2,LumB,Suppressed
GO_Biological_Process_2023,Positive Regulation Of Signal Transduction (GO:0009967),45/266,0.7103321180260739,0.9999963078360776,0,0,0.9231987371936564,0.315754875294476,KANK1;NLGN1;TNXB;LAMA2;LAMA1;CHRNA7;KLK5;PIK3R1;SLC2A4;GLI1;FGF1;AGPAT2;DLL1;KLK6;C3;CUX2;RELN;CDH3;ADAMTS3;TNFSF11;RSPO3;CCN3;RSPO1;TP63;WLS;CCBE1;PTGIS;TSLP;VWF;CAV2;ADIPOQ;IGF2;PRKCA;IGF1;SORBS1;GRIN2B;BMP6;KLF2;SFRP1;BMP2;IL6;TEK;LGR6;SHANK3;LIMS2,LumB,Suppressed
GO_Biological_Process_2023,Response To Lipid (GO:0033993),18/110,0.7153189832717131,0.9999963078360776,0,0,0.8874320841249289,0.2973134473438797,ANXA1;CITED1;GPX3;SELE;FOXO1;SOCS2;SELP;SLPI;ALDH1A2;HSD17B2;PELI1;ALPL;PPARG;CD36;CSN1S1;NOS1;RXRG;SNCA,LumB,Suppressed
GO_Biological_Process_2023,Calcium-Ion Regulated Exocytosis (GO:0017156),4/26,0.7161851372206206,0.9999963078360776,0,0,0.8250119716712453,0.2754026698165195,RIMS3;SYT15;DOC2B;SYT8,LumB,Suppressed
GO_Biological_Process_2023,Regulation Of Vascular Endothelial Growth Factor Production (GO:0010574),4/26,0.7161851372206206,0.9999963078360776,0,0,0.8250119716712453,0.2754026698165195,C3;CCBE1;IL6;PTGS2,LumB,Suppressed
GO_Biological_Process_2023,Receptor-Mediated Endocytosis (GO:0006898),20/122,0.7190901573306255,0.9999963078360776,0,0,0.8893147902435828,0.2932680368227198,CUBN;CLEC4M;LRP1;CAV2;CAV1;STAB2;ADM;ADRB2;CLEC9A;VLDLR;DLL1;DPP4;ACE2;MARCO;ADRB3;MRC1;CXCR2;CD36;FOLR1;SNCA,LumB,Suppressed
GO_Biological_Process_2023,Cellular Response To Calcium Ion (GO:0071277),11/69,0.7231456634189057,0.9999963078360776,0,0,0.8603496168582375,0.2788776878142452,CPNE8;CRHBP;NLGN1;AKR1C3;CAPN3;SYT15;SCN5A;RASGRP2;SYT8;RYR3;GPLD1,LumB,Suppressed
GO_Biological_Process_2023,Phospholipid Metabolic Process (GO:0006644),11/69,0.7231456634189057,0.9999963078360776,0,0,0.8603496168582375,0.2788776878142452,PLPPR1;LIPG;PLA2G2A;ENPP2;LCAT;PLA2G5;PLPP3;PLD1;AGPAT2;ALOX15B;PLPP1,LumB,Suppressed
GO_Biological_Process_2023,Inorganic Anion Transmembrane Transport (GO:0098661),10/63,0.7231791348419412,0.9999963078360776,0,0,0.8559467233944449,0.2774108963277549,GABRA2;GABRA4;SLC4A1;SLC5A1;ANO4;GABRE;GABRG3;SLC1A7;CFTR;GABRG1,LumB,Suppressed
GO_Biological_Process_2023,Regulation Of Stress Fiber Assembly (GO:0051492),12/75,0.7234908997826478,0.9999963078360776,0,0,0.86404953756996,0.2796645904281907,PTGER4;SFRP1;TMEFF2;WNT11;RGCC;ARHGEF15;MYOC;SERPINF2;PIK3R1;MET;RAPGEF3;FERMT2,LumB,Suppressed
GO_Biological_Process_2023,Cellular Response To Interleukin-1 (GO:0071347),13/81,0.7241274787293962,0.9999963078360776,0,0,0.8672015498806527,0.2799221034258526,CCL14;CCL13;CCL24;EGR1;CCL23;PTGIS;CCL21;CX3CL1;SFRP1;HYAL1;SIRPA;HAS2;CCL16,LumB,Suppressed
GO_Biological_Process_2023,Positive Regulation Of Protein Localization To Plasma Membrane (GO:1903078),8/51,0.7249198643702444,0.9999963078360776,0,0,0.8440511460088169,0.2715263262183384,LRP1;STAC;STAC2;PIK3R1;SORBS1;EGFR;SPTBN1;EPHA2,LumB,Suppressed
GO_Biological_Process_2023,Receptor Internalization (GO:0031623),8/51,0.7249198643702444,0.9999963078360776,0,0,0.8440511460088169,0.2715263262183384,CCL14;LRP1;CAV3;CAV1;CXCR2;ADM;CD36;SNCA,LumB,Suppressed
GO_Biological_Process_2023,Regulation Of Stress-Activated MAPK Cascade (GO:0032872),8/51,0.7249198643702444,0.9999963078360776,0,0,0.8440511460088169,0.2715263262183384,TGFBR3;PER1;GSTP1;IGFBP6;EPHB1;MID1;EGFR;FOXO1,LumB,Suppressed
GO_Biological_Process_2023,Regulation Of Synapse Assembly (GO:0051963),8/51,0.7249198643702444,0.9999963078360776,0,0,0.8440511460088169,0.2715263262183384,NLGN1;LRFN5;CUX2;SLITRK2;SLITRK3;EPHB1;LRRC4B;SNCA,LumB,Suppressed
GO_Biological_Process_2023,Negative Regulation Of Response To External Stimulus (GO:0032102),24/146,0.7268398561953334,0.9999963078360776,0,0,0.8921286796126267,0.2846328577123655,PTGER4;PTGIS;ADIPOQ;IL13;NR1H4;KLF4;FGF2;CDH5;LRFN5;FNDC4;MMRN1;TYRO3;FFAR4;CLDN19;SAA1;SIRPA;CCN3;PPARG;ENPP3;TEK;DRD2;PPARA;LACRT;ELANE,LumB,Suppressed
GO_Biological_Process_2023,Epidermal Growth Factor Receptor Signaling Pathway (GO:0007173),7/45,0.7270575998145584,0.9999963078360776,0,0,0.8357453706408084,0.2663934818094924,PIGR;EFEMP1;TGFA;FAM83C;TDGF1;EGFR;HBEGF,LumB,Suppressed
GO_Biological_Process_2023,Cellular Response To Insulin Stimulus (GO:0032869),16/99,0.7272164671052117,0.9999963078360776,0,0,0.874360306315666,0.2785109430332757,TRARG1;FOXC2;CAV2;RARRES2;PDE3B;IGF2;PIK3R1;SLC2A4;SORBS1;FOXO1;CPEB1;PDK4;PPARG;PCK1;LPIN1;GPLD1,LumB,Suppressed
GO_Biological_Process_2023,Cell Projection Organization (GO:0030030),3/20,0.7274232221693837,0.9999963078360776,0,0,0.8007695317594887,0.2548423586711513,P2RY12;GSN;PDGFA,LumB,Suppressed
GO_Biological_Process_2023,Leukotriene Metabolic Process (GO:0006691),3/20,0.7274232221693837,0.9999963078360776,0,0,0.8007695317594887,0.2548423586711513,CPA1;PLA2G4A;PLA2G5,LumB,Suppressed
GO_Biological_Process_2023,Microglial Cell Activation (GO:0001774),3/20,0.7274232221693837,0.9999963078360776,0,0,0.8007695317594887,0.2548423586711513,CX3CR1;CX3CL1;SNCA,LumB,Suppressed
GO_Biological_Process_2023,Monocarboxylic Acid Catabolic Process (GO:0072329),3/20,0.7274232221693837,0.9999963078360776,0,0,0.8007695317594887,0.2548423586711513,CYP26B1;HAO1;LPIN1,LumB,Suppressed
GO_Biological_Process_2023,Negative Regulation Of Cyclin-Dependent Protein Kinase Activity (GO:1904030),3/20,0.7274232221693837,0.9999963078360776,0,0,0.8007695317594887,0.2548423586711513,CDKN1C;CEBPA;MYOCD,LumB,Suppressed
GO_Biological_Process_2023,Negative Regulation Of miRNA Transcription (GO:1902894),3/20,0.7274232221693837,0.9999963078360776,0,0,0.8007695317594887,0.2548423586711513,NFIB;PPARG;PPARA,LumB,Suppressed
GO_Biological_Process_2023,Negative Regulation Of Protein Localization To Plasma Membrane (GO:1903077),3/20,0.7274232221693837,0.9999963078360776,0,0,0.8007695317594887,0.2548423586711513,PID1;PKDCC;MRAP2,LumB,Suppressed
GO_Biological_Process_2023,Negative Regulation Of Small GTPase Mediated Signal Transduction (GO:0051058),3/20,0.7274232221693837,0.9999963078360776,0,0,0.8007695317594887,0.2548423586711513,SPRY2;SPRY1;SLIT2,LumB,Suppressed
GO_Biological_Process_2023,Positive Regulation Of Leukocyte Activation (GO:0002696),3/20,0.7274232221693837,0.9999963078360776,0,0,0.8007695317594887,0.2548423586711513,CEBPA;IL33;TSLP,LumB,Suppressed
GO_Biological_Process_2023,Positive Regulation Of Lipid Catabolic Process (GO:0050996),3/20,0.7274232221693837,0.9999963078360776,0,0,0.8007695317594887,0.2548423586711513,ABCD2;PPARA;PNPLA2,LumB,Suppressed
GO_Biological_Process_2023,Regulation Of Cardiac Muscle Contraction By Calcium Ion Signaling (GO:0010882),3/20,0.7274232221693837,0.9999963078360776,0,0,0.8007695317594887,0.2548423586711513,CASQ2;ATP1A2;DMD,LumB,Suppressed
GO_Biological_Process_2023,Regulation Of Fibroblast Migration (GO:0010762),3/20,0.7274232221693837,0.9999963078360776,0,0,0.8007695317594887,0.2548423586711513,HAS1;FGF2;DDR2,LumB,Suppressed
GO_Biological_Process_2023,Striated Muscle Cell Differentiation (GO:0051146),3/20,0.7274232221693837,0.9999963078360776,0,0,0.8007695317594887,0.2548423586711513,MYOCD;BMP2;NRG1,LumB,Suppressed
GO_Biological_Process_2023,Neuron Projection Extension (GO:1990138),6/39,0.7305233585319656,0.9999963078360776,0,0,0.8249148909343084,0.2590183858352914,SEMA5A;NRN1;TNN;SEMA3A;SLC39A12;S100B,LumB,Suppressed
GO_Biological_Process_2023,Regulation Of Protein Tyrosine Kinase Activity (GO:0061097),6/39,0.7305233585319656,0.9999963078360776,0,0,0.8249148909343084,0.2590183858352914,PRNP;GPRC5B;RELN;CAV1;IL34;NEDD9,LumB,Suppressed
GO_Biological_Process_2023,Carboxylic Acid Metabolic Process (GO:0019752),5/33,0.7359674671748881,0.9999963078360776,0,0,0.8102071943586087,0.2483847038276007,PTGIS;CYP1A2;PLA2G4A;GLYAT;PCK1,LumB,Suppressed
GO_Biological_Process_2023,Epithelial Tube Morphogenesis (GO:0060562),5/33,0.7359674671748881,0.9999963078360776,0,0,0.8102071943586087,0.2483847038276007,PKHD1;SOX17;SLIT2;MET;RASIP1,LumB,Suppressed
GO_Biological_Process_2023,Regulation Of Protein Polymerization (GO:0032271),5/33,0.7359674671748881,0.9999963078360776,0,0,0.8102071943586087,0.2483847038276007,TPPP2;ARHGAP40;MAP2;DAAM2;PAK3,LumB,Suppressed
GO_Biological_Process_2023,Ventricular Cardiac Muscle Tissue Morphogenesis (GO:0055010),5/33,0.7359674671748881,0.9999963078360776,0,0,0.8102071943586087,0.2483847038276007,TGFBR3;MYL2;NOG;NRG1;PROX1,LumB,Suppressed
GO_Biological_Process_2023,Positive Regulation Of Protein Polymerization (GO:0032273),11/70,0.7410271302744807,0.9999963078360776,0,0,0.8457156308851224,0.2534762323859468,TENM1;CCL24;CSF3;TPPP2;CAV3;CCL21;BIN1;CDC42EP5;LMOD1;ANKRD53;MET,LumB,Suppressed
GO_Biological_Process_2023,Regulation Of Actin Filament-Based Process (GO:0032970),11/70,0.7410271302744807,0.9999963078360776,0,0,0.8457156308851224,0.2534762323859468,LRP1;DAAM2;ODAM;FAM107A;NEDD9;PDGFA;NRG1;PAK3;CORO2B;RAPGEF3;GPM6B,LumB,Suppressed
GO_Biological_Process_2023,Glycosaminoglycan Biosynthetic Process (GO:0006024),9/58,0.7432334587051993,0.9999963078360776,0,0,0.8332105746240751,0.2472511325491788,CHST9;ANGPT1;HYAL1;HAS1;B3GNT3;HAS3;HAS2;CHST2;CHST3,LumB,Suppressed
GO_Biological_Process_2023,Cell Surface Receptor Signaling Pathway Involved In Cell-Cell Signaling (GO:1905114),4/27,0.74453656448677,0.9999963078360776,0,0,0.7890936705198829,0.2327773579129529,BMP2;FZD4;FERMT2;WLS,LumB,Suppressed
GO_Biological_Process_2023,Dorsal/Ventral Pattern Formation (GO:0009953),4/27,0.74453656448677,0.9999963078360776,0,0,0.7890936705198829,0.2327773579129529,SFRP1;PTCH1;NOG;CER1,LumB,Suppressed
GO_Biological_Process_2023,In Utero Embryonic Development (GO:0001701),4/27,0.74453656448677,0.9999963078360776,0,0,0.7890936705198829,0.2327773579129529,BMP2;ESRRB;IGF2;SOX8,LumB,Suppressed
GO_Biological_Process_2023,Regulation Of Actin Polymerization Or Depolymerization (GO:0008064),4/27,0.74453656448677,0.9999963078360776,0,0,0.7890936705198829,0.2327773579129529,CXCL12;ARHGAP40;DAAM2;PAK3,LumB,Suppressed
GO_Biological_Process_2023,Regulation Of Insulin Secretion Involved In Cellular Response To Glucose Stimulus (GO:0061178),4/27,0.74453656448677,0.9999963078360776,0,0,0.7890936705198829,0.2327773579129529,NR1H4;TUNAR;CFTR;GPLD1,LumB,Suppressed
GO_Biological_Process_2023,Fatty Acid Oxidation (GO:0019395),8/52,0.7454192239509628,0.9999963078360776,0,0,0.8248177024197008,0.2423384536993189,ADH4;ABCD2;ACSM1;ADIPOQ;HAO1;ADH7;HAO2;PPARGC1A,LumB,Suppressed
GO_Biological_Process_2023,L-glutamate Transmembrane Transport (GO:0015813),2/14,0.7486413204282935,0.9999963078360776,0,0,0.756303685231366,0.2189463532444434,SLC17A7;SLC1A7,LumB,Suppressed
GO_Biological_Process_2023,"RNA Phosphodiester Bond Hydrolysis, Endonucleolytic (GO:0090502)",2/14,0.7486413204282935,0.9999963078360776,0,0,0.756303685231366,0.2189463532444434,ZC3H12C;ZC3H12B,LumB,Suppressed
GO_Biological_Process_2023,Aminoglycan Catabolic Process (GO:0006026),2/14,0.7486413204282935,0.9999963078360776,0,0,0.756303685231366,0.2189463532444434,HYAL1;CHI3L2,LumB,Suppressed
GO_Biological_Process_2023,Cardiac Cell Development (GO:0055006),2/14,0.7486413204282935,0.9999963078360776,0,0,0.756303685231366,0.2189463532444434,ALPK3;MYH11,LumB,Suppressed
GO_Biological_Process_2023,Cellular Response To ATP (GO:0071318),2/14,0.7486413204282935,0.9999963078360776,0,0,0.756303685231366,0.2189463532444434,P2RY12;RYR3,LumB,Suppressed
GO_Biological_Process_2023,Contractile Actin Filament Bundle Assembly (GO:0030038),2/14,0.7486413204282935,0.9999963078360776,0,0,0.756303685231366,0.2189463532444434,FAM171A1;SORBS1,LumB,Suppressed
GO_Biological_Process_2023,Embryonic Cranial Skeleton Morphogenesis (GO:0048701),2/14,0.7486413204282935,0.9999963078360776,0,0,0.756303685231366,0.2189463532444434,PDGFRA;TGFBR2,LumB,Suppressed
GO_Biological_Process_2023,Establishment Of Spindle Localization (GO:0051293),2/14,0.7486413204282935,0.9999963078360776,0,0,0.756303685231366,0.2189463532444434,KIF25;OOEP,LumB,Suppressed
GO_Biological_Process_2023,Mitochondrial Calcium Ion Transmembrane Transport (GO:0006851),2/14,0.7486413204282935,0.9999963078360776,0,0,0.756303685231366,0.2189463532444434,SLC8A3;MICU3,LumB,Suppressed
GO_Biological_Process_2023,Myotube Cell Development (GO:0014904),2/14,0.7486413204282935,0.9999963078360776,0,0,0.756303685231366,0.2189463532444434,CAV2;IGF1,LumB,Suppressed
GO_Biological_Process_2023,Negative Regulation Of Androgen Receptor Signaling Pathway (GO:0060766),2/14,0.7486413204282935,0.9999963078360776,0,0,0.756303685231366,0.2189463532444434,SFRP1;TCF21,LumB,Suppressed
GO_Biological_Process_2023,Negative Regulation Of Smooth Muscle Cell Migration (GO:0014912),2/14,0.7486413204282935,0.9999963078360776,0,0,0.756303685231366,0.2189463532444434,LRP1;SLIT2,LumB,Suppressed
GO_Biological_Process_2023,Neuron Cell-Cell Adhesion (GO:0007158),2/14,0.7486413204282935,0.9999963078360776,0,0,0.756303685231366,0.2189463532444434,NLGN1;PHOX2A,LumB,Suppressed
GO_Biological_Process_2023,Pancreas Development (GO:0031016),2/14,0.7486413204282935,0.9999963078360776,0,0,0.756303685231366,0.2189463532444434,PROX1;MET,LumB,Suppressed
GO_Biological_Process_2023,Photoreceptor Cell Development (GO:0042461),2/14,0.7486413204282935,0.9999963078360776,0,0,0.756303685231366,0.2189463532444434,RP1L1;PCARE,LumB,Suppressed
GO_Biological_Process_2023,Positive Regulation Of Histone Acetylation (GO:0035066),2/14,0.7486413204282935,0.9999963078360776,0,0,0.756303685231366,0.2189463532444434,NOS1;PPARGC1A,LumB,Suppressed
GO_Biological_Process_2023,Positive Regulation Of Membrane Protein Ectodomain Proteolysis (GO:0051044),2/14,0.7486413204282935,0.9999963078360776,0,0,0.756303685231366,0.2189463532444434,GPLD1;SH3D19,LumB,Suppressed
GO_Biological_Process_2023,"Positive Regulation Of Nuclear-Transcribed mRNA Catabolic Process, Deadenylation-Dependent Decay (GO:1900153)",2/14,0.7486413204282935,0.9999963078360776,0,0,0.756303685231366,0.2189463532444434,ZFP36;ZFP36L2,LumB,Suppressed
GO_Biological_Process_2023,Positive Regulation Of Transcription From RNA Polymerase II Promoter Involved In Cellular Response To Chemical Stimulus (GO:1901522),2/14,0.7486413204282935,0.9999963078360776,0,0,0.756303685231366,0.2189463532444434,BMP2;SMAD9,LumB,Suppressed
GO_Biological_Process_2023,Protein Homotrimerization (GO:0070207),2/14,0.7486413204282935,0.9999963078360776,0,0,0.756303685231366,0.2189463532444434,SCARA5;ITLN1,LumB,Suppressed
GO_Biological_Process_2023,Protein Trimerization (GO:0070206),2/14,0.7486413204282935,0.9999963078360776,0,0,0.756303685231366,0.2189463532444434,SCARA5;ITLN1,LumB,Suppressed
GO_Biological_Process_2023,Regulation Of Branching Involved In Ureteric Bud Morphogenesis (GO:0090189),2/14,0.7486413204282935,0.9999963078360776,0,0,0.756303685231366,0.2189463532444434,NOG;SOX8,LumB,Suppressed
GO_Biological_Process_2023,Regulation Of Establishment Of Protein Localization (GO:0070201),2/14,0.7486413204282935,0.9999963078360776,0,0,0.756303685231366,0.2189463532444434,CORO2B;OOEP,LumB,Suppressed
GO_Biological_Process_2023,Regulation Of Feeding Behavior (GO:0060259),2/14,0.7486413204282935,0.9999963078360776,0,0,0.756303685231366,0.2189463532444434,NR4A3;LEPR,LumB,Suppressed
GO_Biological_Process_2023,Regulation Of Hemopoiesis (GO:1903706),2/14,0.7486413204282935,0.9999963078360776,0,0,0.756303685231366,0.2189463532444434,PTN;IL17D,LumB,Suppressed
GO_Biological_Process_2023,Regulation Of Leukocyte Activation (GO:0002694),2/14,0.7486413204282935,0.9999963078360776,0,0,0.756303685231366,0.2189463532444434,PLA2G2A;CD200,LumB,Suppressed
GO_Biological_Process_2023,Regulation Of Superoxide Anion Generation (GO:0032928),2/14,0.7486413204282935,0.9999963078360776,0,0,0.756303685231366,0.2189463532444434,CRP;GSTP1,LumB,Suppressed
GO_Biological_Process_2023,Serine Family Amino Acid Metabolic Process (GO:0009069),2/14,0.7486413204282935,0.9999963078360776,0,0,0.756303685231366,0.2189463532444434,GLYAT;CDO1,LumB,Suppressed
GO_Biological_Process_2023,Stress Fiber Assembly (GO:0043149),2/14,0.7486413204282935,0.9999963078360776,0,0,0.756303685231366,0.2189463532444434,FAM171A1;SORBS1,LumB,Suppressed
GO_Biological_Process_2023,Synaptic Vesicle Membrane Organization (GO:0048499),2/14,0.7486413204282935,0.9999963078360776,0,0,0.756303685231366,0.2189463532444434,STX19;STX11,LumB,Suppressed
GO_Biological_Process_2023,Vascular Endothelial Growth Factor Signaling Pathway (GO:0038084),2/14,0.7486413204282935,0.9999963078360776,0,0,0.756303685231366,0.2189463532444434,FOXC1;VEGFD,LumB,Suppressed
GO_Biological_Process_2023,T Cell Differentiation (GO:0030217),7/46,0.748673077583433,0.9999963078360776,0,0,0.8142661999487749,0.2356916879297918,ANXA1;USP44;LEP;KIT;LEPR;PIK3R1;ZFP36L2,LumB,Suppressed
GO_Biological_Process_2023,Development Of Primary Male Sexual Characteristics (GO:0046546),7/46,0.748673077583433,0.9999963078360776,0,0,0.8142661999487749,0.2356916879297918,NR5A1;LHCGR;FGF9;KIT;AKR1C3;SOX8;MAMLD1,LumB,Suppressed
GO_Biological_Process_2023,Male Gonad Development (GO:0008584),7/46,0.748673077583433,0.9999963078360776,0,0,0.8142661999487749,0.2356916879297918,NR5A1;LHCGR;FGF9;KIT;AKR1C3;SOX8;MAMLD1,LumB,Suppressed
GO_Biological_Process_2023,Positive Regulation Of Peptide Hormone Secretion (GO:0090277),7/46,0.748673077583433,0.9999963078360776,0,0,0.8142661999487749,0.2356916879297918,RASL10B;NNAT;FFAR4;TNFSF11;ACSL4;DOC2B;DRD2,LumB,Suppressed
GO_Biological_Process_2023,Regulation Of Fibroblast Proliferation (GO:0048145),7/46,0.748673077583433,0.9999963078360776,0,0,0.8142661999487749,0.2356916879297918,PDGFRA;SFRP1;GSTP1;PDGFA;IGF1;AQP1;DDR2,LumB,Suppressed
GO_Biological_Process_2023,Regulation Of Nervous System Development (GO:0051960),7/46,0.748673077583433,0.9999963078360776,0,0,0.8142661999487749,0.2356916879297918,CX3CR1;PTPRZ1;LGI4;BHLHE41;PTN;DLL1;CX3CL1,LumB,Suppressed
GO_Biological_Process_2023,Response To Glucose (GO:0009749),7/46,0.748673077583433,0.9999963078360776,0,0,0.8142661999487749,0.2356916879297918,GYS2;KCNB1;ADIPOQ;ZBTB20;PCK1;CYP7A1;GPLD1,LumB,Suppressed
GO_Biological_Process_2023,L-alanine Transport (GO:0015808),1/7,0.7519391649105445,0.9999963078360776,0,0,0.756371191135734,0.2156413176980635,SLC36A2,LumB,Suppressed
GO_Biological_Process_2023,T Cell Apoptotic Process (GO:0070231),1/7,0.7519391649105445,0.9999963078360776,0,0,0.756371191135734,0.2156413176980635,CLC,LumB,Suppressed
GO_Biological_Process_2023,UV Protection (GO:0009650),1/7,0.7519391649105445,0.9999963078360776,0,0,0.756371191135734,0.2156413176980635,MFAP4,LumB,Suppressed
GO_Biological_Process_2023,Adenylate Cyclase-Inhibiting G Protein-Coupled Acetylcholine Receptor Signaling Pathway (GO:0007197),1/7,0.7519391649105445,0.9999963078360776,0,0,0.756371191135734,0.2156413176980635,CHRM3,LumB,Suppressed
GO_Biological_Process_2023,Aldehyde Catabolic Process (GO:0046185),1/7,0.7519391649105445,0.9999963078360776,0,0,0.756371191135734,0.2156413176980635,ALDH2,LumB,Suppressed
GO_Biological_Process_2023,Amine Transport (GO:0015837),1/7,0.7519391649105445,0.9999963078360776,0,0,0.756371191135734,0.2156413176980635,RHCG,LumB,Suppressed
GO_Biological_Process_2023,Arginine Catabolic Process (GO:0006527),1/7,0.7519391649105445,0.9999963078360776,0,0,0.756371191135734,0.2156413176980635,NOS1,LumB,Suppressed
GO_Biological_Process_2023,Benzene-Containing Compound Metabolic Process (GO:0042537),1/7,0.7519391649105445,0.9999963078360776,0,0,0.756371191135734,0.2156413176980635,ACSM1,LumB,Suppressed
GO_Biological_Process_2023,Cell Migration Involved In Heart Development (GO:0060973),1/7,0.7519391649105445,0.9999963078360776,0,0,0.756371191135734,0.2156413176980635,FOLR1,LumB,Suppressed
GO_Biological_Process_2023,Cellular Biogenic Amine Catabolic Process (GO:0042402),1/7,0.7519391649105445,0.9999963078360776,0,0,0.756371191135734,0.2156413176980635,DMGDH,LumB,Suppressed
GO_Biological_Process_2023,Cellular Response To Epinephrine Stimulus (GO:0071872),1/7,0.7519391649105445,0.9999963078360776,0,0,0.756371191135734,0.2156413176980635,SNCA,LumB,Suppressed
GO_Biological_Process_2023,Cellular Response To Interleukin-2 (GO:0071352),1/7,0.7519391649105445,0.9999963078360776,0,0,0.756371191135734,0.2156413176980635,STAT5A,LumB,Suppressed
GO_Biological_Process_2023,Cellular Response To Nitric Oxide (GO:0071732),1/7,0.7519391649105445,0.9999963078360776,0,0,0.756371191135734,0.2156413176980635,FOXO1,LumB,Suppressed
GO_Biological_Process_2023,Cellular Response To Potassium Ion (GO:0035865),1/7,0.7519391649105445,0.9999963078360776,0,0,0.756371191135734,0.2156413176980635,CRHBP,LumB,Suppressed
GO_Biological_Process_2023,Cellular Response To Reactive Nitrogen Species (GO:1902170),1/7,0.7519391649105445,0.9999963078360776,0,0,0.756371191135734,0.2156413176980635,FOXO1,LumB,Suppressed
GO_Biological_Process_2023,Cobalamin Metabolic Process (GO:0009235),1/7,0.7519391649105445,0.9999963078360776,0,0,0.756371191135734,0.2156413176980635,CUBN,LumB,Suppressed
GO_Biological_Process_2023,Coronary Vasculature Morphogenesis (GO:0060977),1/7,0.7519391649105445,0.9999963078360776,0,0,0.756371191135734,0.2156413176980635,TGFBR3,LumB,Suppressed
GO_Biological_Process_2023,Dendritic Spine Maintenance (GO:0097062),1/7,0.7519391649105445,0.9999963078360776,0,0,0.756371191135734,0.2156413176980635,PRNP,LumB,Suppressed
GO_Biological_Process_2023,Establishment Of Centrosome Localization (GO:0051660),1/7,0.7519391649105445,0.9999963078360776,0,0,0.756371191135734,0.2156413176980635,PKHD1,LumB,Suppressed
GO_Biological_Process_2023,Foam Cell Differentiation (GO:0090077),1/7,0.7519391649105445,0.9999963078360776,0,0,0.756371191135734,0.2156413176980635,PPARG,LumB,Suppressed
GO_Biological_Process_2023,Glucocorticoid Metabolic Process (GO:0008211),1/7,0.7519391649105445,0.9999963078360776,0,0,0.756371191135734,0.2156413176980635,CYP11A1,LumB,Suppressed
GO_Biological_Process_2023,Glutathione Catabolic Process (GO:0006751),1/7,0.7519391649105445,0.9999963078360776,0,0,0.756371191135734,0.2156413176980635,GGT3P,LumB,Suppressed
GO_Biological_Process_2023,Glycine Metabolic Process (GO:0006544),1/7,0.7519391649105445,0.9999963078360776,0,0,0.756371191135734,0.2156413176980635,GLYAT,LumB,Suppressed
GO_Biological_Process_2023,Growth Hormone Receptor Signaling Pathway Via JAK-STAT (GO:0060397),1/7,0.7519391649105445,0.9999963078360776,0,0,0.756371191135734,0.2156413176980635,STAT5A,LumB,Suppressed
GO_Biological_Process_2023,Hair Cell Differentiation (GO:0035315),1/7,0.7519391649105445,0.9999963078360776,0,0,0.756371191135734,0.2156413176980635,SPINK5,LumB,Suppressed
GO_Biological_Process_2023,Histone Lysine Demethylation (GO:0070076),1/7,0.7519391649105445,0.9999963078360776,0,0,0.756371191135734,0.2156413176980635,UTY,LumB,Suppressed
GO_Biological_Process_2023,Hyperosmotic Response (GO:0006972),1/7,0.7519391649105445,0.9999963078360776,0,0,0.756371191135734,0.2156413176980635,YBX3,LumB,Suppressed
GO_Biological_Process_2023,Immunological Synapse Formation (GO:0001771),1/7,0.7519391649105445,0.9999963078360776,0,0,0.756371191135734,0.2156413176980635,CCL21,LumB,Suppressed
GO_Biological_Process_2023,Inhibition Of Cysteine-Type Endopeptidase Activity (GO:0097340),1/7,0.7519391649105445,0.9999963078360776,0,0,0.756371191135734,0.2156413176980635,CARD18,LumB,Suppressed
GO_Biological_Process_2023,Interleukin-2-Mediated Signaling Pathway (GO:0038110),1/7,0.7519391649105445,0.9999963078360776,0,0,0.756371191135734,0.2156413176980635,STAT5A,LumB,Suppressed
GO_Biological_Process_2023,Leukocyte Aggregation (GO:0070486),1/7,0.7519391649105445,0.9999963078360776,0,0,0.756371191135734,0.2156413176980635,JAM2,LumB,Suppressed
GO_Biological_Process_2023,Lymphocyte Apoptotic Process (GO:0070227),1/7,0.7519391649105445,0.9999963078360776,0,0,0.756371191135734,0.2156413176980635,CLC,LumB,Suppressed
GO_Biological_Process_2023,Monosaccharide Biosynthetic Process (GO:0046364),1/7,0.7519391649105445,0.9999963078360776,0,0,0.756371191135734,0.2156413176980635,RGN,LumB,Suppressed
GO_Biological_Process_2023,Myeloid Leukocyte Mediated Immunity (GO:0002444),1/7,0.7519391649105445,0.9999963078360776,0,0,0.756371191135734,0.2156413176980635,IL6,LumB,Suppressed
GO_Biological_Process_2023,Myoblast Migration (GO:0051451),1/7,0.7519391649105445,0.9999963078360776,0,0,0.756371191135734,0.2156413176980635,ANXA1,LumB,Suppressed
GO_Biological_Process_2023,"Negative Regulation Of CD8-positive, Alpha-Beta T Cell Activation (GO:2001186)",1/7,0.7519391649105445,0.9999963078360776,0,0,0.756371191135734,0.2156413176980635,VSIR,LumB,Suppressed
GO_Biological_Process_2023,Negative Regulation Of RNA Catabolic Process (GO:1902369),1/7,0.7519391649105445,0.9999963078360776,0,0,0.756371191135734,0.2156413176980635,PKP1,LumB,Suppressed
GO_Biological_Process_2023,Negative Regulation Of T Cell Apoptotic Process (GO:0070233),1/7,0.7519391649105445,0.9999963078360776,0,0,0.756371191135734,0.2156413176980635,PIP,LumB,Suppressed
GO_Biological_Process_2023,Negative Regulation Of Amyloid-Beta Clearance (GO:1900222),1/7,0.7519391649105445,0.9999963078360776,0,0,0.756371191135734,0.2156413176980635,MYOCD,LumB,Suppressed
GO_Biological_Process_2023,Negative Regulation Of cAMP-dependent Protein Kinase Activity (GO:2000480),1/7,0.7519391649105445,0.9999963078360776,0,0,0.756371191135734,0.2156413176980635,PRKAR2B,LumB,Suppressed
GO_Biological_Process_2023,Negative Regulation Of Cell Cycle G2/M Phase Transition (GO:1902750),1/7,0.7519391649105445,0.9999963078360776,0,0,0.756371191135734,0.2156413176980635,FHL1,LumB,Suppressed
GO_Biological_Process_2023,Negative Regulation Of Inflammatory Response To Wounding (GO:0106015),1/7,0.7519391649105445,0.9999963078360776,0,0,0.756371191135734,0.2156413176980635,IL33,LumB,Suppressed
GO_Biological_Process_2023,Negative Regulation Of Keratinocyte Proliferation (GO:0010839),1/7,0.7519391649105445,0.9999963078360776,0,0,0.756371191135734,0.2156413176980635,KLF9,LumB,Suppressed
GO_Biological_Process_2023,Negative Regulation Of Macrophage Migration (GO:1905522),1/7,0.7519391649105445,0.9999963078360776,0,0,0.756371191135734,0.2156413176980635,CD200,LumB,Suppressed
GO_Biological_Process_2023,Negative Regulation Of miRNA-mediated Gene Silencing (GO:0060965),1/7,0.7519391649105445,0.9999963078360776,0,0,0.756371191135734,0.2156413176980635,PPARG,LumB,Suppressed
GO_Biological_Process_2023,Negative Regulation Of Mitochondrial Fusion (GO:0010637),1/7,0.7519391649105445,0.9999963078360776,0,0,0.756371191135734,0.2156413176980635,PRKN,LumB,Suppressed
GO_Biological_Process_2023,Negative Regulation Of Neural Precursor Cell Proliferation (GO:2000178),1/7,0.7519391649105445,0.9999963078360776,0,0,0.756371191135734,0.2156413176980635,PTN,LumB,Suppressed
GO_Biological_Process_2023,Negative Regulation Of Peptidyl-Lysine Acetylation (GO:2000757),1/7,0.7519391649105445,0.9999963078360776,0,0,0.756371191135734,0.2156413176980635,KLF15,LumB,Suppressed
GO_Biological_Process_2023,Negative Regulation Of Striated Muscle Cell Apoptotic Process (GO:0010664),1/7,0.7519391649105445,0.9999963078360776,0,0,0.756371191135734,0.2156413176980635,HAND2,LumB,Suppressed
GO_Biological_Process_2023,Negative Regulation Of Vascular Associated Smooth Muscle Cell Differentiation (GO:1905064),1/7,0.7519391649105445,0.9999963078360776,0,0,0.756371191135734,0.2156413176980635,FGF9,LumB,Suppressed
GO_Biological_Process_2023,Neuroepithelial Cell Differentiation (GO:0060563),1/7,0.7519391649105445,0.9999963078360776,0,0,0.756371191135734,0.2156413176980635,WNT11,LumB,Suppressed
GO_Biological_Process_2023,Neuron Fate Specification (GO:0048665),1/7,0.7519391649105445,0.9999963078360776,0,0,0.756371191135734,0.2156413176980635,DLL1,LumB,Suppressed
GO_Biological_Process_2023,"Neurotransmitter Receptor Transport, Endosome To Plasma Membrane (GO:0099639)",1/7,0.7519391649105445,0.9999963078360776,0,0,0.756371191135734,0.2156413176980635,GRIP2,LumB,Suppressed
GO_Biological_Process_2023,Norepinephrine Metabolic Process (GO:0042415),1/7,0.7519391649105445,0.9999963078360776,0,0,0.756371191135734,0.2156413176980635,MOXD2P,LumB,Suppressed
GO_Biological_Process_2023,Nucleobase-Containing Small Molecule Interconversion (GO:0015949),1/7,0.7519391649105445,0.9999963078360776,0,0,0.756371191135734,0.2156413176980635,AK5,LumB,Suppressed
GO_Biological_Process_2023,Peptidyl-Tyrosine Dephosphorylation Involved In Inactivation Of Protein Kinase Activity (GO:1990264),1/7,0.7519391649105445,0.9999963078360776,0,0,0.756371191135734,0.2156413176980635,PTPRB,LumB,Suppressed
GO_Biological_Process_2023,Pericardium Development (GO:0060039),1/7,0.7519391649105445,0.9999963078360776,0,0,0.756371191135734,0.2156413176980635,BMP5,LumB,Suppressed
GO_Biological_Process_2023,Peroxisome Proliferator Activated Receptor Signaling Pathway (GO:0035357),1/7,0.7519391649105445,0.9999963078360776,0,0,0.756371191135734,0.2156413176980635,PPARG,LumB,Suppressed
GO_Biological_Process_2023,Platelet Activating Factor Metabolic Process (GO:0046469),1/7,0.7519391649105445,0.9999963078360776,0,0,0.756371191135734,0.2156413176980635,PLA2G4A,LumB,Suppressed
GO_Biological_Process_2023,Positive Regulation Of Arp2/3 Complex-Mediated Actin Nucleation (GO:2000601),1/7,0.7519391649105445,0.9999963078360776,0,0,0.756371191135734,0.2156413176980635,WASF3,LumB,Suppressed
GO_Biological_Process_2023,Positive Regulation Of CoA-transferase Activity (GO:1905920),1/7,0.7519391649105445,0.9999963078360776,0,0,0.756371191135734,0.2156413176980635,CHRNA7,LumB,Suppressed
GO_Biological_Process_2023,Positive Regulation Of DNA Demethylation (GO:1901537),1/7,0.7519391649105445,0.9999963078360776,0,0,0.756371191135734,0.2156413176980635,STPG4,LumB,Suppressed
GO_Biological_Process_2023,Positive Regulation Of T-helper 2 Cell Cytokine Production (GO:2000553),1/7,0.7519391649105445,0.9999963078360776,0,0,0.756371191135734,0.2156413176980635,IL6,LumB,Suppressed
GO_Biological_Process_2023,Positive Regulation Of Adipose Tissue Development (GO:1904179),1/7,0.7519391649105445,0.9999963078360776,0,0,0.756371191135734,0.2156413176980635,PPARG,LumB,Suppressed
GO_Biological_Process_2023,Positive Regulation Of Apoptotic Cell Clearance (GO:2000427),1/7,0.7519391649105445,0.9999963078360776,0,0,0.756371191135734,0.2156413176980635,C3,LumB,Suppressed
GO_Biological_Process_2023,Positive Regulation Of Astrocyte Differentiation (GO:0048711),1/7,0.7519391649105445,0.9999963078360776,0,0,0.756371191135734,0.2156413176980635,BMP2,LumB,Suppressed
GO_Biological_Process_2023,Positive Regulation Of Calcium Ion Import (GO:0090280),1/7,0.7519391649105445,0.9999963078360776,0,0,0.756371191135734,0.2156413176980635,CXCL12,LumB,Suppressed
GO_Biological_Process_2023,Positive Regulation Of Cardiac Epithelial To Mesenchymal Transition (GO:0062043),1/7,0.7519391649105445,0.9999963078360776,0,0,0.756371191135734,0.2156413176980635,TGFBR2,LumB,Suppressed
GO_Biological_Process_2023,Positive Regulation Of Dendritic Cell Chemotaxis (GO:2000510),1/7,0.7519391649105445,0.9999963078360776,0,0,0.756371191135734,0.2156413176980635,CCL21,LumB,Suppressed
GO_Biological_Process_2023,Positive Regulation Of Execution Phase Of Apoptosis (GO:1900119),1/7,0.7519391649105445,0.9999963078360776,0,0,0.756371191135734,0.2156413176980635,PTGIS,LumB,Suppressed
GO_Biological_Process_2023,Positive Regulation Of Fibroblast Migration (GO:0010763),1/7,0.7519391649105445,0.9999963078360776,0,0,0.756371191135734,0.2156413176980635,DDR2,LumB,Suppressed
GO_Biological_Process_2023,Positive Regulation Of Insulin-Like Growth Factor Receptor Signaling Pathway (GO:0043568),1/7,0.7519391649105445,0.9999963078360776,0,0,0.756371191135734,0.2156413176980635,IGF1,LumB,Suppressed
GO_Biological_Process_2023,Positive Regulation Of Myotube Differentiation (GO:0010831),1/7,0.7519391649105445,0.9999963078360776,0,0,0.756371191135734,0.2156413176980635,SMYD1,LumB,Suppressed
GO_Biological_Process_2023,Positive Regulation Of Neuron Projection Arborization (GO:0150012),1/7,0.7519391649105445,0.9999963078360776,0,0,0.756371191135734,0.2156413176980635,FZD4,LumB,Suppressed
GO_Biological_Process_2023,Positive Regulation Of Plasminogen Activation (GO:0010756),1/7,0.7519391649105445,0.9999963078360776,0,0,0.756371191135734,0.2156413176980635,CLEC3B,LumB,Suppressed
GO_Biological_Process_2023,Positive Regulation Of Triglyceride Lipase Activity (GO:0061365),1/7,0.7519391649105445,0.9999963078360776,0,0,0.756371191135734,0.2156413176980635,GPIHBP1,LumB,Suppressed
GO_Biological_Process_2023,Postsynapse Organization (GO:0099173),1/7,0.7519391649105445,0.9999963078360776,0,0,0.756371191135734,0.2156413176980635,CHRNA7,LumB,Suppressed
GO_Biological_Process_2023,Postsynaptic Membrane Assembly (GO:0097104),1/7,0.7519391649105445,0.9999963078360776,0,0,0.756371191135734,0.2156413176980635,NLGN1,LumB,Suppressed
GO_Biological_Process_2023,Protein K27-linked Ubiquitination (GO:0044314),1/7,0.7519391649105445,0.9999963078360776,0,0,0.756371191135734,0.2156413176980635,PRKN,LumB,Suppressed
GO_Biological_Process_2023,Purine Ribonucleoside Monophosphate Catabolic Process (GO:0009169),1/7,0.7519391649105445,0.9999963078360776,0,0,0.756371191135734,0.2156413176980635,NT5C1A,LumB,Suppressed
GO_Biological_Process_2023,Regulation Of CoA-transferase Activity (GO:1905918),1/7,0.7519391649105445,0.9999963078360776,0,0,0.756371191135734,0.2156413176980635,CHRNA7,LumB,Suppressed
GO_Biological_Process_2023,Regulation Of Golgi To Plasma Membrane Protein Transport (GO:0042996),1/7,0.7519391649105445,0.9999963078360776,0,0,0.756371191135734,0.2156413176980635,PKDCC,LumB,Suppressed
GO_Biological_Process_2023,Regulation Of Apoptotic Cell Clearance (GO:2000425),1/7,0.7519391649105445,0.9999963078360776,0,0,0.756371191135734,0.2156413176980635,C3,LumB,Suppressed
GO_Biological_Process_2023,Regulation Of Collateral Sprouting (GO:0048670),1/7,0.7519391649105445,0.9999963078360776,0,0,0.756371191135734,0.2156413176980635,NGF,LumB,Suppressed
GO_Biological_Process_2023,Regulation Of Dopamine Metabolic Process (GO:0042053),1/7,0.7519391649105445,0.9999963078360776,0,0,0.756371191135734,0.2156413176980635,PRKN,LumB,Suppressed
GO_Biological_Process_2023,Regulation Of Dopamine Receptor Signaling Pathway (GO:0060159),1/7,0.7519391649105445,0.9999963078360776,0,0,0.756371191135734,0.2156413176980635,DRD2,LumB,Suppressed
GO_Biological_Process_2023,Regulation Of Establishment Of Protein Localization To Mitochondrion (GO:1903747),1/7,0.7519391649105445,0.9999963078360776,0,0,0.756371191135734,0.2156413176980635,PRKN,LumB,Suppressed
GO_Biological_Process_2023,Regulation Of Leukocyte Proliferation (GO:0070663),1/7,0.7519391649105445,0.9999963078360776,0,0,0.756371191135734,0.2156413176980635,GSTP1,LumB,Suppressed
GO_Biological_Process_2023,Regulation Of Microvillus Organization (GO:0032530),1/7,0.7519391649105445,0.9999963078360776,0,0,0.756371191135734,0.2156413176980635,PLD1,LumB,Suppressed
GO_Biological_Process_2023,Regulation Of Oxidative Stress-Induced Cell Death (GO:1903201),1/7,0.7519391649105445,0.9999963078360776,0,0,0.756371191135734,0.2156413176980635,PRKN,LumB,Suppressed
GO_Biological_Process_2023,Regulation Of Protein Glycosylation (GO:0060049),1/7,0.7519391649105445,0.9999963078360776,0,0,0.756371191135734,0.2156413176980635,SLC51B,LumB,Suppressed
GO_Biological_Process_2023,Regulation Of Skeletal Muscle Fiber Development (GO:0048742),1/7,0.7519391649105445,0.9999963078360776,0,0,0.756371191135734,0.2156413176980635,MYF6,LumB,Suppressed
GO_Biological_Process_2023,Regulation Of Stem Cell Division (GO:2000035),1/7,0.7519391649105445,0.9999963078360776,0,0,0.756371191135734,0.2156413176980635,ESRRB,LumB,Suppressed
GO_Biological_Process_2023,Regulation Of Transforming Growth Factor Beta Activation (GO:1901388),1/7,0.7519391649105445,0.9999963078360776,0,0,0.756371191135734,0.2156413176980635,TNXB,LumB,Suppressed
GO_Biological_Process_2023,Regulation Of Triglyceride Metabolic Process (GO:0090207),1/7,0.7519391649105445,0.9999963078360776,0,0,0.756371191135734,0.2156413176980635,CIDEC,LumB,Suppressed
GO_Biological_Process_2023,Regulation Of Vascular Wound Healing (GO:0061043),1/7,0.7519391649105445,0.9999963078360776,0,0,0.756371191135734,0.2156413176980635,FOXC2,LumB,Suppressed
GO_Biological_Process_2023,Response To Epinephrine (GO:0071871),1/7,0.7519391649105445,0.9999963078360776,0,0,0.756371191135734,0.2156413176980635,SNCA,LumB,Suppressed
GO_Biological_Process_2023,Response To Potassium Ion (GO:0035864),1/7,0.7519391649105445,0.9999963078360776,0,0,0.756371191135734,0.2156413176980635,CRHBP,LumB,Suppressed
GO_Biological_Process_2023,Spleen Development (GO:0048536),1/7,0.7519391649105445,0.9999963078360776,0,0,0.756371191135734,0.2156413176980635,TCF21,LumB,Suppressed
GO_Biological_Process_2023,Stress-Induced Premature Senescence (GO:0090400),1/7,0.7519391649105445,0.9999963078360776,0,0,0.756371191135734,0.2156413176980635,PLA2R1,LumB,Suppressed
GO_Biological_Process_2023,Sulfur Amino Acid Biosynthetic Process (GO:0000097),1/7,0.7519391649105445,0.9999963078360776,0,0,0.756371191135734,0.2156413176980635,CDO1,LumB,Suppressed
GO_Biological_Process_2023,Terpenoid Metabolic Process (GO:0006721),1/7,0.7519391649105445,0.9999963078360776,0,0,0.756371191135734,0.2156413176980635,CYP3A4,LumB,Suppressed
GO_Biological_Process_2023,Thyroid Hormone Transport (GO:0070327),1/7,0.7519391649105445,0.9999963078360776,0,0,0.756371191135734,0.2156413176980635,SLCO1C1,LumB,Suppressed
GO_Biological_Process_2023,Tryptophan Metabolic Process (GO:0006568),1/7,0.7519391649105445,0.9999963078360776,0,0,0.756371191135734,0.2156413176980635,HAAO,LumB,Suppressed
GO_Biological_Process_2023,Ventricular Cardiac Muscle Cell Membrane Repolarization (GO:0099625),1/7,0.7519391649105445,0.9999963078360776,0,0,0.756371191135734,0.2156413176980635,KCNE1,LumB,Suppressed
GO_Biological_Process_2023,Ventricular Trabecula Myocardium Morphogenesis (GO:0003222),1/7,0.7519391649105445,0.9999963078360776,0,0,0.756371191135734,0.2156413176980635,NRG1,LumB,Suppressed
GO_Biological_Process_2023,Positive Regulation Of Cell Cycle G1/S Phase Transition (GO:1902808),6/40,0.7534243448371847,0.9999963078360776,0,0,0.8006037366402872,0.226672270705326,ANXA1;RGCC;ADAMTS1;HYAL1;GLI1;EGFR,LumB,Suppressed
GO_Biological_Process_2023,Positive Regulation Of Insulin Secretion (GO:0032024),6/40,0.7534243448371847,0.9999963078360776,0,0,0.8006037366402872,0.226672270705326,NNAT;TUNAR;ACSL4;DOC2B;CFTR;GPLD1,LumB,Suppressed
GO_Biological_Process_2023,Regulation Of Microtubule Polymerization (GO:0031113),6/40,0.7534243448371847,0.9999963078360776,0,0,0.8006037366402872,0.226672270705326,CDH5;CAV3;MAP2;ANKRD53;MET;SNCA,LumB,Suppressed
GO_Biological_Process_2023,Regulation Of Small Molecule Metabolic Process (GO:0062012),6/40,0.7534243448371847,0.9999963078360776,0,0,0.8006037366402872,0.226672270705326,PRKN;ACADL;ADIPOQ;PDK4;NR1H4;PPARA,LumB,Suppressed
GO_Biological_Process_2023,Organic Anion Transport (GO:0015711),14/89,0.7563369962449482,0.9999963078360776,0,0,0.8466166249652488,0.2364331347209942,SLC22A3;SLC4A1;SLC2A4;SLCO1B7;SLC4A4;SLC22A12;SLCO1C1;CA4;SLCO1B3;SLCO1A2;SLC26A7;CFTR;SLC22A11;ABCG2,LumB,Suppressed
GO_Biological_Process_2023,Positive Regulation Of Cellular Component Organization (GO:0051130),18/113,0.7576309313285592,0.9999963078360776,0,0,0.859249710694772,0.2384924130293325,PPP1R15A;LRP1;FRMPD4;LRP4;NRG1;DLL1;CDH5;RELN;HYAL1;TAL1;CLDN19;GPC3;HAS3;SHANK3;TRABD2B;RAPGEF3;TRABD2A;SNCA,LumB,Suppressed
GO_Biological_Process_2023,Lipid Biosynthetic Process (GO:0008610),11/71,0.7581205425314516,0.9999963078360776,0,0,0.8315694444444445,0.2302722888637938,OLAH;MLXIPL;ACSM3;RDH8;ACSL1;ACSM1;HSD3B1;ACSM2A;ACSM5;ACACB;ACSM2B,LumB,Suppressed
GO_Biological_Process_2023,Myeloid Leukocyte Differentiation (GO:0002573),11/71,0.7581205425314516,0.9999963078360776,0,0,0.8315694444444445,0.2302722888637938,CEBPA;IL33;CSF3;BMP2;PDE1B;KIT;LIF;TNFSF11;PPARG;TGFBR2;EPHA2,LumB,Suppressed
GO_Biological_Process_2023,Focal Adhesion Assembly (GO:0048041),3/21,0.7584755628356039,0.9999963078360776,0,0,0.7562361419068736,0.2090574722169481,SORBS1;THSD1;FERMT2,LumB,Suppressed
GO_Biological_Process_2023,Negative Regulation Of Interleukin-2 Production (GO:0032703),3/21,0.7584755628356039,0.9999963078360776,0,0,0.7562361419068736,0.2090574722169481,PRNP;ZFP36;CR1,LumB,Suppressed
GO_Biological_Process_2023,Negative Regulation Of miRNA Metabolic Process (GO:2000629),3/21,0.7584755628356039,0.9999963078360776,0,0,0.7562361419068736,0.2090574722169481,NFIB;PPARG;PPARA,LumB,Suppressed
GO_Biological_Process_2023,Negative Regulation Of Reactive Oxygen Species Metabolic Process (GO:2000378),3/21,0.7584755628356039,0.9999963078360776,0,0,0.7562361419068736,0.2090574722169481,PRKN;ABCD2;PPARA,LumB,Suppressed
GO_Biological_Process_2023,Positive Regulation Of Blood Coagulation (GO:0030194),3/21,0.7584755628356039,0.9999963078360776,0,0,0.7562361419068736,0.2090574722169481,SERPINF2;EMILIN2;NRG1,LumB,Suppressed
GO_Biological_Process_2023,Positive Regulation Of Transcription Regulatory Region DNA Binding (GO:2000679),3/21,0.7584755628356039,0.9999963078360776,0,0,0.7562361419068736,0.2090574722169481,FOXC1;HAND2;IGF1,LumB,Suppressed
GO_Biological_Process_2023,Regulation Of Membrane Protein Ectodomain Proteolysis (GO:0051043),3/21,0.7584755628356039,0.9999963078360776,0,0,0.7562361419068736,0.2090574722169481,GPLD1;TIMP4;SH3D19,LumB,Suppressed
GO_Biological_Process_2023,Sodium Ion Import Across Plasma Membrane (GO:0098719),3/21,0.7584755628356039,0.9999963078360776,0,0,0.7562361419068736,0.2090574722169481,SLC9A9;SLC5A1;SLC9C2,LumB,Suppressed
GO_Biological_Process_2023,Sulfur Compound Transport (GO:0072348),3/21,0.7584755628356039,0.9999963078360776,0,0,0.7562361419068736,0.2090574722169481,SLC35F3;SLC19A3;SLC26A7,LumB,Suppressed
GO_Biological_Process_2023,Regulation Of Cell-Matrix Adhesion (GO:0001952),10/65,0.7596200786632944,0.9999963078360776,0,0,0.8247204059478428,0.2267460447167672,PKHD1;SFRP1;MYOC;CCL21;CDH13;CD36;HOXA7;PLET1;CX3CL1;GPM6B,LumB,Suppressed
GO_Biological_Process_2023,Synapse Organization (GO:0050808),21/131,0.7600510253165274,0.9999963078360776,0,0,0.8656849835401368,0.2375177373494683,CX3CR1;UNC13C;NLGN1;CHRNA7;LRP4;KY;CX3CL1;SLC8A3;LRFN5;ADGRF1;SLITRK2;DNER;SLITRK3;HMCN2;DRD2;PAK3;PDZRN3;SHANK3;LRRC4B;SNCA;ADGRL3,LumB,Suppressed
GO_Biological_Process_2023,Cellular Response To Glucose Stimulus (GO:0071333),5/34,0.7603620830055813,0.9999963078360776,0,0,0.7822212022108745,0.2142977383801895,MLXIPL;KCNB1;ZBTB20;PCK1;CYP7A1,LumB,Suppressed
GO_Biological_Process_2023,Negative Regulation Of Interleukin-6 Production (GO:0032715),5/34,0.7603620830055813,0.9999963078360776,0,0,0.7822212022108745,0.2142977383801895,NMB;SIRPA;BPI;CX3CL1;CD200,LumB,Suppressed
GO_Biological_Process_2023,Negative Regulation Of Mitotic Cell Cycle (GO:0045930),5/34,0.7603620830055813,0.9999963078360776,0,0,0.7822212022108745,0.2142977383801895,CDKN1C;FOXC1;RGCC;GAS1;ZFP36L2,LumB,Suppressed
GO_Biological_Process_2023,Positive Regulation Of Organelle Organization (GO:0010638),5/34,0.7603620830055813,0.9999963078360776,0,0,0.7822212022108745,0.2142977383801895,ANXA1;DOC2B;PLA2G5;MGARP;PPARGC1A,LumB,Suppressed
GO_Biological_Process_2023,Actin Cytoskeleton Reorganization (GO:0031532),8/53,0.7648288257603586,0.9999963078360776,0,0,0.8064390785456564,0.2162089196345527,FGF7;ANXA1;THSD7B;KIT;S1PR1;NEDD9;THSD7A;PDLIM4,LumB,Suppressed
GO_Biological_Process_2023,Positive Regulation Of Chemokine Production (GO:0032722),8/53,0.7648288257603586,0.9999963078360776,0,0,0.8064390785456564,0.2162089196345527,EGR1;IL33;IL6;TSLP;ADIPOQ;FFAR3;DEFB124;ALOX15B,LumB,Suppressed
GO_Biological_Process_2023,Response To Organonitrogen Compound (GO:0010243),7/47,0.7690411720803514,0.9999963078360776,0,0,0.793860987791343,0.2084764461844732,PRKN;IL6;CHRNA7;NR1H4;SEL1L2;DRD2;GPIHBP1,LumB,Suppressed
GO_Biological_Process_2023,Fatty Acid Derivative Biosynthetic Process (GO:1901570),4/28,0.7706718116357681,0.9999963078360776,0,0,0.756168561131134,0.1969763613207532,AWAT2;HMGCS2;GGT3P;GGTA1,LumB,Suppressed
GO_Biological_Process_2023,Mucosal Immune Response (GO:0002385),4/28,0.7706718116357681,0.9999963078360776,0,0,0.756168561131134,0.1969763613207532,PIGR;FFAR3;DEFB1;RNASE3,LumB,Suppressed
GO_Biological_Process_2023,Negative Regulation Of Signaling (GO:0023057),4/28,0.7706718116357681,0.9999963078360776,0,0,0.756168561131134,0.1969763613207532,KIF26A;HHIP;ADIPOQ;LIF,LumB,Suppressed
GO_Biological_Process_2023,Negative Regulation Of Type II Interferon Production (GO:0032689),4/28,0.7706718116357681,0.9999963078360776,0,0,0.756168561131134,0.1969763613207532,PRNP;CR1;NR1H4;VSIR,LumB,Suppressed
GO_Biological_Process_2023,Regulation Of Bone Resorption (GO:0045124),4/28,0.7706718116357681,0.9999963078360776,0,0,0.756168561131134,0.1969763613207532,IL6;S1PR1;TNFSF11;PRKCA,LumB,Suppressed
GO_Biological_Process_2023,Regulation Of Calcium Ion-Dependent Exocytosis (GO:0017158),4/28,0.7706718116357681,0.9999963078360776,0,0,0.756168561131134,0.1969763613207532,KCNB1;SYT15;DOC2B;SYT8,LumB,Suppressed
GO_Biological_Process_2023,Regulation Of Cardiac Muscle Cell Action Potential (GO:0098901),4/28,0.7706718116357681,0.9999963078360776,0,0,0.756168561131134,0.1969763613207532,CAV3;CAV1;ANK2;TBX18,LumB,Suppressed
GO_Biological_Process_2023,Regulation Of Monoatomic Ion Transport (GO:0043269),4/28,0.7706718116357681,0.9999963078360776,0,0,0.756168561131134,0.1969763613207532,CLDN10;CHRM1;KCNJ16;KCNJ2,LumB,Suppressed
GO_Biological_Process_2023,Regulation Of Protein Localization To Membrane (GO:1905475),4/28,0.7706718116357681,0.9999963078360776,0,0,0.756168561131134,0.1969763613207532,PRKN;GSN;GPC3;SPTBN1,LumB,Suppressed
GO_Biological_Process_2023,Regulation Of Protein Targeting To Membrane (GO:0090313),4/28,0.7706718116357681,0.9999963078360776,0,0,0.756168561131134,0.1969763613207532,PRNP;KCNE1;KCNB1;SLC51B,LumB,Suppressed
GO_Biological_Process_2023,Negative Regulation Of Signal Transduction (GO:0009968),44/267,0.7723752813628721,0.9999963078360776,0,0,0.8942259702479505,0.2309649144633663,CX3CR1;KANK1;PID1;CITED1;LRP1;HHIP;APCDD1;FGF2;CX3CL1;CRHBP;RGS2;CYP26B1;WIF1;GPC3;SOSTDC1;APOD;DRD2;CER1;TNS2;SNCA;PTCH1;NOG;ADIPOQ;PTCH2;NRG1;HIC1;DCN;BMP5;DLK2;DKK4;SFRP1;BMP2;KIF26A;SFRP5;MMRN2;TYRO3;SPRY2;PPARG;SPRY1;AGTR2;RAB7B;LACRT;TRABD2B;TRABD2A,LumB,Suppressed
GO_Biological_Process_2023,Negative Regulation Of Protein Modification Process (GO:0031400),12/78,0.7728799946410417,0.9999963078360776,0,0,0.8246230013387558,0.212448851456637,PPP1R16B;PPP1R15A;PRKN;PRNP;PID1;NTRK3;FXYD1;SIRPA;DMD;SLIT2;PLPP3;KLHL31,LumB,Suppressed
GO_Biological_Process_2023,Cellular Response To Retinoic Acid (GO:0071300),6/41,0.7748698398066993,0.9999963078360776,0,0,0.7776817911630671,0.198355682810535,WNT6;WNT11;FZD4;FZD7;TESC;AQP1,LumB,Suppressed
GO_Biological_Process_2023,Non-Canonical Wnt Signaling Pathway (GO:0035567),6/41,0.7748698398066993,0.9999963078360776,0,0,0.7776817911630671,0.198355682810535,SFRP1;WNT11;FZD4;FZD7;SFRP5;FZD9,LumB,Suppressed
GO_Biological_Process_2023,Regulation Of Dendrite Development (GO:0050773),6/41,0.7748698398066993,0.9999963078360776,0,0,0.7776817911630671,0.198355682810535,ALK;BCL11A;PTN;VLDLR;MGARP;BMP5,LumB,Suppressed
GO_Biological_Process_2023,Cellular Response To Type II Interferon (GO:0071346),10/66,0.776535664206319,0.9999963078360776,0,0,0.8099436664418614,0.2048450460178426,CCL14;CCL13;CCL24;CCL23;CCL21;SIRPA;AQP4;TDGF1;CX3CL1;CCL16,LumB,Suppressed
GO_Biological_Process_2023,Response To Light Stimulus (GO:0009416),9/60,0.7793747568408721,0.9999963078360776,0,0,0.8004376653493157,0.1995197135304036,TRPM1;MAPK10;OPN4;SERPINB13;DCT;GPR88;RGR;DRD2;ELANE,LumB,Suppressed
GO_Biological_Process_2023,Response To Retinoic Acid (GO:0032526),9/60,0.7793747568408721,0.9999963078360776,0,0,0.8004376653493157,0.1995197135304036,WNT6;WNT11;FZD4;TESC;ALDH1A2;FZD7;HSD17B2;RXRG;AQP1,LumB,Suppressed
GO_Biological_Process_2023,3'-UTR-mediated mRNA Destabilization (GO:0061158),2/15,0.7829344335151218,0.9999963078360776,0,0,0.6980838502035509,0.1708255328452952,ZFP36;ZFP36L2,LumB,Suppressed
GO_Biological_Process_2023,3'-Phosphoadenosine 5'-Phosphosulfate Metabolic Process (GO:0050427),2/15,0.7829344335151218,0.9999963078360776,0,0,0.6980838502035509,0.1708255328452952,SULT1C3;SULT1E1,LumB,Suppressed
GO_Biological_Process_2023,L-glutamate Import (GO:0051938),2/15,0.7829344335151218,0.9999963078360776,0,0,0.6980838502035509,0.1708255328452952,SLC17A7;SLC1A7,LumB,Suppressed
GO_Biological_Process_2023,Amyloid-Beta Metabolic Process (GO:0050435),2/15,0.7829344335151218,0.9999963078360776,0,0,0.6980838502035509,0.1708255328452952,MME;MGAT3,LumB,Suppressed
GO_Biological_Process_2023,Dendritic Cell Chemotaxis (GO:0002407),2/15,0.7829344335151218,0.9999963078360776,0,0,0.6980838502035509,0.1708255328452952,CCL21;CXCR2,LumB,Suppressed
GO_Biological_Process_2023,Ganglioside Biosynthetic Process (GO:0001574),2/15,0.7829344335151218,0.9999963078360776,0,0,0.6980838502035509,0.1708255328452952,ST8SIA2;ST6GALNAC3,LumB,Suppressed
GO_Biological_Process_2023,Glycosaminoglycan Catabolic Process (GO:0006027),2/15,0.7829344335151218,0.9999963078360776,0,0,0.6980838502035509,0.1708255328452952,HYAL1;FGF2,LumB,Suppressed
GO_Biological_Process_2023,Keratan Sulfate Biosynthetic Process (GO:0018146),2/15,0.7829344335151218,0.9999963078360776,0,0,0.6980838502035509,0.1708255328452952,B3GNT3;CHST2,LumB,Suppressed
GO_Biological_Process_2023,Negative Regulation Of Cell-Substrate Junction Organization (GO:0150118),2/15,0.7829344335151218,0.9999963078360776,0,0,0.6980838502035509,0.1708255328452952,FAM107A;APOD,LumB,Suppressed
GO_Biological_Process_2023,Negative Regulation Of Focal Adhesion Assembly (GO:0051895),2/15,0.7829344335151218,0.9999963078360776,0,0,0.6980838502035509,0.1708255328452952,FAM107A;APOD,LumB,Suppressed
GO_Biological_Process_2023,Negative Regulation Of Immune Effector Process (GO:0002698),2/15,0.7829344335151218,0.9999963078360776,0,0,0.6980838502035509,0.1708255328452952,CR1;ENPP3,LumB,Suppressed
GO_Biological_Process_2023,Negative Regulation Of Synaptic Transmission (GO:0050805),2/15,0.7829344335151218,0.9999963078360776,0,0,0.6980838502035509,0.1708255328452952,ADIPOQ;DRD2,LumB,Suppressed
GO_Biological_Process_2023,Neurotrophin Signaling Pathway (GO:0038179),2/15,0.7829344335151218,0.9999963078360776,0,0,0.6980838502035509,0.1708255328452952,NTF4;NGF,LumB,Suppressed
GO_Biological_Process_2023,Nitric Oxide Biosynthetic Process (GO:0006809),2/15,0.7829344335151218,0.9999963078360776,0,0,0.6980838502035509,0.1708255328452952,MTARC1;NOS1,LumB,Suppressed
GO_Biological_Process_2023,Oogenesis (GO:0048477),2/15,0.7829344335151218,0.9999963078360776,0,0,0.6980838502035509,0.1708255328452952,IHO1;PTN,LumB,Suppressed
GO_Biological_Process_2023,"Positive Regulation Of DNA Damage Response, Signal Transduction By P53 Class Mediator (GO:0043517)",2/15,0.7829344335151218,0.9999963078360776,0,0,0.6980838502035509,0.1708255328452952,PLA2R1;HIC1,LumB,Suppressed
GO_Biological_Process_2023,Positive Regulation Of Cell Activation (GO:0050867),2/15,0.7829344335151218,0.9999963078360776,0,0,0.6980838502035509,0.1708255328452952,SELP;PLA2G4A,LumB,Suppressed
GO_Biological_Process_2023,Positive Regulation Of Endothelial Cell Apoptotic Process (GO:2000353),2/15,0.7829344335151218,0.9999963078360776,0,0,0.6980838502035509,0.1708255328452952,RGCC;ECSCR,LumB,Suppressed
GO_Biological_Process_2023,Positive Regulation Of Transmembrane Transport (GO:0034764),2/15,0.7829344335151218,0.9999963078360776,0,0,0.6980838502035509,0.1708255328452952,C3;NR4A3,LumB,Suppressed
GO_Biological_Process_2023,Presynapse Assembly (GO:0099054),2/15,0.7829344335151218,0.9999963078360776,0,0,0.6980838502035509,0.1708255328452952,NLGN1;LRP4,LumB,Suppressed
GO_Biological_Process_2023,Regulation Of Amyloid Fibril Formation (GO:1905906),2/15,0.7829344335151218,0.9999963078360776,0,0,0.6980838502035509,0.1708255328452952,CHRNA7;CRYAB,LumB,Suppressed
GO_Biological_Process_2023,Regulation Of Amyloid-Beta Clearance (GO:1900221),2/15,0.7829344335151218,0.9999963078360776,0,0,0.6980838502035509,0.1708255328452952,MYOCD;LRP1,LumB,Suppressed
GO_Biological_Process_2023,Regulation Of Bicellular Tight Junction Assembly (GO:2000810),2/15,0.7829344335151218,0.9999963078360776,0,0,0.6980838502035509,0.1708255328452952,CLDN5;EPHA2,LumB,Suppressed
GO_Biological_Process_2023,Regulation Of Carbohydrate Metabolic Process (GO:0006109),2/15,0.7829344335151218,0.9999963078360776,0,0,0.6980838502035509,0.1708255328452952,PRKN;PDK4,LumB,Suppressed
GO_Biological_Process_2023,Regulation Of Dephosphorylation (GO:0035303),2/15,0.7829344335151218,0.9999963078360776,0,0,0.6980838502035509,0.1708255328452952,PPP1R16B;PPP1R17,LumB,Suppressed
GO_Biological_Process_2023,Regulation Of Monocyte Differentiation (GO:0045655),2/15,0.7829344335151218,0.9999963078360776,0,0,0.6980838502035509,0.1708255328452952,IL34;HOXA7,LumB,Suppressed
GO_Biological_Process_2023,Retrograde Axonal Transport (GO:0008090),2/15,0.7829344335151218,0.9999963078360776,0,0,0.6980838502035509,0.1708255328452952,DST;MGARP,LumB,Suppressed
GO_Biological_Process_2023,Stem Cell Development (GO:0048864),2/15,0.7829344335151218,0.9999963078360776,0,0,0.6980838502035509,0.1708255328452952,NRG1;SOX8,LumB,Suppressed
GO_Biological_Process_2023,Positive Regulation Of Substrate Adhesion-Dependent Cell Spreading (GO:1900026),5/35,0.7830160256694488,0.9999963078360776,0,0,0.7561009428729895,0.18494389067998,MYOC;NEDD9;OLFM4;FERMT2;LIMS2,LumB,Suppressed
GO_Biological_Process_2023,ERBB Signaling Pathway (GO:0038127),8/54,0.7831526181727555,0.9999963078360776,0,0,0.7888595252748314,0.1928191093930784,PIGR;EFEMP1;TGFA;NRG1;FAM83C;TDGF1;EGFR;HBEGF,LumB,Suppressed
GO_Biological_Process_2023,Regulation Of Focal Adhesion Assembly (GO:0051893),8/54,0.7831526181727555,0.9999963078360776,0,0,0.7888595252748314,0.1928191093930784,SFRP1;MYOC;FAM107A;NRG1;APOD;TEK;GPM6B;FERMT2,LumB,Suppressed
GO_Biological_Process_2023,Defense Response To Bacterium (GO:0042742),33/204,0.7839126345256991,0.9999963078360776,0,0,0.8747315465858609,0.2129601307948316,WFDC12;CRP;FCN2;STAB2;DEFB1;WFDC5;AQP1;JCHAIN;LCE3A;RNASE7;S100A12;CTSG;NLRP1;PI3;IGHA1;SPRR2A;IGHA2;ELANE;KRT6A;ANXA3;RARRES2;PLA2G2A;RNASE3;DEFB132;F3;SELP;IL6;SLPI;NLRP10;IFNE;BPI;LALBA;LACRT,LumB,Suppressed
GO_Biological_Process_2023,Defense Response To Gram-positive Bacterium (GO:0050830),13/85,0.7863438806580996,0.9999963078360776,0,0,0.8188229571984436,0.1968131662536718,CRP;FCN2;RARRES2;PLA2G2A;STAB2;DEFB1;RNASE3;LCE3A;IL6;RNASE7;CTSG;SPRR2A;KRT6A,LumB,Suppressed
GO_Biological_Process_2023,NAD Metabolic Process (GO:0019674),3/22,0.7865985467248576,0.9999963078360776,0,0,0.7163904773019022,0.1719604119370639,KRT17;NMRK2;HAAO,LumB,Suppressed
GO_Biological_Process_2023,Acetylcholine Receptor Signaling Pathway (GO:0095500),3/22,0.7865985467248576,0.9999963078360776,0,0,0.7163904773019022,0.1719604119370639,CHRM3;CHRM1;CHRNA7,LumB,Suppressed
GO_Biological_Process_2023,Negative Regulation Of Axonogenesis (GO:0050771),3/22,0.7865985467248576,0.9999963078360776,0,0,0.7163904773019022,0.1719604119370639,MAP2;SEMA3G;LRP4,LumB,Suppressed
GO_Biological_Process_2023,Oxoacid Metabolic Process (GO:0043436),3/22,0.7865985467248576,0.9999963078360776,0,0,0.7163904773019022,0.1719604119370639,SULT1C3;SULT1E1;MTARC1,LumB,Suppressed
GO_Biological_Process_2023,Positive Regulation Of Phosphatase Activity (GO:0010922),3/22,0.7865985467248576,0.9999963078360776,0,0,0.7163904773019022,0.1719604119370639,PPP1R15A;BMP2;GPLD1,LumB,Suppressed
GO_Biological_Process_2023,Positive Regulation Of Receptor Internalization (GO:0002092),3/22,0.7865985467248576,0.9999963078360776,0,0,0.7163904773019022,0.1719604119370639,CCL14;ANGPT1;SELE,LumB,Suppressed
GO_Biological_Process_2023,Positive Regulation Of Viral Life Cycle (GO:1903902),3/22,0.7865985467248576,0.9999963078360776,0,0,0.7163904773019022,0.1719604119370639,CD209;TYRO3;TMPRSS2,LumB,Suppressed
GO_Biological_Process_2023,Regulation Of Histone Acetylation (GO:0035065),3/22,0.7865985467248576,0.9999963078360776,0,0,0.7163904773019022,0.1719604119370639,MYOCD;NOS1;PPARGC1A,LumB,Suppressed
GO_Biological_Process_2023,Regulation Of Regulatory T Cell Differentiation (GO:0045589),3/22,0.7865985467248576,0.9999963078360776,0,0,0.7163904773019022,0.1719604119370639,CR1;PSG4;VSIR,LumB,Suppressed
GO_Biological_Process_2023,Negative Regulation Of Cell Migration (GO:0030336),26/163,0.7869438601876442,0.9999963078360776,0,0,0.8603406326034063,0.2061362106795061,KANK1;LRP1;NEDD9;FGF2;CX3CL1;WNT11;TNN;HAS1;EMILIN2;SLIT2;HOXA7;DRD2;NGFR;ADIPOQ;NOG;ATP1B2;PODN;ALOX15B;CLDN5;SFRP1;TMEFF2;KRT16;MMRN2;CLDN19;ADTRP;RECK,LumB,Suppressed
GO_Biological_Process_2023,Positive Regulation Of Protein Localization To Membrane (GO:1905477),12/79,0.7878925500314479,0.9999963078360776,0,0,0.8122654302812141,0.1936388445436292,PRKN;PRNP;LRP1;KCNB1;STAC;STAC2;PIK3R1;SORBS1;SLC51B;EGFR;SPTBN1;EPHA2,LumB,Suppressed
GO_Biological_Process_2023,Positive Regulation Of Reactive Oxygen Species Metabolic Process (GO:2000379),7/48,0.7881725970779873,0.9999963078360776,0,0,0.7744511518367126,0.1843489436760213,CRP;PID1;GSTP1;AKR1C1;AKR1C3;CD36;TGFBR2,LumB,Suppressed
GO_Biological_Process_2023,Cellular Response To Reactive Oxygen Species (GO:0034614),11/73,0.7899332373811634,0.9999963078360776,0,0,0.8046460573476703,0.1897410495219566,FABP1;PDGFRA;EDN1;JUN;IL6;ANXA1;SIRPA;FOS;SLC6A2;EGFR;AQP1,LumB,Suppressed
GO_Biological_Process_2023,Positive Regulation Of Secretion By Cell (GO:1903532),11/73,0.7899332373811634,0.9999963078360776,0,0,0.8046460573476703,0.1897410495219566,MYOM1;EDN1;NMB;BMP2;RGCC;EDN3;KCNB1;IGF1;CFTR;BMP6;SNCA,LumB,Suppressed
GO_Biological_Process_2023,Protein Tetramerization (GO:0051262),11/73,0.7899332373811634,0.9999963078360776,0,0,0.8046460573476703,0.1897410495219566,ALDH1A3;ALDH1A2;KIF25;AQP4;AQP5;AQP2;ACACB;GRIN2B;RYR3;KCNJ2;SNCA,LumB,Suppressed
GO_Biological_Process_2023,Modified Amino Acid Transport (GO:0072337),4/29,0.7946567713284638,0.9999963078360776,0,0,0.7258774604934849,0.166839298904025,SLC16A12;FOLR2;FOLR1;SLC7A3,LumB,Suppressed
GO_Biological_Process_2023,Negative Regulation Of Plasma Membrane Bounded Cell Projection Assembly (GO:0120033),4/29,0.7946567713284638,0.9999963078360776,0,0,0.7258774604934849,0.166839298904025,KANK1;CCL21;NRG1;SLIT2,LumB,Suppressed
GO_Biological_Process_2023,Positive Regulation Of Endopeptidase Activity (GO:0010950),4/29,0.7946567713284638,0.9999963078360776,0,0,0.7258774604934849,0.166839298904025,SERPINB3;CR1;GRIN2B;VSIR,LumB,Suppressed
GO_Biological_Process_2023,Collagen Fibril Organization (GO:0030199),6/42,0.794882396024822,0.9999963078360776,0,0,0.7560332871012483,0.1735558366517691,ADAMTS3;COL14A1;SERPINF2;DPT;LOXL4;DDR2,LumB,Suppressed
GO_Biological_Process_2023,Regulation Of Axonogenesis (GO:0050770),6/42,0.794882396024822,0.9999963078360776,0,0,0.7560332871012483,0.1735558366517691,CHODL;NTRK2;LRP4;SLIT2;PAK3;PLXNA4,LumB,Suppressed
GO_Biological_Process_2023,Fatty Acid Metabolic Process (GO:0006631),19/122,0.7953605153691351,0.9999963078360776,0,0,0.8363623586394793,0.1914933488825782,ABCD2;ACSM3;ACSL1;ACSM1;ADIPOQ;ACSM2A;ACSM5;ACSL4;ABCB11;ACACB;ACSM2B;GPAM;CYP1A1;SLC27A6;CD36;LPIN1;HAO2;PPARGC1A;CES1,LumB,Suppressed
GO_Biological_Process_2023,Acid Secretion (GO:0046717),1/8,0.7967419906314263,0.9999963078360776,0,0,0.6482785912148793,0.1473046998438985,SLC51B,LumB,Suppressed
GO_Biological_Process_2023,Adult Heart Development (GO:0007512),1/8,0.7967419906314263,0.9999963078360776,0,0,0.6482785912148793,0.1473046998438985,HAND2,LumB,Suppressed
GO_Biological_Process_2023,Androgen Biosynthetic Process (GO:0006702),1/8,0.7967419906314263,0.9999963078360776,0,0,0.6482785912148793,0.1473046998438985,HSD3B1,LumB,Suppressed
GO_Biological_Process_2023,Apoptotic DNA Fragmentation (GO:0006309),1/8,0.7967419906314263,0.9999963078360776,0,0,0.6482785912148793,0.1473046998438985,DNASE1L3,LumB,Suppressed
GO_Biological_Process_2023,Auditory Behavior (GO:0031223),1/8,0.7967419906314263,0.9999963078360776,0,0,0.6482785912148793,0.1473046998438985,SHANK3,LumB,Suppressed
GO_Biological_Process_2023,Bone Resorption (GO:0045453),1/8,0.7967419906314263,0.9999963078360776,0,0,0.6482785912148793,0.1473046998438985,GPR55,LumB,Suppressed
GO_Biological_Process_2023,Cell Surface Pattern Recognition Receptor Signaling Pathway (GO:0002752),1/8,0.7967419906314263,0.9999963078360776,0,0,0.6482785912148793,0.1473046998438985,FCN2,LumB,Suppressed
GO_Biological_Process_2023,Cellular Response To Muramyl Dipeptide (GO:0071225),1/8,0.7967419906314263,0.9999963078360776,0,0,0.6482785912148793,0.1473046998438985,VIM,LumB,Suppressed
GO_Biological_Process_2023,Cobalamin Transport (GO:0015889),1/8,0.7967419906314263,0.9999963078360776,0,0,0.6482785912148793,0.1473046998438985,CUBN,LumB,Suppressed
GO_Biological_Process_2023,Collagen-Activated Signaling Pathway (GO:0038065),1/8,0.7967419906314263,0.9999963078360776,0,0,0.6482785912148793,0.1473046998438985,DDR2,LumB,Suppressed
GO_Biological_Process_2023,Dehydroascorbic Acid Transport (GO:0070837),1/8,0.7967419906314263,0.9999963078360776,0,0,0.6482785912148793,0.1473046998438985,SLC2A4,LumB,Suppressed
GO_Biological_Process_2023,Endochondral Ossification (GO:0001958),1/8,0.7967419906314263,0.9999963078360776,0,0,0.6482785912148793,0.1473046998438985,FOXC1,LumB,Suppressed
GO_Biological_Process_2023,Glucan Metabolic Process (GO:0044042),1/8,0.7967419906314263,0.9999963078360776,0,0,0.6482785912148793,0.1473046998438985,PYGM,LumB,Suppressed
GO_Biological_Process_2023,Immune Response-Inhibiting Cell Surface Receptor Signaling Pathway (GO:0002767),1/8,0.7967419906314263,0.9999963078360776,0,0,0.6482785912148793,0.1473046998438985,PSG4,LumB,Suppressed
GO_Biological_Process_2023,Intestinal Epithelial Cell Differentiation (GO:0060575),1/8,0.7967419906314263,0.9999963078360776,0,0,0.6482785912148793,0.1473046998438985,NPY,LumB,Suppressed
GO_Biological_Process_2023,Learned Vocalization Behavior Or Vocal Learning (GO:0098598),1/8,0.7967419906314263,0.9999963078360776,0,0,0.6482785912148793,0.1473046998438985,SHANK3,LumB,Suppressed
GO_Biological_Process_2023,Maintenance Of Apical/Basal Cell Polarity (GO:0035090),1/8,0.7967419906314263,0.9999963078360776,0,0,0.6482785912148793,0.1473046998438985,CRB2,LumB,Suppressed
GO_Biological_Process_2023,Maintenance Of Epithelial Cell Apical/Basal Polarity (GO:0045199),1/8,0.7967419906314263,0.9999963078360776,0,0,0.6482785912148793,0.1473046998438985,CRB2,LumB,Suppressed
GO_Biological_Process_2023,Membrane Lipid Catabolic Process (GO:0046466),1/8,0.7967419906314263,0.9999963078360776,0,0,0.6482785912148793,0.1473046998438985,ENPP2,LumB,Suppressed
GO_Biological_Process_2023,Negative Regulation By Host Of Viral Genome Replication (GO:0044828),1/8,0.7967419906314263,0.9999963078360776,0,0,0.6482785912148793,0.1473046998438985,PRKN,LumB,Suppressed
GO_Biological_Process_2023,Negative Regulation Of Glial Cell Differentiation (GO:0045686),1/8,0.7967419906314263,0.9999963078360776,0,0,0.6482785912148793,0.1473046998438985,NOG,LumB,Suppressed
GO_Biological_Process_2023,Negative Regulation Of Glycoprotein Biosynthetic Process (GO:0010561),1/8,0.7967419906314263,0.9999963078360776,0,0,0.6482785912148793,0.1473046998438985,ITM2A,LumB,Suppressed
GO_Biological_Process_2023,Negative Regulation Of Mitotic Nuclear Division (GO:0045839),1/8,0.7967419906314263,0.9999963078360776,0,0,0.6482785912148793,0.1473046998438985,USP44,LumB,Suppressed
GO_Biological_Process_2023,Negative Regulation Of Oxidative Stress-Induced Neuron Death (GO:1903204),1/8,0.7967419906314263,0.9999963078360776,0,0,0.6482785912148793,0.1473046998438985,PRKN,LumB,Suppressed
GO_Biological_Process_2023,Negative Regulation Of Platelet Aggregation (GO:0090331),1/8,0.7967419906314263,0.9999963078360776,0,0,0.6482785912148793,0.1473046998438985,C1QTNF1,LumB,Suppressed
GO_Biological_Process_2023,Negative Regulation Of Production Of Molecular Mediator Of Immune Response (GO:0002701),1/8,0.7967419906314263,0.9999963078360776,0,0,0.6482785912148793,0.1473046998438985,CR1,LumB,Suppressed
GO_Biological_Process_2023,Negative Regulation Of Smooth Muscle Cell Differentiation (GO:0051151),1/8,0.7967419906314263,0.9999963078360776,0,0,0.6482785912148793,0.1473046998438985,RBPMS2,LumB,Suppressed
GO_Biological_Process_2023,Negative Regulation Of Transporter Activity (GO:0032410),1/8,0.7967419906314263,0.9999963078360776,0,0,0.6482785912148793,0.1473046998438985,SNCA,LumB,Suppressed
GO_Biological_Process_2023,Negative Regulation Of Ubiquitin Protein Ligase Activity (GO:1904667),1/8,0.7967419906314263,0.9999963078360776,0,0,0.6482785912148793,0.1473046998438985,USP44,LumB,Suppressed
GO_Biological_Process_2023,Positive Regulation Of Actin Cytoskeleton Reorganization (GO:2000251),1/8,0.7967419906314263,0.9999963078360776,0,0,0.6482785912148793,0.1473046998438985,TEK,LumB,Suppressed
GO_Biological_Process_2023,Positive Regulation Of Calcium Ion-Dependent Exocytosis (GO:0045956),1/8,0.7967419906314263,0.9999963078360776,0,0,0.6482785912148793,0.1473046998438985,KCNB1,LumB,Suppressed
GO_Biological_Process_2023,Positive Regulation Of Cell-Cell Adhesion Mediated By Cadherin (GO:2000049),1/8,0.7967419906314263,0.9999963078360776,0,0,0.6482785912148793,0.1473046998438985,SERPINF2,LumB,Suppressed
GO_Biological_Process_2023,Positive Regulation Of Dendritic Cell Cytokine Production (GO:0002732),1/8,0.7967419906314263,0.9999963078360776,0,0,0.6482785912148793,0.1473046998438985,KIT,LumB,Suppressed
GO_Biological_Process_2023,Positive Regulation Of Macrophage Cytokine Production (GO:0060907),1/8,0.7967419906314263,0.9999963078360776,0,0,0.6482785912148793,0.1473046998438985,GPRC5B,LumB,Suppressed
GO_Biological_Process_2023,Positive Regulation Of Membrane Invagination (GO:1905155),1/8,0.7967419906314263,0.9999963078360776,0,0,0.6482785912148793,0.1473046998438985,C3,LumB,Suppressed
GO_Biological_Process_2023,Positive Regulation Of Memory T Cell Differentiation (GO:0043382),1/8,0.7967419906314263,0.9999963078360776,0,0,0.6482785912148793,0.1473046998438985,PCK1,LumB,Suppressed
GO_Biological_Process_2023,Positive Regulation Of Peptide Secretion (GO:0002793),1/8,0.7967419906314263,0.9999963078360776,0,0,0.6482785912148793,0.1473046998438985,RASL10B,LumB,Suppressed
GO_Biological_Process_2023,Positive Regulation Of Protein Kinase C Signaling (GO:0090037),1/8,0.7967419906314263,0.9999963078360776,0,0,0.6482785912148793,0.1473046998438985,WNT11,LumB,Suppressed
GO_Biological_Process_2023,Positive Regulation Of Protein Localization To Early Endosome (GO:1902966),1/8,0.7967419906314263,0.9999963078360776,0,0,0.6482785912148793,0.1473046998438985,MGAT3,LumB,Suppressed
GO_Biological_Process_2023,Positive Regulation Of Protein Localization To Endosome (GO:1905668),1/8,0.7967419906314263,0.9999963078360776,0,0,0.6482785912148793,0.1473046998438985,MGAT3,LumB,Suppressed
GO_Biological_Process_2023,Positive Regulation Of Sequestering Of Triglyceride (GO:0010890),1/8,0.7967419906314263,0.9999963078360776,0,0,0.6482785912148793,0.1473046998438985,CIDEA,LumB,Suppressed
GO_Biological_Process_2023,Positive Regulation Of Smooth Muscle Cell Apoptotic Process (GO:0034393),1/8,0.7967419906314263,0.9999963078360776,0,0,0.6482785912148793,0.1473046998438985,PPARG,LumB,Suppressed
GO_Biological_Process_2023,Positive Regulation Of Synapse Maturation (GO:0090129),1/8,0.7967419906314263,0.9999963078360776,0,0,0.6482785912148793,0.1473046998438985,RELN,LumB,Suppressed
GO_Biological_Process_2023,Positive Regulation Of Tumor Necrosis Factor-Mediated Signaling Pathway (GO:1903265),1/8,0.7967419906314263,0.9999963078360776,0,0,0.6482785912148793,0.1473046998438985,PRKN,LumB,Suppressed
GO_Biological_Process_2023,Positive Regulation Of Ubiquitin Protein Ligase Activity (GO:1904668),1/8,0.7967419906314263,0.9999963078360776,0,0,0.6482785912148793,0.1473046998438985,CDC14B,LumB,Suppressed
GO_Biological_Process_2023,Purine Nucleobase Transport (GO:0006863),1/8,0.7967419906314263,0.9999963078360776,0,0,0.6482785912148793,0.1473046998438985,SLC28A3,LumB,Suppressed
GO_Biological_Process_2023,"Regulation Of CD8-positive, Alpha-Beta T Cell Proliferation (GO:2000564)",1/8,0.7967419906314263,0.9999963078360776,0,0,0.6482785912148793,0.1473046998438985,VSIR,LumB,Suppressed
GO_Biological_Process_2023,Regulation Of DNA Demethylation (GO:1901535),1/8,0.7967419906314263,0.9999963078360776,0,0,0.6482785912148793,0.1473046998438985,STPG4,LumB,Suppressed
GO_Biological_Process_2023,Regulation Of ER-associated Ubiquitin-Dependent Protein Catabolic Process (GO:1903069),1/8,0.7967419906314263,0.9999963078360776,0,0,0.6482785912148793,0.1473046998438985,CAV1,LumB,Suppressed
GO_Biological_Process_2023,Regulation Of T-helper 1 Type Immune Response (GO:0002825),1/8,0.7967419906314263,0.9999963078360776,0,0,0.6482785912148793,0.1473046998438985,NLRP10,LumB,Suppressed
GO_Biological_Process_2023,Regulation Of Aspartic-Type Endopeptidase Activity Involved In Amyloid Precursor Protein Catabolic Process (GO:1902959),1/8,0.7967419906314263,0.9999963078360776,0,0,0.6482785912148793,0.1473046998438985,BIN1,LumB,Suppressed
GO_Biological_Process_2023,Regulation Of Dendritic Cell Antigen Processing And Presentation (GO:0002604),1/8,0.7967419906314263,0.9999963078360776,0,0,0.6482785912148793,0.1473046998438985,CCL21,LumB,Suppressed
GO_Biological_Process_2023,Regulation Of Epidermis Development (GO:0045682),1/8,0.7967419906314263,0.9999963078360776,0,0,0.6482785912148793,0.1473046998438985,MAFF,LumB,Suppressed
GO_Biological_Process_2023,Regulation Of Generation Of Precursor Metabolites And Energy (GO:0043467),1/8,0.7967419906314263,0.9999963078360776,0,0,0.6482785912148793,0.1473046998438985,PRDM16,LumB,Suppressed
GO_Biological_Process_2023,Regulation Of Glial Cell Proliferation (GO:0060251),1/8,0.7967419906314263,0.9999963078360776,0,0,0.6482785912148793,0.1473046998438985,IL6,LumB,Suppressed
GO_Biological_Process_2023,Regulation Of Glucan Biosynthetic Process (GO:0010962),1/8,0.7967419906314263,0.9999963078360776,0,0,0.6482785912148793,0.1473046998438985,PPP1R3G,LumB,Suppressed
GO_Biological_Process_2023,Regulation Of Intrinsic Apoptotic Signaling Pathway By P53 Class Mediator (GO:1902253),1/8,0.7967419906314263,0.9999963078360776,0,0,0.6482785912148793,0.1473046998438985,PRKN,LumB,Suppressed
GO_Biological_Process_2023,Regulation Of Mitotic Centrosome Separation (GO:0046602),1/8,0.7967419906314263,0.9999963078360776,0,0,0.6482785912148793,0.1473046998438985,KIF25,LumB,Suppressed
GO_Biological_Process_2023,Regulation Of Necrotic Cell Death (GO:0010939),1/8,0.7967419906314263,0.9999963078360776,0,0,0.6482785912148793,0.1473046998438985,OLFM4,LumB,Suppressed
GO_Biological_Process_2023,Regulation Of Pattern Recognition Receptor Signaling Pathway (GO:0062207),1/8,0.7967419906314263,0.9999963078360776,0,0,0.6482785912148793,0.1473046998438985,CD36,LumB,Suppressed
GO_Biological_Process_2023,Regulation Of Pinocytosis (GO:0048548),1/8,0.7967419906314263,0.9999963078360776,0,0,0.6482785912148793,0.1473046998438985,CAV1,LumB,Suppressed
GO_Biological_Process_2023,Regulation Of Podosome Assembly (GO:0071801),1/8,0.7967419906314263,0.9999963078360776,0,0,0.6482785912148793,0.1473046998438985,GSN,LumB,Suppressed
GO_Biological_Process_2023,Regulation Of Protein Localization To Early Endosome (GO:1902965),1/8,0.7967419906314263,0.9999963078360776,0,0,0.6482785912148793,0.1473046998438985,MGAT3,LumB,Suppressed
GO_Biological_Process_2023,Regulation Of Rhodopsin Mediated Signaling Pathway (GO:0022400),1/8,0.7967419906314263,0.9999963078360776,0,0,0.6482785912148793,0.1473046998438985,NMT2,LumB,Suppressed
GO_Biological_Process_2023,Regulation Of Skeletal Muscle Cell Differentiation (GO:2001014),1/8,0.7967419906314263,0.9999963078360776,0,0,0.6482785912148793,0.1473046998438985,MYOCD,LumB,Suppressed
GO_Biological_Process_2023,Response To Vitamin D (GO:0033280),1/8,0.7967419906314263,0.9999963078360776,0,0,0.6482785912148793,0.1473046998438985,SFRP1,LumB,Suppressed
GO_Biological_Process_2023,Semaphorin-Plexin Signaling Pathway Involved In Axon Guidance (GO:1902287),1/8,0.7967419906314263,0.9999963078360776,0,0,0.6482785912148793,0.1473046998438985,PLXNA4,LumB,Suppressed
GO_Biological_Process_2023,Sympathetic Ganglion Development (GO:0061549),1/8,0.7967419906314263,0.9999963078360776,0,0,0.6482785912148793,0.1473046998438985,SEMA3A,LumB,Suppressed
GO_Biological_Process_2023,Tricarboxylic Acid Metabolic Process (GO:0072350),1/8,0.7967419906314263,0.9999963078360776,0,0,0.6482785912148793,0.1473046998438985,PCK1,LumB,Suppressed
GO_Biological_Process_2023,Tyrosine Phosphorylation Of STAT Protein (GO:0007260),1/8,0.7967419906314263,0.9999963078360776,0,0,0.6482785912148793,0.1473046998438985,LEP,LumB,Suppressed
GO_Biological_Process_2023,Vascular Associated Smooth Muscle Cell Differentiation (GO:0035886),1/8,0.7967419906314263,0.9999963078360776,0,0,0.6482785912148793,0.1473046998438985,MYOCD,LumB,Suppressed
GO_Biological_Process_2023,Phosphatidylcholine Metabolic Process (GO:0046470),8/55,0.8004025409779545,0.9999963078360776,0,0,0.7720280381006371,0.1718847096847795,CETP;PCYT1B;PLA2G2A;ENPP2;PLA2G4A;LCAT;PLA2G5;GPLD1,LumB,Suppressed
GO_Biological_Process_2023,"Regulation Of Synaptic Transmission, Glutamatergic (GO:0051966)",8/55,0.8004025409779545,0.9999963078360776,0,0,0.7720280381006371,0.1718847096847795,NLGN1;RELN;GRIK1;ATP1A2;DRD2;SHANK3;GRIN2B;DGKI,LumB,Suppressed
GO_Biological_Process_2023,Response To Type II Interferon (GO:0034341),12/80,0.8021826404523686,0.9999963078360776,0,0,0.8002713171959531,0.1763949760997989,CCL14;CCL13;CCL24;CCL23;CITED1;CCL21;SIRPA;AQP4;TDGF1;CX3CL1;CCL16;SNCA,LumB,Suppressed
GO_Biological_Process_2023,Negative Regulation Of Sequestering Of Calcium Ion (GO:0051283),5/36,0.8039734301508745,0.9999963078360776,0,0,0.7316658615569034,0.1596414846833445,CCL21;HTR2A;PLCH2;DRD2;FGF2,LumB,Suppressed
GO_Biological_Process_2023,Unsaturated Fatty Acid Metabolic Process (GO:0033559),7/49,0.8060876205828748,0.9999963078360776,0,0,0.7559655937846836,0.1629580842782897,FADS3;GSTP1;ELOVL3;GSTA1;PLA2G4A;ALOX15B;MGLL,LumB,Suppressed
GO_Biological_Process_2023,Neuropeptide Signaling Pathway (GO:0007218),10/68,0.8077733231095737,0.9999963078360776,0,0,0.7819188156546553,0.1669191812805255,UTS2R;GALR1;NPY;PENK;GPR149;OPRK1;NMUR1;SSTR1;NTS;HCRTR1,LumB,Suppressed
GO_Biological_Process_2023,Cytoskeleton Organization (GO:0007010),17/111,0.8079618807210788,0.9999963078360776,0,0,0.8199688606306018,0.1748504869258939,CCL13;CCL24;KRT4;DST;KRT13;ARAP3;NEDD9;WTIP;SYNE3;MRAP;DES;BIN1;KRT16;DPYSL2;RHOU;WASF3;SH3D19,LumB,Suppressed
GO_Biological_Process_2023,Regulation Of Peptidyl-Serine Phosphorylation (GO:0033135),14/93,0.8115684778432986,0.9999963078360776,0,0,0.8035528904185274,0.1677710046415803,TENM1;CSF3;CAV1;NTRK3;LIF;NGF;EGFR;NTF4;MLXIPL;IL6;SPRY2;DMD;NOS1;SNCA,LumB,Suppressed
GO_Biological_Process_2023,Axon Extension (GO:0048675),3/23,0.8119469518801369,0.9999963078360776,0,0,0.680529379157428,0.1417680647926,SEMA5A;SEMA3A;SLIT2,LumB,Suppressed
GO_Biological_Process_2023,Cell-Cell Signaling By Wnt (GO:0198738),3/23,0.8119469518801369,0.9999963078360776,0,0,0.680529379157428,0.1417680647926,FZD4;FERMT2;WLS,LumB,Suppressed
GO_Biological_Process_2023,Endocardial Cushion Development (GO:0003197),3/23,0.8119469518801369,0.9999963078360776,0,0,0.680529379157428,0.1417680647926,ADAMTS5;BMP2;NOG,LumB,Suppressed
GO_Biological_Process_2023,Negative Regulation Of Neuron Differentiation (GO:0045665),3/23,0.8119469518801369,0.9999963078360776,0,0,0.680529379157428,0.1417680647926,DTX1;TUNAR;DLL1,LumB,Suppressed
GO_Biological_Process_2023,Positive Regulation Of Oxidoreductase Activity (GO:0051353),3/23,0.8119469518801369,0.9999963078360776,0,0,0.680529379157428,0.1417680647926,EDN1;EDN3;FTMT,LumB,Suppressed
GO_Biological_Process_2023,Positive Regulation Of Protein Targeting To Membrane (GO:0090314),3/23,0.8119469518801369,0.9999963078360776,0,0,0.680529379157428,0.1417680647926,PRNP;KCNB1;SLC51B,LumB,Suppressed
GO_Biological_Process_2023,Protein Localization To Cell Junction (GO:1902414),3/23,0.8119469518801369,0.9999963078360776,0,0,0.680529379157428,0.1417680647926,NLGN1;FERMT2;JAM3,LumB,Suppressed
GO_Biological_Process_2023,Regulation Of Cellular Response To Transforming Growth Factor Beta Stimulus (GO:1903844),3/23,0.8119469518801369,0.9999963078360776,0,0,0.680529379157428,0.1417680647926,LTBP4;PPARG;FOLR1,LumB,Suppressed
GO_Biological_Process_2023,Regulation Of Cholesterol Metabolic Process (GO:0090181),3/23,0.8119469518801369,0.9999963078360776,0,0,0.680529379157428,0.1417680647926,ACADL;NR1H4;CES1,LumB,Suppressed
GO_Biological_Process_2023,Regulation Of Myotube Differentiation (GO:0010830),3/23,0.8119469518801369,0.9999963078360776,0,0,0.680529379157428,0.1417680647926,BHLHE41;SMYD1;CCN3,LumB,Suppressed
GO_Biological_Process_2023,acetyl-CoA Metabolic Process (GO:0006084),2/16,0.8130418630477128,0.9999963078360776,0,0,0.6481811344654237,0.1341557856807736,HMGCS2;ACACB,LumB,Suppressed
GO_Biological_Process_2023,Activin Receptor Signaling Pathway (GO:0032924),2/16,0.8130418630477128,0.9999963078360776,0,0,0.6481811344654237,0.1341557856807736,ACVR1C;GDF7,LumB,Suppressed
GO_Biological_Process_2023,Antifungal Innate Immune Response (GO:0061760),2/16,0.8130418630477128,0.9999963078360776,0,0,0.6481811344654237,0.1341557856807736,CX3CR1;RARRES2,LumB,Suppressed
GO_Biological_Process_2023,Cell Communication By Electrical Coupling Involved In Cardiac Conduction (GO:0086064),2/16,0.8130418630477128,0.9999963078360776,0,0,0.6481811344654237,0.1341557856807736,ATP1A2;ATP1B2,LumB,Suppressed
GO_Biological_Process_2023,Cell Surface Receptor Signaling Pathway Involved In Heart Development (GO:0061311),2/16,0.8130418630477128,0.9999963078360776,0,0,0.6481811344654237,0.1341557856807736,BMP2;NOG,LumB,Suppressed
GO_Biological_Process_2023,Lymphocyte Mediated Immunity (GO:0002449),2/16,0.8130418630477128,0.9999963078360776,0,0,0.6481811344654237,0.1341557856807736,CR1;C4BPA,LumB,Suppressed
GO_Biological_Process_2023,Negative Regulation Of Anoikis (GO:2000811),2/16,0.8130418630477128,0.9999963078360776,0,0,0.6481811344654237,0.1341557856807736,CAV1;PDK4,LumB,Suppressed
GO_Biological_Process_2023,Negative Regulation Of Interleukin-10 Production (GO:0032693),2/16,0.8130418630477128,0.9999963078360776,0,0,0.6481811344654237,0.1341557856807736,DLL1;VSIR,LumB,Suppressed
GO_Biological_Process_2023,Negative Regulation Of Phosphatase Activity (GO:0010923),2/16,0.8130418630477128,0.9999963078360776,0,0,0.6481811344654237,0.1341557856807736,PPP1R15A;PPP1R1B,LumB,Suppressed
GO_Biological_Process_2023,Negative Regulation Of Receptor Signaling Pathway Via JAK-STAT (GO:0046426),2/16,0.8130418630477128,0.9999963078360776,0,0,0.6481811344654237,0.1341557856807736,SOCS3;CAV1,LumB,Suppressed
GO_Biological_Process_2023,Negative Regulation Of Release Of Cytochrome C From Mitochondria (GO:0090201),2/16,0.8130418630477128,0.9999963078360776,0,0,0.6481811344654237,0.1341557856807736,PRKN;IGF1,LumB,Suppressed
GO_Biological_Process_2023,Nitric Oxide Metabolic Process (GO:0046209),2/16,0.8130418630477128,0.9999963078360776,0,0,0.6481811344654237,0.1341557856807736,MTARC1;NOS1,LumB,Suppressed
GO_Biological_Process_2023,Positive Regulation By Host Of Viral Transcription (GO:0043923),2/16,0.8130418630477128,0.9999963078360776,0,0,0.6481811344654237,0.1341557856807736,JUN;PSG1,LumB,Suppressed
GO_Biological_Process_2023,Positive Regulation Of Stem Cell Proliferation (GO:2000648),2/16,0.8130418630477128,0.9999963078360776,0,0,0.6481811344654237,0.1341557856807736,CITED1;FERMT2,LumB,Suppressed
GO_Biological_Process_2023,Protein Kinase A Signaling (GO:0010737),2/16,0.8130418630477128,0.9999963078360776,0,0,0.6481811344654237,0.1341557856807736,MYOM1;MROH2B,LumB,Suppressed
GO_Biological_Process_2023,Regulation Of Establishment Of Endothelial Barrier (GO:1903140),2/16,0.8130418630477128,0.9999963078360776,0,0,0.6481811344654237,0.1341557856807736,CDH5;CLDN5,LumB,Suppressed
GO_Biological_Process_2023,Regulation Of Fibrinolysis (GO:0051917),2/16,0.8130418630477128,0.9999963078360776,0,0,0.6481811344654237,0.1341557856807736,SERPINF2;NRG1,LumB,Suppressed
GO_Biological_Process_2023,Regulation Of Plasminogen Activation (GO:0010755),2/16,0.8130418630477128,0.9999963078360776,0,0,0.6481811344654237,0.1341557856807736,CLEC3B;SERPINF2,LumB,Suppressed
GO_Biological_Process_2023,Regulation Of Response To Cytokine Stimulus (GO:0060759),2/16,0.8130418630477128,0.9999963078360776,0,0,0.6481811344654237,0.1341557856807736,LRRC70;KLF4,LumB,Suppressed
GO_Biological_Process_2023,Regulation Of Transforming Growth Factor Beta Production (GO:0071634),2/16,0.8130418630477128,0.9999963078360776,0,0,0.6481811344654237,0.1341557856807736,SERPINF2;PTGS2,LumB,Suppressed
GO_Biological_Process_2023,Stabilization Of Membrane Potential (GO:0030322),2/16,0.8130418630477128,0.9999963078360776,0,0,0.6481811344654237,0.1341557856807736,KCNK17;KCNN4,LumB,Suppressed
GO_Biological_Process_2023,Sulfation (GO:0051923),2/16,0.8130418630477128,0.9999963078360776,0,0,0.6481811344654237,0.1341557856807736,SULT1C3;SULT1E1,LumB,Suppressed
GO_Biological_Process_2023,"Synaptic Transmission, Cholinergic (GO:0007271)",2/16,0.8130418630477128,0.9999963078360776,0,0,0.6481811344654237,0.1341557856807736,RIC3;CHRNA7,LumB,Suppressed
GO_Biological_Process_2023,Positive Regulation Of Protein Modification Process (GO:0031401),36/225,0.8131542926890885,0.9999963078360776,0,0,0.8631368631368631,0.1785263999824616,CHRNA7;PELI2;ITLN1;FGF1;FGF2;EGFR;C3;CDH5;RELN;FGF9;LEPR;RSPO1;PPP1R16B;EGR1;NTRK2;ANGPT1;ODAM;IL34;RARRES2;NTRK3;ADIPOQ;IGF2;VEGFD;SLC51B;MOB3B;FGF17;MARCO;FGF16;BMP2;LEP;CLDN19;PECAM1;ADTRP;TEK;TRABD2B;TRABD2A,LumB,Suppressed
GO_Biological_Process_2023,Positive Regulation Of Receptor-Mediated Endocytosis (GO:0048260),6/43,0.8134959996097059,0.9999963078360776,0,0,0.7355549724481764,0.1518290425651502,CCL14;C3;ANGPT1;CCL21;F3;SELE,LumB,Suppressed
GO_Biological_Process_2023,Skeletal System Morphogenesis (GO:0048705),6/43,0.8134959996097059,0.9999963078360776,0,0,0.7355549724481764,0.1518290425651502,PDGFRA;CYP26B1;HOXA9;HHIP;HOXA3;HOXA4,LumB,Suppressed
GO_Biological_Process_2023,Negative Regulation Of Multicellular Organismal Process (GO:0051241),37/231,0.8139406831552999,0.9999963078360776,0,0,0.864224150364315,0.1779159128333335,PTGER4;FOXC2;LAMA4;NPR3;LRP4;ADM;EGFR;CRHBP;ADAMTS5;RGS2;ACVR1C;WNT11;FFAR4;SOSTDC1;SPX;HOXA7;MAP2K6;MYOCD;PTCH1;ARRDC3;IL13;ADIPOQ;CIDEA;NR1H4;IL17RD;TBX18;BMP5;SFRP1;BMP2;RGCC;NFIB;NOVA2;ID1;ALDH1A1;SPRY2;SPRY1;IL17D,LumB,Suppressed
GO_Biological_Process_2023,Artery Morphogenesis (GO:0048844),4/30,0.8165774097353554,0.9999963078360776,0,0,0.6979164445202705,0.1414212967270428,LRP1;NOG;FOLR1;TGFBR2,LumB,Suppressed
GO_Biological_Process_2023,Intrinsic Apoptotic Signaling Pathway In Response To Endoplasmic Reticulum Stress (GO:0070059),4/30,0.8165774097353554,0.9999963078360776,0,0,0.6979164445202705,0.1414212967270428,PPP1R15A;ERN2;TMEM238L;RNF186,LumB,Suppressed
GO_Biological_Process_2023,Negative Regulation Of Calcium Ion Transmembrane Transporter Activity (GO:1901020),4/30,0.8165774097353554,0.9999963078360776,0,0,0.6979164445202705,0.1414212967270428,PLN;CASQ2;ATP1A2;TRDN,LumB,Suppressed
GO_Biological_Process_2023,Positive Regulation Of Phosphate Metabolic Process (GO:0045937),4/30,0.8165774097353554,0.9999963078360776,0,0,0.6979164445202705,0.1414212967270428,FZD7;PTH1R;EGFR;SNCA,LumB,Suppressed
GO_Biological_Process_2023,Regulation Of Dendritic Spine Morphogenesis (GO:0061001),4/30,0.8165774097353554,0.9999963078360776,0,0,0.6979164445202705,0.1414212967270428,NLGN1;CUX2;RELN;SHANK3,LumB,Suppressed
GO_Biological_Process_2023,Regulation Of Reactive Oxygen Species Metabolic Process (GO:2000377),8/56,0.8165974940221462,0.9999963078360776,0,0,0.7558978628920344,0.1531516865913925,PRKN;ACE2;PID1;AKR1C1;CCN6;AKR1C3;TGFBR2;SNCA,LumB,Suppressed
GO_Biological_Process_2023,Positive Regulation Of Cell Projection Organization (GO:0031346),18/118,0.8184660768446668,0.9999963078360776,0,0,0.8160367381018647,0.1634711955927384,CHODL;NTRK2;NLGN1;FZD4;NTRK3;NEDD9;NDNF;ATP1B2;PTN;CX3CL1;CUX2;RELN;TNN;ROR1;ALKAL2;SLIT2;PLXNA4;DDR2,LumB,Suppressed
GO_Biological_Process_2023,Chemical Synaptic Transmission (GO:0007268),44/273,0.8198854141675201,0.9999963078360776,0,0,0.8704732733218011,0.1728678856324945,CHRM3;NLGN1;CHRM1;CHRNA2;KCNA1;CHRNA7;KCNC4;GRIK1;HTR2A;HTR4;SLC6A2;CDH8;CRHBP;PTCHD1;KCNMB1;MPZ;PENK;SLC17A7;GABRE;DRD2;DLGAP2;PDLIM4;GRIA3;DRD5;GRIA4;SNCA;GABRA2;UNC13C;GABRP;RIC3;KCNIP2;GABRA4;OPRK1;NSG1;GABRG3;GRIN2B;SYN2;GABRG1;HCRTR1;SST;PLP1;APBA1;PDE7B;SCN2B,LumB,Suppressed
GO_Biological_Process_2023,Positive Regulation Of Cell Population Proliferation (GO:0008284),80/483,0.8214872333506664,0.9999963078360776,0,0,0.8987254329430995,0.1767243646124225,CSF3;PID1;LAMC2;GLI1;FGF1;FGF2;CX3CL1;CXCL5;AQP1;FGF7;FGF9;HYAL1;RBPMS2;SOX8;SCN5A;KRT6A;SERPINB3;PDGFRA;EDN1;CR1;EDN3;IL11RA;SERPINF2;GLP2R;NRG1;LIFR;PROX1;POU3F3;TGFBR2;TGFBR3;CLDN5;SFRP1;CDH13;HBEGF;DDR2;CCL14;PTGFR;TNXB;CHRNA7;PDGFA;TGFA;PTN;DLL1;EGFR;PTHLH;PKHD1;DPP4;FTMT;GRK5;PDGFD;CXCR2;HAS2;ELANE;NTRK2;TSLP;NTRK3;IL34;FZD9;IGF2;LIF;AKR1C3;AKR1C2;VEGFD;IGF1;S100B;MEIS2;BMP6;BMP5;FOSL1;FGF17;MLXIPL;FGF16;BMP2;IL6;NR4A3;FOLR2;VIP;LACRT;NES;TDGF1,LumB,Suppressed
GO_Biological_Process_2023,Positive Regulation Of Cell Death (GO:0010942),7/50,0.82281463034854,0.9999963078360776,0,0,0.7383398291304235,0.1439942380115326,PRNP;HP;HBB;HBA1;HPR;GRIN2B;SNCA,LumB,Suppressed
GO_Biological_Process_2023,Positive Regulation Of Receptor Signaling Pathway Via STAT (GO:1904894),5/37,0.8232918927846304,0.9999963078360776,0,0,0.7087579728230726,0.1378140697625332,GHR;IL6;TSLP;LEP;KIT,LumB,Suppressed
GO_Biological_Process_2023,Regulation Of Cellular Component Biogenesis (GO:0044087),5/37,0.8232918927846304,0.9999963078360776,0,0,0.7087579728230726,0.1378140697625332,TIE1;NRG1;CD36;SNCAIP;GFAP,LumB,Suppressed
GO_Biological_Process_2023,Regulation Of p38MAPK Cascade (GO:1900744),5/37,0.8232918927846304,0.9999963078360776,0,0,0.7087579728230726,0.1378140697625332,PER1;BMP2;DUSP1;HAND2;LEP,LumB,Suppressed
GO_Biological_Process_2023,Negative Regulation Of Neuron Death (GO:1901215),13/88,0.8260019293002868,0.9999963078360776,0,0,0.7859255141745414,0.1502360828488465,PRKN;CNTFR;NTRK2;CITED1;FZD9;NDNF;NGF;NTF4;PTPRZ1;TYRO3;PPARGC1A;CD200;SNCA,LumB,Suppressed
GO_Biological_Process_2023,Protein Polymerization (GO:0051258),9/63,0.8264323139160177,0.9999963078360776,0,0,0.7558300943920044,0.1440893781547345,PRKN;GSN;TPPP2;MAP7D3;FAM107A;CASQ2;KRT5;WASF3;GAS7,LumB,Suppressed
GO_Biological_Process_2023,Cellular Response To Tumor Necrosis Factor (GO:0071356),18/119,0.8291819710440755,0.9999963078360776,0,0,0.8079075650398326,0.1513337236139354,CCL14;CCL13;CCL24;CCL23;PID1;CCL21;YBX3;ZFP36L2;CX3CL1;CRHBP;ZFP36;SFRP1;HYAL1;TNFSF11;CHI3L1;HAS2;TDGF1;CCL16,LumB,Suppressed
GO_Biological_Process_2023,Supramolecular Fiber Organization (GO:0097435),51/316,0.832826213944671,0.9999963078360776,0,0,0.8716599533601865,0.1594530039509826,COL14A1;LMOD1;KRT23;LOXL4;ADAMTS3;CAPN3;PGM5;CD36;KRT6B;KRT6A;TMOD1;KRT4;TPM2;SERPINF2;MYO7B;KRT79;KRT78;KRT77;KRT5;KRT74;OOEP;SHROOM4;KRT9;TRDN;MAP7D3;MYL9;DDR2;PRKN;KRT81;TNXB;DPT;KRT85;FBLN5;KRT83;CNN1;XIRP2;MYH11;SNCA;GSN;KRT13;GFAP;MFAP4;TPPP2;DES;KRT17;KRT16;KRT15;KRT14;FAT1;VIM;MYO1H,LumB,Suppressed
GO_Biological_Process_2023,B Cell Homeostasis (GO:0001782),1/9,0.8334546544942852,0.9999963078360776,0,0,0.5672091412742383,0.1033318823095007,DOCK11,LumB,Suppressed
GO_Biological_Process_2023,G Protein-Coupled Serotonin Receptor Signaling Pathway (GO:0098664),1/9,0.8334546544942852,0.9999963078360776,0,0,0.5672091412742383,0.1033318823095007,HTR2A,LumB,Suppressed
GO_Biological_Process_2023,NAD Biosynthesis Via Nicotinamide Riboside Salvage Pathway (GO:0034356),1/9,0.8334546544942852,0.9999963078360776,0,0,0.5672091412742383,0.1033318823095007,PTGIS,LumB,Suppressed
GO_Biological_Process_2023,Actin-Mediated Cell Contraction (GO:0070252),1/9,0.8334546544942852,0.9999963078360776,0,0,0.5672091412742383,0.1033318823095007,GSN,LumB,Suppressed
GO_Biological_Process_2023,Adherens Junction Assembly (GO:0034333),1/9,0.8334546544942852,0.9999963078360776,0,0,0.5672091412742383,0.1033318823095007,JAM3,LumB,Suppressed
GO_Biological_Process_2023,Adrenal Gland Development (GO:0030325),1/9,0.8334546544942852,0.9999963078360776,0,0,0.5672091412742383,0.1033318823095007,WNT11,LumB,Suppressed
GO_Biological_Process_2023,Alpha-Linolenic Acid Metabolic Process (GO:0036109),1/9,0.8334546544942852,0.9999963078360776,0,0,0.5672091412742383,0.1033318823095007,ELOVL3,LumB,Suppressed
GO_Biological_Process_2023,Axon Regeneration (GO:0031103),1/9,0.8334546544942852,0.9999963078360776,0,0,0.5672091412742383,0.1033318823095007,FOLR1,LumB,Suppressed
GO_Biological_Process_2023,Biomineral Tissue Development (GO:0031214),1/9,0.8334546544942852,0.9999963078360776,0,0,0.5672091412742383,0.1033318823095007,DDR2,LumB,Suppressed
GO_Biological_Process_2023,cAMP Biosynthetic Process (GO:0006171),1/9,0.8334546544942852,0.9999963078360776,0,0,0.5672091412742383,0.1033318823095007,ADCY4,LumB,Suppressed
GO_Biological_Process_2023,Calcium Import Into The Mitochondrion (GO:0036444),1/9,0.8334546544942852,0.9999963078360776,0,0,0.5672091412742383,0.1033318823095007,MICU3,LumB,Suppressed
GO_Biological_Process_2023,Carnitine Metabolic Process (GO:0009437),1/9,0.8334546544942852,0.9999963078360776,0,0,0.5672091412742383,0.1033318823095007,BBOX1,LumB,Suppressed
GO_Biological_Process_2023,Cell Differentiation In Spinal Cord (GO:0021515),1/9,0.8334546544942852,0.9999963078360776,0,0,0.5672091412742383,0.1033318823095007,SOX6,LumB,Suppressed
GO_Biological_Process_2023,Cellular Response To Oxidised Low-Density Lipoprotein Particle Stimulus (GO:0140052),1/9,0.8334546544942852,0.9999963078360776,0,0,0.5672091412742383,0.1033318823095007,CD36,LumB,Suppressed
GO_Biological_Process_2023,Dicarboxylic Acid Biosynthetic Process (GO:0043650),1/9,0.8334546544942852,0.9999963078360776,0,0,0.5672091412742383,0.1033318823095007,HAAO,LumB,Suppressed
GO_Biological_Process_2023,Ectoderm Development (GO:0007398),1/9,0.8334546544942852,0.9999963078360776,0,0,0.5672091412742383,0.1033318823095007,KRT6B,LumB,Suppressed
GO_Biological_Process_2023,Endodermal Cell Fate Commitment (GO:0001711),1/9,0.8334546544942852,0.9999963078360776,0,0,0.5672091412742383,0.1033318823095007,SOX17,LumB,Suppressed
GO_Biological_Process_2023,Ether Lipid Biosynthetic Process (GO:0008611),1/9,0.8334546544942852,0.9999963078360776,0,0,0.5672091412742383,0.1033318823095007,PLA2G4A,LumB,Suppressed
GO_Biological_Process_2023,Histone Methylation (GO:0016571),1/9,0.8334546544942852,0.9999963078360776,0,0,0.5672091412742383,0.1033318823095007,SMYD1,LumB,Suppressed
GO_Biological_Process_2023,Mitochondrion Morphogenesis (GO:0070584),1/9,0.8334546544942852,0.9999963078360776,0,0,0.5672091412742383,0.1033318823095007,PID1,LumB,Suppressed
GO_Biological_Process_2023,Morphogenesis Of An Epithelial Sheet (GO:0002011),1/9,0.8334546544942852,0.9999963078360776,0,0,0.5672091412742383,0.1033318823095007,BMP5,LumB,Suppressed
GO_Biological_Process_2023,Muscle Cell Migration (GO:0014812),1/9,0.8334546544942852,0.9999963078360776,0,0,0.5672091412742383,0.1033318823095007,CCN3,LumB,Suppressed
GO_Biological_Process_2023,Myelin Assembly (GO:0032288),1/9,0.8334546544942852,0.9999963078360776,0,0,0.5672091412742383,0.1033318823095007,NCMAP,LumB,Suppressed
GO_Biological_Process_2023,Myelin Maintenance (GO:0043217),1/9,0.8334546544942852,0.9999963078360776,0,0,0.5672091412742383,0.1033318823095007,ABCD2,LumB,Suppressed
GO_Biological_Process_2023,Myeloid Dendritic Cell Differentiation (GO:0043011),1/9,0.8334546544942852,0.9999963078360776,0,0,0.5672091412742383,0.1033318823095007,TGFBR2,LumB,Suppressed
GO_Biological_Process_2023,Negative Regulation Of Alpha-Beta T Cell Proliferation (GO:0046642),1/9,0.8334546544942852,0.9999963078360776,0,0,0.5672091412742383,0.1033318823095007,VSIR,LumB,Suppressed
GO_Biological_Process_2023,Negative Regulation Of Bone Resorption (GO:0045779),1/9,0.8334546544942852,0.9999963078360776,0,0,0.5672091412742383,0.1033318823095007,IL6,LumB,Suppressed
GO_Biological_Process_2023,Negative Regulation Of Extracellular Matrix Organization (GO:1903054),1/9,0.8334546544942852,0.9999963078360776,0,0,0.5672091412742383,0.1033318823095007,DPP4,LumB,Suppressed
GO_Biological_Process_2023,Negative Regulation Of Heterotypic Cell-Cell Adhesion (GO:0034115),1/9,0.8334546544942852,0.9999963078360776,0,0,0.5672091412742383,0.1033318823095007,KLF4,LumB,Suppressed
GO_Biological_Process_2023,Negative Regulation Of Hormone Secretion (GO:0046888),1/9,0.8334546544942852,0.9999963078360776,0,0,0.5672091412742383,0.1033318823095007,LIF,LumB,Suppressed
GO_Biological_Process_2023,Negative Regulation Of Lymphocyte Apoptotic Process (GO:0070229),1/9,0.8334546544942852,0.9999963078360776,0,0,0.5672091412742383,0.1033318823095007,PIP,LumB,Suppressed
GO_Biological_Process_2023,Negative Regulation Of Protein Autophosphorylation (GO:0031953),1/9,0.8334546544942852,0.9999963078360776,0,0,0.5672091412742383,0.1033318823095007,CAV1,LumB,Suppressed
GO_Biological_Process_2023,Negative Regulation Of Toll-Like Receptor 4 Signaling Pathway (GO:0034144),1/9,0.8334546544942852,0.9999963078360776,0,0,0.5672091412742383,0.1033318823095007,RAB7B,LumB,Suppressed
GO_Biological_Process_2023,Negative Regulation Of Transforming Growth Factor Beta Production (GO:0071635),1/9,0.8334546544942852,0.9999963078360776,0,0,0.5672091412742383,0.1033318823095007,CDH3,LumB,Suppressed
GO_Biological_Process_2023,Negative Regulation Of Tyrosine Phosphorylation Of STAT Protein (GO:0042532),1/9,0.8334546544942852,0.9999963078360776,0,0,0.5672091412742383,0.1033318823095007,SOCS3,LumB,Suppressed
GO_Biological_Process_2023,Neurotransmitter Receptor Transport To Postsynaptic Membrane (GO:0098969),1/9,0.8334546544942852,0.9999963078360776,0,0,0.5672091412742383,0.1033318823095007,GRIP2,LumB,Suppressed
GO_Biological_Process_2023,Nucleoside Metabolic Process (GO:0009116),1/9,0.8334546544942852,0.9999963078360776,0,0,0.5672091412742383,0.1033318823095007,NT5C1A,LumB,Suppressed
GO_Biological_Process_2023,Organic Hydroxy Compound Catabolic Process (GO:1901616),1/9,0.8334546544942852,0.9999963078360776,0,0,0.5672091412742383,0.1033318823095007,CYP3A4,LumB,Suppressed
GO_Biological_Process_2023,Ornithine Metabolic Process (GO:0006591),1/9,0.8334546544942852,0.9999963078360776,0,0,0.5672091412742383,0.1033318823095007,OTC,LumB,Suppressed
GO_Biological_Process_2023,Peptidyl-Cysteine Modification (GO:0018198),1/9,0.8334546544942852,0.9999963078360776,0,0,0.5672091412742383,0.1033318823095007,NOS1,LumB,Suppressed
GO_Biological_Process_2023,Phosphatidylglycerol Biosynthetic Process (GO:0006655),1/9,0.8334546544942852,0.9999963078360776,0,0,0.5672091412742383,0.1033318823095007,GPAM,LumB,Suppressed
GO_Biological_Process_2023,Positive Regulation Of Cardiocyte Differentiation (GO:1905209),1/9,0.8334546544942852,0.9999963078360776,0,0,0.5672091412742383,0.1033318823095007,MYOCD,LumB,Suppressed
GO_Biological_Process_2023,Positive Regulation Of Keratinocyte Migration (GO:0051549),1/9,0.8334546544942852,0.9999963078360776,0,0,0.5672091412742383,0.1033318823095007,FGF7,LumB,Suppressed
GO_Biological_Process_2023,Positive Regulation Of Leukocyte Apoptotic Process (GO:2000108),1/9,0.8334546544942852,0.9999963078360776,0,0,0.5672091412742383,0.1033318823095007,HCAR2,LumB,Suppressed
GO_Biological_Process_2023,Positive Regulation Of Lipase Activity (GO:0060193),1/9,0.8334546544942852,0.9999963078360776,0,0,0.5672091412742383,0.1033318823095007,PLA2G5,LumB,Suppressed
GO_Biological_Process_2023,Positive Regulation Of mRNA 3'-End Processing (GO:0031442),1/9,0.8334546544942852,0.9999963078360776,0,0,0.5672091412742383,0.1033318823095007,CPEB1,LumB,Suppressed
GO_Biological_Process_2023,Positive Regulation Of Monocyte Differentiation (GO:0045657),1/9,0.8334546544942852,0.9999963078360776,0,0,0.5672091412742383,0.1033318823095007,IL34,LumB,Suppressed
GO_Biological_Process_2023,"Positive Regulation Of Phagocytosis, Engulfment (GO:0060100)",1/9,0.8334546544942852,0.9999963078360776,0,0,0.5672091412742383,0.1033318823095007,C3,LumB,Suppressed
GO_Biological_Process_2023,Positive Regulation Of Receptor Recycling (GO:0001921),1/9,0.8334546544942852,0.9999963078360776,0,0,0.5672091412742383,0.1033318823095007,SNCA,LumB,Suppressed
GO_Biological_Process_2023,Positive Regulation Of Tissue Remodeling (GO:0034105),1/9,0.8334546544942852,0.9999963078360776,0,0,0.5672091412742383,0.1033318823095007,NRG1,LumB,Suppressed
GO_Biological_Process_2023,Postsynapse Assembly (GO:0099068),1/9,0.8334546544942852,0.9999963078360776,0,0,0.5672091412742383,0.1033318823095007,NLGN1,LumB,Suppressed
GO_Biological_Process_2023,Protein K6-linked Ubiquitination (GO:0085020),1/9,0.8334546544942852,0.9999963078360776,0,0,0.5672091412742383,0.1033318823095007,PRKN,LumB,Suppressed
GO_Biological_Process_2023,Protein Localization To Microtubule (GO:0035372),1/9,0.8334546544942852,0.9999963078360776,0,0,0.5672091412742383,0.1033318823095007,MID1,LumB,Suppressed
GO_Biological_Process_2023,Protein Localization To Microtubule Cytoskeleton (GO:0072698),1/9,0.8334546544942852,0.9999963078360776,0,0,0.5672091412742383,0.1033318823095007,MID1,LumB,Suppressed
GO_Biological_Process_2023,Quinone Metabolic Process (GO:1901661),1/9,0.8334546544942852,0.9999963078360776,0,0,0.5672091412742383,0.1033318823095007,AIFM2,LumB,Suppressed
GO_Biological_Process_2023,Regulation Of PERK-mediated Unfolded Protein Response (GO:1903897),1/9,0.8334546544942852,0.9999963078360776,0,0,0.5672091412742383,0.1033318823095007,PPP1R15A,LumB,Suppressed
GO_Biological_Process_2023,Regulation Of Actin Filament Length (GO:0030832),1/9,0.8334546544942852,0.9999963078360776,0,0,0.5672091412742383,0.1033318823095007,CXCL12,LumB,Suppressed
GO_Biological_Process_2023,Regulation Of Animal Organ Morphogenesis (GO:2000027),1/9,0.8334546544942852,0.9999963078360776,0,0,0.5672091412742383,0.1033318823095007,PKHD1,LumB,Suppressed
GO_Biological_Process_2023,Regulation Of Cell-Cell Adhesion Involved In Gastrulation (GO:0070587),1/9,0.8334546544942852,0.9999963078360776,0,0,0.5672091412742383,0.1033318823095007,KLF4,LumB,Suppressed
GO_Biological_Process_2023,Regulation Of Cell-Cell Adhesion Mediated By Integrin (GO:0033632),1/9,0.8334546544942852,0.9999963078360776,0,0,0.5672091412742383,0.1033318823095007,DPP4,LumB,Suppressed
GO_Biological_Process_2023,Regulation Of Complement Activation (GO:0030449),1/9,0.8334546544942852,0.9999963078360776,0,0,0.5672091412742383,0.1033318823095007,CR1,LumB,Suppressed
GO_Biological_Process_2023,Regulation Of Endoplasmic Reticulum Unfolded Protein Response (GO:1900101),1/9,0.8334546544942852,0.9999963078360776,0,0,0.5672091412742383,0.1033318823095007,PIK3R1,LumB,Suppressed
GO_Biological_Process_2023,Regulation Of Granulocyte Differentiation (GO:0030852),1/9,0.8334546544942852,0.9999963078360776,0,0,0.5672091412742383,0.1033318823095007,TESC,LumB,Suppressed
GO_Biological_Process_2023,Regulation Of Inflammatory Response To Wounding (GO:0106014),1/9,0.8334546544942852,0.9999963078360776,0,0,0.5672091412742383,0.1033318823095007,IL33,LumB,Suppressed
GO_Biological_Process_2023,Regulation Of Mast Cell Activation (GO:0033003),1/9,0.8334546544942852,0.9999963078360776,0,0,0.5672091412742383,0.1033318823095007,TSLP,LumB,Suppressed
GO_Biological_Process_2023,Regulation Of Mast Cell Activation Involved In Immune Response (GO:0033006),1/9,0.8334546544942852,0.9999963078360776,0,0,0.5672091412742383,0.1033318823095007,ENPP3,LumB,Suppressed
GO_Biological_Process_2023,Regulation Of Memory T Cell Differentiation (GO:0043380),1/9,0.8334546544942852,0.9999963078360776,0,0,0.5672091412742383,0.1033318823095007,PCK1,LumB,Suppressed
GO_Biological_Process_2023,Regulation Of Myeloid Leukocyte Mediated Immunity (GO:0002886),1/9,0.8334546544942852,0.9999963078360776,0,0,0.5672091412742383,0.1033318823095007,DNASE1L3,LumB,Suppressed
GO_Biological_Process_2023,Regulation Of Natural Killer Cell Proliferation (GO:0032817),1/9,0.8334546544942852,0.9999963078360776,0,0,0.5672091412742383,0.1033318823095007,LEP,LumB,Suppressed
GO_Biological_Process_2023,Regulation Of Sequestering Of Calcium Ion (GO:0051282),1/9,0.8334546544942852,0.9999963078360776,0,0,0.5672091412742383,0.1033318823095007,TRDN,LumB,Suppressed
GO_Biological_Process_2023,Regulation Of Store-Operated Calcium Entry (GO:2001256),1/9,0.8334546544942852,0.9999963078360776,0,0,0.5672091412742383,0.1033318823095007,GRAMD2A,LumB,Suppressed
GO_Biological_Process_2023,Regulation Of Tau-Protein Kinase Activity (GO:1902947),1/9,0.8334546544942852,0.9999963078360776,0,0,0.5672091412742383,0.1033318823095007,EGR1,LumB,Suppressed
GO_Biological_Process_2023,Response To Histamine (GO:0034776),1/9,0.8334546544942852,0.9999963078360776,0,0,0.5672091412742383,0.1033318823095007,DRD2,LumB,Suppressed
GO_Biological_Process_2023,Tetrapyrrole Metabolic Process (GO:0033013),1/9,0.8334546544942852,0.9999963078360776,0,0,0.5672091412742383,0.1033318823095007,CUBN,LumB,Suppressed
GO_Biological_Process_2023,"Wound Healing, Spreading Of Epidermal Cells (GO:0035313)",1/9,0.8334546544942852,0.9999963078360776,0,0,0.5672091412742383,0.1033318823095007,PLET1,LumB,Suppressed
GO_Biological_Process_2023,Ear Morphogenesis (GO:0042471),3/24,0.8346953558546694,0.9999963078360776,0,0,0.6480836236933798,0.1171012345026237,TMIE;NOG;SOBP,LumB,Suppressed
GO_Biological_Process_2023,Iron Ion Transport (GO:0006826),3/24,0.8346953558546694,0.9999963078360776,0,0,0.6480836236933798,0.1171012345026237,SCARA5;TTYH1;F3,LumB,Suppressed
GO_Biological_Process_2023,Mononuclear Cell Differentiation (GO:1903131),3/24,0.8346953558546694,0.9999963078360776,0,0,0.6480836236933798,0.1171012345026237,PDE1B;LY6D;PPARG,LumB,Suppressed
GO_Biological_Process_2023,Negative Regulation Of Ion Transmembrane Transporter Activity (GO:0032413),3/24,0.8346953558546694,0.9999963078360776,0,0,0.6480836236933798,0.1171012345026237,PLN;CAV3;CASQ2,LumB,Suppressed
GO_Biological_Process_2023,Negative Regulation Of Ossification (GO:0030279),3/24,0.8346953558546694,0.9999963078360776,0,0,0.6480836236933798,0.1171012345026237,SFRP1;LRP4;STATH,LumB,Suppressed
GO_Biological_Process_2023,Positive Regulation Of BMP Signaling Pathway (GO:0030513),3/24,0.8346953558546694,0.9999963078360776,0,0,0.6480836236933798,0.1171012345026237,CRB2;CDH5;GDF5,LumB,Suppressed
GO_Biological_Process_2023,Positive Regulation Of p38MAPK Cascade (GO:1900745),3/24,0.8346953558546694,0.9999963078360776,0,0,0.6480836236933798,0.1171012345026237,BMP2;HAND2;LEP,LumB,Suppressed
GO_Biological_Process_2023,Protein Kinase B Signaling (GO:0043491),3/24,0.8346953558546694,0.9999963078360776,0,0,0.6480836236933798,0.1171012345026237,TYRO3;IGF1;EPHA2,LumB,Suppressed
GO_Biological_Process_2023,Regulation Of AMPA Receptor Activity (GO:2000311),3/24,0.8346953558546694,0.9999963078360776,0,0,0.6480836236933798,0.1171012345026237,NLGN1;RELN;SHANK3,LumB,Suppressed
GO_Biological_Process_2023,Regulation Of Supramolecular Fiber Organization (GO:1902903),3/24,0.8346953558546694,0.9999963078360776,0,0,0.6480836236933798,0.1171012345026237,CSF3;MAP2;CHRNA7,LumB,Suppressed
GO_Biological_Process_2023,Sensory Organ Development (GO:0007423),10/70,0.8356319289929396,0.9999963078360776,0,0,0.755762288253263,0.1357099964193041,NTF4;FOXC1;MAB21L1;SMOC1;CPAMD8;MYO7B;BHLHE22;CHRDL1;MEIS2;NEUROG2,LumB,Suppressed
GO_Biological_Process_2023,Sulfur Compound Biosynthetic Process (GO:0044272),10/70,0.8356319289929396,0.9999963078360776,0,0,0.755762288253263,0.1357099964193041,CHST9;ANGPT1;GSTP1;GSTA1;B3GNT3;GGT3P;CDO1;GGTA1;CHST2;CHST3,LumB,Suppressed
GO_Biological_Process_2023,Actin Filament Polymerization (GO:0030041),4/31,0.8365344180502888,0.9999963078360776,0,0,0.6720266149154422,0.1199484271036073,GSN;FAM107A;WASF3;GAS7,LumB,Suppressed
GO_Biological_Process_2023,Negative Regulation Of Developmental Growth (GO:0048640),4/31,0.8365344180502888,0.9999963078360776,0,0,0.6720266149154422,0.1199484271036073,MAP2;PTCH1;SEMA3G;OSTN,LumB,Suppressed
GO_Biological_Process_2023,Negative Regulation Of Intracellular Steroid Hormone Receptor Signaling Pathway (GO:0033144),4/31,0.8365344180502888,0.9999963078360776,0,0,0.6720266149154422,0.1199484271036073,PER1;SFRP1;TCF21;ZNF366,LumB,Suppressed
GO_Biological_Process_2023,Phospholipid Translocation (GO:0045332),4/31,0.8365344180502888,0.9999963078360776,0,0,0.6720266149154422,0.1199484271036073,ATP8B4;ABCB1;PLSCR5;PLSCR4,LumB,Suppressed
GO_Biological_Process_2023,Positive Regulation Of Extrinsic Apoptotic Signaling Pathway (GO:2001238),4/31,0.8365344180502888,0.9999963078360776,0,0,0.6720266149154422,0.1199484271036073,SFRP1;CAV1;G0S2;AGTR2,LumB,Suppressed
GO_Biological_Process_2023,Regulation Of Protein Localization To Cell Surface (GO:2000008),4/31,0.8365344180502888,0.9999963078360776,0,0,0.6720266149154422,0.1199484271036073,RIC3;CAV3;GPM6B;TMEM35A,LumB,Suppressed
GO_Biological_Process_2023,Circulatory System Development (GO:0072359),20/132,0.8373382311828157,0.9999963078360776,0,0,0.8094144090384692,0.14369306617843,CRB2;FOXC2;FOXC1;NOTCH4;NTRK3;SLC2A12;TCF21;PCSK5;TGFBR2;CDH5;BMP2;PDLIM3;SOX17;MYL2;HAND2;ALPK3;UTY;TEK;TDGF1;PDLIM4,LumB,Suppressed
GO_Biological_Process_2023,Positive Regulation Of Peptidyl-Serine Phosphorylation (GO:0033138),13/89,0.8379182828966303,0.9999963078360776,0,0,0.775536847956467,0.1371418240620869,TENM1;CSF3;CAV1;NTRK3;LIF;NGF;EGFR;NTF4;IL6;IFNE;SPRY2;NOS1;SNCA,LumB,Suppressed
GO_Biological_Process_2023,Regulation Of Smoothened Signaling Pathway (GO:0008589),7/51,0.8383887727109156,0.9999963078360776,0,0,0.7215152355968116,0.1271839125845526,SFRP1;HHIP;PTCH1;PTCH2;GPC3;GAS1;GLI1,LumB,Suppressed
GO_Biological_Process_2023,G Protein-Coupled Acetylcholine Receptor Signaling Pathway (GO:0007213),2/17,0.8393567275422432,0.9999963078360776,0,0,0.6049321141590468,0.105935397910935,CHRM3;CHRM1,LumB,Suppressed
GO_Biological_Process_2023,T Cell Migration (GO:0072678),2/17,0.8393567275422432,0.9999963078360776,0,0,0.6049321141590468,0.105935397910935,S1PR1;XG,LumB,Suppressed
GO_Biological_Process_2023,Amyloid Precursor Protein Metabolic Process (GO:0042982),2/17,0.8393567275422432,0.9999963078360776,0,0,0.6049321141590468,0.105935397910935,NSG1;KLK6,LumB,Suppressed
GO_Biological_Process_2023,Androgen Receptor Signaling Pathway (GO:0030521),2/17,0.8393567275422432,0.9999963078360776,0,0,0.6049321141590468,0.105935397910935,RHOXF1;PLPP1,LumB,Suppressed
GO_Biological_Process_2023,Carbohydrate Derivative Transport (GO:1901264),2/17,0.8393567275422432,0.9999963078360776,0,0,0.6049321141590468,0.105935397910935,VLDLR;PLTP,LumB,Suppressed
GO_Biological_Process_2023,Carboxylic Acid Biosynthetic Process (GO:0046394),2/17,0.8393567275422432,0.9999963078360776,0,0,0.6049321141590468,0.105935397910935,RGN;CDO1,LumB,Suppressed
GO_Biological_Process_2023,Cellular Response To Unfolded Protein (GO:0034620),2/17,0.8393567275422432,0.9999963078360776,0,0,0.6049321141590468,0.105935397910935,PRKN;PACRG,LumB,Suppressed
GO_Biological_Process_2023,Detection Of Visible Light (GO:0009584),2/17,0.8393567275422432,0.9999963078360776,0,0,0.6049321141590468,0.105935397910935,RPE65;CNGB1,LumB,Suppressed
GO_Biological_Process_2023,Embryonic Axis Specification (GO:0000578),2/17,0.8393567275422432,0.9999963078360776,0,0,0.6049321141590468,0.105935397910935,PTCH1;TDGF1,LumB,Suppressed
GO_Biological_Process_2023,Epoxygenase P450 Pathway (GO:0019373),2/17,0.8393567275422432,0.9999963078360776,0,0,0.6049321141590468,0.105935397910935,CYP1A2;CYP2C18,LumB,Suppressed
GO_Biological_Process_2023,Intracellular Estrogen Receptor Signaling Pathway (GO:0030520),2/17,0.8393567275422432,0.9999963078360776,0,0,0.6049321141590468,0.105935397910935,PADI2;ESR2,LumB,Suppressed
GO_Biological_Process_2023,Keratan Sulfate Metabolic Process (GO:0042339),2/17,0.8393567275422432,0.9999963078360776,0,0,0.6049321141590468,0.105935397910935,B3GNT3;CHST2,LumB,Suppressed
GO_Biological_Process_2023,Megakaryocyte Differentiation (GO:0030219),2/17,0.8393567275422432,0.9999963078360776,0,0,0.6049321141590468,0.105935397910935,TAL1;KIT,LumB,Suppressed
GO_Biological_Process_2023,Membrane Lipid Metabolic Process (GO:0006643),2/17,0.8393567275422432,0.9999963078360776,0,0,0.6049321141590468,0.105935397910935,GAL3ST1;AGMO,LumB,Suppressed
GO_Biological_Process_2023,Mesenchyme Development (GO:0060485),2/17,0.8393567275422432,0.9999963078360776,0,0,0.6049321141590468,0.105935397910935,WNT11;MEOX1,LumB,Suppressed
GO_Biological_Process_2023,Myeloid Cell Activation Involved In Immune Response (GO:0002275),2/17,0.8393567275422432,0.9999963078360776,0,0,0.6049321141590468,0.105935397910935,ENPP3;DNASE1L3,LumB,Suppressed
GO_Biological_Process_2023,Negative Regulation Of Fibroblast Proliferation (GO:0048147),2/17,0.8393567275422432,0.9999963078360776,0,0,0.6049321141590468,0.105935397910935,SFRP1;GSTP1,LumB,Suppressed
GO_Biological_Process_2023,Negative Regulation Of Leukocyte Activation (GO:0002695),2/17,0.8393567275422432,0.9999963078360776,0,0,0.6049321141590468,0.105935397910935,LRFN5;CD200,LumB,Suppressed
GO_Biological_Process_2023,Negative Regulation Of Vascular Associated Smooth Muscle Cell Proliferation (GO:1904706),2/17,0.8393567275422432,0.9999963078360776,0,0,0.6049321141590468,0.105935397910935,CNN1;PPARG,LumB,Suppressed
GO_Biological_Process_2023,Positive Regulation Of SMAD Protein Signal Transduction (GO:0060391),2/17,0.8393567275422432,0.9999963078360776,0,0,0.6049321141590468,0.105935397910935,PPARG;BMP6,LumB,Suppressed
GO_Biological_Process_2023,Positive Regulation Of Amyloid-Beta Formation (GO:1902004),2/17,0.8393567275422432,0.9999963078360776,0,0,0.6049321141590468,0.105935397910935,CHRNA7;PSG1,LumB,Suppressed
GO_Biological_Process_2023,Positive Regulation Of Dendrite Morphogenesis (GO:0050775),2/17,0.8393567275422432,0.9999963078360776,0,0,0.6049321141590468,0.105935397910935,CUX2;RELN,LumB,Suppressed
GO_Biological_Process_2023,Positive Regulation Of Leukocyte Proliferation (GO:0070665),2/17,0.8393567275422432,0.9999963078360776,0,0,0.6049321141590468,0.105935397910935,NMB;IL34,LumB,Suppressed
GO_Biological_Process_2023,Positive Regulation Of Lymphocyte Chemotaxis (GO:0140131),2/17,0.8393567275422432,0.9999963078360776,0,0,0.6049321141590468,0.105935397910935,CCL21;NEDD9,LumB,Suppressed
GO_Biological_Process_2023,Positive Regulation Of Nitric-Oxide Synthase Activity (GO:0051000),2/17,0.8393567275422432,0.9999963078360776,0,0,0.6049321141590468,0.105935397910935,FCER2;NPR3,LumB,Suppressed
GO_Biological_Process_2023,Positive Regulation Of Peptidyl-Lysine Acetylation (GO:2000758),2/17,0.8393567275422432,0.9999963078360776,0,0,0.6049321141590468,0.105935397910935,NOS1;PPARGC1A,LumB,Suppressed
GO_Biological_Process_2023,Positive Regulation Of Peptidyl-Serine Phosphorylation Of STAT Protein (GO:0033141),2/17,0.8393567275422432,0.9999963078360776,0,0,0.6049321141590468,0.105935397910935,IFNE;LIF,LumB,Suppressed
GO_Biological_Process_2023,Positive Regulation Of Regulatory T Cell Differentiation (GO:0045591),2/17,0.8393567275422432,0.9999963078360776,0,0,0.6049321141590468,0.105935397910935,CR1;VSIR,LumB,Suppressed
GO_Biological_Process_2023,Regulation Of Adenylate Cyclase Activity (GO:0045761),2/17,0.8393567275422432,0.9999963078360776,0,0,0.6049321141590468,0.105935397910935,EDNRB;DRD5,LumB,Suppressed
GO_Biological_Process_2023,Regulation Of Brown Fat Cell Differentiation (GO:0090335),2/17,0.8393567275422432,0.9999963078360776,0,0,0.6049321141590468,0.105935397910935,LEP;PTGS2,LumB,Suppressed
GO_Biological_Process_2023,Regulation Of Mitotic Cell Cycle Spindle Assembly Checkpoint (GO:0090266),2/17,0.8393567275422432,0.9999963078360776,0,0,0.6049321141590468,0.105935397910935,DUSP1;USP44,LumB,Suppressed
GO_Biological_Process_2023,Regulation Of Oxidative Phosphorylation (GO:0002082),2/17,0.8393567275422432,0.9999963078360776,0,0,0.6049321141590468,0.105935397910935,MLXIPL;COX7A1,LumB,Suppressed
GO_Biological_Process_2023,Regulation Of Ubiquitin Protein Ligase Activity (GO:1904666),2/17,0.8393567275422432,0.9999963078360776,0,0,0.6049321141590468,0.105935397910935,USP44;CDC14B,LumB,Suppressed
GO_Biological_Process_2023,Sensory Perception Of Taste (GO:0050909),2/17,0.8393567275422432,0.9999963078360776,0,0,0.6049321141590468,0.105935397910935,CD36;TAS1R1,LumB,Suppressed
GO_Biological_Process_2023,Regulation Of Neuron Death (GO:1901214),8/58,0.8459269345413317,0.9999963078360776,0,0,0.7255731334998612,0.1214045574586698,PRKN;EGR1;PRNP;TRIM2;CHRNA7;GRIN2B;CD200;SNCA,LumB,Suppressed
GO_Biological_Process_2023,Negative Regulation Of Cell Motility (GO:2000146),20/133,0.8467780239379571,0.9999963078360776,0,0,0.8022021622394235,0.1334196098988477,NGFR;KANK1;ADIPOQ;NOG;NEDD9;PODN;ALOX15B;CX3CL1;CLDN5;SFRP1;TMEFF2;WNT11;KRT16;MMRN2;SPOCK3;CLDN19;EMILIN2;SLIT2;DRD2;RECK,LumB,Suppressed
GO_Biological_Process_2023,Regulation Of Anatomical Structure Morphogenesis (GO:0022603),19/127,0.8478898287712578,0.9999963078360776,0,0,0.7973969933184856,0.1315741484262194,CRB2;PHLDB1;PID1;CDX2;WTIP;FGF2;DLL1;SFRP1;IL6;BMPER;ADGRA2;ADGRB3;LEP;PAK3;SHANK3;FERMT2;RAPGEF3;EPHA2;SH3D19,LumB,Suppressed
GO_Biological_Process_2023,Kidney Development (GO:0001822),10/71,0.8483386937697531,0.9999963078360776,0,0,0.7433272178493223,0.1222589819461617,FOXC1;CITED1;SOX17;MME;ZBTB16;TCF21;LRP4;HAS2;PROX1;PCSK5,LumB,Suppressed
GO_Biological_Process_2023,Negative Regulation Of Developmental Process (GO:0051093),16/109,0.8525316233555679,0.9999963078360776,0,0,0.7798645071559962,0.1244234638179327,PRKN;KANK1;FOXC1;ARHGEF15;BCL11A;NOTCH4;DLL1;SFRP1;BMP2;WNT11;NFIB;SFRP5;PPARG;MGARP;CER1;RAPGEF3,LumB,Suppressed
GO_Biological_Process_2023,Neurotransmitter Transport (GO:0006836),7/52,0.8528506773531114,0.9999963078360776,0,0,0.7054384017758046,0.1122851966466887,GABRA2;SLC22A3;SLC29A4;SLC17A7;SLC6A2;SYN2;SLC1A7,LumB,Suppressed
GO_Biological_Process_2023,Gluconeogenesis (GO:0006094),4/32,0.8546386056988677,0.9999963078360776,0,0,0.647986058853816,0.1017834358231163,PFKFB1;KRT17;PCK1;PPARGC1A,LumB,Suppressed
GO_Biological_Process_2023,Negative Regulation Of G1/S Transition Of Mitotic Cell Cycle (GO:2000134),4/32,0.8546386056988677,0.9999963078360776,0,0,0.647986058853816,0.1017834358231163,FHL1;FAM107A;KLF4;MYO16,LumB,Suppressed
GO_Biological_Process_2023,Proteoglycan Biosynthetic Process (GO:0030166),4/32,0.8546386056988677,0.9999963078360776,0,0,0.647986058853816,0.1017834358231163,CHST9;B3GAT1;IGF1;GAL3ST3,LumB,Suppressed
GO_Biological_Process_2023,Purine Ribonucleoside Triphosphate Metabolic Process (GO:0009205),4/32,0.8546386056988677,0.9999963078360776,0,0,0.647986058853816,0.1017834358231163,MYH3;ATP1A2;ENPP3;GIMAP7,LumB,Suppressed
GO_Biological_Process_2023,Regulation Of Transmembrane Transport (GO:0034762),4/32,0.8546386056988677,0.9999963078360776,0,0,0.647986058853816,0.1017834358231163,FFAR4;KCNJ16;KCNJ2;SNCA,LumB,Suppressed
GO_Biological_Process_2023,Very Long-Chain Fatty Acid Metabolic Process (GO:0000038),4/32,0.8546386056988677,0.9999963078360776,0,0,0.647986058853816,0.1017834358231163,ABCD2;ACSL1;ELOVL3;SLC27A6,LumB,Suppressed
GO_Biological_Process_2023,fatty-acyl-CoA Biosynthetic Process (GO:0046949),3/25,0.8550295251772024,0.9999963078360776,0,0,0.6185874823624269,0.096882725034836,ACSL1;ELOVL3;ACSL4,LumB,Suppressed
GO_Biological_Process_2023,Inner Ear Morphogenesis (GO:0042472),3/25,0.8550295251772024,0.9999963078360776,0,0,0.6185874823624269,0.096882725034836,TMIE;SOBP;TBX18,LumB,Suppressed
GO_Biological_Process_2023,Metanephros Development (GO:0001656),3/25,0.8550295251772024,0.9999963078360776,0,0,0.6185874823624269,0.096882725034836,CITED1;SOX17;PTCH1,LumB,Suppressed
GO_Biological_Process_2023,Negative Regulation Of Protein Localization To Membrane (GO:1905476),3/25,0.8550295251772024,0.9999963078360776,0,0,0.6185874823624269,0.096882725034836,KCNE1;PID1;MRAP2,LumB,Suppressed
GO_Biological_Process_2023,Negative Regulation Of Protein Transport (GO:0051224),3/25,0.8550295251772024,0.9999963078360776,0,0,0.6185874823624269,0.096882725034836,PKDCC;ADTRP;DRD2,LumB,Suppressed
GO_Biological_Process_2023,Osteoclast Differentiation (GO:0030316),3/25,0.8550295251772024,0.9999963078360776,0,0,0.6185874823624269,0.096882725034836,BMP2;TNFSF11;EPHA2,LumB,Suppressed
GO_Biological_Process_2023,Phosphatidylethanolamine Metabolic Process (GO:0046337),3/25,0.8550295251772024,0.9999963078360776,0,0,0.6185874823624269,0.096882725034836,PLA2G4E;PLA2G2A;PLAAT5,LumB,Suppressed
GO_Biological_Process_2023,Purine Ribonucleotide Catabolic Process (GO:0009154),3/25,0.8550295251772024,0.9999963078360776,0,0,0.6185874823624269,0.096882725034836,NT5C1A;PDE2A;PDE9A,LumB,Suppressed
GO_Biological_Process_2023,Regulation Of B Cell Activation (GO:0050864),3/25,0.8550295251772024,0.9999963078360776,0,0,0.6185874823624269,0.096882725034836,IL6;BANK1;ZFP36L2,LumB,Suppressed
GO_Biological_Process_2023,Regulation Of Actin Cytoskeleton Reorganization (GO:2000249),3/25,0.8550295251772024,0.9999963078360776,0,0,0.6185874823624269,0.096882725034836,PDGFRA;TEK;RAPGEF3,LumB,Suppressed
GO_Biological_Process_2023,Ventricular Cardiac Muscle Tissue Development (GO:0003229),3/25,0.8550295251772024,0.9999963078360776,0,0,0.6185874823624269,0.096882725034836,TGFBR3;MYL2;PROX1,LumB,Suppressed
GO_Biological_Process_2023,Release Of Sequestered Calcium Ion Into Cytosol (GO:0051209),5/39,0.8572917617193445,0.9999963078360776,0,0,0.666984763955499,0.1027002949304761,CCL21;HTR2A;PLCH2;DRD2;FGF2,LumB,Suppressed
GO_Biological_Process_2023,Regulation Of Actin Cytoskeleton Organization (GO:0032956),13/91,0.8598704193679423,0.9999963078360776,0,0,0.7555586436909394,0.1140693904976547,PDGFRA;CSF3;LRP1;ODAM;FAM107A;NEDD9;PDGFA;NRG1;CORO2B;DAAM2;PAK3;RAPGEF3;GPM6B,LumB,Suppressed
GO_Biological_Process_2023,3'-UTR-mediated mRNA Stabilization (GO:0070935),2/18,0.8622666700799557,0.9999963078360776,0,0,0.5670892213909671,0.0840373453455016,ZFP36;YBX3,LumB,Suppressed
GO_Biological_Process_2023,T-helper Cell Differentiation (GO:0042093),2/18,0.8622666700799557,0.9999963078360776,0,0,0.5670892213909671,0.0840373453455016,PTGER4;IL6,LumB,Suppressed
GO_Biological_Process_2023,Actin Filament Capping (GO:0051693),2/18,0.8622666700799557,0.9999963078360776,0,0,0.5670892213909671,0.0840373453455016,GSN;CAPZA3,LumB,Suppressed
GO_Biological_Process_2023,Barbed-End Actin Filament Capping (GO:0051016),2/18,0.8622666700799557,0.9999963078360776,0,0,0.5670892213909671,0.0840373453455016,GSN;CAPZA3,LumB,Suppressed
GO_Biological_Process_2023,Cell Junction Maintenance (GO:0034331),2/18,0.8622666700799557,0.9999963078360776,0,0,0.5670892213909671,0.0840373453455016,KIRREL1;NLGN1,LumB,Suppressed
GO_Biological_Process_2023,Cellular Response To Inorganic Substance (GO:0071241),2/18,0.8622666700799557,0.9999963078360776,0,0,0.5670892213909671,0.0840373453455016,FOXO1;AQP1,LumB,Suppressed
GO_Biological_Process_2023,Dendritic Cell Migration (GO:0036336),2/18,0.8622666700799557,0.9999963078360776,0,0,0.5670892213909671,0.0840373453455016,CCL21;CXCR2,LumB,Suppressed
GO_Biological_Process_2023,Epithelial Cell Development (GO:0002064),2/18,0.8622666700799557,0.9999963078360776,0,0,0.5670892213909671,0.0840373453455016,PKHD1;DACT2,LumB,Suppressed
GO_Biological_Process_2023,Icosanoid Biosynthetic Process (GO:0046456),2/18,0.8622666700799557,0.9999963078360776,0,0,0.5670892213909671,0.0840373453455016,PLA2G4A;PLA2G5,LumB,Suppressed
GO_Biological_Process_2023,Negative Regulation Of Viral Entry Into Host Cell (GO:0046597),2/18,0.8622666700799557,0.9999963078360776,0,0,0.5670892213909671,0.0840373453455016,CH25H;GSN,LumB,Suppressed
GO_Biological_Process_2023,Neural Crest Cell Differentiation (GO:0014033),2/18,0.8622666700799557,0.9999963078360776,0,0,0.5670892213909671,0.0840373453455016,NRG1;SOX8,LumB,Suppressed
GO_Biological_Process_2023,Neuron Fate Commitment (GO:0048663),2/18,0.8622666700799557,0.9999963078360776,0,0,0.5670892213909671,0.0840373453455016,BHLHE22;DLL1,LumB,Suppressed
GO_Biological_Process_2023,Positive Regulation Of CREB Transcription Factor Activity (GO:0032793),2/18,0.8622666700799557,0.9999963078360776,0,0,0.5670892213909671,0.0840373453455016,RELN;CD200,LumB,Suppressed
GO_Biological_Process_2023,Positive Regulation Of Cytokine Production Involved In Inflammatory Response (GO:1900017),2/18,0.8622666700799557,0.9999963078360776,0,0,0.5670892213909671,0.0840373453455016,IL6;IL17D,LumB,Suppressed
GO_Biological_Process_2023,Positive Regulation Of Monocyte Chemotaxis (GO:0090026),2/18,0.8622666700799557,0.9999963078360776,0,0,0.5670892213909671,0.0840373453455016,CXCL12;DEFB124,LumB,Suppressed
GO_Biological_Process_2023,Positive Regulation Of Nervous System Process (GO:0031646),2/18,0.8622666700799557,0.9999963078360776,0,0,0.5670892213909671,0.0840373453455016,EGR2;NCMAP,LumB,Suppressed
GO_Biological_Process_2023,Positive Regulation Of Osteoclast Differentiation (GO:0045672),2/18,0.8622666700799557,0.9999963078360776,0,0,0.5670892213909671,0.0840373453455016,NEDD9;TNFSF11,LumB,Suppressed
GO_Biological_Process_2023,Positive Regulation Of Stress-Activated Protein Kinase Signaling Cascade (GO:0070304),2/18,0.8622666700799557,0.9999963078360776,0,0,0.5670892213909671,0.0840373453455016,IGFBP6;MID1,LumB,Suppressed
GO_Biological_Process_2023,Positive Regulation Of Triglyceride Metabolic Process (GO:0090208),2/18,0.8622666700799557,0.9999963078360776,0,0,0.5670892213909671,0.0840373453455016,GPLD1;PNPLA2,LumB,Suppressed
GO_Biological_Process_2023,Protein Autoprocessing (GO:0016540),2/18,0.8622666700799557,0.9999963078360776,0,0,0.5670892213909671,0.0840373453455016,TMPRSS2;KLK6,LumB,Suppressed
GO_Biological_Process_2023,Regulation Of Lymphocyte Proliferation (GO:0050670),2/18,0.8622666700799557,0.9999963078360776,0,0,0.5670892213909671,0.0840373453455016,CD209;LEP,LumB,Suppressed
GO_Biological_Process_2023,Regulation Of Peptidyl-Serine Phosphorylation Of STAT Protein (GO:0033139),2/18,0.8622666700799557,0.9999963078360776,0,0,0.5670892213909671,0.0840373453455016,IFNE;LIF,LumB,Suppressed
GO_Biological_Process_2023,Regulation Of Synaptic Vesicle Exocytosis (GO:2000300),2/18,0.8622666700799557,0.9999963078360776,0,0,0.5670892213909671,0.0840373453455016,NLGN1;RIMS3,LumB,Suppressed
GO_Biological_Process_2023,Response To Axon Injury (GO:0048678),2/18,0.8622666700799557,0.9999963078360776,0,0,0.5670892213909671,0.0840373453455016,P2RY12;FOLR1,LumB,Suppressed
GO_Biological_Process_2023,Vesicle Transport Along Actin Filament (GO:0030050),2/18,0.8622666700799557,0.9999963078360776,0,0,0.5670892213909671,0.0840373453455016,MYO7B;MYO1H,LumB,Suppressed
GO_Biological_Process_2023,CRD-mediated mRNA Stabilization (GO:0070934),1/10,0.863537683773808,0.9999963078360776,0,0,0.5041551246537396,0.0739685013121368,IGF2BP2,LumB,Suppressed
GO_Biological_Process_2023,Rap Protein Signal Transduction (GO:0032486),1/10,0.863537683773808,0.9999963078360776,0,0,0.5041551246537396,0.0739685013121368,RAPGEF3,LumB,Suppressed
GO_Biological_Process_2023,Alpha-Amino Acid Biosynthetic Process (GO:1901607),1/10,0.863537683773808,0.9999963078360776,0,0,0.5041551246537396,0.0739685013121368,OTC,LumB,Suppressed
GO_Biological_Process_2023,Aromatic Amino Acid Family Catabolic Process (GO:0009074),1/10,0.863537683773808,0.9999963078360776,0,0,0.5041551246537396,0.0739685013121368,HPD,LumB,Suppressed
GO_Biological_Process_2023,Basement Membrane Organization (GO:0071711),1/10,0.863537683773808,0.9999963078360776,0,0,0.5041551246537396,0.0739685013121368,FLRT2,LumB,Suppressed
GO_Biological_Process_2023,calcineurin-NFAT Signaling Cascade (GO:0033173),1/10,0.863537683773808,0.9999963078360776,0,0,0.5041551246537396,0.0739685013121368,LACRT,LumB,Suppressed
GO_Biological_Process_2023,Cellular Response To UV-A (GO:0071492),1/10,0.863537683773808,0.9999963078360776,0,0,0.5041551246537396,0.0739685013121368,MME,LumB,Suppressed
GO_Biological_Process_2023,Cellular Response To Interleukin-12 (GO:0071349),1/10,0.863537683773808,0.9999963078360776,0,0,0.5041551246537396,0.0739685013121368,SIRPA,LumB,Suppressed
GO_Biological_Process_2023,Cellular Response To Interleukin-15 (GO:0071350),1/10,0.863537683773808,0.9999963078360776,0,0,0.5041551246537396,0.0739685013121368,STAT5A,LumB,Suppressed
GO_Biological_Process_2023,Fatty Acid Beta-Oxidation Using acyl-CoA Dehydrogenase (GO:0033539),1/10,0.863537683773808,0.9999963078360776,0,0,0.5041551246537396,0.0739685013121368,ACADL,LumB,Suppressed
GO_Biological_Process_2023,Hematopoietic Stem Cell Proliferation (GO:0071425),1/10,0.863537683773808,0.9999963078360776,0,0,0.5041551246537396,0.0739685013121368,CD34,LumB,Suppressed
GO_Biological_Process_2023,Heme Catabolic Process (GO:0042167),1/10,0.863537683773808,0.9999963078360776,0,0,0.5041551246537396,0.0739685013121368,SLCO1B3,LumB,Suppressed
GO_Biological_Process_2023,Interleukin-15-Mediated Signaling Pathway (GO:0035723),1/10,0.863537683773808,0.9999963078360776,0,0,0.5041551246537396,0.0739685013121368,STAT5A,LumB,Suppressed
GO_Biological_Process_2023,Maintenance Of Synapse Structure (GO:0099558),1/10,0.863537683773808,0.9999963078360776,0,0,0.5041551246537396,0.0739685013121368,NLGN1,LumB,Suppressed
GO_Biological_Process_2023,Megakaryocyte Development (GO:0035855),1/10,0.863537683773808,0.9999963078360776,0,0,0.5041551246537396,0.0739685013121368,KIT,LumB,Suppressed
GO_Biological_Process_2023,Meiotic Sister Chromatid Cohesion (GO:0051177),1/10,0.863537683773808,0.9999963078360776,0,0,0.5041551246537396,0.0739685013121368,HORMAD2,LumB,Suppressed
GO_Biological_Process_2023,Metanephric Mesenchyme Development (GO:0072075),1/10,0.863537683773808,0.9999963078360776,0,0,0.5041551246537396,0.0739685013121368,TCF21,LumB,Suppressed
GO_Biological_Process_2023,Midbrain Dopaminergic Neuron Differentiation (GO:1904948),1/10,0.863537683773808,0.9999963078360776,0,0,0.5041551246537396,0.0739685013121368,LMX1A,LumB,Suppressed
GO_Biological_Process_2023,Muscle Filament Sliding (GO:0030049),1/10,0.863537683773808,0.9999963078360776,0,0,0.5041551246537396,0.0739685013121368,MYH3,LumB,Suppressed
GO_Biological_Process_2023,Negative Regulation Of Activated T Cell Proliferation (GO:0046007),1/10,0.863537683773808,0.9999963078360776,0,0,0.5041551246537396,0.0739685013121368,PRNP,LumB,Suppressed
GO_Biological_Process_2023,Negative Regulation Of Adenylate Cyclase Activity (GO:0007194),1/10,0.863537683773808,0.9999963078360776,0,0,0.5041551246537396,0.0739685013121368,EDNRB,LumB,Suppressed
GO_Biological_Process_2023,Negative Regulation Of Alpha-Beta T Cell Activation (GO:0046636),1/10,0.863537683773808,0.9999963078360776,0,0,0.5041551246537396,0.0739685013121368,VSIR,LumB,Suppressed
GO_Biological_Process_2023,Negative Regulation Of Glycolytic Process (GO:0045820),1/10,0.863537683773808,0.9999963078360776,0,0,0.5041551246537396,0.0739685013121368,PPARA,LumB,Suppressed
GO_Biological_Process_2023,Negative Regulation Of Homotypic Cell-Cell Adhesion (GO:0034111),1/10,0.863537683773808,0.9999963078360776,0,0,0.5041551246537396,0.0739685013121368,C1QTNF1,LumB,Suppressed
GO_Biological_Process_2023,Negative Regulation Of Hydrogen Peroxide-Induced Cell Death (GO:1903206),1/10,0.863537683773808,0.9999963078360776,0,0,0.5041551246537396,0.0739685013121368,MET,LumB,Suppressed
GO_Biological_Process_2023,Negative Regulation Of Interferon-Beta Production (GO:0032688),1/10,0.863537683773808,0.9999963078360776,0,0,0.5041551246537396,0.0739685013121368,SIRPA,LumB,Suppressed
GO_Biological_Process_2023,Negative Regulation Of Intracellular Estrogen Receptor Signaling Pathway (GO:0033147),1/10,0.863537683773808,0.9999963078360776,0,0,0.5041551246537396,0.0739685013121368,ZNF366,LumB,Suppressed
GO_Biological_Process_2023,Negative Regulation Of Lipopolysaccharide-Mediated Signaling Pathway (GO:0031665),1/10,0.863537683773808,0.9999963078360776,0,0,0.5041551246537396,0.0739685013121368,LACRT,LumB,Suppressed
GO_Biological_Process_2023,Negative Regulation Of Mitochondrial Outer Membrane Permeabilization Involved In Apoptotic Signaling Pathway (GO:1901029),1/10,0.863537683773808,0.9999963078360776,0,0,0.5041551246537396,0.0739685013121368,FZD9,LumB,Suppressed
GO_Biological_Process_2023,Negative Regulation Of Response To Cytokine Stimulus (GO:0060761),1/10,0.863537683773808,0.9999963078360776,0,0,0.5041551246537396,0.0739685013121368,KLF4,LumB,Suppressed
GO_Biological_Process_2023,Negative Regulation Of Sprouting Angiogenesis (GO:1903671),1/10,0.863537683773808,0.9999963078360776,0,0,0.5041551246537396,0.0739685013121368,KLF2,LumB,Suppressed
GO_Biological_Process_2023,Negative Regulation Of Vascular Endothelial Growth Factor Receptor Signaling Pathway (GO:0030948),1/10,0.863537683773808,0.9999963078360776,0,0,0.5041551246537396,0.0739685013121368,MMRN2,LumB,Suppressed
GO_Biological_Process_2023,Omega-Hydroxylase P450 Pathway (GO:0097267),1/10,0.863537683773808,0.9999963078360776,0,0,0.5041551246537396,0.0739685013121368,CYP1A2,LumB,Suppressed
GO_Biological_Process_2023,Peptidyl-Proline Hydroxylation (GO:0019511),1/10,0.863537683773808,0.9999963078360776,0,0,0.5041551246537396,0.0739685013121368,P3H2,LumB,Suppressed
GO_Biological_Process_2023,Positive Regulation Of Autophagy Of Mitochondrion (GO:1903599),1/10,0.863537683773808,0.9999963078360776,0,0,0.5041551246537396,0.0739685013121368,PRKN,LumB,Suppressed
GO_Biological_Process_2023,Positive Regulation Of Interleukin-13 Production (GO:0032736),1/10,0.863537683773808,0.9999963078360776,0,0,0.5041551246537396,0.0739685013121368,TSLP,LumB,Suppressed
GO_Biological_Process_2023,Positive Regulation Of Phospholipid Transport (GO:2001140),1/10,0.863537683773808,0.9999963078360776,0,0,0.5041551246537396,0.0739685013121368,CETP,LumB,Suppressed
GO_Biological_Process_2023,Protein Oxidation (GO:0018158),1/10,0.863537683773808,0.9999963078360776,0,0,0.5041551246537396,0.0739685013121368,LOXL4,LumB,Suppressed
GO_Biological_Process_2023,Regulation Of T-helper 2 Cell Cytokine Production (GO:2000551),1/10,0.863537683773808,0.9999963078360776,0,0,0.5041551246537396,0.0739685013121368,IL6,LumB,Suppressed
GO_Biological_Process_2023,Regulation Of Amyloid Precursor Protein Biosynthetic Process (GO:0042984),1/10,0.863537683773808,0.9999963078360776,0,0,0.5041551246537396,0.0739685013121368,ITM2A,LumB,Suppressed
GO_Biological_Process_2023,Regulation Of Axon Regeneration (GO:0048679),1/10,0.863537683773808,0.9999963078360776,0,0,0.5041551246537396,0.0739685013121368,PTN,LumB,Suppressed
GO_Biological_Process_2023,Regulation Of Calcium Ion Import Across Plasma Membrane (GO:1905664),1/10,0.863537683773808,0.9999963078360776,0,0,0.5041551246537396,0.0739685013121368,PRNP,LumB,Suppressed
GO_Biological_Process_2023,Regulation Of Cardiac Muscle Cell Apoptotic Process (GO:0010665),1/10,0.863537683773808,0.9999963078360776,0,0,0.5041551246537396,0.0739685013121368,HAND2,LumB,Suppressed
GO_Biological_Process_2023,Regulation Of Coagulation (GO:0050818),1/10,0.863537683773808,0.9999963078360776,0,0,0.5041551246537396,0.0739685013121368,NRG1,LumB,Suppressed
GO_Biological_Process_2023,Regulation Of Cysteine-Type Endopeptidase Activity Involved In Apoptotic Signaling Pathway (GO:2001267),1/10,0.863537683773808,0.9999963078360776,0,0,0.5041551246537396,0.0739685013121368,GSN,LumB,Suppressed
GO_Biological_Process_2023,Regulation Of Inclusion Body Assembly (GO:0090083),1/10,0.863537683773808,0.9999963078360776,0,0,0.5041551246537396,0.0739685013121368,SNCAIP,LumB,Suppressed
GO_Biological_Process_2023,Regulation Of Low-Density Lipoprotein Particle Clearance (GO:0010988),1/10,0.863537683773808,0.9999963078360776,0,0,0.5041551246537396,0.0739685013121368,NR1H4,LumB,Suppressed
GO_Biological_Process_2023,"Regulation Of Phagocytosis, Engulfment (GO:0060099)",1/10,0.863537683773808,0.9999963078360776,0,0,0.5041551246537396,0.0739685013121368,C3,LumB,Suppressed
GO_Biological_Process_2023,Regulation Of Toll-Like Receptor 9 Signaling Pathway (GO:0034163),1/10,0.863537683773808,0.9999963078360776,0,0,0.5041551246537396,0.0739685013121368,RAB7B,LumB,Suppressed
GO_Biological_Process_2023,Removal Of Superoxide Radicals (GO:0019430),1/10,0.863537683773808,0.9999963078360776,0,0,0.5041551246537396,0.0739685013121368,SOD3,LumB,Suppressed
GO_Biological_Process_2023,Response To Sterol (GO:0036314),1/10,0.863537683773808,0.9999963078360776,0,0,0.5041551246537396,0.0739685013121368,TGFBR2,LumB,Suppressed
GO_Biological_Process_2023,Steroid Hormone Mediated Signaling Pathway (GO:0043401),1/10,0.863537683773808,0.9999963078360776,0,0,0.5041551246537396,0.0739685013121368,PLPP1,LumB,Suppressed
GO_Biological_Process_2023,Urogenital System Development (GO:0001655),1/10,0.863537683773808,0.9999963078360776,0,0,0.5041551246537396,0.0739685013121368,ANXA1,LumB,Suppressed
GO_Biological_Process_2023,Very-Low-Density Lipoprotein Particle Assembly (GO:0034379),1/10,0.863537683773808,0.9999963078360776,0,0,0.5041551246537396,0.0739685013121368,APOB,LumB,Suppressed
GO_Biological_Process_2023,Positive Regulation Of Kinase Activity (GO:0033674),15/104,0.8643934321315658,0.9999963078360776,0,0,0.7639574558498207,0.1113294211138534,ALK;PDGFRA;NTRK2;CCL21;MMD;NTRK3;TIE1;EGFR;RELN;TYRO3;ROR1;TEK;MET;EPHA2;DDR2,LumB,Suppressed
GO_Biological_Process_2023,Gonad Development (GO:0008406),7/53,0.8662452815746495,0.9999963078360776,0,0,0.6900605607296241,0.0990838468035957,NR5A1;LHCGR;FGF9;KIT;AKR1C3;SOX8;MAMLD1,LumB,Suppressed
GO_Biological_Process_2023,Modulation Of Chemical Synaptic Transmission (GO:0050804),18/123,0.8673893415314972,0.9999963078360776,0,0,0.7769392867082819,0.1105330821589303,CX3CR1;NLGN1;CHRNA7;ADIPOQ;GRIK1;ATP1A2;SNCAIP;BEGAIN;NPAS4;SLC8A3;RIMS3;RELN;DRD2;MCTP2;DLGAP2;DGKI;GRIA3;GRIA4,LumB,Suppressed
GO_Biological_Process_2023,Cellular Response To Molecule Of Bacterial Origin (GO:0071219),17/117,0.8692060378114627,0.9999963078360776,0,0,0.7704869226488592,0.1080030692752691,CX3CR1;CXCL6;GSTP1;DEFB124;CXCL1;PPBP;CXCL3;CXCL2;CXCL5;ZFP36;IL6;IL36A;SIRPA;CTSG;VIM;PF4V1;PF4,LumB,Suppressed
GO_Biological_Process_2023,Sensory Perception Of Sound (GO:0007605),13/92,0.8699377068982254,0.9999963078360776,0,0,0.745948874550559,0.1039357951913421,TMC1;CLIC5;KCNE1;GRXCR2;SPNS2;MYO7B;PAX3;TMC2;TMIE;COL4A3;KIT;CDH23;ROR1,LumB,Suppressed
GO_Biological_Process_2023,Negative Regulation Of Epithelial Cell Migration (GO:0010633),4/33,0.8710070029561607,0.9999963078360776,0,0,0.6256034721757502,0.0863991314508284,PTPRM;SLIT2;ADAMTS9;DCN,LumB,Suppressed
GO_Biological_Process_2023,Positive Regulation Of Nitrogen Compound Metabolic Process (GO:0051173),4/33,0.8710070029561607,0.9999963078360776,0,0,0.6256034721757502,0.0863991314508284,SLCO1C1;CHRNA7;KLF4;KLF2,LumB,Suppressed
GO_Biological_Process_2023,Regulation Of Activated T Cell Proliferation (GO:0046006),4/33,0.8710070029561607,0.9999963078360776,0,0,0.6256034721757502,0.0863991314508284,PRNP;IGF2;IGF1;CLC,LumB,Suppressed
GO_Biological_Process_2023,Regulation Of Lamellipodium Assembly (GO:0010591),4/33,0.8710070029561607,0.9999963078360776,0,0,0.6256034721757502,0.0863991314508284,NRG1;PIK3R1;SLIT2;EPHA2,LumB,Suppressed
GO_Biological_Process_2023,Regulation Of Transforming Growth Factor Beta Receptor Signaling Pathway (GO:0017015),16/111,0.8712798481562221,0.9999963078360776,0,0,0.7633526096186224,0.1051839274341261,CDKN1C;TNXB;CITED1;CAV1;WFIKKN2;LTBP4;CIDEA;IL17RD;BMP2;ZEB2;PRDM16;SPRY2;PPARG;SPRY1;PPARA;FOLR1,LumB,Suppressed
GO_Biological_Process_2023,Monoatomic Cation Transmembrane Transport (GO:0098655),44/281,0.8718543127314311,0.9999963078360776,0,0,0.8406738279517234,0.1152840749422484,KCNE1;LRRC38;KCNA1;KCNC4;KCNA2;KCNA4;KCNA5;ATP1A2;KCNA6;SLC4A4;SLC6A2;NALCN;RYR3;SLC9C2;CACNA1G;TRPM1;SCN9A;CNGA1;SCN5A;KCNN4;SCN3B;TRPM6;TRPM3;KCNJ2;KCNH5;SLC36A2;SCARA5;KCNB1;KCNH8;SLC6A14;ABCC9;KCNK17;GRIN2B;SLC8A3;ATP4A;KCNS1;FXYD2;SLC9A9;SLC29A4;SCN4A;SCN2A;SCN4B;SCN2B;CNGB1,LumB,Suppressed
GO_Biological_Process_2023,Notch Signaling Pathway (GO:0007219),5/40,0.87212993280207,0.9999963078360776,0,0,0.647888439901751,0.0886420624094184,BMP2;NOTCH4;DTX1;SORBS2;DLL1,LumB,Suppressed
GO_Biological_Process_2023,Aortic Valve Development (GO:0003176),5/40,0.87212993280207,0.9999963078360776,0,0,0.647888439901751,0.0886420624094184,BMP2;ELN;TIE1;SLIT2;TGFBR2,LumB,Suppressed
GO_Biological_Process_2023,Negative Regulation Of Secretion By Cell (GO:1903531),5/40,0.87212993280207,0.9999963078360776,0,0,0.647888439901751,0.0886420624094184,ANXA1;LIF;STXBP6;DRD2;SNCA,LumB,Suppressed
GO_Biological_Process_2023,Regulation Of Glycolytic Process (GO:0006110),5/40,0.87212993280207,0.9999963078360776,0,0,0.647888439901751,0.0886420624094184,MLXIPL;ZBTB20;IGF1;PPARA;SLC4A4,LumB,Suppressed
GO_Biological_Process_2023,Fc Receptor Signaling Pathway (GO:0038093),3/26,0.8731396207527707,0.9999963078360776,0,0,0.5916562228863396,0.0802639671117728,MAPK10;PIGR;KIT,LumB,Suppressed
GO_Biological_Process_2023,Cellular Response To Xenobiotic Stimulus (GO:0071466),3/26,0.8731396207527707,0.9999963078360776,0,0,0.5916562228863396,0.0802639671117728,CRHBP;ADIPOQ;GPLD1,LumB,Suppressed
GO_Biological_Process_2023,Negative Regulation Of Insulin Receptor Signaling Pathway (GO:0046627),3/26,0.8731396207527707,0.9999963078360776,0,0,0.5916562228863396,0.0802639671117728,KANK1;PID1;TNS2,LumB,Suppressed
GO_Biological_Process_2023,Plasma Membrane Invagination (GO:0099024),3/26,0.8731396207527707,0.9999963078360776,0,0,0.5916562228863396,0.0802639671117728,MARCO;GSN;CD36,LumB,Suppressed
GO_Biological_Process_2023,Positive Regulation Of Microtubule Polymerization Or Depolymerization (GO:0031112),3/26,0.8731396207527707,0.9999963078360776,0,0,0.5916562228863396,0.0802639671117728,CAV3;ANKRD53;MET,LumB,Suppressed
GO_Biological_Process_2023,Positive Regulation Of Monooxygenase Activity (GO:0032770),3/26,0.8731396207527707,0.9999963078360776,0,0,0.5916562228863396,0.0802639671117728,FCER2;CDH3;NPR3,LumB,Suppressed
GO_Biological_Process_2023,Regulation Of Keratinocyte Differentiation (GO:0045616),3/26,0.8731396207527707,0.9999963078360776,0,0,0.5916562228863396,0.0802639671117728,FOXC1;ZFP36;HOXA7,LumB,Suppressed
GO_Biological_Process_2023,Regulation Of Neuron Apoptotic Process (GO:0043523),15/105,0.873645409729913,0.9999963078360776,0,0,0.7554226918798665,0.1020430224949132,PRKN;CNTFR;EGR1;PRNP;NTRK2;CITED1;KCNB1;FZD9;NDNF;NGF;NTF4;PTPRZ1;TRIM2;TYRO3;PPARGC1A,LumB,Suppressed
GO_Biological_Process_2023,Secondary Alcohol Metabolic Process (GO:1902652),6/47,0.8749300948033556,0.9999963078360776,0,0,0.6636311356178749,0.0886686104346435,CETP;CH25H;CYP11A1;LCAT;APOB;CES1,LumB,Suppressed
GO_Biological_Process_2023,Neuron Projection Guidance (GO:0097485),18/124,0.8758215269417602,0.9999963078360776,0,0,0.7695624090868513,0.1020385463134634,EPHB6;SEMA5A;ROBO3;ROBO4;SEMA3D;SEMA6D;SEMA3A;SEMA3G;NEXN;MYPN;KIAA1755;CXCL12;RELN;FEZ1;BOC;SLIT2;LGR6;EPHB1,LumB,Suppressed
GO_Biological_Process_2023,Peptidyl-Tyrosine Phosphorylation (GO:0018108),9/67,0.8766402018127815,0.9999963078360776,0,0,0.7035315629248119,0.0926260024261548,ALK;PDGFRA;EFEMP1;PKDCC;RELN;LEP;TEK;EGFR;DDR2,LumB,Suppressed
GO_Biological_Process_2023,Axon Guidance (GO:0007411),22/149,0.877780138164141,0.9999963078360776,0,0,0.7849092700135805,0.1023200886410088,EPHB6;SEMA5A;ROBO3;ROBO4;SEMA3D;SEMA6D;SEMA3A;SEMA3G;PTPRM;NEXN;MYPN;KIAA1755;CXCL12;RELN;NFIB;FEZ1;BOC;NCAM1;SLIT2;LGR6;EPHB1;PLXNA4,LumB,Suppressed
GO_Biological_Process_2023,Peptidyl-Tyrosine Modification (GO:0018212),7/54,0.8786207592331728,0.9999963078360776,0,0,0.6753370958981746,0.0873899169189049,PDGFRA;EFEMP1;PKDCC;RELN;TEK;EGFR;DDR2,LumB,Suppressed
GO_Biological_Process_2023,Regulation Of Myoblast Differentiation (GO:0045661),7/54,0.8786207592331728,0.9999963078360776,0,0,0.6753370958981746,0.0873899169189049,BOC;MYF6;DPF3;SOSTDC1;SMYD1;SOX8;DLL1,LumB,Suppressed
GO_Biological_Process_2023,Positive Regulation Of Cellular Component Biogenesis (GO:0044089),13/93,0.8794226896909961,0.9999963078360776,0,0,0.7365793496386882,0.0946428016458429,SYNPO2;NRG1;PRKCA;CX3CL1;CDH5;RGCC;HYAL1;TAL1;CLDN19;HAS3;SYNPO;TRABD2B;TRABD2A,LumB,Suppressed
GO_Biological_Process_2023,N-glycan Processing (GO:0006491),2/19,0.8821430226799151,0.9999963078360776,0,0,0.533698433654426,0.0669263593810713,ST8SIA1;ST8SIA2,LumB,Suppressed
GO_Biological_Process_2023,NADP Metabolic Process (GO:0006739),2/19,0.8821430226799151,0.9999963078360776,0,0,0.533698433654426,0.0669263593810713,KRT17;FMO2,LumB,Suppressed
GO_Biological_Process_2023,Atrioventricular Valve Morphogenesis (GO:0003181),2/19,0.8821430226799151,0.9999963078360776,0,0,0.533698433654426,0.0669263593810713,BMP2;TGFBR2,LumB,Suppressed
GO_Biological_Process_2023,Cardiac Ventricle Development (GO:0003231),2/19,0.8821430226799151,0.9999963078360776,0,0,0.533698433654426,0.0669263593810713,PDE2A;SCN5A,LumB,Suppressed
GO_Biological_Process_2023,Chondroitin Sulfate Proteoglycan Biosynthetic Process (GO:0050650),2/19,0.8821430226799151,0.9999963078360776,0,0,0.533698433654426,0.0669263593810713,CHST9;CHST3,LumB,Suppressed
GO_Biological_Process_2023,Ganglioside Metabolic Process (GO:0001573),2/19,0.8821430226799151,0.9999963078360776,0,0,0.533698433654426,0.0669263593810713,ST8SIA2;ST6GALNAC3,LumB,Suppressed
GO_Biological_Process_2023,Negative Regulation Of Cyclin-Dependent Protein Serine/Threonine Kinase Activity (GO:0045736),2/19,0.8821430226799151,0.9999963078360776,0,0,0.533698433654426,0.0669263593810713,CEBPA;MYOCD,LumB,Suppressed
GO_Biological_Process_2023,Negative Regulation Of Leukocyte Cell-Cell Adhesion (GO:1903038),2/19,0.8821430226799151,0.9999963078360776,0,0,0.533698433654426,0.0669263593810713,CTSG;PPARA,LumB,Suppressed
GO_Biological_Process_2023,Negative Regulation Of Peptidyl-Serine Phosphorylation (GO:0033137),2/19,0.8821430226799151,0.9999963078360776,0,0,0.533698433654426,0.0669263593810713,MLXIPL;DMD,LumB,Suppressed
GO_Biological_Process_2023,Phosphate Ion Transport (GO:0006817),2/19,0.8821430226799151,0.9999963078360776,0,0,0.533698433654426,0.0669263593810713,SLC34A2;SLC17A7,LumB,Suppressed
GO_Biological_Process_2023,Phosphatidylcholine Biosynthetic Process (GO:0006656),2/19,0.8821430226799151,0.9999963078360776,0,0,0.533698433654426,0.0669263593810713,PCYT1B;LCAT,LumB,Suppressed
GO_Biological_Process_2023,piRNA Processing (GO:0034587),2/19,0.8821430226799151,0.9999963078360776,0,0,0.533698433654426,0.0669263593810713,PIWIL4;ANKRD34C,LumB,Suppressed
GO_Biological_Process_2023,Positive Regulation Of Activated T Cell Proliferation (GO:0042104),2/19,0.8821430226799151,0.9999963078360776,0,0,0.533698433654426,0.0669263593810713,IGF2;IGF1,LumB,Suppressed
GO_Biological_Process_2023,Positive Regulation Of Axon Extension (GO:0045773),2/19,0.8821430226799151,0.9999963078360776,0,0,0.533698433654426,0.0669263593810713,SEMA5A;ISLR2,LumB,Suppressed
GO_Biological_Process_2023,Positive Regulation Of Mitochondrial Fission (GO:0090141),2/19,0.8821430226799151,0.9999963078360776,0,0,0.533698433654426,0.0669263593810713,PRKN;DCN,LumB,Suppressed
GO_Biological_Process_2023,Regulation Of B Cell Differentiation (GO:0045577),2/19,0.8821430226799151,0.9999963078360776,0,0,0.533698433654426,0.0669263593810713,SFRP1;ZFP36L2,LumB,Suppressed
GO_Biological_Process_2023,Regulation Of Behavior (GO:0050795),2/19,0.8821430226799151,0.9999963078360776,0,0,0.533698433654426,0.0669263593810713,RELN;LEPR,LumB,Suppressed
GO_Biological_Process_2023,Regulation Of Lymphocyte Differentiation (GO:0045619),2/19,0.8821430226799151,0.9999963078360776,0,0,0.533698433654426,0.0669263593810713,SPINK5;ZFP36L2,LumB,Suppressed
GO_Biological_Process_2023,Regulation Of Nuclear Division (GO:0051783),2/19,0.8821430226799151,0.9999963078360776,0,0,0.533698433654426,0.0669263593810713,CAV2;CCDC8,LumB,Suppressed
GO_Biological_Process_2023,Sphingosine Metabolic Process (GO:0006670),2/19,0.8821430226799151,0.9999963078360776,0,0,0.533698433654426,0.0669263593810713,PLPP3;PLPP1,LumB,Suppressed
GO_Biological_Process_2023,Vesicle Docking (GO:0048278),2/19,0.8821430226799151,0.9999963078360776,0,0,0.533698433654426,0.0669263593810713,STX19;STX11,LumB,Suppressed
GO_Biological_Process_2023,Response To Calcium Ion (GO:0051592),15/106,0.8823912069779973,0.9999963078360776,0,0,0.7470755051400213,0.0934739198477245,CPNE8;NLGN1;KCNIP2;CAV1;AKR1C3;SYT15;RASGRP2;SYT8;RYR3;CRHBP;KCNMB1;CASQ2;CAPN3;SCN5A;GPLD1,LumB,Suppressed
GO_Biological_Process_2023,Fatty Acid Catabolic Process (GO:0009062),8/61,0.8827745246385872,0.9999963078360776,0,0,0.6843772747029467,0.0853318970010461,ABCD2;GLYATL2;ACADL;ADIPOQ;HAO1;ADTRP;LPIN1;HAO2,LumB,Suppressed
GO_Biological_Process_2023,Regulation Of Insulin Secretion (GO:0050796),12/87,0.8829406546677796,0.9999963078360776,0,0,0.7252681300361211,0.0902939162730245,PRKN;SFRP1;IL6;KCNB1;NNAT;NR1H4;CCN3;FAM3D;ACSL4;KCNA5;DOC2B;FOXO1,LumB,Suppressed
GO_Biological_Process_2023,Negative Regulation Of Proteolysis (GO:0045861),5/41,0.8856382477890724,0.9999963078360776,0,0,0.629853022739878,0.0764935773700745,SERPINB3;PRNP;SERPINB4;GAS1;TIMP4,LumB,Suppressed
GO_Biological_Process_2023,Positive Regulation Of Response To Biotic Stimulus (GO:0002833),5/41,0.8856382477890724,0.9999963078360776,0,0,0.629853022739878,0.0764935773700745,NLRP10;MMRN2;EMILIN2;PRKCA;BMP6,LumB,Suppressed
GO_Biological_Process_2023,Embryonic Limb Morphogenesis (GO:0030326),4/34,0.8857596232114607,0.9999963078360776,0,0,0.6047130579428889,0.0733575419980909,CYP26B1;MYH3;PTCH1;NOG,LumB,Suppressed
GO_Biological_Process_2023,Regulation Of DNA Biosynthetic Process (GO:2000278),4/34,0.8857596232114607,0.9999963078360776,0,0,0.6047130579428889,0.0733575419980909,RGCC;ADIPOQ;PDGFA;FGF2,LumB,Suppressed
GO_Biological_Process_2023,Regulation Of Interleukin-17 Production (GO:0032660),4/34,0.8857596232114607,0.9999963078360776,0,0,0.6047130579428889,0.0733575419980909,PRNP;IL6;NR1H4;VSIR,LumB,Suppressed
GO_Biological_Process_2023,Smoothened Signaling Pathway (GO:0007224),4/34,0.8857596232114607,0.9999963078360776,0,0,0.6047130579428889,0.0733575419980909,EVC2;PTCHD1;PTCH1;GLI1,LumB,Suppressed
GO_Biological_Process_2023,Regulation Of Cell Adhesion (GO:0030155),21/144,0.8863881589898294,0.9999963078360776,0,0,0.773571574155853,0.0932929806382789,SEMA5A;TNXB;LAMA2;ANGPT1;DUSP1;LAMA1;TESC;PDE3B;PRKCA;C2CD4B;NRG1;DLL1;PKHD1;CXCL12;TNN;HYAL1;DACT2;SAA1;CDH13;PLXNA4;EPHA2,LumB,Suppressed
GO_Biological_Process_2023,Regulation Of DNA Binding (GO:0051101),6/48,0.8873239949375885,0.9999963078360776,0,0,0.6477907667921537,0.0774402073719479,PRKN;FOXC1;JUN;PPARG;IGF1;NGF,LumB,Suppressed
GO_Biological_Process_2023,Aspartate Family Amino Acid Catabolic Process (GO:0009068),1/11,0.8881879948610503,0.9999963078360776,0,0,0.4537119113573407,0.0537974618182053,ASPA,LumB,Suppressed
GO_Biological_Process_2023,Biogenic Amine Biosynthetic Process (GO:0042401),1/11,0.8881879948610503,0.9999963078360776,0,0,0.4537119113573407,0.0537974618182053,MOXD2P,LumB,Suppressed
GO_Biological_Process_2023,Brain Morphogenesis (GO:0048854),1/11,0.8881879948610503,0.9999963078360776,0,0,0.4537119113573407,0.0537974618182053,SHANK3,LumB,Suppressed
GO_Biological_Process_2023,Calcineurin-Mediated Signaling (GO:0097720),1/11,0.8881879948610503,0.9999963078360776,0,0,0.4537119113573407,0.0537974618182053,LACRT,LumB,Suppressed
GO_Biological_Process_2023,Cell Part Morphogenesis (GO:0032990),1/11,0.8881879948610503,0.9999963078360776,0,0,0.4537119113573407,0.0537974618182053,PID1,LumB,Suppressed
GO_Biological_Process_2023,Cellular Response To Superoxide (GO:0071451),1/11,0.8881879948610503,0.9999963078360776,0,0,0.4537119113573407,0.0537974618182053,SOD3,LumB,Suppressed
GO_Biological_Process_2023,Cellular Response To Thyroid Hormone Stimulus (GO:0097067),1/11,0.8881879948610503,0.9999963078360776,0,0,0.4537119113573407,0.0537974618182053,KLF9,LumB,Suppressed
GO_Biological_Process_2023,Central Nervous System Neuron Axonogenesis (GO:0021955),1/11,0.8881879948610503,0.9999963078360776,0,0,0.4537119113573407,0.0537974618182053,EPHB1,LumB,Suppressed
GO_Biological_Process_2023,Cochlea Morphogenesis (GO:0090103),1/11,0.8881879948610503,0.9999963078360776,0,0,0.4537119113573407,0.0537974618182053,TBX18,LumB,Suppressed
GO_Biological_Process_2023,Endoplasmic Reticulum Membrane Organization (GO:0090158),1/11,0.8881879948610503,0.9999963078360776,0,0,0.4537119113573407,0.0537974618182053,TRDN,LumB,Suppressed
GO_Biological_Process_2023,Erythrocyte Development (GO:0048821),1/11,0.8881879948610503,0.9999963078360776,0,0,0.4537119113573407,0.0537974618182053,ALAS2,LumB,Suppressed
GO_Biological_Process_2023,Ganglion Development (GO:0061548),1/11,0.8881879948610503,0.9999963078360776,0,0,0.4537119113573407,0.0537974618182053,SEMA3A,LumB,Suppressed
GO_Biological_Process_2023,Intracellular Copper Ion Homeostasis (GO:0006878),1/11,0.8881879948610503,0.9999963078360776,0,0,0.4537119113573407,0.0537974618182053,PRNP,LumB,Suppressed
GO_Biological_Process_2023,"Negative Regulation Of CD4-positive, Alpha-Beta T Cell Activation (GO:2000515)",1/11,0.8881879948610503,0.9999963078360776,0,0,0.4537119113573407,0.0537974618182053,VSIR,LumB,Suppressed
GO_Biological_Process_2023,Negative Regulation Of Amyloid Fibril Formation (GO:1905907),1/11,0.8881879948610503,0.9999963078360776,0,0,0.4537119113573407,0.0537974618182053,CRYAB,LumB,Suppressed
GO_Biological_Process_2023,Negative Regulation Of Cell Division (GO:0051782),1/11,0.8881879948610503,0.9999963078360776,0,0,0.4537119113573407,0.0537974618182053,TXNIP,LumB,Suppressed
GO_Biological_Process_2023,Negative Regulation Of Cyclase Activity (GO:0031280),1/11,0.8881879948610503,0.9999963078360776,0,0,0.4537119113573407,0.0537974618182053,EDNRB,LumB,Suppressed
GO_Biological_Process_2023,Neutrophil Activation Involved In Immune Response (GO:0002283),1/11,0.8881879948610503,0.9999963078360776,0,0,0.4537119113573407,0.0537974618182053,DNASE1L3,LumB,Suppressed
GO_Biological_Process_2023,Nucleoside Phosphate Biosynthetic Process (GO:1901293),1/11,0.8881879948610503,0.9999963078360776,0,0,0.4537119113573407,0.0537974618182053,AK5,LumB,Suppressed
GO_Biological_Process_2023,Nucleoside Phosphate Catabolic Process (GO:1901292),1/11,0.8881879948610503,0.9999963078360776,0,0,0.4537119113573407,0.0537974618182053,ENPP3,LumB,Suppressed
GO_Biological_Process_2023,Nucleotide-Binding Oligomerization Domain Containing Signaling Pathway (GO:0070423),1/11,0.8881879948610503,0.9999963078360776,0,0,0.4537119113573407,0.0537974618182053,MAP2K6,LumB,Suppressed
GO_Biological_Process_2023,Phosphatidylinositol-3-Phosphate Biosynthetic Process (GO:0036092),1/11,0.8881879948610503,0.9999963078360776,0,0,0.4537119113573407,0.0537974618182053,PIK3C2G,LumB,Suppressed
GO_Biological_Process_2023,Positive Regulation Of Circadian Rhythm (GO:0042753),1/11,0.8881879948610503,0.9999963078360776,0,0,0.4537119113573407,0.0537974618182053,NLGN1,LumB,Suppressed
GO_Biological_Process_2023,Positive Regulation Of Coagulation (GO:0050820),1/11,0.8881879948610503,0.9999963078360776,0,0,0.4537119113573407,0.0537974618182053,EMILIN2,LumB,Suppressed
GO_Biological_Process_2023,Positive Regulation Of Cytoplasmic Transport (GO:1903651),1/11,0.8881879948610503,0.9999963078360776,0,0,0.4537119113573407,0.0537974618182053,PRKN,LumB,Suppressed
GO_Biological_Process_2023,Positive Regulation Of Endoplasmic Reticulum Unfolded Protein Response (GO:1900103),1/11,0.8881879948610503,0.9999963078360776,0,0,0.4537119113573407,0.0537974618182053,PIK3R1,LumB,Suppressed
GO_Biological_Process_2023,Positive Regulation Of Hemostasis (GO:1900048),1/11,0.8881879948610503,0.9999963078360776,0,0,0.4537119113573407,0.0537974618182053,EMILIN2,LumB,Suppressed
GO_Biological_Process_2023,Positive Regulation Of Protein Exit From Endoplasmic Reticulum (GO:0070863),1/11,0.8881879948610503,0.9999963078360776,0,0,0.4537119113573407,0.0537974618182053,SLC51B,LumB,Suppressed
GO_Biological_Process_2023,Positive Regulation Of Protein Polyubiquitination (GO:1902916),1/11,0.8881879948610503,0.9999963078360776,0,0,0.4537119113573407,0.0537974618182053,PRKN,LumB,Suppressed
GO_Biological_Process_2023,Positive Regulation Of Triglyceride Biosynthetic Process (GO:0010867),1/11,0.8881879948610503,0.9999963078360776,0,0,0.4537119113573407,0.0537974618182053,GPLD1,LumB,Suppressed
GO_Biological_Process_2023,Presynapse Organization (GO:0099172),1/11,0.8881879948610503,0.9999963078360776,0,0,0.4537119113573407,0.0537974618182053,NLGN1,LumB,Suppressed
GO_Biological_Process_2023,Purine Ribonucleoside Monophosphate Biosynthetic Process (GO:0009168),1/11,0.8881879948610503,0.9999963078360776,0,0,0.4537119113573407,0.0537974618182053,AMPD1,LumB,Suppressed
GO_Biological_Process_2023,Purine Ribonucleoside Monophosphate Metabolic Process (GO:0009167),1/11,0.8881879948610503,0.9999963078360776,0,0,0.4537119113573407,0.0537974618182053,AMPD1,LumB,Suppressed
GO_Biological_Process_2023,Regulation Of T Cell Apoptotic Process (GO:0070232),1/11,0.8881879948610503,0.9999963078360776,0,0,0.4537119113573407,0.0537974618182053,PIP,LumB,Suppressed
GO_Biological_Process_2023,Regulation Of T Cell Mediated Immunity (GO:0002709),1/11,0.8881879948610503,0.9999963078360776,0,0,0.4537119113573407,0.0537974618182053,CLC,LumB,Suppressed
GO_Biological_Process_2023,Regulation Of T-helper 17 Cell Differentiation (GO:2000319),1/11,0.8881879948610503,0.9999963078360776,0,0,0.4537119113573407,0.0537974618182053,JUNB,LumB,Suppressed
GO_Biological_Process_2023,Regulation Of Adipose Tissue Development (GO:1904177),1/11,0.8881879948610503,0.9999963078360776,0,0,0.4537119113573407,0.0537974618182053,PPARG,LumB,Suppressed
GO_Biological_Process_2023,Regulation Of Glycogen Metabolic Process (GO:0070873),1/11,0.8881879948610503,0.9999963078360776,0,0,0.4537119113573407,0.0537974618182053,PPP1R3G,LumB,Suppressed
GO_Biological_Process_2023,Regulation Of Keratinocyte Migration (GO:0051547),1/11,0.8881879948610503,0.9999963078360776,0,0,0.4537119113573407,0.0537974618182053,FGF7,LumB,Suppressed
GO_Biological_Process_2023,Regulation Of Leukocyte Cell-Cell Adhesion (GO:1903037),1/11,0.8881879948610503,0.9999963078360776,0,0,0.4537119113573407,0.0537974618182053,PPARA,LumB,Suppressed
GO_Biological_Process_2023,Regulation Of Lipid Kinase Activity (GO:0043550),1/11,0.8881879948610503,0.9999963078360776,0,0,0.4537119113573407,0.0537974618182053,PIK3R1,LumB,Suppressed
GO_Biological_Process_2023,Regulation Of Microtubule-Based Movement (GO:0060632),1/11,0.8881879948610503,0.9999963078360776,0,0,0.4537119113573407,0.0537974618182053,MAP2,LumB,Suppressed
GO_Biological_Process_2023,Regulation Of Protein Exit From Endoplasmic Reticulum (GO:0070861),1/11,0.8881879948610503,0.9999963078360776,0,0,0.4537119113573407,0.0537974618182053,SLC51B,LumB,Suppressed
GO_Biological_Process_2023,Regulation Of Stress-Activated Protein Kinase Signaling Cascade (GO:0070302),1/11,0.8881879948610503,0.9999963078360776,0,0,0.4537119113573407,0.0537974618182053,GSTP1,LumB,Suppressed
GO_Biological_Process_2023,Regulation Of Type II Interferon-Mediated Signaling Pathway (GO:0060334),1/11,0.8881879948610503,0.9999963078360776,0,0,0.4537119113573407,0.0537974618182053,PPARG,LumB,Suppressed
GO_Biological_Process_2023,Regulation Of Ventricular Cardiac Muscle Cell Action Potential (GO:0098911),1/11,0.8881879948610503,0.9999963078360776,0,0,0.4537119113573407,0.0537974618182053,CAV1,LumB,Suppressed
GO_Biological_Process_2023,Response To Nitric Oxide (GO:0071731),1/11,0.8881879948610503,0.9999963078360776,0,0,0.4537119113573407,0.0537974618182053,FOXO1,LumB,Suppressed
GO_Biological_Process_2023,Skeletal Muscle Fiber Development (GO:0048741),1/11,0.8881879948610503,0.9999963078360776,0,0,0.4537119113573407,0.0537974618182053,CAV2,LumB,Suppressed
GO_Biological_Process_2023,Sulfate Transport (GO:0008272),1/11,0.8881879948610503,0.9999963078360776,0,0,0.4537119113573407,0.0537974618182053,SLC26A7,LumB,Suppressed
GO_Biological_Process_2023,Visual Learning (GO:0008542),1/11,0.8881879948610503,0.9999963078360776,0,0,0.4537119113573407,0.0537974618182053,DRD2,LumB,Suppressed
GO_Biological_Process_2023,Amino Acid Import Across Plasma Membrane (GO:0089718),3/27,0.8892149607800875,0.9999963078360776,0,0,0.5669692350332595,0.0665714139416869,SLC6A14;SLC6A2;SLC7A3,LumB,Suppressed
GO_Biological_Process_2023,Cellular Response To Acid Chemical (GO:0071229),3/27,0.8892149607800875,0.9999963078360776,0,0,0.5669692350332595,0.0665714139416869,CPEB1;SPAAR;KLF2,LumB,Suppressed
GO_Biological_Process_2023,Negative Regulation Of Cellular Response To Insulin Stimulus (GO:1900077),3/27,0.8892149607800875,0.9999963078360776,0,0,0.5669692350332595,0.0665714139416869,KANK1;PID1;TNS2,LumB,Suppressed
GO_Biological_Process_2023,Negative Regulation Of Neurogenesis (GO:0050768),3/27,0.8892149607800875,0.9999963078360776,0,0,0.5669692350332595,0.0665714139416869,IL6;LRP4;PTN,LumB,Suppressed
GO_Biological_Process_2023,Positive Regulation Of Cytosolic Calcium Ion Concentration Involved In Phospholipase C-activating G Protein-Coupled Signaling Pathway (GO:0051482),3/27,0.8892149607800875,0.9999963078360776,0,0,0.5669692350332595,0.0665714139416869,GPR17;GPR55;DRD2,LumB,Suppressed
GO_Biological_Process_2023,Positive Regulation Of Immune System Process (GO:0002684),3/27,0.8892149607800875,0.9999963078360776,0,0,0.5669692350332595,0.0665714139416869,HCAR2;C6;C7,LumB,Suppressed
GO_Biological_Process_2023,Positive Regulation Of Mitotic Cell Cycle (GO:0045931),3/27,0.8892149607800875,0.9999963078360776,0,0,0.5669692350332595,0.0665714139416869,TAL1;PRKCA;MEIS2,LumB,Suppressed
GO_Biological_Process_2023,Regulation Of Mitochondrial Fission (GO:0090140),3/27,0.8892149607800875,0.9999963078360776,0,0,0.5669692350332595,0.0665714139416869,PRKN;PPARG;DCN,LumB,Suppressed
GO_Biological_Process_2023,Regulation Of Peptidase Activity (GO:0052547),3/27,0.8892149607800875,0.9999963078360776,0,0,0.5669692350332595,0.0665714139416869,SERPINB3;SERPINB4;CAV1,LumB,Suppressed
GO_Biological_Process_2023,Nitrogen Compound Transport (GO:0071705),24/163,0.8895946469716118,0.9999963078360776,0,0,0.782201113934612,0.0915092177594238,CUBN;SLC22A3;EDN1;SLC36A2;SLC35F3;ARRDC3;SLC6A14;SLC7A14;HBB;NRG1;HBA1;SLC7A10;SLC6A2;AQP1;RHD;SLC7A3;SLC22A12;SLC19A3;TXNIP;SLC26A7;SLC29A4;RHCG;SLC13A5;ABCG2,LumB,Suppressed
GO_Biological_Process_2023,Neuron Migration (GO:0001764),7/55,0.890027557224254,0.9999963078360776,0,0,0.6612271087680355,0.0770348450240149,NTRK2;RELN;SEMA3A;DNER;DCX;NDNF;ASTN1,LumB,Suppressed
GO_Biological_Process_2023,Cell Junction Organization (GO:0034330),8/62,0.8933067452384726,0.9999963078360776,0,0,0.6716625034693311,0.0757804948271072,PKHD1;SLC8A3;CHRNA7;HMCN2;LRP4;PAK3;LIMS2;SNCA,LumB,Suppressed
GO_Biological_Process_2023,Regulation Of Cytoskeleton Organization (GO:0051493),16/114,0.8958284059760002,0.9999963078360776,0,0,0.7398484289404218,0.0813880589102017,PHLDB1;LRP1;ODAM;FAM107A;PDGFA;NEDD9;NEXN;NRG1;MID1;CORO2B;IQCJ-SCHIP1;CAPN6;DAAM2;PAK3;GPM6B;RAPGEF3,LumB,Suppressed
GO_Biological_Process_2023,Response To Molecule Of Bacterial Origin (GO:0002237),9/69,0.8968995239783693,0.9999963078360776,0,0,0.6799972237645753,0.0739914748013941,SELP;IL6;CITED1;SLPI;PELI1;NOS1;CXCL2;SELE;SNCA,LumB,Suppressed
GO_Biological_Process_2023,Cardiac Ventricle Morphogenesis (GO:0003208),5/42,0.897902520814601,0.9999963078360776,0,0,0.6127924929921602,0.0659939325745672,TGFBR3;MYL2;NPY2R;PROX1;TGFBR2,LumB,Suppressed
GO_Biological_Process_2023,Determination Of Heart Left/Right Asymmetry (GO:0061371),5/42,0.897902520814601,0.9999963078360776,0,0,0.6127924929921602,0.0659939325745672,SOX17;DLL1;FOLR1;CER1;TGFBR2,LumB,Suppressed
GO_Biological_Process_2023,Modulation By Host Of Symbiont Process (GO:0051851),5/42,0.897902520814601,0.9999963078360776,0,0,0.6127924929921602,0.0659939325745672,CX3CR1;JUN;PSG1;PIK3C2G;SPRR2A,LumB,Suppressed
GO_Biological_Process_2023,Regulation Of Neurotransmitter Receptor Activity (GO:0099601),5/42,0.897902520814601,0.9999963078360776,0,0,0.6127924929921602,0.0659939325745672,CRHBP;NLGN1;RELN;DLGAP2;BEGAIN,LumB,Suppressed
GO_Biological_Process_2023,Substantia Nigra Development (GO:0021762),5/42,0.897902520814601,0.9999963078360776,0,0,0.6127924929921602,0.0659939325745672,FGF9;PLP1;PADI2;SYPL2;NDRG2,LumB,Suppressed
GO_Biological_Process_2023,Endocytosis (GO:0006897),28/189,0.8983335348198302,0.9999963078360776,0,0,0.7876809571770074,0.0844503158815714,LRP1;EQTN;STAB2;ADRB2;CLEC9A;VLDLR;DPYSL2;DNER;MRC1;CD36;ELANE;CUBN;ANXA1;SCARA5;CAV3;ANXA3;CAV1;EHD2;MARCO;ADRB3;BIN1;RHOJ;TYRO3;PECAM1;RHOU;CD302;MET;FOLR1,LumB,Suppressed
GO_Biological_Process_2023,Regulation Of Response To External Stimulus (GO:0032101),18/127,0.8986054608077075,0.9999963078360776,0,0,0.7482439095386799,0.0799956582625451,P2RY12;PDGFRA;SPAAR;ANXA1;CMA1;CAV1;NRG1;PTGS2;SELE;CX3CL1;NLRP13;IL1RL2;ADGRA2;NMT2;NLRP1;CD36;GGT3P;MGLL,LumB,Suppressed
GO_Biological_Process_2023,Hexose Biosynthetic Process (GO:0019319),4/35,0.8990168259453615,0.9999963078360776,0,0,0.5851704123702121,0.0622934551091309,PFKFB1;KRT17;PCK1;PPARGC1A,LumB,Suppressed
GO_Biological_Process_2023,Macrophage Activation (GO:0042116),4/35,0.8990168259453615,0.9999963078360776,0,0,0.5851704123702121,0.0622934551091309,FCER2;IL13;CX3CL1;SNCA,LumB,Suppressed
GO_Biological_Process_2023,Negative Regulation Of Cell Cycle G1/S Phase Transition (GO:1902807),4/35,0.8990168259453615,0.9999963078360776,0,0,0.5851704123702121,0.0622934551091309,FHL1;FAM107A;KLF4;MYO16,LumB,Suppressed
GO_Biological_Process_2023,Positive Regulation Of Cell Development (GO:0010720),4/35,0.8990168259453615,0.9999963078360776,0,0,0.5851704123702121,0.0622934551091309,CX3CR1;MME;MYF6;PDE3A,LumB,Suppressed
GO_Biological_Process_2023,Regulation Of Axon Extension (GO:0030516),4/35,0.8990168259453615,0.9999963078360776,0,0,0.5851704123702121,0.0622934551091309,MAP2;SEMA3A;SEMA3G;ISLR2,LumB,Suppressed
GO_Biological_Process_2023,Regulation Of Regulated Secretory Pathway (GO:1903305),4/35,0.8990168259453615,0.9999963078360776,0,0,0.5851704123702121,0.0622934551091309,RIMS3;SYT15;DOC2B;SYT8,LumB,Suppressed
GO_Biological_Process_2023,Response To Nutrient Levels (GO:0031667),4/35,0.8990168259453615,0.9999963078360776,0,0,0.5851704123702121,0.0622934551091309,KCNB1;FAM107A;SCTR;PRKAG3,LumB,Suppressed
GO_Biological_Process_2023,T Cell Mediated Immunity (GO:0002456),2/20,0.8993340597580393,0.9999963078360776,0,0,0.5040177334441673,0.0534766459968269,CR1;C4BPA,LumB,Suppressed
GO_Biological_Process_2023,Actin Filament-Based Transport (GO:0099515),2/20,0.8993340597580393,0.9999963078360776,0,0,0.5040177334441673,0.0534766459968269,MYO7B;MYO1H,LumB,Suppressed
GO_Biological_Process_2023,Cellular Response To pH (GO:0071467),2/20,0.8993340597580393,0.9999963078360776,0,0,0.5040177334441673,0.0534766459968269,HYAL1;GPLD1,LumB,Suppressed
GO_Biological_Process_2023,Long-Term Synaptic Potentiation (GO:0060291),2/20,0.8993340597580393,0.9999963078360776,0,0,0.5040177334441673,0.0534766459968269,SLC8A3;GRIN2B,LumB,Suppressed
GO_Biological_Process_2023,Negative Regulation Of B Cell Activation (GO:0050869),2/20,0.8993340597580393,0.9999963078360776,0,0,0.5040177334441673,0.0534766459968269,SFRP1;BANK1,LumB,Suppressed
GO_Biological_Process_2023,Negative Regulation Of Phosphoprotein Phosphatase Activity (GO:0032515),2/20,0.8993340597580393,0.9999963078360776,0,0,0.5040177334441673,0.0534766459968269,PPP1R15A;PPP1R1B,LumB,Suppressed
GO_Biological_Process_2023,Negative Regulation Of Protein Localization To Cell Periphery (GO:1904376),2/20,0.8993340597580393,0.9999963078360776,0,0,0.5040177334441673,0.0534766459968269,PID1;MRAP2,LumB,Suppressed
GO_Biological_Process_2023,Negative Regulation Of Reproductive Process (GO:2000242),2/20,0.8993340597580393,0.9999963078360776,0,0,0.5040177334441673,0.0534766459968269,DUSP1;IGF1,LumB,Suppressed
GO_Biological_Process_2023,Nuclear-Transcribed mRNA poly(A) Tail Shortening (GO:0000289),2/20,0.8993340597580393,0.9999963078360776,0,0,0.5040177334441673,0.0534766459968269,ZFP36;SAMD4A,LumB,Suppressed
GO_Biological_Process_2023,Phosphatidylglycerol Metabolic Process (GO:0046471),2/20,0.8993340597580393,0.9999963078360776,0,0,0.5040177334441673,0.0534766459968269,GPAM;PLA2G4A,LumB,Suppressed
GO_Biological_Process_2023,Positive Regulation Of Lipid Storage (GO:0010884),2/20,0.8993340597580393,0.9999963078360776,0,0,0.5040177334441673,0.0534766459968269,C3;CIDEA,LumB,Suppressed
GO_Biological_Process_2023,Regulation Of Calcium Ion Import (GO:0090279),2/20,0.8993340597580393,0.9999963078360776,0,0,0.5040177334441673,0.0534766459968269,CXCL12;PLN,LumB,Suppressed
GO_Biological_Process_2023,Regulation Of Macrophage Chemotaxis (GO:0010758),2/20,0.8993340597580393,0.9999963078360776,0,0,0.5040177334441673,0.0534766459968269,IL34;RARRES2,LumB,Suppressed
GO_Biological_Process_2023,Regulation Of Meiotic Cell Cycle (GO:0051445),2/20,0.8993340597580393,0.9999963078360776,0,0,0.5040177334441673,0.0534766459968269,DUSP1;SPATA22,LumB,Suppressed
GO_Biological_Process_2023,Regulation Of Toll-Like Receptor Signaling Pathway (GO:0034121),2/20,0.8993340597580393,0.9999963078360776,0,0,0.5040177334441673,0.0534766459968269,TYRO3;CD36,LumB,Suppressed
GO_Biological_Process_2023,Response To ATP (GO:0033198),2/20,0.8993340597580393,0.9999963078360776,0,0,0.5040177334441673,0.0534766459968269,P2RY12;RYR3,LumB,Suppressed
GO_Biological_Process_2023,Stress-Activated Protein Kinase Signaling Cascade (GO:0031098),2/20,0.8993340597580393,0.9999963078360776,0,0,0.5040177334441673,0.0534766459968269,NLRP1;MAP2K6,LumB,Suppressed
GO_Biological_Process_2023,Neuron Projection Morphogenesis (GO:0048812),21/146,0.900037155012707,0.9999963078360776,0,0,0.7611008356545961,0.0801585563704861,NLGN1;NRN1;NYAP1;LRP4;SLC39A12;NGF;S100B;KLK8;MYO16;NTF4;SLITRK2;TNN;MAP2;SLITRK3;TUNAR;DRD2;SGK1;PAK3;EPHB1;SHANK3;GAS7,LumB,Suppressed
GO_Biological_Process_2023,Positive Regulation Of Cellular Metabolic Process (GO:0031325),7/56,0.9005175407769213,0.9999963078360776,0,0,0.647693039479943,0.0678689268320087,SLCO1C1;ACE2;PID1;AKR1C1;ADIPOQ;AKR1C3;TGFBR2,LumB,Suppressed
GO_Biological_Process_2023,Wnt Signaling Pathway (GO:0016055),10/76,0.9006443366755323,0.9999963078360776,0,0,0.6868041705586831,0.0718705140323647,WNT6;SFRP1;TCF7L1;WNT11;FZD4;SFRP5;FZD7;FZD9;FERMT2;WLS,LumB,Suppressed
GO_Biological_Process_2023,Heart Development (GO:0007507),25/171,0.9011071112985948,0.9999963078360776,0,0,0.7756094859002667,0.0807651061470419,FOXC2;FOXC1;CCM2L;PCSK5;PDLIM3;SOX17;FLRT2;GPC3;UTY;PDLIM4;CER1;SGCG;MYOCD;NTRK3;SGCZ;BMP5;TGFBR2;TGFBR3;BMP2;MYL7;MYL2;HAND2;ALPK3;TEK;TDGF1,LumB,Suppressed
GO_Biological_Process_2023,Glycosaminoglycan Metabolic Process (GO:0030203),3/28,0.9034400968376508,0.9999963078360776,0,0,0.5442572062084258,0.0552668551001276,CHST9;HYAL1;HAS1,LumB,Suppressed
GO_Biological_Process_2023,Hematopoietic Progenitor Cell Differentiation (GO:0002244),3/28,0.9034400968376508,0.9999963078360776,0,0,0.5442572062084258,0.0552668551001276,SFRP1;KIT;MEOX1,LumB,Suppressed
GO_Biological_Process_2023,Membrane Fusion (GO:0061025),3/28,0.9034400968376508,0.9999963078360776,0,0,0.5442572062084258,0.0552668551001276,DPP4;MYMX;STX11,LumB,Suppressed
GO_Biological_Process_2023,Negative Regulation Of Cation Channel Activity (GO:2001258),3/28,0.9034400968376508,0.9999963078360776,0,0,0.5442572062084258,0.0552668551001276,CASQ2;KCNAB1;TRDN,LumB,Suppressed
GO_Biological_Process_2023,Regulation Of Glucose Metabolic Process (GO:0010906),3/28,0.9034400968376508,0.9999963078360776,0,0,0.5442572062084258,0.0552668551001276,PRKN;PDK4;GPLD1,LumB,Suppressed
GO_Biological_Process_2023,Response To Lipopolysaccharide (GO:0032496),23/159,0.9034758872631268,0.9999963078360776,0,0,0.7660727752639518,0.0777608739212164,CX3CR1;CXCL6;CITED1;GSTP1;CXCL1;PPBP;CXCL3;SELE;CXCL2;CXCL5;SELP;ZFP36;IL6;IL36A;SLPI;PELI1;SIRPA;CTSG;NOS1;VIM;PF4V1;SNCA;PF4,LumB,Suppressed
GO_Biological_Process_2023,Cell-Matrix Adhesion (GO:0007160),15/109,0.9057512761609136,0.9999963078360776,0,0,0.7230995432276998,0.0715800144408283,COL17A1;ECM2;CCL21;SORBS1;THSD1;LYVE1;FBLN5;FERMT1;TNN;ITGA10;ITGA7;ADAMTS9;CD34;FERMT2;ITGA9,LumB,Suppressed
GO_Biological_Process_2023,Regulation Of Cellular Biosynthetic Process (GO:0031326),9/70,0.9059389834535057,0.9999963078360776,0,0,0.6688087674424955,0.0660671520906224,CX3CR1;C3;PDK4;NR1H4;FFAR3;SIRPA;PDGFA;CYP7A1;CES1,LumB,Suppressed
GO_Biological_Process_2023,Generation Of Neurons (GO:0048699),25/172,0.9069325882976405,0.9999963078360776,0,0,0.7702858053427729,0.0752470292047732,SEMA3A;LRP4;NDNF;RNF112;WNT6;RELN;WNT11;DNER;IRX1;NTRK2;EMX2;FZD4;IRX6;FZD7;EN1;ACSL4;LMX1A;TAFA3;NOVA2;TAFA1;DCX;LHX6;MET;ASTN1;ADGRL3,LumB,Suppressed
GO_Biological_Process_2023,C-terminal Protein Amino Acid Modification (GO:0018410),1/12,0.9083864618525278,0.9999963078360776,0,0,0.4124401913875598,0.0396294692793002,GPLD1,LumB,Suppressed
GO_Biological_Process_2023,C4-dicarboxylate Transport (GO:0015740),1/12,0.9083864618525278,0.9999963078360776,0,0,0.4124401913875598,0.0396294692793002,SLC13A5,LumB,Suppressed
GO_Biological_Process_2023,G Protein-Coupled Glutamate Receptor Signaling Pathway (GO:0007216),1/12,0.9083864618525278,0.9999963078360776,0,0,0.4124401913875598,0.0396294692793002,TRPM1,LumB,Suppressed
GO_Biological_Process_2023,NADPH Regeneration (GO:0006740),1/12,0.9083864618525278,0.9999963078360776,0,0,0.4124401913875598,0.0396294692793002,DDR2,LumB,Suppressed
GO_Biological_Process_2023,Aspartate Family Amino Acid Metabolic Process (GO:0009066),1/12,0.9083864618525278,0.9999963078360776,0,0,0.4124401913875598,0.0396294692793002,NAT8L,LumB,Suppressed
GO_Biological_Process_2023,Astrocyte Activation (GO:0048143),1/12,0.9083864618525278,0.9999963078360776,0,0,0.4124401913875598,0.0396294692793002,LRP1,LumB,Suppressed
GO_Biological_Process_2023,Axonal Transport Of Mitochondrion (GO:0019896),1/12,0.9083864618525278,0.9999963078360776,0,0,0.4124401913875598,0.0396294692793002,MGARP,LumB,Suppressed
GO_Biological_Process_2023,Calcium Ion Import (GO:0070509),1/12,0.9083864618525278,0.9999963078360776,0,0,0.4124401913875598,0.0396294692793002,CACNA1G,LumB,Suppressed
GO_Biological_Process_2023,Cardiolipin Metabolic Process (GO:0032048),1/12,0.9083864618525278,0.9999963078360776,0,0,0.4124401913875598,0.0396294692793002,PLA2G5,LumB,Suppressed
GO_Biological_Process_2023,Cellular Component Maintenance (GO:0043954),1/12,0.9083864618525278,0.9999963078360776,0,0,0.4124401913875598,0.0396294692793002,PRNP,LumB,Suppressed
GO_Biological_Process_2023,Endochondral Bone Morphogenesis (GO:0060350),1/12,0.9083864618525278,0.9999963078360776,0,0,0.4124401913875598,0.0396294692793002,FOXC1,LumB,Suppressed
GO_Biological_Process_2023,Eye Photoreceptor Cell Differentiation (GO:0001754),1/12,0.9083864618525278,0.9999963078360776,0,0,0.4124401913875598,0.0396294692793002,PROM1,LumB,Suppressed
GO_Biological_Process_2023,Fatty Acid Elongation (GO:0030497),1/12,0.9083864618525278,0.9999963078360776,0,0,0.4124401913875598,0.0396294692793002,ELOVL3,LumB,Suppressed
GO_Biological_Process_2023,Fibrinolysis (GO:0042730),1/12,0.9083864618525278,0.9999963078360776,0,0,0.4124401913875598,0.0396294692793002,SERPINF2,LumB,Suppressed
GO_Biological_Process_2023,Folic Acid Metabolic Process (GO:0046655),1/12,0.9083864618525278,0.9999963078360776,0,0,0.4124401913875598,0.0396294692793002,PM20D2,LumB,Suppressed
GO_Biological_Process_2023,Ionotropic Glutamate Receptor Signaling Pathway (GO:0035235),1/12,0.9083864618525278,0.9999963078360776,0,0,0.4124401913875598,0.0396294692793002,GRIN2B,LumB,Suppressed
GO_Biological_Process_2023,Mesoderm Morphogenesis (GO:0048332),1/12,0.9083864618525278,0.9999963078360776,0,0,0.4124401913875598,0.0396294692793002,CRB2,LumB,Suppressed
GO_Biological_Process_2023,Negative Regulation By Host Of Viral Process (GO:0044793),1/12,0.9083864618525278,0.9999963078360776,0,0,0.4124401913875598,0.0396294692793002,PRKN,LumB,Suppressed
GO_Biological_Process_2023,Negative Regulation By Host Of Viral Transcription (GO:0043922),1/12,0.9083864618525278,0.9999963078360776,0,0,0.4124401913875598,0.0396294692793002,JUN,LumB,Suppressed
GO_Biological_Process_2023,Negative Regulation Of Hippo Signaling (GO:0035331),1/12,0.9083864618525278,0.9999963078360776,0,0,0.4124401913875598,0.0396294692793002,WTIP,LumB,Suppressed
GO_Biological_Process_2023,Negative Regulation Of Mitochondrial Membrane Permeability (GO:0035795),1/12,0.9083864618525278,0.9999963078360776,0,0,0.4124401913875598,0.0396294692793002,FZD9,LumB,Suppressed
GO_Biological_Process_2023,Negative Regulation Of Substrate Adhesion-Dependent Cell Spreading (GO:1900025),1/12,0.9083864618525278,0.9999963078360776,0,0,0.4124401913875598,0.0396294692793002,KANK1,LumB,Suppressed
GO_Biological_Process_2023,Nucleotide Metabolic Process (GO:0009117),1/12,0.9083864618525278,0.9999963078360776,0,0,0.4124401913875598,0.0396294692793002,ENPP3,LumB,Suppressed
GO_Biological_Process_2023,Phosphate Ion Homeostasis (GO:0055062),1/12,0.9083864618525278,0.9999963078360776,0,0,0.4124401913875598,0.0396294692793002,SLC34A2,LumB,Suppressed
GO_Biological_Process_2023,Phosphatidylcholine Acyl-Chain Remodeling (GO:0036151),1/12,0.9083864618525278,0.9999963078360776,0,0,0.4124401913875598,0.0396294692793002,PLA2G4A,LumB,Suppressed
GO_Biological_Process_2023,Porphyrin-Containing Compound Catabolic Process (GO:0006787),1/12,0.9083864618525278,0.9999963078360776,0,0,0.4124401913875598,0.0396294692793002,SLCO1B3,LumB,Suppressed
GO_Biological_Process_2023,Positive Regulation By Symbiont Of Entry Into Host (GO:0075294),1/12,0.9083864618525278,0.9999963078360776,0,0,0.4124401913875598,0.0396294692793002,TMPRSS2,LumB,Suppressed
GO_Biological_Process_2023,"Positive Regulation Of CD4-positive, Alpha-Beta T Cell Activation (GO:2000516)",1/12,0.9083864618525278,0.9999963078360776,0,0,0.4124401913875598,0.0396294692793002,TGFBR2,LumB,Suppressed
GO_Biological_Process_2023,Positive Regulation Of ERAD Pathway (GO:1904294),1/12,0.9083864618525278,0.9999963078360776,0,0,0.4124401913875598,0.0396294692793002,CAV1,LumB,Suppressed
GO_Biological_Process_2023,Positive Regulation Of T Cell Chemotaxis (GO:0010820),1/12,0.9083864618525278,0.9999963078360776,0,0,0.4124401913875598,0.0396294692793002,CCL21,LumB,Suppressed
GO_Biological_Process_2023,Positive Regulation Of T-helper 1 Type Immune Response (GO:0002827),1/12,0.9083864618525278,0.9999963078360776,0,0,0.4124401913875598,0.0396294692793002,NLRP10,LumB,Suppressed
GO_Biological_Process_2023,Positive Regulation Of Cell Morphogenesis Involved In Differentiation (GO:0010770),1/12,0.9083864618525278,0.9999963078360776,0,0,0.4124401913875598,0.0396294692793002,CUX2,LumB,Suppressed
GO_Biological_Process_2023,Positive Regulation Of Neuron Migration (GO:2001224),1/12,0.9083864618525278,0.9999963078360776,0,0,0.4124401913875598,0.0396294692793002,SEMA3A,LumB,Suppressed
GO_Biological_Process_2023,Positive Regulation Of Nuclear-Transcribed mRNA poly(A) Tail Shortening (GO:0060213),1/12,0.9083864618525278,0.9999963078360776,0,0,0.4124401913875598,0.0396294692793002,ZFP36,LumB,Suppressed
GO_Biological_Process_2023,Positive Regulation Of Protein Export From Nucleus (GO:0046827),1/12,0.9083864618525278,0.9999963078360776,0,0,0.4124401913875598,0.0396294692793002,RAPGEF3,LumB,Suppressed
GO_Biological_Process_2023,Positive Regulation Of Viral Entry Into Host Cell (GO:0046598),1/12,0.9083864618525278,0.9999963078360776,0,0,0.4124401913875598,0.0396294692793002,TMPRSS2,LumB,Suppressed
GO_Biological_Process_2023,Protein Heterotetramerization (GO:0051290),1/12,0.9083864618525278,0.9999963078360776,0,0,0.4124401913875598,0.0396294692793002,GRIN2B,LumB,Suppressed
GO_Biological_Process_2023,Quaternary Ammonium Group Transport (GO:0015697),1/12,0.9083864618525278,0.9999963078360776,0,0,0.4124401913875598,0.0396294692793002,SLC22A3,LumB,Suppressed
GO_Biological_Process_2023,Regulation Of SNARE Complex Assembly (GO:0035542),1/12,0.9083864618525278,0.9999963078360776,0,0,0.4124401913875598,0.0396294692793002,SNCA,LumB,Suppressed
GO_Biological_Process_2023,Regulation Of Acrosome Reaction (GO:0060046),1/12,0.9083864618525278,0.9999963078360776,0,0,0.4124401913875598,0.0396294692793002,ZP2,LumB,Suppressed
GO_Biological_Process_2023,Regulation Of Actomyosin Structure Organization (GO:0110020),1/12,0.9083864618525278,0.9999963078360776,0,0,0.4124401913875598,0.0396294692793002,PTGER4,LumB,Suppressed
GO_Biological_Process_2023,Regulation Of Chemokine (C-X-C Motif) Ligand 2 Production (GO:2000341),1/12,0.9083864618525278,0.9999963078360776,0,0,0.4124401913875598,0.0396294692793002,KLF4,LumB,Suppressed
GO_Biological_Process_2023,Regulation Of Interleukin-5 Production (GO:0032674),1/12,0.9083864618525278,0.9999963078360776,0,0,0.4124401913875598,0.0396294692793002,TSLP,LumB,Suppressed
GO_Biological_Process_2023,Regulation Of Leukocyte Adhesion To Vascular Endothelial Cell (GO:1904994),1/12,0.9083864618525278,0.9999963078360776,0,0,0.4124401913875598,0.0396294692793002,IL6,LumB,Suppressed
GO_Biological_Process_2023,Regulation Of Transcription From RNA Polymerase II Promoter In Response To Stress (GO:0043618),1/12,0.9083864618525278,0.9999963078360776,0,0,0.4124401913875598,0.0396294692793002,KLF2,LumB,Suppressed
GO_Biological_Process_2023,Response To Thyroid Hormone (GO:0097066),1/12,0.9083864618525278,0.9999963078360776,0,0,0.4124401913875598,0.0396294692793002,KLF9,LumB,Suppressed
GO_Biological_Process_2023,Sphingomyelin Metabolic Process (GO:0006684),1/12,0.9083864618525278,0.9999963078360776,0,0,0.4124401913875598,0.0396294692793002,ABCA8,LumB,Suppressed
GO_Biological_Process_2023,Very Long-Chain Fatty Acid Biosynthetic Process (GO:0042761),1/12,0.9083864618525278,0.9999963078360776,0,0,0.4124401913875598,0.0396294692793002,ELOVL3,LumB,Suppressed
GO_Biological_Process_2023,Positive Regulation Of Cell Division (GO:0051781),5/43,0.9090086108074156,0.9999963078360776,0,0,0.5966298858627433,0.0569189159201876,MRGPRX2;TAL1;FGF1;DRD2;CDC14B,LumB,Suppressed
GO_Biological_Process_2023,Negative Regulation Of Transforming Growth Factor Beta Receptor Signaling Pathway (GO:0030512),10/77,0.9090626113699076,0.9999963078360776,0,0,0.6765119141863578,0.0644995306285617,BMP2;CAV1;WFIKKN2;PRDM16;CIDEA;SPRY2;PPARG;SPRY1;IL17RD;PPARA,LumB,Suppressed
GO_Biological_Process_2023,Regulation Of Calcium Ion Transport (GO:0051924),7/57,0.9101432439357952,0.9999963078360776,0,0,0.634700332963374,0.0597591187625825,GRAMD2A;PLN;CAV3;CACNA2D1;ANK2;NOS1;MYLK,LumB,Suppressed
GO_Biological_Process_2023,Negative Regulation Of T Cell Proliferation (GO:0042130),4/36,0.9108972149300504,0.9999963078360776,0,0,0.5668491821458276,0.0529013216424801,PRNP;CR1;PLA2G2A;PLA2G5,LumB,Suppressed
GO_Biological_Process_2023,Regulation Of Receptor Internalization (GO:0002090),4/36,0.9108972149300504,0.9999963078360776,0,0,0.5668491821458276,0.0529013216424801,CCL14;ANGPT1;RSPO1;SELE,LumB,Suppressed
GO_Biological_Process_2023,Substrate Adhesion-Dependent Cell Spreading (GO:0034446),4/36,0.9108972149300504,0.9999963078360776,0,0,0.5668491821458276,0.0529013216424801,TYRO3;PIK3R1;TEK;FERMT2,LumB,Suppressed
GO_Biological_Process_2023,Regulation Of Interleukin-1 Beta Production (GO:0032651),11/84,0.9122942866403204,0.9999963078360776,0,0,0.6829375951293759,0.0626886572682943,CX3CR1;EGR1;IL6;GSTP1;FFAR4;SIRPA;CARD18;CD36;NLRP1;IGF1;CX3CL1,LumB,Suppressed
GO_Biological_Process_2023,Aminoglycan Biosynthetic Process (GO:0006023),2/21,0.9141612186232688,0.9999963078360776,0,0,0.4774613174665675,0.0428513583134918,HAS1;B3GNT3,LumB,Suppressed
GO_Biological_Process_2023,Innate Immune Response In Mucosa (GO:0002227),2/21,0.9141612186232688,0.9999963078360776,0,0,0.4774613174665675,0.0428513583134918,DEFB1;RNASE3,LumB,Suppressed
GO_Biological_Process_2023,Macrophage Differentiation (GO:0030225),2/21,0.9141612186232688,0.9999963078360776,0,0,0.4774613174665675,0.0428513583134918,IL33;LIF,LumB,Suppressed
GO_Biological_Process_2023,Mitochondrial Calcium Ion Homeostasis (GO:0051560),2/21,0.9141612186232688,0.9999963078360776,0,0,0.4774613174665675,0.0428513583134918,SLC8A3;MICU3,LumB,Suppressed
GO_Biological_Process_2023,Negative Regulation Of Osteoclast Differentiation (GO:0045671),2/21,0.9141612186232688,0.9999963078360776,0,0,0.4774613174665675,0.0428513583134918,TMEM178A;GPR55,LumB,Suppressed
GO_Biological_Process_2023,Negative Regulation Of Tumor Necrosis Factor-Mediated Signaling Pathway (GO:0010804),2/21,0.9141612186232688,0.9999963078360776,0,0,0.4774613174665675,0.0428513583134918,GSTP1;CCDC3,LumB,Suppressed
GO_Biological_Process_2023,Positive Regulation Of Amyloid Precursor Protein Catabolic Process (GO:1902993),2/21,0.9141612186232688,0.9999963078360776,0,0,0.4774613174665675,0.0428513583134918,CHRNA7;PSG1,LumB,Suppressed
GO_Biological_Process_2023,Positive Regulation Of Signal Transduction By P53 Class Mediator (GO:1901798),2/21,0.9141612186232688,0.9999963078360776,0,0,0.4774613174665675,0.0428513583134918,PLA2R1;HIC1,LumB,Suppressed
GO_Biological_Process_2023,Positive Regulation Of Smoothened Signaling Pathway (GO:0045880),2/21,0.9141612186232688,0.9999963078360776,0,0,0.4774613174665675,0.0428513583134918,SFRP1;GLI1,LumB,Suppressed
GO_Biological_Process_2023,Regulation Of Anoikis (GO:2000209),2/21,0.9141612186232688,0.9999963078360776,0,0,0.4774613174665675,0.0428513583134918,CAV1;PDK4,LumB,Suppressed
GO_Biological_Process_2023,Regulation Of Cardiac Conduction (GO:1903779),2/21,0.9141612186232688,0.9999963078360776,0,0,0.4774613174665675,0.0428513583134918,SLC8A3;ANK2,LumB,Suppressed
GO_Biological_Process_2023,Regulation Of Dendritic Spine Development (GO:0060998),2/21,0.9141612186232688,0.9999963078360776,0,0,0.4774613174665675,0.0428513583134918,NLGN1;SHANK3,LumB,Suppressed
GO_Biological_Process_2023,Regulation Of Neurotransmitter Transport (GO:0051588),2/21,0.9141612186232688,0.9999963078360776,0,0,0.4774613174665675,0.0428513583134918,SNCAIP;MCTP2,LumB,Suppressed
GO_Biological_Process_2023,Negative Regulation Of Protein Binding (GO:0032091),9/71,0.9143002942319066,0.9999963078360776,0,0,0.6579812290662893,0.0589526256918967,ADRB3;SLPI;MAP2;CFHR1;CAV1;ADIPOQ;CARD18;ADRB2;NES,LumB,Suppressed
GO_Biological_Process_2023,Synapse Assembly (GO:0007416),9/71,0.9143002942319066,0.9999963078360776,0,0,0.6579812290662893,0.0589526256918967,NPAS4;GABRA2;NLGN1;ADGRF1;DNER;DRD2;CBLN4;SHANK3;ADGRL3,LumB,Suppressed
GO_Biological_Process_2023,Positive Regulation Of Inflammatory Response (GO:0050729),14/104,0.9155687141245776,0.9999963078360776,0,0,0.7048651654156242,0.0621760584727582,PTGER4;CEBPA;IL33;TSLP;PDE2A;PLA2G2A;C2CD4B;CX3CL1;IL6;GPRC5B;NLRP10;S100A12;NLRP1;SNCA,LumB,Suppressed
GO_Biological_Process_2023,Heterotypic Cell-Cell Adhesion (GO:0034113),3/29,0.9159919775164292,0.9999963078360776,0,0,0.5232922565239638,0.0459176775557265,ITGA7;CD200;JAM3,LumB,Suppressed
GO_Biological_Process_2023,Lipid Droplet Organization (GO:0034389),3/29,0.9159919775164292,0.9999963078360776,0,0,0.5232922565239638,0.0459176775557265,CIDEA;CIDEC;PNPLA2,LumB,Suppressed
GO_Biological_Process_2023,mRNA Splice Site Recognition (GO:0006376),3/29,0.9159919775164292,0.9999963078360776,0,0,0.5232922565239638,0.0459176775557265,NR5A1;CELF2;SRSF12,LumB,Suppressed
GO_Biological_Process_2023,Positive Regulation Of Calcium Ion Transport (GO:0051928),3/29,0.9159919775164292,0.9999963078360776,0,0,0.5232922565239638,0.0459176775557265,CXCL12;STRIT1;MYLK,LumB,Suppressed
GO_Biological_Process_2023,Positive Regulation Of Dephosphorylation (GO:0035306),3/29,0.9159919775164292,0.9999963078360776,0,0,0.5232922565239638,0.0459176775557265,PPP1R16B;CDH5;BMP2,LumB,Suppressed
GO_Biological_Process_2023,Positive Regulation Of Microtubule Polymerization (GO:0031116),3/29,0.9159919775164292,0.9999963078360776,0,0,0.5232922565239638,0.0459176775557265,CAV3;ANKRD53;MET,LumB,Suppressed
GO_Biological_Process_2023,Regulation Of Establishment Of Planar Polarity (GO:0090175),3/29,0.9159919775164292,0.9999963078360776,0,0,0.5232922565239638,0.0459176775557265,PKHD1;WNT11;FZD7,LumB,Suppressed
GO_Biological_Process_2023,Regulation Of Monoatomic Ion Transmembrane Transport (GO:0034765),3/29,0.9159919775164292,0.9999963078360776,0,0,0.5232922565239638,0.0459176775557265,KCNJ16;GRIN2B;KCNJ2,LumB,Suppressed
GO_Biological_Process_2023,Regulation Of Protein Modification By Small Protein Conjugation Or Removal (GO:1903320),3/29,0.9159919775164292,0.9999963078360776,0,0,0.5232922565239638,0.0459176775557265,PRKN;EGR1;EPAS1,LumB,Suppressed
GO_Biological_Process_2023,Regulation Of Voltage-Gated Calcium Channel Activity (GO:1901385),3/29,0.9159919775164292,0.9999963078360776,0,0,0.5232922565239638,0.0459176775557265,STAC;STAC2;DMD,LumB,Suppressed
GO_Biological_Process_2023,Inorganic Cation Transmembrane Transport (GO:0098662),43/284,0.9160798333374944,0.9999963078360776,0,0,0.8075051634631487,0.0707792518609236,KCNE1;LRRC38;KCNA1;KCNC4;KCNA2;KCNA4;KCNA5;ATP1A2;KCNA6;SLC4A4;SLC6A2;NALCN;RYR3;SLC9C2;AQP1;RHD;CACNA1G;TRPM1;SCN9A;SCN5A;KCNN4;SCN3B;TRPM6;TRPM3;KCNJ2;KCNH5;SLC36A2;SCARA5;KCNB1;KCNH8;SLC6A14;ABCC9;KCNK17;SLC8A3;ATP4A;KCNS1;FXYD2;SLC9A9;SCN4A;SCN2A;RHCG;SCN4B;SCN2B,LumB,Suppressed
GO_Biological_Process_2023,Positive Regulation Of Response To External Stimulus (GO:0032103),22/155,0.916438405047697,0.9999963078360776,0,0,0.749223295072454,0.065377539906538,PTGER4;P2RY12;CEBPA;IL33;TSLP;CCL21;RARRES2;SERPINF2;PDE2A;PLA2G2A;PRKCA;NRG1;PTN;BMP6;CX3CL1;GPRC5B;NLRP10;MMRN2;S100A12;EMILIN2;NLRP1;SNCA,LumB,Suppressed
GO_Biological_Process_2023,Organonitrogen Compound Catabolic Process (GO:1901565),10/78,0.916872114374614,0.9999963078360776,0,0,0.666522371236748,0.0578456618788583,PRKN;LVRN;ENPP2;CAPN3;PLA2G4A;PLA2G5;CYP3A4;TRHDE;ELANE;NAALADL1,LumB,Suppressed
GO_Biological_Process_2023,Amide Biosynthetic Process (GO:0043604),6/51,0.9184167276228044,0.9999963078360776,0,0,0.604493758668516,0.0514448608407827,CERS3;PM20D1;DMD;ABCA8;PCSK5;OTC,LumB,Suppressed
GO_Biological_Process_2023,Regulation Of Substrate Adhesion-Dependent Cell Spreading (GO:1900024),6/51,0.9184167276228044,0.9999963078360776,0,0,0.604493758668516,0.0514448608407827,KANK1;MYOC;NEDD9;OLFM4;FERMT2;LIMS2,LumB,Suppressed
GO_Biological_Process_2023,Eye Development (GO:0001654),7/58,0.918957221904278,0.9999963078360776,0,0,0.6222171443494157,0.0525871213869769,FOXC1;EFEMP1;MAB21L1;SMOC1;CPAMD8;CHRDL1;MEIS2,LumB,Suppressed
GO_Biological_Process_2023,Response To Organic Cyclic Compound (GO:0014070),7/58,0.918957221904278,0.9999963078360776,0,0,0.6222171443494157,0.0525871213869769,SOCS2;SFRP1;ANXA1;CYP1A1;ALPL;CSN1S1;DRD2,LumB,Suppressed
GO_Biological_Process_2023,Positive Regulation Of Multicellular Organismal Process (GO:0051240),60/387,0.9189611673583076,0.9999963078360776,0,0,0.8299509893840474,0.0701403307025228,OXTR;OXT;CLEC9A;FGF2;GHR;ACADL;LEPR;FFAR4;TNFSF11;SOX8;CD36;SOX6;SERPINB3;ACSL1;ELOVL3;ADIPOQ;AVPR2;IL13;NOG;EBF2;PRKCA;PTH2R;TGFBR2;CNKSR2;ADRB3;MMRN2;PPARG;PLA2R1;CRB2;PTGER4;FOXC1;TNXB;LRP1;EPAS1;NPR1;ADRB1;PTN;ADRB2;AGPAT2;HCAR2;PRDM16;ALX1;PPARGC1A;LURAP1;IL33;NMB;ZBTB16;CAV1;ESRRB;G0S2;BMP2;IL6;FABP4;RGCC;LEP;SAA1;ALPL;LPIN1;VIP;FERMT2,LumB,Suppressed
GO_Biological_Process_2023,Bone Development (GO:0060348),5/44,0.9190412204134056,0.9999963078360776,0,0,0.5812961303809889,0.0490755212725679,PTGER4;CYP26B1;MYOC;OGN;BMP6,LumB,Suppressed
GO_Biological_Process_2023,Positive Regulation Of Cytokine-Mediated Signaling Pathway (GO:0001961),5/44,0.9190412204134056,0.9999963078360776,0,0,0.5812961303809889,0.0490755212725679,PRKN;C1QTNF4;EDN1;TSLP;AGPAT2,LumB,Suppressed
GO_Biological_Process_2023,Positive Regulation Of Leukocyte Cell-Cell Adhesion (GO:1903039),5/44,0.9190412204134056,0.9999963078360776,0,0,0.5812961303809889,0.0490755212725679,IL6;NR4A3;HAS2;SIRPA;TNFSF11,LumB,Suppressed
GO_Biological_Process_2023,Cellular Response To Lipopolysaccharide (GO:0071222),17/124,0.920094089622918,0.9999963078360776,0,0,0.7197717899510607,0.0599421216612818,CX3CR1;CXCL6;GSTP1;CXCL1;PPBP;CXCL3;CXCL2;CXCL5;ZFP36;IL6;IL36A;SIRPA;CTSG;BPI;VIM;PF4V1;PF4,LumB,Suppressed
GO_Biological_Process_2023,Negative Regulation Of Growth (GO:0045926),17/124,0.920094089622918,0.9999963078360776,0,0,0.7197717899510607,0.0599421216612818,NPR1;MT1L;MT1M;FHL1;MT1X;NRG1;ALOX15B;ESR2;SFRP1;WNT11;SOX17;HYAL1;MYL2;SCGB3A1;CCN3;AGTR2;SLIT2,LumB,Suppressed
GO_Biological_Process_2023,Regulation Of Tyrosine Phosphorylation Of STAT Protein (GO:0042509),8/65,0.9202465080829696,0.9999963078360776,0,0,0.6361949837124035,0.0528765198200658,GHR;SOCS3;IL6;TSLP;KIT;LIF;IGF1;IL22RA2,LumB,Suppressed
GO_Biological_Process_2023,Aortic Valve Morphogenesis (GO:0003180),4/37,0.9215160066942384,0.9999963078360776,0,0,0.5496383295107997,0.0449247612848363,ELN;TIE1;SLIT2;TGFBR2,LumB,Suppressed
GO_Biological_Process_2023,Positive Regulation Of Receptor Signaling Pathway Via JAK-STAT (GO:0046427),4/37,0.9215160066942384,0.9999963078360776,0,0,0.5496383295107997,0.0449247612848363,GHR;IL6;LEP;KIT,LumB,Suppressed
GO_Biological_Process_2023,Cellular Response To Oxygen-Containing Compound (GO:1901701),63/406,0.9225891497656892,0.9999963078360776,0,0,0.8306720658951292,0.066928301993831,CPNE8;CXCL6;PID1;SPAAR;CXCL1;CXCL3;CXCL2;RYR3;CXCL5;AQP1;CRHBP;ZFP36;IL36A;PDK4;FFAR3;CAPN3;SIRPA;CTSG;SCN5A;PF4V1;PDGFRA;TESC;GPBAR1;FOS;SSTR1;SFRP1;GPLD1;RAPGEF3;CFTR;CX3CR1;KCNE1;NLGN1;GSTP1;DEFB124;AKAP6;RASGRP2;EGFR;FOXO1;WNT6;GNG2;WNT11;SLIT2;SLC13A5;DRD5;P2RY12;EGR1;JUN;FZD4;FZD7;PDE2A;NR1H4;AKR1C3;SYT15;PPBP;SYT8;CPEB1;IL6;NR4A3;PDE3A;VIM;SLC26A3;FOLR1;PF4,LumB,Suppressed
GO_Biological_Process_2023,Brain Development (GO:0007420),24/169,0.924019376723058,0.9999963078360776,0,0,0.7495573094411813,0.0592316954123302,CCL14;CX3CR1;EGR2;EMX2;PTCH1;SCTR;PROX1;PCDH18;GRIN2B;MEIS2;SHROOM4;AFF2;TGFBR2;RELN;NFIB;B3GNT5;NNAT;APOD;AGTR2;SOX6;NES;SHANK3;ADGRL2;ADGRL3,LumB,Suppressed
GO_Biological_Process_2023,Positive Regulation Of Endocytosis (GO:0045807),10/79,0.9241045168857984,0.9999963078360776,0,0,0.6568223802566919,0.0518430563033784,C3;NLGN1;LRP1;CCL21;GPC3;SIRPA;PLA2G5;F3;DLL1;SNCA,LumB,Suppressed
GO_Biological_Process_2023,ATP Transport (GO:0015867),1/13,0.92493690292488,0.9999963078360776,0,0,0.3780470914127424,0.0294989226209794,CR1,LumB,Suppressed
GO_Biological_Process_2023,GTP Metabolic Process (GO:0046039),1/13,0.92493690292488,0.9999963078360776,0,0,0.3780470914127424,0.0294989226209794,GIMAP7,LumB,Suppressed
GO_Biological_Process_2023,T Cell Differentiation In Thymus (GO:0033077),1/13,0.92493690292488,0.9999963078360776,0,0,0.3780470914127424,0.0294989226209794,ZFP36L2,LumB,Suppressed
GO_Biological_Process_2023,Cellular Modified Amino Acid Catabolic Process (GO:0042219),1/13,0.92493690292488,0.9999963078360776,0,0,0.3780470914127424,0.0294989226209794,CDO1,LumB,Suppressed
GO_Biological_Process_2023,Cellular Response To Interleukin-4 (GO:0071353),1/13,0.92493690292488,0.9999963078360776,0,0,0.3780470914127424,0.0294989226209794,STAT5A,LumB,Suppressed
GO_Biological_Process_2023,Clathrin Coat Assembly (GO:0048268),1/13,0.92493690292488,0.9999963078360776,0,0,0.3780470914127424,0.0294989226209794,NSG1,LumB,Suppressed
GO_Biological_Process_2023,Cytoplasmic Sequestering Of Protein (GO:0051220),1/13,0.92493690292488,0.9999963078360776,0,0,0.3780470914127424,0.0294989226209794,PTPRM,LumB,Suppressed
GO_Biological_Process_2023,Ether Lipid Metabolic Process (GO:0046485),1/13,0.92493690292488,0.9999963078360776,0,0,0.3780470914127424,0.0294989226209794,LIPE,LumB,Suppressed
GO_Biological_Process_2023,Eye Photoreceptor Cell Development (GO:0042462),1/13,0.92493690292488,0.9999963078360776,0,0,0.3780470914127424,0.0294989226209794,CRB2,LumB,Suppressed
GO_Biological_Process_2023,Heparan Sulfate Proteoglycan Metabolic Process (GO:0030201),1/13,0.92493690292488,0.9999963078360776,0,0,0.3780470914127424,0.0294989226209794,HS3ST4,LumB,Suppressed
GO_Biological_Process_2023,Interleukin-6-Mediated Signaling Pathway (GO:0070102),1/13,0.92493690292488,0.9999963078360776,0,0,0.3780470914127424,0.0294989226209794,IL6,LumB,Suppressed
GO_Biological_Process_2023,Membrane Protein Intracellular Domain Proteolysis (GO:0031293),1/13,0.92493690292488,0.9999963078360776,0,0,0.3780470914127424,0.0294989226209794,MMP7,LumB,Suppressed
GO_Biological_Process_2023,Mitochondrial Fission (GO:0000266),1/13,0.92493690292488,0.9999963078360776,0,0,0.3780470914127424,0.0294989226209794,PRKN,LumB,Suppressed
GO_Biological_Process_2023,Myeloid Dendritic Cell Activation (GO:0001773),1/13,0.92493690292488,0.9999963078360776,0,0,0.3780470914127424,0.0294989226209794,TGFBR2,LumB,Suppressed
GO_Biological_Process_2023,ncRNA Transcription (GO:0098781),1/13,0.92493690292488,0.9999963078360776,0,0,0.3780470914127424,0.0294989226209794,CAVIN1,LumB,Suppressed
GO_Biological_Process_2023,Negative Regulation Of Bone Mineralization (GO:0030502),1/13,0.92493690292488,0.9999963078360776,0,0,0.3780470914127424,0.0294989226209794,STATH,LumB,Suppressed
GO_Biological_Process_2023,Negative Regulation Of Endoplasmic Reticulum Unfolded Protein Response (GO:1900102),1/13,0.92493690292488,0.9999963078360776,0,0,0.3780470914127424,0.0294989226209794,PPP1R15A,LumB,Suppressed
GO_Biological_Process_2023,Negative Regulation Of Lyase Activity (GO:0051350),1/13,0.92493690292488,0.9999963078360776,0,0,0.3780470914127424,0.0294989226209794,EDNRB,LumB,Suppressed
GO_Biological_Process_2023,Negative Regulation Of Toll-Like Receptor Signaling Pathway (GO:0034122),1/13,0.92493690292488,0.9999963078360776,0,0,0.3780470914127424,0.0294989226209794,TYRO3,LumB,Suppressed
GO_Biological_Process_2023,Negative Regulation Of Translational Initiation (GO:0045947),1/13,0.92493690292488,0.9999963078360776,0,0,0.3780470914127424,0.0294989226209794,C8ORF88,LumB,Suppressed
GO_Biological_Process_2023,Negative Regulation Of Viral Transcription (GO:0032897),1/13,0.92493690292488,0.9999963078360776,0,0,0.3780470914127424,0.0294989226209794,ZFP36,LumB,Suppressed
GO_Biological_Process_2023,Positive Regulation Of T Cell Receptor Signaling Pathway (GO:0050862),1/13,0.92493690292488,0.9999963078360776,0,0,0.3780470914127424,0.0294989226209794,KCNN4,LumB,Suppressed
GO_Biological_Process_2023,Positive Regulation Of T-helper 17 Type Immune Response (GO:2000318),1/13,0.92493690292488,0.9999963078360776,0,0,0.3780470914127424,0.0294989226209794,NLRP10,LumB,Suppressed
GO_Biological_Process_2023,Positive Regulation Of Alpha-Beta T Cell Differentiation (GO:0046638),1/13,0.92493690292488,0.9999963078360776,0,0,0.3780470914127424,0.0294989226209794,TGFBR2,LumB,Suppressed
GO_Biological_Process_2023,Positive Regulation Of Brown Fat Cell Differentiation (GO:0090336),1/13,0.92493690292488,0.9999963078360776,0,0,0.3780470914127424,0.0294989226209794,PTGS2,LumB,Suppressed
GO_Biological_Process_2023,Positive Regulation Of Granulocyte Macrophage Colony-Stimulating Factor Production (GO:0032725),1/13,0.92493690292488,0.9999963078360776,0,0,0.3780470914127424,0.0294989226209794,IL17D,LumB,Suppressed
GO_Biological_Process_2023,Positive Regulation Of Keratinocyte Differentiation (GO:0045618),1/13,0.92493690292488,0.9999963078360776,0,0,0.3780470914127424,0.0294989226209794,FOXC1,LumB,Suppressed
GO_Biological_Process_2023,Positive Regulation Of Type 2 Immune Response (GO:0002830),1/13,0.92493690292488,0.9999963078360776,0,0,0.3780470914127424,0.0294989226209794,IL6,LumB,Suppressed
GO_Biological_Process_2023,Protein Hydroxylation (GO:0018126),1/13,0.92493690292488,0.9999963078360776,0,0,0.3780470914127424,0.0294989226209794,P3H2,LumB,Suppressed
GO_Biological_Process_2023,Protein Localization To Synapse (GO:0035418),1/13,0.92493690292488,0.9999963078360776,0,0,0.3780470914127424,0.0294989226209794,NLGN1,LumB,Suppressed
GO_Biological_Process_2023,Regulation Of ERBB Signaling Pathway (GO:1901184),1/13,0.92493690292488,0.9999963078360776,0,0,0.3780470914127424,0.0294989226209794,SH3TC2,LumB,Suppressed
GO_Biological_Process_2023,Regulation Of T Cell Chemotaxis (GO:0010819),1/13,0.92493690292488,0.9999963078360776,0,0,0.3780470914127424,0.0294989226209794,CCL21,LumB,Suppressed
GO_Biological_Process_2023,Regulation Of Cell Projection Organization (GO:0031344),1/13,0.92493690292488,0.9999963078360776,0,0,0.3780470914127424,0.0294989226209794,SPRY2,LumB,Suppressed
GO_Biological_Process_2023,Regulation Of Humoral Immune Response (GO:0002920),1/13,0.92493690292488,0.9999963078360776,0,0,0.3780470914127424,0.0294989226209794,SPNS2,LumB,Suppressed
GO_Biological_Process_2023,Regulation Of Immune Effector Process (GO:0002697),1/13,0.92493690292488,0.9999963078360776,0,0,0.3780470914127424,0.0294989226209794,C4BPA,LumB,Suppressed
GO_Biological_Process_2023,Regulation Of Lamellipodium Organization (GO:1902743),1/13,0.92493690292488,0.9999963078360776,0,0,0.3780470914127424,0.0294989226209794,EPHA2,LumB,Suppressed
GO_Biological_Process_2023,Regulation Of Macrophage Cytokine Production (GO:0010935),1/13,0.92493690292488,0.9999963078360776,0,0,0.3780470914127424,0.0294989226209794,GPRC5B,LumB,Suppressed
GO_Biological_Process_2023,Regulation Of Oxidoreductase Activity (GO:0051341),1/13,0.92493690292488,0.9999963078360776,0,0,0.3780470914127424,0.0294989226209794,HP,LumB,Suppressed
GO_Biological_Process_2023,Regulation Of Trophoblast Cell Migration (GO:1901163),1/13,0.92493690292488,0.9999963078360776,0,0,0.3780470914127424,0.0294989226209794,ACVR1C,LumB,Suppressed
GO_Biological_Process_2023,Response To Nerve Growth Factor (GO:1990089),1/13,0.92493690292488,0.9999963078360776,0,0,0.3780470914127424,0.0294989226209794,NTRK3,LumB,Suppressed
GO_Biological_Process_2023,Signal Peptide Processing (GO:0006465),1/13,0.92493690292488,0.9999963078360776,0,0,0.3780470914127424,0.0294989226209794,PCSK5,LumB,Suppressed
GO_Biological_Process_2023,Spliceosomal tri-snRNP Complex Assembly (GO:0000244),1/13,0.92493690292488,0.9999963078360776,0,0,0.3780470914127424,0.0294989226209794,SRSF12,LumB,Suppressed
GO_Biological_Process_2023,Substrate-Dependent Cell Migration (GO:0006929),1/13,0.92493690292488,0.9999963078360776,0,0,0.3780470914127424,0.0294989226209794,P2RY12,LumB,Suppressed
GO_Biological_Process_2023,Synaptic Vesicle Localization (GO:0097479),1/13,0.92493690292488,0.9999963078360776,0,0,0.3780470914127424,0.0294989226209794,NLGN1,LumB,Suppressed
GO_Biological_Process_2023,Axon Development (GO:0061564),13/99,0.9252330243268492,0.9999963078360776,0,0,0.6849380146593068,0.0532262968186986,SEMA5A;BHLHE22;S100B;SLITRK2;CRTAC1;SLITRK3;PLP1;MGARP;DRD2;PAK3;FOLR1;GPM6B;NEUROG2,LumB,Suppressed
GO_Biological_Process_2023,Fc-epsilon Receptor Signaling Pathway (GO:0038095),2/22,0.9269174352001084,0.9999963078360776,0,0,0.4535605430867276,0.0344210652287699,MAPK10;NR4A3,LumB,Suppressed
GO_Biological_Process_2023,Cellular Response To Topologically Incorrect Protein (GO:0035967),2/22,0.9269174352001084,0.9999963078360776,0,0,0.4535605430867276,0.0344210652287699,PRKN;PACRG,LumB,Suppressed
GO_Biological_Process_2023,Homologous Chromosome Segregation (GO:0045143),2/22,0.9269174352001084,0.9999963078360776,0,0,0.4535605430867276,0.0344210652287699,TERB2;IHO1,LumB,Suppressed
GO_Biological_Process_2023,Positive Regulation Of Protein Autophosphorylation (GO:0031954),2/22,0.9269174352001084,0.9999963078360776,0,0,0.4535605430867276,0.0344210652287699,PDGFD;PDGFA,LumB,Suppressed
GO_Biological_Process_2023,Regulation Of Protein Export From Nucleus (GO:0046825),2/22,0.9269174352001084,0.9999963078360776,0,0,0.4535605430867276,0.0344210652287699,PTPN14;RAPGEF3,LumB,Suppressed
GO_Biological_Process_2023,Heart Morphogenesis (GO:0003007),7/59,0.9270114997859332,0.9999963078360776,0,0,0.6102140783744557,0.0462477028018245,TGFBR3;ADAMTS5;BMP2;SOX17;FLRT2;NOG;CCM2L,LumB,Suppressed
GO_Biological_Process_2023,Negative Regulation Of Myeloid Leukocyte Differentiation (GO:0002762),3/30,0.9270379995595522,0.9999963078360776,0,0,0.503880266075388,0.0381743329019223,TMEM178A;GPR55;HOXA7,LumB,Suppressed
GO_Biological_Process_2023,Negative Regulation Of Peptidyl-Tyrosine Phosphorylation (GO:0050732),3/30,0.9270379995595522,0.9999963078360776,0,0,0.503880266075388,0.0381743329019223,SOCS3;SFRP1;CAV1,LumB,Suppressed
GO_Biological_Process_2023,Phospholipid Dephosphorylation (GO:0046839),3/30,0.9270379995595522,0.9999963078360776,0,0,0.503880266075388,0.0381743329019223,PLPPR1;PLPP3;PLPP1,LumB,Suppressed
GO_Biological_Process_2023,Positive Regulation Of Interleukin-10 Production (GO:0032733),3/30,0.9270379995595522,0.9999963078360776,0,0,0.503880266075388,0.0381743329019223,IL6;TSLP;IL13,LumB,Suppressed
GO_Biological_Process_2023,Regulation Of Calcium-Mediated Signaling (GO:0050848),3/30,0.9270379995595522,0.9999963078360776,0,0,0.503880266075388,0.0381743329019223,RGN;CDH13;LACRT,LumB,Suppressed
GO_Biological_Process_2023,Regulation Of Cellular Metabolic Process (GO:0031323),5/45,0.9280829319285344,0.9999963078360776,0,0,0.5667290626733222,0.0422973610774221,PRKN;PID1;ANGPTL8;PDK4;PPARA,LumB,Suppressed
GO_Biological_Process_2023,Regulation Of Protein Modification Process (GO:0031399),5/45,0.9280829319285344,0.9999963078360776,0,0,0.5667290626733222,0.0422973610774221,ROPN1B;PPP1R16B;CDH5;IGF1;ROPN1,LumB,Suppressed
GO_Biological_Process_2023,Regulation Of Stem Cell Differentiation (GO:2000736),5/45,0.9280829319285344,0.9999963078360776,0,0,0.5667290626733222,0.0422973610774221,PDGFRA;TCF15;ESRRB;PTN;ZFP36L2,LumB,Suppressed
GO_Biological_Process_2023,Cytokine-Mediated Signaling Pathway (GO:0019221),38/257,0.9297909513427186,0.9999963078360776,0,0,0.7852654421095814,0.05716379175135,CCL14;CNTFR;CCL13;CXCL6;CEBPA;FOXC1;CSF3;CXCL1;CXCL3;CXCL2;CX3CL1;CXCL5;GHR;IL36A;CXCR2;LEPR;TNFSF11;CTSG;PF4V1;CCL16;DUOX2;STAT5A;EGR1;CCL24;IL33;CCL23;CCL21;IL11RA;IL34;LIFR;PPBP;GREM2;IL6;CXCL12;IFNE;LEP;KIT;PF4,LumB,Suppressed
GO_Biological_Process_2023,Regulation Of Protein Localization To Plasma Membrane (GO:1903076),10/80,0.930791350234356,0.9999963078360776,0,0,0.6473995318760661,0.0464315853382796,PID1;LRP1;STAC;STAC2;PIK3R1;SORBS1;MRAP2;EGFR;SPTBN1;EPHA2,LumB,Suppressed
GO_Biological_Process_2023,Heart Looping (GO:0001947),4/38,0.9309838044154954,0.9999963078360776,0,0,0.53343987997195,0.0381480983164692,SOX17;DLL1;FOLR1;TGFBR2,LumB,Suppressed
GO_Biological_Process_2023,Membrane Assembly (GO:0071709),4/38,0.9309838044154954,0.9999963078360776,0,0,0.53343987997195,0.0381480983164692,NLGN1;LRP4;TLCD2;SPTBN1,LumB,Suppressed
GO_Biological_Process_2023,Positive Regulation Of Myoblast Differentiation (GO:0045663),4/38,0.9309838044154954,0.9999963078360776,0,0,0.53343987997195,0.0381480983164692,BOC;MYF6;DPF3;SMYD1,LumB,Suppressed
GO_Biological_Process_2023,Regulation Of Intracellular Transport (GO:0032386),4/38,0.9309838044154954,0.9999963078360776,0,0,0.53343987997195,0.0381480983164692,SH3TC2;MAP2;GAS1;CRYAB,LumB,Suppressed
GO_Biological_Process_2023,Negative Regulation Of Cysteine-Type Endopeptidase Activity (GO:2000117),6/53,0.9347207037847572,0.9999963078360776,0,0,0.5786997963820935,0.0390665804663878,FABP1;CARD18;CSN2;KLF4;AQP1;SNCA,LumB,Suppressed
GO_Biological_Process_2023,Regulation Of Receptor Signaling Pathway Via JAK-STAT (GO:0046425),6/53,0.9347207037847572,0.9999963078360776,0,0,0.5786997963820935,0.0390665804663878,GHR;SOCS3;IL6;CAV1;LEP;KIT,LumB,Suppressed
GO_Biological_Process_2023,Cholesterol Metabolic Process (GO:0008203),8/67,0.9347579576988808,0.9999963078360776,0,0,0.6145537852166509,0.0414625009021478,CH25H;CETP;CYP11A1;AKR1D1;LCAT;APOB;CYP7A1;CES1,LumB,Suppressed
GO_Biological_Process_2023,Negative Regulation Of Cellular Catabolic Process (GO:0031330),8/67,0.9347579576988808,0.9999963078360776,0,0,0.6145537852166509,0.0414625009021478,LEP;HP;LEPR;KIF25;MET;TIMP4;GPLD1;RASIP1,LumB,Suppressed
GO_Biological_Process_2023,Regulation Of Tumor Necrosis Factor Production (GO:0032680),17/127,0.9361976486035862,0.9999963078360776,0,0,0.7000126473415288,0.046150897053113,CX3CR1;IL33;CHRNA7;GSTP1;CIDEA;NR1H4;IGF1;CX3CL1;VSIR;C1QTNF4;POMC;ZFP36;IL6;SIRPA;TNFRSF8;BPI;PF4,LumB,Suppressed
GO_Biological_Process_2023,B Cell Receptor Signaling Pathway (GO:0050853),5/46,0.9362134560443904,0.9999963078360776,0,0,0.5528725836343222,0.0364408145385723,CD79B;IGHD;IGHA1;BMX;IGHA2,LumB,Suppressed
GO_Biological_Process_2023,Amino Acid Transport (GO:0006865),5/46,0.9362134560443904,0.9999963078360776,0,0,0.5528725836343222,0.0364408145385723,SLC36A2;SLC6A14;SLC7A14;SLC7A10;SLC7A3,LumB,Suppressed
GO_Biological_Process_2023,Regulation Of Interleukin-10 Production (GO:0032653),5/46,0.9362134560443904,0.9999963078360776,0,0,0.5528725836343222,0.0364408145385723,IL6;TSLP;IL13;DLL1;VSIR,LumB,Suppressed
GO_Biological_Process_2023,Regulation Of mRNA Catabolic Process (GO:0061013),5/46,0.9362134560443904,0.9999963078360776,0,0,0.5528725836343222,0.0364408145385723,ZFP36;PKP1;PRKCA;VIM;ZFP36L2,LumB,Suppressed
GO_Biological_Process_2023,Endodermal Cell Differentiation (GO:0035987),3/31,0.936734771384954,0.9999963078360776,0,0,0.4858548463731391,0.0317530912452307,LAMB3;COL7A1;ITGA7,LumB,Suppressed
GO_Biological_Process_2023,Negative Regulation Of Microtubule Polymerization Or Depolymerization (GO:0031111),3/31,0.936734771384954,0.9999963078360776,0,0,0.4858548463731391,0.0317530912452307,CDH5;MAP2;SNCA,LumB,Suppressed
GO_Biological_Process_2023,Positive Regulation Of Rho Protein Signal Transduction (GO:0035025),3/31,0.936734771384954,0.9999963078360776,0,0,0.4858548463731391,0.0317530912452307,GPR17;GPR55;SLC6A2,LumB,Suppressed
GO_Biological_Process_2023,Positive Regulation Of Mononuclear Cell Migration (GO:0071677),3/31,0.936734771384954,0.9999963078360776,0,0,0.4858548463731391,0.0317530912452307,CXCL12;DEFB124;JAM2,LumB,Suppressed
GO_Biological_Process_2023,Positive Regulation Of Proteolysis Involved In Protein Catabolic Process (GO:1903052),3/31,0.936734771384954,0.9999963078360776,0,0,0.4858548463731391,0.0317530912452307,PRKN;CAV3;ECSCR,LumB,Suppressed
GO_Biological_Process_2023,Presynaptic Endocytosis (GO:0140238),3/31,0.936734771384954,0.9999963078360776,0,0,0.4858548463731391,0.0317530912452307,NLGN1;SYT8;SNCA,LumB,Suppressed
GO_Biological_Process_2023,Regulation Of Cell Morphogenesis (GO:0022604),3/31,0.936734771384954,0.9999963078360776,0,0,0.4858548463731391,0.0317530912452307,WTIP;FERMT2;SH3D19,LumB,Suppressed
GO_Biological_Process_2023,Regulation Of Transmembrane Receptor Protein Serine/Threonine Kinase Signaling Pathway (GO:0090092),3/31,0.936734771384954,0.9999963078360776,0,0,0.4858548463731391,0.0317530912452307,LTBP4;FSTL1;FOLR1,LumB,Suppressed
GO_Biological_Process_2023,Hemopoiesis (GO:0030097),13/101,0.9367886030171844,0.9999963078360776,0,0,0.6692891252716155,0.0437029954306951,CEBPA;NOTCH4;ZBTB16;DLL1;ZFP36L2;TGFBR2;TGFBR3;MFAP5;SFRP1;TAL1;KIT;TEK;CD34,LumB,Suppressed
GO_Biological_Process_2023,Activation Of Protein Kinase Activity (GO:0032147),10/81,0.936963780267607,0.9999963078360776,0,0,0.6382421158441904,0.0415563606079728,ANGPT1;NTRK3;LEP;CHI3L1;NRG1;ADRB2;IGF1;FGF1;ADRA2B;TGFBR2,LumB,Suppressed
GO_Biological_Process_2023,Regulation Of Interleukin-8 Production (GO:0032677),10/81,0.936963780267607,0.9999963078360776,0,0,0.6382421158441904,0.0415563606079728,CRP;IL6;ANXA1;NLRP10;LEP;CHI3L1;BPI;KLF4;IL17D;ELANE,LumB,Suppressed
GO_Biological_Process_2023,Cellular Response To Cytokine Stimulus (GO:0071345),46/308,0.9371558689430454,0.9999963078360776,0,0,0.7942378724452105,0.0515505346207854,CCL14;CCL13;CEBPA;FOXC1;CSF3;PID1;PDE1B;NPR2;AQP4;MT1X;AKAP6;YBX3;CX3CL1;ZFP36L2;GHR;CRHBP;ZFP36;IL36A;HYAL1;LEPR;TNFSF11;HAS2;SIRPA;CTSG;CCL16;DUOX2;STAT5A;EGR1;CCL24;CCL23;PTGIS;MME;CCL21;DUSP1;IL11RA;PDE2A;LIFR;GREM2;SFRP1;IL6;CXCL12;IFNE;KIT;CHI3L1;TDGF1;PF4,LumB,Suppressed
GO_Biological_Process_2023,Adaptive Immune Response Based On Somatic Recombination Of Immune Receptors Built From Immunoglobulin Superfamily Domains (GO:0002460),2/23,0.9378669552041464,0.9999963078360776,0,0,0.4319360329335391,0.0277074779509635,CR1;C4BPA,LumB,Suppressed
GO_Biological_Process_2023,Artery Development (GO:0060840),2/23,0.9378669552041464,0.9999963078360776,0,0,0.4319360329335391,0.0277074779509635,PDE2A;TGFBR2,LumB,Suppressed
GO_Biological_Process_2023,Endocrine System Development (GO:0035270),2/23,0.9378669552041464,0.9999963078360776,0,0,0.4319360329335391,0.0277074779509635,WNT11;FOXE1,LumB,Suppressed
GO_Biological_Process_2023,Immune Response-Activating Cell Surface Receptor Signaling Pathway (GO:0002429),2/23,0.9378669552041464,0.9999963078360776,0,0,0.4319360329335391,0.0277074779509635,CR1;GPLD1,LumB,Suppressed
GO_Biological_Process_2023,Positive Regulation Of Neutrophil Migration (GO:1902624),2/23,0.9378669552041464,0.9999963078360776,0,0,0.4319360329335391,0.0277074779509635,CCL21;XG,LumB,Suppressed
GO_Biological_Process_2023,"Regulation Of Nuclear-Transcribed mRNA Catabolic Process, Deadenylation-Dependent Decay (GO:1900151)",2/23,0.9378669552041464,0.9999963078360776,0,0,0.4319360329335391,0.0277074779509635,ZFP36;ZFP36L2,LumB,Suppressed
GO_Biological_Process_2023,2-Oxoglutarate Metabolic Process (GO:0006103),1/14,0.9384980330850304,0.9999963078360776,0,0,0.3489452375878968,0.0221491310311872,ADHFE1,LumB,Suppressed
GO_Biological_Process_2023,Bone Morphogenesis (GO:0060349),1/14,0.9384980330850304,0.9999963078360776,0,0,0.3489452375878968,0.0221491310311872,CYP26B1,LumB,Suppressed
GO_Biological_Process_2023,Copper Ion Homeostasis (GO:0055070),1/14,0.9384980330850304,0.9999963078360776,0,0,0.3489452375878968,0.0221491310311872,PRNP,LumB,Suppressed
GO_Biological_Process_2023,Electron Transport Chain (GO:0022900),1/14,0.9384980330850304,0.9999963078360776,0,0,0.3489452375878968,0.0221491310311872,PPARGC1A,LumB,Suppressed
GO_Biological_Process_2023,Establishment Of Chromosome Localization (GO:0051303),1/14,0.9384980330850304,0.9999963078360776,0,0,0.3489452375878968,0.0221491310311872,GEM,LumB,Suppressed
GO_Biological_Process_2023,Genitalia Development (GO:0048806),1/14,0.9384980330850304,0.9999963078360776,0,0,0.3489452375878968,0.0221491310311872,LHCGR,LumB,Suppressed
GO_Biological_Process_2023,Icosanoid Transport (GO:0071715),1/14,0.9384980330850304,0.9999963078360776,0,0,0.3489452375878968,0.0221491310311872,SLC22A11,LumB,Suppressed
GO_Biological_Process_2023,Mammary Gland Epithelium Development (GO:0061180),1/14,0.9384980330850304,0.9999963078360776,0,0,0.3489452375878968,0.0221491310311872,EPHA2,LumB,Suppressed
GO_Biological_Process_2023,Membrane Raft Organization (GO:0031579),1/14,0.9384980330850304,0.9999963078360776,0,0,0.3489452375878968,0.0221491310311872,CAV3,LumB,Suppressed
GO_Biological_Process_2023,miRNA-mediated Gene Silencing By Inhibition Of Translation (GO:0035278),1/14,0.9384980330850304,0.9999963078360776,0,0,0.3489452375878968,0.0221491310311872,ZFP36,LumB,Suppressed
GO_Biological_Process_2023,Mitochondrion Transport Along Microtubule (GO:0047497),1/14,0.9384980330850304,0.9999963078360776,0,0,0.3489452375878968,0.0221491310311872,MGARP,LumB,Suppressed
GO_Biological_Process_2023,Negative Regulation Of Leukocyte Mediated Cytotoxicity (GO:0001911),1/14,0.9384980330850304,0.9999963078360776,0,0,0.3489452375878968,0.0221491310311872,CX3CR1,LumB,Suppressed
GO_Biological_Process_2023,"Negative Regulation Of mRNA Splicing, Via Spliceosome (GO:0048025)",1/14,0.9384980330850304,0.9999963078360776,0,0,0.3489452375878968,0.0221491310311872,SRSF12,LumB,Suppressed
GO_Biological_Process_2023,Negative Regulation Of Peptidyl-Threonine Phosphorylation (GO:0010801),1/14,0.9384980330850304,0.9999963078360776,0,0,0.3489452375878968,0.0221491310311872,SPRY2,LumB,Suppressed
GO_Biological_Process_2023,Positive Regulation Of Adaptive Immune Response Based On Somatic Recombination Of Immune Receptors Built From Immunoglobulin Superfamily Domains (GO:0002824),1/14,0.9384980330850304,0.9999963078360776,0,0,0.3489452375878968,0.0221491310311872,NLRP10,LumB,Suppressed
GO_Biological_Process_2023,Positive Regulation Of Cytoplasmic Translation (GO:2000767),1/14,0.9384980330850304,0.9999963078360776,0,0,0.3489452375878968,0.0221491310311872,YBX3,LumB,Suppressed
GO_Biological_Process_2023,Regulation Of MHC Class II Biosynthetic Process (GO:0045346),1/14,0.9384980330850304,0.9999963078360776,0,0,0.3489452375878968,0.0221491310311872,PF4,LumB,Suppressed
GO_Biological_Process_2023,Regulation Of Cell Fate Specification (GO:0042659),1/14,0.9384980330850304,0.9999963078360776,0,0,0.3489452375878968,0.0221491310311872,FGF2,LumB,Suppressed
GO_Biological_Process_2023,Regulation Of Neuron Projection Arborization (GO:0150011),1/14,0.9384980330850304,0.9999963078360776,0,0,0.3489452375878968,0.0221491310311872,FZD4,LumB,Suppressed
GO_Biological_Process_2023,Regulation Of Nuclear-Transcribed mRNA poly(A) Tail Shortening (GO:0060211),1/14,0.9384980330850304,0.9999963078360776,0,0,0.3489452375878968,0.0221491310311872,ZFP36,LumB,Suppressed
GO_Biological_Process_2023,Regulation Of Transposition (GO:0010528),1/14,0.9384980330850304,0.9999963078360776,0,0,0.3489452375878968,0.0221491310311872,PIWIL4,LumB,Suppressed
GO_Biological_Process_2023,Resolution Of Meiotic Recombination Intermediates (GO:0000712),1/14,0.9384980330850304,0.9999963078360776,0,0,0.3489452375878968,0.0221491310311872,HFM1,LumB,Suppressed
GO_Biological_Process_2023,Respiratory Electron Transport Chain (GO:0022904),1/14,0.9384980330850304,0.9999963078360776,0,0,0.3489452375878968,0.0221491310311872,PPARGC1A,LumB,Suppressed
GO_Biological_Process_2023,Telomere Capping (GO:0016233),1/14,0.9384980330850304,0.9999963078360776,0,0,0.3489452375878968,0.0221491310311872,TENM1,LumB,Suppressed
GO_Biological_Process_2023,Carboxylic Acid Transmembrane Transport (GO:1905039),4/39,0.9394057176795062,0.9999963078360776,0,0,0.5181670561210345,0.0323894924961758,SLC6A14;SLC16A12;SLC16A7;SLC7A10,LumB,Suppressed
GO_Biological_Process_2023,Negative Regulation Of Mitochondrion Organization (GO:0010823),4/39,0.9394057176795062,0.9999963078360776,0,0,0.5181670561210345,0.0323894924961758,PRKN;FZD9;PPARG;IGF1,LumB,Suppressed
GO_Biological_Process_2023,Negative Regulation Of Transport (GO:0051051),4/39,0.9394057176795062,0.9999963078360776,0,0,0.5181670561210345,0.0323894924961758,PRKN;NRG1;CRYAB;SNCA,LumB,Suppressed
GO_Biological_Process_2023,Positive Regulation Of ATP-dependent Activity (GO:0032781),4/39,0.9394057176795062,0.9999963078360776,0,0,0.5181670561210345,0.0323894924961758,FXYD2;TNNT3;RGN;ATP1B2,LumB,Suppressed
GO_Biological_Process_2023,Positive Regulation Of Intracellular Transport (GO:0032388),4/39,0.9394057176795062,0.9999963078360776,0,0,0.5181670561210345,0.0323894924961758,TENM1;EHD2;PLA2G4E;STRIT1,LumB,Suppressed
GO_Biological_Process_2023,Regulation Of Receptor-Mediated Endocytosis (GO:0048259),4/39,0.9394057176795062,0.9999963078360776,0,0,0.5181670561210345,0.0323894924961758,C3;CCL21;RSPO1;F3,LumB,Suppressed
GO_Biological_Process_2023,Negative Regulation Of Phosphorylation (GO:0042326),9/75,0.9416947779872608,0.9999963078360776,0,0,0.6179521477966786,0.0371229016867136,CDKN1C;PRKN;PRNP;PID1;NTRK3;SIRPA;SLIT2;PLPP3;KLHL31,LumB,Suppressed
GO_Biological_Process_2023,Mesenchymal Cell Differentiation (GO:0048762),6/54,0.9417331697241604,0.9999963078360776,0,0,0.5666088765603329,0.0340154028492084,TGFBR3;FOXC1;BMP2;NOTCH4;NOG;IGF1,LumB,Suppressed
GO_Biological_Process_2023,Negative Regulation Of Neuron Projection Development (GO:0010977),6/54,0.9417331697241604,0.9999963078360776,0,0,0.5666088765603329,0.0340154028492084,KANK1;NLGN1;BCL11A;SEMA3A;LRP4;MGARP,LumB,Suppressed
GO_Biological_Process_2023,Regulation Of Cytokine Production (GO:0001817),23/167,0.9429938375361018,0.9999963078360776,0,0,0.7231570512820513,0.0424460873574661,BTNL9;CRP;PTGER4;IL33;ANXA1;MOG;BTN1A1;CIDEA;ZBTB20;BTNL2;CLEC9A;AGPAT2;PER1;IL6;RGCC;LEP;FFAR4;SAA1;SIRPA;IGF2BP2;ACKR1;PLA2R1;LURAP1,LumB,Suppressed
GO_Biological_Process_2023,Epithelial To Mesenchymal Transition (GO:0001837),5/47,0.9435090640915208,0.9999963078360776,0,0,0.5396759369305126,0.0313817819202633,TGFBR3;BMP2;NOTCH4;NOG;IGF1,LumB,Suppressed
GO_Biological_Process_2023,Regulation Of Interleukin-2 Production (GO:0032663),5/47,0.9435090640915208,0.9999963078360776,0,0,0.5396759369305126,0.0313817819202633,PRNP;ZFP36;CR1;CD34;SPTBN1,LumB,Suppressed
GO_Biological_Process_2023,Cellular Response To Salt (GO:1902075),14/109,0.9438186736899552,0.9999963078360776,0,0,0.6675621497446703,0.038599254080561,P2RY12;CPNE8;EGR1;NLGN1;AKR1C3;SYT15;RASGRP2;SYT8;RYR3;CRHBP;CAPN3;SCN5A;SLC13A5;GPLD1,LumB,Suppressed
GO_Biological_Process_2023,Anterograde Trans-Synaptic Signaling (GO:0098916),28/199,0.944476275554925,0.9999963078360776,0,0,0.7411607444511362,0.0423385932417509,CHRM3;NLGN1;CHRM1;CHRNA2;KCNA1;KCNC4;GRIK1;HTR2A;HTR4;SLC6A2;PTCHD1;KCNMB1;MPZ;PENK;DRD5;SNCA;UNC13C;GABRP;KCNIP2;OPRK1;GRIN2B;SYN2;HCRTR1;SST;PLP1;APBA1;PDE7B;SCN2B,LumB,Suppressed
GO_Biological_Process_2023,Cellular Nitrogen Compound Biosynthetic Process (GO:0044271),3/32,0.9452274382561237,0.9999963078360776,0,0,0.4690725590641486,0.0264227188957396,PM20D1;MTARC1;NOS1,LumB,Suppressed
GO_Biological_Process_2023,Glycosphingolipid Metabolic Process (GO:0006687),3/32,0.9452274382561237,0.9999963078360776,0,0,0.4690725590641486,0.0264227188957396,UGT8;ST8SIA1;ST6GALNAC3,LumB,Suppressed
GO_Biological_Process_2023,Positive Regulation Of Gene Expression (GO:0010628),74/480,0.945332715288168,0.9999963078360776,0,0,0.8236238720576704,0.0463027617517083,MYOM1;PID1;RHOXF1;CITED1;TCF23;CLEC9A;FGF1;FGF2;VSIR;ACTG2;CDH5;FGF7;C1QTNF1;CDH3;IL36A;FGF9;CD36;CD34;HOXA5;TESC;AVPR2;IL13;NOG;PSG1;ANK2;NGF;POU3F3;NR5A1;ACTA2;CLDN5;PSG4;HAND2;CLDN19;PADI2;PKP1;PPARG;ADTRP;PLA2R1;RBMS3;CRP;PRKN;PTGER4;PIK3R1;NTS;PLD1;AGPAT2;DLL1;WNT6;CUX2;PPARGC1A;LURAP1;NTRK2;EGR1;IL33;GSN;ANGPT1;ODAM;NTRK3;PDE2A;SAMD4A;IGF1;KLF4;LARP6;BMP6;FGF17;FGF16;BMP2;IL6;RGCC;PIP;SAA1;SPRY2;VIM;PF4,LumB,Suppressed
GO_Biological_Process_2023,L-alpha-amino Acid Transmembrane Transport (GO:1902475),4/40,0.9468807707943644,0.9999963078360776,0,0,0.5037427224840588,0.0274953335042678,SLC17A7;SLC1A7;SLC6A2;SLC7A3,LumB,Suppressed
GO_Biological_Process_2023,Regulation Of Microtubule Cytoskeleton Organization (GO:0070507),4/40,0.9468807707943644,0.9999963078360776,0,0,0.5037427224840588,0.0274953335042678,PHLDB1;FAM107A;GAS2L2;MID1,LumB,Suppressed
GO_Biological_Process_2023,Glycerophospholipid Metabolic Process (GO:0006650),7/62,0.9471193079419586,0.9999963078360776,0,0,0.576823731207749,0.0313389536282988,CETP;PLA2G4E;PLA2G2A;PLA2G4A;LCAT;ENPP6;GPLD1,LumB,Suppressed
GO_Biological_Process_2023,Positive Regulation Of Protein Secretion (GO:0050714),9/76,0.9472089953717492,0.9999963078360776,0,0,0.6086916886969925,0.0330127090963252,HCAR2;MYOM1;NNAT;ACSL4;PPARG;DOC2B;IGF1;BMP6;WLS,LumB,Suppressed
GO_Biological_Process_2023,Lipid Translocation (GO:0034204),2/24,0.9472461426091792,0.9999963078360776,0,0,0.4122773873397314,0.0223439094997526,ATP8B4;ABCB1,LumB,Suppressed
GO_Biological_Process_2023,Negative Regulation Of Cell Junction Assembly (GO:1901889),2/24,0.9472461426091792,0.9999963078360776,0,0,0.4122773873397314,0.0223439094997526,FAM107A;APOD,LumB,Suppressed
GO_Biological_Process_2023,Positive Regulation Of Interleukin-17 Production (GO:0032740),2/24,0.9472461426091792,0.9999963078360776,0,0,0.4122773873397314,0.0223439094997526,IL6;NR1H4,LumB,Suppressed
GO_Biological_Process_2023,Regulation Of Cysteine-Type Endopeptidase Activity (GO:2000116),2/24,0.9472461426091792,0.9999963078360776,0,0,0.4122773873397314,0.0223439094997526,CSN2;GRIN2B,LumB,Suppressed
GO_Biological_Process_2023,Regulation Of Cytokine Production Involved In Immune Response (GO:0002718),2/24,0.9472461426091792,0.9999963078360776,0,0,0.4122773873397314,0.0223439094997526,FFAR3;CLC,LumB,Suppressed
GO_Biological_Process_2023,Regulation Of Cytoplasmic Translation (GO:2000765),2/24,0.9472461426091792,0.9999963078360776,0,0,0.4122773873397314,0.0223439094997526,CPEB1;YBX3,LumB,Suppressed
GO_Biological_Process_2023,Regulation Of Execution Phase Of Apoptosis (GO:1900117),2/24,0.9472461426091792,0.9999963078360776,0,0,0.4122773873397314,0.0223439094997526,PTGIS;CIDEA,LumB,Suppressed
GO_Biological_Process_2023,Regulation Of Viral Life Cycle (GO:1903900),2/24,0.9472461426091792,0.9999963078360776,0,0,0.4122773873397314,0.0223439094997526,CD209;TYRO3,LumB,Suppressed
GO_Biological_Process_2023,Response To Hexose (GO:0009746),2/24,0.9472461426091792,0.9999963078360776,0,0,0.4122773873397314,0.0223439094997526,GYS2;GPLD1,LumB,Suppressed
GO_Biological_Process_2023,Response To Purine-Containing Compound (GO:0014074),2/24,0.9472461426091792,0.9999963078360776,0,0,0.4122773873397314,0.0223439094997526,CITED1;DUOX2,LumB,Suppressed
GO_Biological_Process_2023,Positive Regulation Of Tyrosine Phosphorylation Of STAT Protein (GO:0042531),6/55,0.9480644422896018,0.9999963078360776,0,0,0.5550114636700727,0.0296003164656336,GHR;IL6;TSLP;KIT;LIF;IGF1,LumB,Suppressed
GO_Biological_Process_2023,Regulation Of JNK Cascade (GO:0046328),14/110,0.9483662468901386,0.9999963078360776,0,0,0.6605678343063665,0.0350196833298322,PRKN;CCL21;FZD7;SEMA3A;SERPINF2;MTURN;EGFR;KLHL31;EDAR;TGFBR3;PER1;SH3RF2;SIRPA;EPHB1,LumB,Suppressed
GO_Biological_Process_2023,Negative Regulation Of Cell Population Proliferation (GO:0008285),57/379,0.9487240728016852,0.9999963078360776,0,0,0.8002696637853595,0.0421240170805149,CDKN1C;TENM1;CXCL1;TNN;ADAMTS1;CCN6;TNFRSF8;CCN3;ADAMTS8;SOX7;CER1;TNS2;FGFBP1;MYOCD;KRT4;TESC;NOG;AVPR2;P3H2;NRG1;PROX1;NGF;TGFBR3;SFRP1;SFRP5;ALDH1A2;COL4A3;MMRN2;CLDN19;CDH13;PPARG;GPLD1;PLPP1;CEBPA;GSTP1;DLL1;PTHLH;ACVR1C;APOD;IGFBP6;DRD2;PPARGC1A;CCL23;PODN;ALOX15B;GDF5;PTPN14;MYO16;BMP5;BMP2;IL6;RGCC;SST;FABP7;OGN;VIP;CD200,LumB,Suppressed
GO_Biological_Process_2023,DNA Alkylation (GO:0006305),1/15,0.949609652235694,0.9999963078360776,0,0,0.324000791452315,0.0167522247936467,FOS,LumB,Suppressed
GO_Biological_Process_2023,Activation Of NF-kappaB-inducing Kinase Activity (GO:0007250),1/15,0.949609652235694,0.9999963078360776,0,0,0.324000791452315,0.0167522247936467,CHI3L1,LumB,Suppressed
GO_Biological_Process_2023,Astrocyte Development (GO:0014002),1/15,0.949609652235694,0.9999963078360776,0,0,0.324000791452315,0.0167522247936467,DLL1,LumB,Suppressed
GO_Biological_Process_2023,Defense Response To Protozoan (GO:0042832),1/15,0.949609652235694,0.9999963078360776,0,0,0.324000791452315,0.0167522247936467,PF4,LumB,Suppressed
GO_Biological_Process_2023,Epiboly Involved In Wound Healing (GO:0090505),1/15,0.949609652235694,0.9999963078360776,0,0,0.324000791452315,0.0167522247936467,TMEFF2,LumB,Suppressed
GO_Biological_Process_2023,Glutamine Family Amino Acid Catabolic Process (GO:0009065),1/15,0.949609652235694,0.9999963078360776,0,0,0.324000791452315,0.0167522247936467,NOS1,LumB,Suppressed
GO_Biological_Process_2023,Negative Regulation Of DNA Replication (GO:0008156),1/15,0.949609652235694,0.9999963078360776,0,0,0.324000791452315,0.0167522247936467,GMNC,LumB,Suppressed
GO_Biological_Process_2023,Negative Regulation Of Endoplasmic Reticulum Stress-Induced Intrinsic Apoptotic Signaling Pathway (GO:1902236),1/15,0.949609652235694,0.9999963078360776,0,0,0.324000791452315,0.0167522247936467,PRKN,LumB,Suppressed
GO_Biological_Process_2023,Negative Regulation Of mRNA Processing (GO:0050686),1/15,0.949609652235694,0.9999963078360776,0,0,0.324000791452315,0.0167522247936467,SRSF12,LumB,Suppressed
GO_Biological_Process_2023,Negative Regulation Of Phagocytosis (GO:0050765),1/15,0.949609652235694,0.9999963078360776,0,0,0.324000791452315,0.0167522247936467,SIRPA,LumB,Suppressed
GO_Biological_Process_2023,Phagosome Maturation (GO:0090382),1/15,0.949609652235694,0.9999963078360776,0,0,0.324000791452315,0.0167522247936467,SRPX,LumB,Suppressed
GO_Biological_Process_2023,Polyol Biosynthetic Process (GO:0046173),1/15,0.949609652235694,0.9999963078360776,0,0,0.324000791452315,0.0167522247936467,FGF2,LumB,Suppressed
GO_Biological_Process_2023,Protein Localization To Cell-Cell Junction (GO:0150105),1/15,0.949609652235694,0.9999963078360776,0,0,0.324000791452315,0.0167522247936467,CDH5,LumB,Suppressed
GO_Biological_Process_2023,Receptor Catabolic Process (GO:0032801),1/15,0.949609652235694,0.9999963078360776,0,0,0.324000791452315,0.0167522247936467,GPRASP1,LumB,Suppressed
GO_Biological_Process_2023,Regulation Of Activin Receptor Signaling Pathway (GO:0032925),1/15,0.949609652235694,0.9999963078360776,0,0,0.324000791452315,0.0167522247936467,CER1,LumB,Suppressed
GO_Biological_Process_2023,Regulation Of Cholesterol Biosynthetic Process (GO:0045540),1/15,0.949609652235694,0.9999963078360776,0,0,0.324000791452315,0.0167522247936467,FGF1,LumB,Suppressed
GO_Biological_Process_2023,Regulation Of Clathrin-Dependent Endocytosis (GO:2000369),1/15,0.949609652235694,0.9999963078360776,0,0,0.324000791452315,0.0167522247936467,CCL14,LumB,Suppressed
GO_Biological_Process_2023,Regulation Of Granulocyte Macrophage Colony-Stimulating Factor Production (GO:0032645),1/15,0.949609652235694,0.9999963078360776,0,0,0.324000791452315,0.0167522247936467,IL17D,LumB,Suppressed
GO_Biological_Process_2023,Regulation Of Interleukin-13 Production (GO:0032656),1/15,0.949609652235694,0.9999963078360776,0,0,0.324000791452315,0.0167522247936467,TSLP,LumB,Suppressed
GO_Biological_Process_2023,Regulation Of Intrinsic Apoptotic Signaling Pathway In Response To DNA Damage (GO:1902229),1/15,0.949609652235694,0.9999963078360776,0,0,0.324000791452315,0.0167522247936467,CXCL12,LumB,Suppressed
GO_Biological_Process_2023,Sphingolipid Catabolic Process (GO:0030149),1/15,0.949609652235694,0.9999963078360776,0,0,0.324000791452315,0.0167522247936467,ENPP2,LumB,Suppressed
GO_Biological_Process_2023,Sympathetic Nervous System Development (GO:0048485),1/15,0.949609652235694,0.9999963078360776,0,0,0.324000791452315,0.0167522247936467,SEMA3A,LumB,Suppressed
GO_Biological_Process_2023,tRNA Wobble Base Modification (GO:0002097),1/15,0.949609652235694,0.9999963078360776,0,0,0.324000791452315,0.0167522247936467,TRMT9B,LumB,Suppressed
GO_Biological_Process_2023,tRNA Wobble Uridine Modification (GO:0002098),1/15,0.949609652235694,0.9999963078360776,0,0,0.324000791452315,0.0167522247936467,TRMT9B,LumB,Suppressed
GO_Biological_Process_2023,Cellular Response To Radiation (GO:0071478),5/48,0.95004218178773,0.9999963078360776,0,0,0.5270930877478105,0.0270129375140742,TRPM1;OPN4;GPR88;RGR;SLC6A2,LumB,Suppressed
GO_Biological_Process_2023,Negative Regulation Of ERK1 And ERK2 Cascade (GO:0070373),5/48,0.95004218178773,0.9999963078360776,0,0,0.5270930877478105,0.0270129375140742,GSTP1;SIRPA;SPRY2;SPRY1;DUSP6,LumB,Suppressed
GO_Biological_Process_2023,Oligosaccharide Metabolic Process (GO:0009311),5/48,0.95004218178773,0.9999963078360776,0,0,0.5270930877478105,0.0270129375140742,ST8SIA1;ST8SIA2;B3GALT1;ST6GALNAC3;GAL3ST3,LumB,Suppressed
GO_Biological_Process_2023,Positive Regulation Of Synaptic Transmission (GO:0050806),9/77,0.9522577607681538,0.9999963078360776,0,0,0.5997035960414149,0.029337214297189,SLC8A3;NLGN1;RIMS3;RELN;CHRNA7;SHANK3;NALCN;GRIN2B;CRHR2,LumB,Suppressed
GO_Biological_Process_2023,Glycolipid Metabolic Process (GO:0006664),3/33,0.9526494425692378,0.9999963078360776,0,0,0.4534090909090909,0.021994099308731,UGT8;B3GNT5;ST6GALNAC3,LumB,Suppressed
GO_Biological_Process_2023,Inositol Lipid-Mediated Signaling (GO:0048017),3/33,0.9526494425692378,0.9999963078360776,0,0,0.4534090909090909,0.021994099308731,PDGFRA;IGF1;PLCH2,LumB,Suppressed
GO_Biological_Process_2023,Negative Regulation Of Endocytosis (GO:0045806),3/33,0.9526494425692378,0.9999963078360776,0,0,0.4534090909090909,0.021994099308731,CAV1;ADIPOQ;SIRPA,LumB,Suppressed
GO_Biological_Process_2023,Positive Regulation Of Notch Signaling Pathway (GO:0045747),3/33,0.9526494425692378,0.9999963078360776,0,0,0.4534090909090909,0.021994099308731,CCN3;DLL1;TP63,LumB,Suppressed
GO_Biological_Process_2023,Positive Regulation Of Protein Dephosphorylation (GO:0035307),3/33,0.9526494425692378,0.9999963078360776,0,0,0.4534090909090909,0.021994099308731,PPP1R15A;PPP1R16B;CDH5,LumB,Suppressed
GO_Biological_Process_2023,Positive Regulation Of Reproductive Process (GO:2000243),3/33,0.9526494425692378,0.9999963078360776,0,0,0.4534090909090909,0.021994099308731,PDE3A;TACR1;VIP,LumB,Suppressed
GO_Biological_Process_2023,Positive Regulation Of Binding (GO:0051099),11/91,0.953407061154095,0.9999963078360776,0,0,0.6229131944444445,0.029721262777836,PRKN;CLDN5;CSF3;FOXC1;BMP2;LRP1;CAV1;PPARG;IGF1;NGF;MET,LumB,Suppressed
GO_Biological_Process_2023,O-glycan Processing (GO:0016266),4/41,0.953501550606354,0.9999963078360776,0,0,0.4900980825571898,0.0233356417066065,B3GNT5;B3GNT3;CHST4;GALNT8,LumB,Suppressed
GO_Biological_Process_2023,Stem Cell Differentiation (GO:0048863),4/41,0.953501550606354,0.9999963078360776,0,0,0.4900980825571898,0.0233356417066065,SFRP1;KIT;MEOX1;SOX21,LumB,Suppressed
GO_Biological_Process_2023,Negative Regulation Of Intracellular Protein Transport (GO:0090317),2/25,0.9552649310508154,0.9999963078360776,0,0,0.3943281891888636,0.0180470456217233,KCNE1;APOD,LumB,Suppressed
GO_Biological_Process_2023,Positive Regulation Of T Cell Migration (GO:2000406),2/25,0.9552649310508154,0.9999963078360776,0,0,0.3943281891888636,0.0180470456217233,CXCL12;CCL21,LumB,Suppressed
GO_Biological_Process_2023,Positive Regulation Of Peptidase Activity (GO:0010952),2/25,0.9552649310508154,0.9999963078360776,0,0,0.3943281891888636,0.0180470456217233,SERPINB3;VSIR,LumB,Suppressed
GO_Biological_Process_2023,Regulation Of Biomineral Tissue Development (GO:0070167),2/25,0.9552649310508154,0.9999963078360776,0,0,0.3943281891888636,0.0180470456217233,S1PR1;DDR2,LumB,Suppressed
GO_Biological_Process_2023,Regulation Of Cell Size (GO:0008361),2/25,0.9552649310508154,0.9999963078360776,0,0,0.3943281891888636,0.0180470456217233,EDN1;CAV3,LumB,Suppressed
GO_Biological_Process_2023,Regulation Of Synapse Organization (GO:0050807),2/25,0.9552649310508154,0.9999963078360776,0,0,0.3943281891888636,0.0180470456217233,SLITRK2;KLK8,LumB,Suppressed
GO_Biological_Process_2023,"Wound Healing, Spreading Of Cells (GO:0044319)",2/25,0.9552649310508154,0.9999963078360776,0,0,0.3943281891888636,0.0180470456217233,TMEFF2;PLET1,LumB,Suppressed
GO_Biological_Process_2023,Negative Regulation Of MAPK Cascade (GO:0043409),13/105,0.9553623173118504,0.9999963078360776,0,0,0.640032505981584,0.0292268415548839,CAV3;DUSP1;CAV1;GSTP1;ADIPOQ;FOXO1;DUSP6;RGS2;BMP2;SIRPA;SPRY2;PPARG;SPRY1,LumB,Suppressed
GO_Biological_Process_2023,Negative Regulation Of Cell Growth (GO:0030308),16/125,0.9554513634722692,0.9999963078360776,0,0,0.6647356802899032,0.0302929477112268,NPR1;FHL1;SEMA3G;NRG1;ESR2;SFRP1;WNT11;SOX17;MAP2;HYAL1;MYL2;SCGB3A1;CCN3;AGTR2;OSTN;SLIT2,LumB,Suppressed
GO_Biological_Process_2023,Response To Cytokine (GO:0034097),16/125,0.9554513634722692,0.9999963078360776,0,0,0.6647356802899032,0.0302929477112268,CSF3;PID1;ANXA1;CITED1;MME;ADIPOQ;LIFR;PRKCA;AKAP6;SELE;SELP;CH25H;ALDH1A2;CHI3L1;TIMP4;SNCA,LumB,Suppressed
GO_Biological_Process_2023,Erythrocyte Differentiation (GO:0030218),5/49,0.9558811191475126,0.9999963078360776,0,0,0.5150821862552312,0.0232413972856251,TGFBR3;ALAS2;TAL1;KIT;AHSP,LumB,Suppressed
GO_Biological_Process_2023,Negative Regulation Of T Cell Activation (GO:0050868),5/49,0.9558811191475126,0.9999963078360776,0,0,0.5150821862552312,0.0232413972856251,CR1;PLA2G2A;CTSG;PLA2G5;VSIR,LumB,Suppressed
GO_Biological_Process_2023,Calcium Ion Transport (GO:0006816),14/112,0.9565101112785668,0.9999963078360776,0,0,0.6470074268239406,0.0287684858415457,CACNA2D1;CHRNA7;CAV1;CSN2;NALCN;RYR3;CACNA1G;TRPM1;SLC8A3;CDH23;NMUR1;KCNN4;TRPM6;TRPM3,LumB,Suppressed
GO_Biological_Process_2023,Small GTPase Mediated Signal Transduction (GO:0007264),14/112,0.9565101112785668,0.9999963078360776,0,0,0.6470074268239406,0.0287684858415457,DIRAS3;RASL10A;RRAD;IGF1;PLD1;RASGRP2;FGF2;ART4;CNKSR2;MRAS;DOK5;RASGEF1C;RGL1;RAPGEF3,LumB,Suppressed
GO_Biological_Process_2023,Integrin-Mediated Signaling Pathway (GO:0007229),10/85,0.95710993562306,0.9999963078360776,0,0,0.6040544293251875,0.0264799454154062,DST;ADAMTS1;ITGA10;ITGA7;NEDD9;PTN;PLPP3;CDH17;FERMT2;ITGA9,LumB,Suppressed
GO_Biological_Process_2023,Negative Regulation Of Cell Cycle (GO:0045786),10/85,0.95710993562306,0.9999963078360776,0,0,0.6040544293251875,0.0264799454154062,CDKN1C;CEBPA;NR4A1;MYOCD;FOXC1;BMP2;BRINP1;DUSP1;GAS1;GMNC,LumB,Suppressed
GO_Biological_Process_2023,Negative Regulation Of Cell Death (GO:0060548),7/64,0.9576196580603228,0.9999963078360776,0,0,0.5565161516443717,0.0240997073825313,PRKN;PACRG;CCN6;CCN5;CCN3;CD200;SNCA,LumB,Suppressed
GO_Biological_Process_2023,Positive Regulation Of Interleukin-1 Production (GO:0032732),7/64,0.9576196580603228,0.9999963078360776,0,0,0.5565161516443717,0.0240997073825313,EGR1;IL6;NLRP10;IGHD;SAA1;CD36;NLRP1,LumB,Suppressed
GO_Biological_Process_2023,Negative Regulation Of Cytokine Production (GO:0001818),24/178,0.958680161881981,0.9999963078360776,0,0,0.7053609897211793,0.0297646621097648,PTGER4;PRNP;NMB;ABCD2;ANXA1;CR1;CIDEA;NR1H4;KLF4;DLL1;CX3CL1;VSIR;ZFP36;IL6;RGCC;PSG4;FFAR4;SIRPA;APOD;BPI;PPARA;CD34;ELANE;CD200,LumB,Suppressed
GO_Biological_Process_2023,DNA-templated Transcription Termination (GO:0006353),1/16,0.9587141068045676,0.9999963078360776,0,0,0.302382271468144,0.0127491515459966,FOXE1,LumB,Suppressed
GO_Biological_Process_2023,Cell Surface Toll-Like Receptor Signaling Pathway (GO:0140895),1/16,0.9587141068045676,0.9999963078360776,0,0,0.302382271468144,0.0127491515459966,NR1H4,LumB,Suppressed
GO_Biological_Process_2023,Cellular Response To Gamma Radiation (GO:0071480),1/16,0.9587141068045676,0.9999963078360776,0,0,0.302382271468144,0.0127491515459966,CRYAB,LumB,Suppressed
GO_Biological_Process_2023,Cellular Response To Nitrogen Compound (GO:1901699),1/16,0.9587141068045676,0.9999963078360776,0,0,0.302382271468144,0.0127491515459966,NR1H4,LumB,Suppressed
GO_Biological_Process_2023,Innate Immune Response-Activating Signaling Pathway (GO:0002758),1/16,0.9587141068045676,0.9999963078360776,0,0,0.302382271468144,0.0127491515459966,NLRP1,LumB,Suppressed
GO_Biological_Process_2023,Mitophagy (GO:0000423),1/16,0.9587141068045676,0.9999963078360776,0,0,0.302382271468144,0.0127491515459966,PRKN,LumB,Suppressed
GO_Biological_Process_2023,Negative Regulation Of ATP-dependent Activity (GO:0032780),1/16,0.9587141068045676,0.9999963078360776,0,0,0.302382271468144,0.0127491515459966,PLN,LumB,Suppressed
GO_Biological_Process_2023,Negative Regulation Of Intrinsic Apoptotic Signaling Pathway By P53 Class Mediator (GO:1902254),1/16,0.9587141068045676,0.9999963078360776,0,0,0.302382271468144,0.0127491515459966,PRKN,LumB,Suppressed
GO_Biological_Process_2023,Negative Regulation Of Natural Killer Cell Mediated Cytotoxicity (GO:0045953),1/16,0.9587141068045676,0.9999963078360776,0,0,0.302382271468144,0.0127491515459966,SERPINB4,LumB,Suppressed
GO_Biological_Process_2023,Negative Regulation Of Viral-Induced Cytoplasmic Pattern Recognition Receptor Signaling Pathway (GO:0039532),1/16,0.9587141068045676,0.9999963078360776,0,0,0.302382271468144,0.0127491515459966,RAB7B,LumB,Suppressed
GO_Biological_Process_2023,Nuclear Chromosome Segregation (GO:0098813),1/16,0.9587141068045676,0.9999963078360776,0,0,0.302382271468144,0.0127491515459966,GEM,LumB,Suppressed
GO_Biological_Process_2023,Nuclear Migration (GO:0007097),1/16,0.9587141068045676,0.9999963078360776,0,0,0.302382271468144,0.0127491515459966,SYNE3,LumB,Suppressed
GO_Biological_Process_2023,Protein O-linked Mannosylation (GO:0035269),1/16,0.9587141068045676,0.9999963078360776,0,0,0.302382271468144,0.0127491515459966,TMTC1,LumB,Suppressed
GO_Biological_Process_2023,Protein Localization To Endoplasmic Reticulum (GO:0070972),1/16,0.9587141068045676,0.9999963078360776,0,0,0.302382271468144,0.0127491515459966,PPP1R15A,LumB,Suppressed
GO_Biological_Process_2023,Protein Localization To Mitochondrion (GO:0070585),1/16,0.9587141068045676,0.9999963078360776,0,0,0.302382271468144,0.0127491515459966,RNF186,LumB,Suppressed
GO_Biological_Process_2023,Regulation Of Natural Killer Cell Activation (GO:0032814),1/16,0.9587141068045676,0.9999963078360776,0,0,0.302382271468144,0.0127491515459966,LEP,LumB,Suppressed
GO_Biological_Process_2023,Regulation Of Nucleocytoplasmic Transport (GO:0046822),1/16,0.9587141068045676,0.9999963078360776,0,0,0.302382271468144,0.0127491515459966,PTPN14,LumB,Suppressed
GO_Biological_Process_2023,Regulation Of Protein Kinase C Signaling (GO:0090036),1/16,0.9587141068045676,0.9999963078360776,0,0,0.302382271468144,0.0127491515459966,WNT11,LumB,Suppressed
GO_Biological_Process_2023,Regulation Of Triglyceride Biosynthetic Process (GO:0010866),1/16,0.9587141068045676,0.9999963078360776,0,0,0.302382271468144,0.0127491515459966,GPLD1,LumB,Suppressed
GO_Biological_Process_2023,Ruffle Organization (GO:0031529),1/16,0.9587141068045676,0.9999963078360776,0,0,0.302382271468144,0.0127491515459966,CCL21,LumB,Suppressed
GO_Biological_Process_2023,Membrane Lipid Biosynthetic Process (GO:0046467),6/57,0.9589025823779987,0.9999963078360776,0,0,0.5331810394060537,0.0223753644718246,CERS3;B3GNT5;ELOVL3;SPNS2;PLPP3;PLPP1,LumB,Suppressed
GO_Biological_Process_2023,Myeloid Cell Differentiation (GO:0030099),6/57,0.9589025823779987,0.9999963078360776,0,0,0.5331810394060537,0.0223753644718246,CEBPA;ALAS2;TAL1;ZBTB16;KIT;AHSP,LumB,Suppressed
GO_Biological_Process_2023,ATP Metabolic Process (GO:0046034),3/34,0.959122612333464,0.9999963078360776,0,0,0.4387561690866176,0.0183120845078037,MYH3;ATP1A2;ENPP3,LumB,Suppressed
GO_Biological_Process_2023,Positive Regulation Of Neuron Death (GO:1901216),3/34,0.959122612333464,0.9999963078360776,0,0,0.4387561690866176,0.0183120845078037,PRNP;GRIN2B;SNCA,LumB,Suppressed
GO_Biological_Process_2023,Purine Nucleotide Metabolic Process (GO:0006163),3/34,0.959122612333464,0.9999963078360776,0,0,0.4387561690866176,0.0183120845078037,KRT17;NMRK2;FMO2,LumB,Suppressed
GO_Biological_Process_2023,Embryonic Heart Tube Morphogenesis (GO:0003143),4/42,0.959354047067974,0.9999963078360776,0,0,0.4771715815738403,0.0198002770714186,SOX17;DLL1;FOLR1;TGFBR2,LumB,Suppressed
GO_Biological_Process_2023,Lysosome Localization (GO:0032418),4/42,0.959354047067974,0.9999963078360776,0,0,0.4771715815738403,0.0198002770714186,NR4A3;MRGPRX2;KIT;FCER1A,LumB,Suppressed
GO_Biological_Process_2023,Regulation Of Osteoclast Differentiation (GO:0045670),4/42,0.959354047067974,0.9999963078360776,0,0,0.4771715815738403,0.0198002770714186,TMEM178A;GPR55;NEDD9;TNFSF11,LumB,Suppressed
GO_Biological_Process_2023,Stress-Activated MAPK Cascade (GO:0051403),4/42,0.959354047067974,0.9999963078360776,0,0,0.4771715815738403,0.0198002770714186,PTGER4;MAPK10;ZFP36;MAP2K6,LumB,Suppressed
GO_Biological_Process_2023,Intracellular Iron Ion Homeostasis (GO:0006879),5/50,0.9610899146027648,0.9999963078360776,0,0,0.5036051026067665,0.0199867322307238,ALAS2;SCARA5;FTMT;F3;BMP6,LumB,Suppressed
GO_Biological_Process_2023,Negative Regulation Of Cell Projection Organization (GO:0031345),5/50,0.9610899146027648,0.9999963078360776,0,0,0.5036051026067665,0.0199867322307238,KANK1;PRNP;SEMA3A;SPRY2;GRIN2B,LumB,Suppressed
GO_Biological_Process_2023,Positive Regulation Of Developmental Growth (GO:0048639),5/50,0.9610899146027648,0.9999963078360776,0,0,0.5036051026067665,0.0199867322307238,GHR;LEP;ISLR2;NGF;DLL1,LumB,Suppressed
GO_Biological_Process_2023,Regulation Of Epithelial Cell Migration (GO:0010632),5/50,0.9610899146027648,0.9999963078360776,0,0,0.5036051026067665,0.0199867322307238,BMPER;HYAL1;RHOJ;ENPP2;PTN,LumB,Suppressed
GO_Biological_Process_2023,Regulation Of Mitochondrion Organization (GO:0010821),5/50,0.9610899146027648,0.9999963078360776,0,0,0.5036051026067665,0.0199867322307238,PRKN;PID1;PDE2A;MGARP;PPARGC1A,LumB,Suppressed
GO_Biological_Process_2023,Negative Regulation Of Catabolic Process (GO:0009895),8/72,0.9613735422011892,0.9999963078360776,0,0,0.566368304190952,0.0223105184181788,ALK;HCAR2;SERPINB12;PDE3B;CIDEA;PPARA;EGFR;CIDEC,LumB,Suppressed
GO_Biological_Process_2023,"Wnt Signaling Pathway, Planar Cell Polarity Pathway (GO:0060071)",2/26,0.9621086602270228,0.9999963078360776,0,0,0.377874757550568,0.0145965016497852,WNT11;FZD7,LumB,Suppressed
GO_Biological_Process_2023,Camera-Type Eye Development (GO:0043010),2/26,0.9621086602270228,0.9999963078360776,0,0,0.377874757550568,0.0145965016497852,EFEMP1;NES,LumB,Suppressed
GO_Biological_Process_2023,Establishment Or Maintenance Of Apical/Basal Cell Polarity (GO:0035088),2/26,0.9621086602270228,0.9999963078360776,0,0,0.377874757550568,0.0145965016497852,CRB2;OOEP,LumB,Suppressed
GO_Biological_Process_2023,miRNA-mediated Gene Silencing (GO:0035195),2/26,0.9621086602270228,0.9999963078360776,0,0,0.377874757550568,0.0145965016497852,ZFP36;WTIP,LumB,Suppressed
GO_Biological_Process_2023,Organelle Fusion (GO:0048284),2/26,0.9621086602270228,0.9999963078360776,0,0,0.377874757550568,0.0145965016497852,CIDEA;CIDEC,LumB,Suppressed
GO_Biological_Process_2023,Regulation Of Epidermal Growth Factor-Activated Receptor Activity (GO:0007176),2/26,0.9621086602270228,0.9999963078360776,0,0,0.377874757550568,0.0145965016497852,TGFA;HBEGF,LumB,Suppressed
GO_Biological_Process_2023,Regulation Of Fatty Acid Biosynthetic Process (GO:0042304),2/26,0.9621086602270228,0.9999963078360776,0,0,0.377874757550568,0.0145965016497852,MLXIPL;PDK4,LumB,Suppressed
GO_Biological_Process_2023,Regulation Of Transcription By RNA Polymerase III (GO:0006359),2/26,0.9621086602270228,0.9999963078360776,0,0,0.377874757550568,0.0145965016497852,TENM1;ZFP36L2,LumB,Suppressed
GO_Biological_Process_2023,Positive Regulation Of Cell Cycle (GO:0045787),7/65,0.9621301869805128,0.9999963078360776,0,0,0.546887557885874,0.0211128719752414,TGM1;RGCC;TAL1;PRKCA;PROX1;MEIS2;EGFR,LumB,Suppressed
GO_Biological_Process_2023,Neuron Differentiation (GO:0030182),23/173,0.962745627062898,0.9999963078360776,0,0,0.693974358974359,0.0263474641212594,ALK;IRX1;TENM1;NTRK2;TENM2;EMX2;FZD4;IRX6;FZD7;SPINK5;EN1;ACSL4;BHLHE22;PHOX2A;RNF112;WNT6;WNT11;LMX1A;HAND2;NOVA2;LHX6;DMD;MET,LumB,Suppressed
GO_Biological_Process_2023,Ephrin Receptor Signaling Pathway (GO:0048013),4/43,0.9645176490682584,0.9999963078360776,0,0,0.4649079780768164,0.0167957993920505,EPHB6;PAK3;EPHB1;EPHA2,LumB,Suppressed
GO_Biological_Process_2023,Intracellular Steroid Hormone Receptor Signaling Pathway (GO:0030518),4/43,0.9645176490682584,0.9999963078360776,0,0,0.4649079780768164,0.0167957993920505,RHOXF1;PADI2;ESR2;PLPP1,LumB,Suppressed
GO_Biological_Process_2023,Establishment Of Spindle Orientation (GO:0051294),3/35,0.9647574920105212,0.9999963078360776,0,0,0.4250190548780488,0.0152490516182121,PKHD1;INSC;KIF25,LumB,Suppressed
GO_Biological_Process_2023,Neutral Amino Acid Transport (GO:0015804),3/35,0.9647574920105212,0.9999963078360776,0,0,0.4250190548780488,0.0152490516182121,SLC36A2;SLC6A14;SLC7A10,LumB,Suppressed
GO_Biological_Process_2023,Calcium Ion Transmembrane Transport (GO:0070588),9/80,0.9649265555646492,0.9999963078360776,0,0,0.5742584323263289,0.0205029146337568,TRPM1;SLC8A3;CACNA2D1;NALCN;TRPM6;GRIN2B;RYR3;TRPM3;CACNA1G,LumB,Suppressed
GO_Biological_Process_2023,Regulation Of Rho Protein Signal Transduction (GO:0035023),8/73,0.965341301528714,0.9999963078360776,0,0,0.5576207860970559,0.0196692701623311,KANK1;GPR17;MYOC;GPR55;SLC6A2;MET;ABRA;RASIP1,LumB,Suppressed
GO_Biological_Process_2023,Positive Regulation Of Ras Protein Signal Transduction (GO:0046579),5/51,0.9657282760214894,0.9999963078360776,0,0,0.4926270225951916,0.0171792698896949,GPR17;GPR55;IGF1;NGF;SLC6A2,LumB,Suppressed
GO_Biological_Process_2023,NAD Biosynthetic Process (GO:0009435),1/17,0.9661738804365596,0.9999963078360776,0,0,0.2834660664819944,0.0097544813543232,PTGIS,LumB,Suppressed
GO_Biological_Process_2023,Rac Protein Signal Transduction (GO:0016601),1/17,0.9661738804365596,0.9999963078360776,0,0,0.2834660664819944,0.0097544813543232,CDH13,LumB,Suppressed
GO_Biological_Process_2023,Base Conversion Or Substitution Editing (GO:0016553),1/17,0.9661738804365596,0.9999963078360776,0,0,0.2834660664819944,0.0097544813543232,ADAD2,LumB,Suppressed
GO_Biological_Process_2023,Embryonic Digit Morphogenesis (GO:0042733),1/17,0.9661738804365596,0.9999963078360776,0,0,0.2834660664819944,0.0097544813543232,NOG,LumB,Suppressed
GO_Biological_Process_2023,Embryonic Heart Tube Development (GO:0035050),1/17,0.9661738804365596,0.9999963078360776,0,0,0.2834660664819944,0.0097544813543232,SOX17,LumB,Suppressed
GO_Biological_Process_2023,Filopodium Assembly (GO:0046847),1/17,0.9661738804365596,0.9999963078360776,0,0,0.2834660664819944,0.0097544813543232,MRAP,LumB,Suppressed
GO_Biological_Process_2023,"mRNA Cis Splicing, Via Spliceosome (GO:0045292)",1/17,0.9661738804365596,0.9999963078360776,0,0,0.2834660664819944,0.0097544813543232,SRSF12,LumB,Suppressed
GO_Biological_Process_2023,Microtubule Depolymerization (GO:0007019),1/17,0.9661738804365596,0.9999963078360776,0,0,0.2834660664819944,0.0097544813543232,KIF19,LumB,Suppressed
GO_Biological_Process_2023,Negative Regulation Of Oxidative Stress-Induced Intrinsic Apoptotic Signaling Pathway (GO:1902176),1/17,0.9661738804365596,0.9999963078360776,0,0,0.2834660664819944,0.0097544813543232,PRKN,LumB,Suppressed
GO_Biological_Process_2023,Negative Regulation Of Ubiquitin-Protein Transferase Activity (GO:0051444),1/17,0.9661738804365596,0.9999963078360776,0,0,0.2834660664819944,0.0097544813543232,USP44,LumB,Suppressed
GO_Biological_Process_2023,Peroxisomal Membrane Transport (GO:0015919),1/17,0.9661738804365596,0.9999963078360776,0,0,0.2834660664819944,0.0097544813543232,ABCD2,LumB,Suppressed
GO_Biological_Process_2023,Positive Regulation Of Alpha-Beta T Cell Proliferation (GO:0046641),1/17,0.9661738804365596,0.9999963078360776,0,0,0.2834660664819944,0.0097544813543232,TGFBR2,LumB,Suppressed
GO_Biological_Process_2023,Positive Regulation Of Cell Cycle Phase Transition (GO:1901989),1/17,0.9661738804365596,0.9999963078360776,0,0,0.2834660664819944,0.0097544813543232,GLI1,LumB,Suppressed
GO_Biological_Process_2023,Positive Regulation Of Transcription From RNA Polymerase II Promoter In Response To Stress (GO:0036003),1/17,0.9661738804365596,0.9999963078360776,0,0,0.2834660664819944,0.0097544813543232,KLF2,LumB,Suppressed
GO_Biological_Process_2023,rRNA Transcription (GO:0009303),1/17,0.9661738804365596,0.9999963078360776,0,0,0.2834660664819944,0.0097544813543232,CAVIN1,LumB,Suppressed
GO_Biological_Process_2023,Receptor Recycling (GO:0001881),1/17,0.9661738804365596,0.9999963078360776,0,0,0.2834660664819944,0.0097544813543232,NSG1,LumB,Suppressed
GO_Biological_Process_2023,Regulation Of Aerobic Respiration (GO:1903715),1/17,0.9661738804365596,0.9999963078360776,0,0,0.2834660664819944,0.0097544813543232,COX7A1,LumB,Suppressed
GO_Biological_Process_2023,Regulation Of Cellular Respiration (GO:0043457),1/17,0.9661738804365596,0.9999963078360776,0,0,0.2834660664819944,0.0097544813543232,PRDM16,LumB,Suppressed
GO_Biological_Process_2023,Regulation Of Hematopoietic Progenitor Cell Differentiation (GO:1901532),1/17,0.9661738804365596,0.9999963078360776,0,0,0.2834660664819944,0.0097544813543232,FOXC1,LumB,Suppressed
GO_Biological_Process_2023,Regulation Of Protein Sumoylation (GO:0033233),1/17,0.9661738804365596,0.9999963078360776,0,0,0.2834660664819944,0.0097544813543232,EGR1,LumB,Suppressed
GO_Biological_Process_2023,Regulation Of Receptor Recycling (GO:0001919),1/17,0.9661738804365596,0.9999963078360776,0,0,0.2834660664819944,0.0097544813543232,SNCA,LumB,Suppressed
GO_Biological_Process_2023,Regulation Of Vacuole Organization (GO:0044088),1/17,0.9661738804365596,0.9999963078360776,0,0,0.2834660664819944,0.0097544813543232,RNF186,LumB,Suppressed
GO_Biological_Process_2023,Regulation Of Viral Transcription (GO:0046782),1/17,0.9661738804365596,0.9999963078360776,0,0,0.2834660664819944,0.0097544813543232,ZFP36,LumB,Suppressed
GO_Biological_Process_2023,Sulfur Amino Acid Metabolic Process (GO:0000096),1/17,0.9661738804365596,0.9999963078360776,0,0,0.2834660664819944,0.0097544813543232,CDO1,LumB,Suppressed
GO_Biological_Process_2023,Toll-Like Receptor 4 Signaling Pathway (GO:0034142),1/17,0.9661738804365596,0.9999963078360776,0,0,0.2834660664819944,0.0097544813543232,NR1H4,LumB,Suppressed
GO_Biological_Process_2023,Positive Regulation Of Cellular Process (GO:0048522),91/594,0.9671599353388676,0.9999963078360776,0,0,0.8164795318995121,0.0272633978146645,CSF3;HP;HBB;LAMC2;GLI1;FGF1;FGF2;NCMAP;CX3CL1;CXCL5;TGM1;FGF7;ZFP36;CDH3;FGF9;HYAL1;DUOXA2;DPF3;KRT6A;SERPINB3;PDGFRA;EDN1;CR1;EDN3;IL11RA;SERPINF2;GLP2R;PRKCA;NRG1;LIFR;HBA1;PROX1;POU3F3;TGFBR2;CLDN5;SFRP1;TAL1;HBEGF;CCL14;PTGFR;TNXB;LAMA2;LAMA1;CHRNA7;PDGFA;TGFA;NEDD9;AKAP6;HPR;PTN;DLL1;EGFR;PTHLH;PKHD1;DPP4;FTMT;GRK5;PDGFD;CXCR2;HAS2;DUOX2;NTRK2;EGR2;TSLP;CCL21;CAVIN1;NTRK3;IL34;CAV1;IGF2;LIF;AKR1C3;AKR1C2;VEGFD;IGF1;S100B;MEIS2;BMP6;BMP5;FOSL1;FGF17;MLXIPL;FGF16;BMP2;IL6;CXCL12;SAA1;FOLR2;VIP;LACRT;TDGF1,LumB,Suppressed
GO_Biological_Process_2023,Positive Regulation Of Macromolecule Biosynthetic Process (GO:0010557),15/122,0.9673496974329128,0.9999963078360776,0,0,0.6347395340617301,0.0210703169760012,IL33;CCL21;IGF2;SAMD4A;IGF1;SORBS1;PLD1;KLF4;FGF2;LARP6;FCER2;SLC25A37;IL6;RGCC;VIM,LumB,Suppressed
GO_Biological_Process_2023,Glucose Metabolic Process (GO:0006006),6/59,0.9676437019926718,0.9999963078360776,0,0,0.512998194331772,0.0168731959341582,TKTL1;PFKFB1;KRT17;APOD;PCK1;PPARGC1A,LumB,Suppressed
GO_Biological_Process_2023,Negative Regulation Of Cytokine-Mediated Signaling Pathway (GO:0001960),6/59,0.9676437019926718,0.9999963078360776,0,0,0.512998194331772,0.0168731959341582,IL6;GSTP1;PADI2;PPARG;SLIT2;CCDC3,LumB,Suppressed
GO_Biological_Process_2023,Positive Regulation Of Protein Binding (GO:0032092),6/59,0.9676437019926718,0.9999963078360776,0,0,0.512998194331772,0.0168731959341582,PRKN;CLDN5;CSF3;BMP2;LRP1;CAV1,LumB,Suppressed
GO_Biological_Process_2023,Regulation Of Multicellular Organismal Development (GO:2000026),6/59,0.9676437019926718,0.9999963078360776,0,0,0.512998194331772,0.0168731959341582,SPAAR;SOX17;TNN;PTN;ALOX15B;DUSP6,LumB,Suppressed
GO_Biological_Process_2023,GPI Anchor Metabolic Process (GO:0006505),2/27,0.9679401106011984,0.9999963078360776,0,0,0.3627376004433361,0.0118198275024019,PGAP4;GPLD1,LumB,Suppressed
GO_Biological_Process_2023,Cortical Cytoskeleton Organization (GO:0030865),2/27,0.9679401106011984,0.9999963078360776,0,0,0.3627376004433361,0.0118198275024019,FHOD3;NLGN1,LumB,Suppressed
GO_Biological_Process_2023,Microtubule Polymerization Or Depolymerization (GO:0031109),2/27,0.9679401106011984,0.9999963078360776,0,0,0.3627376004433361,0.0118198275024019,TPPP2;MAP7D3,LumB,Suppressed
GO_Biological_Process_2023,Myeloid Cell Development (GO:0061515),2/27,0.9679401106011984,0.9999963078360776,0,0,0.3627376004433361,0.0118198275024019,ALAS2;KIT,LumB,Suppressed
GO_Biological_Process_2023,Regulation Of Androgen Receptor Signaling Pathway (GO:0060765),2/27,0.9679401106011984,0.9999963078360776,0,0,0.3627376004433361,0.0118198275024019,SFRP1;TCF21,LumB,Suppressed
GO_Biological_Process_2023,Regulation Of Immunoglobulin Production (GO:0002637),2/27,0.9679401106011984,0.9999963078360776,0,0,0.3627376004433361,0.0118198275024019,IL6;CR1,LumB,Suppressed
GO_Biological_Process_2023,Regulation Of Microtubule Polymerization Or Depolymerization (GO:0031110),2/27,0.9679401106011984,0.9999963078360776,0,0,0.3627376004433361,0.0118198275024019,MAP2;GAS2L2,LumB,Suppressed
GO_Biological_Process_2023,Regulation Of Transcription Regulatory Region DNA Binding (GO:2000677),2/27,0.9679401106011984,0.9999963078360776,0,0,0.3627376004433361,0.0118198275024019,HAND2;IGF1,LumB,Suppressed
GO_Biological_Process_2023,Negative Regulation Of Protein Phosphorylation (GO:0001933),19/149,0.968306255772282,0.9999963078360776,0,0,0.6615577351379133,0.0213066985569695,PRKN;PRNP;PID1;CAV3;LRP1;CAV1;GSTP1;NTRK3;NOG;KLHL31;MLXIPL;SFRP1;SIRPA;SPRY2;PPARG;DMD;SLIT2;PLPP3;SNCA,LumB,Suppressed
GO_Biological_Process_2023,Phosphatidylinositol Phosphate Biosynthetic Process (GO:0046854),4/44,0.9690652601843344,0.9999963078360776,0,0,0.4532575547546437,0.0142428578144555,SOCS2;SOCS3;PIK3C2G;PIK3R1,LumB,Suppressed
GO_Biological_Process_2023,Response To Unfolded Protein (GO:0006986),4/44,0.9690652601843344,0.9999963078360776,0,0,0.4532575547546437,0.0142428578144555,PRKN;PACRG;HSPB7;HSPB3,LumB,Suppressed
GO_Biological_Process_2023,Receptor Signaling Pathway Via JAK-STAT (GO:0007259),3/36,0.969653843839864,0.9999963078360776,0,0,0.4121144930457569,0.0126997751096469,GHR;STAT5A;LEP,LumB,Suppressed
GO_Biological_Process_2023,Regulation Of Erythrocyte Differentiation (GO:0045646),3/36,0.969653843839864,0.9999963078360776,0,0,0.4121144930457569,0.0126997751096469,ZFP36;TAL1;HOXA5,LumB,Suppressed
GO_Biological_Process_2023,Regulation Of Intracellular Protein Transport (GO:0033157),3/36,0.969653843839864,0.9999963078360776,0,0,0.4121144930457569,0.0126997751096469,TENM1;SH3TC2;PTPN14,LumB,Suppressed
GO_Biological_Process_2023,Rho Protein Signal Transduction (GO:0007266),5/52,0.9698515971978188,0.9999963078360776,0,0,0.4821160949245348,0.0147586399949938,ROPN1B;NGFR;RHOJ;CDH13;RHOU,LumB,Suppressed
GO_Biological_Process_2023,Icosanoid Metabolic Process (GO:0006690),5/52,0.9698515971978188,0.9999963078360776,0,0,0.4821160949245348,0.0147586399949938,CPA1;PTGIS;PLA2G4A;ALOX15B;MGLL,LumB,Suppressed
GO_Biological_Process_2023,Negative Regulation Of Response To Stimulus (GO:0048585),5/52,0.9698515971978188,0.9999963078360776,0,0,0.4821160949245348,0.0147586399949938,KIF26A;HHIP;SPINK5;SLIT2;KLF4,LumB,Suppressed
GO_Biological_Process_2023,Regulation Of Cell Development (GO:0060284),5/52,0.9698515971978188,0.9999963078360776,0,0,0.4821160949245348,0.0147586399949938,CX3CR1;BHLHE41;PTN;DLL1;CX3CL1,LumB,Suppressed
GO_Biological_Process_2023,Regulation Of Peptide Hormone Secretion (GO:0090276),5/52,0.9698515971978188,0.9999963078360776,0,0,0.4821160949245348,0.0147586399949938,CRHBP;IL6;RASL10B;FFAR3;KCNA5,LumB,Suppressed
GO_Biological_Process_2023,Regulation Of Proteolysis (GO:0030162),5/52,0.9698515971978188,0.9999963078360776,0,0,0.4821160949245348,0.0147586399949938,SERPINB3;SERPINB4;SERPINB13;CAV1;CAPN3,LumB,Suppressed
GO_Biological_Process_2023,Positive Regulation Of Transferase Activity (GO:0051347),18/143,0.9698671890914716,0.9999963078360776,0,0,0.6518274422488172,0.0199434006291799,ALK;PDGFRA;NTRK2;CHRNA7;NTRK3;TIE1;ADIPOQ;ARRDC3;IGF2;KLF4;EGFR;TYRO3;ROR1;TEK;MET;CD200;EPHA2;DDR2,LumB,Suppressed
GO_Biological_Process_2023,Organonitrogen Compound Biosynthetic Process (GO:1901566),15/123,0.9700949438607956,0.9999963078360776,0,0,0.6288236929922135,0.0190919249160548,CERS3;ALAS2;PCYT1B;GSTP1;SPNS2;ELOVL3;PLA2G4A;LCAT;PCSK5;GSTA1;DMD;PLPP3;CDO1;PLPP1;OTC,LumB,Suppressed
GO_Biological_Process_2023,Positive Regulation Of Hydrolase Activity (GO:0051345),23/176,0.9701624330401332,0.9999963078360776,0,0,0.6802413273001509,0.0206057102677071,CCL14;CCL13;CCL24;CCL23;CCL21;CAV2;ODAM;ADRB1;RASGRP2;SLC6A2;CX3CL1;PREX2;DOCK11;SFRP1;BMP2;WNT11;RASGEF1C;RGL1;RGS6;CD200;FERMT2;RAPGEF3;CCL16,LumB,Suppressed
GO_Biological_Process_2023,Sensory Perception Of Mechanical Stimulus (GO:0050954),10/89,0.9713160358390992,0.9999963078360776,0,0,0.5733287870106405,0.0166858107382697,CLIC5;KCNE1;GRXCR2;TMIE;SPNS2;COL4A3;MYO7B;CDH23;PAX3;ROR1,LumB,Suppressed
GO_Biological_Process_2023,Protein Processing (GO:0016485),14/117,0.9721311140556836,0.9999963078360776,0,0,0.6154103608454726,0.0173943231402745,CPM;MME;CPXM2;PTCH1;TMPRSS2;PCSK5;PRSS12;VSIR;KLK6;ADAMTS3;CPXM1;CTSG;MASP1;PRSS3,LumB,Suppressed
GO_Biological_Process_2023,Associative Learning (GO:0008306),1/18,0.9722860088120042,0.9999963078360776,0,0,0.2667752973765683,0.0074977917767983,DRD2,LumB,Suppressed
GO_Biological_Process_2023,Detection Of Mechanical Stimulus (GO:0050982),1/18,0.9722860088120042,0.9999963078360776,0,0,0.2667752973765683,0.0074977917767983,PKD1L2,LumB,Suppressed
GO_Biological_Process_2023,Intracellular Lipid Transport (GO:0032365),1/18,0.9722860088120042,0.9999963078360776,0,0,0.2667752973765683,0.0074977917767983,ABCD2,LumB,Suppressed
GO_Biological_Process_2023,Maintenance Of Gastrointestinal Epithelium (GO:0030277),1/18,0.9722860088120042,0.9999963078360776,0,0,0.2667752973765683,0.0074977917767983,MUC4,LumB,Suppressed
GO_Biological_Process_2023,ncRNA-mediated Post-Transcriptional Gene Silencing (GO:0035194),1/18,0.9722860088120042,0.9999963078360776,0,0,0.2667752973765683,0.0074977917767983,WTIP,LumB,Suppressed
GO_Biological_Process_2023,Negative Regulation Of ERBB Signaling Pathway (GO:1901185),1/18,0.9722860088120042,0.9999963078360776,0,0,0.2667752973765683,0.0074977917767983,EGFR,LumB,Suppressed
GO_Biological_Process_2023,Negative Regulation Of T Cell Receptor Signaling Pathway (GO:0050860),1/18,0.9722860088120042,0.9999963078360776,0,0,0.2667752973765683,0.0074977917767983,PRNP,LumB,Suppressed
GO_Biological_Process_2023,Negative Regulation Of Nervous System Development (GO:0051961),1/18,0.9722860088120042,0.9999963078360776,0,0,0.2667752973765683,0.0074977917767983,IL6,LumB,Suppressed
GO_Biological_Process_2023,Negative Regulation Of Signal Transduction By P53 Class Mediator (GO:1901797),1/18,0.9722860088120042,0.9999963078360776,0,0,0.2667752973765683,0.0074977917767983,PRKN,LumB,Suppressed
GO_Biological_Process_2023,Neuromuscular Process (GO:0050905),1/18,0.9722860088120042,0.9999963078360776,0,0,0.2667752973765683,0.0074977917767983,KCNA1,LumB,Suppressed
GO_Biological_Process_2023,Positive Regulation Of NLRP3 Inflammasome Complex Assembly (GO:1900227),1/18,0.9722860088120042,0.9999963078360776,0,0,0.2667752973765683,0.0074977917767983,CD36,LumB,Suppressed
GO_Biological_Process_2023,Positive Regulation Of Epidermal Cell Differentiation (GO:0045606),1/18,0.9722860088120042,0.9999963078360776,0,0,0.2667752973765683,0.0074977917767983,FOXC1,LumB,Suppressed
GO_Biological_Process_2023,Positive Regulation Of Establishment Of Protein Localization (GO:1904951),1/18,0.9722860088120042,0.9999963078360776,0,0,0.2667752973765683,0.0074977917767983,CORO2B,LumB,Suppressed
GO_Biological_Process_2023,Positive Regulation Of Neutrophil Chemotaxis (GO:0090023),1/18,0.9722860088120042,0.9999963078360776,0,0,0.2667752973765683,0.0074977917767983,CCL21,LumB,Suppressed
GO_Biological_Process_2023,Positive Regulation Of Phosphoprotein Phosphatase Activity (GO:0032516),1/18,0.9722860088120042,0.9999963078360776,0,0,0.2667752973765683,0.0074977917767983,PPP1R15A,LumB,Suppressed
GO_Biological_Process_2023,Positive Regulation Of Response To Endoplasmic Reticulum Stress (GO:1905898),1/18,0.9722860088120042,0.9999963078360776,0,0,0.2667752973765683,0.0074977917767983,PIK3R1,LumB,Suppressed
GO_Biological_Process_2023,Pulmonary Valve Morphogenesis (GO:0003184),1/18,0.9722860088120042,0.9999963078360776,0,0,0.2667752973765683,0.0074977917767983,SLIT2,LumB,Suppressed
GO_Biological_Process_2023,Regulation Of T Cell Cytokine Production (GO:0002724),1/18,0.9722860088120042,0.9999963078360776,0,0,0.2667752973765683,0.0074977917767983,CLC,LumB,Suppressed
GO_Biological_Process_2023,Regulation Of Cell Cycle G2/M Phase Transition (GO:1902749),1/18,0.9722860088120042,0.9999963078360776,0,0,0.2667752973765683,0.0074977917767983,KCNH5,LumB,Suppressed
GO_Biological_Process_2023,Regulation Of Dendrite Extension (GO:1903859),1/18,0.9722860088120042,0.9999963078360776,0,0,0.2667752973765683,0.0074977917767983,OSTN,LumB,Suppressed
GO_Biological_Process_2023,Regulation Of Exosomal Secretion (GO:1903541),1/18,0.9722860088120042,0.9999963078360776,0,0,0.2667752973765683,0.0074977917767983,PRKN,LumB,Suppressed
GO_Biological_Process_2023,Regulation Of Histone Modification (GO:0031056),1/18,0.9722860088120042,0.9999963078360776,0,0,0.2667752973765683,0.0074977917767983,MYOCD,LumB,Suppressed
GO_Biological_Process_2023,Regulation Of Lymphocyte Activation (GO:0051249),1/18,0.9722860088120042,0.9999963078360776,0,0,0.2667752973765683,0.0074977917767983,LEP,LumB,Suppressed
GO_Biological_Process_2023,Regulation Of Mitochondrial Outer Membrane Permeabilization Involved In Apoptotic Signaling Pathway (GO:1901028),1/18,0.9722860088120042,0.9999963078360776,0,0,0.2667752973765683,0.0074977917767983,FZD9,LumB,Suppressed
GO_Biological_Process_2023,Regulation Of Protein Neddylation (GO:2000434),1/18,0.9722860088120042,0.9999963078360776,0,0,0.2667752973765683,0.0074977917767983,EPAS1,LumB,Suppressed
GO_Biological_Process_2023,Vesicle-Mediated Transport In Synapse (GO:0099003),1/18,0.9722860088120042,0.9999963078360776,0,0,0.2667752973765683,0.0074977917767983,SNCA,LumB,Suppressed
GO_Biological_Process_2023,RNA Phosphodiester Bond Hydrolysis (GO:0090501),2/28,0.9729016056981163,0.9999963078360776,0,0,0.3487648400366605,0.0095813815842343,ZC3H12C;ZC3H12B,LumB,Suppressed
GO_Biological_Process_2023,Protein Depolymerization (GO:0051261),2/28,0.9729016056981163,0.9999963078360776,0,0,0.3487648400366605,0.0095813815842343,GSN;CFL2,LumB,Suppressed
GO_Biological_Process_2023,Pyroptosis (GO:0070269),2/28,0.9729016056981163,0.9999963078360776,0,0,0.3487648400366605,0.0095813815842343,NLRP1;ELANE,LumB,Suppressed
GO_Biological_Process_2023,"Regulation Of DNA Damage Response, Signal Transduction By P53 Class Mediator (GO:0043516)",2/28,0.9729016056981163,0.9999963078360776,0,0,0.3487648400366605,0.0095813815842343,PLA2R1;HIC1,LumB,Suppressed
GO_Biological_Process_2023,Regulation Of Protein Transport (GO:0051223),2/28,0.9729016056981163,0.9999963078360776,0,0,0.3487648400366605,0.0095813815842343,SH3TC2;SAA1,LumB,Suppressed
GO_Biological_Process_2023,Sterol Biosynthetic Process (GO:0016126),2/28,0.9729016056981163,0.9999963078360776,0,0,0.3487648400366605,0.0095813815842343,CH25H;CES1,LumB,Suppressed
GO_Biological_Process_2023,Vascular Endothelial Growth Factor Receptor Signaling Pathway (GO:0048010),2/28,0.9729016056981163,0.9999963078360776,0,0,0.3487648400366605,0.0095813815842343,CLEC14A;VEGFD,LumB,Suppressed
GO_Biological_Process_2023,Zymogen Activation (GO:0031638),4/45,0.9730635048047572,0.9999963078360776,0,0,0.4421754447652599,0.0120740125878265,MASP1;PRSS3;PRSS12;VSIR,LumB,Suppressed
GO_Biological_Process_2023,Actin Polymerization Or Depolymerization (GO:0008154),5/53,0.97351103764789,0.9999963078360776,0,0,0.4720431225734886,0.0126725244852826,GSN;CFL2;FAM107A;WASF3;GAS7,LumB,Suppressed
GO_Biological_Process_2023,Mitochondrion Disassembly (GO:0061726),3/37,0.973901263952313,0.9999963078360776,0,0,0.3999690230859528,0.0105773216807044,PRKN;GABARAPL1;MAP1LC3C,LumB,Suppressed
GO_Biological_Process_2023,Positive Regulation Of Immune Effector Process (GO:0002699),3/37,0.973901263952313,0.9999963078360776,0,0,0.3999690230859528,0.0105773216807044,FCN2;PLA2G5;PCK1,LumB,Suppressed
GO_Biological_Process_2023,Synaptic Vesicle Cycle (GO:0099504),3/37,0.973901263952313,0.9999963078360776,0,0,0.3999690230859528,0.0105773216807044,NLGN1;SLC17A7;SNCA,LumB,Suppressed
GO_Biological_Process_2023,Monocarboxylic Acid Metabolic Process (GO:0032787),11/97,0.974000012530852,0.9999963078360776,0,0,0.5792409560723514,0.0152595020103192,GPAM;KRT17;ACSM1;AKR1C1;CYP1A2;CYP1A1;ACSL4;GLYAT;IGF1;CD36;ABCB11,LumB,Suppressed
GO_Biological_Process_2023,Regulation Of Cell Division (GO:0051302),9/83,0.9744827676534792,0.9999963078360776,0,0,0.5508763899935472,0.0142392972206245,TAL1;INSC;ESRRB;TXNIP;KLHL13;FGF1;DLL1;TP63;OOEP,LumB,Suppressed
GO_Biological_Process_2023,Negative Regulation Of Autophagy (GO:0010507),6/61,0.97464744987854,0.9999963078360776,0,0,0.4942831925356197,0.0126929270737746,LEP;LEPR;KIF25;MET;RASIP1;SNCA,LumB,Suppressed
GO_Biological_Process_2023,Positive Regulation Of Interleukin-8 Production (GO:0032757),6/61,0.97464744987854,0.9999963078360776,0,0,0.4942831925356197,0.0126929270737746,IL6;NLRP10;LEP;CHI3L1;IL17D;ELANE,LumB,Suppressed
GO_Biological_Process_2023,Positive Regulation Of Interleukin-6 Production (GO:0032755),8/76,0.9751279034113992,0.9999963078360776,0,0,0.5329219114789963,0.0134225089228856,C1QTNF4;IL33;IL6;TSLP;NLRP10;LEP;RAB7B;IL17D,LumB,Suppressed
GO_Biological_Process_2023,Neuron Projection Development (GO:0031175),25/192,0.9760934701137648,0.9999963078360776,0,0,0.6772010914033617,0.0163861864533971,NLGN1;NYAP1;TNXB;PTPRM;BHLHE22;KLK8;NTF4;MAP2;NPY;TUNAR;PAK3;EPHB1;GPM6B;MYOC;NGF;MYO16;GPRIN2;IL6;ADGRF1;PLP1;MGARP;SGK1;SHANK3;NEUROG2;GAS7,LumB,Suppressed
GO_Biological_Process_2023,Positive Regulation Of Stress-Activated MAPK Cascade (GO:0032874),12/105,0.9764681101604252,0.9999963078360776,0,0,0.5842483127033495,0.0139128140236331,EDAR;SH3RF2;BMP2;CCL21;FZD7;HAND2;SEMA3A;LEP;SERPINF2;IGFBP6;MID1;MTURN,LumB,Suppressed
GO_Biological_Process_2023,Positive Regulation Of Protein-Containing Complex Assembly (GO:0031334),11/98,0.9764890320122736,0.9999963078360776,0,0,0.5725478927203065,0.0136219224338581,CDH5;FERMT1;TPPP2;TAL1;NRG1;CD36;TRABD2B;FERMT2;RASIP1;TRABD2A;SNCA,LumB,Suppressed
GO_Biological_Process_2023,Positive Regulation Of Cell-Cell Adhesion (GO:0022409),4/46,0.97657300266403,0.9999963078360776,0,0,0.4316210542991802,0.0102319102808181,SERPINF2;TNFSF11;PLPP3;CX3CL1,LumB,Suppressed
GO_Biological_Process_2023,JNK Cascade (GO:0007254),2/29,0.9771170905237674,0.9999963078360776,0,0,0.3358270989193682,0.0077739900205182,PTGER4;MAPK10,LumB,Suppressed
GO_Biological_Process_2023,RNA Biosynthetic Process (GO:0032774),2/29,0.9771170905237674,0.9999963078360776,0,0,0.3358270989193682,0.0077739900205182,FOXE1;ZFP36L2,LumB,Suppressed
GO_Biological_Process_2023,Alpha-Amino Acid Catabolic Process (GO:1901606),2/29,0.9771170905237674,0.9999963078360776,0,0,0.3358270989193682,0.0077739900205182,HPD;OTC,LumB,Suppressed
GO_Biological_Process_2023,Carbohydrate Derivative Biosynthetic Process (GO:1901137),2/29,0.9771170905237674,0.9999963078360776,0,0,0.3358270989193682,0.0077739900205182,B3GNT5;DDR2,LumB,Suppressed
GO_Biological_Process_2023,Establishment Of Mitotic Spindle Orientation (GO:0000132),2/29,0.9771170905237674,0.9999963078360776,0,0,0.3358270989193682,0.0077739900205182,PKHD1;INSC,LumB,Suppressed
GO_Biological_Process_2023,Organic Cyclic Compound Biosynthetic Process (GO:1901362),2/29,0.9771170905237674,0.9999963078360776,0,0,0.3358270989193682,0.0077739900205182,RDH8;HSD3B1,LumB,Suppressed
GO_Biological_Process_2023,Protein K11-linked Ubiquitination (GO:0070979),2/29,0.9771170905237674,0.9999963078360776,0,0,0.3358270989193682,0.0077739900205182,PRKN;UBE2L5,LumB,Suppressed
GO_Biological_Process_2023,Protein Acetylation (GO:0006473),2/29,0.9771170905237674,0.9999963078360776,0,0,0.3358270989193682,0.0077739900205182,LACRT;FOXO1,LumB,Suppressed
GO_Biological_Process_2023,DNA Catabolic Process (GO:0006308),1/19,0.9772938941773912,0.9999963078360776,0,0,0.2519390581717451,0.0057865008405135,DNASE1L3,LumB,Suppressed
GO_Biological_Process_2023,Cellular Response To Lectin (GO:1990858),1/19,0.9772938941773912,0.9999963078360776,0,0,0.2519390581717451,0.0057865008405135,PAK3,LumB,Suppressed
GO_Biological_Process_2023,Cortical Actin Cytoskeleton Organization (GO:0030866),1/19,0.9772938941773912,0.9999963078360776,0,0,0.2519390581717451,0.0057865008405135,FHOD3,LumB,Suppressed
GO_Biological_Process_2023,Establishment Of Epithelial Cell Polarity (GO:0090162),1/19,0.9772938941773912,0.9999963078360776,0,0,0.2519390581717451,0.0057865008405135,FERMT1,LumB,Suppressed
GO_Biological_Process_2023,Heme Biosynthetic Process (GO:0006783),1/19,0.9772938941773912,0.9999963078360776,0,0,0.2519390581717451,0.0057865008405135,ALAS2,LumB,Suppressed
GO_Biological_Process_2023,Insulin Secretion (GO:0030073),1/19,0.9772938941773912,0.9999963078360776,0,0,0.2519390581717451,0.0057865008405135,ANXA1,LumB,Suppressed
GO_Biological_Process_2023,Negative Regulation Of RNA Splicing (GO:0033119),1/19,0.9772938941773912,0.9999963078360776,0,0,0.2519390581717451,0.0057865008405135,SRSF12,LumB,Suppressed
GO_Biological_Process_2023,Negative Regulation Of Execution Phase Of Apoptosis (GO:1900118),1/19,0.9772938941773912,0.9999963078360776,0,0,0.2519390581717451,0.0057865008405135,CIDEA,LumB,Suppressed
GO_Biological_Process_2023,Negative Regulation Of Telomere Maintenance Via Telomerase (GO:0032211),1/19,0.9772938941773912,0.9999963078360776,0,0,0.2519390581717451,0.0057865008405135,TENM1,LumB,Suppressed
GO_Biological_Process_2023,Protein Heterooligomerization (GO:0051291),1/19,0.9772938941773912,0.9999963078360776,0,0,0.2519390581717451,0.0057865008405135,GRIN2B,LumB,Suppressed
GO_Biological_Process_2023,Protein Insertion Into Membrane (GO:0051205),1/19,0.9772938941773912,0.9999963078360776,0,0,0.2519390581717451,0.0057865008405135,EGFR,LumB,Suppressed
GO_Biological_Process_2023,rRNA Catabolic Process (GO:0016075),1/19,0.9772938941773912,0.9999963078360776,0,0,0.2519390581717451,0.0057865008405135,ERN2,LumB,Suppressed
GO_Biological_Process_2023,Regulation Of Autophagy Of Mitochondrion (GO:1903146),1/19,0.9772938941773912,0.9999963078360776,0,0,0.2519390581717451,0.0057865008405135,PRKN,LumB,Suppressed
GO_Biological_Process_2023,Regulation Of Centriole Replication (GO:0046599),1/19,0.9772938941773912,0.9999963078360776,0,0,0.2519390581717451,0.0057865008405135,C10ORF90,LumB,Suppressed
GO_Biological_Process_2023,Regulation Of Transcription Involved In G1/S Transition Of Mitotic Cell Cycle (GO:0000083),1/19,0.9772938941773912,0.9999963078360776,0,0,0.2519390581717451,0.0057865008405135,ESRRB,LumB,Suppressed
GO_Biological_Process_2023,Release Of Cytochrome C From Mitochondria (GO:0001836),1/19,0.9772938941773912,0.9999963078360776,0,0,0.2519390581717451,0.0057865008405135,FZD9,LumB,Suppressed
GO_Biological_Process_2023,snRNA Processing (GO:0016180),1/19,0.9772938941773912,0.9999963078360776,0,0,0.2519390581717451,0.0057865008405135,INTS6L,LumB,Suppressed
GO_Biological_Process_2023,Stimulatory C-type Lectin Receptor Signaling Pathway (GO:0002223),1/19,0.9772938941773912,0.9999963078360776,0,0,0.2519390581717451,0.0057865008405135,PAK3,LumB,Suppressed
GO_Biological_Process_2023,Superoxide Anion Generation (GO:0042554),1/19,0.9772938941773912,0.9999963078360776,0,0,0.2519390581717451,0.0057865008405135,DUOX2,LumB,Suppressed
GO_Biological_Process_2023,Establishment Of Protein Localization To Plasma Membrane (GO:0061951),3/38,0.9775798679825616,0.9999963078360776,0,0,0.3885175799809946,0.0088097464978441,TRARG1;NECTIN3;SPTBN1,LumB,Suppressed
GO_Biological_Process_2023,Regulation Of Neurotransmitter Secretion (GO:0046928),3/38,0.9775798679825616,0.9999963078360776,0,0,0.3885175799809946,0.0088097464978441,RIMS3;SNCAIP;MCTP2,LumB,Suppressed
GO_Biological_Process_2023,Monoatomic Cation Homeostasis (GO:0055080),8/77,0.97777949369646,0.9999963078360776,0,0,0.5251662262124558,0.0118010632777997,JPH2;KCNA1;CAV1;ALPL;SLC39A12;CLDN16;BMP6;SNCA,LumB,Suppressed
GO_Biological_Process_2023,Regulation Of T Cell Proliferation (GO:0042129),8/77,0.97777949369646,0.9999963078360776,0,0,0.5251662262124558,0.0118010632777997,IL6;ANXA1;CR1;CD209;LEP;PLA2G2A;PLA2G5;CLC,LumB,Suppressed
GO_Biological_Process_2023,Regulation Of Cell Population Proliferation (GO:0042127),118/766,0.9784520290793656,0.9999963078360776,0,0,0.8206174253268441,0.0178759347059954,CSF3;CHRM1;FGF1;FGF2;FGF7;FGF9;CCN6;TNFRSF8;JUNB;SOX7;CER1;TNS2;KRT6A;PDGFRA;IL11RA;P3H2;LIFR;POU3F3;ACE2;CLDN5;SFRP1;SFRP5;COL4A3;GPLD1;PLPP1;PTGFR;CHRNA7;NPR3;PDGFA;TGFA;PKHD1;DPP4;GRK5;PDGFD;IGFBP6;DRD2;STAT5A;JUN;TSLP;IGF2;LIF;IGF1;ALOX15B;BMP6;BMP5;FOSL1;FGF17;MLXIPL;FGF16;BMP2;IL6;RGCC;NR4A3;SCGB3A1;LACRT;TDGF1;CD200;ALK;TENM1;ELN;CXCL1;LAMC2;GLI1;CX3CL1;CXCL5;ADAMTS1;EMILIN2;ADAMTS8;SERPINB3;FGFBP1;EDN1;MYOCD;CR1;EDN3;TESC;GKN1;AVPR2;GLP2R;NRG1;PROX1;NGF;ECRG4;TGFBR2;ALDH1A2;KIT;MMRN2;CLDN19;CDH13;SGK1;SGK2;HBEGF;CCL14;CEBPA;TNXB;PTN;DLL1;EGFR;PTHLH;FTMT;CXCR2;HAS2;NTRK2;CCL23;NTRK3;IL34;AKR1C3;AKR1C2;VEGFD;PODN;S100B;PTPN14;MEIS2;MYO16;SST;FABP7;FOLR2;VIP;PF4,LumB,Suppressed
GO_Biological_Process_2023,Positive Regulation Of Protein Localization (GO:1903829),9/85,0.9794639215987736,0.9999963078360776,0,0,0.536313889944183,0.0111284465866541,PRKN;NGFR;RIC3;PECAM1;LIF;NEDD9;CORO2B;FERMT2;TMEM35A,LumB,Suppressed
GO_Biological_Process_2023,Purine Ribonucleotide Biosynthetic Process (GO:0009152),5/55,0.9796225443066934,0.9999963078360776,0,0,0.4531059345535219,0.0093285179668514,NPR1;NPR2;ADCY4;AMPD1;AK5,LumB,Suppressed
GO_Biological_Process_2023,Cellular Response To Nutrient Levels (GO:0031669),8/78,0.9801687573338492,0.9999963078360776,0,0,0.5176321319535307,0.0103684411762163,SFRP1;MAP1LC3C;KCNB1;FAM107A;PDK4;PPARA;PRKAG3;FOXO1,LumB,Suppressed
GO_Biological_Process_2023,Regulation Of Interleukin-6 Production (GO:0032675),13/114,0.9806837922797772,0.9999963078360776,0,0,0.5826779453932053,0.0113652518448967,IL33;NMB;TSLP;CX3CL1;C1QTNF4;IL6;NLRP10;LEP;SIRPA;BPI;RAB7B;IL17D;CD200,LumB,Suppressed
GO_Biological_Process_2023,Monoatomic Ion Transport (GO:0006811),12/107,0.9806920319571824,0.9999963078360776,0,0,0.5718781532881941,0.0111497948193124,SLC8A3;CHRNA2;SLC36A2;CHRNA7;SLC9A9;SLC26A7;SLC4A1;SLC17A7;SLC1A7;SLC26A3;TRPM3;CNGB1,LumB,Suppressed
GO_Biological_Process_2023,Homologous Chromosome Pairing At Meiosis (GO:0007129),2/30,0.9806941264872332,0.9999963078360776,0,0,0.3238134821675968,0.0063126355853835,TERB2;IHO1,LumB,Suppressed
GO_Biological_Process_2023,Innate Immune Response Activating Cell Surface Receptor Signaling Pathway (GO:0002220),2/30,0.9806941264872332,0.9999963078360776,0,0,0.3238134821675968,0.0063126355853835,FCN2;PAK3,LumB,Suppressed
GO_Biological_Process_2023,Mitotic G2 DNA Damage Checkpoint Signaling (GO:0007095),2/30,0.9806941264872332,0.9999963078360776,0,0,0.3238134821675968,0.0063126355853835,FOXN3;CDC14B,LumB,Suppressed
GO_Biological_Process_2023,Negative Regulation Of Carbohydrate Metabolic Process (GO:0045912),2/30,0.9806941264872332,0.9999963078360776,0,0,0.3238134821675968,0.0063126355853835,ADIPOQ;PPARA,LumB,Suppressed
GO_Biological_Process_2023,Positive Regulation Of Protein Targeting To Mitochondrion (GO:1903955),2/30,0.9806941264872332,0.9999963078360776,0,0,0.3238134821675968,0.0063126355853835,UBL4B;RHOU,LumB,Suppressed
GO_Biological_Process_2023,Response To Amino Acid (GO:0043200),2/30,0.9806941264872332,0.9999963078360776,0,0,0.3238134821675968,0.0063126355853835,CPEB1;SPAAR,LumB,Suppressed
GO_Biological_Process_2023,RNA Transport (GO:0050658),3/39,0.9807610126671764,0.9999963078360776,0,0,0.3777023281596452,0.0073374211088419,POM121L2;ZFP36;TGFBR2,LumB,Suppressed
GO_Biological_Process_2023,Negative Regulation Of Lymphocyte Proliferation (GO:0050672),3/39,0.9807610126671764,0.9999963078360776,0,0,0.3777023281596452,0.0073374211088419,CR1;PLA2G2A;PLA2G5,LumB,Suppressed
GO_Biological_Process_2023,Positive Regulation Of Cytokinesis (GO:0032467),3/39,0.9807610126671764,0.9999963078360776,0,0,0.3777023281596452,0.0073374211088419,MRGPRX2;DRD2;CDC14B,LumB,Suppressed
GO_Biological_Process_2023,Regulation Of Protein Targeting To Mitochondrion (GO:1903214),3/39,0.9807610126671764,0.9999963078360776,0,0,0.3777023281596452,0.0073374211088419,PRKN;UBL4B;RHOU,LumB,Suppressed
GO_Biological_Process_2023,Regulation Of Hydrolase Activity (GO:0051336),7/71,0.981180004589864,0.9999963078360776,0,0,0.4954347599889012,0.0094129360944465,MRAP;NTRK2;PPP1R17;CAV1;NOS1;RASIP1;PLXNA4,LumB,Suppressed
GO_Biological_Process_2023,DNA Methylation (GO:0006306),1/20,0.981396987115754,0.9999963078360776,0,0,0.2386645283569033,0.004481696288669,FOS,LumB,Suppressed
GO_Biological_Process_2023,Endoplasmic Reticulum Calcium Ion Homeostasis (GO:0032469),1/20,0.981396987115754,0.9999963078360776,0,0,0.2386645283569033,0.004481696288669,TUNAR,LumB,Suppressed
GO_Biological_Process_2023,Epithelial Cilium Movement Involved In Extracellular Fluid Movement (GO:0003351),1/20,0.981396987115754,0.9999963078360776,0,0,0.2386645283569033,0.004481696288669,AQP4,LumB,Suppressed
GO_Biological_Process_2023,Lipopolysaccharide-Mediated Signaling Pathway (GO:0031663),1/20,0.981396987115754,0.9999963078360776,0,0,0.2386645283569033,0.004481696288669,BPI,LumB,Suppressed
GO_Biological_Process_2023,Mesoderm Formation (GO:0001707),1/20,0.981396987115754,0.9999963078360776,0,0,0.2386645283569033,0.004481696288669,CRB2,LumB,Suppressed
GO_Biological_Process_2023,Negative Regulation Of Phosphate Metabolic Process (GO:0045936),1/20,0.981396987115754,0.9999963078360776,0,0,0.2386645283569033,0.004481696288669,CDKN1C,LumB,Suppressed
GO_Biological_Process_2023,Negative Regulation Of Viral Life Cycle (GO:1903901),1/20,0.981396987115754,0.9999963078360776,0,0,0.2386645283569033,0.004481696288669,GSN,LumB,Suppressed
GO_Biological_Process_2023,Positive Regulation Of Antigen Receptor-Mediated Signaling Pathway (GO:0050857),1/20,0.981396987115754,0.9999963078360776,0,0,0.2386645283569033,0.004481696288669,KCNN4,LumB,Suppressed
GO_Biological_Process_2023,Pulmonary Valve Development (GO:0003177),1/20,0.981396987115754,0.9999963078360776,0,0,0.2386645283569033,0.004481696288669,SLIT2,LumB,Suppressed
GO_Biological_Process_2023,Receptor Metabolic Process (GO:0043112),1/20,0.981396987115754,0.9999963078360776,0,0,0.2386645283569033,0.004481696288669,NSG1,LumB,Suppressed
GO_Biological_Process_2023,Regulation Of Phosphatase Activity (GO:0010921),1/20,0.981396987115754,0.9999963078360776,0,0,0.2386645283569033,0.004481696288669,PPP1R17,LumB,Suppressed
GO_Biological_Process_2023,Regulation Of Protein Localization To Cell Periphery (GO:1904375),1/20,0.981396987115754,0.9999963078360776,0,0,0.2386645283569033,0.004481696288669,SPTBN1,LumB,Suppressed
GO_Biological_Process_2023,Regulation Of Spindle Organization (GO:0090224),1/20,0.981396987115754,0.9999963078360776,0,0,0.2386645283569033,0.004481696288669,GNAI1,LumB,Suppressed
GO_Biological_Process_2023,Positive Regulation Of Catabolic Process (GO:0009896),8/79,0.982318866327836,0.9999963078360776,0,0,0.5103102657018994,0.0091035841521797,PRKN;CAV3;GPC3;C4BPA;ASB5;VIP;VSIR;FOXO1,LumB,Suppressed
GO_Biological_Process_2023,Cellular Defense Response (GO:0006968),4/48,0.982340158896718,0.9999963078360776,0,0,0.4119515084305769,0.0073400022821561,CX3CR1;FOSL1;IL1RL2;CXCR2,LumB,Suppressed
GO_Biological_Process_2023,Cellular Response To Mechanical Stimulus (GO:0071260),4/48,0.982340158896718,0.9999963078360776,0,0,0.4119515084305769,0.0073400022821561,PTGER4;PDE2A;TNFRSF8;AQP1,LumB,Suppressed
GO_Biological_Process_2023,Regulation Of Tumor Necrosis Factor-Mediated Signaling Pathway (GO:0010803),4/48,0.982340158896718,0.9999963078360776,0,0,0.4119515084305769,0.0073400022821561,PRKN;GSTP1;ADIPOQ;CCDC3,LumB,Suppressed
GO_Biological_Process_2023,Negative Regulation Of Protein Localization (GO:1903828),3/40,0.9835080255453004,0.9999963078360776,0,0,0.3674716845448553,0.0061108633954079,CAV3;CORO2B;GPM6B,LumB,Suppressed
GO_Biological_Process_2023,Positive Regulation Of Catalytic Activity (GO:0043085),3/40,0.9835080255453004,0.9999963078360776,0,0,0.3674716845448553,0.0061108633954079,FTMT;CAV1;IGF2,LumB,Suppressed
GO_Biological_Process_2023,Protein Localization To Cilium (GO:0061512),3/40,0.9835080255453004,0.9999963078360776,0,0,0.3674716845448553,0.0061108633954079,ROPN1B;TULP2;ROPN1,LumB,Suppressed
GO_Biological_Process_2023,Regulation Of Protein Dephosphorylation (GO:0035304),3/40,0.9835080255453004,0.9999963078360776,0,0,0.3674716845448553,0.0061108633954079,PPP1R15A;PPP1R16B;CDH5,LumB,Suppressed
GO_Biological_Process_2023,Synaptic Vesicle Endocytosis (GO:0048488),3/40,0.9835080255453004,0.9999963078360776,0,0,0.3674716845448553,0.0061108633954079,NLGN1;SYT8;SNCA,LumB,Suppressed
GO_Biological_Process_2023,Negative Regulation Of DNA Biosynthetic Process (GO:2000279),2/31,0.9837257654226488,0.9999963078360776,0,0,0.3126283907090511,0.0051296424145585,TENM1;ADIPOQ,LumB,Suppressed
GO_Biological_Process_2023,Positive Regulation Of Lamellipodium Organization (GO:1902745),2/31,0.9837257654226488,0.9999963078360776,0,0,0.3126283907090511,0.0051296424145585,ENPP2;PIK3R1,LumB,Suppressed
GO_Biological_Process_2023,Receptor Signaling Pathway Via STAT (GO:0097696),2/31,0.9837257654226488,0.9999963078360776,0,0,0.3126283907090511,0.0051296424145585,GHR;STAT5A,LumB,Suppressed
GO_Biological_Process_2023,Regulation Of Centrosome Duplication (GO:0010824),2/31,0.9837257654226488,0.9999963078360776,0,0,0.3126283907090511,0.0051296424145585,C10ORF90;PKHD1,LumB,Suppressed
GO_Biological_Process_2023,Regulation Of Extrinsic Apoptotic Signaling Pathway Via Death Domain Receptors (GO:1902041),2/31,0.9837257654226488,0.9999963078360776,0,0,0.3126283907090511,0.0051296424145585,SFRP1;BMP5,LumB,Suppressed
GO_Biological_Process_2023,Regulation Of Gluconeogenesis (GO:0006111),2/31,0.9837257654226488,0.9999963078360776,0,0,0.3126283907090511,0.0051296424145585,PPARGC1A;FOXO1,LumB,Suppressed
GO_Biological_Process_2023,Regulation Of Protein Autophosphorylation (GO:0031952),2/31,0.9837257654226488,0.9999963078360776,0,0,0.3126283907090511,0.0051296424145585,PDGFD;PDGFA,LumB,Suppressed
GO_Biological_Process_2023,Regulation Of Response To Biotic Stimulus (GO:0002831),2/31,0.9837257654226488,0.9999963078360776,0,0,0.3126283907090511,0.0051296424145585,CD36;CX3CL1,LumB,Suppressed
GO_Biological_Process_2023,Positive Regulation Of T Cell Proliferation (GO:0042102),6/65,0.9846413256768932,0.9999963078360776,0,0,0.4606596299866005,0.0071300162742347,IL6;ANXA1;CD209;LEP;IGF2;IGF1,LumB,Suppressed
GO_Biological_Process_2023,Negative Regulation Of Cysteine-Type Endopeptidase Activity Involved In Apoptotic Process (GO:0043154),4/49,0.984692044838144,0.9999963078360776,0,0,0.4027723870252287,0.0062133003725771,FABP1;KLF4;AQP1;SNCA,LumB,Suppressed
GO_Biological_Process_2023,Neurogenesis (GO:0022008),4/49,0.984692044838144,0.9999963078360776,0,0,0.4027723870252287,0.0062133003725771,LRP4;FAT4;EPHB1;EGFR,LumB,Suppressed
GO_Biological_Process_2023,Proton Transmembrane Transport (GO:1902600),4/49,0.984692044838144,0.9999963078360776,0,0,0.4027723870252287,0.0062133003725771,ATP4A;SLC36A2;FXYD2;ATP1A2,LumB,Suppressed
GO_Biological_Process_2023,Anaphase-Promoting Complex-Dependent Catabolic Process (GO:0031145),1/21,0.9847587213955687,0.9999963078360776,0,0,0.2267174515235457,0.0034820673471515,ECRG4,LumB,Suppressed
GO_Biological_Process_2023,Chaperone-Mediated Protein Complex Assembly (GO:0051131),1/21,0.9847587213955687,0.9999963078360776,0,0,0.2267174515235457,0.0034820673471515,TMEM35A,LumB,Suppressed
GO_Biological_Process_2023,Modulation By Host Of Viral Genome Replication (GO:0044827),1/21,0.9847587213955687,0.9999963078360776,0,0,0.2267174515235457,0.0034820673471515,PRKN,LumB,Suppressed
GO_Biological_Process_2023,Negative Regulation Of Biomineral Tissue Development (GO:0070168),1/21,0.9847587213955687,0.9999963078360776,0,0,0.2267174515235457,0.0034820673471515,STATH,LumB,Suppressed
GO_Biological_Process_2023,Porphyrin-Containing Compound Biosynthetic Process (GO:0006779),1/21,0.9847587213955687,0.9999963078360776,0,0,0.2267174515235457,0.0034820673471515,ALAS2,LumB,Suppressed
GO_Biological_Process_2023,Positive Regulation Of T Cell Cytokine Production (GO:0002726),1/21,0.9847587213955687,0.9999963078360776,0,0,0.2267174515235457,0.0034820673471515,IL6,LumB,Suppressed
GO_Biological_Process_2023,Positive Regulation Of Granulocyte Chemotaxis (GO:0071624),1/21,0.9847587213955687,0.9999963078360776,0,0,0.2267174515235457,0.0034820673471515,CCL21,LumB,Suppressed
GO_Biological_Process_2023,Positive Regulation Of Interferon-Alpha Production (GO:0032727),1/21,0.9847587213955687,0.9999963078360776,0,0,0.2267174515235457,0.0034820673471515,NMB,LumB,Suppressed
GO_Biological_Process_2023,Protein Mannosylation (GO:0035268),1/21,0.9847587213955687,0.9999963078360776,0,0,0.2267174515235457,0.0034820673471515,TMTC1,LumB,Suppressed
GO_Biological_Process_2023,Purine Nucleotide Biosynthetic Process (GO:0006164),1/21,0.9847587213955687,0.9999963078360776,0,0,0.2267174515235457,0.0034820673471515,HAAO,LumB,Suppressed
GO_Biological_Process_2023,Regulation Of Cell-Substrate Junction Assembly (GO:0090109),1/21,0.9847587213955687,0.9999963078360776,0,0,0.2267174515235457,0.0034820673471515,GPM6B,LumB,Suppressed
GO_Biological_Process_2023,Regulation Of Transferase Activity (GO:0051338),1/21,0.9847587213955687,0.9999963078360776,0,0,0.2267174515235457,0.0034820673471515,LDB2,LumB,Suppressed
GO_Biological_Process_2023,Zinc Ion Transmembrane Transport (GO:0071577),1/21,0.9847587213955687,0.9999963078360776,0,0,0.2267174515235457,0.0034820673471515,SLC39A12,LumB,Suppressed
GO_Biological_Process_2023,Positive Regulation Of Defense Response (GO:0031349),14/124,0.9855783077754448,0.9999963078360776,0,0,0.5760002021886926,0.0083673796035942,PTGER4;CEBPA;IL33;TSLP;PDE2A;PLA2G2A;CX3CL1;GPRC5B;NLRP10;MMRN2;S100A12;EMILIN2;NLRP1;SNCA,LumB,Suppressed
GO_Biological_Process_2023,Detection Of Chemical Stimulus Involved In Sensory Perception Of Bitter Taste (GO:0001580),3/41,0.9858769249401784,0.9999963078360776,0,0,0.3577794958571595,0.0050889678023527,PIGR;PIP;CA6,LumB,Suppressed
GO_Biological_Process_2023,Positive Regulation Of Viral Process (GO:0048524),3/41,0.9858769249401784,0.9999963078360776,0,0,0.3577794958571595,0.0050889678023527,CD209;TYRO3;PPARA,LumB,Suppressed
GO_Biological_Process_2023,Regulation Of Microtubule-Based Process (GO:0032886),3/41,0.9858769249401784,0.9999963078360776,0,0,0.3577794958571595,0.0050889678023527,PHLDB1;FAM107A;MID1,LumB,Suppressed
GO_Biological_Process_2023,Chromosome Condensation (GO:0030261),2/32,0.9862922809525918,0.9999963078360776,0,0,0.3021889720144084,0.0041709745639468,ERN2;H1-9P,LumB,Suppressed
GO_Biological_Process_2023,Female Gamete Generation (GO:0007292),2/32,0.9862922809525918,0.9999963078360776,0,0,0.3021889720144084,0.0041709745639468,IHO1;PTN,LumB,Suppressed
GO_Biological_Process_2023,Transition Metal Ion Transport (GO:0000041),2/32,0.9862922809525918,0.9999963078360776,0,0,0.3021889720144084,0.0041709745639468,TTYH1;F3,LumB,Suppressed
GO_Biological_Process_2023,Regulation Of Endocytosis (GO:0030100),6/66,0.9864853318439224,0.9999963078360776,0,0,0.4529542302357836,0.0061632678187119,LRP1;GPC3;CDH13;OLFM4;DLL1;SNCA,LumB,Suppressed
GO_Biological_Process_2023,Pyruvate Metabolic Process (GO:0006090),4/50,0.9867443757288497,0.9999963078360776,0,0,0.3939923578548956,0.0052575381352382,PFKFB1;NR4A3;KRT17;PCK1,LumB,Suppressed
GO_Biological_Process_2023,Regulation Of Cellular Component Organization (GO:0051128),18/153,0.9872511390053588,0.9999963078360776,0,0,0.6031728360701364,0.007739205165179,PRDM5;PTCH2;FAM107A;LTBP4;NRG1;RASGRP2;SNCAIP;KLK8;SLC6A2;GFAP;SOCS2;ANGPTL7;SLITRK2;CDH13;CD36;SGK1;SGK2;PAPPA2,LumB,Suppressed
GO_Biological_Process_2023,Fc Receptor Mediated Stimulatory Signaling Pathway (GO:0002431),1/22,0.9875130162860434,0.9999963078360776,0,0,0.2159081915314602,0.0027130162402209,NR4A3,LumB,Suppressed
GO_Biological_Process_2023,Dendritic Cell Differentiation (GO:0097028),1/22,0.9875130162860434,0.9999963078360776,0,0,0.2159081915314602,0.0027130162402209,TGFBR2,LumB,Suppressed
GO_Biological_Process_2023,Membrane Protein Ectodomain Proteolysis (GO:0006509),1/22,0.9875130162860434,0.9999963078360776,0,0,0.2159081915314602,0.0027130162402209,MMP7,LumB,Suppressed
GO_Biological_Process_2023,Natural Killer Cell Activation Involved In Immune Response (GO:0002323),1/22,0.9875130162860434,0.9999963078360776,0,0,0.2159081915314602,0.0027130162402209,IFNE,LumB,Suppressed
GO_Biological_Process_2023,Negative Regulation Of Extrinsic Apoptotic Signaling Pathway In Absence Of Ligand (GO:2001240),1/22,0.9875130162860434,0.9999963078360776,0,0,0.2159081915314602,0.0027130162402209,PF4,LumB,Suppressed
GO_Biological_Process_2023,Negative Regulation Of Macroautophagy (GO:0016242),1/22,0.9875130162860434,0.9999963078360776,0,0,0.2159081915314602,0.0027130162402209,FEZ1,LumB,Suppressed
GO_Biological_Process_2023,Negative Regulation Of Signal Transduction In Absence Of Ligand (GO:1901099),1/22,0.9875130162860434,0.9999963078360776,0,0,0.2159081915314602,0.0027130162402209,PF4,LumB,Suppressed
GO_Biological_Process_2023,Organelle Fission (GO:0048285),1/22,0.9875130162860434,0.9999963078360776,0,0,0.2159081915314602,0.0027130162402209,PRKN,LumB,Suppressed
GO_Biological_Process_2023,Peptidyl-Glutamic Acid Modification (GO:0018200),1/22,0.9875130162860434,0.9999963078360776,0,0,0.2159081915314602,0.0027130162402209,TTLL10,LumB,Suppressed
GO_Biological_Process_2023,Regulation Of Catabolic Process (GO:0009894),1/22,0.9875130162860434,0.9999963078360776,0,0,0.2159081915314602,0.0027130162402209,RARRES2,LumB,Suppressed
GO_Biological_Process_2023,Regulation Of Vascular Endothelial Growth Factor Receptor Signaling Pathway (GO:0030947),1/22,0.9875130162860434,0.9999963078360776,0,0,0.2159081915314602,0.0027130162402209,MMRN2,LumB,Suppressed
GO_Biological_Process_2023,Response To Gamma Radiation (GO:0010332),1/22,0.9875130162860434,0.9999963078360776,0,0,0.2159081915314602,0.0027130162402209,CRYAB,LumB,Suppressed
GO_Biological_Process_2023,snRNA 3'-End Processing (GO:0034472),1/22,0.9875130162860434,0.9999963078360776,0,0,0.2159081915314602,0.0027130162402209,INTS6L,LumB,Suppressed
GO_Biological_Process_2023,Regulation Of Phosphorylation (GO:0042325),8/82,0.987541384925782,0.9999963078360776,0,0,0.4895319966094321,0.00613720110703,CDKN1C;ROPN1B;CDH5;FZD7;LDB2;IGF1;ROPN1;EGFR,LumB,Suppressed
GO_Biological_Process_2023,Amino Acid Transmembrane Transport (GO:0003333),3/42,0.9879171142321488,0.9999963078360776,0,0,0.3485843424867815,0.0042375576225314,SLC36A2;SLC6A14;SLC7A10,LumB,Suppressed
GO_Biological_Process_2023,Ceramide Biosynthetic Process (GO:0046513),3/42,0.9879171142321488,0.9999963078360776,0,0,0.3485843424867815,0.0042375576225314,CERS3;ST8SIA2;ST6GALNAC3,LumB,Suppressed
GO_Biological_Process_2023,Negative Regulation Of I-kappaB kinase/NF-kappaB Signaling (GO:0043124),3/42,0.9879171142321488,0.9999963078360776,0,0,0.3485843424867815,0.0042375576225314,PER1;GSTP1;NR1H4,LumB,Suppressed
GO_Biological_Process_2023,Sensory Perception Of Bitter Taste (GO:0050913),3/42,0.9879171142321488,0.9999963078360776,0,0,0.3485843424867815,0.0042375576225314,PIGR;PIP;CA6,LumB,Suppressed
GO_Biological_Process_2023,Positive Regulation Of Proteolysis (GO:0045862),5/59,0.9880962229182884,0.9999963078360776,0,0,0.4194398225180255,0.005022873396484,CCBE1;ANGPTL8;CAPN3;GPLD1;SH3D19,LumB,Suppressed
GO_Biological_Process_2023,Regulation Of Neurogenesis (GO:0050767),6/67,0.9881196661464032,0.9999963078360776,0,0,0.4455014665423705,0.0053243969611661,CX3CR1;IL6;MME;BHLHE41;DLL1;CX3CL1,LumB,Suppressed
GO_Biological_Process_2023,Axonogenesis (GO:0007409),23/188,0.988418057937812,0.9999963078360776,0,0,0.6303030303030303,0.0073427373169343,EPHB6;SEMA5A;ROBO3;ROBO4;SEMA3D;SEMA6D;SEMA3A;SEMA3G;NEXN;S100B;MYPN;KIAA1755;CXCL12;RELN;SLITRK2;FEZ1;BOC;SLITRK3;SLIT2;DRD2;PAK3;LGR6;EPHB1,LumB,Suppressed
GO_Biological_Process_2023,Actin Filament Bundle Assembly (GO:0051017),2/33,0.9884627482154976,0.9999963078360776,0,0,0.292423064203291,0.0033933714690186,FAM107A;NEDD9,LumB,Suppressed
GO_Biological_Process_2023,Actin Filament Bundle Organization (GO:0061572),2/33,0.9884627482154976,0.9999963078360776,0,0,0.292423064203291,0.0033933714690186,FAM107A;NEDD9,LumB,Suppressed
GO_Biological_Process_2023,Negative Regulation Of Small Molecule Metabolic Process (GO:0062014),2/33,0.9884627482154976,0.9999963078360776,0,0,0.292423064203291,0.0033933714690186,ADIPOQ;PPARA,LumB,Suppressed
GO_Biological_Process_2023,Positive Regulation Of Cytokine Production Involved In Immune Response (GO:0002720),2/33,0.9884627482154976,0.9999963078360776,0,0,0.292423064203291,0.0033933714690186,KIT;FFAR3,LumB,Suppressed
GO_Biological_Process_2023,Positive Regulation Of Epidermal Growth Factor Receptor Signaling Pathway (GO:0045742),2/33,0.9884627482154976,0.9999963078360776,0,0,0.292423064203291,0.0033933714690186,TGFA;HBEGF,LumB,Suppressed
GO_Biological_Process_2023,Positive Regulation Of Establishment Of Protein Localization To Mitochondrion (GO:1903749),2/33,0.9884627482154976,0.9999963078360776,0,0,0.292423064203291,0.0033933714690186,UBL4B;RHOU,LumB,Suppressed
GO_Biological_Process_2023,Microtubule Bundle Formation (GO:0001578),4/51,0.988532952425668,0.9999963078360776,0,0,0.38558594694713,0.0044470788414429,RP1L1;TPPP2;CAPN6;GAS2L2,LumB,Suppressed
GO_Biological_Process_2023,Regulated Exocytosis (GO:0045055),4/51,0.988532952425668,0.9999963078360776,0,0,0.38558594694713,0.0044470788414429,CRHBP;RIMS3;SYT15;SNCA,LumB,Suppressed
GO_Biological_Process_2023,Regulation Of Extrinsic Apoptotic Signaling Pathway (GO:2001236),5/60,0.989619292931239,0.9999963078360776,0,0,0.4117884334190491,0.0042969968225793,GSTP1;CAV1;G0S2;AGTR2;IGF1,LumB,Suppressed
GO_Biological_Process_2023,Glycolipid Biosynthetic Process (GO:0009247),3/43,0.9896720427435014,0.9999963078360776,0,0,0.3398489467849224,0.0035281964519096,ST8SIA1;PGAP4;B3GNT5,LumB,Suppressed
GO_Biological_Process_2023,Neurotransmitter Secretion (GO:0007269),3/43,0.9896720427435014,0.9999963078360776,0,0,0.3398489467849224,0.0035281964519096,DOC2B;SYN2;SNCA,LumB,Suppressed
GO_Biological_Process_2023,Regulation Of JUN Kinase Activity (GO:0043506),3/43,0.9896720427435014,0.9999963078360776,0,0,0.3398489467849224,0.0035281964519096,SERPINB3;EDN1;GSTP1,LumB,Suppressed
GO_Biological_Process_2023,Regulation Of Cell-Cell Adhesion (GO:0022407),3/43,0.9896720427435014,0.9999963078360776,0,0,0.3398489467849224,0.0035281964519096,DPP4;PKHD1;PLPP3,LumB,Suppressed
GO_Biological_Process_2023,Actin Nucleation (GO:0045010),1/23,0.9897696052385831,0.9999963078360776,0,0,0.2060815915386552,0.0021191545059713,LMOD1,LumB,Suppressed
GO_Biological_Process_2023,Cholesterol Efflux (GO:0033344),1/23,0.9897696052385831,0.9999963078360776,0,0,0.2060815915386552,0.0021191545059713,ABCA8,LumB,Suppressed
GO_Biological_Process_2023,Cytosolic Pattern Recognition Receptor Signaling Pathway (GO:0002753),1/23,0.9897696052385831,0.9999963078360776,0,0,0.2060815915386552,0.0021191545059713,MAP2K6,LumB,Suppressed
GO_Biological_Process_2023,Entrainment Of Circadian Clock By Photoperiod (GO:0043153),1/23,0.9897696052385831,0.9999963078360776,0,0,0.2060815915386552,0.0021191545059713,PER1,LumB,Suppressed
GO_Biological_Process_2023,Lymphocyte Activation Involved In Immune Response (GO:0002285),1/23,0.9897696052385831,0.9999963078360776,0,0,0.2060815915386552,0.0021191545059713,IFNE,LumB,Suppressed
GO_Biological_Process_2023,Negative Regulation Of Epidermal Growth Factor Receptor Signaling Pathway (GO:0042059),1/23,0.9897696052385831,0.9999963078360776,0,0,0.2060815915386552,0.0021191545059713,EGFR,LumB,Suppressed
GO_Biological_Process_2023,Negative Regulation Of Extrinsic Apoptotic Signaling Pathway Via Death Domain Receptors (GO:1902042),1/23,0.9897696052385831,0.9999963078360776,0,0,0.2060815915386552,0.0021191545059713,BMP5,LumB,Suppressed
GO_Biological_Process_2023,Negative Regulation Of Lymphocyte Activation (GO:0051250),1/23,0.9897696052385831,0.9999963078360776,0,0,0.2060815915386552,0.0021191545059713,CTSG,LumB,Suppressed
GO_Biological_Process_2023,Negative Regulation Of Oxidative Stress-Induced Cell Death (GO:1903202),1/23,0.9897696052385831,0.9999963078360776,0,0,0.2060815915386552,0.0021191545059713,PRKN,LumB,Suppressed
GO_Biological_Process_2023,Negative Regulation Of Protein Depolymerization (GO:1901880),1/23,0.9897696052385831,0.9999963078360776,0,0,0.2060815915386552,0.0021191545059713,PLEKHH2,LumB,Suppressed
GO_Biological_Process_2023,Positive Regulation Of Lamellipodium Assembly (GO:0010592),1/23,0.9897696052385831,0.9999963078360776,0,0,0.2060815915386552,0.0021191545059713,PIK3R1,LumB,Suppressed
GO_Biological_Process_2023,Positive Regulation Of Neuron Apoptotic Process (GO:0043525),1/23,0.9897696052385831,0.9999963078360776,0,0,0.2060815915386552,0.0021191545059713,PRNP,LumB,Suppressed
GO_Biological_Process_2023,Regulation Of Cell Junction Assembly (GO:1901888),1/23,0.9897696052385831,0.9999963078360776,0,0,0.2060815915386552,0.0021191545059713,CLDN19,LumB,Suppressed
GO_Biological_Process_2023,Regulation Of Centrosome Cycle (GO:0046605),1/23,0.9897696052385831,0.9999963078360776,0,0,0.2060815915386552,0.0021191545059713,PKHD1,LumB,Suppressed
GO_Biological_Process_2023,Regulation Of Toll-Like Receptor 4 Signaling Pathway (GO:0034143),1/23,0.9897696052385831,0.9999963078360776,0,0,0.2060815915386552,0.0021191545059713,RAB7B,LumB,Suppressed
GO_Biological_Process_2023,Establishment Of Mitotic Spindle Localization (GO:0040001),2/34,0.9902964693097112,0.9999963078360776,0,0,0.2832675256303685,0.0027621180560596,PKHD1;INSC,LumB,Suppressed
GO_Biological_Process_2023,Microtubule Polymerization (GO:0046785),2/34,0.9902964693097112,0.9999963078360776,0,0,0.2832675256303685,0.0027621180560596,TPPP2;MAP7D3,LumB,Suppressed
GO_Biological_Process_2023,Organophosphate Biosynthetic Process (GO:0090407),2/34,0.9902964693097112,0.9999963078360776,0,0,0.2832675256303685,0.0027621180560596,FGF2;DDR2,LumB,Suppressed
GO_Biological_Process_2023,Regulation Of T Cell Receptor Signaling Pathway (GO:0050856),2/34,0.9902964693097112,0.9999963078360776,0,0,0.2832675256303685,0.0027621180560596,PRNP;KCNN4,LumB,Suppressed
GO_Biological_Process_2023,Regulation Of Neuronal Synaptic Plasticity (GO:0048168),2/34,0.9902964693097112,0.9999963078360776,0,0,0.2832675256303685,0.0027621180560596,DRD2;GRIN2B,LumB,Suppressed
GO_Biological_Process_2023,Superoxide Metabolic Process (GO:0006801),2/34,0.9902964693097112,0.9999963078360776,0,0,0.2832675256303685,0.0027621180560596,SOD3;DUOX2,LumB,Suppressed
GO_Biological_Process_2023,Positive Regulation Of Protein Catabolic Process (GO:0045732),9/92,0.990678036286506,0.9999963078360776,0,0,0.4908718717178542,0.0045973513957758,PRKN;ECSCR;GPC3;C4BPA;ASB5;VIP;GPLD1;FOXO1;SH3D19,LumB,Suppressed
GO_Biological_Process_2023,Cell Morphogenesis Involved In Neuron Differentiation (GO:0048667),7/77,0.99098747325692,0.9999963078360776,0,0,0.4528024417314095,0.0040993949424666,SLITRK2;MAP2;SLITRK3;LRP4;DRD2;PAK3;S100B,LumB,Suppressed
GO_Biological_Process_2023,Positive Regulation Of JNK Cascade (GO:0046330),7/77,0.99098747325692,0.9999963078360776,0,0,0.4528024417314095,0.0040993949424666,EDAR;SH3RF2;CCL21;SEMA3A;FZD7;SERPINF2;MTURN,LumB,Suppressed
GO_Biological_Process_2023,Sphingolipid Biosynthetic Process (GO:0030148),7/77,0.99098747325692,0.9999963078360776,0,0,0.4528024417314095,0.0040993949424666,CERS3;ST8SIA1;ELOVL3;SPNS2;ABCA8;PLPP3;PLPP1,LumB,Suppressed
GO_Biological_Process_2023,Neuron Development (GO:0048666),17/150,0.9910948597347712,0.9999963078360776,0,0,0.5781398404190777,0.0051714770647017,ALK;TENM1;NTRK2;TENM2;NLGN1;TNXB;MYOC;LGI4;PTPRM;RP1L1;GPRIN2;IL6;ADGRF1;MAP2;NPY;NOVA2;DMD,LumB,Suppressed
GO_Biological_Process_2023,Synaptic Vesicle Recycling (GO:0036465),3/44,0.9911798256350292,0.9999963078360776,0,0,0.3315396679465686,0.0029372101593224,NLGN1;SYT8;SNCA,LumB,Suppressed
GO_Biological_Process_2023,Positive Regulation Of Amide Metabolic Process (GO:0034250),8/85,0.9912936628844566,0.9999963078360776,0,0,0.4703728134202738,0.0041131556386905,IL6;CHRNA7;PSG1;NR1H4;SAMD4A;VIM;PLD1;LARP6,LumB,Suppressed
GO_Biological_Process_2023,Glycoprotein Metabolic Process (GO:0009100),4/53,0.9914430391977536,0.9999963078360776,0,0,0.3698024815692842,0.0031780018328629,ST8SIA1;ST8SIA2;ST6GALNAC3;CNMD,LumB,Suppressed
GO_Biological_Process_2023,mRNA Stabilization (GO:0048255),4/53,0.9914430391977536,0.9999963078360776,0,0,0.3698024815692842,0.0031780018328629,ZFP36;IGF2BP2;VIP;YBX3,LumB,Suppressed
GO_Biological_Process_2023,Positive Regulation Of Intracellular Signal Transduction (GO:1902533),75/525,0.991588410185519,0.9999963078360776,0,0,0.7512726244343891,0.0063461252332523,SEMA5A;CSF3;SCHIP1;FGF1;FGF2;CX3CL1;NR3C2;C1QTNF4;IQCJ-SCHIP1;FFAR4;TNFSF11;WLS;PDGFRA;MYOC;VWF;ADIPOQ;ARRDC3;ADRA2B;FRMD1;DCN;EDAR;GPRC5B;ADRB3;DOK5;GFRAL;KIT;PELI1;CDH13;CHI3L1;PPARG;ROR1;HBEGF;DDR2;CX3CR1;PRKN;NLGN1;CHRNA7;PELI2;PDGFA;ADRB2;NTS;EGFR;ART4;RELN;WNT11;PDGFD;S100A12;IGFBP6;LURAP1;P2RY12;NTRK2;CCL21;F10;ANGPT1;CAV2;NTRK3;CAV1;SCTR;IGF2;LIF;AKR1C3;AKR1C2;IGF1;S100B;BMP6;SELP;POMC;BMP2;IL6;LEP;SPRY2;TEK;LACRT;TDGF1;FERMT2,LumB,Suppressed
GO_Biological_Process_2023,Negative Regulation Of Antigen Receptor-Mediated Signaling Pathway (GO:0050858),1/24,0.991618403092226,0.9999963078360776,0,0,0.1971094785017463,0.0016590547128936,PRNP,LumB,Suppressed
GO_Biological_Process_2023,Outflow Tract Septum Morphogenesis (GO:0003148),1/24,0.991618403092226,0.9999963078360776,0,0,0.1971094785017463,0.0016590547128936,TGFBR2,LumB,Suppressed
GO_Biological_Process_2023,Peroxisome Organization (GO:0007031),1/24,0.991618403092226,0.9999963078360776,0,0,0.1971094785017463,0.0016590547128936,ABCD2,LumB,Suppressed
GO_Biological_Process_2023,Photoperiodism (GO:0009648),1/24,0.991618403092226,0.9999963078360776,0,0,0.1971094785017463,0.0016590547128936,PER1,LumB,Suppressed
GO_Biological_Process_2023,Positive Regulation Of Peptidyl-Threonine Phosphorylation (GO:0010800),1/24,0.991618403092226,0.9999963078360776,0,0,0.1971094785017463,0.0016590547128936,CHI3L1,LumB,Suppressed
GO_Biological_Process_2023,Protein Exit From Endoplasmic Reticulum (GO:0032527),1/24,0.991618403092226,0.9999963078360776,0,0,0.1971094785017463,0.0016590547128936,MAP1LC3C,LumB,Suppressed
GO_Biological_Process_2023,Regulation Of Actin Nucleation (GO:0051125),1/24,0.991618403092226,0.9999963078360776,0,0,0.1971094785017463,0.0016590547128936,GSN,LumB,Suppressed
GO_Biological_Process_2023,Regulation Of Endoplasmic Reticulum Stress-Induced Intrinsic Apoptotic Signaling Pathway (GO:1902235),1/24,0.991618403092226,0.9999963078360776,0,0,0.1971094785017463,0.0016590547128936,PRKN,LumB,Suppressed
GO_Biological_Process_2023,Regulation Of Heterotypic Cell-Cell Adhesion (GO:0034114),1/24,0.991618403092226,0.9999963078360776,0,0,0.1971094785017463,0.0016590547128936,KLF4,LumB,Suppressed
GO_Biological_Process_2023,Secondary Alcohol Biosynthetic Process (GO:1902653),1/24,0.991618403092226,0.9999963078360776,0,0,0.1971094785017463,0.0016590547128936,CES1,LumB,Suppressed
GO_Biological_Process_2023,Cellular Response To Amino Acid Stimulus (GO:0071230),2/35,0.9918442497766486,0.9999963078360776,0,0,0.2746668681830777,0.0022492992519913,CPEB1;SPAAR,LumB,Suppressed
GO_Biological_Process_2023,Regulation Of G2/M Transition Of Mitotic Cell Cycle (GO:0010389),2/35,0.9918442497766486,0.9999963078360776,0,0,0.2746668681830777,0.0022492992519913,KCNH5;FHL1,LumB,Suppressed
GO_Biological_Process_2023,Protein Localization To Plasma Membrane (GO:0072659),15/137,0.9919542618251233,0.9999963078360776,0,0,0.5561849231386422,0.0044930174248455,TRARG1;CAV3;KCNB1;PTCH1;TESC;ADIPOQ;ANK2;EHD2;DPP6;TMEM88;SCN3B;MRAP2;NECTIN3;SPTBN1;EPHA2,LumB,Suppressed
GO_Biological_Process_2023,Regulation Of T Cell Activation (GO:0050863),5/62,0.9921278747779604,0.9999963078360776,0,0,0.3972910645999358,0.0031399001328475,CD209;SPINK5;SIRPA;TNFSF11;CTSG,LumB,Suppressed
GO_Biological_Process_2023,Detection Of Chemical Stimulus Involved In Sensory Perception Of Taste (GO:0050912),3/45,0.9924738186527436,0.9999963078360776,0,0,0.3236260690528983,0.0024448803750949,PIGR;PIP;CA6,LumB,Suppressed
GO_Biological_Process_2023,Negative Regulation Of Protein Catabolic Process (GO:0042177),4/54,0.9926181644762172,0.9999963078360776,0,0,0.3623842528416967,0.002684983240829,SERPINB12;TIMP4;EGFR;SNCA,LumB,Suppressed
GO_Biological_Process_2023,Negative Regulation Of Protein Modification By Small Protein Conjugation Or Removal (GO:1903321),4/54,0.9926181644762172,0.9999963078360776,0,0,0.3623842528416967,0.002684983240829,SH3RF2;CAV1;CAPN3;SPRY2,LumB,Suppressed
GO_Biological_Process_2023,Sphingolipid Metabolic Process (GO:0006665),9/94,0.992619628352162,0.9999963078360776,0,0,0.4792631544566744,0.0035502574817598,CERS3;UGT8;GAL3ST1;ELOVL3;SPNS2;ENPP2;PLPP3;ST6GALNAC3;PLPP1,LumB,Suppressed
GO_Biological_Process_2023,Negative Regulation Of Cellular Component Organization (GO:0051129),7/79,0.9930005484031588,0.9999963078360776,0,0,0.4401706437291898,0.0030917861862007,CH25H;TMEFF2;NR1H4;SPRY2;CRYAB;RAPGEF3;BMP6,LumB,Suppressed
GO_Biological_Process_2023,Sensory Perception Of Light Stimulus (GO:0050953),10/102,0.9930112314308546,0.9999963078360776,0,0,0.4919225335957403,0.0034500024672791,TRPM1;EFEMP1;AOC2;CRYBG3;SFRP5;CRYGN;CDH23;TULP2;RPE65;CNGB1,LumB,Suppressed
GO_Biological_Process_2023,Cholesterol Biosynthetic Process (GO:0006695),1/25,0.993133084524684,0.9999963078360776,0,0,0.1888850415512465,0.0013015315003468,CES1,LumB,Suppressed
GO_Biological_Process_2023,Negative Regulation Of TORC1 Signaling (GO:1904262),1/25,0.993133084524684,0.9999963078360776,0,0,0.1888850415512465,0.0013015315003468,SPAAR,LumB,Suppressed
GO_Biological_Process_2023,Negative Regulation Of Intrinsic Apoptotic Signaling Pathway In Response To DNA Damage (GO:1902230),1/25,0.993133084524684,0.9999963078360776,0,0,0.1888850415512465,0.0013015315003468,CXCL12,LumB,Suppressed
GO_Biological_Process_2023,Negative Regulation Of Response To Endoplasmic Reticulum Stress (GO:1903573),1/25,0.993133084524684,0.9999963078360776,0,0,0.1888850415512465,0.0013015315003468,PRKN,LumB,Suppressed
GO_Biological_Process_2023,Negative Regulation Of Telomere Maintenance Via Telomere Lengthening (GO:1904357),1/25,0.993133084524684,0.9999963078360776,0,0,0.1888850415512465,0.0013015315003468,TENM1,LumB,Suppressed
GO_Biological_Process_2023,Negative Regulation Of Transposition (GO:0010529),1/25,0.993133084524684,0.9999963078360776,0,0,0.1888850415512465,0.0013015315003468,PIWIL4,LumB,Suppressed
GO_Biological_Process_2023,Organophosphate Ester Transport (GO:0015748),1/25,0.993133084524684,0.9999963078360776,0,0,0.1888850415512465,0.0013015315003468,PLTP,LumB,Suppressed
GO_Biological_Process_2023,Positive Regulation Of Interleukin-2 Production (GO:0032743),1/25,0.993133084524684,0.9999963078360776,0,0,0.1888850415512465,0.0013015315003468,SPTBN1,LumB,Suppressed
GO_Biological_Process_2023,Regulation Of Intracellular Estrogen Receptor Signaling Pathway (GO:0033146),1/25,0.993133084524684,0.9999963078360776,0,0,0.1888850415512465,0.0013015315003468,ZNF366,LumB,Suppressed
GO_Biological_Process_2023,Regulation Of Lysosomal Lumen pH (GO:0035751),1/25,0.993133084524684,0.9999963078360776,0,0,0.1888850415512465,0.0013015315003468,OCA2,LumB,Suppressed
GO_Biological_Process_2023,Regulation Of Postsynapse Organization (GO:0099175),1/25,0.993133084524684,0.9999963078360776,0,0,0.1888850415512465,0.0013015315003468,SHANK3,LumB,Suppressed
GO_Biological_Process_2023,Response To dsRNA (GO:0043331),1/25,0.993133084524684,0.9999963078360776,0,0,0.1888850415512465,0.0013015315003468,IFNE,LumB,Suppressed
GO_Biological_Process_2023,Negative Regulation Of Organelle Assembly (GO:1902116),2/36,0.993149532470742,0.9999963078360776,0,0,0.266572131762098,0.0018324274159013,CAV3;FEZ1,LumB,Suppressed
GO_Biological_Process_2023,Regulation Of Peptidyl-Threonine Phosphorylation (GO:0010799),2/36,0.993149532470742,0.9999963078360776,0,0,0.266572131762098,0.0018324274159013,CHI3L1;SPRY2,LumB,Suppressed
GO_Biological_Process_2023,Positive Regulation Of Mitotic Cell Cycle Phase Transition (GO:1901992),5/63,0.9931539668846328,0.9999963078360776,0,0,0.3904173121425975,0.0026820008922546,ANXA1;RGCC;ADAMTS1;HYAL1;EGFR,LumB,Suppressed
GO_Biological_Process_2023,Antiviral Innate Immune Response (GO:0140374),3/46,0.993583148816355,0.9999963078360776,0,0,0.3160805445263755,0.0020347772521688,NMB;USP44;NLRP1,LumB,Suppressed
GO_Biological_Process_2023,Negative Regulation Of Cellular Metabolic Process (GO:0031324),3/46,0.993583148816355,0.9999963078360776,0,0,0.3160805445263755,0.0020347772521688,PRKN;PPARA;CIDEC,LumB,Suppressed
GO_Biological_Process_2023,Ceramide Metabolic Process (GO:0006672),4/55,0.9936374034163656,0.9999963078360776,0,0,0.3552569350446028,0.0022675780777218,CERS3;PLPP3;ST6GALNAC3;PLPP1,LumB,Suppressed
GO_Biological_Process_2023,Regulation Of Cellular Localization (GO:0060341),6/72,0.9938495695557346,0.9999963078360776,0,0,0.4116252679359475,0.0025394900881076,GSN;MMD;MAP2;KRT5;VIP;OOEP,LumB,Suppressed
GO_Biological_Process_2023,Positive Regulation Of Plasma Membrane Bounded Cell Projection Assembly (GO:0120034),8/88,0.9939628174343011,0.9999963078360776,0,0,0.4526505689703025,0.0027410164823111,P2RY12;TENM1;DOCK11;TENM2;NLGN1;CCL21;CDC42EP5;PIK3R1,LumB,Suppressed
GO_Biological_Process_2023,Response To Metal Ion (GO:0010038),5/64,0.994051450443616,0.9999963078360776,0,0,0.3837765682431353,0.0022897309959717,HAAO;CAV1;CAPN3;MT1X;SNCA,LumB,Suppressed
GO_Biological_Process_2023,Regulation Of Protein Metabolic Process (GO:0051246),9/96,0.9941758235483604,0.9999963078360776,0,0,0.4681881713224454,0.0027347822025527,SERPINB4;PM20D2;EDN1;EDNRB;SERPINB13;CHRNA7;ANGPTL8;KLF4;KLF2,LumB,Suppressed
GO_Biological_Process_2023,Negative Regulation Of Transferase Activity (GO:0051348),2/37,0.9942493992900204,0.9999963078360776,0,0,0.2589399517080315,0.0014933582508922,CDKN1C;ZFP36,LumB,Suppressed
GO_Biological_Process_2023,Positive Regulation Of Exocytosis (GO:0045921),2/37,0.9942493992900204,0.9999963078360776,0,0,0.2589399517080315,0.0014933582508922,CFTR;SNCA,LumB,Suppressed
GO_Biological_Process_2023,Protein Acylation (GO:0043543),2/37,0.9942493992900204,0.9999963078360776,0,0,0.2589399517080315,0.0014933582508922,LACRT;FOXO1,LumB,Suppressed
GO_Biological_Process_2023,Regulation Of Phosphoprotein Phosphatase Activity (GO:0043666),2/37,0.9942493992900204,0.9999963078360776,0,0,0.2589399517080315,0.0014933582508922,PPP1R15A;PPP1R1B,LumB,Suppressed
GO_Biological_Process_2023,L-amino Acid Transport (GO:0015807),1/26,0.9943740166644272,0.9999963078360776,0,0,0.1813185595567867,0.0010229755219753,SLC36A2,LumB,Suppressed
GO_Biological_Process_2023,Negative Regulation Of Receptor-Mediated Endocytosis (GO:0048261),1/26,0.9943740166644272,0.9999963078360776,0,0,0.1813185595567867,0.0010229755219753,ADIPOQ,LumB,Suppressed
GO_Biological_Process_2023,Nucleic Acid Phosphodiester Bond Hydrolysis (GO:0090305),1/26,0.9943740166644272,0.9999963078360776,0,0,0.1813185595567867,0.0010229755219753,IHO1,LumB,Suppressed
GO_Biological_Process_2023,Organelle Membrane Fusion (GO:0090174),1/26,0.9943740166644272,0.9999963078360776,0,0,0.1813185595567867,0.0010229755219753,CAV2,LumB,Suppressed
GO_Biological_Process_2023,Positive Regulation Of Erythrocyte Differentiation (GO:0045648),1/26,0.9943740166644272,0.9999963078360776,0,0,0.1813185595567867,0.0010229755219753,TAL1,LumB,Suppressed
GO_Biological_Process_2023,Protein Export From Nucleus (GO:0006611),1/26,0.9943740166644272,0.9999963078360776,0,0,0.1813185595567867,0.0010229755219753,EGR2,LumB,Suppressed
GO_Biological_Process_2023,Regulation Of Interferon-Alpha Production (GO:0032647),1/26,0.9943740166644272,0.9999963078360776,0,0,0.1813185595567867,0.0010229755219753,NMB,LumB,Suppressed
GO_Biological_Process_2023,Regulation Of Nucleotide-Excision Repair (GO:2000819),1/26,0.9943740166644272,0.9999963078360776,0,0,0.1813185595567867,0.0010229755219753,DPF3,LumB,Suppressed
GO_Biological_Process_2023,Telomere Maintenance Via Telomere Lengthening (GO:0010833),1/26,0.9943740166644272,0.9999963078360776,0,0,0.1813185595567867,0.0010229755219753,ZSCAN4,LumB,Suppressed
GO_Biological_Process_2023,Negative Regulation Of Hydrolase Activity (GO:0051346),3/47,0.9945331972162592,0.9999963078360776,0,0,0.3088779983874219,0.0016932075457734,SERPINB3;SERPINB4;NOS1,LumB,Suppressed
GO_Biological_Process_2023,Positive Regulation Of Lymphocyte Activation (GO:0051251),3/47,0.9945331972162592,0.9999963078360776,0,0,0.3088779983874219,0.0016932075457734,IL6;SIRPA;TNFSF11,LumB,Suppressed
GO_Biological_Process_2023,Proteolysis (GO:0006508),43/330,0.994662226256376,0.9999963078360776,0,0,0.6761476383181513,0.0036187898665657,FCN2;CPM;TINAGL1;TMPRSS5;CPXM2;TMPRSS2;KLK3;PCSK5;TRHDE;DPP4;ENDOU;ADAMTS5;ADAMTS3;CAPN6;ADAMTS1;NAALAD2;CAPN3;CTSG;CPXM1;NLRP1;PRSS3;ADAMTS8;ADAMTS9;ELANE;CPA2;CPA1;MMP7;MME;LVRN;PTCH1;ADAM33;PRSS33;PGA5;TMPRSS11D;PM20D2;CAPN11;MMP23B;PIP;MMP19;LPA;TRABD2B;TRABD2A;PAPPA2,LumB,Suppressed
GO_Biological_Process_2023,Regulation Of Defense Response (GO:0031347),9/97,0.994832270937984,0.9999963078360776,0,0,0.462839457876937,0.0023980304538887,NLRP13;IL1RL2;ANXA1;CMA1;NLRP1;GGT3P;PTGS2;SELE;MGLL,LumB,Suppressed
GO_Biological_Process_2023,Protein Localization To Cell Periphery (GO:1990778),15/142,0.9951365601077752,0.9999963078360776,0,0,0.5341236544542055,0.0026040156705617,TRARG1;CAV3;KCNB1;CAV1;PTCH1;TESC;ADIPOQ;ANK2;EHD2;DPP6;TMEM88;SCN3B;MRAP2;SPTBN1;EPHA2,LumB,Suppressed
GO_Biological_Process_2023,Import Into Cell (GO:0098657),2/38,0.995175450987456,0.9999963078360776,0,0,0.2517317816569687,0.0012174314646572,SLC6A14;SLC1A7,LumB,Suppressed
GO_Biological_Process_2023,Positive Regulation Of Production Of Molecular Mediator Of Immune Response (GO:0002702),2/38,0.995175450987456,0.9999963078360776,0,0,0.2517317816569687,0.0012174314646572,IL6;FFAR3,LumB,Suppressed
GO_Biological_Process_2023,Signal Release From Synapse (GO:0099643),2/38,0.995175450987456,0.9999963078360776,0,0,0.2517317816569687,0.0012174314646572,SYN2;SNCA,LumB,Suppressed
GO_Biological_Process_2023,Endosome To Lysosome Transport (GO:0008333),4/57,0.9952847898895772,0.9999963078360776,0,0,0.3418091656161238,0.0016155137772451,CCL14;BIN1;GPRASP1;RAB7B,LumB,Suppressed
GO_Biological_Process_2023,Positive Regulation Of Interleukin-1 Beta Production (GO:0032731),4/57,0.9952847898895772,0.9999963078360776,0,0,0.3418091656161238,0.0016155137772451,EGR1;IL6;CD36;NLRP1,LumB,Suppressed
GO_Biological_Process_2023,T Cell Activation Involved In Immune Response (GO:0002286),1/27,0.9953906620513788,0.9999963078360776,0,0,0.1743341146388237,0.00080542251191484,IFNE,LumB,Suppressed
GO_Biological_Process_2023,Clathrin-Dependent Endocytosis (GO:0072583),1/27,0.9953906620513788,0.9999963078360776,0,0,0.1743341146388237,0.00080542251191484,DLL1,LumB,Suppressed
GO_Biological_Process_2023,Negative Regulation Of NIK/NF-kappaB Signaling (GO:1901223),1/27,0.9953906620513788,0.9999963078360776,0,0,0.1743341146388237,0.00080542251191484,CCN3,LumB,Suppressed
GO_Biological_Process_2023,Negative Regulation Of Notch Signaling Pathway (GO:0045746),1/27,0.9953906620513788,0.9999963078360776,0,0,0.1743341146388237,0.00080542251191484,DLK2,LumB,Suppressed
GO_Biological_Process_2023,Peptidyl-Lysine Methylation (GO:0018022),1/27,0.9953906620513788,0.9999963078360776,0,0,0.1743341146388237,0.00080542251191484,SMYD1,LumB,Suppressed
GO_Biological_Process_2023,Peptidyl-Proline Modification (GO:0018208),1/27,0.9953906620513788,0.9999963078360776,0,0,0.1743341146388237,0.00080542251191484,P3H2,LumB,Suppressed
GO_Biological_Process_2023,Positive Regulation Of Ubiquitin-Protein Transferase Activity (GO:0051443),1/27,0.9953906620513788,0.9999963078360776,0,0,0.1743341146388237,0.00080542251191484,CDC14B,LumB,Suppressed
GO_Biological_Process_2023,Regulation Of Chromatin Organization (GO:1902275),1/27,0.9953906620513788,0.9999963078360776,0,0,0.1743341146388237,0.00080542251191484,TAL1,LumB,Suppressed
GO_Biological_Process_2023,Regulation Of Extrinsic Apoptotic Signaling Pathway In Absence Of Ligand (GO:2001239),1/27,0.9953906620513788,0.9999963078360776,0,0,0.1743341146388237,0.00080542251191484,PF4,LumB,Suppressed
GO_Biological_Process_2023,Protein Localization To Membrane (GO:0072657),22/192,0.9954498383332312,0.9999963078360776,0,0,0.5848229065936768,0.0026671112773273,TRARG1;PIGR;NLGN1;CAV3;KCNB1;CAV1;PTCH1;TESC;ADIPOQ;ANK2;PTN;SYNE3;EHD2;DPP6;TMEM88;CAPN3;SCN3B;MRAP2;SHANK3;SPTBN1;FERMT2;EPHA2,LumB,Suppressed
GO_Biological_Process_2023,Regulation Of G1/S Transition Of Mitotic Cell Cycle (GO:2000045),10/106,0.9956001632153162,0.9999963078360776,0,0,0.4713100527631214,0.0020782626755003,RGCC;ANXA1;ADAMTS1;HYAL1;FHL1;FAM107A;DPF3;KLF4;EGFR;MYO16,LumB,Suppressed
GO_Biological_Process_2023,Lymphocyte Differentiation (GO:0030098),8/91,0.9958439580433,0.9999963078360776,0,0,0.4362094506251484,0.0018166825034238,ADGRG3;CD79B;IFNE;LEP;KIT;LEPR;LY6D;PIK3R1,LumB,Suppressed
GO_Biological_Process_2023,Protein Homooligomerization (GO:0051260),13/129,0.9958716978023996,0.9999963078360776,0,0,0.5068644457648885,0.0020968207443318,SCARA5;KIF25;ITLN1;AQP4;AQP5;AQP2;ACACB;RYR3;RNF112;ALDH1A3;ALDH1A2;NLRP1;KCNJ2,LumB,Suppressed
GO_Biological_Process_2023,Positive Regulation Of Mitochondrion Organization (GO:0010822),4/58,0.9959456407755938,0.9999963078360776,0,0,0.3354588300526753,0.0013628351843648,PRKN;MGARP;PPARGC1A;DCN,LumB,Suppressed
GO_Biological_Process_2023,Regulation Of Phagocytosis (GO:0050764),4/58,0.9959456407755938,0.9999963078360776,0,0,0.3354588300526753,0.0013628351843648,ADIPOQ;SIRPA;PLA2G5;OLFM4,LumB,Suppressed
GO_Biological_Process_2023,Axonal Transport (GO:0098930),2/39,0.9959545773671368,0.9999963078360776,0,0,0.2449132424194768,0.0009927870522728676,DST;MGARP,LumB,Suppressed
GO_Biological_Process_2023,Heterochromatin Organization (GO:0070828),2/39,0.9959545773671368,0.9999963078360776,0,0,0.2449132424194768,0.0009927870522728676,H1-9P;PRDM16,LumB,Suppressed
GO_Biological_Process_2023,"Nuclear-Transcribed mRNA Catabolic Process, Deadenylation-Dependent Decay (GO:0000288)",2/39,0.9959545773671368,0.9999963078360776,0,0,0.2449132424194768,0.0009927870522728676,ZFP36;SAMD4A,LumB,Suppressed
GO_Biological_Process_2023,Regulation Of Mitochondrial Membrane Potential (GO:0051881),2/39,0.9959545773671368,0.9999963078360776,0,0,0.2449132424194768,0.0009927870522728676,PID1;CCN6,LumB,Suppressed
GO_Biological_Process_2023,Vesicle Cytoskeletal Trafficking (GO:0099518),2/39,0.9959545773671368,0.9999963078360776,0,0,0.2449132424194768,0.0009927870522728676,MYO7B;MYO1H,LumB,Suppressed
GO_Biological_Process_2023,Regulation Of GTPase Activity (GO:0043087),25/214,0.9959655611858907,0.9999963078360776,0,0,0.5975619472551988,0.0024157034008889,CCL14;CCL13;ADRB1;RASGRP2;SLC6A2;CX3CL1;RASIP1;PREX2;DOCK11;WNT11;RASGEF1C;CCL16;RGS6;PLXNA4;CCL24;NTRK2;CCL23;CCL21;ODAM;CAV2;MRAP;SFRP1;RGL1;FERMT2;RAPGEF3,LumB,Suppressed
GO_Biological_Process_2023,Autophagy Of Mitochondrion (GO:0000422),3/49,0.9960408371503028,0.9999963078360776,0,0,0.2954123686493782,0.0011719070946526,PRKN;GABARAPL1;MAP1LC3C,LumB,Suppressed
GO_Biological_Process_2023,Fatty Acid Beta-Oxidation (GO:0006635),3/49,0.9960408371503028,0.9999963078360776,0,0,0.2954123686493782,0.0011719070946526,ABCD2;ACADL;ADIPOQ,LumB,Suppressed
GO_Biological_Process_2023,Negative Regulation Of DNA Metabolic Process (GO:0051053),3/49,0.9960408371503028,0.9999963078360776,0,0,0.2954123686493782,0.0011719070946526,H1-9P;ADIPOQ;GMNC,LumB,Suppressed
GO_Biological_Process_2023,Regulation Of Mitotic Metaphase/Anaphase Transition (GO:0030071),3/49,0.9960408371503028,0.9999963078360776,0,0,0.2954123686493782,0.0011719070946526,DUSP1;USP44;DPF3,LumB,Suppressed
GO_Biological_Process_2023,Activation Of Cysteine-Type Endopeptidase Activity Involved In Apoptotic Process (GO:0006919),5/67,0.9961168149806884,0.9999963078360776,0,0,0.365139641815612,0.0014206649281118,NGFR;COL4A3;PPARG;NLRP1;SNCA,LumB,Suppressed
GO_Biological_Process_2023,Golgi To Plasma Membrane Protein Transport (GO:0043001),1/28,0.9962235482225064,0.9999963078360776,0,0,0.1678670360110803,0.0006351418140158402,SPTBN1,LumB,Suppressed
GO_Biological_Process_2023,Determination Of Bilateral Symmetry (GO:0009855),1/28,0.9962235482225064,0.9999963078360776,0,0,0.1678670360110803,0.0006351418140158402,DLL1,LumB,Suppressed
GO_Biological_Process_2023,Negative Regulation Of G2/M Transition Of Mitotic Cell Cycle (GO:0010972),1/28,0.9962235482225064,0.9999963078360776,0,0,0.1678670360110803,0.0006351418140158402,FHL1,LumB,Suppressed
GO_Biological_Process_2023,Negative Regulation Of Mitotic Metaphase/Anaphase Transition (GO:0045841),1/28,0.9962235482225064,0.9999963078360776,0,0,0.1678670360110803,0.0006351418140158402,USP44,LumB,Suppressed
GO_Biological_Process_2023,Positive Regulation Of Protein Import Into Nucleus (GO:0042307),1/28,0.9962235482225064,0.9999963078360776,0,0,0.1678670360110803,0.0006351418140158402,PIK3R1,LumB,Suppressed
GO_Biological_Process_2023,Protein Localization To Golgi Apparatus (GO:0034067),1/28,0.9962235482225064,0.9999963078360776,0,0,0.1678670360110803,0.0006351418140158402,LACRT,LumB,Suppressed
GO_Biological_Process_2023,Regulation Of Chromosome Segregation (GO:0051983),1/28,0.9962235482225064,0.9999963078360776,0,0,0.1678670360110803,0.0006351418140158402,IHO1,LumB,Suppressed
GO_Biological_Process_2023,Regulation Of Plasma Membrane Bounded Cell Projection Organization (GO:0120035),1/28,0.9962235482225064,0.9999963078360776,0,0,0.1678670360110803,0.0006351418140158402,KIF26A,LumB,Suppressed
GO_Biological_Process_2023,Glycerophospholipid Biosynthetic Process (GO:0046474),10/108,0.9965243693319108,0.9999963078360776,0,0,0.4616348066580145,0.0016072668452487,PCYT1B;GPAM;DGKB;PLA2G4A;LCAT;GPAT3;PLD1;BMX;FGF2;AGPAT2,LumB,Suppressed
GO_Biological_Process_2023,Regulation Of Autophagosome Assembly (GO:2000785),2/40,0.9966096273741766,0.9999963078360776,0,0,0.2384535736681687,0.0008098200415774558,FEZ1;RNF186,LumB,Suppressed
GO_Biological_Process_2023,Regulation Of Cytokine-Mediated Signaling Pathway (GO:0001959),2/40,0.9966096273741766,0.9999963078360776,0,0,0.2384535736681687,0.0008098200415774558,TSLP;AGPAT2,LumB,Suppressed
GO_Biological_Process_2023,Water-Soluble Vitamin Metabolic Process (GO:0006767),2/40,0.9966096273741766,0.9999963078360776,0,0,0.2384535736681687,0.0008098200415774558,CUBN;SLC19A3,LumB,Suppressed
GO_Biological_Process_2023,Dicarboxylic Acid Metabolic Process (GO:0043648),3/50,0.9966342016565488,0.9999963078360776,0,0,0.2891093079209322,0.00097472491516982,HAAO;ADHFE1;PCK1,LumB,Suppressed
GO_Biological_Process_2023,B Cell Differentiation (GO:0030183),5/68,0.9966366696687348,0.9999963078360776,0,0,0.3593217653117819,0.0012105546826695,ADGRG3;CD79B;IFNE;KIT;PIK3R1,LumB,Suppressed
GO_Biological_Process_2023,Protein O-linked Glycosylation (GO:0006493),8/93,0.996772052315086,0.9999963078360776,0,0,0.4258934548007379,0.0013769854074485,B3GNT5;GALNT17;B3GALT1;EOGT;B3GNT3;TMTC1;CHST4;GALNT8,LumB,Suppressed
GO_Biological_Process_2023,Visual Perception (GO:0007601),9/101,0.9968209282933436,0.9999963078360776,0,0,0.4426073678874055,0.0014093219169571,TRPM1;EFEMP1;AOC2;CRYBG3;SFRP5;CRYGN;TULP2;RPE65;CNGB1,LumB,Suppressed
GO_Biological_Process_2023,RNA-mediated Gene Silencing (GO:0031047),1/29,0.9969058813043564,0.9999963078360776,0,0,0.1618618915710328,0.0005015963048670309,PIWIL4,LumB,Suppressed
GO_Biological_Process_2023,Alpha-Amino Acid Metabolic Process (GO:1901605),1/29,0.9969058813043564,0.9999963078360776,0,0,0.1618618915710328,0.0005015963048670309,NAT8L,LumB,Suppressed
GO_Biological_Process_2023,Glycolytic Process (GO:0006096),1/29,0.9969058813043564,0.9999963078360776,0,0,0.1618618915710328,0.0005015963048670309,PFKFB1,LumB,Suppressed
GO_Biological_Process_2023,Negative Regulation Of DNA Binding (GO:0043392),1/29,0.9969058813043564,0.9999963078360776,0,0,0.1618618915710328,0.0005015963048670309,JUN,LumB,Suppressed
GO_Biological_Process_2023,Positive Regulation Of Viral Genome Replication (GO:0045070),1/29,0.9969058813043564,0.9999963078360776,0,0,0.1618618915710328,0.0005015963048670309,PPARA,LumB,Suppressed
GO_Biological_Process_2023,Tube Closure (GO:0060606),1/29,0.9969058813043564,0.9999963078360776,0,0,0.1618618915710328,0.0005015963048670309,FOLR1,LumB,Suppressed
GO_Biological_Process_2023,Positive Regulation Of Phagocytosis (GO:0050766),4/60,0.9970091177562038,0.9999963078360776,0,0,0.3234385520218622,0.0009688161530002624,C3;FCN2;SIRPA;PLA2G5,LumB,Suppressed
GO_Biological_Process_2023,Plasma Membrane Bounded Cell Projection Organization (GO:0120036),13/132,0.9970256561247288,0.9999963078360776,0,0,0.4939952634750398,0.0014715012481389,ROPN1B;NLGN1;TNXB;MYOC;CCL21;PTPRM;ATP1B2;GPRIN2;IL6;ADGRF1;MAP2;NPY;ROPN1,LumB,Suppressed
GO_Biological_Process_2023,Cellular Response To Oxidative Stress (GO:0034599),11/117,0.9970379213495422,0.9999963078360776,0,0,0.4693736897274633,0.001392384981908,PDGFRA;JUN;MGAT3;FOS;PLA2R1;PPARGC1A;FOXO1;ZFP36L2;ETV5;EGFR;SNCA,LumB,Suppressed
GO_Biological_Process_2023,Protein Maturation (GO:0051604),11/117,0.9970379213495422,0.9999963078360776,0,0,0.4693736897274633,0.001392384981908,CPM;ADAMTS3;MME;CPXM2;PTCH1;TESC;DUOXA2;NNAT;CPXM1;CTSG;PCSK5,LumB,Suppressed
GO_Biological_Process_2023,Negative Regulation Of DNA Recombination (GO:0045910),2/41,0.997159991627292,0.9999963078360776,0,0,0.2323251699810303,0.0006607441321131779,H1-9P;ZSCAN4,LumB,Suppressed
GO_Biological_Process_2023,Negative Regulation Of mRNA Catabolic Process (GO:1902373),2/41,0.997159991627292,0.9999963078360776,0,0,0.2323251699810303,0.0006607441321131779,PKP1;VIP,LumB,Suppressed
GO_Biological_Process_2023,Regulation Of Release Of Cytochrome C From Mitochondria (GO:0090199),2/41,0.997159991627292,0.9999963078360776,0,0,0.2323251699810303,0.0006607441321131779,PRKN;IGF1,LumB,Suppressed
GO_Biological_Process_2023,Negative Regulation Of Binding (GO:0051100),7/86,0.9971836852733896,0.9999963078360776,0,0,0.4009960803045842,0.001130924434405,JUN;PLN;SLPI;CFHR1;CAV1;CARD18;NES,LumB,Suppressed
GO_Biological_Process_2023,Positive Regulation Of DNA-binding Transcription Factor Activity (GO:0051091),29/246,0.9972997928819348,0.9999963078360776,0,0,0.6033598612622766,0.0016314001438438,ALK;CX3CR1;CSF3;NTS;CX3CL1;RELN;TNFSF11;S100A12;CAPN3;CD36;PPARGC1A;EDN1;MYOCD;FZD4;ANXA3;CAV1;ARID5B;ESR2;BMP2;IL6;RGCC;KIT;PPARG;ROR1;PLPP3;RAB7B;CD200;NEUROG2;DDR2,LumB,Suppressed
GO_Biological_Process_2023,Positive Regulation Of Cell Cycle Process (GO:0090068),11/118,0.9973635820174452,0.9999963078360776,0,0,0.4649584631360332,0.0012274435924375,EDN1;RGCC;NPM2;EDN3;MRGPRX2;IGF2;TGFA;IGF1;DRD2;OOEP;CDC14B,LumB,Suppressed
GO_Biological_Process_2023,Regulation Of Small GTPase Mediated Signal Transduction (GO:0051056),11/118,0.9973635820174452,0.9999963078360776,0,0,0.4649584631360332,0.0012274435924375,PREX2;MRAP;ARHGAP20;RELN;ARHGAP40;ARHGEF15;FAM13A;ARHGEF4;RHOU;SLIT2;SLC6A2,LumB,Suppressed
GO_Biological_Process_2023,Negative Regulation Of Viral Process (GO:0048525),4/61,0.9974338725882408,0.9999963078360776,0,0,0.3177447361125297,0.0008164214465950578,ZFP36;SLPI;BTBD17;PROX1,LumB,Suppressed
GO_Biological_Process_2023,GPI Anchor Biosynthetic Process (GO:0006506),1/30,0.9974648682688674,0.9999963078360776,0,0,0.1562708950234024,0.0003966703231039688,PGAP4,LumB,Suppressed
GO_Biological_Process_2023,Extrinsic Apoptotic Signaling Pathway Via Death Domain Receptors (GO:0008625),1/30,0.9974648682688674,0.9999963078360776,0,0,0.1562708950234024,0.0003966703231039688,NGF,LumB,Suppressed
GO_Biological_Process_2023,Immunoglobulin Mediated Immune Response (GO:0016064),1/30,0.9974648682688674,0.9999963078360776,0,0,0.1562708950234024,0.0003966703231039688,FCER1A,LumB,Suppressed
GO_Biological_Process_2023,Nucleic Acid Metabolic Process (GO:0090304),1/30,0.9974648682688674,0.9999963078360776,0,0,0.1562708950234024,0.0003966703231039688,DNASE1L3,LumB,Suppressed
GO_Biological_Process_2023,Positive Regulation Of JUN Kinase Activity (GO:0043507),1/30,0.9974648682688674,0.9999963078360776,0,0,0.1562708950234024,0.0003966703231039688,EDN1,LumB,Suppressed
GO_Biological_Process_2023,Regulation Of Arp2/3 Complex-Mediated Actin Nucleation (GO:0034315),1/30,0.9974648682688674,0.9999963078360776,0,0,0.1562708950234024,0.0003966703231039688,WASF3,LumB,Suppressed
GO_Biological_Process_2023,Regulation Of Notch Signaling Pathway (GO:0008593),5/70,0.9974824490325614,0.9999963078360776,0,0,0.3482230470583216,0.0008777746544217274,DTX1;CCN3;DLL1;TP63;DLK2,LumB,Suppressed
GO_Biological_Process_2023,Regulation Of Protein Localization To Nucleus (GO:1900180),3/52,0.9975721599327088,0.9999963078360776,0,0,0.2772749898185438,0.0006739978408915573,NGFR;LIF;FERMT2,LumB,Suppressed
GO_Biological_Process_2023,Regulation Of Cyclin-Dependent Protein Serine/Threonine Kinase Activity (GO:0000079),6/79,0.9976365989087672,0.9999963078360776,0,0,0.3719947561415841,0.0008802133714188172,DIRAS3;CEBPA;MYOCD;RGCC;PROX1;EGFR,LumB,Suppressed
GO_Biological_Process_2023,Negative Regulation Of Kinase Activity (GO:0033673),4/62,0.9977997814033353,0.9999963078360776,0,0,0.3122472586828294,0.000687769124281277,CDKN1C;CAV3;GSTP1;SNCA,LumB,Suppressed
GO_Biological_Process_2023,Protein Autoubiquitination (GO:0051865),5/71,0.9978241647493052,0.9999963078360776,0,0,0.3429259315282609,0.0007469632597064612,PRKN;RNF112;SH3RF2;ASB4;RNF186,LumB,Suppressed
GO_Biological_Process_2023,Negative Regulation Of Protein Kinase Activity (GO:0006469),7/88,0.9978432077208174,0.9999963078360776,0,0,0.3910469848316685,0.0008443179545553556,CDKN1C;SLC8A3;PTPRB;CAV3;GSTP1;CAV1;SNCA,LumB,Suppressed
GO_Biological_Process_2023,B Cell Proliferation (GO:0042100),1/31,0.9979228005837152,0.9999963078360776,0,0,0.1510526315789473,0.000314092767854723,IFNE,LumB,Suppressed
GO_Biological_Process_2023,Glutamine Family Amino Acid Metabolic Process (GO:0009064),1/31,0.9979228005837152,0.9999963078360776,0,0,0.1510526315789473,0.000314092767854723,ART4,LumB,Suppressed
GO_Biological_Process_2023,Regulation Of Dendrite Morphogenesis (GO:0048814),1/31,0.9979228005837152,0.9999963078360776,0,0,0.1510526315789473,0.000314092767854723,CUX2,LumB,Suppressed
GO_Biological_Process_2023,Negative Regulation Of Viral Genome Replication (GO:0045071),3/53,0.9979398822250736,0.9999963078360776,0,0,0.2717128603104213,0.0005603378725884514,SLPI;BTBD17;PROX1,LumB,Suppressed
GO_Biological_Process_2023,Positive Regulation Of NIK/NF-kappaB Signaling (GO:1901224),3/53,0.9979398822250736,0.9999963078360776,0,0,0.2717128603104213,0.0005603378725884514,C1QTNF4;EGFR;NR3C2,LumB,Suppressed
GO_Biological_Process_2023,"Regulation Of Alternative mRNA Splicing, Via Spliceosome (GO:0000381)",3/53,0.9979398822250736,0.9999963078360776,0,0,0.2717128603104213,0.0005603378725884514,CELF2;NOVA2;SRSF12,LumB,Suppressed
GO_Biological_Process_2023,Glycoprotein Biosynthetic Process (GO:0009101),6/80,0.9979444541127468,0.9999963078360776,0,0,0.3669453086928815,0.0007550492054056502,CHST9;ST8SIA1;B3GNT5;ST8SIA2;IGF1;GAL3ST3,LumB,Suppressed
GO_Biological_Process_2023,mRNA Catabolic Process (GO:0006402),2/43,0.9980098840792694,0.9999963078360776,0,0,0.2209652021707249,0.0004401845213056045,ZFP36;ZFP36L2,LumB,Suppressed
GO_Biological_Process_2023,mRNA Destabilization (GO:0061157),2/43,0.9980098840792694,0.9999963078360776,0,0,0.2209652021707249,0.0004401845213056045,ZFP36;ZFP36L2,LumB,Suppressed
GO_Biological_Process_2023,Cellular Response To Chemical Stress (GO:0062197),7/89,0.9981144895913078,0.9999963078360776,0,0,0.3862544327441055,0.000728974213747908,CAV1;MGAT3;PPARGC1A;ETV5;FOXO1;ZFP36L2;SNCA,LumB,Suppressed
GO_Biological_Process_2023,Ras Protein Signal Transduction (GO:0007265),14/144,0.9981989372863076,0.9999963078360776,0,0,0.48678599687774,0.000877522582550818,ROPN1B;NGFR;IGF1;PLD1;RASGRP2;FGF2;ART4;CNKSR2;MRAS;DOK5;RASGEF1C;CDH13;RGL1;RAPGEF3,LumB,Suppressed
GO_Biological_Process_2023,Actin Filament Organization (GO:0007015),14/144,0.9981989372863076,0.9999963078360776,0,0,0.48678599687774,0.000877522582550818,GSN;TPM2;MYO7B;LMOD1;NEDD9;PROX1;OOEP;SHROOM4;CNN1;FAT1;GAS2;XIRP2;MYO1H;GAS2L2,LumB,Suppressed
GO_Biological_Process_2023,Macromolecule Modification (GO:0043412),6/81,0.9982134029602374,0.9999963078360776,0,0,0.3620305131761442,0.000647381120094154,TGM1;CHRM3;USP6;ST8SIA2;PADI4;TGM5,LumB,Suppressed
GO_Biological_Process_2023,Negative Regulation Of NF-kappaB Transcription Factor Activity (GO:0032088),6/81,0.9982134029602374,0.9999963078360776,0,0,0.3620305131761442,0.000647381120094154,PKHD1;TCEAL7;PTGIS;KLF4;MTURN;CD200,LumB,Suppressed
GO_Biological_Process_2023,Endoplasmic Reticulum Organization (GO:0007029),3/54,0.9982529000636952,0.9999963078360776,0,0,0.2663688535281074,0.0004657800077243592,RNF112;CAV2;TRDN,LumB,Suppressed
GO_Biological_Process_2023,Negative Regulation Of Protein Ubiquitination (GO:0031397),3/54,0.9982529000636952,0.9999963078360776,0,0,0.2663688535281074,0.0004657800077243592,SH3RF2;CAV1;SPRY2,LumB,Suppressed
GO_Biological_Process_2023,Protein K63-linked Ubiquitination (GO:0070534),3/54,0.9982529000636952,0.9999963078360776,0,0,0.2663688535281074,0.0004657800077243592,PRKN;PELI1;RNF186,LumB,Suppressed
GO_Biological_Process_2023,Regulation Of Exocytosis (GO:0017157),3/54,0.9982529000636952,0.9999963078360776,0,0,0.2663688535281074,0.0004657800077243592,STXBP6;CFTR;SNCA,LumB,Suppressed
GO_Biological_Process_2023,NIK/NF-kappaB Signaling (GO:0038061),1/32,0.9982979419639036,0.9999963078360776,0,0,0.146171030292199,0.00024900354616156983,CHI3L1,LumB,Suppressed
GO_Biological_Process_2023,Heterochromatin Formation (GO:0031507),1/32,0.9982979419639036,0.9999963078360776,0,0,0.146171030292199,0.00024900354616156983,H1-9P,LumB,Suppressed
GO_Biological_Process_2023,Histone Lysine Methylation (GO:0034968),1/32,0.9982979419639036,0.9999963078360776,0,0,0.146171030292199,0.00024900354616156983,SMYD1,LumB,Suppressed
GO_Biological_Process_2023,Left/Right Pattern Formation (GO:0060972),1/32,0.9982979419639036,0.9999963078360776,0,0,0.146171030292199,0.00024900354616156983,DLL1,LumB,Suppressed
GO_Biological_Process_2023,Neural Tube Closure (GO:0001843),1/32,0.9982979419639036,0.9999963078360776,0,0,0.146171030292199,0.00024900354616156983,FOLR1,LumB,Suppressed
GO_Biological_Process_2023,Regulation Of Metaphase/Anaphase Transition Of Cell Cycle (GO:1902099),1/32,0.9982979419639036,0.9999963078360776,0,0,0.146171030292199,0.00024900354616156983,DPF3,LumB,Suppressed
GO_Biological_Process_2023,Regulation Of Natural Killer Cell Mediated Cytotoxicity (GO:0042269),1/32,0.9982979419639036,0.9999963078360776,0,0,0.146171030292199,0.00024900354616156983,LEP,LumB,Suppressed
GO_Biological_Process_2023,Regulation Of Transcription By RNA Polymerase I (GO:0006356),1/32,0.9982979419639036,0.9999963078360776,0,0,0.146171030292199,0.00024900354616156983,RASL11A,LumB,Suppressed
GO_Biological_Process_2023,Regulation Of Ubiquitin-Protein Transferase Activity (GO:0051438),1/32,0.9982979419639036,0.9999963078360776,0,0,0.146171030292199,0.00024900354616156983,ARRDC3,LumB,Suppressed
GO_Biological_Process_2023,Regulation Of Neuron Projection Development (GO:0010975),18/174,0.9983083578888804,0.9999963078360776,0,0,0.5213021045194717,0.0008826033277522646,KANK1;NTRK2;NLGN1;SEMA3A;NTRK3;NDNF;ATP1B2;PTN;CX3CL1;RELN;TNN;KIF26A;NOVA2;ROR1;ALKAL2;PAK3;SHANK3;DDR2,LumB,Suppressed
GO_Biological_Process_2023,Response To Endoplasmic Reticulum Stress (GO:0034976),10/114,0.9983144882152916,0.9999963078360776,0,0,0.4348418174438724,0.0007335493846631637,PPP1R15A;PRKN;ERN2;JUN;TMEM238L;PIK3R1;SEL1L2;RNF186;ATF3;CFTR,LumB,Suppressed
GO_Biological_Process_2023,Nucleobase-Containing Compound Catabolic Process (GO:0034655),2/44,0.9983350964584112,0.9999963078360776,0,0,0.2156909314016546,0.0003594038650517059,RNASE3;DNASE1L3,LumB,Suppressed
GO_Biological_Process_2023,Positive Regulation Of Nucleocytoplasmic Transport (GO:0046824),2/44,0.9983350964584112,0.9999963078360776,0,0,0.2156909314016546,0.0003594038650517059,PIK3R1;RAPGEF3,LumB,Suppressed
GO_Biological_Process_2023,Regulation Of Viral Entry Into Host Cell (GO:0046596),2/44,0.9983350964584112,0.9999963078360776,0,0,0.2156909314016546,0.0003594038650517059,GSN;TMPRSS2,LumB,Suppressed
GO_Biological_Process_2023,Negative Regulation Of Apoptotic Signaling Pathway (GO:2001234),6/82,0.998448166177977,0.9999963078360776,0,0,0.3572450543835316,0.0005548155603467265,CX3CR1;PRKN;GSTP1;FZD9;IGF1;CX3CL1,LumB,Suppressed
GO_Biological_Process_2023,Regulation Of mRNA Stability (GO:0043488),5/74,0.99860084320375,0.9999963078360776,0,0,0.3279558224215679,0.00045918292722963024,ZFP36;PRKCA;VIM;VIP;ZFP36L2,LumB,Suppressed
GO_Biological_Process_2023,ncRNA Catabolic Process (GO:0034661),1/33,0.9986052562215648,0.9999963078360776,0,0,0.1415945290858725,0.00019762593933699517,ERN2,LumB,Suppressed
GO_Biological_Process_2023,Positive Regulation Of RNA Metabolic Process (GO:0051254),1/33,0.9986052562215648,0.9999963078360776,0,0,0.1415945290858725,0.00019762593933699517,PIK3R1,LumB,Suppressed
GO_Biological_Process_2023,Positive Regulation Of T Cell Mediated Cytotoxicity (GO:0001916),1/33,0.9986052562215648,0.9999963078360776,0,0,0.1415945290858725,0.00019762593933699517,CD1C,LumB,Suppressed
GO_Biological_Process_2023,Positive Regulation Of Chromosome Organization (GO:2001252),1/33,0.9986052562215648,0.9999963078360776,0,0,0.1415945290858725,0.00019762593933699517,TAL1,LumB,Suppressed
GO_Biological_Process_2023,Positive Regulation Of Telomerase Activity (GO:0051973),1/33,0.9986052562215648,0.9999963078360776,0,0,0.1415945290858725,0.00019762593933699517,KLF4,LumB,Suppressed
GO_Biological_Process_2023,Regulation Of G0 To G1 Transition (GO:0070316),1/33,0.9986052562215648,0.9999963078360776,0,0,0.1415945290858725,0.00019762593933699517,DPF3,LumB,Suppressed
GO_Biological_Process_2023,Regulation Of NLRP3 Inflammasome Complex Assembly (GO:1900225),1/33,0.9986052562215648,0.9999963078360776,0,0,0.1415945290858725,0.00019762593933699517,CD36,LumB,Suppressed
GO_Biological_Process_2023,Chromosome Organization (GO:0051276),2/45,0.9986076860306328,0.9999963078360776,0,0,0.2106619755520759,0.0002935119892454428,H1-9P;GEM,LumB,Suppressed
GO_Biological_Process_2023,Determination Of Left/Right Symmetry (GO:0007368),2/45,0.9986076860306328,0.9999963078360776,0,0,0.2106619755520759,0.0002935119892454428,DLL1;CER1,LumB,Suppressed
GO_Biological_Process_2023,Hexose Metabolic Process (GO:0019318),2/45,0.9986076860306328,0.9999963078360776,0,0,0.2106619755520759,0.0002935119892454428,APOD;PCK1,LumB,Suppressed
GO_Biological_Process_2023,Negative Regulation Of Response To Biotic Stimulus (GO:0002832),2/45,0.9986076860306328,0.9999963078360776,0,0,0.2106619755520759,0.0002935119892454428,TYRO3;LACRT,LumB,Suppressed
GO_Biological_Process_2023,Positive Regulation Of mRNA Catabolic Process (GO:0061014),2/45,0.9986076860306328,0.9999963078360776,0,0,0.2106619755520759,0.0002935119892454428,ZFP36;ZFP36L2,LumB,Suppressed
GO_Biological_Process_2023,Regulation Of Apoptotic Signaling Pathway (GO:2001233),2/45,0.9986076860306328,0.9999963078360776,0,0,0.2106619755520759,0.0002935119892454428,CX3CR1;CX3CL1,LumB,Suppressed
GO_Biological_Process_2023,Cellular Response To Light Stimulus (GO:0071482),4/65,0.9986183593655008,0.9999963078360776,0,0,0.2968362973635053,0.00041040467144835374,TRPM1;OPN4;GPR88;RGR,LumB,Suppressed
GO_Biological_Process_2023,Regulation Of Cell Growth (GO:0001558),25/227,0.9987481490327422,0.9999963078360776,0,0,0.5586563257552749,0.0006997925712111144,NPR1;FHL1;FAM107A;LTBP4;AKAP6;RASGRP2;SLC6A2;EGFR;SOCS2;WNT11;SOX17;HYAL1;CCN3;SLIT2;PTCH2;NRG1;ESR2;SFRP1;KIF26A;MYL2;SCGB3A1;AGTR2;SGK1;SGK2;PAPPA2,LumB,Suppressed
GO_Biological_Process_2023,Regulation Of Plasma Membrane Bounded Cell Projection Assembly (GO:0120032),5/75,0.9987938139738164,0.9999963078360776,0,0,0.3232509309880358,0.0003901360915884405,PPP1R16B;DAAM2;CAV1;PLD1;EPHA2,LumB,Suppressed
GO_Biological_Process_2023,Negative Regulation Of Immune Response (GO:0050777),4/66,0.9988182307764056,0.9999963078360776,0,0,0.2920307287800602,0.00034531701033596563,CR1;SPINK5;TYRO3;ENPP3,LumB,Suppressed
GO_Biological_Process_2023,Mitotic G2/M Transition Checkpoint (GO:0044818),2/46,0.9988360468102184,0.9999963078360776,0,0,0.2058616086047507,0.0002397528336104088,FOXN3;CDC14B,LumB,Suppressed
GO_Biological_Process_2023,Regulation Of Epidermal Growth Factor Receptor Signaling Pathway (GO:0042058),2/46,0.9988360468102184,0.9999963078360776,0,0,0.2058616086047507,0.0002397528336104088,CDH13;EGFR,LumB,Suppressed
GO_Biological_Process_2023,Apoptotic Mitochondrial Changes (GO:0008637),1/34,0.9988570030571952,0.9999963078360776,0,0,0.1372953915890204,0.0001570179654790467,FZD9,LumB,Suppressed
GO_Biological_Process_2023,Membrane Protein Proteolysis (GO:0033619),1/34,0.9988570030571952,0.9999963078360776,0,0,0.1372953915890204,0.0001570179654790467,MMP7,LumB,Suppressed
GO_Biological_Process_2023,Negative Regulation Of Cell Cycle Process (GO:0010948),1/34,0.9988570030571952,0.9999963078360776,0,0,0.1372953915890204,0.0001570179654790467,KIF25,LumB,Suppressed
GO_Biological_Process_2023,Positive Regulation Of Immunoglobulin Production (GO:0002639),1/34,0.9988570030571952,0.9999963078360776,0,0,0.1372953915890204,0.0001570179654790467,IL6,LumB,Suppressed
GO_Biological_Process_2023,Positive Regulation Of Transcription By RNA Polymerase I (GO:0045943),1/34,0.9988570030571952,0.9999963078360776,0,0,0.1372953915890204,0.0001570179654790467,RASL11A,LumB,Suppressed
GO_Biological_Process_2023,Sister Chromatid Segregation (GO:0000819),1/34,0.9988570030571952,0.9999963078360776,0,0,0.1372953915890204,0.0001570179654790467,KIF25,LumB,Suppressed
GO_Biological_Process_2023,Transcription Initiation-Coupled Chromatin Remodeling (GO:0045815),1/34,0.9988570030571952,0.9999963078360776,0,0,0.1372953915890204,0.0001570179654790467,PADI2,LumB,Suppressed
GO_Biological_Process_2023,Negative Regulation Of Amide Metabolic Process (GO:0034249),7/93,0.9989056420979442,0.9999963078360776,0,0,0.3681987713909609,0.0004031618769500952,NTRK2;PRNP;BIN1;TRIM2;CHRNA7;IGF2BP2;IGF1,LumB,Suppressed
GO_Biological_Process_2023,Regulation Of Cell Differentiation (GO:0045595),20/193,0.9989308231065124,0.9999963078360776,0,0,0.5220501478487484,0.0005584625561807073,ALK;PHLDB1;NLGN1;TNXB;EDN3;NOTCH4;SERPINF2;IGF2;LIF;NGF;KLF4;ALOX15B;DLL1;PTHLH;KLK6;NTF4;RELN;BIN1;SMOC1;DPF3,LumB,Suppressed
GO_Biological_Process_2023,RNA Catabolic Process (GO:0006401),3/57,0.9989377083371772,0.9999963078360776,0,0,0.2515243902439024,0.0002673342813949794,ZFP36;RNASE3;ZFP36L2,LumB,Suppressed
GO_Biological_Process_2023,Negative Regulation Of Macromolecule Metabolic Process (GO:0010605),19/186,0.998958649294122,0.9999963078360776,0,0,0.5138131309763546,0.0005353384525717889,PRKN;EDN1;LRP1;IGF1;NTS;KLF4;FGF2;CLDN5;SFRP1;BMP2;EDNRB;KRT17;HAND2;ATOH8;CLDN19;PPARG;CCDC3;CD34;RBMS3,LumB,Suppressed
GO_Biological_Process_2023,Regulation Of Ras Protein Signal Transduction (GO:0046578),5/76,0.9989607629905572,0.9999963078360776,0,0,0.318678571707561,0.0003313547737447643,KANK1;SPRY2;SPRY1;IGF1;NGF,LumB,Suppressed
GO_Biological_Process_2023,Regulation Of Protein Binding (GO:0043393),10/118,0.9989724576250704,0.9999963078360776,0,0,0.4186337128575396,0.0004303850368543851,PRKN;CLDN5;CSF3;BMP2;SLPI;LRP1;CFHR1;CAV1;CARD18;NES,LumB,Suppressed
GO_Biological_Process_2023,Protein Secretion (GO:0009306),4/67,0.9989897289402284,0.9999963078360776,0,0,0.2873777179294229,0.000290476146187926,ANXA1;VIP;PCSK5;WLS,LumB,Suppressed
GO_Biological_Process_2023,Regulation Of Viral Genome Replication (GO:0045069),4/67,0.9989897289402284,0.9999963078360776,0,0,0.2873777179294229,0.000290476146187926,SLPI;BTBD17;PROX1;PPARA,LumB,Suppressed
GO_Biological_Process_2023,Regulation Of Protein Secretion (GO:0050708),8/102,0.9989989971224886,0.9999963078360776,0,0,0.3849038330941709,0.00038548281139829386,MYOM1;IL6;SAA1;KCNA5;ADTRP;IGF1;DRD2;BMP6,LumB,Suppressed
GO_Biological_Process_2023,Regulation Of T Cell Differentiation (GO:0045580),2/47,0.9990272578157664,0.9999963078360776,0,0,0.2012745912995289,0.00019588357313218184,PSG4;SPINK5,LumB,Suppressed
GO_Biological_Process_2023,Regulation Of Signal Transduction By P53 Class Mediator (GO:1901796),2/47,0.9990272578157664,0.9999963078360776,0,0,0.2012745912995289,0.00019588357313218184,SGK1;MAP2K6,LumB,Suppressed
GO_Biological_Process_2023,Protein Methylation (GO:0006479),1/35,0.9990632268748112,0.9999963078360776,0,0,0.1332491445331595,0.00012488272007784795,BHMT,LumB,Suppressed
GO_Biological_Process_2023,Regulation Of mRNA Processing (GO:0050684),1/35,0.9990632268748112,0.9999963078360776,0,0,0.1332491445331595,0.00012488272007784795,NR5A1,LumB,Suppressed
GO_Biological_Process_2023,Regulatory ncRNA Processing (GO:0070918),1/35,0.9990632268748112,0.9999963078360776,0,0,0.1332491445331595,0.00012488272007784795,ANKRD34C,LumB,Suppressed
GO_Biological_Process_2023,Response To Exogenous dsRNA (GO:0043330),1/35,0.9990632268748112,0.9999963078360776,0,0,0.1332491445331595,0.00012488272007784795,IFNE,LumB,Suppressed
GO_Biological_Process_2023,Negative Regulation Of Cellular Process (GO:0048523),71/537,0.9990758227250848,0.9999963078360776,0,0,0.6853210397420043,0.0006336509789894178,SEMA5A;TENM1;PIWIL4;FHL1;PDE3B;CXCL1;SOX17;ADAMTS1;HYAL1;CCN6;CCN5;DACT2;TNFRSF8;CCN3;ADAMTS8;SOX7;CER1;TNS2;FGFBP1;PACRG;MYOCD;DUSP1;TESC;AVPR2;P3H2;NRG1;PROX1;NGF;SFRP1;MYL2;SFRP5;ALDH1A2;COL4A3;MMRN2;CLDN19;TXNIP;CDH13;GMNC;AGTR2;CRYAB;GPLD1;PLPP1;CEBPA;NPR1;NOTCH4;DLL1;PTHLH;BRINP1;WNT11;SPOCK3;IGFBP6;SLIT2;DRD2;JAM2;PLXNA4;CCL23;ANGPT1;PODN;PTPN14;ALOX15B;MYO16;ESR2;BMP5;NR4A1;BMP2;IL6;RGCC;SST;FABP7;SCGB3A1;CD200,LumB,Suppressed
GO_Biological_Process_2023,Regulation Of Protein-Containing Complex Assembly (GO:0043254),10/119,0.9990933154062068,0.9999963078360776,0,0,0.4147675594699739,0.00037623394472341935,SELP;CDH5;GSN;TAL1;NRG1;CD36;CRYAB;TRABD2B;TRABD2A;GFAP,LumB,Suppressed
GO_Biological_Process_2023,Selective Autophagy (GO:0061912),3/58,0.9991008893947532,0.9999963078360776,0,0,0.2469361015924208,0.0002221227391857138,PRKN;MAP1LC3C;STBD1,LumB,Suppressed
GO_Biological_Process_2023,Positive Regulation Of Response To Stimulus (GO:0048584),5/77,0.999105090454868,0.9999963078360776,0,0,0.3142332224070993,0.0002813362141457845,C6;C7;ADIPOQ;LRRC70;EGFR,LumB,Suppressed
GO_Biological_Process_2023,Regulation Of Mitotic Cell Cycle Phase Transition (GO:1901990),6/86,0.9991219694117928,0.9999963078360776,0,0,0.3392995839112344,0.0002980462792713393,KCNH5;NPM2;RGCC;DPF3;ZFP36L2;CDC14B,LumB,Suppressed
GO_Biological_Process_2023,Post-Translational Protein Modification (GO:0043687),2/48,0.9991872845919442,0.9999963078360776,0,0,0.1968870095293168,0.0001600781641003755,PRKCA;PADI4,LumB,Suppressed
GO_Biological_Process_2023,"Retrograde Vesicle-Mediated Transport, Golgi To Endoplasmic Reticulum (GO:0006890)",2/48,0.9991872845919442,0.9999963078360776,0,0,0.1968870095293168,0.0001600781641003755,CCL13;PLPP3,LumB,Suppressed
GO_Biological_Process_2023,Positive Regulation Of Tumor Necrosis Factor Production (GO:0032760),5/78,0.9992297697697216,0.9999963078360776,0,0,0.3099096634984311,0.00023879376638071925,C1QTNF4;IL33;IL6;TNFRSF8;PF4,LumB,Suppressed
GO_Biological_Process_2023,Positive Regulation Of RNA Splicing (GO:0033120),1/36,0.9992321568535656,0.9999963078360776,0,0,0.1294341115947764,9.94232711282603e-05,PIK3R1,LumB,Suppressed
GO_Biological_Process_2023,Positive Regulation Of Double-Strand Break Repair Via Homologous Recombination (GO:1905168),1/36,0.9992321568535656,0.9999963078360776,0,0,0.1294341115947764,9.94232711282603e-05,OOEP,LumB,Suppressed
GO_Biological_Process_2023,Regulation Of T Cell Mediated Cytotoxicity (GO:0001914),1/36,0.9992321568535656,0.9999963078360776,0,0,0.1294341115947764,9.94232711282603e-05,CD1C,LumB,Suppressed
GO_Biological_Process_2023,tRNA Methylation (GO:0030488),1/36,0.9992321568535656,0.9999963078360776,0,0,0.1294341115947764,9.94232711282603e-05,TRMT9B,LumB,Suppressed
GO_Biological_Process_2023,Negative Regulation Of Protein-Containing Complex Assembly (GO:0031333),3/59,0.9992393174282016,0.9999963078360776,0,0,0.2425116803927779,0.00018454460756774685,PTGER4;CRYAB;JAM3,LumB,Suppressed
GO_Biological_Process_2023,Phospholipid Transport (GO:0015914),3/59,0.9992393174282016,0.9999963078360776,0,0,0.2425116803927779,0.00018454460756774685,ATP8B4;ABCB1;PLTP,LumB,Suppressed
GO_Biological_Process_2023,Establishment Of Protein Localization To Membrane (GO:0090150),4/69,0.999262767285627,0.9999963078360776,0,0,0.2785012049220532,0.00020539592086332205,NACAD;SYNE3;NECTIN3;EGFR,LumB,Suppressed
GO_Biological_Process_2023,Positive Regulation Of Developmental Process (GO:0051094),25/233,0.9992888271548392,0.9999963078360776,0,0,0.542340136857008,0.000385834792054541,PRKN;ALK;PHLDB1;NLGN1;TNXB;VLDLR;PTN;RELN;ENPP2;DPF3;SOX8;SOX6;EDN3;FZD4;ZBTB16;SERPINF2;ESRRB;DCN;BMP5;BMP2;LEP;MMRN2;PPARG;SHANK3;RAPGEF3,LumB,Suppressed
GO_Biological_Process_2023,Intrinsic Apoptotic Signaling Pathway In Response To DNA Damage (GO:0008630),2/49,0.9993211504324953,0.9999963078360776,0,0,0.1926861333663477,0.00013084931682771757,HIC1;EPHA2,LumB,Suppressed
GO_Biological_Process_2023,Nuclear Export (GO:0051168),2/49,0.9993211504324953,0.9999963078360776,0,0,0.1926861333663477,0.00013084931682771757,POM121L2;EGR2,LumB,Suppressed
GO_Biological_Process_2023,Intrinsic Apoptotic Signaling Pathway (GO:0097193),8/105,0.9993296345197528,0.9999963078360776,0,0,0.3729309195372699,0.0002500838481326516,PPP1R15A;ERN2;TMEM238L;LGALS12;RNF186;SCN2A;HIC1;EPHA2,LumB,Suppressed
GO_Biological_Process_2023,Cellular Response To UV (GO:0034644),5/79,0.9993373988155408,0.9999963078360776,0,0,0.3057029575332404,0.00020262627937643336,MFAP4;MME;HYAL1;NLRP1;AQP1,LumB,Suppressed
GO_Biological_Process_2023,Vesicle Fusion (GO:0006906),5/79,0.9993373988155408,0.9999963078360776,0,0,0.3057029575332404,0.00020262627937643336,CAV2;PLA2G5;STXBP6;RAB7B;SNCA,LumB,Suppressed
GO_Biological_Process_2023,Positive Regulation Of GTPase Activity (GO:0043547),25/234,0.9993536788436744,0.9999963078360776,0,0,0.5397118512450065,0.0003489399635704457,CCL14;CCL13;AGAP11;ADRB1;RASGRP2;SLC6A2;CX3CL1;PREX2;DOCK11;WNT11;RASGEF1C;CCL16;RGS6;CCL24;CCL23;CCL21;ARHGEF15;ODAM;CAV2;NTRK3;SFRP1;RGL1;FERMT2;RAPGEF3;EPHA2,LumB,Suppressed
GO_Biological_Process_2023,RNA Stabilization (GO:0043489),1/37,0.9993705349942456,0.9999963078360776,0,0,0.1258310249307479,7.923116607225683e-05,VIP,LumB,Suppressed
GO_Biological_Process_2023,Spliceosomal snRNP Assembly (GO:0000387),1/37,0.9993705349942456,0.9999963078360776,0,0,0.1258310249307479,7.923116607225683e-05,SRSF12,LumB,Suppressed
GO_Biological_Process_2023,Type I Interferon-Mediated Signaling Pathway (GO:0060337),1/37,0.9993705349942456,0.9999963078360776,0,0,0.1258310249307479,7.923116607225683e-05,IFNE,LumB,Suppressed
GO_Biological_Process_2023,Regulation Of Protein Localization (GO:0032880),7/97,0.9993705776018248,0.9999963078360776,0,0,0.3517480577136515,0.00022146781175415704,MAP2;MMD;GPC3;NEDD9;KRT5;VIP;OOEP,LumB,Suppressed
GO_Biological_Process_2023,Negative Regulation Of Extrinsic Apoptotic Signaling Pathway (GO:2001237),4/70,0.9993706459174376,0.9999963078360776,0,0,0.2742646873503541,0.00017266393976531934,GSTP1;IGF1;BMP5;PF4,LumB,Suppressed
GO_Biological_Process_2023,Positive Regulation Of Protein Transport (GO:0051222),4/70,0.9993706459174376,0.9999963078360776,0,0,0.2742646873503541,0.00017266393976531934,MYOM1;TENM1;IGF1;BMP6,LumB,Suppressed
GO_Biological_Process_2023,Positive Regulation Of Cell Growth (GO:0030307),8/106,0.9994140799235552,0.9999963078360776,0,0,0.3691028451347233,0.0002163281489307784,SFRP1;EDN1;HYAL1;ISLR2;AKAP6;IGF1;NGF;EGFR,LumB,Suppressed
GO_Biological_Process_2023,Regulation Of Cytokinesis (GO:0032465),5/80,0.99943024444771,0.9999963078360776,0,0,0.3016084303937881,0.00017189205071075326,MRGPRX2;ANKRD53;KLHL13;DRD2;CDC14B,LumB,Suppressed
GO_Biological_Process_2023,Nucleocytoplasmic Transport (GO:0006913),2/50,0.9994330814431408,0.9999963078360776,0,0,0.188660293710169,0.00010698535030322868,CITED1;BACH2,LumB,Suppressed
GO_Biological_Process_2023,Regulation Of Macromolecule Metabolic Process (GO:0060255),15/162,0.9994412064133592,0.9999963078360776,0,0,0.4608862454881841,0.0002576122608945306,EDN3;NRG1;IGF1;PROX1;YBX3;NKAPL;PTHLH;AFF2;PM20D2;RFPL4B;NOVA2;SIRPA;UTY;IGF2BP2;TRIM43,LumB,Suppressed
GO_Biological_Process_2023,MAPK Cascade (GO:0000165),7/98,0.999452539773215,0.9999963078360776,0,0,0.3478613506360454,0.0001904924021748385,PTGER4;ZFP36;IGF1;SHANK3;ZFP36L2;DUSP6;MAP2K6,LumB,Suppressed
GO_Biological_Process_2023,Negative Regulation Of Macromolecule Biosynthetic Process (GO:0010558),7/98,0.999452539773215,0.9999963078360776,0,0,0.3478613506360454,0.0001904924021748385,EDN1;TMEFF2;TRIM2;GSTP1;ADIPOQ;IGF2BP2;PF4,LumB,Suppressed
GO_Biological_Process_2023,Negative Regulation Of Intrinsic Apoptotic Signaling Pathway (GO:2001243),3/61,0.9994561083638556,0.9999963078360776,0,0,0.2341205367382827,0.00012737084289042962,PRKN;CXCL12;YBX3,LumB,Suppressed
GO_Biological_Process_2023,G2/M Transition Of Mitotic Cell Cycle (GO:0000086),1/38,0.9994838845774308,0.9999963078360776,0,0,0.1224226997080182,6.320055418550606e-05,NES,LumB,Suppressed
GO_Biological_Process_2023,RNA 3'-End Processing (GO:0031123),1/38,0.9994838845774308,0.9999963078360776,0,0,0.1224226997080182,6.320055418550606e-05,INTS6L,LumB,Suppressed
GO_Biological_Process_2023,Amino Acid Catabolic Process (GO:0009063),1/38,0.9994838845774308,0.9999963078360776,0,0,0.1224226997080182,6.320055418550606e-05,OTC,LumB,Suppressed
GO_Biological_Process_2023,Cellular Response To Type I Interferon (GO:0071357),1/38,0.9994838845774308,0.9999963078360776,0,0,0.1224226997080182,6.320055418550606e-05,IFNE,LumB,Suppressed
GO_Biological_Process_2023,Lymphocyte Proliferation (GO:0046651),1/38,0.9994838845774308,0.9999963078360776,0,0,0.1224226997080182,6.320055418550606e-05,IFNE,LumB,Suppressed
GO_Biological_Process_2023,mRNA Transcription By RNA Polymerase II (GO:0042789),1/38,0.9994838845774308,0.9999963078360776,0,0,0.1224226997080182,6.320055418550606e-05,PPARG,LumB,Suppressed
GO_Biological_Process_2023,Negative Regulation Of Type I Interferon Production (GO:0032480),1/38,0.9994838845774308,0.9999963078360776,0,0,0.1224226997080182,6.320055418550606e-05,SIRPA,LumB,Suppressed
GO_Biological_Process_2023,Regulation Of Protein Import Into Nucleus (GO:0042306),1/38,0.9994838845774308,0.9999963078360776,0,0,0.1224226997080182,6.320055418550606e-05,PIK3R1,LumB,Suppressed
GO_Biological_Process_2023,Tumor Necrosis Factor-Mediated Signaling Pathway (GO:0033209),1/38,0.9994838845774308,0.9999963078360776,0,0,0.1224226997080182,6.320055418550606e-05,TNFSF11,LumB,Suppressed
GO_Biological_Process_2023,Positive Regulation Of Growth (GO:0045927),5/81,0.9995102827095717,0.9999963078360776,0,0,0.2976216539685319,0.00014578616987260602,SFRP1;HYAL1;LEP;AKAP6;EGFR,LumB,Suppressed
GO_Biological_Process_2023,Spindle Assembly (GO:0051225),5/81,0.9995102827095717,0.9999963078360776,0,0,0.2976216539685319,0.00014578616987260602,STARD9;GOLGA8H;GOLGA8IP;GOLGA8K;GOLGA8M,LumB,Suppressed
GO_Biological_Process_2023,Positive Regulation Of Apoptotic Signaling Pathway (GO:2001235),3/62,0.9995403072725516,0.9999963078360776,0,0,0.2301382990717426,0.00010581722595910136,CAV1;G0S2;AGTR2,LumB,Suppressed
GO_Biological_Process_2023,Regulation Of Embryonic Development (GO:0045995),3/62,0.9995403072725516,0.9999963078360776,0,0,0.2301382990717426,0.00010581722595910136,CRB2;PHLDB1;SOX17,LumB,Suppressed
GO_Biological_Process_2023,Positive Regulation Of Protein Localization To Nucleus (GO:1900182),4/72,0.999541888120164,0.9999963078360776,0,0,0.2661654625809292,0.00012196149854954516,NGFR;LIF;PIK3R1;FERMT2,LumB,Suppressed
GO_Biological_Process_2023,Negative Regulation Of Intracellular Signal Transduction (GO:1902532),24/231,0.999568922570272,0.9999963078360776,0,0,0.5230482054762973,0.0002255228884473092,CAV3;LRP1;DUSP1;GSTP1;CAV1;PDE2A;ADIPOQ;PDE3B;NR1H4;WTIP;DUSP6;PKHD1;ADGRG3;PER1;PDE11A;BANK1;SFRP5;PDE3A;CCN3;PPARG;SLIT2;PPARA;DRD2;EPHA2,LumB,Suppressed
GO_Biological_Process_2023,Anterograde Axonal Transport (GO:0008089),1/39,0.999576730801293,0.9999963078360776,0,0,0.119193760023327,5.046172749697579e-05,MGARP,LumB,Suppressed
GO_Biological_Process_2023,Nuclear Transport (GO:0051169),1/39,0.999576730801293,0.9999963078360776,0,0,0.119193760023327,5.046172749697579e-05,CITED1,LumB,Suppressed
GO_Biological_Process_2023,Positive Regulation Of Intrinsic Apoptotic Signaling Pathway (GO:2001244),1/39,0.999576730801293,0.9999963078360776,0,0,0.119193760023327,5.046172749697579e-05,CAV1,LumB,Suppressed
GO_Biological_Process_2023,Positive Regulation Of Pattern Recognition Receptor Signaling Pathway (GO:0062208),1/39,0.999576730801293,0.9999963078360776,0,0,0.119193760023327,5.046172749697579e-05,CAV1,LumB,Suppressed
GO_Biological_Process_2023,Regulation Of Mitotic Spindle Organization (GO:0060236),1/39,0.999576730801293,0.9999963078360776,0,0,0.119193760023327,5.046172749697579e-05,GNAI1,LumB,Suppressed
GO_Biological_Process_2023,Positive Regulation Of Tumor Necrosis Factor Superfamily Cytokine Production (GO:1903557),5/82,0.9995792342938756,0.9999963078360776,0,0,0.2937384301776981,0.00012362106756668955,C1QTNF4;IL33;IL6;TNFRSF8;PF4,LumB,Suppressed
GO_Biological_Process_2023,Cellular Response To Ionizing Radiation (GO:0071479),2/52,0.9996047861964154,0.9999963078360776,0,0,0.181091715156553,7.158409198725866e-05,SLC6A2;CRYAB,LumB,Suppressed
GO_Biological_Process_2023,Negative Regulation Of Innate Immune Response (GO:0045824),2/52,0.9996047861964154,0.9999963078360776,0,0,0.181091715156553,7.158409198725866e-05,CR1;TYRO3,LumB,Suppressed
GO_Biological_Process_2023,Positive Regulation Of Cysteine-Type Endopeptidase Activity Involved In Apoptotic Process (GO:0043280),8/109,0.9996097935480592,0.9999963078360776,0,0,0.3580734426481782,0.00013974983500719074,NGFR;ACVR1C;GSN;COL4A3;PPARG;NLRP1;SOX7;SNCA,LumB,Suppressed
GO_Biological_Process_2023,Phosphatidylinositol Metabolic Process (GO:0046488),3/63,0.9996115653507622,0.9999963078360776,0,0,0.2262888026607538,8.791548750435632e-05,PLA2G4E;BMX;FGF2,LumB,Suppressed
GO_Biological_Process_2023,B Cell Activation (GO:0042113),6/92,0.9996319052906256,0.9999963078360776,0,0,0.3155114021223753,0.00011615945802132346,ADGRG3;CD79B;BANK1;IFNE;KIT;PIK3R1,LumB,Suppressed
GO_Biological_Process_2023,Regulation Of NIK/NF-kappaB Signaling (GO:1901222),5/83,0.9996385965664736,0.9999963078360776,0,0,0.2899547762276547,0.0001048095921103114,C1QTNF4;ADGRG3;CCN3;EGFR;NR3C2,LumB,Suppressed
GO_Biological_Process_2023,Regulation Of Intracellular Signal Transduction (GO:1902531),33/297,0.9996489011234968,0.9999963078360776,0,0,0.5633384572386808,0.00019782222904121983,NLGN1;FAM13A;AKAP6;FGF1;SLC6A2;EGFR;GNAI1;PREX2;PKHD1;AKAP12;ARHGAP20;ARHGAP40;TNFSF11;CAPN3;GPAT3;PAK3;MAP2K6;PPP1R16B;NTRK2;MYOC;ARHGEF15;VWF;NTRK3;PDE2A;GDF5;MOB3B;MRAP;RGN;ARHGEF4;RHOU;TEK;SGK1;RAPGEF3,LumB,Suppressed
GO_Biological_Process_2023,Cell Cycle G2/M Phase Transition (GO:0044839),1/40,0.999652780735987,0.9999963078360776,0,0,0.1161304069891327,4.0329716476792e-05,NES,LumB,Suppressed
GO_Biological_Process_2023,Cellular Response To Heat (GO:0034605),1/40,0.999652780735987,0.9999963078360776,0,0,0.1161304069891327,4.0329716476792e-05,FGF1,LumB,Suppressed
GO_Biological_Process_2023,Establishment Or Maintenance Of Epithelial Cell Apical/Basal Polarity (GO:0045197),1/40,0.999652780735987,0.9999963078360776,0,0,0.1161304069891327,4.0329716476792e-05,CRB2,LumB,Suppressed
GO_Biological_Process_2023,Nucleic Acid-Templated Transcription (GO:0097659),1/40,0.999652780735987,0.9999963078360776,0,0,0.1161304069891327,4.0329716476792e-05,DTX1,LumB,Suppressed
GO_Biological_Process_2023,Positive Regulation Of Stem Cell Population Maintenance (GO:1902459),1/40,0.999652780735987,0.9999963078360776,0,0,0.1161304069891327,4.0329716476792e-05,ESRRB,LumB,Suppressed
GO_Biological_Process_2023,Sensory Perception Of Chemical Stimulus (GO:0007606),8/110,0.9996594973777712,0.9999963078360776,0,0,0.3545411503485657,0.00012074274915982556,OR2S2;OR1E1;OR7A5;OR2M4;CD36;DRD2;OR10A3;OR3A2,LumB,Suppressed
GO_Biological_Process_2023,Positive Regulation Of Lymphocyte Proliferation (GO:0050671),4/74,0.9996669534940468,0.9999963078360776,0,0,0.2585290506554715,8.611653821042383e-05,IL6;ANXA1;CD209;LEP,LumB,Suppressed
GO_Biological_Process_2023,Endosome Organization (GO:0007032),2/53,0.9996700527957972,0.9999963078360776,0,0,0.177530031131322,5.858520297737221e-05,ANXA8L1;ANXA8,LumB,Suppressed
GO_Biological_Process_2023,Mitochondrial Transport (GO:0006839),2/53,0.9996700527957972,0.9999963078360776,0,0,0.177530031131322,5.858520297737221e-05,PRKN;MGARP,LumB,Suppressed
GO_Biological_Process_2023,Regulation Of Cyclin-Dependent Protein Kinase Activity (GO:1904029),2/53,0.9996700527957972,0.9999963078360776,0,0,0.177530031131322,5.858520297737221e-05,CDKN1C;DIRAS3,LumB,Suppressed
GO_Biological_Process_2023,Regulation Of Proteasomal Protein Catabolic Process (GO:0061136),2/53,0.9996700527957972,0.9999963078360776,0,0,0.177530031131322,5.858520297737221e-05,PRKN;ECSCR,LumB,Suppressed
GO_Biological_Process_2023,Spermatid Development (GO:0007286),2/53,0.9996700527957972,0.9999963078360776,0,0,0.177530031131322,5.858520297737221e-05,JAM2;ADAD2,LumB,Suppressed
GO_Biological_Process_2023,Cellular Response To Virus (GO:0098586),3/64,0.99967183848399,0.9999963078360776,0,0,0.2225655192468467,7.30494248682935e-05,IL6;IFNE;VWCE,LumB,Suppressed
GO_Biological_Process_2023,Positive Regulation Of T Cell Differentiation (GO:0045582),3/64,0.99967183848399,0.9999963078360776,0,0,0.2225655192468467,7.30494248682935e-05,CR1;PCK1;VSIR,LumB,Suppressed
GO_Biological_Process_2023,Regulation Of Secretion By Cell (GO:1903530),3/64,0.99967183848399,0.9999963078360776,0,0,0.2225655192468467,7.30494248682935e-05,SAA1;MCTP2;SNCAIP,LumB,Suppressed
GO_Biological_Process_2023,Regulation Of Cysteine-Type Endopeptidase Activity Involved In Apoptotic Process (GO:0043281),5/84,0.9996896705928404,0.9999963078360776,0,0,0.2862669109852075,8.885082800097276e-05,FABP1;KLF4;SOX7;AQP1;SNCA,LumB,Suppressed
GO_Biological_Process_2023,T Cell Activation (GO:0042110),8/111,0.9997029619444672,0.9999963078360776,0,0,0.3510774462489457,0.00010429885310650242,DPP4;CCL21;IFNE;LEP;KIT;LEPR;PIK3R1;CD1C,LumB,Suppressed
GO_Biological_Process_2023,Axoneme Assembly (GO:0035082),1/41,0.9997150716068328,0.9999963078360776,0,0,0.1132202216066482,3.2264252535527966e-05,RP1L1,LumB,Suppressed
GO_Biological_Process_2023,Carbohydrate Catabolic Process (GO:0016052),1/41,0.9997150716068328,0.9999963078360776,0,0,0.1132202216066482,3.2264252535527966e-05,PFKFB1,LumB,Suppressed
GO_Biological_Process_2023,Regulation Of Amide Metabolic Process (GO:0034248),1/41,0.9997150716068328,0.9999963078360776,0,0,0.1132202216066482,3.2264252535527966e-05,NR1H4,LumB,Suppressed
GO_Biological_Process_2023,Regulation Of DNA Replication (GO:0006275),4/75,0.9997161263818204,0.9999963078360776,0,0,0.2548721773390551,7.236175843767723e-05,NPM2;GMNC;GLI1;EGFR,LumB,Suppressed
GO_Biological_Process_2023,Positive Regulation Of DNA Biosynthetic Process (GO:2000573),3/65,0.9997227931619478,0.9999963078360776,0,0,0.2189623417495172,6.070627289466603e-05,RGCC;KLF4;FGF2,LumB,Suppressed
GO_Biological_Process_2023,Organelle Disassembly (GO:1903008),2/54,0.999724535406016,0.9999963078360776,0,0,0.1741053349532152,4.796646223768753e-05,NEDD9;PNPLA2,LumB,Suppressed
GO_Biological_Process_2023,Vesicle Organization (GO:0016050),6/94,0.9997253093841458,0.9999963078360776,0,0,0.3083028621863573,8.469953670017865e-05,SRPX;ANXA8L1;CAV2;CAV1;ANXA8;CD34,LumB,Suppressed
GO_Biological_Process_2023,Macromolecule Catabolic Process (GO:0009057),5/85,0.9997335864422758,0.9999963078360776,0,0,0.2826712423738214,7.531748459217248e-05,PRKN;CAPN3;RNASE3;DNASE1L3;ELANE,LumB,Suppressed
GO_Biological_Process_2023,Positive Regulation Of Protein Kinase Activity (GO:0045860),12/145,0.999738326946532,0.9999963078360776,0,0,0.4075317496297008,0.00010665403216260084,EGR1;PRNP;GPRC5B;RELN;CCL21;MMD;IL34;NEDD9;ADRB2;TGFBR2;DDR2;SNCA,LumB,Suppressed
GO_Biological_Process_2023,Phosphate-Containing Compound Metabolic Process (GO:0006796),17/184,0.9997385707675942,0.9999963078360776,0,0,0.4594717076698023,0.00012013503993824598,ALK;PFKFB1;SLC22A3;PFKFB3;PLPPR1;INPP1;PLA2G2A;LCAT;PLA2G5;ALOX15B;AGPAT2;PTPRB;ALPL;SLC29A4;ENPP3;PLPP3;PLPP1,LumB,Suppressed
GO_Biological_Process_2023,Regulation Of Ubiquitin-Dependent Protein Catabolic Process (GO:2000058),1/42,0.9997660913053158,0.9999963078360776,0,0,0.1104519964867238,2.583870439010577e-05,CAV3,LumB,Suppressed
GO_Biological_Process_2023,Positive Regulation Of Cellular Catabolic Process (GO:0031331),12/146,0.9997686481652468,0.9999963078360776,0,0,0.4044655853823408,9.358468118400038e-05,MLXIPL;ABCD2;ZBTB20;IGF1;PPARA;SLC4A4;GPLD1;FOXO1;DCN;SH3D19;SNCA;PNPLA2,LumB,Suppressed
GO_Biological_Process_2023,Exocytosis (GO:0006887),5/86,0.9997713244387508,0.9999963078360776,0,0,0.2791643557034572,6.384536593697771e-05,CRHBP;STX19;DOC2B;PRSS12;STX11,LumB,Suppressed
GO_Biological_Process_2023,Regulation Of Protein Catabolic Process (GO:0042176),9/122,0.999788107981592,0.9999963078360776,0,0,0.3598885574877281,7.626559316862934e-05,PRKN;SERPINB12;GPC3;C4BPA;ASB5;VIP;FOXO1;EGFR;GFAP,LumB,Suppressed
GO_Biological_Process_2023,Regulation Of Immune Response (GO:0050776),4/77,0.9997938355650126,0.9999963078360776,0,0,0.2478589956363387,5.110497798740849e-05,C6;C7;SPINK5;SPNS2,LumB,Suppressed
GO_Biological_Process_2023,Detection Of Chemical Stimulus Involved In Sensory Perception Of Smell (GO:0050911),11/139,0.9997985032010772,0.9999963078360776,0,0,0.3881749131944444,7.822388362653262e-05,OR2A1;OR2S2;OR2L13;OR2M4;OR2L3;OR2A12;OR2B11;OR2A42;OR2A5;OR10A3;OR10A6,LumB,Suppressed
GO_Biological_Process_2023,Regulation Of Type II Interferon Production (GO:0032649),5/87,0.9998037343785102,0.9999963078360776,0,0,0.2757430028543214,5.412418335865965e-05,PRNP;CR1;NR1H4;SIRPA;VSIR,LumB,Suppressed
GO_Biological_Process_2023,DNA-templated DNA Replication Maintenance Of Fidelity (GO:0045005),1/43,0.9998078780450842,0.9999963078360776,0,0,0.1078155916106054,2.071573226784946e-05,OOEP,LumB,Suppressed
GO_Biological_Process_2023,Lysosome Organization (GO:0007040),1/43,0.9998078780450842,0.9999963078360776,0,0,0.1078155916106054,2.071573226784946e-05,SRPX,LumB,Suppressed
GO_Biological_Process_2023,mRNA Transcription (GO:0009299),1/43,0.9998078780450842,0.9999963078360776,0,0,0.1078155916106054,2.071573226784946e-05,PPARG,LumB,Suppressed
GO_Biological_Process_2023,Positive Regulation Of T Cell Mediated Immunity (GO:0002711),1/43,0.9998078780450842,0.9999963078360776,0,0,0.1078155916106054,2.071573226784946e-05,CD1C,LumB,Suppressed
GO_Biological_Process_2023,Regulation Of Cellular Component Size (GO:0032535),1/43,0.9998078780450842,0.9999963078360776,0,0,0.1078155916106054,2.071573226784946e-05,PPP1R15A,LumB,Suppressed
GO_Biological_Process_2023,Mitotic DNA Damage Checkpoint Signaling (GO:0044773),2/56,0.99980792144661,0.9999963078360776,0,0,0.1676364643945691,3.220246237651282e-05,FOXN3;CDC14B,LumB,Suppressed
GO_Biological_Process_2023,Pattern Recognition Receptor Signaling Pathway (GO:0002221),2/56,0.99980792144661,0.9999963078360776,0,0,0.1676364643945691,3.220246237651282e-05,FCN2;NLRP1,LumB,Suppressed
GO_Biological_Process_2023,Positive Regulation Of DNA-templated Transcription Initiation (GO:2000144),2/56,0.99980792144661,0.9999963078360776,0,0,0.1676364643945691,3.220246237651282e-05,FOSL1;JUN,LumB,Suppressed
GO_Biological_Process_2023,Regulation Of Stem Cell Population Maintenance (GO:2000036),2/56,0.99980792144661,0.9999963078360776,0,0,0.1676364643945691,3.220246237651282e-05,ESRRB;PTN,LumB,Suppressed
GO_Biological_Process_2023,Protein Dephosphorylation (GO:0006470),9/124,0.9998376905373751,0.9999963078360776,0,0,0.3535861719334669,5.739503956312802e-05,PPP1R15A;PTPRB;PTPRZ1;DUSP1;PTPRM;PTPN5;TNS2;DUSP6;CDC14B,LumB,Suppressed
GO_Biological_Process_2023,Negative Regulation Of DNA-binding Transcription Factor Activity (GO:0043433),12/149,0.9998402610786552,0.9999963078360776,0,0,0.3955356617714166,6.318748684963426e-05,ADGRG3;PKHD1;PRNP;TCEAL7;PTGIS;SFRP5;PTCH1;ID1;PROX1;KLF4;MTURN;CD200,LumB,Suppressed
GO_Biological_Process_2023,Autophagosome Maturation (GO:0097352),1/44,0.9998421017854568,0.9999963078360776,0,0,0.1053018102170972,1.662828064391588e-05,MAP1LC3C,LumB,Suppressed
GO_Biological_Process_2023,Establishment Of Protein Localization To Mitochondrion (GO:0072655),1/44,0.9998421017854568,0.9999963078360776,0,0,0.1053018102170972,1.662828064391588e-05,MGARP,LumB,Suppressed
GO_Biological_Process_2023,Nucleus Organization (GO:0006997),1/44,0.9998421017854568,0.9999963078360776,0,0,0.1053018102170972,1.662828064391588e-05,BIN1,LumB,Suppressed
GO_Biological_Process_2023,Regulation Of DNA Recombination (GO:0000018),1/44,0.9998421017854568,0.9999963078360776,0,0,0.1053018102170972,1.662828064391588e-05,H1-9P,LumB,Suppressed
GO_Biological_Process_2023,Detection Of Chemical Stimulus Involved In Sensory Perception (GO:0050907),11/141,0.9998435421982604,0.9999963078360776,0,0,0.3821559829059829,5.97959629014922e-05,OR2A1;OR2S2;OR2L13;OR2M4;OR2L3;OR2A12;OR2B11;OR2A42;OR2A5;OR10A3;OR10A6,LumB,Suppressed
GO_Biological_Process_2023,Peptidyl-Threonine Phosphorylation (GO:0018107),2/58,0.999865902168762,0.9999963078360776,0,0,0.1616296560186834,2.1675639696446664e-05,PRKCA;TGFBR2,LumB,Suppressed
GO_Biological_Process_2023,I-kappaB kinase/NF-kappaB Signaling (GO:0007249),1/45,0.9998701300841472,0.9999963078360776,0,0,0.1029022916142029,1.3364779813190292e-05,DEFB124,LumB,Suppressed
GO_Biological_Process_2023,Mitotic Nuclear Division (GO:0140014),1/45,0.9998701300841472,0.9999963078360776,0,0,0.1029022916142029,1.3364779813190292e-05,KIF25,LumB,Suppressed
GO_Biological_Process_2023,Natural Killer Cell Activation (GO:0030101),1/45,0.9998701300841472,0.9999963078360776,0,0,0.1029022916142029,1.3364779813190292e-05,IFNE,LumB,Suppressed
GO_Biological_Process_2023,Positive Regulation Of Innate Immune Response (GO:0045089),1/45,0.9998701300841472,0.9999963078360776,0,0,0.1029022916142029,1.3364779813190292e-05,PLA2G5,LumB,Suppressed
GO_Biological_Process_2023,Regulation Of Telomerase Activity (GO:0051972),1/45,0.9998701300841472,0.9999963078360776,0,0,0.1029022916142029,1.3364779813190292e-05,KLF4,LumB,Suppressed
GO_Biological_Process_2023,Positive Regulation Of Immune Response (GO:0050778),4/80,0.9998723486908794,0.9999963078360776,0,0,0.2380313133818744,3.0386948273026695e-05,C6;C7;NRG1;PCK1,LumB,Suppressed
GO_Biological_Process_2023,Non-Membrane-Bounded Organelle Assembly (GO:0140694),10/135,0.999883762496718,0.9999963078360776,0,0,0.3613218550402666,4.2001591438432815e-05,TMOD1;STARD9;GOLGA8H;GOLGA8IP;GOLGA8K;LMOD1;CAPN3;GOLGA8M;PGM5;MYL9,LumB,Suppressed
GO_Biological_Process_2023,Regulation Of Organelle Organization (GO:0033043),6/100,0.9998861307442152,0.9999963078360776,0,0,0.28851772065984,3.285516876461302e-05,PRKN;ZEB2;CAPN6;PDE2A;NEXN;MGARP,LumB,Suppressed
GO_Biological_Process_2023,Response To UV (GO:0009411),6/100,0.9998861307442152,0.9999963078360776,0,0,0.28851772065984,3.285516876461302e-05,MFAP4;SERPINB13;CAT;ELANE;EGFR;AQP1,LumB,Suppressed
GO_Biological_Process_2023,DNA-templated Transcription Initiation (GO:0006352),2/59,0.9998878661333604,0.9999963078360776,0,0,0.1587843257353692,1.780609875848938e-05,PPARGC1A;ZFP36L2,LumB,Suppressed
GO_Biological_Process_2023,Positive Regulation Of NF-kappaB Transcription Factor Activity (GO:0051092),12/152,0.9998897236189692,0.9999963078360776,0,0,0.3869884491723891,4.267803890849588e-05,ALK;CX3CR1;IL6;CAV1;CAPN3;TNFSF11;S100A12;ROR1;CD36;NTS;RAB7B;CX3CL1,LumB,Suppressed
GO_Biological_Process_2023,Protein Sumoylation (GO:0016925),1/46,0.9998930837248476,0.9999963078360776,0,0,0.1006094182825484,1.0757359326669533e-05,EGR2,LumB,Suppressed
GO_Biological_Process_2023,Replication Fork Processing (GO:0031297),1/46,0.9998930837248476,0.9999963078360776,0,0,0.1006094182825484,1.0757359326669533e-05,OOEP,LumB,Suppressed
GO_Biological_Process_2023,Vacuolar Transport (GO:0007034),1/46,0.9998930837248476,0.9999963078360776,0,0,0.1006094182825484,1.0757359326669533e-05,LRP1,LumB,Suppressed
GO_Biological_Process_2023,Regulation Of Protein Kinase Activity (GO:0045859),8/119,0.9999008043872812,0.9999963078360776,0,0,0.3256145404355229,3.230113594064882e-05,RELN;CAV3;CCL21;MMD;GSTP1;CCNYL2;DDR2;SNCA,LumB,Suppressed
GO_Biological_Process_2023,protein-DNA Complex Organization (GO:0071824),2/60,0.9999061620123668,0.9999963078360776,0,0,0.1560371102894105,1.4642895466305254e-05,TCF7L1;PADI4,LumB,Suppressed
GO_Biological_Process_2023,Negative Regulation Of Cellular Biosynthetic Process (GO:0031327),10/137,0.9999102435655663,0.9999963078360776,0,0,0.3555880147028275,3.1917744759978257e-05,PTGIS;ACADL;CAV1;TRIM2;ADIPOQ;AKR1C3;SIRPA;PDGFA;PROX1;IGF2BP2,LumB,Suppressed
GO_Biological_Process_2023,Golgi To Plasma Membrane Transport (GO:0006893),1/47,0.9999118804646184,0.9999963078360776,0,0,0.0984162350957485,8.67277503670637e-06,SPTBN1,LumB,Suppressed
GO_Biological_Process_2023,Positive Regulation Of TOR Signaling (GO:0032008),1/47,0.9999118804646184,0.9999963078360776,0,0,0.0984162350957485,8.67277503670637e-06,LEP,LumB,Suppressed
GO_Biological_Process_2023,Protein Monoubiquitination (GO:0006513),1/47,0.9999118804646184,0.9999963078360776,0,0,0.0984162350957485,8.67277503670637e-06,PRKN,LumB,Suppressed
GO_Biological_Process_2023,Positive Regulation Of Proteasomal Ubiquitin-Dependent Protein Catabolic Process (GO:0032436),4/83,0.999920698973343,0.9999963078360776,0,0,0.2289500373745845,1.815669294867111e-05,PRKN;CEBPA;SH3RF2;CAV1,LumB,Suppressed
GO_Biological_Process_2023,Positive Regulation Of Ubiquitin-Dependent Protein Catabolic Process (GO:2000060),4/83,0.999920698973343,0.9999963078360776,0,0,0.2289500373745845,1.815669294867111e-05,PRKN;CEBPA;SH3RF2;CAV3,LumB,Suppressed
GO_Biological_Process_2023,Autophagosome Organization (GO:1905037),2/61,0.999921397279798,0.9999963078360776,0,0,0.1533830207907726,1.2056796521646076e-05,GABARAPL1;MAP1LC3C,LumB,Suppressed
GO_Biological_Process_2023,Cytoplasmic Microtubule Organization (GO:0031122),1/48,0.9999272722654944,0.9999963078360776,0,0,0.0963163788530677,7.005126766345333e-06,TRDN,LumB,Suppressed
GO_Biological_Process_2023,Regulation Of Intrinsic Apoptotic Signaling Pathway (GO:2001242),1/48,0.9999272722654944,0.9999963078360776,0,0,0.0963163788530677,7.005126766345333e-06,CAV1,LumB,Suppressed
GO_Biological_Process_2023,Positive Regulation Of Protein Metabolic Process (GO:0051247),17/196,0.9999313957330576,0.9999963078360776,0,0,0.4283520330283558,2.9387785294474544e-05,PRKN;CHRNA7;SAMD4A;C4BPA;PLD1;KLF4;LARP6;FOXO1;KLF2;SLC25A37;IL6;GPC3;CAPN3;ASB5;VIM;IL17D;VIP,LumB,Suppressed
GO_Biological_Process_2023,Positive Regulation Of Protein Ubiquitination (GO:0031398),4/84,0.9999322341832236,0.9999963078360776,0,0,0.2260742999722761,1.532062870308846e-05,ANGPT1;CAV1;ARRDC3;FAM107A,LumB,Suppressed
GO_Biological_Process_2023,Protein Lipidation (GO:0006497),2/62,0.9999340798073728,0.9999963078360776,0,0,0.1508174009420892,9.942239822417077e-06,PGAP4;GPLD1,LumB,Suppressed
GO_Biological_Process_2023,Spliceosomal Complex Assembly (GO:0000245),2/62,0.9999340798073728,0.9999963078360776,0,0,0.1508174009420892,9.942239822417077e-06,NR5A1;CELF2,LumB,Suppressed
GO_Biological_Process_2023,Apoptotic Process (GO:0006915),21/228,0.9999392678236252,0.9999963078360776,0,0,0.4572847281094828,2.7772740119065133e-05,PPP1R15A;NGFR;CSRNP1;ZBTB16;EMP1;PAX3;NSG1;ALOX15B;CIDEC;FOXO1;TGFBR2;TP53AIP1;CASP12;AIFM2;SFRP5;PLAGL1;CAPN3;NLRP1;LALBA;SCN2A;TP63,LumB,Suppressed
GO_Biological_Process_2023,Interferon-Mediated Signaling Pathway (GO:0140888),1/49,0.9999398752799006,0.9999963078360776,0,0,0.0943040166204986,5.670173064050841e-06,IFNE,LumB,Suppressed
GO_Biological_Process_2023,Regulation Of Cellular Catabolic Process (GO:0031329),2/63,0.9999446338680285,0.9999963078360776,0,0,0.1483358997769692,8.213012366631056e-06,PRKN;DEPP1,LumB,Suppressed
GO_Biological_Process_2023,Lysosomal Transport (GO:0007041),6/105,0.99994483330061,0.9999963078360776,0,0,0.2738620602698272,1.5108482699621208e-05,CCL14;PRKN;LRP1;BIN1;GPRASP1;RAB7B,LumB,Suppressed
GO_Biological_Process_2023,Regulation Of TORC1 Signaling (GO:1903432),1/50,0.9999501937660452,0.9999963078360776,0,0,0.0923737916219119,4.600905254634189e-06,SPAAR,LumB,Suppressed
GO_Biological_Process_2023,Regulation Of Interferon-Beta Production (GO:0032648),1/50,0.9999501937660452,0.9999963078360776,0,0,0.0923737916219119,4.600905254634189e-06,SIRPA,LumB,Suppressed
GO_Biological_Process_2023,tRNA Processing (GO:0008033),1/50,0.9999501937660452,0.9999963078360776,0,0,0.0923737916219119,4.600905254634189e-06,TRMT9B,LumB,Suppressed
GO_Biological_Process_2023,Endocytic Recycling (GO:0032456),2/64,0.9999534137403262,0.9999963078360776,0,0,0.1459344470365305,6.798698409190259e-06,TRARG1;EHD2,LumB,Suppressed
GO_Biological_Process_2023,Positive Regulation Of Cysteine-Type Endopeptidase Activity (GO:2001056),2/64,0.9999534137403262,0.9999963078360776,0,0,0.1459344470365305,6.798698409190259e-06,SOX7;GRIN2B,LumB,Suppressed
GO_Biological_Process_2023,Positive Regulation Of Macroautophagy (GO:0016239),2/64,0.9999534137403262,0.9999963078360776,0,0,0.1459344470365305,6.798698409190259e-06,LACRT;DCN,LumB,Suppressed
GO_Biological_Process_2023,Protein N-linked Glycosylation (GO:0006487),2/64,0.9999534137403262,0.9999963078360776,0,0,0.1459344470365305,6.798698409190259e-06,GAL3ST1;MGAT3,LumB,Suppressed
GO_Biological_Process_2023,Regulation Of Mitotic Cell Cycle (GO:0007346),8/125,0.999955758982588,0.9999963078360776,0,0,0.3088024936484553,1.3662038711833016e-05,CDKN1C;FOXC1;CAV2;TAL1;CCDC8;GAS1;PRKCA;MEIS2,LumB,Suppressed
GO_Biological_Process_2023,Antigen Receptor-Mediated Signaling Pathway (GO:0050851),9/134,0.999956458286743,0.9999963078360776,0,0,0.3250993892282065,1.4155692569604889e-05,CD79B;BTNL9;MOG;BTN1A1;IGHD;BTNL2;IGHA1;BMX;IGHA2,LumB,Suppressed
GO_Biological_Process_2023,Positive Regulation Of T Cell Activation (GO:0050870),6/107,0.9999584157758536,0.9999963078360776,0,0,0.2684060916493868,1.1161691154165958e-05,IL6;ANXA1;CD209;LEP;SIRPA;TNFSF11,LumB,Suppressed
GO_Biological_Process_2023,RNA Modification (GO:0009451),1/51,0.9999586413081808,0.9999963078360776,0,0,0.0905207756232687,3.743898284129421e-06,TRMT9B,LumB,Suppressed
GO_Biological_Process_2023,Metaphase Plate Congression (GO:0051310),1/51,0.9999586413081808,0.9999963078360776,0,0,0.0905207756232687,3.743898284129421e-06,GEM,LumB,Suppressed
GO_Biological_Process_2023,"Negative Regulation Of Gene Expression, Epigenetic (GO:0045814)",1/51,0.9999586413081808,0.9999963078360776,0,0,0.0905207756232687,3.743898284129421e-06,H1-9P,LumB,Suppressed
GO_Biological_Process_2023,Positive Regulation Of DNA Recombination (GO:0045911),1/51,0.9999586413081808,0.9999963078360776,0,0,0.0905207756232687,3.743898284129421e-06,OOEP,LumB,Suppressed
GO_Biological_Process_2023,Positive Regulation Of Leukocyte Mediated Cytotoxicity (GO:0001912),1/51,0.9999586413081808,0.9999963078360776,0,0,0.0905207756232687,3.743898284129421e-06,CD1C,LumB,Suppressed
GO_Biological_Process_2023,Regulation Of Telomere Maintenance Via Telomerase (GO:0032210),1/51,0.9999586413081808,0.9999963078360776,0,0,0.0905207756232687,3.743898284129421e-06,TENM1,LumB,Suppressed
GO_Biological_Process_2023,Autophagosome Assembly (GO:0000045),2/65,0.9999607154276384,0.9999963078360776,0,0,0.1436092308910264,5.641738040071482e-06,GABARAPL1;MAP1LC3C,LumB,Suppressed
GO_Biological_Process_2023,Positive Regulation Of Intracellular Protein Transport (GO:0090316),8/126,0.9999611770642702,0.9999963078360776,0,0,0.3061667066521778,1.1886521111266998e-05,PRNP;TENM1;UBL4B;KCNB1;RHOU;PIK3R1;SLC51B;RAPGEF3,LumB,Suppressed
GO_Biological_Process_2023,Phosphatidylinositol Biosynthetic Process (GO:0006661),5/98,0.999962420896086,0.9999963078360776,0,0,0.2429642352351815,9.13054980330247e-06,SOCS2;SOCS3;PGAP4;PIK3R1;FGF2,LumB,Suppressed
GO_Biological_Process_2023,Positive Regulation Of DNA Metabolic Process (GO:0051054),6/108,0.9999638050084882,0.9999963078360776,0,0,0.2657583421718202,9.61929502528713e-06,RGCC;NPM2;STPG4;GLI1;FGF2;EGFR,LumB,Suppressed
GO_Biological_Process_2023,Positive Regulation Of Translation (GO:0045727),6/108,0.9999638050084882,0.9999963078360776,0,0,0.2657583421718202,9.61929502528713e-06,IL6;SAMD4A;VIM;PLD1;YBX3;LARP6,LumB,Suppressed
GO_Biological_Process_2023,Positive Regulation Of B Cell Activation (GO:0050871),1/52,0.9999655563206992,0.9999963078360776,0,0,0.0887404269186899,3.056599446374089e-06,IL6,LumB,Suppressed
GO_Biological_Process_2023,Peptidyl-Threonine Modification (GO:0018210),2/66,0.99996678563048,0.9999963078360776,0,0,0.1413566777500692,4.695150902592516e-06,PRKCA;TGFBR2,LumB,Suppressed
GO_Biological_Process_2023,Protein Autophosphorylation (GO:0046777),12/162,0.9999668643024028,0.9999963078360776,0,0,0.3609669352597944,1.1961089380018545e-05,ALK;PDGFRA;NTRK2;GRK5;KIT;TYRO3;SIK2;TEK;BMX;EPHB1;EGFR;DDR2,LumB,Suppressed
GO_Biological_Process_2023,Regulation Of TOR Signaling (GO:0032006),3/78,0.9999676901158164,0.9999963078360776,0,0,0.1808647450110865,5.8438133711938056e-06,PKHD1;LEP;GPAT3,LumB,Suppressed
GO_Biological_Process_2023,Regulation Of Vesicle-Mediated Transport (GO:0060627),4/89,0.9999684300822148,0.9999963078360776,0,0,0.2127105791027251,6.715361496552547e-06,USP6;CDH13;GAS1;PLD1,LumB,Suppressed
GO_Biological_Process_2023,Regulation Of Macromolecule Biosynthetic Process (GO:0010556),1/53,0.999971216079988,0.9999963078360776,0,0,0.0870285531642872,2.505058965916441e-06,PDGFA,LumB,Suppressed
GO_Biological_Process_2023,Extrinsic Apoptotic Signaling Pathway (GO:0097191),2/67,0.9999718303903702,0.9999963078360776,0,0,0.1391734339365262,3.920516524801851e-06,G0S2;NGF,LumB,Suppressed
GO_Biological_Process_2023,Positive Regulation Of Protein Modification By Small Protein Conjugation Or Removal (GO:1903322),3/79,0.99997230870469,0.9999963078360776,0,0,0.1784740051347882,4.9422448102410745e-06,ANGPT1;CAV1;FAM107A,LumB,Suppressed
GO_Biological_Process_2023,Positive Regulation Of Proteasomal Protein Catabolic Process (GO:1901800),4/90,0.9999727198555612,0.9999963078360776,0,0,0.210224305452576,5.735027643830594e-06,PRKN;CEBPA;SH3RF2;ECSCR,LumB,Suppressed
GO_Biological_Process_2023,Protein Glycosylation (GO:0006486),10/147,0.999974052284211,0.9999963078360776,0,0,0.3294299839663354,8.548066498216154e-06,GAL3ST1;ST8SIA1;ST8SIA2;B3GNT5;GALNT17;EOGT;B3GALT1;B3GNT3;MGAT3;GALNT8,LumB,Suppressed
GO_Biological_Process_2023,Negative Regulation Of Apoptotic Process (GO:0043066),55/482,0.9999740785197808,0.9999963078360776,0,0,0.5781764106184619,1.4987382639518858e-05,CNTFR;CITED1;CX3CL1;AQP1;PDK4;FFAR4;PROK2;CAPN3;SOX8;ANXA1;PRKCA;NGF;POU3F3;SFRP1;CAT;TYRO3;ANGPTL4;CRYAB;CX3CR1;PRKN;GSTP1;NDNF;PIK3R1;FSTL1;DLL1;EGFR;FOXO1;NTF4;SOCS2;PKHD1;SOCS3;PTPRZ1;GRK5;PPARGC1A;SNCA;ANGPT4;NTRK2;EGR3;TSLP;ANGPT1;CAV1;FZD9;NR1H4;CIDEA;IGF1;KLF4;TNFRSF10D;FABP1;SH3RF2;IL6;SPRY2;TEK;VIP;LACRT;TDGF1,LumB,Suppressed
GO_Biological_Process_2023,Positive Regulation Of Programmed Cell Death (GO:0043068),22/245,0.9999755223097536,0.9999963078360776,0,0,0.4443722535350292,1.08773395027835e-05,JUN;CSRNP3;FZD9;PNMA3;NRG1;SLC6A2;DUSP6;FOXO1;FCER2;SFRP1;BMP2;IL6;ACVR1C;BIN1;ADAMTSL4;AIFM2;TNFRSF8;EMILIN2;SLIT2;HOXA5;GPLD1;SNCA,LumB,Suppressed
GO_Biological_Process_2023,Positive Regulation Of Cytokine Production (GO:0001819),32/320,0.9999755410363166,0.9999963078360776,0,0,0.4998602961721151,1.2226214351731177e-05,PTGER4;CLEC9A;PTGS2;AGPAT2;C3;C1QTNF4;FFAR3;DRD2;LURAP1;ELANE;SPTBN1;CCBE1;EGR1;IL33;ANXA1;TSLP;SERPINF2;IL13;ADIPOQ;NR1H4;ALOX15B;IL6;RGCC;NLRP10;LEP;IGHD;SAA1;CHI3L1;RAB7B;IL17D;PLA2R1;CD200,LumB,Suppressed
GO_Biological_Process_2023,Negative Regulation Of TOR Signaling (GO:0032007),1/54,0.9999758478661736,0.9999963078360776,0,0,0.0853812784194846,2.062164965603087e-06,SPAAR,LumB,Suppressed
GO_Biological_Process_2023,Nucleosome Assembly (GO:0006334),1/54,0.9999758478661736,0.9999963078360776,0,0,0.0853812784194846,2.062164965603087e-06,PADI4,LumB,Suppressed
GO_Biological_Process_2023,Telomere Maintenance (GO:0000723),2/68,0.9999760214964182,0.9999963078360776,0,0,0.1370563490264238,3.286445558222445e-06,TENM1;ZSCAN4,LumB,Suppressed
GO_Biological_Process_2023,Regulation Of Organelle Assembly (GO:1902115),3/80,0.9999761866604604,0.9999963078360776,0,0,0.176145362398134,4.194659267733985e-06,C10ORF90;GSN;RNF186,LumB,Suppressed
GO_Biological_Process_2023,Activation Of GTPase Activity (GO:0090630),5/102,0.9999784179978208,0.9999963078360776,0,0,0.232887913042981,5.026241685169574e-06,ARHGEF15;CCL21;NTRK3;AGAP11;EPHA2,LumB,Suppressed
GO_Biological_Process_2023,Positive Regulation Of Apoptotic Process (GO:0043065),25/270,0.9999794776035804,0.9999963078360776,0,0,0.4593828607851395,9.427733917624708e-06,CSRNP3;SLC6A2;FOXO1;ACVR1C;ADAMTSL4;AIFM2;TNFRSF8;EMILIN2;SLIT2;HOXA5;TP63;SNCA;PRNP;JUN;PTGIS;ADIPOQ;FZD9;PNMA3;NRG1;DUSP6;SFRP1;BMP2;IL6;BIN1;GPLD1,LumB,Suppressed
GO_Biological_Process_2023,Membrane Organization (GO:0061024),12/167,0.9999807883534924,0.9999963078360776,0,0,0.3492152838153967,6.7090650340273065e-06,DPP4;ACE2;CR1;CAV3;BIN1;ANK2;TLCD2;SGCZ;SPTBN1;EGFR;STX11;TRDN,LumB,Suppressed
GO_Biological_Process_2023,Regulation Of Protein Ubiquitination (GO:0031396),6/113,0.9999812092034585,0.9999963078360776,0,0,0.2532619544505943,4.759038571026244e-06,PRKN;SH3RF2;ANGPT1;CAV1;FAM107A;SPRY2,LumB,Suppressed
GO_Biological_Process_2023,Protein K48-linked Ubiquitination (GO:0070936),2/70,0.9999823914215294,0.9999963078360776,0,0,0.133008980815934,2.342119696745208e-06,PRKN;PELI1,LumB,Suppressed
GO_Biological_Process_2023,Nucleotide-Excision Repair (GO:0006289),1/56,0.9999827377866636,0.9999963078360776,0,0,0.0822664316293125,1.420112950392985e-06,USP44,LumB,Suppressed
GO_Biological_Process_2023,Peptidyl-Lysine Modification (GO:0018205),4/94,0.9999842202565878,0.9999963078360776,0,0,0.2008317161075686,3.169097953042967e-06,EGR2;BCL11A;NNAT;LOXL4,LumB,Suppressed
GO_Biological_Process_2023,"Regulation Of mRNA Splicing, Via Spliceosome (GO:0048024)",4/94,0.9999842202565878,0.9999963078360776,0,0,0.2008317161075686,3.169097953042967e-06,NR5A1;CELF2;NOVA2;SRSF12,LumB,Suppressed
GO_Biological_Process_2023,Epigenetic Regulation Of Gene Expression (GO:0040029),3/83,0.9999844605042584,0.9999963078360776,0,0,0.1695087305986696,2.634100663638203e-06,DIRAS3;IGF2;PADI2,LumB,Suppressed
GO_Biological_Process_2023,Post-Transcriptional Regulation Of Gene Expression (GO:0010608),1/57,0.9999852732897496,0.9999963078360776,0,0,0.0807924416303917,1.189815639376995e-06,PER1,LumB,Suppressed
GO_Biological_Process_2023,Signal Transduction In Response To DNA Damage (GO:0042770),1/57,0.9999852732897496,0.9999963078360776,0,0,0.0807924416303917,1.189815639376995e-06,MAP2K6,LumB,Suppressed
GO_Biological_Process_2023,T Cell Receptor Signaling Pathway (GO:0050852),4/95,0.9999860763266089,0.9999963078360776,0,0,0.1986125878557262,2.7654360572546546e-06,BTNL9;MOG;BTN1A1;BTNL2,LumB,Suppressed
GO_Biological_Process_2023,Response To Ionizing Radiation (GO:0010212),2/72,0.9999867778541428,0.9999963078360776,0,0,0.1291928907889007,1.7082185389200289e-06,ANXA1;SLC6A2,LumB,Suppressed
GO_Biological_Process_2023,Negative Regulation Of Programmed Cell Death (GO:0043069),39/381,0.9999873309588436,0.9999963078360776,0,0,0.51229592738846,6.490339301546416e-06,GSTP1;PIK3R1;FSTL1;CX3CL1;EGFR;FOXO1;AQP1;PKHD1;SOCS2;SOCS3;GRK5;AIFM2;FFAR4;PROK2;CAPN3;SOX8;SNCA;ANGPT4;EGR3;ANXA1;TSLP;ANGPT1;NR1H4;IGF1;POU3F3;TNFRSF10D;FABP1;SH3RF2;SFRP1;IL6;CAT;SPRY2;ANGPTL4;TEK;VIP;LACRT;TDGF1;CRYAB;MET,LumB,Suppressed
GO_Biological_Process_2023,mRNA Transport (GO:0051028),1/58,0.9999873462674312,0.9999963078360776,0,0,0.0793701705788015,1.0043352667579315e-06,ZFP36,LumB,Suppressed
GO_Biological_Process_2023,mRNA Metabolic Process (GO:0016071),3/85,0.9999879856983988,0.9999963078360776,0,0,0.1653540911794927,1.9866258563974308e-06,ZFP36;PPARGC1A;ZFP36L2,LumB,Suppressed
GO_Biological_Process_2023,Negative Regulation Of Translation (GO:0017148),5/107,0.9999882149702752,0.9999963078360776,0,0,0.2214038693680467,2.609266556877072e-06,ZFP36;CPEB1;TRIM2;IGF2BP2;C8ORF88,LumB,Suppressed
GO_Biological_Process_2023,Protein Localization To Organelle (GO:0033365),8/137,0.9999889042306912,0.9999963078360776,0,0,0.2798701340614087,3.105391672386017e-06,ROPN1B;PPP1R15A;ANK2;TULP2;RNF186;LACRT;ROPN1;SGCG,LumB,Suppressed
GO_Biological_Process_2023,Cilium Movement (GO:0003341),1/59,0.9999890404790962,0.9999963078360776,0,0,0.0779969433565765,8.54813815332178e-07,DNAH9,LumB,Suppressed
GO_Biological_Process_2023,Mitotic Cytokinesis (GO:0000281),1/59,0.9999890404790962,0.9999963078360776,0,0,0.0779969433565765,8.54813815332178e-07,SPTBN1,LumB,Suppressed
GO_Biological_Process_2023,Protein Targeting To Mitochondrion (GO:0006626),1/59,0.9999890404790962,0.9999963078360776,0,0,0.0779969433565765,8.54813815332178e-07,MGARP,LumB,Suppressed
GO_Biological_Process_2023,protein-DNA Complex Assembly (GO:0065004),1/59,0.9999890404790962,0.9999963078360776,0,0,0.0779969433565765,8.54813815332178e-07,PADI4,LumB,Suppressed
GO_Biological_Process_2023,Dephosphorylation (GO:0016311),9/147,0.9999895809514332,0.9999963078360776,0,0,0.2942387079641745,3.0657033593626675e-06,PTPRB;PLPPR1;PTPRZ1;ALPL;PTPRM;PLPP3;PTPN5;PLPP1;CDC14B,LumB,Suppressed
GO_Biological_Process_2023,Negative Regulation Of Protein Metabolic Process (GO:0051248),9/147,0.9999895809514332,0.9999963078360776,0,0,0.2942387079641745,3.0657033593626675e-06,SERPINB3;PRNP;EDN1;SERPINB12;EDNRB;TRIM2;IGF2BP2;CRYAB;EGFR,LumB,Suppressed
GO_Biological_Process_2023,Protein Stabilization (GO:0050821),16/208,0.9999897309816346,0.9999963078360776,0,0,0.375452016689847,3.855543451081961e-06,PRKN;TESC;CSN3;ANK2;PIK3R1;IGF1;ATP1B2;C10ORF90;SOX17;TMEM88;DSG1;AHSP;PLPP3;PPARGC1A;CRYAB;GPIHBP1,LumB,Suppressed
GO_Biological_Process_2023,Import Into Nucleus (GO:0051170),2/74,0.9999897926948376,0.9999963078360776,0,0,0.1255888057633693,1.2819298079480124e-06,POM121L2;BACH2,LumB,Suppressed
GO_Biological_Process_2023,Regulation Of Cell Cycle G1/S Phase Transition (GO:1902806),2/74,0.9999897926948376,0.9999963078360776,0,0,0.1255888057633693,1.2819298079480124e-06,DPF3;GLI1,LumB,Suppressed
GO_Biological_Process_2023,Positive Regulation Of I-kappaB kinase/NF-kappaB Signaling (GO:0043123),12/175,0.9999904469709732,0.9999963078360776,0,0,0.331912238743891,3.170782396393424e-06,EDAR;PRKN;GPRC5B;CCL21;PELI2;PELI1;S100A12;ROR1;S100B;LURAP1;CX3CL1;WLS,LumB,Suppressed
GO_Biological_Process_2023,Regulation Of Cell Cycle Process (GO:0010564),7/130,0.9999910901540328,0.9999963078360776,0,0,0.2568555263799031,2.288553371223977e-06,SFRP1;BIN1;CAV2;CCDC8;DPF3;KLHL13;ANKK1,LumB,Suppressed
GO_Biological_Process_2023,Regulation Of Transcription By RNA Polymerase II (GO:0006357),191/2028,0.999991280671521,0.9999963078360776,0,0,0.4424057785545336,3.857498121651136e-06,CSF3;PID1;PRDM5;ZBTB20;NR3C1;FGF1;FGF2;SOX21;ETS2;BACH2;ABRA;NR3C2;HOXA10;HOXA9;ZFP36;EDNRB;SOX17;NKX1-2;HOXA3;TNFSF11;DPF3;SOX8;HOXA7;SOX6;HOXA6;JUNB;MYOZ2;TP63;HOXA5;PKNOX2;HOXA4;MLIP;SERPINF2;EBF1;PSG1;ARID5A;SOX14;EBF2;ARID5B;SOX10;POU3F3;HIC1;FOXP2;NPAS4;LMX1A;BIN1;ZSCAN23;ERG;ATF3;MAGEB4;EPAS1;NOTCH4;TSHZ2;TWIST2;BHLHE22;PIK3R1;FOXO1;NPAS3;GALR1;PRDM16;ALX4;NDN;CYTL1;ALX1;PPARGC1A;ELANE;STAT5A;EGR1;CBX7;JUN;EGR2;EGR3;MAGEE2;BCL11A;CAV1;ZBTB16;PTCH1;ESRRB;PDE2A;IGF2;LIF;SMAD9;IGF1;BMP6;ESR2;BMP5;PHOX2A;FOSL1;MLXIPL;NR4A1;BMP2;IL6;RGCC;NR4A3;FEV;ID1;MAFF;MYF6;ZSCAN4;ID4;CYP1A1;LHX6;SIM1;SP9;VSX2;CSRNP1;TENM2;CSRNP3;RHOXF1;CITED1;FOXE1;TCF23;BHLHE41;TCF21;LDB2;NR2E1;HIF3A;MEOX2;GLI1;MEOX1;CX3CL1;NOS1;ZNF366;MYOCD;EDN1;TCF15;FIGLA;SFTPC;NOG;EN1;PAX3;FOS;PROX1;KLF15;ETV5;DCN;RGMA;NR5A1;ZEB2;MYH2;ETV3L;TAL1;HAND2;ELF5;RARB;CDH13;PPARG;NCOA7;PPARA;VGLL2;VGLL1;MET;VGLL3;CREB5;PRKN;CEBPA;FOXC2;FOXC1;DBX2;DLL1;EGFR;CUX2;PLAGL1;ATOH8;SHOX;RXRG;SNCA;IRX1;IL33;TCF7L1;CDX2;IRX6;DMRT2;NR1H4;DMRT3;KLF4;MEIS2;TBX18;KLF2;POMC;TBX15;PER1;KLF5;NFIB;ASXL3;KLF9;FOSB;LPIN1;MAMLD1;NEUROG2;PF4,LumB,Suppressed
GO_Biological_Process_2023,Regulation Of DNA-templated Transcription (GO:0006355),166/1922,0.9999913765434256,0.9999963078360776,0,0,0.4015389905147931,3.462668977731852e-06,PRDM8;PRDM5;NR3C1;FGF2;SOX21;ETS2;BACH2;NR3C2;HOXA10;FGF7;HOXA9;EFEMP1;SOX17;NKX1-2;HOXA3;CAPN3;DPF3;SOX8;HOXA7;SOX6;HOXA6;JUNB;SOX7;TP63;HOXA5;PKNOX2;HOXA4;ADIPOQ;EBF1;PSG1;ARID5A;SOX14;EBF2;ARID5B;SOX10;POU3F3;HIC1;FOXP2;NPAS4;ERN2;SFRP1;LMX1A;ZSCAN23;ERG;ATF3;EPAS1;NOTCH4;TSHZ2;TWIST2;FOXO1;ZFP36L2;NPAS3;PRDM16;ALX4;ALX1;PPARGC1A;STAT5A;EGR1;JUN;EGR2;EGR3;FZD4;BCL11A;ZBTB16;FZD7;ESRRB;IGF2;SMAD9;IGF1;FOXN3;ESR2;PHOX2A;GDF7;FOSL1;MLXIPL;NR4A1;BMP2;IL6;NR4A3;FEV;ID1;MAFF;MYF6;ZSCAN4;ID4;CYP1A1;LHX6;SIM1;SP9;VSX2;CDKN1C;CSRNP1;TENM1;CSRNP3;RHOXF1;CITED1;FOXE1;TCF23;BHLHE41;TCF21;HIF3A;MEOX2;GLI1;MEOX1;H1-9P;NOS1;ZNF488;MYOCD;TCF15;FIGLA;SFTPC;TESC;EN1;PAX3;NRG1;FOS;PROX1;KLF15;ETV5;NR5A1;ZEB2;MYH2;ETV3L;TAL1;HAND2;ELF5;PPARG;NCOA7;PPARA;VGLL2;CRYAB;VGLL1;VGLL3;CREB5;CEBPA;FOXC2;FOXC1;DBX2;EGFR;TCEAL7;WNT11;ATOH8;SHOX;HAS3;TNNI2;ZNF502;BEND5;RUNX1T1;IRX1;TCF7L1;CDX2;IRX6;DMRT2;NR1H4;DMRT3;WTIP;KLF4;TBX18;KLF2;TBX15;PER1;KLF5;NFIB;KLF9;FOSB;MAMLD1,LumB,Suppressed
GO_Biological_Process_2023,Cellular Component Assembly (GO:0022607),22/260,0.9999914068662392,0.9999963078360776,0,0,0.4159792643722298,3.5745808189095797e-06,NLGN1;GSN;ELN;MYO7B;FAM107A;PDGFA;NEDD9;JCHAIN;RP1L1;HAS1;KRT14;HAS3;HAS2;CAPN3;PKP1;TLCD2;DMD;APBA1;PPARGC1A;GPM6B;SPTBN1;WASF3,LumB,Suppressed
GO_Biological_Process_2023,Positive Regulation Of DNA-templated Transcription (GO:0045893),128/1243,0.9999921557888276,0.9999963078360776,0,0,0.5034245772869891,3.94898418202037e-06,CSF3;PID1;RASL11A;PRDM5;NR3C1;FGF1;FGF2;ETS2;ABRA;HOXA10;FGF7;SOX17;TNFSF11;CAPN3;SOX8;HOXA7;JUNB;TP63;HOXA5;MLIP;SERPINF2;PSG1;SOX14;SOX10;POU3F3;NPAS4;SFRP1;LMX1A;ERG;ATF3;EPAS1;NOTCH4;PIK3R1;BHLHE22;FOXO1;NPAS3;GALR1;PRDM16;CYTL1;ALX1;PPARGC1A;STAT5A;NGFR;EGR1;JUN;EGR2;FZD4;ZBTB16;FZD7;ESRRB;IGF2;LIF;IGF1;BMP6;ESR2;BMP5;PHOX2A;GDF7;FOSL1;MLXIPL;NR4A1;BMP2;IL6;RGCC;NR4A3;MAFF;MYF6;CDKN1C;CSRNP1;CSRNP3;FOXE1;CITED1;TCF21;LDB2;GLI1;MEOX2;CX3CL1;NOS1;MYOCD;EDN1;TCF15;TESC;PAX3;FOS;PROX1;KLF15;ETV5;DCN;RGMA;NR5A1;ZEB2;TAL1;HAND2;RARB;CDH13;PPARG;NCOA7;PPARA;MET;CREB5;PRKN;FOXC2;CEBPA;FOXC1;DLL1;EGFR;WNT11;PLAGL1;ATOH8;HAS3;SHOX;TNNI2;RXRG;IL33;CDX2;IRX6;NR1H4;KLF4;MEIS2;KLF2;POMC;PER1;KLF5;NFIB;ASXL3;LPIN1;NEUROG2;PF4,LumB,Suppressed
GO_Biological_Process_2023,ERAD Pathway (GO:0036503),3/89,0.9999921830365388,0.9999963078360776,0,0,0.1576245294693961,1.2321500032921455e-06,PRKN;SEL1L2;RNF175,LumB,Suppressed
GO_Biological_Process_2023,Positive Regulation Of DNA Repair (GO:0045739),3/89,0.9999921830365388,0.9999963078360776,0,0,0.1576245294693961,1.2321500032921455e-06,DPF3;OOEP;EGFR,LumB,Suppressed
GO_Biological_Process_2023,Regulation Of Gene Expression (GO:0010468),108/1127,0.9999923296960632,0.9999963078360776,0,0,0.4650324956290094,3.5669542617828773e-06,PRDM8;PID1;ZBTB20;NR3C1;FGF1;SOX21;FGF2;ACTG2;CDH5;FGF7;EFEMP1;IL36A;CDH3;SOX17;FGF9;SIRPA;SOX6;SOX7;HOXA5;BTN1A1;PSG1;ANK2;POU3F3;HIC1;ACE2;CLDN5;SFRP1;PSG4;PKP1;ADTRP;NTS;NKAPL;WNT6;RFPL4B;PPARGC1A;BTNL9;EGR1;FZD7;ESRRB;PDE2A;IGF2;FOXN3;IGF1;BTNL2;BMP6;ESR2;FGF17;MLXIPL;FGF16;BMP2;IL6;RGCC;PIP;MYOM1;RHOXF1;CITED1;TCF23;YBX3;VSIR;AFF2;C1QTNF1;H1-9P;UTY;CD36;ZNF488;CD34;EDN3;TESC;IL13;AVPR2;NOG;NRG1;PROX1;NGF;NR5A1;ACTA2;HAND2;CLDN19;PPARG;VGLL1;RBMS3;PRKN;CRP;CEBPA;FOXC1;LRP1;DLL1;PTHLH;CUX2;ATOH8;ZNF502;IGF2BP2;TRIM43;NTRK2;IL33;TCF7L1;GSN;MOG;ANGPT1;ODAM;NTRK3;WTIP;KLF4;PER1;KRT17;SPRY2;CCDC3;PF4,LumB,Suppressed
GO_Biological_Process_2023,RNA Methylation (GO:0001510),1/62,0.999992476872042,0.9999963078360776,0,0,0.0741474047500113,5.578225119705578e-07,TRMT9B,LumB,Suppressed
GO_Biological_Process_2023,Protein-Containing Complex Disassembly (GO:0032984),1/62,0.999992476872042,0.9999963078360776,0,0,0.0741474047500113,5.578225119705578e-07,MAP1LC3C,LumB,Suppressed
GO_Biological_Process_2023,Negative Regulation Of DNA-templated Transcription (GO:0045892),96/1025,0.9999924971824192,0.9999963078360776,0,0,0.4545060612138965,3.4100888592970245e-06,CDKN1C;TENM2;FOXE1;CITED1;PRDM5;TCF23;BHLHE41;ZBTB20;TCF21;LDB2;NR2E1;NR3C1;ETS2;BACH2;ZFP36;EDNRB;CAPN3;SOX8;HOXA7;MYOZ2;SOX7;TP63;ZNF366;EDN1;MLIP;ADIPOQ;NOG;ARID5A;SOX14;EN1;ARID5B;NRG1;PROX1;SOX10;FOXP2;POU3F3;ETV5;HIC1;ERN2;SFRP1;ZEB2;MYH2;BIN1;RARB;PPARG;PPARA;CRYAB;ATF3;MAGEB4;PRKN;FOXC2;CEBPA;FOXC1;NOTCH4;TWIST2;FOXO1;TCEAL7;CUX2;WNT11;ATOH8;PRDM16;NDN;ALX1;BEND5;ELANE;RUNX1T1;SNCA;IRX1;IL33;CBX7;JUN;CDX2;BCL11A;MAGEE2;ZBTB16;CAV1;PTCH1;PDE2A;IGF2;NR1H4;FOXN3;KLF4;MEIS2;BMP6;KLF2;ESR2;MLXIPL;PER1;BMP2;NR4A3;NFIB;ID1;MAFF;ID4;FOSB;VSX2,LumB,Suppressed
GO_Biological_Process_2023,Regulation Of Protein Serine/Threonine Kinase Activity (GO:0071900),5/112,0.9999925453897462,0.9999963078360776,0,0,0.2109931008029193,1.5728771953173682e-06,DIRAS3;SLC8A3;FGF16;ADRB2;SNCA,LumB,Suppressed
GO_Biological_Process_2023,Positive Regulation Of Transcription By RNA Polymerase II (GO:0045944),106/938,0.9999926507167788,0.9999963078360776,0,0,0.5654840612312082,4.155917794597682e-06,CSF3;PID1;PRDM5;NR3C1;FGF1;FGF2;ETS2;ABRA;HOXA10;SOX17;TNFSF11;SOX8;HOXA7;JUNB;TP63;HOXA5;MLIP;SERPINF2;PSG1;SOX14;NPAS4;LMX1A;ERG;ATF3;EPAS1;NOTCH4;PIK3R1;BHLHE22;FOXO1;GALR1;CYTL1;ALX1;PPARGC1A;STAT5A;EGR1;JUN;EGR2;ESRRB;IGF2;LIF;SMAD9;IGF1;BMP6;BMP5;PHOX2A;MLXIPL;NR4A1;BMP2;IL6;RGCC;NR4A3;MAFF;MYF6;CSRNP1;CSRNP3;CITED1;TCF21;LDB2;GLI1;MEOX2;CX3CL1;NOS1;MYOCD;EDN1;TCF15;PAX3;FOS;PROX1;KLF15;ETV5;DCN;RGMA;NR5A1;ZEB2;TAL1;HAND2;RARB;CDH13;PPARG;NCOA7;PPARA;MET;PRKN;FOXC2;CEBPA;FOXC1;DLL1;EGFR;PLAGL1;ATOH8;SHOX;RXRG;IL33;CDX2;NR1H4;KLF4;MEIS2;KLF2;POMC;PER1;KLF5;NFIB;ASXL3;LPIN1;NEUROG2;PF4,LumB,Suppressed
GO_Biological_Process_2023,Negative Regulation Of Transcription By RNA Polymerase II (GO:0000122),74/763,0.9999930118560302,0.9999963078360776,0,0,0.4767350583280296,3.331504863588945e-06,TENM2;FOXE1;TCF23;PRDM5;BHLHE41;TCF21;ZBTB20;LDB2;NR2E1;NR3C1;BACH2;ETS2;ZFP36;EDNRB;SOX8;HOXA7;MYOZ2;ZNF366;EDN1;MLIP;NOG;ARID5A;SOX14;EN1;ARID5B;PROX1;SOX10;HIC1;ETV5;ZEB2;MYH2;BIN1;RARB;PPARG;PPARA;ATF3;MAGEB4;PRKN;CEBPA;FOXC2;FOXC1;NOTCH4;CUX2;PRDM16;NDN;ALX1;ELANE;SNCA;IRX1;IL33;CBX7;JUN;CDX2;BCL11A;MAGEE2;ZBTB16;CAV1;PTCH1;PDE2A;NR1H4;IGF2;KLF4;MEIS2;KLF2;BMP6;ESR2;PER1;BMP2;NR4A3;MAFF;ID1;ID4;FOSB;VSX2,LumB,Suppressed
GO_Biological_Process_2023,Protein Catabolic Process (GO:0030163),4/102,0.999993040789271,0.9999963078360776,0,0,0.1843467633795963,1.28291243760528e-06,PRKN;CPA2;CAPN3;ELANE,LumB,Suppressed
GO_Biological_Process_2023,Protein Modification Process (GO:0036211),41/711,0.9999931331631996,0.9999963078360776,0,0,0.2694422843764371,1.850222546535639e-06,EPHB6;SPRR2E;CHRM3;EPB42;PTPRM;PRKAG3;CDC14B;TGM1;LIPE;ACVR1C;WNT11;PTPRZ1;GRK5;PDK4;CTSG;TGM7;PI3;PAK3;TGM5;EPHB1;ANXA1;USP6;ST8SIA1;ST8SIA2;PRKCA;BMX;TGFBR2;MAPK10;ERN2;PTPRB;BMP2;B3GNT5;LORICRIN;PADI4;ERG;SIK2;CHST4;SGK1;PTPN5;SGK2;SPRR1B,LumB,Suppressed
GO_Biological_Process_2023,Regulation Of Apoptotic Process (GO:0042981),64/705,0.999993147609014,0.9999963078360776,0,0,0.4432881910709188,3.0375944120351404e-06,ALK;CSRNP3;CITED1;SLC6A2;CX3CL1;AQP1;ADAMTSL4;AIFM2;TRIM2;FFAR4;PROK2;TNFRSF8;EMILIN2;CAPN3;SOX8;HOXA5;ANXA1;NRG1;OLFM4;DUSP6;POU3F3;SFRP1;BIN1;CAT;GAS1;ANGPTL4;SGK1;CRYAB;GPLD1;PRKN;GSTP1;PIK3R1;FSTL1;EGFR;FOXO1;SOCS2;PKHD1;SOCS3;ACVR1C;GRK5;SLIT2;SNCA;ANGPT4;EGR1;JUN;EGR3;TSLP;ANGPT1;FZD9;NR1H4;CIDEA;PNMA3;IGF1;CIDEC;TNFRSF10D;FABP1;SH3RF2;BMP2;IL6;SPRY2;TEK;VIP;LACRT;TDGF1,LumB,Suppressed
GO_Biological_Process_2023,Positive Regulation Of Nucleic Acid-Templated Transcription (GO:1903508),54/557,0.9999935384040666,0.9999963078360776,0,0,0.4794645117766831,3.098115948916207e-06,CDKN1C;CITED1;FOXE1;GLI1;FGF2;FGF7;SOX17;CAPN3;SOX8;NOS1;TP63;MYOCD;TESC;PSG1;PAX3;FOS;SOX10;POU3F3;SFRP1;TAL1;PPARG;PPARA;CREB5;FOXC2;FOXC1;NOTCH4;EGFR;FOXO1;NPAS3;WNT11;PRDM16;ATOH8;HAS3;TNNI2;ALX1;PPARGC1A;EGR1;JUN;EGR2;FZD4;IRX6;FZD7;ZBTB16;ESRRB;NR1H4;IGF1;KLF4;KLF2;ESR2;GDF7;MLXIPL;BMP2;IL6;NFIB,LumB,Suppressed
GO_Biological_Process_2023,Protein Phosphorylation (GO:0006468),36/500,0.9999937261761064,0.9999963078360776,0,0,0.3456112852664577,2.168311141218028e-06,ALK;EPHB6;PKDCC;PRKAG3;EGFR;LIPE;EFEMP1;RELN;ACVR1C;WNT11;GRK5;PDK4;CTSG;STK32A;PCK1;PAK3;EPHB1;NTRK2;PDGFRA;PRKCA;BMX;GDF7;TGFBR2;TGFBR3;MAPK10;ERN2;BMP2;KIT;TYRO3;ERG;SIK2;TEK;SGK1;TDGF1;SGK2;DDR2,LumB,Suppressed
GO_Biological_Process_2023,Positive Regulation Of Type I Interferon Production (GO:0032481),1/64,0.9999938411367798,0.9999963078360776,0,0,0.0717847249703205,4.421136638517729e-07,NMB,LumB,Suppressed
GO_Biological_Process_2023,Negative Regulation Of Nucleic Acid-Templated Transcription (GO:1903507),42/456,0.99999385040347,0.9999963078360776,0,0,0.4540913908414243,2.792487427817331e-06,CDKN1C;CEBPA;CITED1;FOXE1;PRDM5;BHLHE41;TWIST2;NR3C1;FOXO1;TCEAL7;WNT11;PRDM16;ATOH8;CAPN3;ALX1;SOX8;HOXA7;SOX7;BEND5;TP63;RUNX1T1;JUN;ZBTB16;ADIPOQ;ARID5A;SOX14;ARID5B;NRG1;FOXN3;PROX1;KLF4;FOXP2;POU3F3;MLXIPL;PER1;ERN2;SFRP1;BMP2;ID1;ID4;PPARG;CRYAB,LumB,Suppressed
GO_Biological_Process_2023,Regulation Of Nucleic Acid-Templated Transcription (GO:1903506),26/452,0.9999938924707832,0.9999963078360776,0,0,0.2717622330917162,1.659800847250469e-06,PRDM8;CEBPA;FOXC1;RHOXF1;NR3C1;SOX21;EFEMP1;SOX17;H1-9P;ZNF502;SOX6;PPARGC1A;ZNF488;SOX7;TCF7L1;FZD7;ESRRB;PSG1;IGF2;FOXN3;WTIP;HIC1;ESR2;MLXIPL;BMP2;VGLL1,LumB,Suppressed
GO_Biological_Process_2023,Protein Ubiquitination (GO:0016567),21/434,0.9999939588541448,0.9999963078360776,0,0,0.2262782682592889,1.3669841514773482e-06,PRKN;TRIM50;TRIM63;HERC2P3;PELI2;DAW1;DTX1;KLHL13;ASB12;FBXO32;C10ORF90;RNF112;SH3RF2;RFPL4B;TRIM2;RNF39;ASB4;ASB5;RNF186;TRIM43;PDZRN3,LumB,Suppressed
GO_Biological_Process_2023,Cellular Response To Starvation (GO:0009267),6/126,0.9999939612399787,0.9999963078360776,0,0,0.2256449375866851,1.3626197423427618e-06,GABARAPL1;SFRP1;MAP1LC3C;PDK4;PPARA;FOXO1,LumB,Suppressed
GO_Biological_Process_2023,Protein-Containing Complex Organization (GO:0043933),6/126,0.9999939612399787,0.9999963078360776,0,0,0.2256449375866851,1.3626197423427618e-06,CAPN3;DMD;APBA1;PPARGC1A;WASF3;JCHAIN,LumB,Suppressed
GO_Biological_Process_2023,Phosphorylation (GO:0016310),23/429,0.9999939776941918,0.9999963078360776,0,0,0.2523525325249463,1.5197486985268978e-06,ALK;EPHB6;DGKB;PRKCA;BMX;PRKAG3;TGFBR2;MAPK10;LIPE;ERN2;BMP2;ACVR1C;WNT11;GRK5;PDK4;CTSG;ERG;SIK2;SGK1;PAK3;EPHB1;SGK2;DGKI,LumB,Suppressed
GO_Biological_Process_2023,Organelle Organization (GO:0006996),33/418,0.9999940192094506,0.9999963078360776,0,0,0.3833905613670845,2.292985503079748e-06,ROPN1B;PRKN;CCL13;ABCD2;NEDD9;SYNE3;RNF112;DPYSL2;GOLGA8IP;PPARGC1A;WASF3;SH3D19;CCL24;ATP8B4;DST;KRT4;CAV2;CAV1;GOLGA8K;KIF25;KRT13;ARAP3;GOLGA8M;WTIP;CIDEC;GEM;MRAP;DES;BIN1;KRT16;GOLGA8H;RHOU;ROPN1,LumB,Suppressed
GO_Biological_Process_2023,Vesicle-Mediated Transport (GO:0016192),27/411,0.9999940472474308,0.9999963078360776,0,0,0.313993181501116,1.8691292810963168e-06,CCL14;ANXA8L1;TINAGL1;EQTN;STX19;STAB2;DOC2B;ADRB2;STX11;NCALD;DPYSL2;DNER;ANXA8;GPRASP1;SCARA5;CAV3;CAV2;ARAP3;RASSF9;NSG1;PRSS12;EHD2;ARL4A;BIN1;RHOJ;RHOU;RAB7B,LumB,Suppressed
GO_Biological_Process_2023,DNA Damage Response (GO:0006974),6/384,0.9999941568208828,0.9999963078360776,0,0,0.0704973251436496,4.1192970159820933e-07,PPP1R15A;FOXE1;HIC1;FOXO1;EPHA2;MAP2K6,LumB,Suppressed
GO_Biological_Process_2023,Protein Localization (GO:0008104),30/351,0.999994180657421,0.9999963078360776,0,0,0.4193471776014114,2.4403319865864068e-06,STX19;DOC2B;PHYHIP;SNX31;EGFR;STX11;FBLN5;FGF7;WNT11;DUOXA1;INSC;DUOXA2;MGAT3;CAPN3;DMD;TNS4;DRD2;WLS;GPIHBP1;JAM3;AKAIN1;NGFR;RIC3;CAV3;ANGPT1;CAV1;ANK2;ARL4A;ID1;FERMT2,LumB,Suppressed
GO_Biological_Process_2023,Ubiquitin-Dependent Protein Catabolic Process (GO:0006511),7/367,0.999994229317809,0.9999963078360776,0,0,0.0864802996670366,4.990517650956886e-07,PRKN;TRIM2;USP44;PELI1;RNF150;RNF186;UBE2L5,LumB,Suppressed
GO_Biological_Process_2023,Protein Modification By Small Protein Conjugation (GO:0032446),17/364,0.9999942424643228,0.9999963078360776,0,0,0.2186753779514047,1.259034914781741e-06,PRKN;TRIM50;EGR2;TRIM63;BCL11A;HERC2P3;DTX1;KLHL13;ASB12;FBXO32;C10ORF90;SH3RF2;RFPL4B;RNF39;ASB5;PDZRN3;TRIM43,LumB,Suppressed
GO_Biological_Process_2023,Endomembrane System Organization (GO:0010256),13/196,0.999994301019649,0.9999963078360776,0,0,0.3199682883933697,1.8234981845309732e-06,ANXA8L1;ATP8B4;CR1;CAV3;CAV2;GOLGA8K;GOLGA8M;RNF112;GOLGA8IP;GOLGA8H;ANXA8;TLCD2;SPTBN1,LumB,Suppressed
GO_Biological_Process_2023,RNA Export From Nucleus (GO:0006405),1/65,0.9999943394870376,0.9999963078360776,0,0,0.0706587603878116,3.9996596109450083e-07,POM121L2,LumB,Suppressed
GO_Biological_Process_2023,Regulation Of Translational Initiation (GO:0006446),1/65,0.9999943394870376,0.9999963078360776,0,0,0.0706587603878116,3.9996596109450083e-07,C8ORF88,LumB,Suppressed
GO_Biological_Process_2023,Negative Regulation Of Gene Expression (GO:0010629),26/336,0.999994354079275,0.9999963078360776,0,0,0.376167723939353,2.123819144147105e-06,PRKN;PTGER4;PIWIL4;LRP1;NTS;FGF2;ZFP36L2;ZFP36;TRIM2;ATOH8;FFAR4;IGF2BP2;CD34;CIDEA;IGF1;KLF4;CLDN5;SFRP1;BMP2;RGCC;KRT17;HAND2;CLDN19;PPARG;CCDC3;RBMS3,LumB,Suppressed
GO_Biological_Process_2023,Protein-Containing Complex Assembly (GO:0065003),19/328,0.9999944073558884,0.9999963078360776,0,0,0.2752610980171687,1.539441663725326e-06,ANGPT1;NRG1;ADRB2;NSG1;COX7A1;CX3CL1;JCHAIN;CXCL12;CASQ2;CAPN3;DMD;APBA1;STXBP6;FMOD;PPARGC1A;FERMT2;TMEM35A;WASF3;SNCA,LumB,Suppressed
GO_Biological_Process_2023,Intracellular Protein Transport (GO:0006886),14/325,0.999994421869448,0.9999963078360776,0,0,0.2012144811637422,1.1224037753262338e-06,TRARG1;NGFR;EGR2;NLGN1;STX19;RASSF9;AKAP6;SNX31;STX11;POM121L2;ARL4A;MAP1LC3C;WLS;GPIHBP1,LumB,Suppressed
GO_Biological_Process_2023,Organelle Assembly (GO:0070925),8/322,0.9999944363437568,0.9999963078360776,0,0,0.1136703136628888,6.324243095695216e-07,EHD2;SRPX;GABARAPL1;GSN;MAP1LC3C;SYNPO;CD34;CDC14B,LumB,Suppressed
GO_Biological_Process_2023,Proteasome-Mediated Ubiquitin-Dependent Protein Catabolic Process (GO:0043161),7/319,0.9999944511528434,0.9999963078360776,0,0,0.1000837744386579,5.553511080008295e-07,PRKN;TRIM2;USP44;PELI1;RNF175;RNF186;ECRG4,LumB,Suppressed
GO_Biological_Process_2023,Protein Transport (GO:0015031),15/313,0.999994480867434,0.9999963078360776,0,0,0.2252362804309038,1.2431123208176117e-06,NGFR;LRP1;STX19;ARRDC3;VLDLR;SNX31;STX11;ARL4A;TXNIP;PPARG;CD36;APOB;SPTBN1;WLS;GPIHBP1,LumB,Suppressed
GO_Biological_Process_2023,Regulation Of Cell Cycle (GO:0051726),20/298,0.9999945544655426,0.9999963078360776,0,0,0.3227693534395541,1.7576564216285695e-06,PPP1R15A;JUN;FZD9;PROX1;ALOX15B;TGM1;RNF112;NR4A1;SFRP1;BMP2;BRINP1;GRK5;SPATA22;BIN1;PLAGL1;LEP;GMNC;ANKK1;JUNB;MAP2K6,LumB,Suppressed
GO_Biological_Process_2023,Gene Expression (GO:0010467),5/296,0.9999945679650653,0.9999963078360776,0,0,0.076704919063874,4.166649317008468e-07,TESC;CELF2;DUOXA2;RPS4Y1;ADAD2,LumB,Suppressed
GO_Biological_Process_2023,DNA Repair (GO:0006281),2/291,0.9999945943965716,0.9999963078360776,0,0,0.0308724536218086,1.668846921988017e-07,FOXE1;USP44,LumB,Suppressed
GO_Biological_Process_2023,Cytoskeleton-Dependent Cytokinesis (GO:0061640),2/81,0.9999945958697618,0.9999963078360776,0,0,0.1144115800512782,6.182967500344526e-07,ROPN1B;SPTBN1,LumB,Suppressed
GO_Biological_Process_2023,DNA Metabolic Process (GO:0006259),2/288,0.9999946104495606,0.9999963078360776,0,0,0.0312021035213055,1.6816576391226805e-07,FOXE1;DNASE1L3,LumB,Suppressed
GO_Biological_Process_2023,Plasma Membrane Bounded Cell Projection Assembly (GO:0120031),12/275,0.9999946817499382,0.9999963078360776,0,0,0.2044420873140722,1.0872770346968412e-06,MRAP;P2RY12;EHD2;GSN;CCL21;KIT;S1PR1;EMP1;ARHGEF4;CDH13;MYLK;CDC14B,LumB,Suppressed
GO_Biological_Process_2023,Regulation Of I-kappaB kinase/NF-kappaB Signaling (GO:0043122),16/232,0.9999947159211784,0.9999963078360776,0,0,0.333240611961057,1.7608743124672703e-06,PRKN;CCL21;GSTP1;PELI2;NR1H4;S100B;CX3CL1;EDAR;PER1;GPRC5B;PELI1;S100A12;CAPN3;ROR1;LURAP1;WLS,LumB,Suppressed
GO_Biological_Process_2023,Chromatin Organization (GO:0006325),8/268,0.9999947213753122,0.9999963078360776,0,0,0.1377399175900424,7.270792484771133e-07,PER1;TCF7L1;NPM2;KDM4E;H1-9P;DPF3;PADI2;PADI4,LumB,Suppressed
GO_Biological_Process_2023,Positive Regulation Of Autophagy (GO:0010508),4/107,0.999994746655232,0.9999963078360776,0,0,0.1753440586131066,9.21145212439971e-07,PRKN;LACRT;FOXO1;DCN,LumB,Suppressed
GO_Biological_Process_2023,Regulation Of Cellular Response To Stress (GO:0080135),4/107,0.999994746655232,0.9999963078360776,0,0,0.1753440586131066,9.21145212439971e-07,PRKN;CRHBP;AIFM2;CORO2B,LumB,Suppressed
GO_Biological_Process_2023,Sensory Perception Of Smell (GO:0007608),15/230,0.99999486419968,0.9999963078360776,0,0,0.3137982771554958,1.6116094307280192e-06,OR2A1;OR1E1;OR2M4;OR2L3;OR2S2;OR2L13;OR7A5;OR2A12;OR2B11;OR2A42;DRD2;OR2A5;OR10A3;OR10A6;CNGB1,LumB,Suppressed
GO_Biological_Process_2023,Cilium Assembly (GO:0060271),4/243,0.9999948705521614,0.9999963078360776,0,0,0.0749356493011612,3.843794901694563e-07,RP1L1;EHD2;GSN;CDC14B,LumB,Suppressed
GO_Biological_Process_2023,Regulation Of Autophagy (GO:0010506),10/241,0.9999948829788928,0.9999963078360776,0,0,0.1942461870259704,9.939643820913738e-07,PRKN;LEP;KIF25;LEPR;MET;RASIP1;FOXO1;DCN;DEPP1;GFAP,LumB,Suppressed
GO_Biological_Process_2023,Translation (GO:0006412),1/234,0.9999949275145062,0.9999963078360776,0,0,0.019207494679776,9.742998524076887e-08,RPS4Y1,LumB,Suppressed
GO_Biological_Process_2023,Chromatin Remodeling (GO:0006338),8/228,0.9999949665341368,0.9999963078360776,0,0,0.1631872429541039,8.213994839680714e-07,PER1;NPM2;KDM4E;H1-9P;PRDM16;DPF3;PADI2;PADI4,LumB,Suppressed
GO_Biological_Process_2023,Cilium Organization (GO:0044782),6/228,0.9999949665367618,0.9999963078360776,0,0,0.1212055328560182,6.100851293206321e-07,ROPN1B;EHD2;GSN;NEDD9;ROPN1;CDC14B,LumB,Suppressed
GO_Biological_Process_2023,Protein Polyubiquitination (GO:0000209),8/226,0.999994979703668,0.9999963078360776,0,0,0.1647047440079241,8.268686977492798e-07,PRKN;C10ORF90;TRIM2;PELI2;PELI1;DAW1;RNF186;UBE2L5,LumB,Suppressed
GO_Biological_Process_2023,Proteasomal Protein Catabolic Process (GO:0010498),6/220,0.999995019984096,0.9999963078360776,0,0,0.1257987996940905,6.264815831385704e-07,PRKN;TRIM2;USP44;PELI1;SEL1L2;RNF186,LumB,Suppressed
GO_Biological_Process_2023,mRNA Processing (GO:0006397),4/214,0.9999950612314268,0.9999963078360776,0,0,0.0854370470117628,4.219548447395042e-07,NR5A1;NOVA2;PPARGC1A;SRSF12,LumB,Suppressed
GO_Biological_Process_2023,tRNA Modification (GO:0006400),1/67,0.9999950726885662,0.9999963078360776,0,0,0.0685091916393855,3.3756695493153765e-07,TRMT9B,LumB,Suppressed
GO_Biological_Process_2023,"mRNA Splicing, Via Spliceosome (GO:0000398)",3/211,0.9999950821943644,0.9999963078360776,0,0,0.0646839821763602,3.181040342751328e-07,NR5A1;NOVA2;SRSF12,LumB,Suppressed
GO_Biological_Process_2023,Regulation Of Translation (GO:0006417),8/202,0.9999951465311055,0.9999963078360776,0,0,0.1853552738124873,8.996182390075341e-07,IL6;TRIM2;KRT13;SAMD4A;IGF2BP2;VIM;PLD1;LARP6,LumB,Suppressed
GO_Biological_Process_2023,DNA-templated Transcription (GO:0006351),3/199,0.999995168737611,0.9999963078360776,0,0,0.0686951332639485,3.318850153605001e-07,FOXE1;DTX1;ZFP36L2,LumB,Suppressed
GO_Biological_Process_2023,Golgi Vesicle Transport (GO:0048193),3/197,0.9999951835820646,0.9999963078360776,0,0,0.0694119025304592,3.3431753738310533e-07,CCL13;PLPP3;RAB7B,LumB,Suppressed
GO_Biological_Process_2023,Regulation Of Programmed Cell Death (GO:0043067),9/195,0.9999951948860004,0.9999963078360776,0,0,0.2176613351005713,1.0458900412965532e-06,PRKN;ALK;CITED1;CIDEA;GAS1;SGK1;OLFM4;CRYAB;CIDEC,LumB,Suppressed
GO_Biological_Process_2023,Transcription By RNA Polymerase II (GO:0006366),4/192,0.9999952212878824,0.9999963078360776,0,0,0.0955647706292138,4.566776185955544e-07,FOXE1;DTX1;PPARG;PPARGC1A,LumB,Suppressed
GO_Biological_Process_2023,Modification-Dependent Protein Catabolic Process (GO:0019941),3/192,0.9999952212881434,0.9999963078360776,0,0,0.0712701932214127,3.405805311350156e-07,PRKN;RNF150;UBE2L5,LumB,Suppressed
GO_Biological_Process_2023,Defense Response To Virus (GO:0051607),6/189,0.9999952442729596,0.9999963078360776,0,0,0.1473909188058479,7.009526448447219e-07,NMB;IL6;USP44;IFNE;OPRK1;NLRP1,LumB,Suppressed
GO_Biological_Process_2023,RNA Processing (GO:0006396),3/183,0.9999952912820818,0.9999963078360776,0,0,0.0748752771618625,3.525673892764499e-07,CELF2;PPARGC1A;ADAD2,LumB,Suppressed
GO_Biological_Process_2023,Macromolecule Biosynthetic Process (GO:0009059),2/183,0.9999952912821845,0.9999963078360776,0,0,0.04962425121971,2.3366714594380354e-07,ALAS2;RPS4Y1,LumB,Suppressed
GO_Biological_Process_2023,Endosomal Transport (GO:0016197),7/180,0.9999953138946632,0.9999963078360776,0,0,0.182058470678052,8.531471700392821e-07,EHD2;ANXA8L1;TINAGL1;DENND2A;RASSF9;ANXA8;NSG1,LumB,Suppressed
GO_Biological_Process_2023,"RNA Splicing, Via Transesterification Reactions With Bulged Adenosine As Nucleophile (GO:0000377)",3/180,0.9999953153049644,0.9999963078360776,0,0,0.0761584426321921,3.567799138098822e-07,NR5A1;NOVA2;SRSF12,LumB,Suppressed
GO_Biological_Process_2023,Positive Regulation Of Double-Strand Break Repair (GO:2000781),2/84,0.9999953298053404,0.9999963078360776,0,0,0.1102055160202474,5.146824142052502e-07,DPF3;OOEP,LumB,Suppressed
GO_Biological_Process_2023,Peptidyl-Serine Modification (GO:0018209),8/166,0.999995355675523,0.9999963078360776,0,0,0.2280940285345896,1.0593451397536695e-06,PRKCA;NDNF;STK32A;PCK1;SGK1;TDGF1;SGK2;TGFBR2,LumB,Suppressed
GO_Biological_Process_2023,Mitochondrion Organization (GO:0007005),7/162,0.9999954387728124,0.9999963078360776,0,0,0.2034263005262969,9.2787568874164e-07,PRKN;PID1;CAV2;AIFM2;MGARP;COX7A1;PPARGC1A,LumB,Suppressed
GO_Biological_Process_2023,Peptidyl-Serine Phosphorylation (GO:0018105),7/158,0.9999954484597072,0.9999963078360776,0,0,0.208866527993179,9.506665814962748e-07,PRKCA;STK32A;PCK1;SGK1;TDGF1;SGK2;TGFBR2,LumB,Suppressed
GO_Biological_Process_2023,Cellular Respiration (GO:0045333),2/85,0.999995491220605,0.9999963078360776,0,0,0.1088710619702417,4.908767075461534e-07,NR4A3;PPARGC1A,LumB,Suppressed
GO_Biological_Process_2023,Nuclear-Transcribed mRNA Catabolic Process (GO:0000956),2/85,0.999995491220605,0.9999963078360776,0,0,0.1088710619702417,4.908767075461534e-07,ZFP36;SAMD4A,LumB,Suppressed
GO_Biological_Process_2023,Peptide Biosynthetic Process (GO:0043043),5/158,0.9999955011388209,0.9999963078360776,0,0,0.1471403869368046,6.619656637216534e-07,DMD;GGT3P;RPS4Y1;PCSK5;GGTA1,LumB,Suppressed
GO_Biological_Process_2023,Protein Complex Oligomerization (GO:0051259),3/100,0.9999955622181682,0.9999963078360776,0,0,0.1396552906485016,6.197610867365038e-07,RNF112;NLRP1;SNCA,LumB,Suppressed
GO_Biological_Process_2023,protein-RNA Complex Assembly (GO:0022618),2/150,0.9999955760404844,0.9999963078360776,0,0,0.0608126830071967,2.690334427631371e-07,NR5A1;CELF2,LumB,Suppressed
GO_Biological_Process_2023,Protein Targeting (GO:0006605),5/129,0.999995588586022,0.9999963078360776,0,0,0.1818765319449662,8.023344450082708e-07,NLGN1;RASSF9;NACAD;AKAP6;MGARP,LumB,Suppressed
GO_Biological_Process_2023,Defense Response To Symbiont (GO:0140546),4/148,0.9999955940002926,0.9999963078360776,0,0,0.125103964513446,5.512092453572367e-07,IL6;IFNE;OPRK1;NLRP1,LumB,Suppressed
GO_Biological_Process_2023,Golgi Organization (GO:0007030),5/130,0.999995608925108,0.9999963078360776,0,0,0.1804104270660011,7.921974358702745e-07,ATP8B4;GOLGA8H;GOLGA8IP;GOLGA8K;GOLGA8M,LumB,Suppressed
GO_Biological_Process_2023,Regulation Of DNA Repair (GO:0006282),2/129,0.9999957859610376,0.9999963078360776,0,0,0.0709599579354326,2.9902865756526786e-07,DPF3;EGFR,LumB,Suppressed
GO_Biological_Process_2023,Macroautophagy (GO:0016236),3/104,0.9999958028664472,0.9999963078360776,0,0,0.1340914579262804,5.62800938270103e-07,PRKN;GABARAPL1;MAP1LC3C,LumB,Suppressed
GO_Biological_Process_2023,Cytosolic Transport (GO:0016482),1/127,0.9999958076056816,0.9999963078360776,0,0,0.0357538583300356,1.4989458672749374e-07,DENND2A,LumB,Suppressed
GO_Biological_Process_2023,Regulation Of Double-Strand Break Repair (GO:2000779),2/88,0.9999958144207624,0.9999963078360776,0,0,0.1050539027109229,4.397123542351325e-07,DPF3;OOEP,LumB,Suppressed
GO_Biological_Process_2023,Regulation Of DNA Metabolic Process (GO:0051052),1/124,0.9999958403828846,0.9999963078360776,0,0,0.0366326599554084,1.5237815625141396e-07,PDGFA,LumB,Suppressed
GO_Biological_Process_2023,Protein Localization To Nucleus (GO:0034504),1/122,0.9999958625402484,0.9999963078360776,0,0,0.0372427371168242,1.540906446277376e-07,POM121L2,LumB,Suppressed
GO_Biological_Process_2023,Regulation Of Double-Strand Break Repair Via Homologous Recombination (GO:0010569),1/71,0.9999958639896382,0.9999963078360776,0,0,0.0645785516422635,2.670981111001861e-07,OOEP,LumB,Suppressed
GO_Biological_Process_2023,Regulation Of Proteasomal Ubiquitin-Dependent Protein Catabolic Process (GO:0032434),3/109,0.9999959043927368,0.9999963078360776,0,0,0.1277271681378906,5.231213887726821e-07,PRKN;CEBPA;SH3RF2,LumB,Suppressed
GO_Biological_Process_2023,Protein Modification By Small Protein Removal (GO:0070646),3/114,0.999995910380178,0.9999963078360776,0,0,0.1219362377898963,4.986738747946365e-07,PRKN;USP6;USP44,LumB,Suppressed
GO_Biological_Process_2023,RNA Metabolic Process (GO:0016070),3/111,0.9999959138742144,0.9999963078360776,0,0,0.1253464523281596,5.121824174294009e-07,CELF2;RNASE3;ADAD2,LumB,Suppressed
GO_Biological_Process_2023,Protein Deubiquitination (GO:0016579),3/112,0.9999959146742978,0.9999963078360776,0,0,0.1241888565674647,5.073529640104786e-07,PRKN;USP6;USP44,LumB,Suppressed
GO_Biological_Process_2023,Protein Targeting To Membrane (GO:0006612),1/72,0.9999959743178832,0.9999963078360776,0,0,0.063665093051383,2.5629594243576095e-07,NACAD,LumB,Suppressed
GO_Biological_Process_2023,rRNA Metabolic Process (GO:0016072),2/91,0.9999959799504232,0.9999963078360776,0,0,0.101494080030884,4.080120536000506e-07,ERN2;CAVIN1,LumB,Suppressed
GO_Biological_Process_2023,Regulation Of RNA Metabolic Process (GO:0051252),2/91,0.9999959799504232,0.9999963078360776,0,0,0.101494080030884,4.080120536000506e-07,NOVA2;PDE3A,LumB,Suppressed
GO_Biological_Process_2023,Mitotic Sister Chromatid Segregation (GO:0000070),2/111,0.9999959845297548,0.9999963078360776,0,0,0.0827696304600374,3.3235965560907986e-07,KIF25;ANKRD53,LumB,Suppressed
GO_Biological_Process_2023,Mitotic Cell Cycle Phase Transition (GO:0044772),1/111,0.9999959903228728,0.9999963078360776,0,0,0.0409947116595316,1.6437588722077104e-07,NES,LumB,Suppressed
GO_Biological_Process_2023,"Retrograde Transport, Endosome To Golgi (GO:0042147)",2/94,0.99999605624663,0.9999963078360776,0,0,0.0981664196995434,3.871449119118418e-07,DENND2A;RAB7B,LumB,Suppressed
GO_Biological_Process_2023,Ubiquitin-Dependent ERAD Pathway (GO:0030433),1/73,0.9999960616021476,0.9999963078360776,0,0,0.0627770083102493,2.472413215837417e-07,RNF175,LumB,Suppressed
GO_Biological_Process_2023,Regulation Of RNA Splicing (GO:0043484),2/102,0.99999606965321,0.9999963078360776,0,0,0.0902687725131615,3.547882775076739e-07,NR5A1;PIK3R1,LumB,Suppressed
GO_Biological_Process_2023,Regulation Of Macroautophagy (GO:0016241),2/96,0.9999960775812826,0.9999963078360776,0,0,0.0960659816180588,3.768117434097072e-07,LACRT;DCN,LumB,Suppressed
GO_Biological_Process_2023,RNA Splicing (GO:0008380),1/98,0.9999961530062504,0.9999963078360776,0,0,0.0465259730987805,1.7898547198126697e-07,PPARGC1A,LumB,Suppressed
GO_Biological_Process_2023,Nucleosome Organization (GO:0034728),1/75,0.999996183462746,0.9999963078360776,0,0,0.0610728456988844,2.3308723561825097e-07,PADI4,LumB,Suppressed
GO_Biological_Process_2023,Transcription Initiation At RNA Polymerase II Promoter (GO:0006367),1/76,0.999996224193174,0.9999963078360776,0,0,0.0602548476454293,2.2751109456384201e-07,PPARGC1A,LumB,Suppressed
GO_Biological_Process_2023,Proteolysis Involved In Protein Catabolic Process (GO:0051603),1/78,0.9999962769168922,0.9999963078360776,0,0,0.0586825916465805,2.184805723927803e-07,PRKN,LumB,Suppressed
GO_Biological_Process_2023,Regulation Of Innate Immune Response (GO:0045088),1/78,0.9999962769168922,0.9999963078360776,0,0,0.0586825916465805,2.184805723927803e-07,TYRO3,LumB,Suppressed
GO_Biological_Process_2023,Protein Import Into Nucleus (GO:0006606),1/79,0.9999962922852202,0.9999963078360776,0,0,0.0579266993394417,2.147760774477277e-07,POM121L2,LumB,Suppressed
GO_Biological_Process_2023,Establishment Of Protein Localization To Organelle (GO:0072594),1/85,0.999996298381164,0.9999963078360776,0,0,0.053769291650178,1.990337911388216e-07,POM121L2,LumB,Suppressed
GO_Biological_Process_2023,Vesicle-Mediated Transport To The Plasma Membrane (GO:0098876),1/83,0.9999963078360776,0.9999963078360776,0,0,0.0550874940882372,2.0339243373209998e-07,EHD2,LumB,Suppressed
