Gene_set,Term,Overlap,P-value,Adjusted P-value,Old P-value,Old Adjusted P-value,Odds Ratio,Combined Score,Genes,Subtype,Direction
GO_Biological_Process_2023,Granulocyte Chemotaxis (GO:0071621),23/73,9.51443604833009e-06,0.0264493811182392,0,0,3.3657178631051754,38.91678704211354,CCL14;CXCL6;CCL13;CCL24;EDN1;CCL23;ANXA1;EDN3;CCL21;CXCL1;PPBP;CXCL3;CXCL2;CX3CL1;CXCL5;KLF5;CXCR2;SAA1;S100A12;CCL18;PF4V1;CCL16;PF4,LumA,Suppressed
GO_Biological_Process_2023,Neutrophil Chemotaxis (GO:0030593),22/70,1.544038594176258e-05,0.0264493811182392,0,0,3.352506605479071,37.14082494746602,CCL14;CXCL6;CCL13;CCL24;EDN1;CCL23;EDN3;CCL21;CXCL1;PPBP;CXCL3;CXCL2;CX3CL1;CXCL5;KLF5;CXCR2;SAA1;S100A12;CCL18;PF4V1;CCL16;PF4,LumA,Suppressed
GO_Biological_Process_2023,Neutrophil Migration (GO:1990266),22/77,7.895429597505388e-05,0.0901658060035115,0,0,2.9246558197747183,27.628174762086008,CCL14;CXCL6;CCL13;CCL24;EDN1;CCL23;EDN3;CCL21;CXCL1;PPBP;CXCL3;CXCL2;CX3CL1;CXCL5;KLF5;CXCR2;SAA1;S100A12;CCL18;PF4V1;CCL16;PF4,LumA,Suppressed
GO_Biological_Process_2023,Epidermis Development (GO:0008544),23/85,0.0001368818594655519,0.1169923621510827,0,0,2.712430664009909,24.13084739247398,COL17A1;SPRR2F;SPRR2G;LAMB3;SPINK5;KLK5;EMP1;LAMC2;KRT5;KLK7;KRT9;KRT83;EDAR;NTF4;SCEL;FGF7;DCT;FABP5;KRT15;KRT14;SVEP1;TGM5;SPRR2B,LumA,Suppressed
GO_Biological_Process_2023,Regulation Of Sensory Perception (GO:0051931),7/12,0.0001707419179087606,0.1169923621510827,0,0,10.201658374792704,88.50303240797619,TMEM100;OPRPN;SMR3B;SMR3A;SCN11A;SPX;MGLL,LumA,Suppressed
GO_Biological_Process_2023,Chemokine-Mediated Signaling Pathway (GO:0070098),17/57,0.0002836125197051147,0.1619427487516204,0,0,3.1036323896752704,25.350164019276693,CCL14;CXCL6;CCL13;CCL24;FOXC1;CCL23;CCL21;CXCL1;PPBP;CXCL3;CXCL2;CX3CL1;CXCL5;CCL18;PF4V1;CCL16;PF4,LumA,Suppressed
GO_Biological_Process_2023,Ethanol Oxidation (GO:0006069),5/7,0.0004382350008964797,0.1905955388124324,0,0,18.205260977630488,140.77682757975504,ADH4;ACSS2;ADH1C;ADH1B;ADH1A,LumA,Suppressed
GO_Biological_Process_2023,Cellular Response To Chemokine (GO:1990869),17/59,0.0004450567164330004,0.1905955388124324,0,0,2.955503350382618,22.808532106729267,CCL14;CXCL6;CCL13;CCL24;FOXC1;CCL23;CCL21;CXCL1;PPBP;CXCL3;CXCL2;CX3CL1;CXCL5;CCL18;PF4V1;CCL16;PF4,LumA,Suppressed
GO_Biological_Process_2023,Regulation Of Sensory Perception Of Pain (GO:0051930),7/14,0.0005933992147894702,0.2004528555480971,0,0,7.286069651741293,54.1328976485998,TMEM100;OPRPN;SMR3B;SMR3A;SCN11A;SPX;MGLL,LumA,Suppressed
GO_Biological_Process_2023,Cardiac Muscle Cell Contraction (GO:0086003),8/18,0.0006436022799267566,0.2004528555480971,0,0,5.83027789299046,42.84338664736859,KCNE1;GSN;CACNA2D1;SCN5A;SCN3B;SCN4B;KCNJ2;SCN2B,LumA,Suppressed
GO_Biological_Process_2023,Positive Regulation Of Cation Transmembrane Transport (GO:1904064),8/18,0.0006436022799267566,0.2004528555480971,0,0,5.83027789299046,42.84338664736859,EDN1;KCNE1;STAC;KCNE5;AKAP6;ANK2;NOS1;PIRT,LumA,Suppressed
GO_Biological_Process_2023,Long-Chain Fatty Acid Transport (GO:0015909),9/23,0.0009076627722985256,0.2591377214912291,0,0,4.685921754593954,32.82318392138504,ABCD2;FABP4;FABP5;ACSL1;FABP9;SLC27A6;PPARG;SPX;CD36,LumA,Suppressed
GO_Biological_Process_2023,Cardiac Muscle Cell Action Potential (GO:0086001),10/29,0.0014896366998153,0.3604087409198728,0,0,3.836927312053484,24.975415564130785,KCNE1;KCNIP2;CACNA2D1;ATP1A2;DMD;SCN5A;SCN3B;SCN4B;KCNJ2;SCN2B,LumA,Suppressed
GO_Biological_Process_2023,Cellular Response To Fatty Acid (GO:0071398),7/16,0.0015879332176744,0.3604087409198728,0,0,5.6662981389349545,36.52111589139564,DGAT2;PID1;AKR1C3;NR1H4;PDK4;AKR1C2;FFAR3,LumA,Suppressed
GO_Biological_Process_2023,Membrane Depolarization During Cardiac Muscle Cell Action Potential (GO:0086012),7/16,0.0015879332176744,0.3604087409198728,0,0,5.6662981389349545,36.52111589139564,CACNA2D1;ATP1A2;SCN5A;SCN3B;SCN4B;KCNJ2;SCN2B,LumA,Suppressed
GO_Biological_Process_2023,Regulation Of Potassium Ion Transport (GO:0043266),10/30,0.0019950414843887,0.3604087409198728,0,0,3.644873391448734,22.66050749758349,KCNE1;DPP6;KCNIP2;KCNE5;FHL1;CASQ2;ANK2;KCNAB1;NOS1;DRD2,LumA,Suppressed
GO_Biological_Process_2023,Retinoid Metabolic Process (GO:0001523),12/40,0.0020496871695819,0.3604087409198728,0,0,3.1253486853819217,19.346121191509773,ADH4;ALDH1A3;CYP27C1;ADH1B;AWAT2;AKR1C1;ALDH1A2;ALDH1A1;AKR1C3;RDH5;RLBP1;RPE65,LumA,Suppressed
GO_Biological_Process_2023,Action Potential (GO:0001508),11/35,0.002063521002198,0.3604087409198728,0,0,3.3417601052048727,20.66324404473209,KCNE1;KCNB1;KCNA1;KCNE5;KCNA2;KCNMB2;DMD;SCN4A;SCN5A;SCN3B;KCNJ2,LumA,Suppressed
GO_Biological_Process_2023,Cellular Response To Prostaglandin Stimulus (GO:0071379),5/9,0.0021307849878857,0.3604087409198728,0,0,9.101594863297432,55.986320363501456,PTGFR;SFRP1;GNG2;AKR1C3;AKR1C2,LumA,Suppressed
GO_Biological_Process_2023,Extracellular Matrix Assembly (GO:0085029),7/17,0.0024196252785576,0.3604087409198728,0,0,5.099378109452736,30.719380873973968,MFAP4;TNXB;HAS1;HAS3;MYH11;FBLN5;GPM6B,LumA,Suppressed
GO_Biological_Process_2023,Striated Muscle Contraction (GO:0006941),15/57,0.0025702518974113,0.3604087409198728,0,0,2.6056275255526504,15.539314726061216,SMPX;STAC;KCNE5;ATP1A2;RYR3;MYL2;TNNT3;STAC2;CASQ2;DMD;NOS1;SCN5A;SCN3B;SCN4B;SCN2B,LumA,Suppressed
GO_Biological_Process_2023,Heart Contraction (GO:0060047),12/41,0.002583664366033,0.3604087409198728,0,0,3.0174061286764178,17.9793550010966,KCNE5;MYL2;CASQ2;ATP1A2;DMD;SCN5A;SCN3B;SGCZ;SCN4B;SGCG;TRDN;SCN2B,LumA,Suppressed
GO_Biological_Process_2023,Elastic Fiber Assembly (GO:0048251),4/6,0.0026152066892087,0.3604087409198728,0,0,14.558178053830227,86.56892678455941,MFAP4;TNXB;MYH11;FBLN5,LumA,Suppressed
GO_Biological_Process_2023,Regulation Of Skeletal Muscle Contraction (GO:0014819),4/6,0.0026152066892087,0.3604087409198728,0,0,14.558178053830227,86.56892678455941,CAV3;DMD;SCN4A;KCNJ2,LumA,Suppressed
GO_Biological_Process_2023,Positive Regulation Of Cholesterol Transport (GO:0032376),10/31,0.0026299528671911,0.3604087409198728,0,0,3.471110320425389,20.62113523874371,CETP;CAV1;PTCH1;ADIPOQ;PPARG;ABCA8;ABCA13;PLTP;CYP8B1;CES1,LumA,Suppressed
GO_Biological_Process_2023,Positive Regulation Of Cold-Induced Thermogenesis (GO:0120162),22/98,0.0028184641467931,0.3713868525735859,0,0,2.1139911731769976,12.412432716653171,OXTR;ACSL1;EPAS1;CAV1;ADIPOQ;ELOVL3;EBF2;G0S2;PTH2R;ADRB2;CNKSR2;FABP4;ADRB3;FABP5;SCD;LEP;LEPR;FFAR4;ALPL;CD36;LPIN1;PPARGC1A,LumA,Suppressed
GO_Biological_Process_2023,Energy Reserve Metabolic Process (GO:0006112),7/18,0.0035498255427319,0.4343465110499888,0,0,4.6355344489672845,26.148386108923592,PID1;ADRB3;LEP;ADGRF5;LEPR;PYGM;MRAP2,LumA,Suppressed
GO_Biological_Process_2023,Regulation Of Ventricular Cardiac Muscle Cell Membrane Repolarization (GO:0060307),7/18,0.0035498255427319,0.4343465110499888,0,0,4.6355344489672845,26.148386108923592,KCNE1;CAV3;CACNA2D1;KCNE5;ANK2;SCN5A;SCN4B,LumA,Suppressed
GO_Biological_Process_2023,Adenylate Cyclase-Modulating G Protein-Coupled Receptor Signaling Pathway (GO:0007188),32/163,0.0037314084114834,0.4348193660652383,0,0,1.785754260514172,9.984097652148025,PTGFR;ADCYAP1R1;ADM;ADRB2;PTH1R;ADCY8;GNAI1;ADGRG3;AKAP12;ADGRG4;ADGRG2;OXER1;FFAR3;P2RY12;GABBR2;LHCGR;PSAPL1;PDE2A;AVPR2;GLP2R;SCTR;OPRK1;PTH2R;MARCO;ADGRD1;GNAL;ADGRF1;ADRB3;ADGRD2;ADGRF5;ADGRL3;PF4,LumA,Suppressed
GO_Biological_Process_2023,Positive Regulation Of Defense Response To Bacterium (GO:1900426),5/10,0.0038384231847048,0.4348193660652383,0,0,7.28086164043082,40.50120263680472,NLRP10;KLK5;EMILIN2;KLK3;KLK7,LumA,Suppressed
GO_Biological_Process_2023,Ethanol Metabolic Process (GO:0006067),6/14,0.0039344426001232,0.4348193660652383,0,0,5.461976792374637,30.24835133051984,ADH4;ACSS2;ADH1C;SULT1E1;ADH1B;ADH1A,LumA,Suppressed
GO_Biological_Process_2023,Positive Regulation Of Metabolic Process (GO:0009893),23/108,0.0046216478455271,0.4876083836442371,0,0,1.9758813709123049,10.624321957785329,OXTR;ACSL1;EPAS1;CAV1;ADIPOQ;ELOVL3;EBF2;G0S2;PTH2R;ADRB2;JCHAIN;CNKSR2;FABP4;ADRB3;FABP5;SCD;LEP;LEPR;FFAR4;ALPL;CD36;LPIN1;PPARGC1A,LumA,Suppressed
GO_Biological_Process_2023,Regulation Of Cold-Induced Thermogenesis (GO:0120161),29/146,0.0046967532575189,0.4876083836442371,0,0,1.811164753424168,9.709443795268294,OXTR;EPAS1;NPR3;ADRB2;ADAMTS5;ACADL;LEPR;FFAR4;CD36;PPARGC1A;MAP2K6;WNT10B;ACSL1;CAV1;ADIPOQ;ELOVL3;CIDEA;EBF2;G0S2;PTH2R;CNKSR2;FABP4;ADRB3;FABP5;SCD;LEP;ALDH1A1;ALPL;LPIN1,LumA,Suppressed
GO_Biological_Process_2023,Calcium-Independent Cell-Cell Adhesion Via Plasma Membrane Cell-Adhesion Molecules (GO:0016338),7/19,0.0050404909351634,0.5079035865844069,0,0,4.248998065229409,22.478269636739263,CLDN11;CLDN10;CLDN5;CLDN8;CLDN19;CLDN16;CLDN2,LumA,Suppressed
GO_Biological_Process_2023,Dopamine Uptake (GO:0090494),4/7,0.0055178489903352,0.5251152955802341,0,0,9.704899930986889,50.4632200521956,SLC22A3;SLC29A4;SLC6A2;SNCA,LumA,Suppressed
GO_Biological_Process_2023,Negative Regulation Of Phospholipase Activity (GO:0010519),4/7,0.0055178489903352,0.5251152955802341,0,0,9.704899930986889,50.4632200521956,ANXA8L1;RGS2;ANXA1;ANXA8,LumA,Suppressed
GO_Biological_Process_2023,Regulation Of Systemic Arterial Blood Pressure By Hormone (GO:0001990),6/15,0.0058928929589901,0.545650034527032,0,0,4.854814200856472,24.92465609817564,ACE2;EDN1;OXTR;EDN3;RASL10B;AVPR2,LumA,Suppressed
GO_Biological_Process_2023,Cardiac Muscle Cell Action Potential Involved In Contraction (GO:0086002),9/30,0.0072561299540782,0.6374231082736471,0,0,3.122703023117961,15.382149853103082,KCNE1;CAV3;KCNE5;CACNA2D1;SCN5A;SCN3B;SCN4B;KCNJ2;SCN2B,LumA,Suppressed
GO_Biological_Process_2023,Prostaglandin Metabolic Process (GO:0006693),9/30,0.0072561299540782,0.6374231082736471,0,0,3.122703023117961,15.382149853103082,EDN1;PTGIS;AKR1C1;GSTA1;AKR1C3;AKR1C2;PLA2G4A;PTGS2;CES1,LumA,Suppressed
GO_Biological_Process_2023,Metal Ion Transport (GO:0030001),32/171,0.0077888603033346,0.6519110845513889,0,0,1.6822054714837262,8.167209728306563,CHRNA7;KCNA1;KCNA2;KCNA4;ATP1A2;CSN2;KCNA6;RYR3;AQP1;SCN11A;KCNMB1;SCN9A;KCNMB2;CDH23;SLC17A7;SCN5A;SCN3B;SCN3A;KCNJ2;KCNIP2;CACNA2D1;CAV1;KCNB2;KCNJ16;KCNAB1;KCNS1;KCNQ4;NMUR1;SCN4A;CLDN16;SCN2A;SCN4B,LumA,Suppressed
GO_Biological_Process_2023,Lymphocyte Migration (GO:0072676),11/41,0.0079029973829766,0.6519110845513889,0,0,2.67249446290144,12.936244660200575,CCL14;CCL13;CCL24;CCL23;KLF5;CCL21;S1PR1;SAA1;CCL18;CX3CL1;CCL16,LumA,Suppressed
GO_Biological_Process_2023,Muscle Contraction (GO:0006936),20/94,0.0079919047142902,0.6519110845513889,0,0,1.97233081351464,9.525028794557468,TMOD1;OXTR;SMPX;KCNIP2;LMOD1;MYOM2;RYR3;MYLK;TRDN;CKMT2;MYH1;P2RX6;DES;FXYD1;CASQ2;SCN4A;MYH11;NMUR1;NOS1;CRYAB,LumA,Suppressed
GO_Biological_Process_2023,Regulation Of Steroid Biosynthetic Process (GO:0050810),6/16,0.0084758757571388,0.6753104731152941,0,0,4.36908412764194,20.842852569611225,EGR1;BMP2;NR1H4;CYP7A1;BMP5;CES1,LumA,Suppressed
GO_Biological_Process_2023,Negative Regulation Of Lipid Metabolic Process (GO:0045833),8/26,0.0094771650428585,0.7280466052313511,0,0,3.237568551546154,15.08341117111487,ALK;HCAR2;ASXL3;PDE3B;CIDEA;APOD;CCDC3;CIDEC,LumA,Suppressed
GO_Biological_Process_2023,Monocyte Chemotaxis (GO:0002548),11/42,0.0095627837814976,0.7280466052313511,0,0,2.5861376058300287,12.02522023025993,CCL14;CCL13;CCL24;CCL23;IL6;CCL21;S100A12;CCL18;FOLR2;CX3CL1;CCL16,LumA,Suppressed
GO_Biological_Process_2023,Negative Regulation Of Potassium Ion Transport (GO:0043267),5/12,0.009798223564734,0.7297546507125849,0,0,5.200023671440407,24.05299122246585,CAV3;CAV1;KCNE5;CASQ2;NOS1,LumA,Suppressed
GO_Biological_Process_2023,Triglyceride Biosynthetic Process (GO:0019432),6/17,0.0117792928089081,0.8125066322757614,0,0,3.971668613193686,17.63981717785715,DGAT2;GPAM;MOGAT1;GPAT3;LPIN1;PCK1,LumA,Suppressed
GO_Biological_Process_2023,Acylglycerol Biosynthetic Process (GO:0046463),7/22,0.0123245825308417,0.8125066322757614,0,0,3.398618021006081,14.940866666649598,DGAT2;GPAM;AWAT2;MOGAT1;PLA2G4A;GPAT3;LPIN1,LumA,Suppressed
GO_Biological_Process_2023,Positive Regulation Of Cholesterol Efflux (GO:0010875),7/22,0.0123245825308417,0.8125066322757614,0,0,3.398618021006081,14.940866666649598,CAV1;PTCH1;ADIPOQ;PPARG;ABCA8;PLTP;CES1,LumA,Suppressed
GO_Biological_Process_2023,Regulation Of Cardiac Muscle Cell Membrane Repolarization (GO:0099623),7/22,0.0123245825308417,0.8125066322757614,0,0,3.398618021006081,14.940866666649598,KCNE1;CAV3;CACNA2D1;KCNE5;ANK2;SCN5A;SCN4B,LumA,Suppressed
GO_Biological_Process_2023,Fatty Acid Transport (GO:0015908),10/38,0.0127583124962594,0.8125066322757614,0,0,2.602294965308664,11.35009753126014,RBP7;FABP4;FABP5;ACSL1;FABP7;FABP9;SLC27A6;PMP2;PPARG;CD36,LumA,Suppressed
GO_Biological_Process_2023,Positive Regulation Of Cation Channel Activity (GO:2001259),10/38,0.0127583124962594,0.8125066322757614,0,0,2.602294965308664,11.35009753126014,JPH2;EDN1;KCNIP2;STAC;LRRC38;STAC2;AKAP6;ANK2;PIRT;TRDN,LumA,Suppressed
GO_Biological_Process_2023,Cardiac Muscle Contraction (GO:0060048),9/33,0.0140212797365842,0.8125066322757614,0,0,2.7318983402489625,11.657499561440767,GSN;KCNE5;MYL2;CASQ2;DMD;SCN5A;SCN3B;SCN4B;SCN2B,LumA,Suppressed
GO_Biological_Process_2023,Membrane Depolarization During Action Potential (GO:0086010),5/13,0.0143580218545821,0.8125066322757614,0,0,4.549761806130903,19.306670715196237,SCN5A;SCN3B;SCN4B;KCNJ2;SCN2B,LumA,Suppressed
GO_Biological_Process_2023,Regulation Of Cellular Ketone Metabolic Process (GO:0010565),5/13,0.0143580218545821,0.8125066322757614,0,0,4.549761806130903,19.306670715196237,NR1H4;PDK4;PPARA;CYP7A1;CES1,LumA,Suppressed
GO_Biological_Process_2023,Intermediate Filament Organization (GO:0045109),15/68,0.0144699722425166,0.8125066322757614,0,0,2.063541895582833,8.740502427700461,KRT81;KRT79;KRT77;KRT5;KRT74;KRT9;KRT83;GFAP;DES;KRT17;KRT16;KRT15;KRT14;PKP1;KRT6B,LumA,Suppressed
GO_Biological_Process_2023,Positive Regulation Of Peroxisome Proliferator Activated Receptor Signaling Pathway (GO:0035360),3/5,0.014625891139417,0.8125066322757614,0,0,10.914114238410596,46.11171743101804,BMP2;PTGIS;LMO3,LumA,Suppressed
GO_Biological_Process_2023,Regulation Of Sarcomere Organization (GO:0060297),3/5,0.014625891139417,0.8125066322757614,0,0,10.914114238410596,46.11171743101804,EDN1;CAV3;PROX1,LumA,Suppressed
GO_Biological_Process_2023,Response To Heparin (GO:0071503),3/5,0.014625891139417,0.8125066322757614,0,0,10.914114238410596,46.11171743101804,EGR1;SFRP1;GPIHBP1,LumA,Suppressed
GO_Biological_Process_2023,Diterpenoid Metabolic Process (GO:0016101),8/28,0.0151450189493484,0.8125066322757614,0,0,2.913479883865616,12.207724231685482,ADH4;ADH1B;AWAT2;AKR1C1;ALDH1A1;AKR1C3;RDH5;RPE65,LumA,Suppressed
GO_Biological_Process_2023,Regulation Of Lipid Biosynthetic Process (GO:0046890),8/28,0.0151450189493484,0.8125066322757614,0,0,2.913479883865616,12.207724231685482,MLXIPL;ASXL3;PDK4;HSD17B13;THRSP;SORBS1;PCK1;PPARA,LumA,Suppressed
GO_Biological_Process_2023,Regulation Of Sodium Ion Transmembrane Transport (GO:1902305),8/28,0.0151450189493484,0.8125066322757614,0,0,2.913479883865616,12.207724231685482,CAV3;FXYD2;FXYD1;NOS1;SCN5A;SCN3B;SCN4B;SCN2B,LumA,Suppressed
GO_Biological_Process_2023,Negative Regulation Of Lipid Catabolic Process (GO:0050995),6/18,0.0158940347650535,0.8125066322757614,0,0,3.640489017820141,15.078218959849837,ALK;HCAR2;PDE3B;CIDEA;CIDEC;GPLD1,LumA,Suppressed
GO_Biological_Process_2023,Regulation Of cAMP-mediated Signaling (GO:0043949),6/18,0.0158940347650535,0.8125066322757614,0,0,3.640489017820141,15.078218959849837,PDE11A;PDE2A;PDE3B;SCTR;FFAR4;GNAI1,LumA,Suppressed
GO_Biological_Process_2023,Regulation Of Cardiac Muscle Hypertrophy (GO:0010611),7/23,0.0159057648926895,0.8125066322757614,0,0,3.1860230099502487,13.193555978134889,EDN1;MLIP;RGS2;NR4A3;CAV3;IGF1;PDE9A,LumA,Suppressed
GO_Biological_Process_2023,Triglyceride Metabolic Process (GO:0006641),11/45,0.0161711284305382,0.8125066322757614,0,0,2.357545925346883,9.72376376165458,CETP;LIPE;DGAT2;CAV3;GPAM;MOGAT1;CAV1;GPAT3;APOB;LPIN1;GPIHBP1,LumA,Suppressed
GO_Biological_Process_2023,Amine Metabolic Process (GO:0009308),4/9,0.0162664172143773,0.8125066322757614,0,0,5.822277432712215,23.979938028465327,AOC3;AOC2;MAOA;INMT,LumA,Suppressed
GO_Biological_Process_2023,Toxin Transport (GO:1901998),4/9,0.0162664172143773,0.8125066322757614,0,0,5.822277432712215,23.979938028465327,SLC22A3;ANTXRL;SLC29A4;ANTXR2,LumA,Suppressed
GO_Biological_Process_2023,Cellular Response To Hormone Stimulus (GO:0032870),19/94,0.0163639689512631,0.8125066322757614,0,0,1.847855555555556,7.599626346576628,OXTR;LHCGR;AKR1C1;CAV1;AVPR2;AKR1C3;AKR1C2;ATP1A2;TFPI;ESR2;HCRTR1;GHR;CRHBP;SFRP1;NR4A3;CYP11A1;LEP;FFAR4;MGARP,LumA,Suppressed
GO_Biological_Process_2023,Regulation Of Blood Circulation (GO:1903522),9/34,0.0170734721125508,0.8356245065371306,0,0,2.622473029045643,10.674066714675789,ACE2;DES;CAV3;KCNIP2;CELF2;KCNE5;HSPB7;KCNMB2;FXYD1,LumA,Suppressed
GO_Biological_Process_2023,Regulation Of Muscle Contraction (GO:0006937),8/29,0.0187515838279991,0.8972516891813801,0,0,2.7745847405739568,11.033072569994363,CNN1;KCNA1;CAV1;KCNB2;MYL2;TNNT3;ATP1A2;PPP1R12B,LumA,Suppressed
GO_Biological_Process_2023,Adenylate Cyclase-Inhibiting G Protein-Coupled Receptor Signaling Pathway (GO:0007193),12/52,0.0192908587320928,0.8972516891813801,0,0,2.1862484420440382,8.631579804292667,AKAP12;P2RY12;CHRM3;GABBR2;MARCO;PSAPL1;PDE2A;FFAR3;OXER1;OPRK1;DRD2;GNAI1,LumA,Suppressed
GO_Biological_Process_2023,Potassium Ion Transport (GO:0006813),23/122,0.0199025833971595,0.8972516891813801,0,0,1.6951063219844522,6.639571676939204,KCNE1;KCNH5;KCNB1;KCNIP2;KCNH8;LRRC38;KCNA1;KCNB2;KCNA2;SLC1A3;KCNA4;KCNJ16;ABCC9;KCNAB1;ATP1A2;KCNA6;AQP1;KCNS1;KCNMB1;KCNMB2;KCNQ4;SLC17A7;KCNJ2,LumA,Suppressed
GO_Biological_Process_2023,Odontogenesis Of Dentin-Containing Tooth (GO:0042475),5/14,0.0201489109332574,0.8972516891813801,0,0,4.044002577556844,15.790232846212206,WNT6;FOXC1;BMP2;ODAM;SCN5A,LumA,Suppressed
GO_Biological_Process_2023,"Synaptic Transmission, GABAergic (GO:0051932)",5/14,0.0201489109332574,0.8972516891813801,0,0,4.044002577556844,15.790232846212206,GABBR2;GABRA4;GABRE;GABRG3;GABRG1,LumA,Suppressed
GO_Biological_Process_2023,Eosinophil Chemotaxis (GO:0048245),7/24,0.0201659019459913,0.8972516891813801,0,0,2.9984391766656917,11.705193287084024,CCL14;CCL13;CCL24;CCL23;CCL18;CX3CL1;CCL16,LumA,Suppressed
GO_Biological_Process_2023,Eosinophil Migration (GO:0072677),7/24,0.0201659019459913,0.8972516891813801,0,0,2.9984391766656917,11.705193287084024,CCL14;CCL13;CCL24;CCL23;CCL18;CX3CL1;CCL16,LumA,Suppressed
GO_Biological_Process_2023,Negative Regulation Of Blood Vessel Morphogenesis (GO:2000181),16/77,0.0204828150357995,0.8996682604185794,0,0,1.9123636438058984,7.435593104149791,ANGPT4;FOXC1;NPR1;PDE3B;SPINK5;NRG1;KLK3;ISM1;KLF4;CLDN5;TNMD;COL4A3;SPRY2;PPARG;HOXA5;PF4,LumA,Suppressed
GO_Biological_Process_2023,Positive Regulation Of Hormone Secretion (GO:0046887),6/19,0.0209033714989813,0.9065183639937976,0,0,3.3602601294271413,12.996964726319485,HCAR2;EDN1;NMB;EDN3;RASL10B;PPARG,LumA,Suppressed
GO_Biological_Process_2023,Regulation Of Heart Rate By Cardiac Conduction (GO:0086091),10/41,0.021654656899048,0.9172318052348978,0,0,2.350058249307034,9.00667990123558,KCNE1;KCNE5;CACNA2D1;CAV1;ANK2;SCN5A;SCN3B;SCN4B;KCNJ2;SCN2B,LumA,Suppressed
GO_Biological_Process_2023,Antimicrobial Humoral Immune Response Mediated By Antimicrobial Peptide (GO:0061844),14/65,0.0216858657980229,0.9172318052348978,0,0,2.000896824426236,7.665624971928758,CXCL6;CCL13;TSLP;CXCL1;DEFB1;NRG1;PPBP;CXCL3;CXCL2;CXCL5;RNASE7;S100A12;PF4V1;PF4,LumA,Suppressed
GO_Biological_Process_2023,Regulation Of Angiogenesis (GO:0045765),35/205,0.0219801070780612,0.9183395957248506,0,0,1.5036147848401105,5.7402260533217655,FOXC1;HSPB6;NPR1;CHRNA7;PDE3B;KLK3;ISM1;FGF1;FGF2;AQP1;BMPER;HYAL1;ADAMTS1;EMILIN2;CD34;HOXA5;PPP1R16B;ANGPT4;PTGIS;SPINK5;PSG1;VEGFD;NRG1;KLF4;CLDN5;SFRP1;IL6;TNMD;LEP;COL4A3;SPRY2;PPARG;ANGPTL4;NODAL;PF4,LumA,Suppressed
GO_Biological_Process_2023,Regulation Of Macrophage Derived Foam Cell Differentiation (GO:0010743),8/30,0.0229317547769599,0.939729298119953,0,0,2.64831642849063,9.998010668178647,CETP;ADIPOQ;PLA2G2A;PPARG;CD36;APOB;PPARA;PF4,LumA,Suppressed
GO_Biological_Process_2023,Positive Regulation Of Chondrocyte Differentiation (GO:0032332),4/10,0.0245517642127374,0.939729298119953,0,0,4.851621808143547,17.984824088365823,PKDCC;ZBTB16;SOX6;GDF5,LumA,Suppressed
GO_Biological_Process_2023,Response To Prostaglandin E (GO:0034695),4/10,0.0245517642127374,0.939729298119953,0,0,4.851621808143547,17.984824088365823,TGFBR3;SFRP1;GNG2;CCL21,LumA,Suppressed
GO_Biological_Process_2023,Myelination (GO:0042552),11/48,0.0257118781415865,0.939729298119953,0,0,2.166023166023166,7.929382391697754,ABCD2;GAL3ST1;MYOC;LGI4;MPZ;PLP1;ACSBG1;SCN2A;SOX10;GPM6B;KLK6,LumA,Suppressed
GO_Biological_Process_2023,Catecholamine Uptake (GO:0090493),3/6,0.0266366069152106,0.939729298119953,0,0,7.275662251655629,26.37768656161281,SLC22A3;SLC29A4;SLC6A2,LumA,Suppressed
GO_Biological_Process_2023,Hyaluronan Biosynthetic Process (GO:0030213),3/6,0.0266366069152106,0.939729298119953,0,0,7.275662251655629,26.37768656161281,HYAL1;HAS1;HAS3,LumA,Suppressed
GO_Biological_Process_2023,Norepinephrine Transport (GO:0015874),3/6,0.0266366069152106,0.939729298119953,0,0,7.275662251655629,26.37768656161281,SLC22A3;SLC29A4;SLC6A2,LumA,Suppressed
GO_Biological_Process_2023,Positive Regulation Of Unsaturated Fatty Acid Biosynthetic Process (GO:2001280),3/6,0.0266366069152106,0.939729298119953,0,0,7.275662251655629,26.37768656161281,ABCD2;ANXA1;PTGS2,LumA,Suppressed
GO_Biological_Process_2023,Regulation Of Atrial Cardiac Muscle Cell Membrane Depolarization (GO:0060371),3/6,0.0266366069152106,0.939729298119953,0,0,7.275662251655629,26.37768656161281,SCN5A;SCN3B;SCN2B,LumA,Suppressed
GO_Biological_Process_2023,Regulation Of Bile Acid Metabolic Process (GO:1904251),3/6,0.0266366069152106,0.939729298119953,0,0,7.275662251655629,26.37768656161281,NR1H4;CYP7A1;CES1,LumA,Suppressed
GO_Biological_Process_2023,Regulation Of Skeletal Muscle Satellite Cell Proliferation (GO:0014842),3/6,0.0266366069152106,0.939729298119953,0,0,7.275662251655629,26.37768656161281,ANGPT1;EPHB1;FGF2,LumA,Suppressed
GO_Biological_Process_2023,"Synaptic Transmission, Dopaminergic (GO:0001963)",3/6,0.0266366069152106,0.939729298119953,0,0,7.275662251655629,26.37768656161281,CRHBP;SLC6A2;SNCA,LumA,Suppressed
GO_Biological_Process_2023,Hydrogen Peroxide Catabolic Process (GO:0042744),6/20,0.0268807563385158,0.939729298119953,0,0,3.1200639393759992,11.283226460342666,HBM;GPX3;CAT;HBB;HBA1;MPO,LumA,Suppressed
GO_Biological_Process_2023,Regulation Of Calcium Ion Transmembrane Transport (GO:1903169),6/20,0.0268807563385158,0.939729298119953,0,0,3.1200639393759992,11.283226460342666,PRNP;CAV3;CACNA2D1;ATP1A2;NOS1;TRDN,LumA,Suppressed
GO_Biological_Process_2023,Regulation Of Smooth Muscle Contraction (GO:0006940),6/20,0.0268807563385158,0.939729298119953,0,0,3.1200639393759992,11.283226460342666,CHRM3;CNN1;MYOCD;CAV1;KCNB2;PROK2,LumA,Suppressed
GO_Biological_Process_2023,Sensory Perception Of Pain (GO:0019233),6/20,0.0268807563385158,0.939729298119953,0,0,3.1200639393759992,11.283226460342666,MME;MRGPRX2;KCNA2;SCN9A;OPRK1;PROK2,LumA,Suppressed
GO_Biological_Process_2023,Positive Regulation Of Potassium Ion Transport (GO:0043268),5/15,0.0272769320684744,0.943947164309026,0,0,3.6393951946975975,13.108060308244966,KCNE1;KCNE5;FHL1;AKAP6;ANK2,LumA,Suppressed
GO_Biological_Process_2023,Energy Derivation By Oxidation Of Organic Compounds (GO:0015980),10/43,0.0296621510466411,0.9999961806440713,0,0,2.207378894801061,7.765301618800889,PID1;ADGRF1;NR4A3;ADRB3;ACSM1;LEP;ADGRF5;LEPR;PPARGC1A;MRAP2,LumA,Suppressed
GO_Biological_Process_2023,Positive Regulation Of miRNA Transcription (GO:1902895),10/43,0.0296621510466411,0.9999961806440713,0,0,2.207378894801061,7.765301618800889,FOSL1;EGR1;NGFR;KLF5;ATOH8;PPARG;FOS;KLF4;FGF2;EGFR,LumA,Suppressed
GO_Biological_Process_2023,Regulation Of Potassium Ion Transmembrane Transporter Activity (GO:1901016),7/26,0.0309382155607594,0.9999961806440713,0,0,2.682508510081173,9.323764120753632,KCNE1;CAV3;KCNS1;FHL1;CASQ2;ANK2;KCNAB1,LumA,Suppressed
GO_Biological_Process_2023,Regulation Of Vasoconstriction (GO:0019229),7/26,0.0309382155607594,0.9999961806440713,0,0,2.682508510081173,9.323764120753632,CHRM3;ACE2;OXTR;CAV1;KCNMB2;AVPR2;ADM,LumA,Suppressed
GO_Biological_Process_2023,Regulation Of Cholesterol Efflux (GO:0010874),8/32,0.0331706415407784,0.9999961806440713,0,0,2.4273468823448083,8.267762149334585,CETP;CAV1;PTCH1;ADIPOQ;PPARG;ABCA8;PLTP;CES1,LumA,Suppressed
GO_Biological_Process_2023,Lipid Catabolic Process (GO:0016042),6/21,0.033888082739585,0.9999961806440713,0,0,2.9118939079983424,9.855863630898575,HSD11B1;LIPE;CES1P1;CYP1A2;CYP3A4;CES1,LumA,Suppressed
GO_Biological_Process_2023,Lymphocyte Chemotaxis (GO:0048247),10/44,0.0343647410152135,0.9999961806440713,0,0,2.142333894952751,7.221216727189499,CCL14;CCL13;CCL24;CCL23;KLF5;CCL21;SAA1;CCL18;CX3CL1;CCL16,LumA,Suppressed
GO_Biological_Process_2023,Regulation Of Monoatomic Ion Transmembrane Transporter Activity (GO:0032412),14/69,0.0348607570784705,0.9999961806440713,0,0,1.8549536949536949,6.225954564317311,CHRM3;NLGN1;CAV3;KCNE5;FHL1;ANK2;CRHBP;RELN;FXYD2;FXYD1;CACNG2;SCN3B;SCN4B;SCN2B,LumA,Suppressed
GO_Biological_Process_2023,Negative Regulation Of Potassium Ion Transmembrane Transport (GO:1901380),4/11,0.0349580467756428,0.9999961806440713,0,0,4.15829636202307,13.945290124509478,CAV3;CAV1;KCNE5;CASQ2,LumA,Suppressed
GO_Biological_Process_2023,Negative Regulation Of Voltage-Gated Potassium Channel Activity (GO:1903817),4/11,0.0349580467756428,0.9999961806440713,0,0,4.15829636202307,13.945290124509478,KCNE1;CAV1;KCNE5;KCNAB1,LumA,Suppressed
GO_Biological_Process_2023,Phasic Smooth Muscle Contraction (GO:0014821),4/11,0.0349580467756428,0.9999961806440713,0,0,4.15829636202307,13.945290124509478,EDN1;EDNRB;EDN3;DRD2,LumA,Suppressed
GO_Biological_Process_2023,Regulation Of Muscle System Process (GO:0090257),4/11,0.0349580467756428,0.9999961806440713,0,0,4.15829636202307,13.945290124509478,KCNA1;ATP1A2;DMD;PPP1R12B,LumA,Suppressed
GO_Biological_Process_2023,Prostanoid Metabolic Process (GO:0006692),5/16,0.0358228790439364,0.9999961806440713,0,0,3.308352790540032,11.014063931097397,AKR1C1;GSTA1;AKR1C3;AKR1C2;CES1,LumA,Suppressed
GO_Biological_Process_2023,Regulation Of Fatty Acid Oxidation (GO:0046320),5/16,0.0358228790439364,0.9999961806440713,0,0,3.308352790540032,11.014063931097397,NR4A3;ACADL;PDK4;PPARA;PPARGC1A,LumA,Suppressed
GO_Biological_Process_2023,Retinal Metabolic Process (GO:0042574),5/16,0.0358228790439364,0.9999961806440713,0,0,3.308352790540032,11.014063931097397,ALDH1A3;CYP27C1;AKR1C1;AKR1C3;RPE65,LumA,Suppressed
GO_Biological_Process_2023,Calcium Ion Homeostasis (GO:0055074),19/102,0.0359146267351369,0.9999961806440713,0,0,1.6689859437751005,5.552066392759354,CCL14;CCL13;EDN1;CCL23;EDN3;CHRNA7;CAV1;ANK2;HTR2A;PTH1R;TRDN;JPH2;CASQ2;RGN;ATP13A4;ALPL;ATP13A5;ELANE;SNCA,LumA,Suppressed
GO_Biological_Process_2023,Regulation Of Potassium Ion Transmembrane Transport (GO:1901379),8/33,0.0392984436198292,0.9999961806440713,0,0,2.3301202820406477,7.541598248103209,KCNE1;DPP6;CAV3;KCNIP2;KCNE5;CAV1;FHL1;KCNAB1,LumA,Suppressed
GO_Biological_Process_2023,Cell-Cell Adhesion Via Plasma-Membrane Adhesion Molecules (GO:0098742),29/172,0.0398535000144319,0.9999961806440713,0,0,1.479655908944612,4.768257821936522,CRB2;ROBO3;TENM1;TENM2;NLGN1;CLDN2;CDH8;MYPN;SLITRK2;MPZ;HMCN2;CDH23;CADM3;CNTN6;UNC5D;TGFBR2;CLDN11;CLDN5;CLDN10;LRFN5;CD209;CLDN8;CDH12;CLDN19;FAT2;DSG1;CLDN16;NECTIN3;ADGRL3,LumA,Suppressed
GO_Biological_Process_2023,Inflammatory Response (GO:0006954),38/236,0.0399614907187203,0.9999961806440713,0,0,1.40114712857258,4.511468198213723,CCL14;PTGFR;CCL13;CXCL6;ADM;CXCL1;ADCY8;CXCL3;CXCL2;CX3CL1;CXCL5;CRHBP;HYAL1;CXCR2;PROK2;CCL18;PF4V1;CCL16;AOC3;CCL24;CCL23;ANXA1;CCL21;ODAM;PPBP;FOS;TACR1;BMP2;IL6;KRT16;KIT;CARD18;ACKR1;IL17D;CDO1;FOLR2;MGLL;PF4,LumA,Suppressed
GO_Biological_Process_2023,Muscle Organ Development (GO:0007517),12/58,0.0424452110686746,0.9999961806440713,0,0,1.9004353245064212,6.004503679197546,CHODL;DES;MYMX;CAV3;FHL1;TCF21;ITGA7;DMD;IGF1;SOX6;SGCG;KY,LumA,Suppressed
GO_Biological_Process_2023,Atrial Cardiac Muscle Cell To AV Node Cell Signaling (GO:0086026),3/7,0.0424757048338968,0.9999961806440713,0,0,5.456436258278146,17.235916446026575,KCNE5;SCN5A;SCN3B,LumA,Suppressed
GO_Biological_Process_2023,Axon Ensheathment In Central Nervous System (GO:0032291),3/7,0.0424757048338968,0.9999961806440713,0,0,5.456436258278146,17.235916446026575,PLP1;SOX10;GPM6B,LumA,Suppressed
GO_Biological_Process_2023,Catecholamine Transport (GO:0051937),3/7,0.0424757048338968,0.9999961806440713,0,0,5.456436258278146,17.235916446026575,SLC22A3;SLC29A4;SLC6A2,LumA,Suppressed
GO_Biological_Process_2023,Cellular Response To Leptin Stimulus (GO:0044320),3/7,0.0424757048338968,0.9999961806440713,0,0,5.456436258278146,17.235916446026575,NR4A3;LEP;LEPR,LumA,Suppressed
GO_Biological_Process_2023,Diacylglycerol Biosynthetic Process (GO:0006651),3/7,0.0424757048338968,0.9999961806440713,0,0,5.456436258278146,17.235916446026575,DGAT2;GPAM;MOGAT1,LumA,Suppressed
GO_Biological_Process_2023,Negative Regulation Of Appetite (GO:0032099),3/7,0.0424757048338968,0.9999961806440713,0,0,5.456436258278146,17.235916446026575,LEP;SPX;PPARA,LumA,Suppressed
GO_Biological_Process_2023,Negative Regulation Of Muscle Hypertrophy (GO:0014741),3/7,0.0424757048338968,0.9999961806440713,0,0,5.456436258278146,17.235916446026575,MLIP;RGS2;CAV3,LumA,Suppressed
GO_Biological_Process_2023,Positive Regulation Of Oligodendrocyte Differentiation (GO:0048714),3/7,0.0424757048338968,0.9999961806440713,0,0,5.456436258278146,17.235916446026575,PTPRZ1;IL34;PTN,LumA,Suppressed
GO_Biological_Process_2023,Regulation Of Phospholipase A2 Activity (GO:0032429),3/7,0.0424757048338968,0.9999961806440713,0,0,5.456436258278146,17.235916446026575,ANXA8L1;ANXA1;ANXA8,LumA,Suppressed
GO_Biological_Process_2023,Regulation Of Epithelial Cell Proliferation (GO:0050678),17/91,0.044334761318802,0.9999961806440713,0,0,1.6743873348785925,5.2173678787473,CDKN1C;ANGPT1;IGF1;GDF5;EGFR;BMP6;BMP5;TGFBR3;FGF7;ZFP36;SFRP1;NR4A3;FGF9;HYAL1;LEP;SCN5A;NODAL,LumA,Suppressed
GO_Biological_Process_2023,Cardiac Conduction (GO:0061337),10/46,0.0452762316023376,0.9999961806440713,0,0,2.0230847285641804,6.261392759061985,KCNE1;KCNE5;CACNA2D1;CAV1;ANK2;SCN5A;SCN3B;SCN4B;KCNJ2;SCN2B,LumA,Suppressed
GO_Biological_Process_2023,Fatty Acid Biosynthetic Process (GO:0006633),13/65,0.0454751240277543,0.9999961806440713,0,0,1.8213840399002492,5.62915098513723,OLAH;ACSM3;ACSM1;ELOVL3;ACSM2A;ACSM5;CYP3A4;ACACB;ACSM2B;SCD;CYP1A2;CYP1A1;ACSBG1,LumA,Suppressed
GO_Biological_Process_2023,Positive Regulation Of Cardiac Muscle Hypertrophy (GO:0010613),5/17,0.0458410521338227,0.9999961806440713,0,0,3.0324841204087267,9.34786050932872,EDN1;NR4A3;AKAP6;IGF1;PDE9A,LumA,Suppressed
GO_Biological_Process_2023,Positive Regulation Of Cartilage Development (GO:0061036),5/17,0.0458410521338227,0.9999961806440713,0,0,3.0324841204087267,9.34786050932872,BMP2;PKDCC;ZBTB16;SOX6;GDF5,LumA,Suppressed
GO_Biological_Process_2023,Positive Regulation Of Glial Cell Differentiation (GO:0045687),5/17,0.0458410521338227,0.9999961806440713,0,0,3.0324841204087267,9.34786050932872,EGR2;BMP2;PTPRZ1;IL34;PTN,LumA,Suppressed
GO_Biological_Process_2023,Positive Regulation Of Potassium Ion Transmembrane Transport (GO:1901381),5/17,0.0458410521338227,0.9999961806440713,0,0,3.0324841204087267,9.34786050932872,KCNE1;KCNIP2;KCNE5;AKAP6;ANK2,LumA,Suppressed
GO_Biological_Process_2023,Ventricular Cardiac Muscle Cell Action Potential (GO:0086005),5/17,0.0458410521338227,0.9999961806440713,0,0,3.0324841204087267,9.34786050932872,KCNE1;CAV3;KCNE5;SCN5A;SCN3B,LumA,Suppressed
GO_Biological_Process_2023,Biogenic Amine Metabolic Process (GO:0006576),4/12,0.0475379755884296,0.9999961806440713,0,0,3.638302277432712,11.083092453382118,SLC22A3;DDC;MAOA;SLC29A4,LumA,Suppressed
GO_Biological_Process_2023,Detection Of Calcium Ion (GO:0005513),4/12,0.0475379755884296,0.9999961806440713,0,0,3.638302277432712,11.083092453382118,KCNIP2;KCNMB1;KCNMB2;CASQ2,LumA,Suppressed
GO_Biological_Process_2023,Low-Density Lipoprotein Particle Remodeling (GO:0034374),4/12,0.0475379755884296,0.9999961806440713,0,0,3.638302277432712,11.083092453382118,CETP;PLA2G2A;APOB;MPO,LumA,Suppressed
GO_Biological_Process_2023,Negative Regulation Of Cardiac Muscle Hypertrophy (GO:0010614),4/12,0.0475379755884296,0.9999961806440713,0,0,3.638302277432712,11.083092453382118,MLIP;RGS2;CAV3;PPARG,LumA,Suppressed
GO_Biological_Process_2023,Negative Regulation Of Macrophage Derived Foam Cell Differentiation (GO:0010745),4/12,0.0475379755884296,0.9999961806440713,0,0,3.638302277432712,11.083092453382118,CETP;ADIPOQ;PPARG;PPARA,LumA,Suppressed
GO_Biological_Process_2023,Positive Regulation Of Alcohol Biosynthetic Process (GO:1902932),4/12,0.0475379755884296,0.9999961806440713,0,0,3.638302277432712,11.083092453382118,PTH1R;FGF1;BMP6;SNCA,LumA,Suppressed
GO_Biological_Process_2023,Positive Regulation Of Fatty Acid Oxidation (GO:0046321),4/12,0.0475379755884296,0.9999961806440713,0,0,3.638302277432712,11.083092453382118,ABCD2;NR4A3;PPARA;PPARGC1A,LumA,Suppressed
GO_Biological_Process_2023,Positive Regulation Of Purine Nucleotide Biosynthetic Process (GO:1900373),4/12,0.0475379755884296,0.9999961806440713,0,0,3.638302277432712,11.083092453382118,PID1;NOS1;PPARA;PPARGC1A,LumA,Suppressed
GO_Biological_Process_2023,Positive Regulation Of Sodium Ion Transport (GO:0010765),4/12,0.0475379755884296,0.9999961806440713,0,0,3.638302277432712,11.083092453382118,NOS1;SCN5A;SCN3B;SCN4B,LumA,Suppressed
GO_Biological_Process_2023,Relaxation Of Cardiac Muscle (GO:0055119),4/12,0.0475379755884296,0.9999961806440713,0,0,3.638302277432712,11.083092453382118,RGS2;GSN;ATP1A2;KCNJ2,LumA,Suppressed
GO_Biological_Process_2023,Steroid Catabolic Process (GO:0006706),4/12,0.0475379755884296,0.9999961806440713,0,0,3.638302277432712,11.083092453382118,HSD11B1;SULT1E1;CYP1A2;CYP3A4,LumA,Suppressed
GO_Biological_Process_2023,Regulation Of miRNA Transcription (GO:1902893),12/59,0.0476433697164835,0.9999961806440713,0,0,1.8598944567705893,5.661540680739287,FOSL1;EGR1;NGFR;KLF5;NFIB;ATOH8;PPARG;FOS;PPARA;KLF4;FGF2;EGFR,LumA,Suppressed
GO_Biological_Process_2023,Steroid Metabolic Process (GO:0008202),17/92,0.048493668305483,0.9999961806440713,0,0,1.6519678046072717,4.999386576393197,AKR1C1;HSD3B1;AKR1C3;UGT2B28;AKR1C2;CYP3A4;CYP7A1;CYP8B1;CYP39A1;HSD11B1;CYP26B1;SULT1E1;CYP11A1;HSD17B2;CYP1A2;CYP1A1;RDH5,LumA,Suppressed
GO_Biological_Process_2023,Cellular Response To Alcohol (GO:0097306),11/53,0.049696043710818,0.9999961806440713,0,0,1.907619443126088,5.726349182255953,PTGFR;SFRP1;GNG2;PTCH1;AKR1C3;AKR1C2;ADCY8;CYP7A1;GPLD1;GNAI1;CES1,LumA,Suppressed
GO_Biological_Process_2023,Negative Regulation Of Endopeptidase Activity (GO:0010951),13/66,0.0506059780412906,0.9999961806440713,0,0,1.786916356906476,5.331596542749245,CRB2;SERPINB4;ANXA8L1;SERPINB12;CR1;SERPIND1;NRG1;CSN2;SERPINB5;SPOCK3;FETUB;ANXA8;TIMP4,LumA,Suppressed
GO_Biological_Process_2023,Extracellular Matrix Organization (GO:0030198),29/176,0.0514327679429764,0.9999961806440713,0,0,1.4390629892124214,4.270390352890653,VIT;COL17A1;ECM2;HPSE2;KLK5;LOXL4;DPT;KLK7;MMP20;ADAMTS5;C6ORF15;ADAMTS3;MMP27;ADAMTS1;ADAMTSL4;HAS1;MMP28;HAS3;ELANE;GPM6B;MMP7;GSN;MIA;CMA1;SPINK5;COL4A3;MATN4;DDR2;MATN2,LumA,Suppressed
GO_Biological_Process_2023,Negative Regulation Of Angiogenesis (GO:0016525),16/86,0.0516202525778901,0.9999961806440713,0,0,1.6656322454075263,4.93666945912896,ANGPT4;FOXC1;NPR1;PDE3B;SPINK5;NRG1;KLK3;ISM1;KLF4;CLDN5;TNMD;COL4A3;SPRY2;PPARG;HOXA5;PF4,LumA,Suppressed
GO_Biological_Process_2023,Regulation Of Postsynaptic Membrane Potential (GO:0060078),8/35,0.0537084271594733,0.9999961806440713,0,0,2.1572729926110266,6.308266101298959,NPAS4;GABRA4;DRD2;GABRE;GABRG3;GRIN2B;INSYN2B;GABRG1,LumA,Suppressed
GO_Biological_Process_2023,Regulation Of Smooth Muscle Cell Proliferation (GO:0048660),11/54,0.0558641119143498,0.9999961806440713,0,0,1.863149965232172,5.374876708792065,EDN1;BMP2;IL6;NR4A3;RBPMS2;PPARG;APOD;IGF1;PPARGC1A;CX3CL1;ELANE,LumA,Suppressed
GO_Biological_Process_2023,Endothelial Cell Proliferation (GO:0001935),5/18,0.0573591475032445,0.9999961806440713,0,0,2.799056784143777,8.0008881362049,ANGPT4;BMPER;PROK2;CD34;PROK1,LumA,Suppressed
GO_Biological_Process_2023,Membrane Repolarization (GO:0086009),5/18,0.0573591475032445,0.9999961806440713,0,0,2.799056784143777,8.0008881362049,KCNE1;KCNIP2;KCNE5;ATP1A2;KCNJ2,LumA,Suppressed
GO_Biological_Process_2023,Negative Regulation Of Peptide Hormone Secretion (GO:0090278),5/18,0.0573591475032445,0.9999961806440713,0,0,2.799056784143777,8.0008881362049,CRHBP;SFRP1;KCNB1;FFAR4;FAM3D,LumA,Suppressed
GO_Biological_Process_2023,Response To Cholesterol (GO:0070723),5/18,0.0573591475032445,0.9999961806440713,0,0,2.799056784143777,8.0008881362049,PTCH1;CYP7A1;GPLD1;TGFBR2;CES1,LumA,Suppressed
GO_Biological_Process_2023,Monoatomic Cation Transport (GO:0006812),9/42,0.0604533309149691,0.9999961806440713,0,0,1.9858166729536024,5.571970438136028,TRPM1;CNGA1;SLC29A4;ATP1A2;CLDN16;TRPM6;GRIN2B;TRPM3;CNGB1,LumA,Suppressed
GO_Biological_Process_2023,Fat-Soluble Vitamin Metabolic Process (GO:0006775),6/24,0.0615115220121342,0.9999961806440713,0,0,2.42616383478381,6.7654325110302045,CYP11A1;ALDH1A2;CYP1A1;CYP3A4;RLBP1;RPE65,LumA,Suppressed
GO_Biological_Process_2023,Positive Regulation Of ERK1 And ERK2 Cascade (GO:0070374),29/179,0.0615971420860721,0.9999961806440713,0,0,1.4100390516039052,3.929975966237691,CCL14;CCL13;CHRNA7;HTR2A;FGF1;FGF2;CX3CL1;EGFR;BMPER;FFAR4;ALKAL2;CD36;CCL18;CCL16;CCL24;NTRK2;CCL23;ANGPT1;CCL21;PLA2G2A;NRG1;IGF1;MTURN;MARCO;BMP2;SPRY2;FERMT2;NODAL;DDR2,LumA,Suppressed
GO_Biological_Process_2023,Brown Fat Cell Differentiation (GO:0050873),3/8,0.0619708114838946,0.9999961806440713,0,0,4.364900662251656,12.13918938420227,ADIPOQ;FFAR4;PPARGC1A,LumA,Suppressed
GO_Biological_Process_2023,Cardioblast Differentiation (GO:0010002),3/8,0.0619708114838946,0.9999961806440713,0,0,4.364900662251656,12.13918938420227,MYOCD;NRG1;TBXT,LumA,Suppressed
GO_Biological_Process_2023,Lactation (GO:0007595),3/8,0.0619708114838946,0.9999961806440713,0,0,4.364900662251656,12.13918938420227,OXTR;CSN3;CSN2,LumA,Suppressed
GO_Biological_Process_2023,Negative Regulation Of cAMP-mediated Signaling (GO:0043951),3/8,0.0619708114838946,0.9999961806440713,0,0,4.364900662251656,12.13918938420227,PDE11A;PDE2A;PDE3B,LumA,Suppressed
GO_Biological_Process_2023,Negative Regulation Of Cholesterol Storage (GO:0010887),3/8,0.0619708114838946,0.9999961806440713,0,0,4.364900662251656,12.13918938420227,PPARG;PPARA;CES1,LumA,Suppressed
GO_Biological_Process_2023,Neuronal Action Potential (GO:0019228),3/8,0.0619708114838946,0.9999961806440713,0,0,4.364900662251656,12.13918938420227,KCNA1;KCNA2;KCNMB2,LumA,Suppressed
GO_Biological_Process_2023,Positive Regulation Of ATP Biosynthetic Process (GO:2001171),3/8,0.0619708114838946,0.9999961806440713,0,0,4.364900662251656,12.13918938420227,PID1;PPARA;PPARGC1A,LumA,Suppressed
GO_Biological_Process_2023,Positive Regulation Of Inositol Phosphate Biosynthetic Process (GO:0060732),3/8,0.0619708114838946,0.9999961806440713,0,0,4.364900662251656,12.13918938420227,LHCGR;PTH1R;SNCA,LumA,Suppressed
GO_Biological_Process_2023,Regulation Of Urine Volume (GO:0035809),3/8,0.0619708114838946,0.9999961806440713,0,0,4.364900662251656,12.13918938420227,NPR1;NPR3;ADM,LumA,Suppressed
GO_Biological_Process_2023,Response To Leptin (GO:0044321),3/8,0.0619708114838946,0.9999961806440713,0,0,4.364900662251656,12.13918938420227,NR4A3;LEP;LEPR,LumA,Suppressed
GO_Biological_Process_2023,Response To Magnesium Ion (GO:0032026),3/8,0.0619708114838946,0.9999961806440713,0,0,4.364900662251656,12.13918938420227,KCNA1;RYR3;SNCA,LumA,Suppressed
GO_Biological_Process_2023,Body Fluid Secretion (GO:0007589),4/13,0.0622846379015159,0.9999961806440713,0,0,3.2338624338624338,8.977332978640685,OXTR;NPR1;CSN3;CSN2,LumA,Suppressed
GO_Biological_Process_2023,Intracellular Potassium Ion Homeostasis (GO:0030007),4/13,0.0622846379015159,0.9999961806440713,0,0,3.2338624338624338,8.977332978640685,ATP4A;FXYD2;ATP1A2;KCNJ2,LumA,Suppressed
GO_Biological_Process_2023,Membrane Depolarization (GO:0051899),4/13,0.0622846379015159,0.9999961806440713,0,0,3.2338624338624338,8.977332978640685,CAV1;SCN5A;SCN3B;CNGB1,LumA,Suppressed
GO_Biological_Process_2023,Monoacylglycerol Metabolic Process (GO:0046462),4/13,0.0622846379015159,0.9999961806440713,0,0,3.2338624338624338,8.977332978640685,DGAT2;AWAT2;PLA2G4A;MGLL,LumA,Suppressed
GO_Biological_Process_2023,Positive Regulation Of Potassium Ion Transmembrane Transporter Activity (GO:1901018),4/13,0.0622846379015159,0.9999961806440713,0,0,3.2338624338624338,8.977332978640685,KCNIP2;LRRC38;FXYD2;ANK2,LumA,Suppressed
GO_Biological_Process_2023,Relaxation Of Muscle (GO:0090075),4/13,0.0622846379015159,0.9999961806440713,0,0,3.2338624338624338,8.977332978640685,RGS2;GSN;ATP1A2;KCNJ2,LumA,Suppressed
GO_Biological_Process_2023,Sodium-Independent Organic Anion Transport (GO:0043252),4/13,0.0622846379015159,0.9999961806440713,0,0,3.2338624338624338,8.977332978640685,SLCO1C1;SLCO1B1;SLCO1A2;SLCO1B7,LumA,Suppressed
GO_Biological_Process_2023,Positive Regulation Of miRNA Metabolic Process (GO:2000630),10/49,0.0656639631137237,0.9999961806440713,0,0,1.8671435109791277,5.084614564639003,FOSL1;EGR1;NGFR;KLF5;ATOH8;PPARG;FOS;KLF4;FGF2;EGFR,LumA,Suppressed
GO_Biological_Process_2023,Positive Regulation Of Pathway-Restricted SMAD Protein Phosphorylation (GO:0010862),10/49,0.0656639631137237,0.9999961806440713,0,0,1.8671435109791277,5.084614564639003,GDF10;BMP3;BMP2;TNXB;PPARG;GDF5;BMP6;NODAL;TGFBR2;BMP5,LumA,Suppressed
GO_Biological_Process_2023,Cellular Response To Peptide Hormone Stimulus (GO:0071375),16/89,0.066991653251132,0.9999961806440713,0,0,1.596907974620765,4.316741269540309,TRARG1;LHCGR;CAV1;PDE3B;ADIPOQ;SLC2A4;SORBS1;ADCY8;CRHBP;NR4A3;CYP11A1;PPARG;MGARP;PCK1;LPIN1;GPLD1,LumA,Suppressed
GO_Biological_Process_2023,Nervous System Development (GO:0007399),63/433,0.0682881073600437,0.9999961806440713,0,0,1.2438546781076492,3.3385303992014776,CNTFR;CHRM3;TENM1;SH3GL3;PPP1R17;CXCL1;VLDLR;LDB2;NR2E1;FGF2;EDNRB;BOC;DNER;SOX8;SOX6;EPHB1;CER1;MAMDC2;SPINK5;SOX14;NRG1;PROX1;GFRA3;SOX10;ECRG4;GFRA2;POU3F3;ADGRF1;B3GNT5;ALDH1A2;GFRAL;TYRO3;MET;NLGN1;PLPPR1;SHC3;PTN;EGFR;KLK6;UGT8;SNTG2;RELN;ACVR1C;PTPRZ1;NOTO;IGF2BP2;DRD2;GPM6B;SPTBN1;EGR2;GSN;CNTN6;ZBTB16;ST8SIA2;FZD9;POU6F2;S100B;FGF17;FABP7;APBA1;SCN2A;SCRG1;ADGRL3,LumA,Suppressed
GO_Biological_Process_2023,External Encapsulating Structure Organization (GO:0045229),19/110,0.0688356344697463,0.9999961806440713,0,0,1.521565934065934,4.071761754759157,VIT;COL17A1;ECM2;MMP7;HPSE2;MIA;SPINK5;HRNR;MMP20;ADAMTS5;C6ORF15;ADAMTS3;MMP27;ADAMTS1;ADAMTSL4;COL4A3;MMP28;MATN4;MATN2,LumA,Suppressed
GO_Biological_Process_2023,Regulation Of Cation Channel Activity (GO:2001257),11/56,0.0696730979014761,0.9999961806440713,0,0,1.780140273163529,4.74218866934849,JPH2;EDN1;KCNE1;KCNS1;STAC;KCNE5;ANK2;KCNAB1;DMD;NOS1;PIRT,LumA,Suppressed
GO_Biological_Process_2023,Oligodendrocyte Differentiation (GO:0048709),5/19,0.070379078654874,0.9999961806440713,0,0,2.598976210202391,6.89731702526123,PTPRZ1;SOX8;SOX6;SOX10;ZNF488,LumA,Suppressed
GO_Biological_Process_2023,Response To Fatty Acid (GO:0070542),5/19,0.070379078654874,0.9999961806440713,0,0,2.598976210202391,6.89731702526123,PID1;SCD;NR1H4;PDK4;FFAR3,LumA,Suppressed
GO_Biological_Process_2023,Calcium Ion Import Across Plasma Membrane (GO:0098703),8/37,0.0711124698297093,0.9999961806440713,0,0,2.0082667086199746,5.3088381291752125,TRPM1;SCN11A;CACNA2D1;SCN9A;SCN4A;SCN5A;SCN2A;SCN3A,LumA,Suppressed
GO_Biological_Process_2023,acyl-CoA Metabolic Process (GO:0006637),7/31,0.072803243922541,0.9999961806440713,0,0,2.123047954671089,5.562374527924364,ACSM3;ACSM1;ACSM2A;ACSM5;GLYAT;ACACB;ACSM2B,LumA,Suppressed
GO_Biological_Process_2023,Regulation Of Long-Term Synaptic Potentiation (GO:1900271),7/31,0.072803243922541,0.9999961806440713,0,0,2.123047954671089,5.562374527924364,CALB2;RELN;CHRNA7;FAM107A;PTN;NSG1;ADCY8,LumA,Suppressed
GO_Biological_Process_2023,Triglyceride Homeostasis (GO:0070328),7/31,0.072803243922541,0.9999961806440713,0,0,2.123047954671089,5.562374527924364,CETP;MLXIPL;DGAT2;ANGPTL8;NR1H4;ANGPTL4;GPIHBP1,LumA,Suppressed
GO_Biological_Process_2023,Positive Regulation Of Striated Muscle Cell Differentiation (GO:0051155),6/25,0.0729908843559253,0.9999961806440713,0,0,2.298340131306301,6.015723075468139,EDN1;MYOCD;SMYD1;NRG1;IGF1;PROX1,LumA,Suppressed
GO_Biological_Process_2023,Purine Nucleoside Bisphosphate Metabolic Process (GO:0034032),6/25,0.0729908843559253,0.9999961806440713,0,0,2.298340131306301,6.015723075468139,ACSM3;ACSM1;ACSM2A;ACSM5;GLYAT;ACSM2B,LumA,Suppressed
GO_Biological_Process_2023,Regulation Of Myelination (GO:0031641),6/25,0.0729908843559253,0.9999961806440713,0,0,2.298340131306301,6.015723075468139,EGR2;PTPRZ1;LGI4;PTN;NCMAP;JAM2,LumA,Suppressed
GO_Biological_Process_2023,Ribonucleoside Bisphosphate Metabolic Process (GO:0033875),6/25,0.0729908843559253,0.9999961806440713,0,0,2.298340131306301,6.015723075468139,ACSM3;ACSM1;ACSM2A;ACSM5;GLYAT;ACSM2B,LumA,Suppressed
GO_Biological_Process_2023,Intracellular Calcium Ion Homeostasis (GO:0006874),23/139,0.0731708424960381,0.9999961806440713,0,0,1.4452787692130562,3.7793436612287774,CCL14;CCL13;EDN1;CCL23;CAV3;EDN3;TMEM178A;CAV2;CHRNA7;CAV1;FZD9;ANK2;HTR2A;PTH1R;TRDN;HCRTR1;CDH23;CASQ2;RGN;ATP13A4;ATP13A5;MICU3;ELANE,LumA,Suppressed
GO_Biological_Process_2023,Cellular Response To Ketone (GO:1901655),9/44,0.0774083135941193,0.9999961806440713,0,0,1.8721280379371663,4.79014117249163,PTGFR;SFRP1;GNG2;AKR1C3;AKR1C2;ADCY8;PCK1;GNAI1;AQP1,LumA,Suppressed
GO_Biological_Process_2023,Embryonic Organ Morphogenesis (GO:0048562),9/44,0.0774083135941193,0.9999961806440713,0,0,1.8721280379371663,4.79014117249163,MFAP5;ALDH1A3;EFEMP1;SOX17;HOXA3;RBPMS2;TCF21;ALX1;HOXA4,LumA,Suppressed
GO_Biological_Process_2023,Hyaluronan Metabolic Process (GO:0030212),4/14,0.0791389435166744,0.9999961806440713,0,0,2.910310559006211,7.382148809156918,HYAL1;HAS1;HAS3;FGF2,LumA,Suppressed
GO_Biological_Process_2023,Positive Regulation Of Acute Inflammatory Response (GO:0002675),4/14,0.0791389435166744,0.9999961806440713,0,0,2.910310559006211,7.382148809156918,IL6;FFAR3;C2CD4B;PTGS2,LumA,Suppressed
GO_Biological_Process_2023,Prostanoid Biosynthetic Process (GO:0046457),4/14,0.0791389435166744,0.9999961806440713,0,0,2.910310559006211,7.382148809156918,EDN1;PTGIS;PLA2G4A;PTGS2,LumA,Suppressed
GO_Biological_Process_2023,Regulation Of Bone Remodeling (GO:0046850),4/14,0.0791389435166744,0.9999961806440713,0,0,2.910310559006211,7.382148809156918,SFRP1;LEP;LEPR;S1PR1,LumA,Suppressed
GO_Biological_Process_2023,Regulation Of Cholesterol Storage (GO:0010885),4/14,0.0791389435166744,0.9999961806440713,0,0,2.910310559006211,7.382148809156918,PPARG;APOB;PPARA;CES1,LumA,Suppressed
GO_Biological_Process_2023,Sensory Perception (GO:0007600),10/51,0.0820694876038148,0.9999961806440713,0,0,1.775860847026901,4.439987721107301,NMB;MME;MRGPRX2;CHRNA7;SCN9A;KCNA2;PENK;CDH23;PROK2;OPRK1,LumA,Suppressed
GO_Biological_Process_2023,Positive Regulation Of MAPK Cascade (GO:0043410),46/310,0.0827079071611601,0.9999961806440713,0,0,1.2715364772886897,3.169228465104857,CCL14;TENM1;CCL13;CHRNA7;ADRB2;HTR2A;FGF1;FGF2;CX3CL1;EGFR;ART4;GHR;BMPER;FFAR4;S100A12;ALKAL2;CD36;IGFBP6;CCL18;ELANE;CCL16;CCL24;NTRK2;EDN1;CCL23;EDN3;CCL21;ANGPT1;CAV2;IL34;PLA2G2A;NRG1;IGF1;MID1;MTURN;MARCO;BMP2;IL6;ADRB3;LEP;GFRAL;KIT;SPRY2;FERMT2;NODAL;DDR2,LumA,Suppressed
GO_Biological_Process_2023,Muscle Cell Development (GO:0055001),7/32,0.0839003792038986,0.9999961806440713,0,0,2.0380099502487563,5.050443705115201,CAV3;DMD;MYH11;ANK2;ALPK3;IGF1;SGCZ,LumA,Suppressed
GO_Biological_Process_2023,Negative Regulation Of Delayed Rectifier Potassium Channel Activity (GO:1902260),3/9,0.0848230314652981,0.9999961806440713,0,0,3.6372102649006623,8.973682157704967,KCNE1;KCNE5;KCNAB1,LumA,Suppressed
GO_Biological_Process_2023,Negative Regulation Of Potassium Ion Transmembrane Transporter Activity (GO:1901017),3/9,0.0848230314652981,0.9999961806440713,0,0,3.6372102649006623,8.973682157704967,CAV3;CASQ2;KCNAB1,LumA,Suppressed
GO_Biological_Process_2023,Positive Regulation Of ATP Metabolic Process (GO:1903580),3/9,0.0848230314652981,0.9999961806440713,0,0,3.6372102649006623,8.973682157704967,PID1;PPARA;PPARGC1A,LumA,Suppressed
GO_Biological_Process_2023,Positive Regulation Of Smooth Muscle Contraction (GO:0045987),3/9,0.0848230314652981,0.9999961806440713,0,0,3.6372102649006623,8.973682157704967,MYOCD;PROK2;SPX,LumA,Suppressed
GO_Biological_Process_2023,Positive Regulation Of Sodium Ion Transmembrane Transport (GO:1902307),3/9,0.0848230314652981,0.9999961806440713,0,0,3.6372102649006623,8.973682157704967,FXYD1;DMD;NOS1,LumA,Suppressed
GO_Biological_Process_2023,Regulation Of Bile Acid Biosynthetic Process (GO:0070857),3/9,0.0848230314652981,0.9999961806440713,0,0,3.6372102649006623,8.973682157704967,NR1H4;PROX1;CYP7A1,LumA,Suppressed
GO_Biological_Process_2023,Smooth Muscle Tissue Development (GO:0048745),3/9,0.0848230314652981,0.9999961806440713,0,0,3.6372102649006623,8.973682157704967,PTCH1;PROX1;MYLK,LumA,Suppressed
GO_Biological_Process_2023,Vasoconstriction (GO:0042310),3/9,0.0848230314652981,0.9999961806440713,0,0,3.6372102649006623,8.973682157704967,EDN1;EDNRB;EDN3,LumA,Suppressed
GO_Biological_Process_2023,Cellular Response To Copper Ion (GO:0071280),5/20,0.0848785297657106,0.9999961806440713,0,0,2.4255730461198564,5.982758645222612,PRNP;MT1M;MT1X;AQP1;SNCA,LumA,Suppressed
GO_Biological_Process_2023,Gamma-Aminobutyric Acid Signaling Pathway (GO:0007214),5/20,0.0848785297657106,0.9999961806440713,0,0,2.4255730461198564,5.982758645222612,GABBR2;GABRA4;GABRE;GABRG3;GABRG1,LumA,Suppressed
GO_Biological_Process_2023,Myoblast Differentiation (GO:0045445),5/20,0.0848785297657106,0.9999961806440713,0,0,2.4255730461198564,5.982758645222612,MYOCD;EPAS1;NRG1;IGF1;TBXT,LumA,Suppressed
GO_Biological_Process_2023,Peripheral Nervous System Development (GO:0007422),5/20,0.0848785297657106,0.9999961806440713,0,0,2.4255730461198564,5.982758645222612,UGT8;EGR2;SOX8;GFRA3;SOX10,LumA,Suppressed
GO_Biological_Process_2023,Regulation Of Membrane Depolarization (GO:0003254),5/20,0.0848785297657106,0.9999961806440713,0,0,2.4255730461198564,5.982758645222612,CAV3;FHL1;SCN5A;SCN3B;SCN2B,LumA,Suppressed
GO_Biological_Process_2023,Response To Ketone (GO:1901654),5/20,0.0848785297657106,0.9999961806440713,0,0,2.4255730461198564,5.982758645222612,TGFBR3;CCL21;CAV1;HSD3B1;CSN1S1,LumA,Suppressed
GO_Biological_Process_2023,Xenobiotic Transport (GO:0042908),5/20,0.0848785297657106,0.9999961806440713,0,0,2.4255730461198564,5.982758645222612,SLC22A3;ABCB1;ABCC2;SLC29A4;ABCA8,LumA,Suppressed
GO_Biological_Process_2023,Monocarboxylic Acid Biosynthetic Process (GO:0072330),12/65,0.0879693832299803,0.9999961806440713,0,0,1.6487759757311615,4.007789313638186,CYP39A1;ALDH1A3;ACSM3;ACSM1;ALDH1A2;AKR1D1;ACSM2A;ACSM5;ACACB;CYP7A1;CYP8B1;ACSM2B,LumA,Suppressed
GO_Biological_Process_2023,Cartilage Development (GO:0051216),10/52,0.0911325350385777,0.9999961806440713,0,0,1.733479610191939,4.1524470960893565,WNT10B;BMP2;SNORC;HYAL1;NFIB;ZBTB16;SOX6;FGF2;GDF5;GPLD1,LumA,Suppressed
GO_Biological_Process_2023,Positive Regulation Of Protein Kinase B Signaling (GO:0051897),16/93,0.0918712782385597,0.9999961806440713,0,0,1.5136058282125695,3.6135323498427634,P2RY12;CSF3;MYOC;ANGPT1;CCL21;F10;AKR1C3;AKR1C2;IGF1;FGF2;CX3CL1;EGFR;LEP;GFRAL;SPRY2;FERMT2,LumA,Suppressed
GO_Biological_Process_2023,Antimicrobial Humoral Response (GO:0019730),17/100,0.0918909816508591,0.9999961806440713,0,0,1.4920598296600225,3.5617741833756544,CXCL6;CCL13;TSLP;DEFB1;CXCL1;NRG1;PPBP;CXCL3;CXCL2;CXCL5;JCHAIN;SLPI;RNASE7;S100A12;PI3;PF4V1;PF4,LumA,Suppressed
GO_Biological_Process_2023,Positive Regulation Of Ion Transmembrane Transporter Activity (GO:0032414),7/33,0.0959085988128927,0.9999961806440713,0,0,1.9595133307819876,4.5938039603477465,EDN1;RELN;STAC;DMD;ANK2;ADRB2;PIRT,LumA,Suppressed
GO_Biological_Process_2023,Membrane Repolarization During Action Potential (GO:0086011),4/15,0.0979978699379787,0.9999961806440713,0,0,2.645586297760211,6.145193080416407,KCNE1;KCNIP2;KCNE5;KCNJ2,LumA,Suppressed
GO_Biological_Process_2023,Regulation Of Hormone Secretion (GO:0046883),4/15,0.0979978699379787,0.9999961806440713,0,0,2.645586297760211,6.145193080416407,EDN1;NMB;EDN3;FFAR3,LumA,Suppressed
GO_Biological_Process_2023,Lipid Transport (GO:0006869),18/108,0.0981659556332627,0.9999961806440713,0,0,1.4569762598917118,3.381781488766911,CETP;ABCC2;ACSL1;ABCA6;AKR1C1;ABCA9;ABCA8;ABCA13;SLCO1C1;RBP7;SLCO1B1;FABP4;FABP5;FABP7;SLCO1A2;PMP2;CD36;PLTP,LumA,Suppressed
GO_Biological_Process_2023,Positive Regulation Of Calcium Ion Transmembrane Transporter Activity (GO:1901021),6/27,0.0993393147578025,0.9999961806440713,0,0,2.0792137824877157,4.801349299550266,JPH2;STAC;STAC2;AKAP6;ANK2;TRDN,LumA,Suppressed
GO_Biological_Process_2023,Positive Regulation Of Heart Contraction (GO:0045823),5/21,0.1008130538264325,0.9999961806440713,0,0,2.2738452775476388,5.21730940592281,EDN1;RGS2;EDN3;ATP1A2;SCN3B,LumA,Suppressed
GO_Biological_Process_2023,Regulation Of Cytosolic Calcium Ion Concentration (GO:0051480),8/40,0.1029503389006672,0.9999961806440713,0,0,1.8196806304437996,4.137059478166989,CALB2;CAV3;CAV2;TMEM178A;CAV1;CDH23;FZD9;HCRTR1,LumA,Suppressed
GO_Biological_Process_2023,Extracellular Structure Organization (GO:0043062),18/109,0.1049481573384947,0.9999961806440713,0,0,1.440883148504973,3.248166729933073,VIT;COL17A1;ECM2;MMP7;HPSE2;MIA;SPINK5;MMP20;ADAMTS5;C6ORF15;ADAMTS3;MMP27;ADAMTS1;ADAMTSL4;COL4A3;MMP28;MATN4;MATN2,LumA,Suppressed
GO_Biological_Process_2023,Positive Regulation Of Smooth Muscle Cell Proliferation (GO:0048661),9/47,0.1077550845084137,0.9999961806440713,0,0,1.7240336317973357,3.840964810073482,EDN1;IL6;NR4A3;FGF9;RBPMS2;IGF1;FGF2;CX3CL1;ELANE,LumA,Suppressed
GO_Biological_Process_2023,Cardiac Muscle Cell Membrane Repolarization (GO:0099622),3/10,0.1106535934243277,0.9999961806440713,0,0,3.117431409649953,6.862559932488384,KCNE1;KCNIP2;KCNJ2,LumA,Suppressed
GO_Biological_Process_2023,Cellular Response To Cholesterol (GO:0071397),3/10,0.1106535934243277,0.9999961806440713,0,0,3.117431409649953,6.862559932488384,PTCH1;CYP7A1;GPLD1,LumA,Suppressed
GO_Biological_Process_2023,Mast Cell Activation Involved In Immune Response (GO:0002279),3/10,0.1106535934243277,0.9999961806440713,0,0,3.117431409649953,6.862559932488384,NR4A3;MRGPRX2;KIT,LumA,Suppressed
GO_Biological_Process_2023,Mast Cell Degranulation (GO:0043303),3/10,0.1106535934243277,0.9999961806440713,0,0,3.117431409649953,6.862559932488384,NR4A3;MRGPRX2;KIT,LumA,Suppressed
GO_Biological_Process_2023,Monoamine Transport (GO:0015844),3/10,0.1106535934243277,0.9999961806440713,0,0,3.117431409649953,6.862559932488384,SLC22A3;SLC29A4;SLC6A2,LumA,Suppressed
GO_Biological_Process_2023,Phenol-Containing Compound Biosynthetic Process (GO:0046189),3/10,0.1106535934243277,0.9999961806440713,0,0,3.117431409649953,6.862559932488384,OCA2;DDC;MOXD2P,LumA,Suppressed
GO_Biological_Process_2023,Positive Regulation Of Dendrite Development (GO:1900006),3/10,0.1106535934243277,0.9999961806440713,0,0,3.117431409649953,6.862559932488384,PTN;VLDLR;BMP5,LumA,Suppressed
GO_Biological_Process_2023,Positive Regulation Of Integrin Activation (GO:0033625),3/10,0.1106535934243277,0.9999961806440713,0,0,3.117431409649953,6.862559932488384,P2RY12;FERMT1;FERMT2,LumA,Suppressed
GO_Biological_Process_2023,Receptor-Mediated Endocytosis Of Virus By Host Cell (GO:0019065),3/10,0.1106535934243277,0.9999961806440713,0,0,3.117431409649953,6.862559932488384,CLEC4M;CAV2;CAV1,LumA,Suppressed
GO_Biological_Process_2023,Regulation Of Biosynthetic Process (GO:0009889),3/10,0.1106535934243277,0.9999961806440713,0,0,3.117431409649953,6.862559932488384,THRSP;PCK1;SNCA,LumA,Suppressed
GO_Biological_Process_2023,Regulation Of Peroxisome Proliferator Activated Receptor Signaling Pathway (GO:0035358),3/10,0.1106535934243277,0.9999961806440713,0,0,3.117431409649953,6.862559932488384,BMP2;PTGIS;LMO3,LumA,Suppressed
GO_Biological_Process_2023,Regulation Of Lipid Metabolic Process (GO:0019216),10/54,0.1109745768477596,0.9999961806440713,0,0,1.6544963960904184,3.637334453768189,ADGRF1;PSAPL1;CAV1;ADGRF5;ANGPTL8;PPARG;THRSP;CCDC3;PPARA;PCK1,LumA,Suppressed
GO_Biological_Process_2023,Adenylate Cyclase-Activating G Protein-Coupled Receptor Signaling Pathway (GO:0007189),18/110,0.1120136528034849,0.9999961806440713,0,0,1.4251398873657717,3.119822916256948,PTGFR;LHCGR;ADM;ADRB2;PTH1R;ADCY8;ADGRG3;ADGRG4;ADGRD1;ADGRG2;ADGRF1;GNG2;ADRB3;ADGRD2;ADGRF5;DRD2;ADGRL3;PF4,LumA,Suppressed
GO_Biological_Process_2023,Positive Regulation Of Cell Junction Assembly (GO:1901890),11/61,0.1130404167638221,0.9999961806440713,0,0,1.6016694352159468,3.4916551512086778,ACE2;CLDN5;SFRP1;NLGN1;MYOC;SLITRK2;CAV1;CLDN19;NRG1;EPHB1;FERMT2,LumA,Suppressed
GO_Biological_Process_2023,Regulation Of Pathway-Restricted SMAD Protein Phosphorylation (GO:0060393),11/61,0.1130404167638221,0.9999961806440713,0,0,1.6016694352159468,3.4916551512086778,GDF10;BMP3;BMP2;TNXB;BMPER;PPARG;GDF5;BMP6;NODAL;TGFBR2;BMP5,LumA,Suppressed
GO_Biological_Process_2023,Positive Regulation Of Supramolecular Fiber Organization (GO:1902905),16/96,0.1139215605761556,0.9999961806440713,0,0,1.456595921764461,3.1640834011224968,TENM1;CCL24;CSF3;EDN1;TNXB;GSN;CAV3;CCL21;SYNPO2;LMOD1;PROX1;CX3CL1;CFL2;ANKRD53;SYNPO;MET,LumA,Suppressed
GO_Biological_Process_2023,Activation Of Transmembrane Receptor Protein Tyrosine Kinase Activity (GO:0007171),2/5,0.1139866401770148,0.9999961806440713,0,0,4.8484346986622535,10.52921971582866,ANGPT1;NRG1,LumA,Suppressed
GO_Biological_Process_2023,Cellular Response To Granulocyte Macrophage Colony-Stimulating Factor Stimulus (GO:0097011),2/5,0.1139866401770148,0.9999961806440713,0,0,4.8484346986622535,10.52921971582866,ZFP36;PDE1B,LumA,Suppressed
GO_Biological_Process_2023,Cellular Response To Magnesium Ion (GO:0071286),2/5,0.1139866401770148,0.9999961806440713,0,0,4.8484346986622535,10.52921971582866,KCNA1;RYR3,LumA,Suppressed
GO_Biological_Process_2023,Cerebral Cortex Cell Migration (GO:0021795),2/5,0.1139866401770148,0.9999961806440713,0,0,4.8484346986622535,10.52921971582866,RELN;LHX6,LumA,Suppressed
GO_Biological_Process_2023,Choline Metabolic Process (GO:0019695),2/5,0.1139866401770148,0.9999961806440713,0,0,4.8484346986622535,10.52921971582866,DMGDH;ENPP6,LumA,Suppressed
GO_Biological_Process_2023,Endothelin Receptor Signaling Pathway (GO:0086100),2/5,0.1139866401770148,0.9999961806440713,0,0,4.8484346986622535,10.52921971582866,EDN1;EDNRB,LumA,Suppressed
GO_Biological_Process_2023,Galactolipid Biosynthetic Process (GO:0019375),2/5,0.1139866401770148,0.9999961806440713,0,0,4.8484346986622535,10.52921971582866,UGT8;GAL3ST1,LumA,Suppressed
GO_Biological_Process_2023,Galactosylceramide Biosynthetic Process (GO:0006682),2/5,0.1139866401770148,0.9999961806440713,0,0,4.8484346986622535,10.52921971582866,UGT8;GAL3ST1,LumA,Suppressed
GO_Biological_Process_2023,Glomerular Epithelial Cell Differentiation (GO:0072311),2/5,0.1139866401770148,0.9999961806440713,0,0,4.8484346986622535,10.52921971582866,PROM1;KLF15,LumA,Suppressed
GO_Biological_Process_2023,Glycosylceramide Metabolic Process (GO:0006677),2/5,0.1139866401770148,0.9999961806440713,0,0,4.8484346986622535,10.52921971582866,LCT;ST6GALNAC3,LumA,Suppressed
GO_Biological_Process_2023,Hepatocyte Differentiation (GO:0070365),2/5,0.1139866401770148,0.9999961806440713,0,0,4.8484346986622535,10.52921971582866,PROX1;PCK1,LumA,Suppressed
GO_Biological_Process_2023,Histamine Metabolic Process (GO:0001692),2/5,0.1139866401770148,0.9999961806440713,0,0,4.8484346986622535,10.52921971582866,SLC22A3;SLC29A4,LumA,Suppressed
GO_Biological_Process_2023,Intracellular Water Homeostasis (GO:0009992),2/5,0.1139866401770148,0.9999961806440713,0,0,4.8484346986622535,10.52921971582866,SCTR;AQP4,LumA,Suppressed
GO_Biological_Process_2023,Leukocyte Apoptotic Process (GO:0071887),2/5,0.1139866401770148,0.9999961806440713,0,0,4.8484346986622535,10.52921971582866,HCAR2;IL6,LumA,Suppressed
GO_Biological_Process_2023,Negative Regulation Of Lamellipodium Organization (GO:1902744),2/5,0.1139866401770148,0.9999961806440713,0,0,4.8484346986622535,10.52921971582866,KANK1;NRG1,LumA,Suppressed
GO_Biological_Process_2023,Negative Regulation Of Sequestering Of Triglyceride (GO:0010891),2/5,0.1139866401770148,0.9999961806440713,0,0,4.8484346986622535,10.52921971582866,PPARG;PPARA,LumA,Suppressed
GO_Biological_Process_2023,Plasma Membrane Raft Assembly (GO:0044854),2/5,0.1139866401770148,0.9999961806440713,0,0,4.8484346986622535,10.52921971582866,CAV3;CAV2,LumA,Suppressed
GO_Biological_Process_2023,Positive Regulation Of Lipoprotein Particle Clearance (GO:0010986),2/5,0.1139866401770148,0.9999961806440713,0,0,4.8484346986622535,10.52921971582866,GPLD1;GPIHBP1,LumA,Suppressed
GO_Biological_Process_2023,Positive Regulation Of Microglial Cell Migration (GO:1904141),2/5,0.1139866401770148,0.9999961806440713,0,0,4.8484346986622535,10.52921971582866,P2RY12;CX3CL1,LumA,Suppressed
GO_Biological_Process_2023,Positive Regulation Of Urine Volume (GO:0035810),2/5,0.1139866401770148,0.9999961806440713,0,0,4.8484346986622535,10.52921971582866,NPR1;NPR3,LumA,Suppressed
GO_Biological_Process_2023,Positive Regulation Of Vesicle Fusion (GO:0031340),2/5,0.1139866401770148,0.9999961806440713,0,0,4.8484346986622535,10.52921971582866,ANXA1;SNCA,LumA,Suppressed
GO_Biological_Process_2023,Regulation Of Apoptotic DNA Fragmentation (GO:1902510),2/5,0.1139866401770148,0.9999961806440713,0,0,4.8484346986622535,10.52921971582866,IL6;CIDEA,LumA,Suppressed
GO_Biological_Process_2023,Regulation Of cGMP-mediated Signaling (GO:0010752),2/5,0.1139866401770148,0.9999961806440713,0,0,4.8484346986622535,10.52921971582866,PDE11A;PDE2A,LumA,Suppressed
GO_Biological_Process_2023,Regulation Of Glucagon Secretion (GO:0070092),2/5,0.1139866401770148,0.9999961806440713,0,0,4.8484346986622535,10.52921971582866,IL6;FFAR4,LumA,Suppressed
GO_Biological_Process_2023,Regulation Of Hormone Biosynthetic Process (GO:0046885),2/5,0.1139866401770148,0.9999961806440713,0,0,4.8484346986622535,10.52921971582866,EGR1;FFAR3,LumA,Suppressed
GO_Biological_Process_2023,Regulation Of Macrophage Proliferation (GO:0120040),2/5,0.1139866401770148,0.9999961806440713,0,0,4.8484346986622535,10.52921971582866,IL33;IL34,LumA,Suppressed
GO_Biological_Process_2023,Regulation Of Neutrophil Extravasation (GO:2000389),2/5,0.1139866401770148,0.9999961806440713,0,0,4.8484346986622535,10.52921971582866,OLFM4;XG,LumA,Suppressed
GO_Biological_Process_2023,Regulation Of Renal Sodium Excretion (GO:0035813),2/5,0.1139866401770148,0.9999961806440713,0,0,4.8484346986622535,10.52921971582866,NPR1;SPX,LumA,Suppressed
GO_Biological_Process_2023,Regulation Of Serine-Type Endopeptidase Activity (GO:1900003),2/5,0.1139866401770148,0.9999961806440713,0,0,4.8484346986622535,10.52921971582866,ANXA8L1;CR1,LumA,Suppressed
GO_Biological_Process_2023,Regulation Of Tooth Mineralization (GO:0070170),2/5,0.1139866401770148,0.9999961806440713,0,0,4.8484346986622535,10.52921971582866,WNT6;MMP20,LumA,Suppressed
GO_Biological_Process_2023,Regulation Of Ventricular Cardiac Muscle Cell Membrane Depolarization (GO:0060373),2/5,0.1139866401770148,0.9999961806440713,0,0,4.8484346986622535,10.52921971582866,SCN5A;SCN3B,LumA,Suppressed
GO_Biological_Process_2023,Renal Filtration Cell Differentiation (GO:0061318),2/5,0.1139866401770148,0.9999961806440713,0,0,4.8484346986622535,10.52921971582866,PROM1;KLF15,LumA,Suppressed
GO_Biological_Process_2023,Response To Bile Acid (GO:1903412),2/5,0.1139866401770148,0.9999961806440713,0,0,4.8484346986622535,10.52921971582866,NR1H4;GPBAR1,LumA,Suppressed
GO_Biological_Process_2023,Response To Catecholamine (GO:0071869),2/5,0.1139866401770148,0.9999961806440713,0,0,4.8484346986622535,10.52921971582866,GNG2;NR4A3,LumA,Suppressed
GO_Biological_Process_2023,Response To Granulocyte Macrophage Colony-Stimulating Factor (GO:0097012),2/5,0.1139866401770148,0.9999961806440713,0,0,4.8484346986622535,10.52921971582866,ZFP36;PDE1B,LumA,Suppressed
GO_Biological_Process_2023,Thiamine-Containing Compound Metabolic Process (GO:0042723),2/5,0.1139866401770148,0.9999961806440713,0,0,4.8484346986622535,10.52921971582866,TKTL1;SLC19A3,LumA,Suppressed
GO_Biological_Process_2023,Tight Junction Organization (GO:0120193),2/5,0.1139866401770148,0.9999961806440713,0,0,4.8484346986622535,10.52921971582866,CLDN11;CLDN5,LumA,Suppressed
GO_Biological_Process_2023,Regulation Of Fat Cell Differentiation (GO:0045598),13/75,0.1148077962576577,0.9999961806440713,0,0,1.5267409433405732,3.304624490467495,WNT10B;LMO3;ZBTB16;ADIPOQ;MEDAG;ZFP36;SFRP1;BMP2;IL6;SULT1E1;LEP;PPARG;FERMT2,LumA,Suppressed
GO_Biological_Process_2023,Positive Regulation Of Ossification (GO:0045778),8/41,0.1150718681247138,0.9999961806440713,0,0,1.7644382439073438,3.815065557752244,KL;BMP2;PKDCC;ZBTB16;FZD9;PTN;GPM6B;BMP6,LumA,Suppressed
GO_Biological_Process_2023,Mammary Gland Development (GO:0030879),5/22,0.118118547136864,0.9999961806440713,0,0,2.1399678346898,4.571113649994257,OXTR;CAV1;CSN3;NRG1;CSN2,LumA,Suppressed
GO_Biological_Process_2023,Negative Regulation Of G Protein-Coupled Receptor Signaling Pathway (GO:0045744),5/22,0.118118547136864,0.9999961806440713,0,0,2.1399678346898,4.571113649994257,RGS2;GPRASP1;MET;MRAP2;SNCA,LumA,Suppressed
GO_Biological_Process_2023,Negative Regulation Of Myeloid Cell Differentiation (GO:0045638),5/22,0.118118547136864,0.9999961806440713,0,0,2.1399678346898,4.571113649994257,ZFP36;ZBTB16;MEIS2;HOXA5;PF4,LumA,Suppressed
GO_Biological_Process_2023,Regulation Of Release Of Sequestered Calcium Ion Into Cytosol By Sarcoplasmic Reticulum (GO:0010880),5/22,0.118118547136864,0.9999961806440713,0,0,2.1399678346898,4.571113649994257,CASQ2;ANK2;ATP1A2;DMD;TRDN,LumA,Suppressed
GO_Biological_Process_2023,Autonomic Nervous System Development (GO:0048483),4/16,0.1187228781843015,0.9999961806440713,0,0,2.424982746721877,5.1675491306459165,EDNRB;SEMA3A;SOX8;SOX10,LumA,Suppressed
GO_Biological_Process_2023,Heart Process (GO:0003015),4/16,0.1187228781843015,0.9999961806440713,0,0,2.424982746721877,5.1675491306459165,MYL2;SGCZ;SGCG;TRDN,LumA,Suppressed
GO_Biological_Process_2023,Negative Regulation Of Amyloid-Beta Formation (GO:1902430),4/16,0.1187228781843015,0.9999961806440713,0,0,2.424982746721877,5.1675491306459165,NTRK2;PRNP;CHRNA7;IGF1,LumA,Suppressed
GO_Biological_Process_2023,Negative Regulation Of Biosynthetic Process (GO:0009890),4/16,0.1187228781843015,0.9999961806440713,0,0,2.424982746721877,5.1675491306459165,ABCD2;IL6;ASXL3;PPARA,LumA,Suppressed
GO_Biological_Process_2023,Oligodendrocyte Development (GO:0014003),4/16,0.1187228781843015,0.9999961806440713,0,0,2.424982746721877,5.1675491306459165,PLP1;SOX10;ZNF488;GPM6B,LumA,Suppressed
GO_Biological_Process_2023,Positive Regulation Of Cardiac Muscle Tissue Growth (GO:0055023),4/16,0.1187228781843015,0.9999961806440713,0,0,2.424982746721877,5.1675491306459165,TGFBR3;EDN1;IGF1;FGF2,LumA,Suppressed
GO_Biological_Process_2023,Positive Regulation Of Cell Migration Involved In Sprouting Angiogenesis (GO:0090050),4/16,0.1187228781843015,0.9999961806440713,0,0,2.424982746721877,5.1675491306459165,FGFBP1;ANXA1;PTGS2;FGF2,LumA,Suppressed
GO_Biological_Process_2023,Positive Regulation Of Muscle Hypertrophy (GO:0014742),4/16,0.1187228781843015,0.9999961806440713,0,0,2.424982746721877,5.1675491306459165,EDN1;NR4A3;IGF1;PDE9A,LumA,Suppressed
GO_Biological_Process_2023,Regulation Of Blood Vessel Endothelial Cell Proliferation Involved In Sprouting Angiogenesis (GO:1903587),4/16,0.1187228781843015,0.9999961806440713,0,0,2.424982746721877,5.1675491306459165,PPP1R16B;NGFR;FGFBP1;FGF2,LumA,Suppressed
GO_Biological_Process_2023,Regulation Of Osteoblast Proliferation (GO:0033688),4/16,0.1187228781843015,0.9999961806440713,0,0,2.424982746721877,5.1675491306459165,BMP2;SFRP1;NPR3;SOX8,LumA,Suppressed
GO_Biological_Process_2023,Regulation Of Protein Kinase A Signaling (GO:0010738),4/16,0.1187228781843015,0.9999961806440713,0,0,2.424982746721877,5.1675491306459165,AKAP12;ADIPOQ;AKAP6;ADRB2,LumA,Suppressed
GO_Biological_Process_2023,Regulation Of Secretion (GO:0051046),4/16,0.1187228781843015,0.9999961806440713,0,0,2.424982746721877,5.1675491306459165,OPRK1;NRG1;GPLD1;CES1,LumA,Suppressed
GO_Biological_Process_2023,Regulation Of Peptidyl-Tyrosine Phosphorylation (GO:0050730),15/90,0.1229086831460436,0.9999961806440713,0,0,1.4564059900166388,3.05308370260892,ANGPT4;PRNP;CSF3;ANGPT1;NRG1;IGF1;EGFR;BMP6;IL22RA2;GHR;FGF7;SFRP1;IL6;RELN;ENPP2,LumA,Suppressed
GO_Biological_Process_2023,Fat Cell Differentiation (GO:0045444),11/62,0.1232296663787624,0.9999961806440713,0,0,1.5701745814604913,3.287483091752305,CEBPA;EGR2;PID1;NR4A3;ADIPOQ;ADGRF5;FFAR4;SOX8;PPARG;KLF4;PPARGC1A,LumA,Suppressed
GO_Biological_Process_2023,Calcium Ion Transmembrane Import Into Cytosol (GO:0097553),14/83,0.1236287354774384,0.9999961806440713,0,0,1.477405164361686,3.0884745325254968,CCL21;CACNA2D1;HTR2A;FGF2;GRIN2B;TRPM1;JPH2;SCN11A;SCN9A;SCN4A;SCN5A;DRD2;SCN2A;SCN3A,LumA,Suppressed
GO_Biological_Process_2023,Keratinocyte Differentiation (GO:0030216),8/42,0.1279232927997693,0.9999961806440713,0,0,1.7124454095200918,3.521343398623926,SPRR2F;SCEL;SPRR2G;ANXA1;KRT16;AKR1C3;TXNIP;SPRR2B,LumA,Suppressed
GO_Biological_Process_2023,Regulation Of Striated Muscle Contraction (GO:0006942),6/29,0.1300161582555693,0.9999961806440713,0,0,1.8981963638984487,3.872503837982233,CAV3;MYL2;TNNT3;ATP1A2;DMD;NOS1,LumA,Suppressed
GO_Biological_Process_2023,Response To Alcohol (GO:0097305),6/29,0.1300161582555693,0.9999961806440713,0,0,1.8981963638984487,3.872503837982233,TGFBR3;CCL21;HSD3B1;CSN1S1;GRIN2B;TGFBR2,LumA,Suppressed
GO_Biological_Process_2023,Chloride Transport (GO:0006821),13/77,0.1335968848684154,0.9999961806440713,0,0,1.4788614401496258,2.976842096422908,CLIC5;TTYH1;GABRA4;SLC1A3;SLC4A1;GABRG3;GABRG1;CLCN4;FXYD1;SLC26A7;SLC17A7;NMUR1;GABRE,LumA,Suppressed
GO_Biological_Process_2023,Bile Acid And Bile Salt Transport (GO:0015721),5/23,0.1367139533294482,0.9999961806440713,0,0,2.020965663260609,4.021447764015676,SLCO1C1;SLCO1B1;ABCC2;AKR1C1;SLCO1A2,LumA,Suppressed
GO_Biological_Process_2023,Regulation Of Lipid Catabolic Process (GO:0050994),5/23,0.1367139533294482,0.9999961806440713,0,0,2.020965663260609,4.021447764015676,ALK;HCAR2;PDE3B;CIDEA;CIDEC,LumA,Suppressed
GO_Biological_Process_2023,Blood Vessel Diameter Maintenance (GO:0097746),7/36,0.1372059362784241,0.9999961806440713,0,0,1.756504832161034,3.48889688817907,ACE2;EDN1;EDNRB;EDN3;NPR1;KCNMB2;NOS1,LumA,Suppressed
GO_Biological_Process_2023,cGMP Metabolic Process (GO:0046068),3/11,0.1390394381513589,0.9999961806440713,0,0,2.7275972682119205,5.3815430232046815,NPR1;PDE2A;PDE9A,LumA,Suppressed
GO_Biological_Process_2023,Cellular Response To UV-B (GO:0071493),3/11,0.1390394381513589,0.9999961806440713,0,0,2.7275972682119205,5.3815430232046815,MFAP4;MME;HYAL1,LumA,Suppressed
GO_Biological_Process_2023,Central Nervous System Myelination (GO:0022010),3/11,0.1390394381513589,0.9999961806440713,0,0,2.7275972682119205,5.3815430232046815,PLP1;SOX10;GPM6B,LumA,Suppressed
GO_Biological_Process_2023,Desensitization Of G Protein-Coupled Receptor Signaling Pathway (GO:0002029),3/11,0.1390394381513589,0.9999961806440713,0,0,2.7275972682119205,5.3815430232046815,ADRB3;DMBT1;ADRB2,LumA,Suppressed
GO_Biological_Process_2023,Macrophage Chemotaxis (GO:0048246),3/11,0.1390394381513589,0.9999961806440713,0,0,2.7275972682119205,5.3815430232046815,EDNRB;KLF5;SAA1,LumA,Suppressed
GO_Biological_Process_2023,Mast Cell Mediated Immunity (GO:0002448),3/11,0.1390394381513589,0.9999961806440713,0,0,2.7275972682119205,5.3815430232046815,NR4A3;MRGPRX2;KIT,LumA,Suppressed
GO_Biological_Process_2023,Negative Regulation Of calcineurin-NFAT Signaling Cascade (GO:0070885),3/11,0.1390394381513589,0.9999961806440713,0,0,2.7275972682119205,5.3815430232046815,PRNP;RCAN1;MYOZ2,LumA,Suppressed
GO_Biological_Process_2023,Negative Regulation Of Calcineurin-Mediated Signaling (GO:0106057),3/11,0.1390394381513589,0.9999961806440713,0,0,2.7275972682119205,5.3815430232046815,PRNP;RCAN1;MYOZ2,LumA,Suppressed
GO_Biological_Process_2023,Negative Regulation Of Vascular Permeability (GO:0043116),3/11,0.1390394381513589,0.9999961806440713,0,0,2.7275972682119205,5.3815430232046815,CLDN5;PDE2A;FERMT2,LumA,Suppressed
GO_Biological_Process_2023,Neurotransmitter Uptake (GO:0001504),3/11,0.1390394381513589,0.9999961806440713,0,0,2.7275972682119205,5.3815430232046815,SLC22A3;SLC1A3;SLC29A4,LumA,Suppressed
GO_Biological_Process_2023,Organic Cyclic Compound Catabolic Process (GO:1901361),3/11,0.1390394381513589,0.9999961806440713,0,0,2.7275972682119205,5.3815430232046815,HSD11B1;CYP1A2;CYP3A4,LumA,Suppressed
GO_Biological_Process_2023,Positive Regulation Of Lipid Transport (GO:0032370),3/11,0.1390394381513589,0.9999961806440713,0,0,2.7275972682119205,5.3815430232046815,CETP;NMB;ADIPOQ,LumA,Suppressed
GO_Biological_Process_2023,Positive Regulation Of Platelet Aggregation (GO:1901731),3/11,0.1390394381513589,0.9999961806440713,0,0,2.7275972682119205,5.3815430232046815,IL6;MMRN1;EMILIN2,LumA,Suppressed
GO_Biological_Process_2023,Regulation Of Fatty Acid Metabolic Process (GO:0019217),3/11,0.1390394381513589,0.9999961806440713,0,0,2.7275972682119205,5.3815430232046815,CAV1;PDK4;PPARA,LumA,Suppressed
GO_Biological_Process_2023,cGMP-mediated Signaling (GO:0019934),4/17,0.1411480647255795,0.9999961806440713,0,0,2.238318203535594,4.382505804333277,PDE2A;CD36;PDE9A;AQP1,LumA,Suppressed
GO_Biological_Process_2023,Cellular Response To Glucocorticoid Stimulus (GO:0071385),4/17,0.1411480647255795,0.9999961806440713,0,0,2.238318203535594,4.382505804333277,ZFP36;FAM107A;PCK1;AQP1,LumA,Suppressed
GO_Biological_Process_2023,Muscle Tissue Morphogenesis (GO:0060415),4/17,0.1411480647255795,0.9999961806440713,0,0,2.238318203535594,4.382505804333277,TGFBR3;BMP2;PROX1;MYLK,LumA,Suppressed
GO_Biological_Process_2023,Nicotinamide Nucleotide Metabolic Process (GO:0046496),4/17,0.1411480647255795,0.9999961806440713,0,0,2.238318203535594,4.382505804333277,KRT17;NMRK2;ME1;FMO2,LumA,Suppressed
GO_Biological_Process_2023,Positive Regulation Of Fatty Acid Metabolic Process (GO:0045923),4/17,0.1411480647255795,0.9999961806440713,0,0,2.238318203535594,4.382505804333277,MLXIPL;NR4A3;PPARA;PPARGC1A,LumA,Suppressed
GO_Biological_Process_2023,Positive Regulation Of Macrophage Derived Foam Cell Differentiation (GO:0010744),4/17,0.1411480647255795,0.9999961806440713,0,0,2.238318203535594,4.382505804333277,PLA2G2A;CD36;APOB;PF4,LumA,Suppressed
GO_Biological_Process_2023,Positive Regulation Of Stem Cell Differentiation (GO:2000738),4/17,0.1411480647255795,0.9999961806440713,0,0,2.238318203535594,4.382505804333277,FOXC1;TCF15;PTN;SOX6,LumA,Suppressed
GO_Biological_Process_2023,Prostaglandin Biosynthetic Process (GO:0001516),4/17,0.1411480647255795,0.9999961806440713,0,0,2.238318203535594,4.382505804333277,EDN1;PTGIS;PLA2G4A;PTGS2,LumA,Suppressed
GO_Biological_Process_2023,Regulation Of Delayed Rectifier Potassium Channel Activity (GO:1902259),4/17,0.1411480647255795,0.9999961806440713,0,0,2.238318203535594,4.382505804333277,KCNE1;KCNS1;KCNE5;KCNAB1,LumA,Suppressed
GO_Biological_Process_2023,Negative Regulation Of BMP Signaling Pathway (GO:0030514),8/43,0.1414820050954467,0.9999961806440713,0,0,1.6634235942406823,3.2529624742916923,GREM2;BMPER;RBPMS2;VWC2;SOSTDC1;PPARG;CHRDL1;CER1,LumA,Suppressed
GO_Biological_Process_2023,Positive Regulation Of Biomineral Tissue Development (GO:0070169),8/43,0.1414820050954467,0.9999961806440713,0,0,1.6634235942406823,3.2529624742916923,WNT6;KL;BMP2;PKDCC;FZD9;PTN;GPM6B;BMP6,LumA,Suppressed
GO_Biological_Process_2023,Transport Across Blood-Brain Barrier (GO:0150104),14/85,0.1422594451691507,0.9999961806440713,0,0,1.435624139849492,2.7996146689412416,SLC22A3;ABCC2;ABCB1;SLC1A3;ABCC9;ATP1A2;SLC2A4;SLC7A3;SLCO1C1;FABP5;LEPR;SLC16A7;SLC29A4;CD36,LumA,Suppressed
GO_Biological_Process_2023,Blood Circulation (GO:0008015),9/50,0.1438508988374901,0.9999961806440713,0,0,1.5976115777755289,3.097733606903267,ACE2;EDN3;NPR1;MYL2;COL4A3;LPA;SGCZ;SGCG;TRDN,LumA,Suppressed
GO_Biological_Process_2023,Positive Regulation Of Fat Cell Differentiation (GO:0045600),9/50,0.1438508988374901,0.9999961806440713,0,0,1.5976115777755289,3.097733606903267,ZFP36;SFRP1;BMP2;SULT1E1;LMO3;ZBTB16;PPARG;PTGS2;MEDAG,LumA,Suppressed
GO_Biological_Process_2023,Regulation Of Cell Migration Involved In Sprouting Angiogenesis (GO:0090049),6/30,0.1468640830654107,0.9999961806440713,0,0,1.8190012432656444,3.489294996505457,FGFBP1;ANXA1;MEOX2;PTGS2;KLF4;FGF2,LumA,Suppressed
GO_Biological_Process_2023,Potassium Ion Transmembrane Transport (GO:0071805),21/137,0.1508381224047243,0.9999961806440713,0,0,1.3185017687153089,2.4940094551580825,KCNE1;KCNH5;KCNB1;KCNIP2;KCNH8;KCNE5;LRRC38;KCNA1;KCNB2;KCNA2;SLC1A3;KCNA4;KCNJ16;ABCC9;ATP1A2;KCNA6;ATP4A;KCNS1;FXYD2;KCNQ4;KCNJ2,LumA,Suppressed
GO_Biological_Process_2023,Cellular Response To Organic Cyclic Compound (GO:0071407),23/152,0.1520816901776486,0.9999961806440713,0,0,1.2986631465879823,2.445820961141339,P2RY12;EGR1;KCNE1;PDE2A;NR1H4;GPBAR1;AKAP6;ATP1A2;SSTR1;ADCY8;TFPI;RYR3;EGFR;GNAI1;AQP1;CRHBP;SFRP1;NR4A3;GNG2;CYP1A1;MGARP;SLC26A3;FOLR1,LumA,Suppressed
GO_Biological_Process_2023,Negative Regulation Of Endothelial Cell Proliferation (GO:0001937),7/37,0.1526277489867263,0.9999961806440713,0,0,1.6978579325594252,3.191554111652597,NGFR;CAV2;CAV1;TNMD;ATOH8;COL4A3;PPARG,LumA,Suppressed
GO_Biological_Process_2023,Regulation Of Sodium Ion Transmembrane Transporter Activity (GO:2000649),7/37,0.1526277489867263,0.9999961806440713,0,0,1.6978579325594252,3.191554111652597,CAV3;FXYD2;FXYD1;DMD;SCN3B;SCN4B;SCN2B,LumA,Suppressed
GO_Biological_Process_2023,Regulation Of Vascular Associated Smooth Muscle Cell Proliferation (GO:1904705),7/37,0.1526277489867263,0.9999961806440713,0,0,1.6978579325594252,3.191554111652597,CNN1;NR4A3;FGF9;ADIPOQ;PPARG;IGF1;FGF2,LumA,Suppressed
GO_Biological_Process_2023,Cholesterol Homeostasis (GO:0042632),12/72,0.1555466392405879,0.9999961806440713,0,0,1.4558371416701288,2.709035818827388,CYP39A1;CETP;DGAT2;ACSM3;CAV3;ACSM1;AKR1C1;CAV1;APOB;CYP7A1;CES1;GPIHBP1,LumA,Suppressed
GO_Biological_Process_2023,Acylglycerol Homeostasis (GO:0055090),5/24,0.1565040725974901,0.9999961806440713,0,0,1.9144900361923864,3.550753450536102,CETP;MLXIPL;ANGPTL8;ANGPTL4;GPIHBP1,LumA,Suppressed
GO_Biological_Process_2023,Dicarboxylic Acid Transport (GO:0006835),5/24,0.1565040725974901,0.9999961806440713,0,0,1.9144900361923864,3.550753450536102,SLC13A2;SLC1A3;SLC26A7;FOLR2;FOLR1,LumA,Suppressed
GO_Biological_Process_2023,Positive Regulation Of Lipid Metabolic Process (GO:0045834),5/24,0.1565040725974901,0.9999961806440713,0,0,1.9144900361923864,3.550753450536102,MLXIPL;HSD17B13;SORBS1;PCK1;PPARA,LumA,Suppressed
GO_Biological_Process_2023,Regulation Of Ryanodine-Sensitive Calcium-Release Channel Activity (GO:0060314),5/24,0.1565040725974901,0.9999961806440713,0,0,1.9144900361923864,3.550753450536102,JPH2;CASQ2;DMD;NOS1;TRDN,LumA,Suppressed
GO_Biological_Process_2023,Response To Copper Ion (GO:0046688),5/24,0.1565040725974901,0.9999961806440713,0,0,1.9144900361923864,3.550753450536102,PRNP;MT1M;MT1X;AQP1;SNCA,LumA,Suppressed
GO_Biological_Process_2023,SMAD Protein Signal Transduction (GO:0060395),9/51,0.1570897753506443,0.9999961806440713,0,0,1.559484291641968,2.8865084543773287,GDF10;BMP3;BMP2;ATOH8;FOS;GDF5;BMP6;NODAL;BMP5,LumA,Suppressed
GO_Biological_Process_2023,Positive Regulation Of Epithelial Cell Proliferation (GO:0050679),19/123,0.157099639048704,0.9999961806440713,0,0,1.330380608974359,2.4623682512931047,PPP1R16B;CCL24;ODAM;VEGFD;IGF1;PROX1;PTN;FGF2;BMP6;EGFR;BMP5;FGF7;SFRP1;BMP2;NR4A3;FGF9;HYAL1;SCN5A;NODAL,LumA,Suppressed
GO_Biological_Process_2023,Inorganic Anion Transport (GO:0015698),10/58,0.1572997604305787,0.9999961806440713,0,0,1.5162757714127575,2.8045066871183164,CLIC5;SLC34A2;CLCN4;TTYH1;FXYD1;SLC26A7;SLC4A1;SLC17A7;NMUR1;ENPP3,LumA,Suppressed
GO_Biological_Process_2023,Memory (GO:0007613),10/58,0.1572997604305787,0.9999961806440713,0,0,1.5162757714127575,2.8045066871183164,NPAS4;NTF4;PRNP;CHRNA7;SLC2A4;VLDLR;PTN;ADCY8;SCN2A;KLK8,LumA,Suppressed
GO_Biological_Process_2023,AV Node Cell Action Potential (GO:0086016),2/6,0.1576616817008927,0.9999961806440713,0,0,3.6361191559784856,6.717016722373433,SCN5A;SCN4B,LumA,Suppressed
GO_Biological_Process_2023,SA Node Cell Action Potential (GO:0086015),2/6,0.1576616817008927,0.9999961806440713,0,0,3.6361191559784856,6.717016722373433,SCN5A;SCN3B,LumA,Suppressed
GO_Biological_Process_2023,Bleb Assembly (GO:0032060),2/6,0.1576616817008927,0.9999961806440713,0,0,3.6361191559784856,6.717016722373433,EMP1;MYLK,LumA,Suppressed
GO_Biological_Process_2023,Cardiac Muscle Cell Myoblast Differentiation (GO:0060379),2/6,0.1576616817008927,0.9999961806440713,0,0,3.6361191559784856,6.717016722373433,NRG1;TBXT,LumA,Suppressed
GO_Biological_Process_2023,Cellular Response To Caffeine (GO:0071313),2/6,0.1576616817008927,0.9999961806440713,0,0,3.6361191559784856,6.717016722373433,CASQ2;RYR3,LumA,Suppressed
GO_Biological_Process_2023,Cellular Response To Monoamine Stimulus (GO:0071868),2/6,0.1576616817008927,0.9999961806440713,0,0,3.6361191559784856,6.717016722373433,GNG2;NR4A3,LumA,Suppressed
GO_Biological_Process_2023,Cellular Response To Prostaglandin E Stimulus (GO:0071380),2/6,0.1576616817008927,0.9999961806440713,0,0,3.6361191559784856,6.717016722373433,SFRP1;GNG2,LumA,Suppressed
GO_Biological_Process_2023,Definitive Hemopoiesis (GO:0060216),2/6,0.1576616817008927,0.9999961806440713,0,0,3.6361191559784856,6.717016722373433,MFAP5;TGFBR3,LumA,Suppressed
GO_Biological_Process_2023,Dendrite Arborization (GO:0140059),2/6,0.1576616817008927,0.9999961806440713,0,0,3.6361191559784856,6.717016722373433,SEMA3A;PTN,LumA,Suppressed
GO_Biological_Process_2023,Detection Of Stimulus Involved In Sensory Perception Of Pain (GO:0062149),2/6,0.1576616817008927,0.9999961806440713,0,0,3.6361191559784856,6.717016722373433,KCNA1;EPHB1,LumA,Suppressed
GO_Biological_Process_2023,Enteric Nervous System Development (GO:0048484),2/6,0.1576616817008927,0.9999961806440713,0,0,3.6361191559784856,6.717016722373433,SOX8;SOX10,LumA,Suppressed
GO_Biological_Process_2023,Forebrain Neuron Development (GO:0021884),2/6,0.1576616817008927,0.9999961806440713,0,0,3.6361191559784856,6.717016722373433,CCL14;LHX6,LumA,Suppressed
GO_Biological_Process_2023,Glandular Epithelial Cell Development (GO:0002068),2/6,0.1576616817008927,0.9999961806440713,0,0,3.6361191559784856,6.717016722373433,BMP6;BMP5,LumA,Suppressed
GO_Biological_Process_2023,Glycerol-3-Phosphate Metabolic Process (GO:0006072),2/6,0.1576616817008927,0.9999961806440713,0,0,3.6361191559784856,6.717016722373433,GPAM;GPD1,LumA,Suppressed
GO_Biological_Process_2023,Glycosylceramide Biosynthetic Process (GO:0046476),2/6,0.1576616817008927,0.9999961806440713,0,0,3.6361191559784856,6.717016722373433,UGT8;GAL3ST1,LumA,Suppressed
GO_Biological_Process_2023,Hemostasis (GO:0007599),2/6,0.1576616817008927,0.9999961806440713,0,0,3.6361191559784856,6.717016722373433,P2RY12;VWF,LumA,Suppressed
GO_Biological_Process_2023,Intracellular Triglyceride Homeostasis (GO:0035356),2/6,0.1576616817008927,0.9999961806440713,0,0,3.6361191559784856,6.717016722373433,DGAT2;NR1H4,LumA,Suppressed
GO_Biological_Process_2023,Keratinocyte Proliferation (GO:0043616),2/6,0.1576616817008927,0.9999961806440713,0,0,3.6361191559784856,6.717016722373433,FERMT1;KLK8,LumA,Suppressed
GO_Biological_Process_2023,Long-Chain Fatty Acid Catabolic Process (GO:0042758),2/6,0.1576616817008927,0.9999961806440713,0,0,3.6361191559784856,6.717016722373433,GLYATL2;ACADL,LumA,Suppressed
GO_Biological_Process_2023,Monoacylglycerol Biosynthetic Process (GO:0006640),2/6,0.1576616817008927,0.9999961806440713,0,0,3.6361191559784856,6.717016722373433,DGAT2;PLA2G4A,LumA,Suppressed
GO_Biological_Process_2023,Negative Regulation Of Cardiocyte Differentiation (GO:1905208),2/6,0.1576616817008927,0.9999961806440713,0,0,3.6361191559784856,6.717016722373433,SOX6;EGFR,LumA,Suppressed
GO_Biological_Process_2023,Negative Regulation Of Smooth Muscle Cell Apoptotic Process (GO:0034392),2/6,0.1576616817008927,0.9999961806440713,0,0,3.6361191559784856,6.717016722373433,IGF1;GRIA4,LumA,Suppressed
GO_Biological_Process_2023,Negative Regulation Of Steroid Metabolic Process (GO:0045939),2/6,0.1576616817008927,0.9999961806440713,0,0,3.6361191559784856,6.717016722373433,BMP2;BMP5,LumA,Suppressed
GO_Biological_Process_2023,Peptide Transport (GO:0015833),2/6,0.1576616817008927,0.9999961806440713,0,0,3.6361191559784856,6.717016722373433,CLEC4M;CD209,LumA,Suppressed
GO_Biological_Process_2023,Positive Regulation Of Fibroblast Apoptotic Process (GO:2000271),2/6,0.1576616817008927,0.9999961806440713,0,0,3.6361191559784856,6.717016722373433,SFRP1;TP63,LumA,Suppressed
GO_Biological_Process_2023,Positive Regulation Of Gliogenesis (GO:0014015),2/6,0.1576616817008927,0.9999961806440713,0,0,3.6361191559784856,6.717016722373433,IL6;SOX8,LumA,Suppressed
GO_Biological_Process_2023,Positive Regulation Of Hormone Metabolic Process (GO:0032352),2/6,0.1576616817008927,0.9999961806440713,0,0,3.6361191559784856,6.717016722373433,SLCO1C1;EGR1,LumA,Suppressed
GO_Biological_Process_2023,Positive Regulation Of Mast Cell Activation (GO:0033005),2/6,0.1576616817008927,0.9999961806440713,0,0,3.6361191559784856,6.717016722373433,NR4A3;TSLP,LumA,Suppressed
GO_Biological_Process_2023,Positive Regulation Of Phospholipid Biosynthetic Process (GO:0071073),2/6,0.1576616817008927,0.9999961806440713,0,0,3.6361191559784856,6.717016722373433,NR1H4;HTR2A,LumA,Suppressed
GO_Biological_Process_2023,Regulation Of Adiponectin Secretion (GO:0070163),2/6,0.1576616817008927,0.9999961806440713,0,0,3.6361191559784856,6.717016722373433,HCAR2;PPARG,LumA,Suppressed
GO_Biological_Process_2023,Regulation Of Aldosterone Biosynthetic Process (GO:0032347),2/6,0.1576616817008927,0.9999961806440713,0,0,3.6361191559784856,6.717016722373433,BMP6;BMP5,LumA,Suppressed
GO_Biological_Process_2023,Regulation Of Atrial Cardiac Muscle Cell Membrane Repolarization (GO:0060372),2/6,0.1576616817008927,0.9999961806440713,0,0,3.6361191559784856,6.717016722373433,KCNE5;SCN5A,LumA,Suppressed
GO_Biological_Process_2023,Regulation Of Cardiac Muscle Cell Membrane Potential (GO:0086036),2/6,0.1576616817008927,0.9999961806440713,0,0,3.6361191559784856,6.717016722373433,FXYD1;TRDN,LumA,Suppressed
GO_Biological_Process_2023,Regulation Of Cardiac Muscle Hypertrophy In Response To Stress (GO:1903242),2/6,0.1576616817008927,0.9999961806440713,0,0,3.6361191559784856,6.717016722373433,MLIP;PPARG,LumA,Suppressed
GO_Biological_Process_2023,Regulation Of Cellular Response To Insulin Stimulus (GO:1900076),2/6,0.1576616817008927,0.9999961806440713,0,0,3.6361191559784856,6.717016722373433,PPARG;GPLD1,LumA,Suppressed
GO_Biological_Process_2023,Regulation Of Endothelial Cell Chemotaxis To Fibroblast Growth Factor (GO:2000544),2/6,0.1576616817008927,0.9999961806440713,0,0,3.6361191559784856,6.717016722373433,FGF1;FGF2,LumA,Suppressed
GO_Biological_Process_2023,Regulation Of Glucocorticoid Receptor Signaling Pathway (GO:2000322),2/6,0.1576616817008927,0.9999961806440713,0,0,3.6361191559784856,6.717016722373433,PER1;LMO3,LumA,Suppressed
GO_Biological_Process_2023,Regulation Of Inositol Phosphate Biosynthetic Process (GO:0010919),2/6,0.1576616817008927,0.9999961806440713,0,0,3.6361191559784856,6.717016722373433,PTH1R;SNCA,LumA,Suppressed
GO_Biological_Process_2023,Regulation Of Microglial Cell Migration (GO:1904139),2/6,0.1576616817008927,0.9999961806440713,0,0,3.6361191559784856,6.717016722373433,P2RY12;CX3CL1,LumA,Suppressed
GO_Biological_Process_2023,Regulation Of Norepinephrine Secretion (GO:0014061),2/6,0.1576616817008927,0.9999961806440713,0,0,3.6361191559784856,6.717016722373433,KCNB1;FFAR3,LumA,Suppressed
GO_Biological_Process_2023,Regulation Of Potassium Ion Export Across Plasma Membrane (GO:1903764),2/6,0.1576616817008927,0.9999961806440713,0,0,3.6361191559784856,6.717016722373433,KCNIP2;KCNE5,LumA,Suppressed
GO_Biological_Process_2023,Regulation Of Smooth Muscle Cell Differentiation (GO:0051150),2/6,0.1576616817008927,0.9999961806440713,0,0,3.6361191559784856,6.717016722373433,MYOCD;RBPMS2,LumA,Suppressed
GO_Biological_Process_2023,Regulation Of Vascular Associated Smooth Muscle Cell Apoptotic Process (GO:1905459),2/6,0.1576616817008927,0.9999961806440713,0,0,3.6361191559784856,6.717016722373433,PPARG;IGF1,LumA,Suppressed
GO_Biological_Process_2023,Release Of Sequestered Calcium Ion Into Cytosol By Sarcoplasmic Reticulum (GO:0014808),2/6,0.1576616817008927,0.9999961806440713,0,0,3.6361191559784856,6.717016722373433,RYR3;TRDN,LumA,Suppressed
GO_Biological_Process_2023,Response To Caffeine (GO:0031000),2/6,0.1576616817008927,0.9999961806440713,0,0,3.6361191559784856,6.717016722373433,CASQ2;RYR3,LumA,Suppressed
GO_Biological_Process_2023,Response To Cocaine (GO:0042220),2/6,0.1576616817008927,0.9999961806440713,0,0,3.6361191559784856,6.717016722373433,CRHBP;DRD2,LumA,Suppressed
GO_Biological_Process_2023,Type B Pancreatic Cell Development (GO:0003323),2/6,0.1576616817008927,0.9999961806440713,0,0,3.6361191559784856,6.717016722373433,BMP6;BMP5,LumA,Suppressed
GO_Biological_Process_2023,Ureter Development (GO:0072189),2/6,0.1576616817008927,0.9999961806440713,0,0,3.6361191559784856,6.717016722373433,SOX17;SOX8,LumA,Suppressed
GO_Biological_Process_2023,Vascular Associated Smooth Muscle Contraction (GO:0014829),2/6,0.1576616817008927,0.9999961806440713,0,0,3.6361191559784856,6.717016722373433,EDNRB;EDN3,LumA,Suppressed
GO_Biological_Process_2023,Vascular Wound Healing (GO:0061042),2/6,0.1576616817008927,0.9999961806440713,0,0,3.6361191559784856,6.717016722373433,MCAM;CD34,LumA,Suppressed
GO_Biological_Process_2023,Vitamin A Metabolic Process (GO:0006776),2/6,0.1576616817008927,0.9999961806440713,0,0,3.6361191559784856,6.717016722373433,RLBP1;RPE65,LumA,Suppressed
GO_Biological_Process_2023,White Fat Cell Differentiation (GO:0050872),2/6,0.1576616817008927,0.9999961806440713,0,0,3.6361191559784856,6.717016722373433,FFAR4;PPARG,LumA,Suppressed
GO_Biological_Process_2023,Glucose Homeostasis (GO:0042593),14/87,0.1623322744664638,0.9999961806440713,0,0,1.3961324865434457,2.538322389571554,CEBPA;NGFR;CAV3;KCNB1;ADIPOQ;SLC2A4;ADCY8;MLXIPL;IL6;LEPR;PDK4;PPARG;PCK1;PPARGC1A,LumA,Suppressed
GO_Biological_Process_2023,Cellular Response To cAMP (GO:0071320),6/31,0.1646386885745722,0.9999961806440713,0,0,1.7461417322834645,3.1500431290247244,CRHBP;KCNE1;PDE2A;AKAP6;SLC26A3;AQP1,LumA,Suppressed
GO_Biological_Process_2023,Glycerolipid Catabolic Process (GO:0046503),4/18,0.1650877625733687,0.9999961806440713,0,0,2.0783200236616386,3.743632243868275,PLA2G4E;PLA2G4A;ENPP6;MGLL,LumA,Suppressed
GO_Biological_Process_2023,Heart Trabecula Morphogenesis (GO:0061384),4/18,0.1650877625733687,0.9999961806440713,0,0,2.0783200236616386,3.743632243868275,TGFBR3;S1PR1;NRG1;BMP5,LumA,Suppressed
GO_Biological_Process_2023,Myoblast Fusion (GO:0007520),4/18,0.1650877625733687,0.9999961806440713,0,0,2.0783200236616386,3.743632243868275,ADAMTS5;MYMX;NOS1;JAM2,LumA,Suppressed
GO_Biological_Process_2023,Negative Regulation Of Amyloid Precursor Protein Catabolic Process (GO:1902992),4/18,0.1650877625733687,0.9999961806440713,0,0,2.0783200236616386,3.743632243868275,NTRK2;PRNP;CHRNA7;IGF1,LumA,Suppressed
GO_Biological_Process_2023,Negative Regulation Of Lipid Storage (GO:0010888),4/18,0.1650877625733687,0.9999961806440713,0,0,2.0783200236616386,3.743632243868275,IL6;PPARG;PPARA;CES1,LumA,Suppressed
GO_Biological_Process_2023,Positive Regulation Of Focal Adhesion Assembly (GO:0051894),4/18,0.1650877625733687,0.9999961806440713,0,0,2.0783200236616386,3.743632243868275,SFRP1;MYOC;NRG1;FERMT2,LumA,Suppressed
GO_Biological_Process_2023,Regulation Of Vascular Endothelial Cell Proliferation (GO:1905562),4/18,0.1650877625733687,0.9999961806440713,0,0,2.0783200236616386,3.743632243868275,COL4A3;PSG1;PPARG;FGF2,LumA,Suppressed
GO_Biological_Process_2023,Ureteric Bud Development (GO:0001657),4/18,0.1650877625733687,0.9999961806440713,0,0,2.0783200236616386,3.743632243868275,FOXC1;GPC3;TCF21;CER1,LumA,Suppressed
GO_Biological_Process_2023,Positive Regulation Of Cell Differentiation (GO:0045597),40/283,0.1660469262047007,0.9999961806440713,0,0,1.1996602646268706,2.153971821400078,CRB2;FOXC1;CSF3;TNXB;PKDCC;LAMA1;PTN;MEDAG;TMEM100;ZFP36;SULT1E1;BOC;FFAR4;SMYD1;ALX1;CD36;SOX6;APOB;CD34;HOXA5;TP63;EDN3;TCF15;MMD;LMO3;ZBTB16;PLA2G2A;IGF1;GDF5;BMP6;TGFBR2;SFRP1;GPRC5B;BMP2;IL6;VWC2;PPARG;FERMT2;DDR2;PF4,LumA,Suppressed
GO_Biological_Process_2023,Monocarboxylic Acid Transport (GO:0015718),12/73,0.1669345108729523,0.9999961806440713,0,0,1.4318892301824595,2.563301794720948,SLCO1C1;RBP7;SLCO1B1;ABCC2;FABP4;FABP5;ACSL1;AKR1C1;FABP7;SLCO1A2;SLC16A7;PMP2,LumA,Suppressed
GO_Biological_Process_2023,Sterol Homeostasis (GO:0055092),12/73,0.1669345108729523,0.9999961806440713,0,0,1.4318892301824595,2.563301794720948,CYP39A1;CETP;DGAT2;ACSM3;CAV3;ACSM1;AKR1C1;CAV1;APOB;CYP7A1;CES1;GPIHBP1,LumA,Suppressed
GO_Biological_Process_2023,Epithelium Development (GO:0060429),23/154,0.1673831279944468,0.9999961806440713,0,0,1.2786896736290765,2.2856193216831904,PTCH1;AKR1C1;SPINK5;TCF21;AKR1C2;PROX1;SOX10;MEOX1;KRT9;BMP2;DMBT1;SOX17;KRT17;KRT16;ALDH1A2;KRT15;GSTA1;KRT14;SOX8;ALDOC;PPARG;CD34;CES1,LumA,Suppressed
GO_Biological_Process_2023,Cellular Response To BMP Stimulus (GO:0071773),11/66,0.1687938796253542,0.9999961806440713,0,0,1.4556478405315614,2.58970952858955,TMEM100;TGFBR3;GDF10;BMP3;SFRP1;BMP2;PPARG;GDF5;BMP6;NODAL;RGMA,LumA,Suppressed
GO_Biological_Process_2023,Positive Regulation Of Bone Mineralization (GO:0030501),7/38,0.1688104708999403,0.9999961806440713,0,0,1.6429947038998556,2.922852528800953,KL;BMP2;PKDCC;FZD9;PTN;GPM6B;BMP6,LumA,Suppressed
GO_Biological_Process_2023,Alanine Transport (GO:0032328),3/12,0.1695399363665113,0.9999961806440713,0,0,2.42439293598234,4.302489573957889,SLC36A2;SLC6A14;SLC7A10,LumA,Suppressed
GO_Biological_Process_2023,Atrial Cardiac Muscle Cell Action Potential (GO:0086014),3/12,0.1695399363665113,0.9999961806440713,0,0,2.42439293598234,4.302489573957889,KCNE5;SCN5A;SCN3B,LumA,Suppressed
GO_Biological_Process_2023,Dendrite Self-Avoidance (GO:0070593),3/12,0.1695399363665113,0.9999961806440713,0,0,2.42439293598234,4.302489573957889,ROBO3;CNTN6;MYPN,LumA,Suppressed
GO_Biological_Process_2023,Icosanoid Secretion (GO:0032309),3/12,0.1695399363665113,0.9999961806440713,0,0,2.42439293598234,4.302489573957889,ANXA1;LEP;DRD2,LumA,Suppressed
GO_Biological_Process_2023,Macrophage Migration (GO:1905517),3/12,0.1695399363665113,0.9999961806440713,0,0,2.42439293598234,4.302489573957889,EDNRB;KLF5;SAA1,LumA,Suppressed
GO_Biological_Process_2023,Myelination In Peripheral Nervous System (GO:0022011),3/12,0.1695399363665113,0.9999961806440713,0,0,2.42439293598234,4.302489573957889,MYOC;LGI4;NCMAP,LumA,Suppressed
GO_Biological_Process_2023,Negative Regulation Of Complement Activation (GO:0045916),3/12,0.1695399363665113,0.9999961806440713,0,0,2.42439293598234,4.302489573957889,CR1;C4BPA;SVEP1,LumA,Suppressed
GO_Biological_Process_2023,Positive Regulation Of Sodium Ion Transmembrane Transporter Activity (GO:2000651),3/12,0.1695399363665113,0.9999961806440713,0,0,2.42439293598234,4.302489573957889,FXYD2;TESC;DMD,LumA,Suppressed
GO_Biological_Process_2023,Positive Regulation Of Vasoconstriction (GO:0045907),3/12,0.1695399363665113,0.9999961806440713,0,0,2.42439293598234,4.302489573957889,OXTR;CAV1;AVPR2,LumA,Suppressed
GO_Biological_Process_2023,Positive Regulation Of Voltage-Gated Calcium Channel Activity (GO:1901387),3/12,0.1695399363665113,0.9999961806440713,0,0,2.42439293598234,4.302489573957889,STAC;CACNA2D1;STAC2,LumA,Suppressed
GO_Biological_Process_2023,Regulation Of Cell Communication By Electrical Coupling (GO:0010649),3/12,0.1695399363665113,0.9999961806440713,0,0,2.42439293598234,4.302489573957889,CAV1;CASQ2;TRDN,LumA,Suppressed
GO_Biological_Process_2023,Regulation Of Monooxygenase Activity (GO:0032768),3/12,0.1695399363665113,0.9999961806440713,0,0,2.42439293598234,4.302489573957889,LEP;EGFR;SNCA,LumA,Suppressed
GO_Biological_Process_2023,Regulation Of Vascular Associated Smooth Muscle Cell Migration (GO:1904752),3/12,0.1695399363665113,0.9999961806440713,0,0,2.42439293598234,4.302489573957889,NR4A3;FGF9;ADIPOQ,LumA,Suppressed
GO_Biological_Process_2023,Sodium Ion Export Across Plasma Membrane (GO:0036376),3/12,0.1695399363665113,0.9999961806440713,0,0,2.42439293598234,4.302489573957889,ATP4A;FXYD2;ATP1A2,LumA,Suppressed
GO_Biological_Process_2023,Myotube Differentiation (GO:0014902),5/25,0.1773823741176172,0.9999961806440713,0,0,1.818661971830986,3.1452805292245105,ADAMTS5;MYMX;NOS1;IGF1;JAM2,LumA,Suppressed
GO_Biological_Process_2023,Negative Regulation Of Lipid Biosynthetic Process (GO:0051055),5/25,0.1773823741176172,0.9999961806440713,0,0,1.818661971830986,3.1452805292245105,BMP2;ACADL;ASXL3;AKR1C3;BMP5,LumA,Suppressed
GO_Biological_Process_2023,Peptide Hormone Secretion (GO:0030072),5/25,0.1773823741176172,0.9999961806440713,0,0,1.818661971830986,3.1452805292245105,EDN1;IL6;ANXA1;EDN3;FFAR4,LumA,Suppressed
GO_Biological_Process_2023,Regulation Of Chondrocyte Differentiation (GO:0032330),5/25,0.1773823741176172,0.9999961806440713,0,0,1.818661971830986,3.1452805292245105,PKDCC;EFEMP1;ZBTB16;SOX6;GDF5,LumA,Suppressed
GO_Biological_Process_2023,Phosphatidylinositol 3-Kinase Signaling (GO:0014065),6/32,0.1832706092729172,0.9999961806440713,0,0,1.6788867990691447,2.848720815206266,EDN1;NYAP1;TYRO3;PIK3C2G;HTR2A;IGF1,LumA,Suppressed
GO_Biological_Process_2023,Negative Regulation Of Peptidase Activity (GO:0010466),10/60,0.1835502083433635,0.9999961806440713,0,0,1.455458696554587,2.4673911475638155,CRB2;SERPINB4;SERPINB12;SERPIND1;SPINK5;SPOCK3;FETUB;NRG1;TIMP4;SERPINB5,LumA,Suppressed
GO_Biological_Process_2023,Regulation Of Monoatomic Cation Transmembrane Transport (GO:1904062),7/39,0.1857054753369622,0.9999961806440713,0,0,1.5915604270315091,2.679540513204518,KCNE1;DPP6;KCNIP2;KCNE5;KCNAB1;SCN5A;GRIN2B,LumA,Suppressed
GO_Biological_Process_2023,Regulation Of Nitric Oxide Biosynthetic Process (GO:0045428),7/39,0.1857054753369622,0.9999961806440713,0,0,1.5915604270315091,2.679540513204518,EDN1;PTGIS;CAV1;HBB;CD36;PTGS2;KLF4,LumA,Suppressed
GO_Biological_Process_2023,Retina Homeostasis (GO:0001895),7/39,0.1857054753369622,0.9999961806440713,0,0,1.5915604270315091,2.679540513204518,CRB2;PIGR;OPRPN;ALB;RPE65;JCHAIN;CNGB1,LumA,Suppressed
GO_Biological_Process_2023,Myofibril Assembly (GO:0030239),8/46,0.1861063123502609,0.9999961806440713,0,0,1.5318387216485845,2.575690606045205,TMOD1;MYL2;TNNT3;LMOD1;PGM5;MYOZ2;MYOM2;MYPN,LumA,Suppressed
GO_Biological_Process_2023,Response To Hydrogen Peroxide (GO:0042542),8/46,0.1861063123502609,0.9999961806440713,0,0,1.5318387216485845,2.575690606045205,EDN1;IL6;ANXA1;CAT;HBB;HBA1;SLC6A2;AQP1,LumA,Suppressed
GO_Biological_Process_2023,Cellular Response To Organic Substance (GO:0071310),13/82,0.1873814337608327,0.9999961806440713,0,0,1.3713060344308312,2.296401409002666,CSF3;OXTR;EDN1;PID1;MME;AVPR2;NR1H4;AKAP6;HCRTR1;GHR;CLEC3B;FFAR4;CYP1A1,LumA,Suppressed
GO_Biological_Process_2023,Sodium Ion Transmembrane Transport (GO:0035725),13/82,0.1873814337608327,0.9999961806440713,0,0,1.3713060344308312,2.296401409002666,SLC6A15;SLC6A14;ATP1A2;SLC6A2;ATP4A;FXYD2;SCN9A;SCN4A;SCN5A;SCN3B;SCN2A;SCN4B;SCN2B,LumA,Suppressed
GO_Biological_Process_2023,Dopamine Metabolic Process (GO:0042417),4/19,0.1903434167677084,0.9999961806440713,0,0,1.939654934437543,3.2177428023495227,MAOA;MOXD2P;DRD2;SNCA,LumA,Suppressed
GO_Biological_Process_2023,Establishment Of Skin Barrier (GO:0061436),4/19,0.1903434167677084,0.9999961806440713,0,0,1.939654934437543,3.2177428023495227,KRT16;MET;TP63;HRNR,LumA,Suppressed
GO_Biological_Process_2023,Regulation Of Insulin-Like Growth Factor Receptor Signaling Pathway (GO:0043567),4/19,0.1903434167677084,0.9999961806440713,0,0,1.939654934437543,3.2177428023495227,IGFBP1;IGF1;IGFBP6;BMP5,LumA,Suppressed
GO_Biological_Process_2023,Regulation Of Neuroinflammatory Response (GO:0150077),4/19,0.1903434167677084,0.9999961806440713,0,0,1.939654934437543,3.2177428023495227,IL33;IL6;IGF1;PTGS2,LumA,Suppressed
GO_Biological_Process_2023,Regulation Of Vascular Endothelial Growth Factor Signaling Pathway (GO:1900746),4/19,0.1903434167677084,0.9999961806440713,0,0,1.939654934437543,3.2177428023495227,CCBE1;TNXB;SPRY2;NRG1,LumA,Suppressed
GO_Biological_Process_2023,BMP Signaling Pathway (GO:0030509),10/61,0.1973756588660468,0.9999961806440713,0,0,1.42683889662133,2.3152550963907768,TMEM100;TGFBR3;GDF10;BMP3;BMP2;PPARG;GDF5;BMP6;NODAL;RGMA,LumA,Suppressed
GO_Biological_Process_2023,Chemical Synaptic Transmission (GO:0007268),38/273,0.1991754008426446,0.9999961806440713,0,0,1.1780281841171687,1.900830266986908,CHRM3;NLGN1;CHRNA2;KCNA1;CHRNA7;SLC1A3;HTR2A;HTR4;SLC6A2;CDH8;CRHBP;PTCHD1;KCNMB1;MPZ;PENK;SNCG;SLC17A7;GABRE;DRD2;DLGAP2;GRIA4;SNCA;UNC13C;GABBR2;GABRP;KCNIP2;GABRA4;OPRK1;NSG1;GABRG3;GRIN2B;SYN2;GABRG1;HCRTR1;SST;PLP1;APBA1;SCN2B,LumA,Suppressed
GO_Biological_Process_2023,Positive Regulation Of Nuclear Division (GO:0051785),5/26,0.1992337298921725,0.9999961806440713,0,0,1.731960389789719,2.7941312060348844,EDN1;NPM2;EDN3;IGF1;OOEP,LumA,Suppressed
GO_Biological_Process_2023,Response To Glucocorticoid (GO:0051384),5/26,0.1992337298921725,0.9999961806440713,0,0,1.731960389789719,2.7941312060348844,ZFP36;IL6;ANXA1;HSD3B1;FAM107A,LumA,Suppressed
GO_Biological_Process_2023,Epidermal Cell Differentiation (GO:0009913),9/54,0.2000915340719404,0.9999961806440713,0,0,1.4552697095435685,2.34150036191043,SPRR2F;SCEL;SPRR2G;ANXA1;KRT16;SPINK5;AKR1C3;TXNIP;SPRR2B,LumA,Suppressed
GO_Biological_Process_2023,ERBB2 Signaling Pathway (GO:0038128),3/13,0.2017165327530066,0.9999961806440713,0,0,2.181829470198676,3.4928730613004237,MYOC;NRG1;EGFR,LumA,Suppressed
GO_Biological_Process_2023,Cardiocyte Differentiation (GO:0035051),3/13,0.2017165327530066,0.9999961806440713,0,0,2.181829470198676,3.4928730613004237,MYOCD;BMP2;NRG1,LumA,Suppressed
GO_Biological_Process_2023,Lipid Oxidation (GO:0034440),3/13,0.2017165327530066,0.9999961806440713,0,0,2.181829470198676,3.4928730613004237,ACSM1;ADIPOQ;PPARGC1A,LumA,Suppressed
GO_Biological_Process_2023,Positive Regulation Of Glycoprotein Biosynthetic Process (GO:0010560),3/13,0.2017165327530066,0.9999961806440713,0,0,2.181829470198676,3.4928730613004237,IL33;CCL21;IGF1,LumA,Suppressed
GO_Biological_Process_2023,Potassium Ion Export Across Plasma Membrane (GO:0097623),3/13,0.2017165327530066,0.9999961806440713,0,0,2.181829470198676,3.4928730613004237,KCNE1;KCNIP2;KCNE5,LumA,Suppressed
GO_Biological_Process_2023,Regulation Of Nitric-Oxide Synthase Biosynthetic Process (GO:0051769),3/13,0.2017165327530066,0.9999961806440713,0,0,2.181829470198676,3.4928730613004237,IL33;FCER2;EDN1,LumA,Suppressed
GO_Biological_Process_2023,Regulation Of Response To Stress (GO:0080134),3/13,0.2017165327530066,0.9999961806440713,0,0,2.181829470198676,3.4928730613004237,CRHBP;ADCY8;CORO2B,LumA,Suppressed
GO_Biological_Process_2023,Positive Regulation Of Epithelial To Mesenchymal Transition (GO:0010718),8/47,0.2021783605162526,0.9999961806440713,0,0,1.492475725574025,2.385879154773025,CRB2;FOXC1;BMP2;IL6;TNXB;ALX1;FERMT2;TGFBR2,LumA,Suppressed
GO_Biological_Process_2023,Regulation Of Wound Healing (GO:0061041),8/47,0.2021783605162526,0.9999961806440713,0,0,1.492475725574025,2.385879154773025,KANK1;ANXA1;MMRN1;CAV1;CLDN19;NRG1;FGF2;MYLK,LumA,Suppressed
GO_Biological_Process_2023,Negative Regulation Of Blood Vessel Endothelial Cell Migration (GO:0043537),6/33,0.2026843915598671,0.9999961806440713,0,0,1.6166137127595892,2.580285603690436,ANGPT4;NRG1;PPARG;MEOX2;KLF4;FGF2,LumA,Suppressed
GO_Biological_Process_2023,T-helper 17 Cell Lineage Commitment (GO:0072540),2/7,0.2037360862697258,0.9999961806440713,0,0,2.908729830368225,4.627585018009007,SOCS3;IL6,LumA,Suppressed
GO_Biological_Process_2023,Catecholamine Catabolic Process (GO:0042424),2/7,0.2037360862697258,0.9999961806440713,0,0,2.908729830368225,4.627585018009007,MAOA;MOXD2P,LumA,Suppressed
GO_Biological_Process_2023,Collecting Duct Development (GO:0072044),2/7,0.2037360862697258,0.9999961806440713,0,0,2.908729830368225,4.627585018009007,PTCH1;DACT2,LumA,Suppressed
GO_Biological_Process_2023,Coronary Vasculature Development (GO:0060976),2/7,0.2037360862697258,0.9999961806440713,0,0,2.908729830368225,4.627585018009007,MYOCD;GPC3,LumA,Suppressed
GO_Biological_Process_2023,Dopamine Catabolic Process (GO:0042420),2/7,0.2037360862697258,0.9999961806440713,0,0,2.908729830368225,4.627585018009007,MAOA;MOXD2P,LumA,Suppressed
GO_Biological_Process_2023,Estrogen Biosynthetic Process (GO:0006703),2/7,0.2037360862697258,0.9999961806440713,0,0,2.908729830368225,4.627585018009007,HSD17B2;HSD3B1,LumA,Suppressed
GO_Biological_Process_2023,Folic Acid Transport (GO:0015884),2/7,0.2037360862697258,0.9999961806440713,0,0,2.908729830368225,4.627585018009007,FOLR2;FOLR1,LumA,Suppressed
GO_Biological_Process_2023,Galactosylceramide Metabolic Process (GO:0006681),2/7,0.2037360862697258,0.9999961806440713,0,0,2.908729830368225,4.627585018009007,UGT8;GAL3ST1,LumA,Suppressed
GO_Biological_Process_2023,Inhibitory Postsynaptic Potential (GO:0060080),2/7,0.2037360862697258,0.9999961806440713,0,0,2.908729830368225,4.627585018009007,NPAS4;INSYN2B,LumA,Suppressed
GO_Biological_Process_2023,Intermediate Filament Bundle Assembly (GO:0045110),2/7,0.2037360862697258,0.9999961806440713,0,0,2.908729830368225,4.627585018009007,KRT14;PKP1,LumA,Suppressed
GO_Biological_Process_2023,Intracellular pH Elevation (GO:0051454),2/7,0.2037360862697258,0.9999961806440713,0,0,2.908729830368225,4.627585018009007,OCA2;SLC26A3,LumA,Suppressed
GO_Biological_Process_2023,Melanin Biosynthetic Process (GO:0042438),2/7,0.2037360862697258,0.9999961806440713,0,0,2.908729830368225,4.627585018009007,OCA2;DCT,LumA,Suppressed
GO_Biological_Process_2023,"Negative Regulation Of Complement Activation, Classical Pathway (GO:0045959)",2/7,0.2037360862697258,0.9999961806440713,0,0,2.908729830368225,4.627585018009007,CR1;SVEP1,LumA,Suppressed
GO_Biological_Process_2023,Negative Regulation Of Glucose Import (GO:0046325),2/7,0.2037360862697258,0.9999961806440713,0,0,2.908729830368225,4.627585018009007,PID1;LEP,LumA,Suppressed
GO_Biological_Process_2023,Negative Regulation Of Leukocyte Proliferation (GO:0070664),2/7,0.2037360862697258,0.9999961806440713,0,0,2.908729830368225,4.627585018009007,IL33;ENPP3,LumA,Suppressed
GO_Biological_Process_2023,Negative Regulation Of Monooxygenase Activity (GO:0032769),2/7,0.2037360862697258,0.9999961806440713,0,0,2.908729830368225,4.627585018009007,CAV3;SNCA,LumA,Suppressed
GO_Biological_Process_2023,Negative Regulation Of Nitric Oxide Biosynthetic Process (GO:0045019),2/7,0.2037360862697258,0.9999961806440713,0,0,2.908729830368225,4.627585018009007,PTGIS;CAV1,LumA,Suppressed
GO_Biological_Process_2023,Negative Regulation Of Nitric Oxide Metabolic Process (GO:1904406),2/7,0.2037360862697258,0.9999961806440713,0,0,2.908729830368225,4.627585018009007,PTGIS;CAV1,LumA,Suppressed
GO_Biological_Process_2023,Neuron Projection Arborization (GO:0140058),2/7,0.2037360862697258,0.9999961806440713,0,0,2.908729830368225,4.627585018009007,NLGN1;PTN,LumA,Suppressed
GO_Biological_Process_2023,Positive Regulation Of Extracellular Matrix Disassembly (GO:0090091),2/7,0.2037360862697258,0.9999961806440713,0,0,2.908729830368225,4.627585018009007,IL6;DDR2,LumA,Suppressed
GO_Biological_Process_2023,Positive Regulation Of Glial Cell Migration (GO:1903977),2/7,0.2037360862697258,0.9999961806440713,0,0,2.908729830368225,4.627585018009007,P2RY12;CX3CL1,LumA,Suppressed
GO_Biological_Process_2023,Positive Regulation Of Meiotic Nuclear Division (GO:0045836),2/7,0.2037360862697258,0.9999961806440713,0,0,2.908729830368225,4.627585018009007,NPM2;OOEP,LumA,Suppressed
GO_Biological_Process_2023,Positive Regulation Of Myeloid Cell Apoptotic Process (GO:0033034),2/7,0.2037360862697258,0.9999961806440713,0,0,2.908729830368225,4.627585018009007,HCAR2;ANXA1,LumA,Suppressed
GO_Biological_Process_2023,Positive Regulation Of Ryanodine-Sensitive Calcium-Release Channel Activity (GO:0060316),2/7,0.2037360862697258,0.9999961806440713,0,0,2.908729830368225,4.627585018009007,JPH2;TRDN,LumA,Suppressed
GO_Biological_Process_2023,Positive Regulation Of Vascular Associated Smooth Muscle Cell Migration (GO:1904754),2/7,0.2037360862697258,0.9999961806440713,0,0,2.908729830368225,4.627585018009007,NR4A3;FGF9,LumA,Suppressed
GO_Biological_Process_2023,Positive Regulation Of Vascular Endothelial Growth Factor Signaling Pathway (GO:1900748),2/7,0.2037360862697258,0.9999961806440713,0,0,2.908729830368225,4.627585018009007,CCBE1;TNXB,LumA,Suppressed
GO_Biological_Process_2023,Regulation Of Cardiac Muscle Cell Action Potential Involved In Regulation Of Contraction (GO:0098909),2/7,0.2037360862697258,0.9999961806440713,0,0,2.908729830368225,4.627585018009007,CAV3;CAV1,LumA,Suppressed
GO_Biological_Process_2023,Regulation Of Chaperone-Mediated Autophagy (GO:1904714),2/7,0.2037360862697258,0.9999961806440713,0,0,2.908729830368225,4.627585018009007,GFAP;SNCA,LumA,Suppressed
GO_Biological_Process_2023,Regulation Of Dopamine Uptake Involved In Synaptic Transmission (GO:0051584),2/7,0.2037360862697258,0.9999961806440713,0,0,2.908729830368225,4.627585018009007,DRD2;SNCA,LumA,Suppressed
GO_Biological_Process_2023,Regulation Of Meiotic Nuclear Division (GO:0040020),2/7,0.2037360862697258,0.9999961806440713,0,0,2.908729830368225,4.627585018009007,NPM2;OOEP,LumA,Suppressed
GO_Biological_Process_2023,Regulation Of Protein Localization To Cell Cortex (GO:1904776),2/7,0.2037360862697258,0.9999961806440713,0,0,2.908729830368225,4.627585018009007,EPB41L2;GNAI1,LumA,Suppressed
GO_Biological_Process_2023,"Regulation Of Wound Healing, Spreading Of Epidermal Cells (GO:1903689)",2/7,0.2037360862697258,0.9999961806440713,0,0,2.908729830368225,4.627585018009007,FERMT1;FERMT2,LumA,Suppressed
GO_Biological_Process_2023,Release Of Sequestered Calcium Ion Into Cytosol By Endoplasmic Reticulum (GO:1903514),2/7,0.2037360862697258,0.9999961806440713,0,0,2.908729830368225,4.627585018009007,RYR3;TRDN,LumA,Suppressed
GO_Biological_Process_2023,Response To Auditory Stimulus (GO:0010996),2/7,0.2037360862697258,0.9999961806440713,0,0,2.908729830368225,4.627585018009007,ATP1A2;PTN,LumA,Suppressed
GO_Biological_Process_2023,Response To Hydroperoxide (GO:0033194),2/7,0.2037360862697258,0.9999961806440713,0,0,2.908729830368225,4.627585018009007,GPX3;PSG1,LumA,Suppressed
GO_Biological_Process_2023,Sodium-Dependent Phosphate Transport (GO:0044341),2/7,0.2037360862697258,0.9999961806440713,0,0,2.908729830368225,4.627585018009007,SLC34A2;SLC17A7,LumA,Suppressed
GO_Biological_Process_2023,Taurine Metabolic Process (GO:0019530),2/7,0.2037360862697258,0.9999961806440713,0,0,2.908729830368225,4.627585018009007,GHR;CDO1,LumA,Suppressed
GO_Biological_Process_2023,Venous Blood Vessel Development (GO:0060841),2/7,0.2037360862697258,0.9999961806440713,0,0,2.908729830368225,4.627585018009007,CCBE1;PROX1,LumA,Suppressed
GO_Biological_Process_2023,Regulation Of Heart Contraction (GO:0008016),11/69,0.2076032985665123,0.9999961806440713,0,0,1.3801194294879138,2.169721967731365,ACE2;DES;CAV3;KCNIP2;CELF2;KCNE5;HSPB7;FXYD1;ANK2;ATP1A2;NOS1,LumA,Suppressed
GO_Biological_Process_2023,Intracellular Monoatomic Cation Homeostasis (GO:0030003),27/190,0.2125347337586635,0.9999961806440713,0,0,1.206183187311488,1.867955413299839,CCL14;CCL13;ALAS2;CHRNA7;ATP1A2;HTR2A;PTH1R;FTMT;ELANE;KCNJ2;PRNP;EDN1;CCL23;SCARA5;EDN3;CAV1;ANK2;SLC39A12;BMP6;TRDN;ATP4A;FXYD2;CASQ2;RGN;ATP13A4;ATP13A5;CLDN16,LumA,Suppressed
GO_Biological_Process_2023,Regulation Of MAP Kinase Activity (GO:0043405),17/114,0.213115238812207,0.9999961806440713,0,0,1.275689502733976,1.972116763772687,TENM1;EDN1;CAV3;EDN3;IL34;ADIPOQ;FGF1;FGF2;EGFR;GHR;RGS2;BMP2;KIT;S100A12;SPRY2;PPARG;ELANE,LumA,Suppressed
GO_Biological_Process_2023,Cellular Response To Fibroblast Growth Factor Stimulus (GO:0044344),9/55,0.2154207456041242,0.9999961806440713,0,0,1.42355222803536,2.1853835800291552,FGF17;KL;FGF7;ZFP36;SFRP1;FGF9;HYAL1;FGF1;FGF2,LumA,Suppressed
GO_Biological_Process_2023,Activation Of Adenylate Cyclase Activity (GO:0007190),4/20,0.2167096415878407,0.9999961806440713,0,0,1.81832298136646,2.7805738274621605,LHCGR;ADRB3;AVPR2;ADRB2,LumA,Suppressed
GO_Biological_Process_2023,Ameboidal-Type Cell Migration (GO:0001667),4/20,0.2167096415878407,0.9999961806440713,0,0,1.81832298136646,2.7805738274621605,GPC3;FAT2;CER1;TNS1,LumA,Suppressed
GO_Biological_Process_2023,Cellular Response To Estradiol Stimulus (GO:0071392),4/20,0.2167096415878407,0.9999961806440713,0,0,1.81832298136646,2.7805738274621605,CRHBP;SFRP1;SSTR1;EGFR,LumA,Suppressed
GO_Biological_Process_2023,Long-Term Memory (GO:0007616),4/20,0.2167096415878407,0.9999961806440713,0,0,1.81832298136646,2.7805738274621605,NPAS4;NTF4;PRNP;SLC2A4,LumA,Suppressed
GO_Biological_Process_2023,Positive Regulation Of Protein Processing (GO:0010954),4/20,0.2167096415878407,0.9999961806440713,0,0,1.81832298136646,2.7805738274621605,CCBE1;CLEC3B;GSN;ANGPTL8,LumA,Suppressed
GO_Biological_Process_2023,Positive Regulation Of Vascular Associated Smooth Muscle Cell Proliferation (GO:1904707),4/20,0.2167096415878407,0.9999961806440713,0,0,1.81832298136646,2.7805738274621605,NR4A3;FGF9;IGF1;FGF2,LumA,Suppressed
GO_Biological_Process_2023,Cardiac Muscle Cell Differentiation (GO:0055007),5/27,0.221937007811224,0.9999961806440713,0,0,1.6531407697522031,2.4885747763035533,MYOCD;BMP2;MYH11;NRG1;ALPK3,LumA,Suppressed
GO_Biological_Process_2023,Peptide Cross-Linking (GO:0018149),5/27,0.221937007811224,0.9999961806440713,0,0,1.6531407697522031,2.4885747763035533,ANXA1;EPB42;TGM7;PI3;TGM5,LumA,Suppressed
GO_Biological_Process_2023,Positive Regulation Of Filopodium Assembly (GO:0051491),5/27,0.221937007811224,0.9999961806440713,0,0,1.6531407697522031,2.4885747763035533,TENM1;DOCK11;NLGN1;TENM2;CCL21,LumA,Suppressed
GO_Biological_Process_2023,Positive Regulation Of Nitric Oxide Biosynthetic Process (GO:0045429),5/27,0.221937007811224,0.9999961806440713,0,0,1.6531407697522031,2.4885747763035533,EDN1;HBB;CD36;PTGS2;KLF4,LumA,Suppressed
GO_Biological_Process_2023,Regulation Of Catecholamine Secretion (GO:0050433),5/27,0.221937007811224,0.9999961806440713,0,0,1.6531407697522031,2.4885747763035533,KCNB1;KCNA2;FFAR3;SYT8;SNCA,LumA,Suppressed
GO_Biological_Process_2023,Respiratory Tube Development (GO:0030323),5/27,0.221937007811224,0.9999961806440713,0,0,1.6531407697522031,2.4885747763035533,CEBPA;FGF7;FGF9;TCF21;PROX1,LumA,Suppressed
GO_Biological_Process_2023,Cellular Response To Amyloid-Beta (GO:1904646),6/34,0.2227998243356461,0.9999961806440713,0,0,1.5587887040435735,2.340492494074078,NGFR;PRNP;CACNA2D1;ADRB2;CD36;IGF1,LumA,Suppressed
GO_Biological_Process_2023,Cellular Response To Hydrogen Peroxide (GO:0070301),6/34,0.2227998243356461,0.9999961806440713,0,0,1.5587887040435735,2.340492494074078,EDN1;IL6;ANXA1;CAT;SLC6A2;AQP1,LumA,Suppressed
GO_Biological_Process_2023,Glial Cell Differentiation (GO:0010001),6/34,0.2227998243356461,0.9999961806440713,0,0,1.5587887040435735,2.340492494074078,EGR2;RELN;PTPRZ1;NFIB;SOX8;SOX10,LumA,Suppressed
GO_Biological_Process_2023,Regulation Of calcineurin-NFAT Signaling Cascade (GO:0070884),6/34,0.2227998243356461,0.9999961806440713,0,0,1.5587887040435735,2.340492494074078,PRNP;RCAN1;C10ORF71;AKAP6;IGF1;MYOZ2,LumA,Suppressed
GO_Biological_Process_2023,Response To Interleukin-1 (GO:0070555),13/85,0.2238720290734406,0.9999961806440713,0,0,1.3139431513808073,1.9665533413253056,CCL14;CCL13;CCL24;CCL23;ANXA1;PTGIS;CCL21;CX3CL1;SFRP1;HYAL1;CCL18;CCL16;SNCA,LumA,Suppressed
GO_Biological_Process_2023,Calcium Ion-Regulated Exocytosis Of Neurotransmitter (GO:0048791),3/14,0.2351467875904873,0.9999961806440713,0,0,1.9833684527393136,2.871015744986814,UNC13C;RIMS3;SYT8,LumA,Suppressed
GO_Biological_Process_2023,Ceramide Transport (GO:0035627),3/14,0.2351467875904873,0.9999961806440713,0,0,1.9833684527393136,2.871015744986814,ABCB1;ABCA13;PLTP,LumA,Suppressed
GO_Biological_Process_2023,Detection Of Mechanical Stimulus Involved In Sensory Perception (GO:0050974),3/14,0.2351467875904873,0.9999961806440713,0,0,1.9833684527393136,2.871015744986814,KCNA1;KIT;TMC2,LumA,Suppressed
GO_Biological_Process_2023,Medium-Chain Fatty Acid Metabolic Process (GO:0051791),3/14,0.2351467875904873,0.9999961806440713,0,0,1.9833684527393136,2.871015744986814,OLAH;GLYATL2;CES1,LumA,Suppressed
GO_Biological_Process_2023,Membrane Repolarization During Cardiac Muscle Cell Action Potential (GO:0086013),3/14,0.2351467875904873,0.9999961806440713,0,0,1.9833684527393136,2.871015744986814,KCNE1;KCNIP2;KCNJ2,LumA,Suppressed
GO_Biological_Process_2023,Negative Regulation Of Androgen Receptor Signaling Pathway (GO:0060766),3/14,0.2351467875904873,0.9999961806440713,0,0,1.9833684527393136,2.871015744986814,SFRP1;TCF21;NODAL,LumA,Suppressed
GO_Biological_Process_2023,Negative Regulation Of Blood Pressure (GO:0045776),3/14,0.2351467875904873,0.9999961806440713,0,0,1.9833684527393136,2.871015744986814,FFAR3;NOS1;DRD2,LumA,Suppressed
GO_Biological_Process_2023,Negative Regulation Of Receptor Signaling Pathway Via STAT (GO:1904893),3/14,0.2351467875904873,0.9999961806440713,0,0,1.9833684527393136,2.871015744986814,SOCS3;CAV1;PPARG,LumA,Suppressed
GO_Biological_Process_2023,Pathway-Restricted SMAD Protein Phosphorylation (GO:0060389),3/14,0.2351467875904873,0.9999961806440713,0,0,1.9833684527393136,2.871015744986814,TGFBR3;BMP2;TGFBR2,LumA,Suppressed
GO_Biological_Process_2023,Positive Regulation Of Long-Term Synaptic Potentiation (GO:1900273),3/14,0.2351467875904873,0.9999961806440713,0,0,1.9833684527393136,2.871015744986814,RELN;CHRNA7;ADCY8,LumA,Suppressed
GO_Biological_Process_2023,Primary Alcohol Metabolic Process (GO:0034308),3/14,0.2351467875904873,0.9999961806440713,0,0,1.9833684527393136,2.871015744986814,TKTL1;CYP11A1;IGF1,LumA,Suppressed
GO_Biological_Process_2023,Regulation Of ATP Biosynthetic Process (GO:2001169),3/14,0.2351467875904873,0.9999961806440713,0,0,1.9833684527393136,2.871015744986814,PID1;PPARA;PPARGC1A,LumA,Suppressed
GO_Biological_Process_2023,Regulation Of Endothelial Cell Chemotaxis (GO:2001026),3/14,0.2351467875904873,0.9999961806440713,0,0,1.9833684527393136,2.871015744986814,NRG1;FGF2;MET,LumA,Suppressed
GO_Biological_Process_2023,Regulation Of Non-Canonical Wnt Signaling Pathway (GO:2000050),3/14,0.2351467875904873,0.9999961806440713,0,0,1.9833684527393136,2.871015744986814,SFRP1;GPC3;RSPO3,LumA,Suppressed
GO_Biological_Process_2023,Regulation Of Sequestering Of Triglyceride (GO:0010889),3/14,0.2351467875904873,0.9999961806440713,0,0,1.9833684527393136,2.871015744986814,CIDEA;PPARG;PPARA,LumA,Suppressed
GO_Biological_Process_2023,Response To Muscle Stretch (GO:0035994),3/14,0.2351467875904873,0.9999961806440713,0,0,1.9833684527393136,2.871015744986814,GSN;CAV3;DMD,LumA,Suppressed
GO_Biological_Process_2023,Smooth Muscle Contraction (GO:0006939),3/14,0.2351467875904873,0.9999961806440713,0,0,1.9833684527393136,2.871015744986814,MYH11;NMUR1;MYLK,LumA,Suppressed
GO_Biological_Process_2023,Striated Muscle Cell Development (GO:0055002),3/14,0.2351467875904873,0.9999961806440713,0,0,1.9833684527393136,2.871015744986814,TMOD1;LMOD1;PGM5,LumA,Suppressed
GO_Biological_Process_2023,Striated Muscle Tissue Development (GO:0014706),3/14,0.2351467875904873,0.9999961806440713,0,0,1.9833684527393136,2.871015744986814,PGM5;SGCZ;SGCG,LumA,Suppressed
GO_Biological_Process_2023,Lipid Biosynthetic Process (GO:0008610),11/71,0.2353915800404336,0.9999961806440713,0,0,1.3339631782945736,1.92958421183061,OLAH;MLXIPL;ACSS2;ACSM3;ACSL1;ACSM1;HSD3B1;ACSM2A;ACSM5;ACACB;ACSM2B,LumA,Suppressed
GO_Biological_Process_2023,Positive Regulation Of Cytoskeleton Organization (GO:0051495),12/79,0.2430980654354683,0.9999961806440713,0,0,1.3032138848755803,1.843122828647619,TENM1;CCL24;CSF3;EDN1;GSN;CCL21;CFL2;SYNPO2;LMOD1;PROX1;SYNPO;CX3CL1,LumA,Suppressed
GO_Biological_Process_2023,Liver Development (GO:0001889),6/35,0.2435332288604341,0.9999961806440713,0,0,1.504951626963145,2.125747005821645,TGFBR3;CEBPA;IL6;PROX1;PCK1;MET,LumA,Suppressed
GO_Biological_Process_2023,Regulation Of Sodium Ion Transport (GO:0002028),6/35,0.2435332288604341,0.9999961806440713,0,0,1.504951626963145,2.125747005821645,PER1;NOS1;SCN5A;DRD2;SCN3B;SCN4B,LumA,Suppressed
GO_Biological_Process_2023,Skeletal Muscle Organ Development (GO:0060538),6/35,0.2435332288604341,0.9999961806440713,0,0,1.504951626963145,2.125747005821645,DES;MYMX;CAV1;TCF21;DMD;MYOZ2,LumA,Suppressed
GO_Biological_Process_2023,Skin Epidermis Development (GO:0098773),4/21,0.2439794280013834,0.9999961806440713,0,0,1.7112653757155036,2.414033069791905,KRT16;MET;TP63;HRNR,LumA,Suppressed
GO_Biological_Process_2023,Negative Regulation Of Wound Healing (GO:0061045),5/28,0.2453674782016318,0.9999961806440713,0,0,1.5811750297179497,2.221548198956316,EDN1;MMRN1;CLDN19;TFPI;FGF2,LumA,Suppressed
GO_Biological_Process_2023,Positive Regulation Of Nitric Oxide Metabolic Process (GO:1904407),5/28,0.2453674782016318,0.9999961806440713,0,0,1.5811750297179497,2.221548198956316,EDN1;HBB;CD36;PTGS2;KLF4,LumA,Suppressed
GO_Biological_Process_2023,Regulation Of Nitric-Oxide Synthase Activity (GO:0050999),5/28,0.2453674782016318,0.9999961806440713,0,0,1.5811750297179497,2.221548198956316,FCER2;CAV3;LEP;NPR3;EGFR,LumA,Suppressed
GO_Biological_Process_2023,Monoatomic Anion Transport (GO:0006820),9/57,0.2473676740721739,0.9999961806440713,0,0,1.3640819502074688,1.90545809914666,CLIC5;CLCN4;TTYH1;FXYD1;SLC26A7;SLC4A1;SLC17A7;NMUR1;SLC26A3,LumA,Suppressed
GO_Biological_Process_2023,Second-Messenger-Mediated Signaling (GO:0019932),11/72,0.2497898476851879,0.9999961806440713,0,0,1.3120200424813464,1.8199493465765173,CNKSR2;P2RY12;CHRM3;RCAN1;EDN1;EDNRB;EDN3;NMUR1;CD36;NOS1;NCALD,LumA,Suppressed
GO_Biological_Process_2023,N-acylphosphatidylethanolamine Metabolic Process (GO:0070292),2/8,0.2509911828365019,0.9999961806440713,0,0,2.423803613294718,3.3505145512066523,PLA2G4E;PLAAT5,LumA,Suppressed
GO_Biological_Process_2023,Schwann Cell Development (GO:0014044),2/8,0.2509911828365019,0.9999961806440713,0,0,2.423803613294718,3.3505145512066523,MYOC;LGI4,LumA,Suppressed
GO_Biological_Process_2023,T-helper 17 Cell Differentiation (GO:0072539),2/8,0.2509911828365019,0.9999961806440713,0,0,2.423803613294718,3.3505145512066523,SOCS3;IL6,LumA,Suppressed
GO_Biological_Process_2023,Alcohol Catabolic Process (GO:0046164),2/8,0.2509911828365019,0.9999961806440713,0,0,2.423803613294718,3.3505145512066523,AKR1D1;CYP7A1,LumA,Suppressed
GO_Biological_Process_2023,Angiotensin Maturation (GO:0002003),2/8,0.2509911828365019,0.9999961806440713,0,0,2.423803613294718,3.3505145512066523,ACE2;CMA1,LumA,Suppressed
GO_Biological_Process_2023,Cellular Response To Platelet-Derived Growth Factor Stimulus (GO:0036120),2/8,0.2509911828365019,0.9999961806440713,0,0,2.423803613294718,3.3505145512066523,HYAL1;HAS1,LumA,Suppressed
GO_Biological_Process_2023,Commissural Neuron Axon Guidance (GO:0071679),2/8,0.2509911828365019,0.9999961806440713,0,0,2.423803613294718,3.3505145512066523,NFIB;NCAM1,LumA,Suppressed
GO_Biological_Process_2023,Cyclooxygenase Pathway (GO:0019371),2/8,0.2509911828365019,0.9999961806440713,0,0,2.423803613294718,3.3505145512066523,PTGIS;PTGS2,LumA,Suppressed
GO_Biological_Process_2023,Detection Of Mechanical Stimulus Involved In Sensory Perception Of Sound (GO:0050910),2/8,0.2509911828365019,0.9999961806440713,0,0,2.423803613294718,3.3505145512066523,KIT;TMC2,LumA,Suppressed
GO_Biological_Process_2023,Embryonic Digestive Tract Morphogenesis (GO:0048557),2/8,0.2509911828365019,0.9999961806440713,0,0,2.423803613294718,3.3505145512066523,RBPMS2;TCF21,LumA,Suppressed
GO_Biological_Process_2023,Fat-Soluble Vitamin Catabolic Process (GO:0042363),2/8,0.2509911828365019,0.9999961806440713,0,0,2.423803613294718,3.3505145512066523,CYP26B1;CYP3A4,LumA,Suppressed
GO_Biological_Process_2023,Glycerol Transmembrane Transport (GO:0015793),2/8,0.2509911828365019,0.9999961806440713,0,0,2.423803613294718,3.3505145512066523,AQP7;AQP7P3,LumA,Suppressed
GO_Biological_Process_2023,Hyaluronan Catabolic Process (GO:0030214),2/8,0.2509911828365019,0.9999961806440713,0,0,2.423803613294718,3.3505145512066523,HYAL1;FGF2,LumA,Suppressed
GO_Biological_Process_2023,Integrin Activation (GO:0033622),2/8,0.2509911828365019,0.9999961806440713,0,0,2.423803613294718,3.3505145512066523,CX3CL1;FERMT2,LumA,Suppressed
GO_Biological_Process_2023,Leptin-Mediated Signaling Pathway (GO:0033210),2/8,0.2509911828365019,0.9999961806440713,0,0,2.423803613294718,3.3505145512066523,LEP;LEPR,LumA,Suppressed
GO_Biological_Process_2023,Negative Regulation Of Lipase Activity (GO:0060192),2/8,0.2509911828365019,0.9999961806440713,0,0,2.423803613294718,3.3505145512066523,RGS2;ANGPTL4,LumA,Suppressed
GO_Biological_Process_2023,Negative Regulation Of Long-Term Synaptic Potentiation (GO:1900272),2/8,0.2509911828365019,0.9999961806440713,0,0,2.423803613294718,3.3505145512066523,FAM107A;PTN,LumA,Suppressed
GO_Biological_Process_2023,Negative Regulation Of Systemic Arterial Blood Pressure (GO:0003085),2/8,0.2509911828365019,0.9999961806440713,0,0,2.423803613294718,3.3505145512066523,ADRB3;ADRB2,LumA,Suppressed
GO_Biological_Process_2023,Negative Regulation Of Triglyceride Metabolic Process (GO:0090209),2/8,0.2509911828365019,0.9999961806440713,0,0,2.423803613294718,3.3505145512066523,CIDEC;GPLD1,LumA,Suppressed
GO_Biological_Process_2023,Neuronal Ion Channel Clustering (GO:0045161),2/8,0.2509911828365019,0.9999961806440713,0,0,2.423803613294718,3.3505145512066523,MYOC;KCNIP2,LumA,Suppressed
GO_Biological_Process_2023,Neurotransmitter Reuptake (GO:0098810),2/8,0.2509911828365019,0.9999961806440713,0,0,2.423803613294718,3.3505145512066523,SLC22A3;SLC29A4,LumA,Suppressed
GO_Biological_Process_2023,p38MAPK Cascade (GO:0038066),2/8,0.2509911828365019,0.9999961806440713,0,0,2.423803613294718,3.3505145512066523,ZFP36;MAP2K6,LumA,Suppressed
GO_Biological_Process_2023,Peripheral Nervous System Axon Ensheathment (GO:0032292),2/8,0.2509911828365019,0.9999961806440713,0,0,2.423803613294718,3.3505145512066523,MYOC;LGI4,LumA,Suppressed
GO_Biological_Process_2023,Positive Regulation Of Blood Vessel Endothelial Cell Proliferation Involved In Sprouting Angiogenesis (GO:1903589),2/8,0.2509911828365019,0.9999961806440713,0,0,2.423803613294718,3.3505145512066523,PPP1R16B;FGFBP1,LumA,Suppressed
GO_Biological_Process_2023,Positive Regulation Of Fatty Acid Beta-Oxidation (GO:0032000),2/8,0.2509911828365019,0.9999961806440713,0,0,2.423803613294718,3.3505145512066523,ABCD2;PPARA,LumA,Suppressed
GO_Biological_Process_2023,Positive Regulation Of Megakaryocyte Differentiation (GO:0045654),2/8,0.2509911828365019,0.9999961806440713,0,0,2.423803613294718,3.3505145512066523,TESC;MTURN,LumA,Suppressed
GO_Biological_Process_2023,Pyrimidine-Containing Compound Metabolic Process (GO:0072527),2/8,0.2509911828365019,0.9999961806440713,0,0,2.423803613294718,3.3505145512066523,SLC19A3;ENPP3,LumA,Suppressed
GO_Biological_Process_2023,Regulation Of Angiotensin Levels In Blood (GO:0002002),2/8,0.2509911828365019,0.9999961806440713,0,0,2.423803613294718,3.3505145512066523,ACE2;CMA1,LumA,Suppressed
GO_Biological_Process_2023,"Regulation Of Complement Activation, Classical Pathway (GO:0030450)",2/8,0.2509911828365019,0.9999961806440713,0,0,2.423803613294718,3.3505145512066523,CR1;SVEP1,LumA,Suppressed
GO_Biological_Process_2023,Regulation Of Defense Response To Bacterium (GO:1900424),2/8,0.2509911828365019,0.9999961806440713,0,0,2.423803613294718,3.3505145512066523,NLRP10;EMILIN2,LumA,Suppressed
GO_Biological_Process_2023,Regulation Of Dendritic Spine Maintenance (GO:1902950),2/8,0.2509911828365019,0.9999961806440713,0,0,2.423803613294718,3.3505145512066523,PRNP;GRIN2B,LumA,Suppressed
GO_Biological_Process_2023,Regulation Of Endothelial Cell Differentiation (GO:0045601),2/8,0.2509911828365019,0.9999961806440713,0,0,2.423803613294718,3.3505145512066523,TMEM100;ATOH8,LumA,Suppressed
GO_Biological_Process_2023,Regulation Of Fibroblast Apoptotic Process (GO:2000269),2/8,0.2509911828365019,0.9999961806440713,0,0,2.423803613294718,3.3505145512066523,SFRP1;TP63,LumA,Suppressed
GO_Biological_Process_2023,Regulation Of Gap Junction Assembly (GO:1903596),2/8,0.2509911828365019,0.9999961806440713,0,0,2.423803613294718,3.3505145512066523,ACE2;CAV1,LumA,Suppressed
GO_Biological_Process_2023,Serotonin Uptake (GO:0051610),2/8,0.2509911828365019,0.9999961806440713,0,0,2.423803613294718,3.3505145512066523,SLC22A3;SLC29A4,LumA,Suppressed
GO_Biological_Process_2023,Skeletal Myofibril Assembly (GO:0014866),2/8,0.2509911828365019,0.9999961806440713,0,0,2.423803613294718,3.3505145512066523,MYH11;PROX1,LumA,Suppressed
GO_Biological_Process_2023,Somite Development (GO:0061053),2/8,0.2509911828365019,0.9999961806440713,0,0,2.423803613294718,3.3505145512066523,PTCH1;MEOX1,LumA,Suppressed
GO_Biological_Process_2023,Type B Pancreatic Cell Differentiation (GO:0003309),2/8,0.2509911828365019,0.9999961806440713,0,0,2.423803613294718,3.3505145512066523,BMP6;BMP5,LumA,Suppressed
GO_Biological_Process_2023,Monoatomic Cation Transmembrane Transport (GO:0098655),38/281,0.2544960009323608,0.9999961806440713,0,0,1.1387199416505498,1.5583042568101368,KCNE1;LRRC38;KCNA1;KCNA2;KCNA4;SLC1A3;ATP1A2;KCNA6;SLC6A2;RYR3;TRPM1;SCN9A;CNGA1;SCN5A;SCN3B;TRPM6;TRPM3;KCNJ2;KCNH5;SLC36A2;SCARA5;KCNB1;SLC6A15;KCNB2;KCNH8;SLC6A14;ABCC9;GRIN2B;ATP4A;KCNS1;FXYD2;KCNQ4;SLC29A4;SCN4A;SCN2A;SCN4B;SCN2B;CNGB1,LumA,Suppressed
GO_Biological_Process_2023,Positive Regulation Of Cell-Matrix Adhesion (GO:0001954),7/43,0.2592929392638636,0.9999961806440713,0,0,1.414397917818316,1.9091498071557755,SFRP1;CCL21;MYOC;NRG1;CD36;CX3CL1;FERMT2,LumA,Suppressed
GO_Biological_Process_2023,Response To Amyloid-Beta (GO:1904645),7/43,0.2592929392638636,0.9999961806440713,0,0,1.414397917818316,1.9091498071557755,NGFR;PRNP;CHRNA7;CACNA2D1;ADRB2;CD36;IGF1,LumA,Suppressed
GO_Biological_Process_2023,Inorganic Cation Import Across Plasma Membrane (GO:0098659),15/103,0.260418140819778,0.9999961806440713,0,0,1.2403333459385872,1.6688272211378654,CACNA2D1;KCNJ16;ABCC9;ATP1A2;SLC39A12;TRPM1;ATP4A;SCN11A;FXYD2;SCN9A;SCN4A;SCN5A;SCN2A;SCN3A;KCNJ2,LumA,Suppressed
GO_Biological_Process_2023,Regulation Of Bone Mineralization (GO:0030500),9/58,0.2639107594973729,0.9999961806440713,0,0,1.3361673300025405,1.779967645995123,KL;BMP2;PKDCC;S1PR1;FZD9;PTN;GPM6B;BMP6;DDR2,LumA,Suppressed
GO_Biological_Process_2023,Neural Crest Cell Migration (GO:0001755),6/36,0.264798686617138,0.9999961806440713,0,0,1.454703688354745,1.932989043994868,SEMA3D;SEMA3A;SEMA3G;SOX8;SOX10;FOLR1,LumA,Suppressed
GO_Biological_Process_2023,Positive Regulation Of Phospholipase C Activity (GO:0010863),6/36,0.264798686617138,0.9999961806440713,0,0,1.454703688354745,1.932989043994868,P2RY12;KIT;NMUR1;HTR2A;FGF2;EGFR,LumA,Suppressed
GO_Biological_Process_2023,Central Nervous System Development (GO:0007417),38/283,0.2692922978018557,0.9999961806440713,0,0,1.1292939855488604,1.481586143610672,VIT;CCL14;SH3GL3;PPP1R17;SHC3;PCDH18;KLK6;AFF2;UGT8;SNTG2;RELN;PTPRZ1;DNER;NNAT;NOTO;SOX8;APOD;SOX6;SPTBN1;EGR2;GSN;CNTN6;PTCH1;ZBTB16;SPINK5;POU6F2;SCTR;PROX1;S100B;SOX10;GRIN2B;ECRG4;MEIS2;POU3F3;TGFBR2;NFIB;B3GNT5;ADGRL3,LumA,Suppressed
GO_Biological_Process_2023,Chondrocyte Differentiation (GO:0002062),5/29,0.2693990022761713,0.9999961806440713,0,0,1.5152064346865506,1.987286755384264,WNT10B;BMP2;NFIB;SOX6;GPLD1,LumA,Suppressed
GO_Biological_Process_2023,Positive Regulation Of Neural Precursor Cell Proliferation (GO:2000179),5/29,0.2693990022761713,0.9999961806440713,0,0,1.5152064346865506,1.987286755384264,DCT;FZD9;PROX1;DRD2;CX3CL1,LumA,Suppressed
GO_Biological_Process_2023,Regulation Of Blood Coagulation (GO:0030193),5/29,0.2693990022761713,0.9999961806440713,0,0,1.5152064346865506,1.987286755384264,EDN1;CAV1;EMILIN2;NRG1;TFPI,LumA,Suppressed
GO_Biological_Process_2023,Response To Steroid Hormone (GO:0048545),5/29,0.2693990022761713,0.9999961806440713,0,0,1.5152064346865506,1.987286755384264,CAV1;ATP1A2;CSN1S1;MGARP;TFPI,LumA,Suppressed
GO_Biological_Process_2023,Adenylate Cyclase-Activating Adrenergic Receptor Signaling Pathway (GO:0071880),3/15,0.269434016916422,0.9999961806440713,0,0,1.8179842715231789,2.384162301583807,ADRB3;ADRB2;DRD2,LumA,Suppressed
GO_Biological_Process_2023,Cellular Response To Corticosteroid Stimulus (GO:0071384),3/15,0.269434016916422,0.9999961806440713,0,0,1.8179842715231789,2.384162301583807,ZFP36;ANXA1;FAM107A,LumA,Suppressed
GO_Biological_Process_2023,Cellular Response To Estrogen Stimulus (GO:0071391),3/15,0.269434016916422,0.9999961806440713,0,0,1.8179842715231789,2.384162301583807,CRHBP;SFRP1;ESR2,LumA,Suppressed
GO_Biological_Process_2023,Cellular Response To Sterol (GO:0036315),3/15,0.269434016916422,0.9999961806440713,0,0,1.8179842715231789,2.384162301583807,PTCH1;CYP7A1;GPLD1,LumA,Suppressed
GO_Biological_Process_2023,Digestive Tract Morphogenesis (GO:0048546),3/15,0.269434016916422,0.9999961806440713,0,0,1.8179842715231789,2.384162301583807,SOX17;RBPMS2;TCF21,LumA,Suppressed
GO_Biological_Process_2023,Negative Regulation Of Cation Transmembrane Transport (GO:1904063),3/15,0.269434016916422,0.9999961806440713,0,0,1.8179842715231789,2.384162301583807,CAV3;CAV1;KCNE5,LumA,Suppressed
GO_Biological_Process_2023,Positive Regulation Of Muscle Cell Differentiation (GO:0051149),3/15,0.269434016916422,0.9999961806440713,0,0,1.8179842715231789,2.384162301583807,MYOCD;LAMA1;NRG1,LumA,Suppressed
GO_Biological_Process_2023,Positive Regulation Of Secretion (GO:0051047),3/15,0.269434016916422,0.9999961806440713,0,0,1.8179842715231789,2.384162301583807,NPR1;GPLD1;AQP1,LumA,Suppressed
GO_Biological_Process_2023,Positive Regulation Of Sprouting Angiogenesis (GO:1903672),3/15,0.269434016916422,0.9999961806440713,0,0,1.8179842715231789,2.384162301583807,FGF1;KLF4;FGF2,LumA,Suppressed
GO_Biological_Process_2023,Regulation Of Systemic Arterial Blood Pressure (GO:0003073),3/15,0.269434016916422,0.9999961806440713,0,0,1.8179842715231789,2.384162301583807,ADM;SPX;DRD2,LumA,Suppressed
GO_Biological_Process_2023,Vasodilation (GO:0042311),3/15,0.269434016916422,0.9999961806440713,0,0,1.8179842715231789,2.384162301583807,ADRB3;ADRB2;NOS1,LumA,Suppressed
GO_Biological_Process_2023,Cellular Response To Lipid (GO:0071396),31/228,0.2698305004341301,0.9999961806440713,0,0,1.145541582702004,1.500615133191063,CXCL6;PID1;CXCL1;ATP1A2;ADCY8;CXCL3;TFPI;CXCL2;EGFR;GNAI1;CXCL5;AQP1;CRHBP;WNT6;ZFP36;PDK4;FFAR3;PF4V1;WNT10B;FZD4;TESC;AKR1C3;NR1H4;GPBAR1;PPBP;SSTR1;SFRP1;IL6;MGARP;GPLD1;PF4,LumA,Suppressed
GO_Biological_Process_2023,Cellular Response To Interleukin-1 (GO:0071347),12/81,0.2710183442419679,0.9999961806440713,0,0,1.2652950633117177,1.651929718816238,CCL14;CCL13;CCL24;EGR1;SFRP1;CCL23;PTGIS;CCL21;HYAL1;CCL18;CX3CL1;CCL16,LumA,Suppressed
GO_Biological_Process_2023,Receptor Internalization (GO:0031623),8/51,0.2713146819497276,0.9999961806440713,0,0,1.3533321115430248,1.765389183416882,CCL14;DMBT1;CAV3;CAV1;CXCR2;ADM;CD36;SNCA,LumA,Suppressed
GO_Biological_Process_2023,Regulation Of Release Of Sequestered Calcium Ion Into Cytosol (GO:0051279),8/51,0.2713146819497276,0.9999961806440713,0,0,1.3533321115430248,1.765389183416882,JPH2;CASQ2;ANK2;DMD;NOS1;CX3CL1;TRDN;SNCA,LumA,Suppressed
GO_Biological_Process_2023,Negative Regulation Of Cell Development (GO:0010721),4/22,0.2719485117640963,0.9999961806440713,0,0,1.6161030595813204,2.10439651961636,IL6;CAV3;IGF1;IL17D,LumA,Suppressed
GO_Biological_Process_2023,Regulation Of ERK1 And ERK2 Cascade (GO:0070372),33/244,0.2722297861514239,0.9999961806440713,0,0,1.1385729551928112,1.4814072542157146,CCL14;CCL13;CHRNA7;HTR2A;FGF1;FGF2;CX3CL1;EGFR;BMPER;FFAR4;ALKAL2;CD36;CCL18;EPHB1;CCL16;CCL24;NTRK2;CCL23;CCL21;ANGPT1;LMO3;ADIPOQ;PLA2G2A;NRG1;IGF1;MTURN;TGFBR3;MARCO;BMP2;SPRY2;FERMT2;NODAL;DDR2,LumA,Suppressed
GO_Biological_Process_2023,Sodium Ion Transport (GO:0006814),13/89,0.2765748809446187,0.9999961806440713,0,0,1.2445038718991994,1.5995280681294055,SLC6A15;SLC6A14;ATP1A2;SLC6A2;SCN11A;SCN9A;SCN4A;SCN5A;SCN3B;SCN2A;SCN4B;SCN3A;SCN2B,LumA,Suppressed
GO_Biological_Process_2023,Extracellular Matrix Disassembly (GO:0022617),7/44,0.278887703614176,0.9999961806440713,0,0,1.3760925104208686,1.7571959289049717,ADAMTS5;GSN;MMP7;CMA1;KLK5;KLK7;ELANE,LumA,Suppressed
GO_Biological_Process_2023,Positive Regulation Of Biosynthetic Process (GO:0009891),7/44,0.278887703614176,0.9999961806440713,0,0,1.3760925104208686,1.7571959289049717,MLXIPL;HSD17B13;CD36;SORBS1;PCK1;PPARA;LARP6,LumA,Suppressed
GO_Biological_Process_2023,Positive Regulation Of Chemotaxis (GO:0050921),7/44,0.278887703614176,0.9999961806440713,0,0,1.3760925104208686,1.7571959289049717,P2RY12;IL6;CCL21;EDN3;PTN;FGF2;MET,LumA,Suppressed
GO_Biological_Process_2023,Positive Regulation Of Osteoblast Differentiation (GO:0045669),7/44,0.278887703614176,0.9999961806440713,0,0,1.3760925104208686,1.7571959289049717,IL6;FFAR4;IGF1;TP63;BMP6;FERMT2;DDR2,LumA,Suppressed
GO_Biological_Process_2023,Cellular Response To Organonitrogen Compound (GO:0071417),15/105,0.2854879204338982,0.9999961806440713,0,0,1.2126317249029397,1.520101242191271,P2RY12;EGR1;KCNE1;SPAAR;PDE2A;NR1H4;DEFB124;AKAP6;RYR3;AQP1;CRHBP;SFRP1;RRAGD;SLC26A3;FOLR1,LumA,Suppressed
GO_Biological_Process_2023,Regulation Of Protein Kinase B Signaling (GO:0051896),19/136,0.286289547816854,0.9999961806440713,0,0,1.1816809116809115,1.4779892618394423,P2RY12;NTRK2;CSF3;MYOC;ANGPT1;CCL21;F10;AKR1C3;AKR1C2;IGF1;FGF2;CX3CL1;EGFR;LEP;GFRAL;SPRY2;DRD2;PPARA;FERMT2,LumA,Suppressed
GO_Biological_Process_2023,Positive Regulation Of Signaling (GO:0023056),6/37,0.2865091889744794,0.9999961806440713,0,0,1.4076975522372095,1.7596003604793096,EDN1;NMB;TNXB;RIMS3;EDN3;SNCA,LumA,Suppressed
GO_Biological_Process_2023,Regulation Of Ossification (GO:0030278),6/37,0.2865091889744794,0.9999961806440713,0,0,1.4076975522372095,1.7596003604793096,BMP2;SFRP1;ZBTB16;S1PR1;PTN;DDR2,LumA,Suppressed
GO_Biological_Process_2023,Arachidonic Acid Metabolic Process (GO:0019369),8/52,0.2895728440399746,0.9999961806440713,0,0,1.3224991516157008,1.6390371988906132,PTGIS;CYP1A2;AKR1C3;CYP1A1;PLA2G4A;PTGS2;CYP2C18;MGLL,LumA,Suppressed
GO_Biological_Process_2023,Positive Regulation Of Cell Communication (GO:0010647),5/30,0.293905983924985,0.9999961806440713,0,0,1.4545153272576636,1.781047247971433,EDN1;NMB;TNXB;RIMS3;EDN3,LumA,Suppressed
GO_Biological_Process_2023,Regulation Of Vasculature Development (GO:1901342),5/30,0.293905983924985,0.9999961806440713,0,0,1.4545153272576636,1.781047247971433,IL6;SFRP1;BMPER;LEP;FGF2,LumA,Suppressed
GO_Biological_Process_2023,SNARE Complex Assembly (GO:0035493),2/9,0.2984677953937528,0.9999961806440713,0,0,2.0774277439564988,2.5118038420097464,STXBP6;SNCA,LumA,Suppressed
GO_Biological_Process_2023,Actin-Mediated Cell Contraction (GO:0070252),2/9,0.2984677953937528,0.9999961806440713,0,0,2.0774277439564988,2.5118038420097464,GSN;EPDR1,LumA,Suppressed
GO_Biological_Process_2023,Arachidonate Transport (GO:1903963),2/9,0.2984677953937528,0.9999961806440713,0,0,2.0774277439564988,2.5118038420097464,ANXA1;DRD2,LumA,Suppressed
GO_Biological_Process_2023,Arachidonic Acid Secretion (GO:0050482),2/9,0.2984677953937528,0.9999961806440713,0,0,2.0774277439564988,2.5118038420097464,ANXA1;DRD2,LumA,Suppressed
GO_Biological_Process_2023,Calcium Ion Transport Into Cytosol (GO:0060402),2/9,0.2984677953937528,0.9999961806440713,0,0,2.0774277439564988,2.5118038420097464,JPH2;CACNA2D1,LumA,Suppressed
GO_Biological_Process_2023,Cell Differentiation Involved In Metanephros Development (GO:0072202),2/9,0.2984677953937528,0.9999961806440713,0,0,2.0774277439564988,2.5118038420097464,TCF21;POU3F3,LumA,Suppressed
GO_Biological_Process_2023,Cellular Response To Purine-Containing Compound (GO:0071415),2/9,0.2984677953937528,0.9999961806440713,0,0,2.0774277439564988,2.5118038420097464,CASQ2;RYR3,LumA,Suppressed
GO_Biological_Process_2023,Dopamine Transport (GO:0015872),2/9,0.2984677953937528,0.9999961806440713,0,0,2.0774277439564988,2.5118038420097464,SLC22A3;SLC29A4,LumA,Suppressed
GO_Biological_Process_2023,Embryonic Eye Morphogenesis (GO:0048048),2/9,0.2984677953937528,0.9999961806440713,0,0,2.0774277439564988,2.5118038420097464,MFAP5;EFEMP1,LumA,Suppressed
GO_Biological_Process_2023,Glucan Biosynthetic Process (GO:0009250),2/9,0.2984677953937528,0.9999961806440713,0,0,2.0774277439564988,2.5118038420097464,GYS2;GYG2,LumA,Suppressed
GO_Biological_Process_2023,Glycogen Biosynthetic Process (GO:0005978),2/9,0.2984677953937528,0.9999961806440713,0,0,2.0774277439564988,2.5118038420097464,GYS2;GYG2,LumA,Suppressed
GO_Biological_Process_2023,Hematopoietic Stem Cell Differentiation (GO:0060218),2/9,0.2984677953937528,0.9999961806440713,0,0,2.0774277439564988,2.5118038420097464,SFRP1;MEOX1,LumA,Suppressed
GO_Biological_Process_2023,Hormone Transport (GO:0009914),2/9,0.2984677953937528,0.9999961806440713,0,0,2.0774277439564988,2.5118038420097464,SLCO1C1;FFAR4,LumA,Suppressed
GO_Biological_Process_2023,Intestinal Cholesterol Absorption (GO:0030299),2/9,0.2984677953937528,0.9999961806440713,0,0,2.0774277439564988,2.5118038420097464,AKR1C1;CD36,LumA,Suppressed
GO_Biological_Process_2023,Leukotriene D4 Biosynthetic Process (GO:1901750),2/9,0.2984677953937528,0.9999961806440713,0,0,2.0774277439564988,2.5118038420097464,GGT3P;GGTA1,LumA,Suppressed
GO_Biological_Process_2023,Lipid Import Into Cell (GO:0140354),2/9,0.2984677953937528,0.9999961806440713,0,0,2.0774277439564988,2.5118038420097464,SPX;CD36,LumA,Suppressed
GO_Biological_Process_2023,Long-Chain Fatty Acid Import Into Cell (GO:0044539),2/9,0.2984677953937528,0.9999961806440713,0,0,2.0774277439564988,2.5118038420097464,SPX;CD36,LumA,Suppressed
GO_Biological_Process_2023,Negative Regulation Of Cell Adhesion Mediated By Integrin (GO:0033629),2/9,0.2984677953937528,0.9999961806440713,0,0,2.0774277439564988,2.5118038420097464,PDE3B;NRG1,LumA,Suppressed
GO_Biological_Process_2023,Negative Regulation Of Humoral Immune Response Mediated By Circulating Immunoglobulin (GO:0002924),2/9,0.2984677953937528,0.9999961806440713,0,0,2.0774277439564988,2.5118038420097464,CR1;SVEP1,LumA,Suppressed
GO_Biological_Process_2023,Negative Regulation Of Leukocyte Migration (GO:0002686),2/9,0.2984677953937528,0.9999961806440713,0,0,2.0774277439564988,2.5118038420097464,HOXA7;BMP5,LumA,Suppressed
GO_Biological_Process_2023,Negative Regulation Of Lipid Localization (GO:1905953),2/9,0.2984677953937528,0.9999961806440713,0,0,2.0774277439564988,2.5118038420097464,IL6;PPARG,LumA,Suppressed
GO_Biological_Process_2023,Negative Regulation Of Muscle Cell Apoptotic Process (GO:0010656),2/9,0.2984677953937528,0.9999961806440713,0,0,2.0774277439564988,2.5118038420097464,IGF1;GRIA4,LumA,Suppressed
GO_Biological_Process_2023,Negative Regulation Of Protein Localization To Cell Surface (GO:2000009),2/9,0.2984677953937528,0.9999961806440713,0,0,2.0774277439564988,2.5118038420097464,CAV3;GPM6B,LumA,Suppressed
GO_Biological_Process_2023,Negative Regulation Of Vascular Endothelial Growth Factor Signaling Pathway (GO:1900747),2/9,0.2984677953937528,0.9999961806440713,0,0,2.0774277439564988,2.5118038420097464,SPRY2;NRG1,LumA,Suppressed
GO_Biological_Process_2023,Neuron Projection Regeneration (GO:0031102),2/9,0.2984677953937528,0.9999961806440713,0,0,2.0774277439564988,2.5118038420097464,PTN;FOLR1,LumA,Suppressed
GO_Biological_Process_2023,Organic Hydroxy Compound Catabolic Process (GO:1901616),2/9,0.2984677953937528,0.9999961806440713,0,0,2.0774277439564988,2.5118038420097464,CYP3A4;LCT,LumA,Suppressed
GO_Biological_Process_2023,Positive Regulation Of Hippo Signaling (GO:0035332),2/9,0.2984677953937528,0.9999961806440713,0,0,2.0774277439564988,2.5118038420097464,SCHIP1;FRMD1,LumA,Suppressed
GO_Biological_Process_2023,Positive Regulation Of Protein Kinase A Signaling (GO:0010739),2/9,0.2984677953937528,0.9999961806440713,0,0,2.0774277439564988,2.5118038420097464,ADIPOQ;ADRB2,LumA,Suppressed
GO_Biological_Process_2023,Positive Regulation Of Vasculogenesis (GO:2001214),2/9,0.2984677953937528,0.9999961806440713,0,0,2.0774277439564988,2.5118038420097464,TMEM100;CD34,LumA,Suppressed
GO_Biological_Process_2023,Primary Alcohol Catabolic Process (GO:0034310),2/9,0.2984677953937528,0.9999961806440713,0,0,2.0774277439564988,2.5118038420097464,SULT1E1;AKR1C3,LumA,Suppressed
GO_Biological_Process_2023,Regulation Of Cardiac Muscle Cell Differentiation (GO:2000725),2/9,0.2984677953937528,0.9999961806440713,0,0,2.0774277439564988,2.5118038420097464,MYOCD;SOX6,LumA,Suppressed
GO_Biological_Process_2023,Regulation Of Cellular Extravasation (GO:0002691),2/9,0.2984677953937528,0.9999961806440713,0,0,2.0774277439564988,2.5118038420097464,OLFM4;LYVE1,LumA,Suppressed
GO_Biological_Process_2023,Regulation Of Cellular Response To Oxidative Stress (GO:1900407),2/9,0.2984677953937528,0.9999961806440713,0,0,2.0774277439564988,2.5118038420097464,AIFM2;FBLN5,LumA,Suppressed
GO_Biological_Process_2023,Regulation Of Leukocyte Mediated Cytotoxicity (GO:0001910),2/9,0.2984677953937528,0.9999961806440713,0,0,2.0774277439564988,2.5118038420097464,LEP;DNASE1L3,LumA,Suppressed
GO_Biological_Process_2023,Regulation Of Receptor Binding (GO:1900120),2/9,0.2984677953937528,0.9999961806440713,0,0,2.0774277439564988,2.5118038420097464,GREM2;ADIPOQ,LumA,Suppressed
GO_Biological_Process_2023,Regulation Of Transmembrane Transporter Activity (GO:0022898),2/9,0.2984677953937528,0.9999961806440713,0,0,2.0774277439564988,2.5118038420097464,CHRM3;SNCA,LumA,Suppressed
GO_Biological_Process_2023,Response To Platelet-Derived Growth Factor (GO:0036119),2/9,0.2984677953937528,0.9999961806440713,0,0,2.0774277439564988,2.5118038420097464,HYAL1;HAS1,LumA,Suppressed
GO_Biological_Process_2023,Sequestering Of Extracellular Ligand From Receptor (GO:0035581),2/9,0.2984677953937528,0.9999961806440713,0,0,2.0774277439564988,2.5118038420097464,GREM2;CER1,LumA,Suppressed
GO_Biological_Process_2023,Serotonin Transport (GO:0006837),2/9,0.2984677953937528,0.9999961806440713,0,0,2.0774277439564988,2.5118038420097464,SLC22A3;SLC29A4,LumA,Suppressed
GO_Biological_Process_2023,Skeletal Muscle Tissue Regeneration (GO:0043403),2/9,0.2984677953937528,0.9999961806440713,0,0,2.0774277439564988,2.5118038420097464,ANXA1;MYMX,LumA,Suppressed
GO_Biological_Process_2023,Synaptic Vesicle Fusion To Presynaptic Active Zone Membrane (GO:0031629),2/9,0.2984677953937528,0.9999961806440713,0,0,2.0774277439564988,2.5118038420097464,STX19;STX11,LumA,Suppressed
GO_Biological_Process_2023,Organic Hydroxy Compound Transport (GO:0015850),7/45,0.298834091885005,0.9999961806440713,0,0,1.3398031770969714,1.6183036907123682,SLCO1C1;SLC22A3;SLCO1B1;ABCC2;AKR1C1;SLCO1A2;SLC29A4,LumA,Suppressed
GO_Biological_Process_2023,Vascular Transport (GO:0010232),12/83,0.2999141050674012,0.9999961806440713,0,0,1.2295125133852554,1.4806517087480575,SLCO1C1;SLC22A3;ABCC2;ABCB1;LEPR;SLC16A7;SLC29A4;SLC1A3;ABCC9;ATP1A2;SLC2A4;SLC7A3,LumA,Suppressed
GO_Biological_Process_2023,Diacylglycerol Metabolic Process (GO:0046339),4/23,0.3004189424347192,0.9999961806440713,0,0,1.530957829355999,1.841095138517012,LIPE;DGAT2;GPAM;MOGAT1,LumA,Suppressed
GO_Biological_Process_2023,Hepaticobiliary System Development (GO:0061008),4/23,0.3004189424347192,0.9999961806440713,0,0,1.530957829355999,1.841095138517012,TGFBR3;CEBPA;PROX1;MET,LumA,Suppressed
GO_Biological_Process_2023,Long-Chain fatty-acyl-CoA Metabolic Process (GO:0035336),4/23,0.3004189424347192,0.9999961806440713,0,0,1.530957829355999,1.841095138517012,DGAT2;ACSL1;ELOVL3;ACSBG1,LumA,Suppressed
GO_Biological_Process_2023,Positive Regulation Of Cell-Substrate Junction Organization (GO:0150117),4/23,0.3004189424347192,0.9999961806440713,0,0,1.530957829355999,1.841095138517012,SFRP1;MYOC;NRG1;FERMT2,LumA,Suppressed
GO_Biological_Process_2023,Potassium Ion Homeostasis (GO:0055075),4/23,0.3004189424347192,0.9999961806440713,0,0,1.530957829355999,1.841095138517012,ATP4A;FXYD2;ATP1A2;KCNJ2,LumA,Suppressed
GO_Biological_Process_2023,Response To BMP (GO:0071772),4/23,0.3004189424347192,0.9999961806440713,0,0,1.530957829355999,1.841095138517012,TMEM100;BMP2;SFRP1;BMP6,LumA,Suppressed
GO_Biological_Process_2023,Mesonephric Tubule Development (GO:0072164),3/16,0.3042135073102163,0.9999961806440713,0,0,1.6780438104941415,1.9969149202649985,FOXC1;TCF21;CER1,LumA,Suppressed
GO_Biological_Process_2023,Negative Regulation Of Chemokine Production (GO:0032682),3/16,0.3042135073102163,0.9999961806440713,0,0,1.6780438104941415,1.9969149202649985,IL6;KLF4;ELANE,LumA,Suppressed
GO_Biological_Process_2023,Neuron Projection Organization (GO:0106027),3/16,0.3042135073102163,0.9999961806440713,0,0,1.6780438104941415,1.9969149202649985,PRNP;ABCD2;CHRNA7,LumA,Suppressed
GO_Biological_Process_2023,Pharyngeal System Development (GO:0060037),3/16,0.3042135073102163,0.9999961806440713,0,0,1.6780438104941415,1.9969149202649985,PTCH1;FOLR1;BMP5,LumA,Suppressed
GO_Biological_Process_2023,Positive Regulation Of Homotypic Cell-Cell Adhesion (GO:0034112),3/16,0.3042135073102163,0.9999961806440713,0,0,1.6780438104941415,1.9969149202649985,IL6;MMRN1;EMILIN2,LumA,Suppressed
GO_Biological_Process_2023,Positive Regulation Of Myeloid Leukocyte Cytokine Production Involved In Immune Response (GO:0061081),3/16,0.3042135073102163,0.9999961806440713,0,0,1.6780438104941415,1.9969149202649985,GPRC5B;NR4A3;KIT,LumA,Suppressed
GO_Biological_Process_2023,Positive Regulation Of Smooth Muscle Cell Migration (GO:0014911),3/16,0.3042135073102163,0.9999961806440713,0,0,1.6780438104941415,1.9969149202649985,NR4A3;FGF9;IGF1,LumA,Suppressed
GO_Biological_Process_2023,Regulation Of NMDA Receptor Activity (GO:2000310),3/16,0.3042135073102163,0.9999961806440713,0,0,1.6780438104941415,1.9969149202649985,CRHBP;NLGN1;RELN,LumA,Suppressed
GO_Biological_Process_2023,Regulation Of Cardiac Muscle Contraction By Regulation Of The Release Of Sequestered Calcium Ion (GO:0010881),3/16,0.3042135073102163,0.9999961806440713,0,0,1.6780438104941415,1.9969149202649985,CASQ2;ATP1A2;DMD,LumA,Suppressed
GO_Biological_Process_2023,Regulation Of Presynapse Assembly (GO:1905606),3/16,0.3042135073102163,0.9999961806440713,0,0,1.6780438104941415,1.9969149202649985,LRFN5;SLITRK2;SNCA,LumA,Suppressed
GO_Biological_Process_2023,Regulation Of Presynapse Organization (GO:0099174),3/16,0.3042135073102163,0.9999961806440713,0,0,1.6780438104941415,1.9969149202649985,LRFN5;SLITRK2;SNCA,LumA,Suppressed
GO_Biological_Process_2023,"Regulation Of Synaptic Transmission, GABAergic (GO:0032228)",3/16,0.3042135073102163,0.9999961806440713,0,0,1.6780438104941415,1.9969149202649985,NPAS4;NLGN1;DRD2,LumA,Suppressed
GO_Biological_Process_2023,Response To UV-B (GO:0010224),3/16,0.3042135073102163,0.9999961806440713,0,0,1.6780438104941415,1.9969149202649985,MFAP4;MME;HYAL1,LumA,Suppressed
GO_Biological_Process_2023,Fatty Acid Metabolic Process (GO:0006631),17/122,0.3042936654096249,0.9999961806440713,0,0,1.1779548788707823,1.4014859987958723,ABCD2;ACSM3;ACSL1;ACSM1;ADIPOQ;ACSM2A;ACSM5;ACACB;ACSM2B;GPAM;CYP1A1;SLC27A6;ACSBG1;CD36;LPIN1;PPARGC1A;CES1,LumA,Suppressed
GO_Biological_Process_2023,Skin Development (GO:0043588),10/68,0.3046499561327846,0.9999961806440713,0,0,1.2541332073689182,1.4906525044274503,SPRR2F;SCEL;SPRR2G;ANXA1;KRT16;DACT2;AKR1C3;TXNIP;SPRR2B;KRT9,LumA,Suppressed
GO_Biological_Process_2023,Transmembrane Receptor Protein Serine/Threonine Kinase Signaling Pathway (GO:0007178),18/130,0.30674110807102,0.9999961806440713,0,0,1.1693118938537514,1.3818357142725133,GDF10;WFIKKN2;FOS;GDF5;BMP6;BMP5;RGMA;TGFBR2;TMEM100;TGFBR3;CLDN5;BMP3;BMP2;ACVR1C;ATOH8;PPARG;FERMT2;NODAL,LumA,Suppressed
GO_Biological_Process_2023,Negative Regulation Of Metabolic Process (GO:0009892),8/53,0.3081211328445085,0.9999961806440713,0,0,1.2930365454629245,1.5222431579320936,ADAMTS5;WNT10B;ADIPOQ;ALDH1A1;NPR3;CIDEA;CCDC3;MAP2K6,LumA,Suppressed
GO_Biological_Process_2023,Protein Homotetramerization (GO:0051289),8/53,0.3081211328445085,0.9999961806440713,0,0,1.2930365454629245,1.5222431579320936,ALDH1A3;ALDH1A2;ME1;KIF25;AQP4;ACACB;RYR3;KCNJ2,LumA,Suppressed
GO_Biological_Process_2023,Response To cAMP (GO:0051591),6/38,0.3085776959066195,0.9999961806440713,0,0,1.3636292996270205,1.60333026257269,CRHBP;KCNE1;PDE2A;AKAP6;SLC26A3;AQP1,LumA,Suppressed
GO_Biological_Process_2023,Purine Ribonucleotide Metabolic Process (GO:0009150),12/84,0.3146681032726593,0.9999961806440713,0,0,1.212366708212159,1.4017830468113592,SULT1C3;ACSM3;SULT1E1;ACSM1;ACSM2A;AMPD1;ACSM5;ATP1A2;ENPP3;GLYAT;ACSM2B;PDE9A,LumA,Suppressed
GO_Biological_Process_2023,Bile Acid Metabolic Process (GO:0008206),5/31,0.3187650757876641,0.9999961806440713,0,0,1.3984927665540756,1.5988980205191785,CYP39A1;AKR1C1;AKR1D1;CYP7A1;CYP8B1,LumA,Suppressed
GO_Biological_Process_2023,Cardiac Muscle Tissue Morphogenesis (GO:0055008),5/31,0.3187650757876641,0.9999961806440713,0,0,1.3984927665540756,1.5988980205191785,TGFBR3;BMP2;MYL2;S1PR1;PROX1,LumA,Suppressed
GO_Biological_Process_2023,Negative Regulation Of Chemotaxis (GO:0050922),5/31,0.3187650757876641,0.9999961806440713,0,0,1.3984927665540756,1.5988980205191785,SEMA3D;SEMA3A;SEMA3G;NRG1;ELANE,LumA,Suppressed
GO_Biological_Process_2023,Organic Cation Transport (GO:0015695),5/31,0.3187650757876641,0.9999961806440713,0,0,1.3984927665540756,1.5988980205191785,SLC22A3;SLC35F3;SLC19A3;SLC29A4;SLC6A2,LumA,Suppressed
GO_Biological_Process_2023,Regulation Of Macrophage Activation (GO:0043030),5/31,0.3187650757876641,0.9999961806440713,0,0,1.3984927665540756,1.5988980205191785,CEBPA;IL33;IL6;LRFN5;BPI,LumA,Suppressed
GO_Biological_Process_2023,Response To Estradiol (GO:0032355),5/31,0.3187650757876641,0.9999961806440713,0,0,1.3984927665540756,1.5988980205191785,CRHBP;SFRP1;CSN1S1;SSTR1;EGFR,LumA,Suppressed
GO_Biological_Process_2023,Cellular Component Disassembly (GO:0022411),7/46,0.3190672802400622,0.9999961806440713,0,0,1.3053748352255814,1.491199235865433,ADAMTS5;GSN;MMP7;CMA1;KLK5;KLK7;ELANE,LumA,Suppressed
GO_Biological_Process_2023,Negative Regulation Of Cold-Induced Thermogenesis (GO:0120163),7/46,0.3190672802400622,0.9999961806440713,0,0,1.3053748352255814,1.491199235865433,ADAMTS5;WNT10B;NPR3;ADIPOQ;ALDH1A1;CIDEA;MAP2K6,LumA,Suppressed
GO_Biological_Process_2023,Positive Regulation Of Blood Vessel Endothelial Cell Migration (GO:0043536),7/46,0.3190672802400622,0.9999961806440713,0,0,1.3053748352255814,1.491199235865433,ANGPT4;FGFBP1;ANXA1;ANGPT1;PSG1;PTGS2;FGF2,LumA,Suppressed
GO_Biological_Process_2023,Regulation Of Cytokine Production Involved In Inflammatory Response (GO:1900015),7/46,0.3190672802400622,0.9999961806440713,0,0,1.3053748352255814,1.491199235865433,PER1;ABCD2;IL6;LEP;APOD;IL17D;PPARA,LumA,Suppressed
GO_Biological_Process_2023,Actomyosin Structure Organization (GO:0031032),11/77,0.3257618077189398,0.9999961806440713,0,0,1.2122785160575855,1.359678025293278,TMOD1;FAM171A1;EPB41L2;TNNT3;LMOD1;PGM5;MYH11;SORBS1;MYOZ2;MYOM2;MYPN,LumA,Suppressed
GO_Biological_Process_2023,Positive Regulation Of Vascular Endothelial Growth Factor Production (GO:0010575),4/24,0.3292019119143877,0.9999961806440713,0,0,1.454327122153209,1.6158795997342466,CCBE1;IL6;PTGS2;NODAL,LumA,Suppressed
GO_Biological_Process_2023,Regulation Of Neuroblast Proliferation (GO:1902692),4/24,0.3292019119143877,0.9999961806440713,0,0,1.454327122153209,1.6158795997342466,DCT;PTN;DRD2;CX3CL1,LumA,Suppressed
GO_Biological_Process_2023,Regulation Of Ruffle Assembly (GO:1900027),4/24,0.3292019119143877,0.9999961806440713,0,0,1.454327122153209,1.6158795997342466,P2RY12;KANK1;NLGN1;CAV1,LumA,Suppressed
GO_Biological_Process_2023,Calcium-Mediated Signaling (GO:0019722),12/85,0.3295934830867182,0.9999961806440713,0,0,1.1956906511259966,1.3270913781365747,CNKSR2;P2RY12;CHRM3;PTGFR;PRNP;RCAN1;EDN1;EDNRB;DEFB1;ANK2;NMUR1;NCALD,LumA,Suppressed
GO_Biological_Process_2023,Fibroblast Growth Factor Receptor Signaling Pathway (GO:0008543),6/39,0.3309180960171643,0.9999961806440713,0,0,1.3222318502053272,1.4622355476080662,FGF17;KL;FGF7;FGF9;FGF1;FGF2,LumA,Suppressed
GO_Biological_Process_2023,Negative Regulation Of Cell-Substrate Adhesion (GO:0010812),6/39,0.3309180960171643,0.9999961806440713,0,0,1.3222318502053272,1.4622355476080662,KANK1;MYOC;FZD4;HOXA7;CORO2B;CX3CL1,LumA,Suppressed
GO_Biological_Process_2023,Odontogenesis (GO:0042476),6/39,0.3309180960171643,0.9999961806440713,0,0,1.3222318502053272,1.4622355476080662,WNT6;FOXC1;BMP2;ODAM;SCN5A;AQP1,LumA,Suppressed
GO_Biological_Process_2023,Positive Regulation Of Lipid Biosynthetic Process (GO:0046889),6/39,0.3309180960171643,0.9999961806440713,0,0,1.3222318502053272,1.4622355476080662,MLXIPL;HSD17B13;SORBS1;PCK1;PPARA;GPLD1,LumA,Suppressed
GO_Biological_Process_2023,Vitamin Transport (GO:0051180),6/39,0.3309180960171643,0.9999961806440713,0,0,1.3222318502053272,1.4622355476080662,CUBN;SLC35F3;SLC19A3;SLC2A4;FOLR2;FOLR1,LumA,Suppressed
GO_Biological_Process_2023,Aorta Morphogenesis (GO:0035909),3/17,0.3391560962770747,0.9999961806440713,0,0,1.558094843897824,1.6847598784576443,PROX1;MYLK;TGFBR2,LumA,Suppressed
GO_Biological_Process_2023,Cellular Response To Alkaloid (GO:0071312),3/17,0.3391560962770747,0.9999961806440713,0,0,1.558094843897824,1.6847598784576443,CRHBP;CASQ2;RYR3,LumA,Suppressed
GO_Biological_Process_2023,Negative Regulation Of Rho Protein Signal Transduction (GO:0035024),3/17,0.3391560962770747,0.9999961806440713,0,0,1.558094843897824,1.6847598784576443,KANK1;MYOC;MET,LumA,Suppressed
GO_Biological_Process_2023,Negative Regulation Of Calcium Ion Transport (GO:0051926),3/17,0.3391560962770747,0.9999961806440713,0,0,1.558094843897824,1.6847598784576443,CAV3;ATP1A2;NOS1,LumA,Suppressed
GO_Biological_Process_2023,Negative Regulation Of Insulin Secretion (GO:0046676),3/17,0.3391560962770747,0.9999961806440713,0,0,1.558094843897824,1.6847598784576443,SFRP1;KCNB1;FAM3D,LumA,Suppressed
GO_Biological_Process_2023,Negative Regulation Of Interleukin-8 Production (GO:0032717),3/17,0.3391560962770747,0.9999961806440713,0,0,1.558094843897824,1.6847598784576443,BPI;KLF4;ELANE,LumA,Suppressed
GO_Biological_Process_2023,Neural Tube Development (GO:0021915),3/17,0.3391560962770747,0.9999961806440713,0,0,1.558094843897824,1.6847598784576443,PTCH1;PROX1;SLC39A12,LumA,Suppressed
GO_Biological_Process_2023,Positive Chemotaxis (GO:0050918),3/17,0.3391560962770747,0.9999961806440713,0,0,1.558094843897824,1.6847598784576443,FGF7;MET;CX3CL1,LumA,Suppressed
GO_Biological_Process_2023,Positive Regulation Of SMAD Protein Signal Transduction (GO:0060391),3/17,0.3391560962770747,0.9999961806440713,0,0,1.558094843897824,1.6847598784576443,PPARG;BMP6;NODAL,LumA,Suppressed
GO_Biological_Process_2023,Positive Regulation Of Heart Rate (GO:0010460),3/17,0.3391560962770747,0.9999961806440713,0,0,1.558094843897824,1.6847598784576443,EDN1;EDN3;SCN3B,LumA,Suppressed
GO_Biological_Process_2023,Regulation Of Cartilage Development (GO:0061035),3/17,0.3391560962770747,0.9999961806440713,0,0,1.558094843897824,1.6847598784576443,BMP2;ZBTB16;SOX6,LumA,Suppressed
GO_Biological_Process_2023,Regulation Of Leukocyte Chemotaxis (GO:0002688),3/17,0.3391560962770747,0.9999961806440713,0,0,1.558094843897824,1.6847598784576443,IL6;EDN3;PTN,LumA,Suppressed
GO_Biological_Process_2023,Regulation Of Receptor Signaling Pathway Via STAT (GO:1904892),3/17,0.3391560962770747,0.9999961806440713,0,0,1.558094843897824,1.6847598784576443,IL6;TSLP;PPARG,LumA,Suppressed
GO_Biological_Process_2023,Transepithelial Transport (GO:0070633),3/17,0.3391560962770747,0.9999961806440713,0,0,1.558094843897824,1.6847598784576443,ABCC2;SLC1A3;GPLD1,LumA,Suppressed
GO_Biological_Process_2023,Bicellular Tight Junction Assembly (GO:0070830),7/47,0.339522837610854,0.9999961806440713,0,0,1.2726679104477612,1.374753778057289,CLDN11;CLDN10;CLDN5;CLDN8;CLDN19;CLDN16;CLDN2,LumA,Suppressed
GO_Biological_Process_2023,Positive Regulation Of Protein Serine/Threonine Kinase Activity (GO:0071902),16/117,0.3395784042595788,0.9999961806440713,0,0,1.1523549358681189,1.2446014304733335,TENM1;EDN1;EDN3;IL34;ADIPOQ;ADRB2;PROX1;FGF1;FGF2;EGFR;GHR;KIT;S100A12;ELANE;FERMT2;SNCA,LumA,Suppressed
GO_Biological_Process_2023,Long-Chain Fatty Acid Metabolic Process (GO:0001676),11/78,0.3415559514145376,0.9999961806440713,0,0,1.1941166261714682,1.2827723501774142,GLYATL2;ACADL;ACSL1;ELOVL3;CYP1A2;GSTA1;CYP1A1;PLA2G4A;ACSBG1;CYP3A4;MGLL,LumA,Suppressed
GO_Biological_Process_2023,Amide Transport (GO:0042886),5/32,0.3438566389946596,0.9999961806440713,0,0,1.3466200251618643,1.4375578889548652,SLC1A3;FOLR2;ABCA13;PLTP;FOLR1,LumA,Suppressed
GO_Biological_Process_2023,Mesenchymal Cell Migration (GO:0090497),5/32,0.3438566389946596,0.9999961806440713,0,0,1.3466200251618643,1.4375578889548652,SEMA3D;SEMA3A;SEMA3G;SOX8;SOX10,LumA,Suppressed
GO_Biological_Process_2023,Regulation Of Calcium Ion Transmembrane Transporter Activity (GO:1901019),5/32,0.3438566389946596,0.9999961806440713,0,0,1.3466200251618643,1.4375578889548652,JPH2;CAV3;DMD;ANK2;NOS1,LumA,Suppressed
GO_Biological_Process_2023,Respiratory System Development (GO:0060541),5/32,0.3438566389946596,0.9999961806440713,0,0,1.3466200251618643,1.4375578889548652,CEBPA;FGF7;FGF9;TCF21;PROX1,LumA,Suppressed
GO_Biological_Process_2023,Very Long-Chain Fatty Acid Metabolic Process (GO:0000038),5/32,0.3438566389946596,0.9999961806440713,0,0,1.3466200251618643,1.4375578889548652,ABCD2;ACSL1;ELOVL3;SLC27A6;ACSBG1,LumA,Suppressed
GO_Biological_Process_2023,T-helper Cell Lineage Commitment (GO:0002295),2/10,0.34542133807847,0.9999961806440713,0,0,1.817645841952834,1.932139966632012,SOCS3;IL6,LumA,Suppressed
GO_Biological_Process_2023,Actin Filament Depolymerization (GO:0030042),2/10,0.34542133807847,0.9999961806440713,0,0,1.817645841952834,1.932139966632012,GSN;CFL2,LumA,Suppressed
GO_Biological_Process_2023,Angiogenesis Involved In Wound Healing (GO:0060055),2/10,0.34542133807847,0.9999961806440713,0,0,1.817645841952834,1.932139966632012,MCAM;CD34,LumA,Suppressed
GO_Biological_Process_2023,Arginine Metabolic Process (GO:0006525),2/10,0.34542133807847,0.9999961806440713,0,0,1.817645841952834,1.932139966632012,NOS1;ART4,LumA,Suppressed
GO_Biological_Process_2023,Cellular Response To Forskolin (GO:1904322),2/10,0.34542133807847,0.9999961806440713,0,0,1.817645841952834,1.932139966632012,ADCY8;GNAI1,LumA,Suppressed
GO_Biological_Process_2023,Epithelial Cell Apoptotic Process (GO:1904019),2/10,0.34542133807847,0.9999961806440713,0,0,1.817645841952834,1.932139966632012,GSN;COL4A3,LumA,Suppressed
GO_Biological_Process_2023,Fatty Acid Homeostasis (GO:0055089),2/10,0.34542133807847,0.9999961806440713,0,0,1.817645841952834,1.932139966632012,MLXIPL;DGAT2,LumA,Suppressed
GO_Biological_Process_2023,Glycine Transport (GO:0015816),2/10,0.34542133807847,0.9999961806440713,0,0,1.817645841952834,1.932139966632012,SLC36A2;SLC6A2,LumA,Suppressed
GO_Biological_Process_2023,Hematopoietic Stem Cell Proliferation (GO:0071425),2/10,0.34542133807847,0.9999961806440713,0,0,1.817645841952834,1.932139966632012,WNT10B;CD34,LumA,Suppressed
GO_Biological_Process_2023,Heme Catabolic Process (GO:0042167),2/10,0.34542133807847,0.9999961806440713,0,0,1.817645841952834,1.932139966632012,SLCO1B1;ABCC2,LumA,Suppressed
GO_Biological_Process_2023,Insulin-Like Growth Factor Receptor Signaling Pathway (GO:0048009),2/10,0.34542133807847,0.9999961806440713,0,0,1.817645841952834,1.932139966632012,GHR;IGF1,LumA,Suppressed
GO_Biological_Process_2023,Mesonephros Development (GO:0001823),2/10,0.34542133807847,0.9999961806440713,0,0,1.817645841952834,1.932139966632012,ZBTB16;FGF1,LumA,Suppressed
GO_Biological_Process_2023,Monocyte Differentiation (GO:0030224),2/10,0.34542133807847,0.9999961806440713,0,0,1.817645841952834,1.932139966632012,PDE1B;PPARG,LumA,Suppressed
GO_Biological_Process_2023,Negative Regulation Of Activin Receptor Signaling Pathway (GO:0032926),2/10,0.34542133807847,0.9999961806440713,0,0,1.817645841952834,1.932139966632012,DACT2;CER1,LumA,Suppressed
GO_Biological_Process_2023,Negative Regulation Of Adenylate Cyclase Activity (GO:0007194),2/10,0.34542133807847,0.9999961806440713,0,0,1.817645841952834,1.932139966632012,GABBR2;EDNRB,LumA,Suppressed
GO_Biological_Process_2023,Negative Regulation Of Exocytosis (GO:0045920),2/10,0.34542133807847,0.9999961806440713,0,0,1.817645841952834,1.932139966632012,STXBP6;SNCA,LumA,Suppressed
GO_Biological_Process_2023,Negative Regulation Of Hemostasis (GO:1900047),2/10,0.34542133807847,0.9999961806440713,0,0,1.817645841952834,1.932139966632012,EDN1;TFPI,LumA,Suppressed
GO_Biological_Process_2023,Negative Regulation Of Lymphocyte Migration (GO:2000402),2/10,0.34542133807847,0.9999961806440713,0,0,1.817645841952834,1.932139966632012,PADI2;APOD,LumA,Suppressed
GO_Biological_Process_2023,Negative Regulation Of Steroid Biosynthetic Process (GO:0010894),2/10,0.34542133807847,0.9999961806440713,0,0,1.817645841952834,1.932139966632012,PROX1;BMP5,LumA,Suppressed
GO_Biological_Process_2023,Neuron Projection Maintenance (GO:1990535),2/10,0.34542133807847,0.9999961806440713,0,0,1.817645841952834,1.932139966632012,PRNP;ABCD2,LumA,Suppressed
GO_Biological_Process_2023,Nucleoside Triphosphate Metabolic Process (GO:0009141),2/10,0.34542133807847,0.9999961806440713,0,0,1.817645841952834,1.932139966632012,AK5;ENPP3,LumA,Suppressed
GO_Biological_Process_2023,Oxygen Transport (GO:0015671),2/10,0.34542133807847,0.9999961806440713,0,0,1.817645841952834,1.932139966632012,HBB;HBA1,LumA,Suppressed
GO_Biological_Process_2023,Positive Regulation Of Actin Nucleation (GO:0051127),2/10,0.34542133807847,0.9999961806440713,0,0,1.817645841952834,1.932139966632012,GSN;WASF3,LumA,Suppressed
GO_Biological_Process_2023,Positive Regulation Of Cholesterol Metabolic Process (GO:0090205),2/10,0.34542133807847,0.9999961806440713,0,0,1.817645841952834,1.932139966632012,FGF1;CES1,LumA,Suppressed
GO_Biological_Process_2023,Positive Regulation Of Macrophage Differentiation (GO:0045651),2/10,0.34542133807847,0.9999961806440713,0,0,1.817645841952834,1.932139966632012,IL34;PF4,LumA,Suppressed
GO_Biological_Process_2023,Positive Regulation Of Nitric-Oxide Synthase Biosynthetic Process (GO:0051770),2/10,0.34542133807847,0.9999961806440713,0,0,1.817645841952834,1.932139966632012,FCER2;IL33,LumA,Suppressed
GO_Biological_Process_2023,Positive Regulation Of Non-Canonical Wnt Signaling Pathway (GO:2000052),2/10,0.34542133807847,0.9999961806440713,0,0,1.817645841952834,1.932139966632012,SFRP1;RSPO3,LumA,Suppressed
GO_Biological_Process_2023,Positive Regulation Of Transforming Growth Factor Beta Production (GO:0071636),2/10,0.34542133807847,0.9999961806440713,0,0,1.817645841952834,1.932139966632012,TNXB;PTGS2,LumA,Suppressed
GO_Biological_Process_2023,Positive Regulation Of Voltage-Gated Potassium Channel Activity (GO:1903818),2/10,0.34542133807847,0.9999961806440713,0,0,1.817645841952834,1.932139966632012,KCNIP2;LRRC38,LumA,Suppressed
GO_Biological_Process_2023,Protein Kinase C Signaling (GO:0070528),2/10,0.34542133807847,0.9999961806440713,0,0,1.817645841952834,1.932139966632012,MAS1;PRSS33,LumA,Suppressed
GO_Biological_Process_2023,Regulation Of Calcium Ion Transmembrane Transport Via High Voltage-Gated Calcium Channel (GO:1902514),2/10,0.34542133807847,0.9999961806440713,0,0,1.817645841952834,1.932139966632012,CACNA2D1;NOS1,LumA,Suppressed
GO_Biological_Process_2023,Regulation Of Glycoprotein Biosynthetic Process (GO:0010559),2/10,0.34542133807847,0.9999961806440713,0,0,1.817645841952834,1.932139966632012,CCL21;IGF1,LumA,Suppressed
GO_Biological_Process_2023,Regulation Of Lamellipodium Morphogenesis (GO:2000392),2/10,0.34542133807847,0.9999961806440713,0,0,1.817645841952834,1.932139966632012,KANK1;ENPP2,LumA,Suppressed
GO_Biological_Process_2023,Regulation Of Mitochondrial Depolarization (GO:0051900),2/10,0.34542133807847,0.9999961806440713,0,0,1.817645841952834,1.932139966632012,MYOC;FZD9,LumA,Suppressed
GO_Biological_Process_2023,Regulation Of Peptidyl-Lysine Acetylation (GO:2000756),2/10,0.34542133807847,0.9999961806440713,0,0,1.817645841952834,1.932139966632012,MYOCD;KLF15,LumA,Suppressed
GO_Biological_Process_2023,Regulation Of Phospholipase Activity (GO:0010517),2/10,0.34542133807847,0.9999961806440713,0,0,1.817645841952834,1.932139966632012,RGS2;SNCA,LumA,Suppressed
GO_Biological_Process_2023,Regulation Of Smooth Muscle Cell Apoptotic Process (GO:0034391),2/10,0.34542133807847,0.9999961806440713,0,0,1.817645841952834,1.932139966632012,IGF1;GRIA4,LumA,Suppressed
GO_Biological_Process_2023,Response To Corticosteroid (GO:0031960),2/10,0.34542133807847,0.9999961806440713,0,0,1.817645841952834,1.932139966632012,IL6;AKR1C3,LumA,Suppressed
GO_Biological_Process_2023,Response To Forskolin (GO:1904321),2/10,0.34542133807847,0.9999961806440713,0,0,1.817645841952834,1.932139966632012,ADCY8;GNAI1,LumA,Suppressed
GO_Biological_Process_2023,Sarcoplasmic Reticulum Calcium Ion Transport (GO:0070296),2/10,0.34542133807847,0.9999961806440713,0,0,1.817645841952834,1.932139966632012,RYR3;TRDN,LumA,Suppressed
GO_Biological_Process_2023,Signal Release (GO:0023061),2/10,0.34542133807847,0.9999961806440713,0,0,1.817645841952834,1.932139966632012,LEP;FFAR4,LumA,Suppressed
GO_Biological_Process_2023,Cyclic-Nucleotide-Mediated Signaling (GO:0019935),6/40,0.3534460619314423,0.9999961806440713,0,0,1.283269544867263,1.3346316233288609,PDE2A;AKAP6;DEFB1;CD36;PDE9A;AQP1,LumA,Suppressed
GO_Biological_Process_2023,Positive Regulation Of Monoatomic Ion Transport (GO:0043270),6/40,0.3534460619314423,0.9999961806440713,0,0,1.283269544867263,1.3346316233288609,FHL1;ANK2;SCN5A;SCN3B;SCN4B;MYLK,LumA,Suppressed
GO_Biological_Process_2023,Positive Regulation Of Wound Healing (GO:0090303),6/40,0.3534460619314423,0.9999961806440713,0,0,1.283269544867263,1.3346316233288609,KANK1;FERMT1;ANXA1;EMILIN2;FERMT2;MYLK,LumA,Suppressed
GO_Biological_Process_2023,Synaptic Vesicle Endocytosis (GO:0048488),6/40,0.3534460619314423,0.9999961806440713,0,0,1.283269544867263,1.3346316233288609,SH3GL3;NLGN1;ITSN1;SNCG;SYT8;SNCA,LumA,Suppressed
GO_Biological_Process_2023,Positive Regulation Of Cell-Substrate Adhesion (GO:0010811),10/71,0.3545045837671304,0.9999961806440713,0,0,1.1922503725782414,1.2364041762883695,VIT;SFRP1;ECM2;MYOC;CCL21;CD36;OLFM4;CX3CL1;FERMT2;LIMS2,LumA,Suppressed
GO_Biological_Process_2023,Bile Acid Biosynthetic Process (GO:0006699),4/25,0.3581199129804825,0.9999961806440713,0,0,1.3849945775411614,1.4222334754907278,CYP39A1;AKR1D1;CYP7A1;CYP8B1,LumA,Suppressed
GO_Biological_Process_2023,Cellular Response To Steroid Hormone Stimulus (GO:0071383),4/25,0.3581199129804825,0.9999961806440713,0,0,1.3849945775411614,1.4222334754907278,AKR1C3;ATP1A2;MGARP;TFPI,LumA,Suppressed
GO_Biological_Process_2023,"Chemical Synaptic Transmission, Postsynaptic (GO:0099565)",4/25,0.3581199129804825,0.9999961806440713,0,0,1.3849945775411614,1.4222334754907278,NPAS4;DRD2;GRIN2B;INSYN2B,LumA,Suppressed
GO_Biological_Process_2023,Lamellipodium Assembly (GO:0030032),4/25,0.3581199129804825,0.9999961806440713,0,0,1.3849945775411614,1.4222334754907278,P2RY12;KIT;S1PR1;ARHGEF4,LumA,Suppressed
GO_Biological_Process_2023,Long-Chain Fatty Acid Biosynthetic Process (GO:0042759),4/25,0.3581199129804825,0.9999961806440713,0,0,1.3849945775411614,1.4222334754907278,CYP1A2;CYP1A1;ACSBG1;CYP3A4,LumA,Suppressed
GO_Biological_Process_2023,Negative Regulation Of Response To Wounding (GO:1903035),4/25,0.3581199129804825,0.9999961806440713,0,0,1.3849945775411614,1.4222334754907278,IL33;MMRN1;CLDN19;FGF2,LumA,Suppressed
GO_Biological_Process_2023,Regulation Of Platelet Aggregation (GO:0090330),4/25,0.3581199129804825,0.9999961806440713,0,0,1.3849945775411614,1.4222334754907278,IL6;C1QTNF1;MMRN1;EMILIN2,LumA,Suppressed
GO_Biological_Process_2023,Sterol Transport (GO:0015918),4/25,0.3581199129804825,0.9999961806440713,0,0,1.3849945775411614,1.4222334754907278,CETP;CAV1;CD36;APOB,LumA,Suppressed
GO_Biological_Process_2023,Negative Regulation Of Inflammatory Response (GO:0050728),15/111,0.3645377684751684,0.9999961806440713,0,0,1.1364522670549084,1.1468225254628237,IL33;PTGIS;ADIPOQ;NR1H4;IGF1;KLF4;IL22RA1;LRFN5;TYRO3;FFAR4;SAA1;PPARG;ENPP3;PPARA;ELANE,LumA,Suppressed
GO_Biological_Process_2023,Cellular Response To Peptide (GO:1901653),8/56,0.3650012408661066,0.9999961806440713,0,0,1.21201437854279,1.2215341767153982,NGFR;PRNP;CYP11A1;CACNA2D1;CAV1;CD36;ADRB2;IGF1,LumA,Suppressed
GO_Biological_Process_2023,Positive Regulation Of Angiogenesis (GO:0045766),16/119,0.3655281252647601,0.9999961806440713,0,0,1.1298498236427763,1.1370944801918206,ANGPT4;PTGIS;HSPB6;CHRNA7;PSG1;VEGFD;FGF1;KLF4;FGF2;AQP1;BMPER;HYAL1;EMILIN2;ANGPTL4;CD34;NODAL,LumA,Suppressed
GO_Biological_Process_2023,Cellular Response To Metal Ion (GO:0071248),18/135,0.3669323963849216,0.9999961806440713,0,0,1.119020920770192,1.1219053694457308,PRNP;SLC13A2;NLGN1;KCNA1;MT1M;AKR1C3;MT1X;FOS;ADCY8;SYT8;BMP6;RYR3;EGFR;AQP1;CRHBP;SCN5A;GPLD1;SNCA,LumA,Suppressed
GO_Biological_Process_2023,Anterograde Trans-Synaptic Signaling (GO:0098916),26/199,0.3680899918701103,0.9999961806440713,0,0,1.0932850872849278,1.0926595397148342,CHRM3;NLGN1;CHRNA2;KCNA1;SLC1A3;HTR2A;HTR4;SLC6A2;PTCHD1;KCNMB1;MPZ;PENK;SNCG;SNCA;UNC13C;GABBR2;GABRP;KCNIP2;OPRK1;GRIN2B;SYN2;HCRTR1;SST;PLP1;APBA1;SCN2B,LumA,Suppressed
GO_Biological_Process_2023,Carboxylic Acid Metabolic Process (GO:0019752),5/33,0.3690659630779498,0.9999961806440713,0,0,1.2984524795833827,1.2942713187159465,PTGIS;CYP1A2;PLA2G4A;GLYAT;PCK1,LumA,Suppressed
GO_Biological_Process_2023,Lung Development (GO:0030324),5/33,0.3690659630779498,0.9999961806440713,0,0,1.2984524795833827,1.2942713187159465,CEBPA;FGF7;FGF9;TCF21;PROX1,LumA,Suppressed
GO_Biological_Process_2023,Positive Regulation Of Small Molecule Metabolic Process (GO:0062013),5/33,0.3690659630779498,0.9999961806440713,0,0,1.2984524795833827,1.2942713187159465,MLXIPL;ADM;IGF1;GPLD1;CES1,LumA,Suppressed
GO_Biological_Process_2023,Regulation Of Amyloid-Beta Formation (GO:1902003),5/33,0.3690659630779498,0.9999961806440713,0,0,1.2984524795833827,1.2942713187159465,NTRK2;PRNP;CHRNA7;PSG1;IGF1,LumA,Suppressed
GO_Biological_Process_2023,Regulation Of Cell Adhesion Mediated By Integrin (GO:0033628),5/33,0.3690659630779498,0.9999961806440713,0,0,1.2984524795833827,1.2942713187159465,P2RY12;CCL21;TESC;PDE3B;NRG1,LumA,Suppressed
GO_Biological_Process_2023,Regulation Of Sprouting Angiogenesis (GO:1903670),5/33,0.3690659630779498,0.9999961806440713,0,0,1.2984524795833827,1.2942713187159465,PPP1R16B;BMPER;FGF1;KLF4;FGF2,LumA,Suppressed
GO_Biological_Process_2023,Adrenergic Receptor Signaling Pathway (GO:0071875),3/18,0.3739697546273112,0.9999961806440713,0,0,1.4541390728476822,1.4302626252265456,ADRB3;ADRB2;DRD2,LumA,Suppressed
GO_Biological_Process_2023,Branching Involved In Ureteric Bud Morphogenesis (GO:0001658),3/18,0.3739697546273112,0.9999961806440713,0,0,1.4541390728476822,1.4302626252265456,TCF21;FGF1;FGF2,LumA,Suppressed
GO_Biological_Process_2023,Excitatory Postsynaptic Potential (GO:0060079),3/18,0.3739697546273112,0.9999961806440713,0,0,1.4541390728476822,1.4302626252265456,NPAS4;DRD2;GRIN2B,LumA,Suppressed
GO_Biological_Process_2023,Intracellular Sodium Ion Homeostasis (GO:0006883),3/18,0.3739697546273112,0.9999961806440713,0,0,1.4541390728476822,1.4302626252265456,ATP4A;FXYD2;ATP1A2,LumA,Suppressed
GO_Biological_Process_2023,Negative Regulation Of Monoatomic Ion Transport (GO:0043271),3/18,0.3739697546273112,0.9999961806440713,0,0,1.4541390728476822,1.4302626252265456,CAV3;CASQ2;NOS1,LumA,Suppressed
GO_Biological_Process_2023,Neutrophil Activation (GO:0042119),3/18,0.3739697546273112,0.9999961806440713,0,0,1.4541390728476822,1.4302626252265456,CXCL6;CXCR2;DNASE1L3,LumA,Suppressed
GO_Biological_Process_2023,Positive Regulation Of G Protein-Coupled Receptor Signaling Pathway (GO:0045745),3/18,0.3739697546273112,0.9999961806440713,0,0,1.4541390728476822,1.4302626252265456,KLK5;MRAP2;KLK6,LumA,Suppressed
GO_Biological_Process_2023,Positive Regulation Of Extracellular Matrix Organization (GO:1903055),3/18,0.3739697546273112,0.9999961806440713,0,0,1.4541390728476822,1.4302626252265456,IL6;TNXB;DDR2,LumA,Suppressed
GO_Biological_Process_2023,Positive Regulation Of Macrophage Migration (GO:1905523),3/18,0.3739697546273112,0.9999961806440713,0,0,1.4541390728476822,1.4302626252265456,P2RY12;IL34;CX3CL1,LumA,Suppressed
GO_Biological_Process_2023,Positive Regulation Of Neuroblast Proliferation (GO:0002052),3/18,0.3739697546273112,0.9999961806440713,0,0,1.4541390728476822,1.4302626252265456,DCT;DRD2;CX3CL1,LumA,Suppressed
GO_Biological_Process_2023,Regulation Of Oligodendrocyte Differentiation (GO:0048713),3/18,0.3739697546273112,0.9999961806440713,0,0,1.4541390728476822,1.4302626252265456,PTPRZ1;IL34;PTN,LumA,Suppressed
GO_Biological_Process_2023,Response To Ethanol (GO:0045471),3/18,0.3739697546273112,0.9999961806440713,0,0,1.4541390728476822,1.4302626252265456,CRHBP;DRD2;GRIN2B,LumA,Suppressed
GO_Biological_Process_2023,Positive Regulation Of Protein Phosphorylation (GO:0001934),48/377,0.3741872825322743,0.9999961806440713,0,0,1.0615812393677917,1.0435331390405096,TENM1;CSF3;TNXB;CHRNA7;ITLN1;FGF1;FGF2;CX3CL1;EGFR;NTF4;GHR;FGF7;RELN;FGF9;ENPP2;LEPR;RSPO1;NOS1;SNCA;GDF10;PRNP;ANGPT4;NTRK2;CCL21;ANGPT1;MMD;ODAM;IL34;CAV1;ADIPOQ;VEGFD;IGF1;GDF5;MOB3B;BMP6;BMP5;TGFBR2;FGF17;MARCO;BMP3;BMP2;IL6;LEP;CLDN19;SPRY2;PPARG;NODAL;DDR2,LumA,Suppressed
GO_Biological_Process_2023,Acylglycerol Metabolic Process (GO:0006639),6/41,0.3760797994369093,0.9999961806440713,0,0,1.2465336569770884,1.219052483190152,CETP;DGAT2;CAV3;AWAT2;CAV1;MGLL,LumA,Suppressed
GO_Biological_Process_2023,Regulation Of Chemokine Production (GO:0032642),6/41,0.3760797994369093,0.9999961806440713,0,0,1.2465336569770884,1.219052483190152,EGR1;IL33;IL6;TSLP;FFAR3;ELANE,LumA,Suppressed
GO_Biological_Process_2023,Regulation Of Dendrite Development (GO:0050773),6/41,0.3760797994369093,0.9999961806440713,0,0,1.2465336569770884,1.219052483190152,ALK;BCL11A;PTN;VLDLR;MGARP;BMP5,LumA,Suppressed
GO_Biological_Process_2023,Synaptic Vesicle Exocytosis (GO:0016079),6/41,0.3760797994369093,0.9999961806440713,0,0,1.2465336569770884,1.219052483190152,UNC13C;RIMS3;STX19;SYT8;STX11;SNCA,LumA,Suppressed
GO_Biological_Process_2023,Regulation Of Inflammatory Response (GO:0050727),31/240,0.3761932605260172,0.9999961806440713,0,0,1.0790235066881455,1.054909788120237,CEBPA;PTGS2;CX3CL1;FFAR4;S100A12;ENPP3;ELANE;SNCA;IL33;ANXA1;PTGIS;TSLP;CMA1;PDE2A;ADIPOQ;PLA2G2A;NR1H4;KLF4;IL22RA1;ACE2;GPRC5B;IL6;LRFN5;NLRP10;TYRO3;SAA1;PPARG;GGT3P;PPARA;DNASE1L3;MGLL,LumA,Suppressed
GO_Biological_Process_2023,Positive Regulation Of Vasculature Development (GO:1904018),14/104,0.3773717334348255,0.9999961806440713,0,0,1.1313190113190112,1.102498147031281,ANGPT4;PTGIS;HSPB6;CHRNA7;PSG1;VEGFD;FGF1;FGF2;AQP1;HYAL1;EMILIN2;ANGPTL4;CD34;NODAL,LumA,Suppressed
GO_Biological_Process_2023,Heterophilic Cell-Cell Adhesion Via Plasma Membrane Cell Adhesion Molecules (GO:0007157),7/49,0.3808485374290906,0.9999961806440713,0,0,1.2119264787175237,1.1699374951821149,CRB2;TENM1;TENM2;NLGN1;CADM3;CD209;NECTIN3,LumA,Suppressed
GO_Biological_Process_2023,Dendritic Spine Organization (GO:0097061),4/26,0.3870083022741095,0.9999961806440713,0,0,1.321964991530209,1.2549534403331233,PRNP;CHRNA7;PAK3;EPHB1,LumA,Suppressed
GO_Biological_Process_2023,Negative Regulation Of Interleukin-1 Beta Production (GO:0032691),4/26,0.3870083022741095,0.9999961806440713,0,0,1.321964991530209,1.2549534403331233,FFAR4;CARD18;IGF1;CX3CL1,LumA,Suppressed
GO_Biological_Process_2023,Positive Regulation Of Adenylate Cyclase Activity (GO:0045762),4/26,0.3870083022741095,0.9999961806440713,0,0,1.321964991530209,1.2549534403331233,LHCGR;ADRB3;AVPR2;ADRB2,LumA,Suppressed
GO_Biological_Process_2023,Positive Regulation Of Phosphatidylinositol 3-Kinase Activity (GO:0043552),4/26,0.3870083022741095,0.9999961806440713,0,0,1.321964991530209,1.2549534403331233,P2RY12;CCL21;KIT;FGF2,LumA,Suppressed
GO_Biological_Process_2023,Protein Localization To Cell Surface (GO:0034394),4/26,0.3870083022741095,0.9999961806440713,0,0,1.321964991530209,1.2549534403331233,FGF7;ANK2;FBLN5;GPIHBP1,LumA,Suppressed
GO_Biological_Process_2023,Regulation Of Cardiac Muscle Cell Contraction (GO:0086004),4/26,0.3870083022741095,0.9999961806440713,0,0,1.321964991530209,1.2549534403331233,CAV3;CAV1;ANK2;SCN5A,LumA,Suppressed
GO_Biological_Process_2023,Regulation Of Myeloid Cell Differentiation (GO:0045637),4/26,0.3870083022741095,0.9999961806440713,0,0,1.321964991530209,1.2549534403331233,CSF3;ZBTB16;MEIS2;HOXA5,LumA,Suppressed
GO_Biological_Process_2023,Regulation Of Reactive Oxygen Species Biosynthetic Process (GO:1903426),4/26,0.3870083022741095,0.9999961806440713,0,0,1.321964991530209,1.2549534403331233,ABCD2;CD36;PPARA;SNCA,LumA,Suppressed
GO_Biological_Process_2023,Regulation Of Vascular Endothelial Growth Factor Production (GO:0010574),4/26,0.3870083022741095,0.9999961806440713,0,0,1.321964991530209,1.2549534403331233,CCBE1;IL6;PTGS2;NODAL,LumA,Suppressed
GO_Biological_Process_2023,Protein Tetramerization (GO:0051262),10/73,0.3883629490037261,0.9999961806440713,0,0,1.1542693734474556,1.091725219379308,ALDH1A3;ALDH1A2;ME1;KIF25;AQP4;ACACB;GRIN2B;RYR3;KCNJ2;SNCA,LumA,Suppressed
GO_Biological_Process_2023,Organic Substance Transport (GO:0071702),26/201,0.3883886505141232,0.9999961806440713,0,0,1.0806662288818578,1.0220387503904802,CETP;SLC22A3;CHRNA7;AQP7;AQP4;CSN2;ABCA13;SLC6A2;RYR3;AQP1;SLC22A12;SLCO1B1;CDH23;PLTP;CUBN;ABCA6;CACNA2D1;CAV1;ABCA9;NRG1;ABCA8;SLCO1A2;TXNIP;SLC29A4;NMUR1;AQP7P3,LumA,Suppressed
GO_Biological_Process_2023,Carbon Dioxide Transport (GO:0015670),2/11,0.3912839700488776,0.9999961806440713,0,0,1.6155932515055396,1.5159462329034976,HBB;HBA1,LumA,Suppressed
GO_Biological_Process_2023,Catecholamine Biosynthetic Process (GO:0042423),2/11,0.3912839700488776,0.9999961806440713,0,0,1.6155932515055396,1.5159462329034976,MOXD2P;SNCA,LumA,Suppressed
GO_Biological_Process_2023,Cellular Response To Acetylcholine (GO:1905145),2/11,0.3912839700488776,0.9999961806440713,0,0,1.6155932515055396,1.5159462329034976,CHRM3;CHRNA7,LumA,Suppressed
GO_Biological_Process_2023,Central Nervous System Projection Neuron Axonogenesis (GO:0021952),2/11,0.3912839700488776,0.9999961806440713,0,0,1.6155932515055396,1.5159462329034976,NFIB;EPHB1,LumA,Suppressed
GO_Biological_Process_2023,Complement Receptor Mediated Signaling Pathway (GO:0002430),2/11,0.3912839700488776,0.9999961806440713,0,0,1.6155932515055396,1.5159462329034976,CR1;GPLD1,LumA,Suppressed
GO_Biological_Process_2023,Detection Of Light Stimulus Involved In Sensory Perception (GO:0050962),2/11,0.3912839700488776,0.9999961806440713,0,0,1.6155932515055396,1.5159462329034976,RPE65;CNGB1,LumA,Suppressed
GO_Biological_Process_2023,Detection Of Light Stimulus Involved In Visual Perception (GO:0050908),2/11,0.3912839700488776,0.9999961806440713,0,0,1.6155932515055396,1.5159462329034976,RPE65;CNGB1,LumA,Suppressed
GO_Biological_Process_2023,Digestive System Development (GO:0055123),2/11,0.3912839700488776,0.9999961806440713,0,0,1.6155932515055396,1.5159462329034976,CLMP;KIT,LumA,Suppressed
GO_Biological_Process_2023,Intestinal Absorption (GO:0050892),2/11,0.3912839700488776,0.9999961806440713,0,0,1.6155932515055396,1.5159462329034976,LEP;CD36,LumA,Suppressed
GO_Biological_Process_2023,Intestinal Lipid Absorption (GO:0098856),2/11,0.3912839700488776,0.9999961806440713,0,0,1.6155932515055396,1.5159462329034976,AKR1C1;CD36,LumA,Suppressed
GO_Biological_Process_2023,Leukotriene D4 Metabolic Process (GO:1901748),2/11,0.3912839700488776,0.9999961806440713,0,0,1.6155932515055396,1.5159462329034976,GGT3P;GGTA1,LumA,Suppressed
GO_Biological_Process_2023,Lipoprotein Transport (GO:0042953),2/11,0.3912839700488776,0.9999961806440713,0,0,1.6155932515055396,1.5159462329034976,PPARG;CD36,LumA,Suppressed
GO_Biological_Process_2023,Melanocyte Differentiation (GO:0030318),2/11,0.3912839700488776,0.9999961806440713,0,0,1.6155932515055396,1.5159462329034976,OCA2;KIT,LumA,Suppressed
GO_Biological_Process_2023,Negative Regulation Of Bone Remodeling (GO:0046851),2/11,0.3912839700488776,0.9999961806440713,0,0,1.6155932515055396,1.5159462329034976,IL6;SFRP1,LumA,Suppressed
GO_Biological_Process_2023,Negative Regulation Of Cellular Response To Vascular Endothelial Growth Factor Stimulus (GO:1902548),2/11,0.3912839700488776,0.9999961806440713,0,0,1.6155932515055396,1.5159462329034976,SPRY2;NRG1,LumA,Suppressed
GO_Biological_Process_2023,Negative Regulation Of Cyclase Activity (GO:0031280),2/11,0.3912839700488776,0.9999961806440713,0,0,1.6155932515055396,1.5159462329034976,GABBR2;EDNRB,LumA,Suppressed
GO_Biological_Process_2023,Negative Regulation Of Glucose Transmembrane Transport (GO:0010829),2/11,0.3912839700488776,0.9999961806440713,0,0,1.6155932515055396,1.5159462329034976,PID1;LEP,LumA,Suppressed
GO_Biological_Process_2023,Negative Regulation Of Heart Contraction (GO:0045822),2/11,0.3912839700488776,0.9999961806440713,0,0,1.6155932515055396,1.5159462329034976,ATP1A2;SPX,LumA,Suppressed
GO_Biological_Process_2023,Negative Regulation Of Nitrogen Compound Metabolic Process (GO:0051172),2/11,0.3912839700488776,0.9999961806440713,0,0,1.6155932515055396,1.5159462329034976,EDN1;EDNRB,LumA,Suppressed
GO_Biological_Process_2023,Negative Regulation Of Platelet-Derived Growth Factor Receptor Signaling Pathway (GO:0010642),2/11,0.3912839700488776,0.9999961806440713,0,0,1.6155932515055396,1.5159462329034976,APOD;SNCA,LumA,Suppressed
GO_Biological_Process_2023,Negative Regulation Of Reactive Oxygen Species Biosynthetic Process (GO:1903427),2/11,0.3912839700488776,0.9999961806440713,0,0,1.6155932515055396,1.5159462329034976,ABCD2;PPARA,LumA,Suppressed
GO_Biological_Process_2023,Negative Regulation Of Release Of Sequestered Calcium Ion Into Cytosol (GO:0051280),2/11,0.3912839700488776,0.9999961806440713,0,0,1.6155932515055396,1.5159462329034976,CASQ2;TRDN,LumA,Suppressed
GO_Biological_Process_2023,Negative Regulation Of Ryanodine-Sensitive Calcium-Release Channel Activity (GO:0060315),2/11,0.3912839700488776,0.9999961806440713,0,0,1.6155932515055396,1.5159462329034976,CASQ2;TRDN,LumA,Suppressed
GO_Biological_Process_2023,Neurotransmitter Biosynthetic Process (GO:0042136),2/11,0.3912839700488776,0.9999961806440713,0,0,1.6155932515055396,1.5159462329034976,MOXD2P;NOS1,LumA,Suppressed
GO_Biological_Process_2023,Nucleoside Phosphate Biosynthetic Process (GO:1901293),2/11,0.3912839700488776,0.9999961806440713,0,0,1.6155932515055396,1.5159462329034976,ME1;AK5,LumA,Suppressed
GO_Biological_Process_2023,Podocyte Differentiation (GO:0072112),2/11,0.3912839700488776,0.9999961806440713,0,0,1.6155932515055396,1.5159462329034976,PROM1;KLF15,LumA,Suppressed
GO_Biological_Process_2023,Positive Regulation Of Behavior (GO:0048520),2/11,0.3912839700488776,0.9999961806440713,0,0,1.6155932515055396,1.5159462329034976,NLGN1;NR4A3,LumA,Suppressed
GO_Biological_Process_2023,Positive Regulation Of Muscle Contraction (GO:0045933),2/11,0.3912839700488776,0.9999961806440713,0,0,1.6155932515055396,1.5159462329034976,MYOCD;PROK2,LumA,Suppressed
GO_Biological_Process_2023,Positive Regulation Of Myelination (GO:0031643),2/11,0.3912839700488776,0.9999961806440713,0,0,1.6155932515055396,1.5159462329034976,EGR2;NCMAP,LumA,Suppressed
GO_Biological_Process_2023,Positive Regulation Of Protein Maturation (GO:1903319),2/11,0.3912839700488776,0.9999961806440713,0,0,1.6155932515055396,1.5159462329034976,CCBE1;ANGPTL8,LumA,Suppressed
GO_Biological_Process_2023,Positive Regulation Of Vascular Permeability (GO:0043117),2/11,0.3912839700488776,0.9999961806440713,0,0,1.6155932515055396,1.5159462329034976,PDE2A;BMP6,LumA,Suppressed
GO_Biological_Process_2023,Regulation Of Amyloid Precursor Protein Catabolic Process (GO:1902991),2/11,0.3912839700488776,0.9999961806440713,0,0,1.6155932515055396,1.5159462329034976,PRNP;CHRNA7,LumA,Suppressed
GO_Biological_Process_2023,Regulation Of Astrocyte Differentiation (GO:0048710),2/11,0.3912839700488776,0.9999961806440713,0,0,1.6155932515055396,1.5159462329034976,BMP2;IL6,LumA,Suppressed
GO_Biological_Process_2023,Regulation Of Cell Activation (GO:0050865),2/11,0.3912839700488776,0.9999961806440713,0,0,1.6155932515055396,1.5159462329034976,IL6;NRG1,LumA,Suppressed
GO_Biological_Process_2023,Regulation Of Cell Communication By Electrical Coupling Involved In Cardiac Conduction (GO:1901844),2/11,0.3912839700488776,0.9999961806440713,0,0,1.6155932515055396,1.5159462329034976,CAV1;TRDN,LumA,Suppressed
GO_Biological_Process_2023,Regulation Of Phospholipase C Activity (GO:1900274),2/11,0.3912839700488776,0.9999961806440713,0,0,1.6155932515055396,1.5159462329034976,KIT;FGF2,LumA,Suppressed
GO_Biological_Process_2023,Retinoic Acid Receptor Signaling Pathway (GO:0048384),2/11,0.3912839700488776,0.9999961806440713,0,0,1.6155932515055396,1.5159462329034976,PPARG;RXRG,LumA,Suppressed
GO_Biological_Process_2023,Smooth Muscle Cell Differentiation (GO:0051145),2/11,0.3912839700488776,0.9999961806440713,0,0,1.6155932515055396,1.5159462329034976,MYOCD;EDNRB,LumA,Suppressed
GO_Biological_Process_2023,Tyrosine Metabolic Process (GO:0006570),2/11,0.3912839700488776,0.9999961806440713,0,0,1.6155932515055396,1.5159462329034976,OCA2;HPD,LumA,Suppressed
GO_Biological_Process_2023,Vitamin D Metabolic Process (GO:0042359),2/11,0.3912839700488776,0.9999961806440713,0,0,1.6155932515055396,1.5159462329034976,CYP1A1;CYP3A4,LumA,Suppressed
GO_Biological_Process_2023,Positive Regulation Of Carbohydrate Metabolic Process (GO:0045913),5/34,0.3942842559636729,0.9999961806440713,0,0,1.2536068336999686,1.1667107793841909,MLXIPL;PTH1R;IGF1;GPLD1;SNCA,LumA,Suppressed
GO_Biological_Process_2023,Response To Estrogen (GO:0043627),5/34,0.3942842559636729,0.9999961806440713,0,0,1.2536068336999686,1.1667107793841909,CRHBP;SLC34A2;SFRP1;CAV1;ESR2,LumA,Suppressed
GO_Biological_Process_2023,Semaphorin-Plexin Signaling Pathway (GO:0071526),5/34,0.3942842559636729,0.9999961806440713,0,0,1.2536068336999686,1.1667107793841909,SEMA3D;SEMA3A;SEMA3G;MET;PLXNA4,LumA,Suppressed
GO_Biological_Process_2023,Organic Hydroxy Compound Biosynthetic Process (GO:1901617),6/42,0.3987406905059223,0.9999961806440713,0,0,1.2118386517474788,1.114217743203121,CYP39A1;PSAT1;AKR1D1;AKR1C3;CYP7A1;CYP8B1,LumA,Suppressed
GO_Biological_Process_2023,Potassium Ion Import Across Plasma Membrane (GO:1990573),6/42,0.3987406905059223,0.9999961806440713,0,0,1.2118386517474788,1.114217743203121,ATP4A;FXYD2;KCNJ16;ATP1A2;ABCC9;KCNJ2,LumA,Suppressed
GO_Biological_Process_2023,Skeletal Muscle Tissue Development (GO:0007519),6/42,0.3987406905059223,0.9999961806440713,0,0,1.2118386517474788,1.114217743203121,EGR2;CAV2;CAV1;TCF21;DMD;MYOZ2,LumA,Suppressed
GO_Biological_Process_2023,Pyruvate Metabolic Process (GO:0006090),7/50,0.4015964482013699,0.9999961806440713,0,0,1.183674650005785,1.0798753255827005,PFKFB1;LDHB;NR4A3;KRT17;ME1;ALDOC;PCK1,LumA,Suppressed
GO_Biological_Process_2023,Cellular Response To Type II Interferon (GO:0071346),9/66,0.4046476766962151,0.9999961806440713,0,0,1.1481109412535488,1.0387401990338638,CCL14;CCL13;CCL24;CCL23;CCL21;AQP4;CCL18;CX3CL1;CCL16,LumA,Suppressed
GO_Biological_Process_2023,Receptor-Mediated Endocytosis (GO:0006898),16/122,0.4049931227883784,0.9999961806440713,0,0,1.0976844981508962,0.9921807642328488,CUBN;CLEC4M;CAV2;CAV1;STAB2;ADM;ADRB2;VLDLR;ACE2;MARCO;ADRB3;MRC1;CXCR2;CD36;FOLR1;SNCA,LumA,Suppressed
GO_Biological_Process_2023,NADP Metabolic Process (GO:0006739),3/19,0.4083996823882671,0.9999961806440713,0,0,1.363177773178808,1.2207379241173557,KRT17;ME1;FMO2,LumA,Suppressed
GO_Biological_Process_2023,Cellular Response To Catecholamine Stimulus (GO:0071870),3/19,0.4083996823882671,0.9999961806440713,0,0,1.363177773178808,1.2207379241173557,GNG2;NR4A3;SNCA,LumA,Suppressed
GO_Biological_Process_2023,Embryonic Digestive Tract Development (GO:0048566),3/19,0.4083996823882671,0.9999961806440713,0,0,1.363177773178808,1.2207379241173557,PKDCC;RBPMS2;TCF21,LumA,Suppressed
GO_Biological_Process_2023,Eye Morphogenesis (GO:0048592),3/19,0.4083996823882671,0.9999961806440713,0,0,1.363177773178808,1.2207379241173557,MFAP5;ALDH1A3;EFEMP1,LumA,Suppressed
GO_Biological_Process_2023,Fluid Transport (GO:0042044),3/19,0.4083996823882671,0.9999961806440713,0,0,1.363177773178808,1.2207379241173557,AQP7;AQP4;AQP7P3,LumA,Suppressed
GO_Biological_Process_2023,Gastrulation (GO:0007369),3/19,0.4083996823882671,0.9999961806440713,0,0,1.363177773178808,1.2207379241173557,NR4A3;GPC3;CER1,LumA,Suppressed
GO_Biological_Process_2023,Glycogen Metabolic Process (GO:0005977),3/19,0.4083996823882671,0.9999961806440713,0,0,1.363177773178808,1.2207379241173557,GYS2;PYGM;GYG2,LumA,Suppressed
GO_Biological_Process_2023,Glycosphingolipid Biosynthetic Process (GO:0006688),3/19,0.4083996823882671,0.9999961806440713,0,0,1.363177773178808,1.2207379241173557,ST8SIA1;ST8SIA2;ST6GALNAC3,LumA,Suppressed
GO_Biological_Process_2023,Inositol Phosphate-Mediated Signaling (GO:0048016),3/19,0.4083996823882671,0.9999961806440713,0,0,1.363177773178808,1.2207379241173557,EDN1;EDN3;NMUR1,LumA,Suppressed
GO_Biological_Process_2023,Leukotriene Biosynthetic Process (GO:0019370),3/19,0.4083996823882671,0.9999961806440713,0,0,1.363177773178808,1.2207379241173557,PLA2G4A;GGT3P;GGTA1,LumA,Suppressed
GO_Biological_Process_2023,Mesoderm Development (GO:0007498),3/19,0.4083996823882671,0.9999961806440713,0,0,1.363177773178808,1.2207379241173557,TCF15;TBXT;MEST,LumA,Suppressed
GO_Biological_Process_2023,Positive Regulation Of calcineurin-NFAT Signaling Cascade (GO:0070886),3/19,0.4083996823882671,0.9999961806440713,0,0,1.363177773178808,1.2207379241173557,C10ORF71;AKAP6;IGF1,LumA,Suppressed
GO_Biological_Process_2023,Positive Regulation Of Calcineurin-Mediated Signaling (GO:0106058),3/19,0.4083996823882671,0.9999961806440713,0,0,1.363177773178808,1.2207379241173557,C10ORF71;AKAP6;IGF1,LumA,Suppressed
GO_Biological_Process_2023,Receptor Clustering (GO:0043113),3/19,0.4083996823882671,0.9999961806440713,0,0,1.363177773178808,1.2207379241173557,PIGR;NLGN1;PTN,LumA,Suppressed
GO_Biological_Process_2023,Regulation Of Acute Inflammatory Response (GO:0002673),3/19,0.4083996823882671,0.9999961806440713,0,0,1.363177773178808,1.2207379241173557,IL6;C2CD4B;DNASE1L3,LumA,Suppressed
GO_Biological_Process_2023,Regulation Of Megakaryocyte Differentiation (GO:0045652),3/19,0.4083996823882671,0.9999961806440713,0,0,1.363177773178808,1.2207379241173557,TESC;MTURN;PF4,LumA,Suppressed
GO_Biological_Process_2023,Regulation Of Tissue Remodeling (GO:0034103),3/19,0.4083996823882671,0.9999961806440713,0,0,1.363177773178808,1.2207379241173557,LEP;LEPR;DDR2,LumA,Suppressed
GO_Biological_Process_2023,Skeletal Muscle Contraction (GO:0003009),3/19,0.4083996823882671,0.9999961806440713,0,0,1.363177773178808,1.2207379241173557,STAC;STAC2;TNNT3,LumA,Suppressed
GO_Biological_Process_2023,Steroid Hormone Biosynthetic Process (GO:0120178),3/19,0.4083996823882671,0.9999961806440713,0,0,1.363177773178808,1.2207379241173557,CYP11A1;HSD3B1;HSD17B2,LumA,Suppressed
GO_Biological_Process_2023,Water Transport (GO:0006833),3/19,0.4083996823882671,0.9999961806440713,0,0,1.363177773178808,1.2207379241173557,AQP7;AQP4;AQP7P3,LumA,Suppressed
GO_Biological_Process_2023,Xenobiotic Catabolic Process (GO:0042178),3/19,0.4083996823882671,0.9999961806440713,0,0,1.363177773178808,1.2207379241173557,CYP1A2;NOS1;CYP3A4,LumA,Suppressed
GO_Biological_Process_2023,Nitrogen Compound Transport (GO:0071705),21/163,0.4136259617544283,0.9999961806440713,0,0,1.0754825030248212,0.9494286270087722,CUBN;SLC22A3;EDN1;ABCC2;SLC36A2;SLC35F3;SLC6A15;SLC6A14;SLC7A14;HBB;NRG1;HBA1;SLC7A10;SLC6A2;AQP1;SLC7A3;SLC22A12;SLC19A3;TXNIP;SLC26A7;SLC29A4,LumA,Suppressed
GO_Biological_Process_2023,Activation Of Phospholipase C Activity (GO:0007202),4/27,0.415716344346203,0.9999961806440713,0,0,1.2644162390854263,1.1098440291706049,P2RY12;NMUR1;HTR2A;EGFR,LumA,Suppressed
GO_Biological_Process_2023,Amino Acid Import Across Plasma Membrane (GO:0089718),4/27,0.415716344346203,0.9999961806440713,0,0,1.2644162390854263,1.1098440291706049,SLC6A14;SLC1A3;SLC6A2;SLC7A3,LumA,Suppressed
GO_Biological_Process_2023,Glycerophospholipid Catabolic Process (GO:0046475),4/27,0.415716344346203,0.9999961806440713,0,0,1.2644162390854263,1.1098440291706049,PLA2G4E;ENPP2;PLA2G4A;ENPP6,LumA,Suppressed
GO_Biological_Process_2023,Positive Regulation Of Response To Wounding (GO:1903036),4/27,0.415716344346203,0.9999961806440713,0,0,1.2644162390854263,1.1098440291706049,KANK1;ANXA1;PTN;MYLK,LumA,Suppressed
GO_Biological_Process_2023,Regulation Of SMAD Protein Signal Transduction (GO:0060390),4/27,0.415716344346203,0.9999961806440713,0,0,1.2644162390854263,1.1098440291706049,PPARG;GDF5;BMP6;NODAL,LumA,Suppressed
GO_Biological_Process_2023,"Synaptic Transmission, Glutamatergic (GO:0035249)",4/27,0.415716344346203,0.9999961806440713,0,0,1.2644162390854263,1.1098440291706049,UNC13C;SLC17A7;GRIN2B;GRIA4,LumA,Suppressed
GO_Biological_Process_2023,Regulation Of Cell Motility (GO:2000145),16/123,0.4182306768538172,0.9999961806440713,0,0,1.0873635370117571,0.9478788696303302,TNXB;CAVIN1;CCL21;KRT5;LDB2;FGF1;FGF2;ADGRG3;FGF17;FGF7;FGF9;SST;SPOCK3;ENPP2;MGAT3;PLXNA4,LumA,Suppressed
GO_Biological_Process_2023,Endoderm Formation (GO:0001706),5/35,0.4194094191834783,0.9999961806440713,0,0,1.2117508975421154,1.052899687846777,SOX17;LAMB3;ITGA7;SOX7;NODAL,LumA,Suppressed
GO_Biological_Process_2023,One-Carbon Compound Transport (GO:0019755),5/35,0.4194094191834783,0.9999961806440713,0,0,1.2117508975421154,1.052899687846777,CA4;HBB;SLC26A7;SLC4A1;HBA1,LumA,Suppressed
GO_Biological_Process_2023,Regulation Of Cardiac Muscle Contraction (GO:0055117),5/35,0.4194094191834783,0.9999961806440713,0,0,1.2117508975421154,1.052899687846777,RGS2;CAV3;ANK2;NOS1;SCN5A,LumA,Suppressed
GO_Biological_Process_2023,Regulation Of Filopodium Assembly (GO:0051489),6/43,0.4213538322686229,0.9999961806440713,0,0,1.1790190522059565,1.019005347220555,PPP1R16B;TENM1;DOCK11;NLGN1;TENM2;CCL21,LumA,Suppressed
GO_Biological_Process_2023,Regulation Of Primary Metabolic Process (GO:0080090),6/43,0.4213538322686229,0.9999961806440713,0,0,1.1790190522059565,1.019005347220555,PSAPL1;ADGRF1;ADGRF5;ANGPTL8;PPARG;PPARA,LumA,Suppressed
GO_Biological_Process_2023,Regulation Of Epithelial To Mesenchymal Transition (GO:0010717),11/83,0.4219471272349324,0.9999961806440713,0,0,1.110874630860096,0.9585462400501212,CRB2;SFRP1;FOXC1;BMP2;IL6;TNXB;SPRY2;ALX1;FERMT2;TGFBR2;BMP5,LumA,Suppressed
GO_Biological_Process_2023,Cholesterol Transport (GO:0030301),7/51,0.4223230864676009,0.9999961806440713,0,0,1.1567069953263982,0.997063674670622,CETP;AKR1C1;CAV1;CD36;ABCA8;APOB;CES1,LumA,Suppressed
GO_Biological_Process_2023,Positive Regulation Of Protein Localization To Cell Periphery (GO:1904377),7/51,0.4223230864676009,0.9999961806440713,0,0,1.1567069953263982,0.997063674670622,STAC;EPB41L2;STAC2;SORBS1;EGFR;GNAI1;SPTBN1,LumA,Suppressed
GO_Biological_Process_2023,Epithelial Cell Differentiation (GO:0030855),17/132,0.4301816862489809,0.9999961806440713,0,0,1.0749085906671976,0.9067365977497824,ANXA1;AKR1C1;SPINK5;TCF21;AKR1C2;PROX1;KRT9;DMBT1;KRT17;KRT16;KRT15;GSTA1;KRT14;ALDOC;PPARG;PCK1;CES1,LumA,Suppressed
GO_Biological_Process_2023,Response To Tumor Necrosis Factor (GO:0034612),14/108,0.4341234592068682,0.9999961806440713,0,0,1.0829300659087893,0.903625346591058,CCL14;CCL13;CCL24;CCL23;PID1;CCL21;ADIPOQ;CX3CL1;CRHBP;ZFP36;SFRP1;HYAL1;CCL18;CCL16,LumA,Suppressed
GO_Biological_Process_2023,Adipose Tissue Development (GO:0060612),2/12,0.4356327606219385,0.9999961806440713,0,0,1.4539511791477038,1.2081689946985537,DGAT2;SOX8,LumA,Suppressed
GO_Biological_Process_2023,Adult Locomotory Behavior (GO:0008344),2/12,0.4356327606219385,0.9999961806440713,0,0,1.4539511791477038,1.2081689946985537,NTF4;DRD2,LumA,Suppressed
GO_Biological_Process_2023,Defense Response To Tumor Cell (GO:0002357),2/12,0.4356327606219385,0.9999961806440713,0,0,1.4539511791477038,1.2081689946985537,KLF4;RBMS3,LumA,Suppressed
GO_Biological_Process_2023,Epithelial Cell Morphogenesis (GO:0003382),2/12,0.4356327606219385,0.9999961806440713,0,0,1.4539511791477038,1.2081689946985537,DACT2;MET,LumA,Suppressed
GO_Biological_Process_2023,Fatty Acid Transmembrane Transport (GO:1902001),2/12,0.4356327606219385,0.9999961806440713,0,0,1.4539511791477038,1.2081689946985537,ABCD2;CD36,LumA,Suppressed
GO_Biological_Process_2023,Glucose Import (GO:0046323),2/12,0.4356327606219385,0.9999961806440713,0,0,1.4539511791477038,1.2081689946985537,TRARG1;SLC2A4,LumA,Suppressed
GO_Biological_Process_2023,Granulocyte Activation (GO:0036230),2/12,0.4356327606219385,0.9999961806440713,0,0,1.4539511791477038,1.2081689946985537,CXCL6;CXCR2,LumA,Suppressed
GO_Biological_Process_2023,Granulocyte Differentiation (GO:0030851),2/12,0.4356327606219385,0.9999961806440713,0,0,1.4539511791477038,1.2081689946985537,CEBPA;CSF3,LumA,Suppressed
GO_Biological_Process_2023,Lipoprotein Localization (GO:0044872),2/12,0.4356327606219385,0.9999961806440713,0,0,1.4539511791477038,1.2081689946985537,PPARG;CD36,LumA,Suppressed
GO_Biological_Process_2023,Mesoderm Morphogenesis (GO:0048332),2/12,0.4356327606219385,0.9999961806440713,0,0,1.4539511791477038,1.2081689946985537,CRB2;TBXT,LumA,Suppressed
GO_Biological_Process_2023,Negative Regulation Of Alcohol Biosynthetic Process (GO:1902931),2/12,0.4356327606219385,0.9999961806440713,0,0,1.4539511791477038,1.2081689946985537,BMP2;BMP5,LumA,Suppressed
GO_Biological_Process_2023,Negative Regulation Of Coagulation (GO:0050819),2/12,0.4356327606219385,0.9999961806440713,0,0,1.4539511791477038,1.2081689946985537,EDN1;TFPI,LumA,Suppressed
GO_Biological_Process_2023,Negative Regulation Of Locomotion (GO:0040013),2/12,0.4356327606219385,0.9999961806440713,0,0,1.4539511791477038,1.2081689946985537,SPOCK3;ELANE,LumA,Suppressed
GO_Biological_Process_2023,Nucleotide Metabolic Process (GO:0009117),2/12,0.4356327606219385,0.9999961806440713,0,0,1.4539511791477038,1.2081689946985537,ME1;ENPP3,LumA,Suppressed
GO_Biological_Process_2023,Polysaccharide Biosynthetic Process (GO:0000271),2/12,0.4356327606219385,0.9999961806440713,0,0,1.4539511791477038,1.2081689946985537,HAS1;HAS3,LumA,Suppressed
GO_Biological_Process_2023,Porphyrin-Containing Compound Catabolic Process (GO:0006787),2/12,0.4356327606219385,0.9999961806440713,0,0,1.4539511791477038,1.2081689946985537,SLCO1B1;ABCC2,LumA,Suppressed
GO_Biological_Process_2023,Positive Regulation Of Cellular Extravasation (GO:0002693),2/12,0.4356327606219385,0.9999961806440713,0,0,1.4539511791477038,1.2081689946985537,LYVE1;XG,LumA,Suppressed
GO_Biological_Process_2023,Positive Regulation Of Integrin-Mediated Signaling Pathway (GO:2001046),2/12,0.4356327606219385,0.9999961806440713,0,0,1.4539511791477038,1.2081689946985537,LAMA1;LIMS2,LumA,Suppressed
GO_Biological_Process_2023,Positive Regulation Of Neuroinflammatory Response (GO:0150078),2/12,0.4356327606219385,0.9999961806440713,0,0,1.4539511791477038,1.2081689946985537,IL33;IL6,LumA,Suppressed
GO_Biological_Process_2023,Positive Regulation Of Regulated Secretory Pathway (GO:1903307),2/12,0.4356327606219385,0.9999961806440713,0,0,1.4539511791477038,1.2081689946985537,NLGN1;KCNB1,LumA,Suppressed
GO_Biological_Process_2023,Positive Regulation Of Ruffle Assembly (GO:1900029),2/12,0.4356327606219385,0.9999961806440713,0,0,1.4539511791477038,1.2081689946985537,P2RY12;NLGN1,LumA,Suppressed
GO_Biological_Process_2023,Positive Regulation Of Vascular Endothelial Cell Proliferation (GO:1905564),2/12,0.4356327606219385,0.9999961806440713,0,0,1.4539511791477038,1.2081689946985537,PSG1;FGF2,LumA,Suppressed
GO_Biological_Process_2023,Regulation Of Hematopoietic Stem Cell Differentiation (GO:1902036),2/12,0.4356327606219385,0.9999961806440713,0,0,1.4539511791477038,1.2081689946985537,FOXC1;TCF15,LumA,Suppressed
GO_Biological_Process_2023,Regulation Of Platelet-Derived Growth Factor Receptor Signaling Pathway (GO:0010640),2/12,0.4356327606219385,0.9999961806440713,0,0,1.4539511791477038,1.2081689946985537,APOD;SNCA,LumA,Suppressed
GO_Biological_Process_2023,Regulation Of Tube Diameter (GO:0035296),2/12,0.4356327606219385,0.9999961806440713,0,0,1.4539511791477038,1.2081689946985537,ACE2;NPR1,LumA,Suppressed
GO_Biological_Process_2023,Response To Interleukin-6 (GO:0070741),2/12,0.4356327606219385,0.9999961806440713,0,0,1.4539511791477038,1.2081689946985537,PID1;PTGIS,LumA,Suppressed
GO_Biological_Process_2023,Response To Iron Ion (GO:0010039),2/12,0.4356327606219385,0.9999961806440713,0,0,1.4539511791477038,1.2081689946985537,BMP6;SNCA,LumA,Suppressed
GO_Biological_Process_2023,Secretion (GO:0046903),2/12,0.4356327606219385,0.9999961806440713,0,0,1.4539511791477038,1.2081689946985537,NPR1;FBLN5,LumA,Suppressed
GO_Biological_Process_2023,Semaphorin-Plexin Signaling Pathway Involved In Neuron Projection Guidance (GO:1902285),2/12,0.4356327606219385,0.9999961806440713,0,0,1.4539511791477038,1.2081689946985537,SEMA3A;PLXNA4,LumA,Suppressed
GO_Biological_Process_2023,Spinal Cord Development (GO:0021510),2/12,0.4356327606219385,0.9999961806440713,0,0,1.4539511791477038,1.2081689946985537,VIT;RELN,LumA,Suppressed
GO_Biological_Process_2023,Synaptic Membrane Adhesion (GO:0099560),2/12,0.4356327606219385,0.9999961806440713,0,0,1.4539511791477038,1.2081689946985537,LRFN5;SLITRK2,LumA,Suppressed
GO_Biological_Process_2023,Triglyceride Catabolic Process (GO:0019433),2/12,0.4356327606219385,0.9999961806440713,0,0,1.4539511791477038,1.2081689946985537,LIPE;GPIHBP1,LumA,Suppressed
GO_Biological_Process_2023,Vascular Process In Circulatory System (GO:0003018),2/12,0.4356327606219385,0.9999961806440713,0,0,1.4539511791477038,1.2081689946985537,ACE2;NPR1,LumA,Suppressed
GO_Biological_Process_2023,Response To Retinoic Acid (GO:0032526),8/60,0.4418901253013069,0.9999961806440713,0,0,1.1185272628657117,0.9134945190693696,WNT6;WNT10B;FZD4;TESC;ALDH1A2;HSD17B2;RXRG;AQP1,LumA,Suppressed
GO_Biological_Process_2023,Sterol Metabolic Process (GO:0016125),8/60,0.4418901253013069,0.9999961806440713,0,0,1.1185272628657117,0.9134945190693696,CYP39A1;CETP;CYP26B1;CYP11A1;APOB;CYP7A1;CYP8B1;CES1,LumA,Suppressed
GO_Biological_Process_2023,Calcium-Mediated Signaling Using Intracellular Calcium Source (GO:0035584),3/20,0.4422273240117549,0.9999961806440713,0,0,1.2829178028827426,1.04677268985733,PRNP;PTGFR;DEFB1,LumA,Suppressed
GO_Biological_Process_2023,Endothelial Cell Development (GO:0001885),3/20,0.4422273240117549,0.9999961806440713,0,0,1.2829178028827426,1.04677268985733,PPP1R16B;PDE2A;MET,LumA,Suppressed
GO_Biological_Process_2023,Intracellular Monoatomic Ion Homeostasis (GO:0006873),3/20,0.4422273240117549,0.9999961806440713,0,0,1.2829178028827426,1.04677268985733,SLC4A1;SLC39A12;CLDN16,LumA,Suppressed
GO_Biological_Process_2023,Negative Regulation Of Cyclin-Dependent Protein Kinase Activity (GO:1904030),3/20,0.4422273240117549,0.9999961806440713,0,0,1.2829178028827426,1.04677268985733,CDKN1C;CEBPA;MYOCD,LumA,Suppressed
GO_Biological_Process_2023,Negative Regulation Of Cytokine Production Involved In Inflammatory Response (GO:1900016),3/20,0.4422273240117549,0.9999961806440713,0,0,1.2829178028827426,1.04677268985733,ABCD2;APOD;PPARA,LumA,Suppressed
GO_Biological_Process_2023,Negative Regulation Of miRNA Transcription (GO:1902894),3/20,0.4422273240117549,0.9999961806440713,0,0,1.2829178028827426,1.04677268985733,NFIB;PPARG;PPARA,LumA,Suppressed
GO_Biological_Process_2023,Negative Regulation Of Protein Localization To Plasma Membrane (GO:1903077),3/20,0.4422273240117549,0.9999961806440713,0,0,1.2829178028827426,1.04677268985733,PID1;PKDCC;MRAP2,LumA,Suppressed
GO_Biological_Process_2023,Positive Regulation Of Epithelial Cell Differentiation (GO:0030858),3/20,0.4422273240117549,0.9999961806440713,0,0,1.2829178028827426,1.04677268985733,TMEM100;ATOH8;FGF2,LumA,Suppressed
GO_Biological_Process_2023,Positive Regulation Of Leukocyte Activation (GO:0002696),3/20,0.4422273240117549,0.9999961806440713,0,0,1.2829178028827426,1.04677268985733,CEBPA;IL33;TSLP,LumA,Suppressed
GO_Biological_Process_2023,Regulation Of Cardiac Muscle Contraction By Calcium Ion Signaling (GO:0010882),3/20,0.4422273240117549,0.9999961806440713,0,0,1.2829178028827426,1.04677268985733,CASQ2;ATP1A2;DMD,LumA,Suppressed
GO_Biological_Process_2023,Regulation Of Fibroblast Migration (GO:0010762),3/20,0.4422273240117549,0.9999961806440713,0,0,1.2829178028827426,1.04677268985733,HAS1;FGF2;DDR2,LumA,Suppressed
GO_Biological_Process_2023,Response To Fibroblast Growth Factor (GO:0071774),3/20,0.4422273240117549,0.9999961806440713,0,0,1.2829178028827426,1.04677268985733,SFRP1;ZFP36;HYAL1,LumA,Suppressed
GO_Biological_Process_2023,Striated Muscle Cell Differentiation (GO:0051146),3/20,0.4422273240117549,0.9999961806440713,0,0,1.2829178028827426,1.04677268985733,MYOCD;BMP2;NRG1,LumA,Suppressed
GO_Biological_Process_2023,Cardiac Muscle Tissue Development (GO:0048738),7/52,0.4429731171499587,0.9999961806440713,0,0,1.1309379030772069,0.9208618836977313,MYOCD;BMP2;NRG1;SCN5A;SGCZ;SGCG;BMP5,LumA,Suppressed
GO_Biological_Process_2023,Neurotransmitter Transport (GO:0006836),7/52,0.4429731171499587,0.9999961806440713,0,0,1.1309379030772069,0.9208618836977313,SLC22A3;SLC6A15;SLC29A4;SLC1A3;SLC17A7;SLC6A2;SYN2,LumA,Suppressed
GO_Biological_Process_2023,Sprouting Angiogenesis (GO:0002040),7/52,0.4429731171499587,0.9999961806440713,0,0,1.1309379030772069,0.9208618836977313,CCBE1;BMPER;ANGPT1;RSPO3;VEGFD;FGF2;GPLD1,LumA,Suppressed
GO_Biological_Process_2023,Neural Crest Cell Development (GO:0014032),6/44,0.4438484763100639,0.9999961806440713,0,0,1.1479268000087246,0.9324288486273896,SEMA3D;SEMA3A;SEMA3G;SOX8;NRG1;SOX10,LumA,Suppressed
GO_Biological_Process_2023,Cell-Substrate Junction Assembly (GO:0007044),4/28,0.4441078115763819,0.9999961806440713,0,0,1.211663216011042,0.9834924042199212,COL17A1;DST;SORBS1;FERMT2,LumA,Suppressed
GO_Biological_Process_2023,Phospholipid Catabolic Process (GO:0009395),4/28,0.4441078115763819,0.9999961806440713,0,0,1.211663216011042,0.9834924042199212,PLA2G4E;ENPP2;PLA2G4A;ENPP6,LumA,Suppressed
GO_Biological_Process_2023,Regulation Of Glucose Import (GO:0046324),5/36,0.4443466251342765,0.9999961806440713,0,0,1.1725953443621884,0.9511511050952834,PID1;LEP;ITLN1;IGF1;SORBS1,LumA,Suppressed
GO_Biological_Process_2023,Regulation Of Wnt Signaling Pathway (GO:0030111),14/109,0.4483359919256066,0.9999961806440713,0,0,1.0714695262063685,0.8595460819493974,KANK1;APCDD1;SFRP1;BMP2;WIF1;GPC3;CCNYL2;RSPO3;SOSTDC1;RSPO1;LGR6;SOX7;FOLR1;CER1,LumA,Suppressed
GO_Biological_Process_2023,Regulation Of Endothelial Cell Proliferation (GO:0001936),12/93,0.452195947738652,0.9999961806440713,0,0,1.0771053562910646,0.8548335507167021,PPP1R16B;CCL24;BMP2;ANGPT1;CAV2;TNMD;CAV1;LEP;ATOH8;VEGFD;PROX1;FGF2,LumA,Suppressed
GO_Biological_Process_2023,Positive Regulation Of Endothelial Cell Migration (GO:0010595),11/85,0.4542436478178837,0.9999961806440713,0,0,1.0807275298554369,0.8528253896406578,ANGPT4;EDN1;ANGPT1;ATOH8;PSG1;PROX1;FGF1;PLPP3;FGF2;MET;GPLD1,LumA,Suppressed
GO_Biological_Process_2023,Regulation Of Osteoblast Differentiation (GO:0045667),11/85,0.4542436478178837,0.9999961806440713,0,0,1.0807275298554369,0.8528253896406578,GDF10;IL6;PTCH1;FFAR4;TWIST2;PPARG;IGF1;TP63;BMP6;FERMT2;DDR2,LumA,Suppressed
GO_Biological_Process_2023,Regulation Of Endopeptidase Activity (GO:0052548),9/69,0.4586271965155398,0.9999961806440713,0,0,1.0905186721991702,0.8500785057070394,CRB2;SERPINB4;SERPINB12;SERPIND1;SPOCK3;FETUB;NRG1;TIMP4;SERPINB5,LumA,Suppressed
GO_Biological_Process_2023,Cytokine-Mediated Signaling Pathway (GO:0019221),32/257,0.4587216446589325,0.9999961806440713,0,0,1.034105106363171,0.8058901996611936,CCL14;CNTFR;CCL13;CXCL6;CEBPA;FOXC1;CSF3;CXCL1;CXCL3;CXCL2;CX3CL1;CXCL5;GHR;CXCR2;LEPR;CCL18;PF4V1;CCL16;EGR1;CCL24;IL33;CCL23;CCL21;IL34;LIFR;PPBP;GREM2;IL6;IFNE;LEP;KIT;PF4,LumA,Suppressed
GO_Biological_Process_2023,Carboxylic Acid Transport (GO:0046942),7/53,0.4634940636543394,0.9999961806440713,0,0,1.106289206143197,0.850694030537064,SLC36A2;SLC6A15;SLC6A14;SLC7A14;SLC16A7;SLC7A10;SLC7A3,LumA,Suppressed
GO_Biological_Process_2023,Positive Regulation Of Chemokine Production (GO:0032722),7/53,0.4634940636543394,0.9999961806440713,0,0,1.106289206143197,0.850694030537064,EGR1;IL33;IL6;TSLP;ADIPOQ;FFAR3;DEFB124,LumA,Suppressed
GO_Biological_Process_2023,Tight Junction Assembly (GO:0120192),7/53,0.4634940636543394,0.9999961806440713,0,0,1.106289206143197,0.850694030537064,CLDN11;CLDN10;CLDN5;CLDN8;CLDN19;CLDN16;CLDN2,LumA,Suppressed
GO_Biological_Process_2023,Muscle Tissue Development (GO:0060537),5/37,0.4690087146740545,0.9999961806440713,0,0,1.1358870132560066,0.8600185976031697,CAV1;PTCH1;DMD;PGM5;MYOZ2,LumA,Suppressed
GO_Biological_Process_2023,Negative Regulation Of Smooth Muscle Cell Proliferation (GO:0048662),5/37,0.4690087146740545,0.9999961806440713,0,0,1.1358870132560066,0.8600185976031697,CNN1;BMP2;APOD;PPARG;PPARGC1A,LumA,Suppressed
GO_Biological_Process_2023,Positive Regulation Of Receptor Signaling Pathway Via STAT (GO:1904894),5/37,0.4690087146740545,0.9999961806440713,0,0,1.1358870132560066,0.8600185976031697,GHR;IL6;TSLP;LEP;KIT,LumA,Suppressed
GO_Biological_Process_2023,Defense Response To Fungus (GO:0050832),4/29,0.472061209340636,0.9999961806440713,0,0,1.1631304347826088,0.8730999306494748,NLRP10;RNASE7;S100A12;NRG1,LumA,Suppressed
GO_Biological_Process_2023,Maintenance Of Blood-Brain Barrier (GO:0035633),4/29,0.472061209340636,0.9999961806440713,0,0,1.1631304347826088,0.8730999306494748,CLDN5;IL6;DMD;JAM2,LumA,Suppressed
GO_Biological_Process_2023,Regulation Of Neuron Migration (GO:2001222),4/29,0.472061209340636,0.9999961806440713,0,0,1.1631304347826088,0.8730999306494748,IGSF10;RELN;SEMA3A;CX3CL1,LumA,Suppressed
GO_Biological_Process_2023,Sarcomere Organization (GO:0045214),4/29,0.472061209340636,0.9999961806440713,0,0,1.1631304347826088,0.8730999306494748,TNNT3;MYOZ2;MYOM2;MYPN,LumA,Suppressed
GO_Biological_Process_2023,C-terminal Protein Lipidation (GO:0006501),1/5,0.4751460328637452,0.9999961806440713,0,0,1.8173076923076923,1.3523187787240016,GPLD1,LumA,Suppressed
GO_Biological_Process_2023,DNA Methylation Involved In Embryo Development (GO:0043045),1/5,0.4751460328637452,0.9999961806440713,0,0,1.8173076923076923,1.3523187787240016,STPG4,LumA,Suppressed
GO_Biological_Process_2023,ERBB2-EGFR Signaling Pathway (GO:0038134),1/5,0.4751460328637452,0.9999961806440713,0,0,1.8173076923076923,1.3523187787240016,EGFR,LumA,Suppressed
GO_Biological_Process_2023,L-ascorbic Acid Metabolic Process (GO:0019852),1/5,0.4751460328637452,0.9999961806440713,0,0,1.8173076923076923,1.3523187787240016,RGN,LumA,Suppressed
GO_Biological_Process_2023,L-aspartate Import Across Plasma Membrane (GO:0140009),1/5,0.4751460328637452,0.9999961806440713,0,0,1.8173076923076923,1.3523187787240016,SLC1A3,LumA,Suppressed
GO_Biological_Process_2023,L-aspartate Transmembrane Transport (GO:0070778),1/5,0.4751460328637452,0.9999961806440713,0,0,1.8173076923076923,1.3523187787240016,SLC1A3,LumA,Suppressed
GO_Biological_Process_2023,L-ornithine Transmembrane Transport (GO:1903352),1/5,0.4751460328637452,0.9999961806440713,0,0,1.8173076923076923,1.3523187787240016,SLC7A3,LumA,Suppressed
GO_Biological_Process_2023,Adenylate Cyclase-Activating Dopamine Receptor Signaling Pathway (GO:0007191),1/5,0.4751460328637452,0.9999961806440713,0,0,1.8173076923076923,1.3523187787240016,GNG2,LumA,Suppressed
GO_Biological_Process_2023,"Anterior/Posterior Axis Specification, Embryo (GO:0008595)",1/5,0.4751460328637452,0.9999961806440713,0,0,1.8173076923076923,1.3523187787240016,TBXT,LumA,Suppressed
GO_Biological_Process_2023,Aromatic Compound Biosynthetic Process (GO:0019438),1/5,0.4751460328637452,0.9999961806440713,0,0,1.8173076923076923,1.3523187787240016,PSAT1,LumA,Suppressed
GO_Biological_Process_2023,Blood Vessel Endothelial Cell Proliferation Involved In Sprouting Angiogenesis (GO:0002043),1/5,0.4751460328637452,0.9999961806440713,0,0,1.8173076923076923,1.3523187787240016,BMPER,LumA,Suppressed
GO_Biological_Process_2023,Bradykinin Catabolic Process (GO:0010815),1/5,0.4751460328637452,0.9999961806440713,0,0,1.8173076923076923,1.3523187787240016,MME,LumA,Suppressed
GO_Biological_Process_2023,Cell Junction Disassembly (GO:0150146),1/5,0.4751460328637452,0.9999961806440713,0,0,1.8173076923076923,1.3523187787240016,CX3CL1,LumA,Suppressed
GO_Biological_Process_2023,Cell-Cell Signaling Involved In Cardiac Conduction (GO:0086019),1/5,0.4751460328637452,0.9999961806440713,0,0,1.8173076923076923,1.3523187787240016,CASQ2,LumA,Suppressed
GO_Biological_Process_2023,Cellular Response To Iron Ion (GO:0071281),1/5,0.4751460328637452,0.9999961806440713,0,0,1.8173076923076923,1.3523187787240016,BMP6,LumA,Suppressed
GO_Biological_Process_2023,Cholesterol Import (GO:0070508),1/5,0.4751460328637452,0.9999961806440713,0,0,1.8173076923076923,1.3523187787240016,CD36,LumA,Suppressed
GO_Biological_Process_2023,Establishment Of Lymphocyte Polarity (GO:0001767),1/5,0.4751460328637452,0.9999961806440713,0,0,1.8173076923076923,1.3523187787240016,CCL21,LumA,Suppressed
GO_Biological_Process_2023,Forebrain Neuron Differentiation (GO:0021879),1/5,0.4751460328637452,0.9999961806440713,0,0,1.8173076923076923,1.3523187787240016,LHX6,LumA,Suppressed
GO_Biological_Process_2023,Gamma-Aminobutyric Acid Metabolic Process (GO:0009448),1/5,0.4751460328637452,0.9999961806440713,0,0,1.8173076923076923,1.3523187787240016,ALDH1A1,LumA,Suppressed
GO_Biological_Process_2023,Glomerulus Vasculature Development (GO:0072012),1/5,0.4751460328637452,0.9999961806440713,0,0,1.8173076923076923,1.3523187787240016,CD34,LumA,Suppressed
GO_Biological_Process_2023,Glucocorticoid Biosynthetic Process (GO:0006704),1/5,0.4751460328637452,0.9999961806440713,0,0,1.8173076923076923,1.3523187787240016,CYP11A1,LumA,Suppressed
GO_Biological_Process_2023,Glycolipid Transport (GO:0046836),1/5,0.4751460328637452,0.9999961806440713,0,0,1.8173076923076923,1.3523187787240016,PLTP,LumA,Suppressed
GO_Biological_Process_2023,Glycosylceramide Catabolic Process (GO:0046477),1/5,0.4751460328637452,0.9999961806440713,0,0,1.8173076923076923,1.3523187787240016,LCT,LumA,Suppressed
GO_Biological_Process_2023,Heme Transport (GO:0015886),1/5,0.4751460328637452,0.9999961806440713,0,0,1.8173076923076923,1.3523187787240016,NRG1,LumA,Suppressed
GO_Biological_Process_2023,Hexose Catabolic Process (GO:0019320),1/5,0.4751460328637452,0.9999961806440713,0,0,1.8173076923076923,1.3523187787240016,TKTL1,LumA,Suppressed
GO_Biological_Process_2023,Inflammatory Response To Wounding (GO:0090594),1/5,0.4751460328637452,0.9999961806440713,0,0,1.8173076923076923,1.3523187787240016,IL6,LumA,Suppressed
GO_Biological_Process_2023,Intracellular Phosphate Ion Homeostasis (GO:0030643),1/5,0.4751460328637452,0.9999961806440713,0,0,1.8173076923076923,1.3523187787240016,SLC34A2,LumA,Suppressed
GO_Biological_Process_2023,Iron Coordination Entity Transport (GO:1901678),1/5,0.4751460328637452,0.9999961806440713,0,0,1.8173076923076923,1.3523187787240016,NRG1,LumA,Suppressed
GO_Biological_Process_2023,Leukocyte Chemotaxis Involved In Inflammatory Response (GO:0002232),1/5,0.4751460328637452,0.9999961806440713,0,0,1.8173076923076923,1.3523187787240016,PTN,LumA,Suppressed
GO_Biological_Process_2023,mRNA 5'-Splice Site Recognition (GO:0000395),1/5,0.4751460328637452,0.9999961806440713,0,0,1.8173076923076923,1.3523187787240016,SRSF12,LumA,Suppressed
GO_Biological_Process_2023,Medium-Chain Fatty Acid Biosynthetic Process (GO:0051792),1/5,0.4751460328637452,0.9999961806440713,0,0,1.8173076923076923,1.3523187787240016,OLAH,LumA,Suppressed
GO_Biological_Process_2023,Medium-Chain fatty-acyl-CoA Metabolic Process (GO:0036112),1/5,0.4751460328637452,0.9999961806440713,0,0,1.8173076923076923,1.3523187787240016,ACSM2A,LumA,Suppressed
GO_Biological_Process_2023,Mesenchymal Cell Differentiation Involved In Kidney Development (GO:0072161),1/5,0.4751460328637452,0.9999961806440713,0,0,1.8173076923076923,1.3523187787240016,TCF21,LumA,Suppressed
GO_Biological_Process_2023,Mesodermal Cell Fate Commitment (GO:0001710),1/5,0.4751460328637452,0.9999961806440713,0,0,1.8173076923076923,1.3523187787240016,KLF4,LumA,Suppressed
GO_Biological_Process_2023,Metanephric Collecting Duct Development (GO:0072205),1/5,0.4751460328637452,0.9999961806440713,0,0,1.8173076923076923,1.3523187787240016,PTCH1,LumA,Suppressed
GO_Biological_Process_2023,Monoterpenoid Metabolic Process (GO:0016098),1/5,0.4751460328637452,0.9999961806440713,0,0,1.8173076923076923,1.3523187787240016,CYP3A4,LumA,Suppressed
GO_Biological_Process_2023,Negative Regulation Of Amyloid Precursor Protein Biosynthetic Process (GO:0042985),1/5,0.4751460328637452,0.9999961806440713,0,0,1.8173076923076923,1.3523187787240016,ITM2A,LumA,Suppressed
GO_Biological_Process_2023,Negative Regulation Of Cardiac Muscle Cell Differentiation (GO:2000726),1/5,0.4751460328637452,0.9999961806440713,0,0,1.8173076923076923,1.3523187787240016,SOX6,LumA,Suppressed
GO_Biological_Process_2023,Negative Regulation Of Cell Size (GO:0045792),1/5,0.4751460328637452,0.9999961806440713,0,0,1.8173076923076923,1.3523187787240016,CAV3,LumA,Suppressed
GO_Biological_Process_2023,Negative Regulation Of Erythrocyte Differentiation (GO:0045647),1/5,0.4751460328637452,0.9999961806440713,0,0,1.8173076923076923,1.3523187787240016,ZFP36,LumA,Suppressed
GO_Biological_Process_2023,Negative Regulation Of Fibroblast Migration (GO:0010764),1/5,0.4751460328637452,0.9999961806440713,0,0,1.8173076923076923,1.3523187787240016,HAS1,LumA,Suppressed
GO_Biological_Process_2023,Negative Regulation Of Glucocorticoid Receptor Signaling Pathway (GO:2000323),1/5,0.4751460328637452,0.9999961806440713,0,0,1.8173076923076923,1.3523187787240016,PER1,LumA,Suppressed
GO_Biological_Process_2023,Negative Regulation Of Insulin-Like Growth Factor Receptor Signaling Pathway (GO:0043569),1/5,0.4751460328637452,0.9999961806440713,0,0,1.8173076923076923,1.3523187787240016,BMP5,LumA,Suppressed
GO_Biological_Process_2023,Negative Regulation Of Lens Fiber Cell Differentiation (GO:1902747),1/5,0.4751460328637452,0.9999961806440713,0,0,1.8173076923076923,1.3523187787240016,SPRY2,LumA,Suppressed
GO_Biological_Process_2023,Negative Regulation Of Lipoprotein Lipase Activity (GO:0051005),1/5,0.4751460328637452,0.9999961806440713,0,0,1.8173076923076923,1.3523187787240016,ANGPTL4,LumA,Suppressed
GO_Biological_Process_2023,Negative Regulation Of Mast Cell Activation (GO:0033004),1/5,0.4751460328637452,0.9999961806440713,0,0,1.8173076923076923,1.3523187787240016,ENPP3,LumA,Suppressed
GO_Biological_Process_2023,Negative Regulation Of Nervous System Process (GO:0031645),1/5,0.4751460328637452,0.9999961806440713,0,0,1.8173076923076923,1.3523187787240016,JAM2,LumA,Suppressed
GO_Biological_Process_2023,Negative Regulation Of Neuron Migration (GO:2001223),1/5,0.4751460328637452,0.9999961806440713,0,0,1.8173076923076923,1.3523187787240016,CX3CL1,LumA,Suppressed
GO_Biological_Process_2023,Negative Regulation Of Protein Targeting To Membrane (GO:0090315),1/5,0.4751460328637452,0.9999961806440713,0,0,1.8173076923076923,1.3523187787240016,KCNE1,LumA,Suppressed
GO_Biological_Process_2023,Negative Regulation Of Trophoblast Cell Migration (GO:1901164),1/5,0.4751460328637452,0.9999961806440713,0,0,1.8173076923076923,1.3523187787240016,NODAL,LumA,Suppressed
GO_Biological_Process_2023,Neurotransmitter Loading Into Synaptic Vesicle (GO:0098700),1/5,0.4751460328637452,0.9999961806440713,0,0,1.8173076923076923,1.3523187787240016,SLC17A7,LumA,Suppressed
GO_Biological_Process_2023,Neurotransmitter-Gated Ion Channel Clustering (GO:0072578),1/5,0.4751460328637452,0.9999961806440713,0,0,1.8173076923076923,1.3523187787240016,NLGN1,LumA,Suppressed
GO_Biological_Process_2023,Nucleoside Transport (GO:0015858),1/5,0.4751460328637452,0.9999961806440713,0,0,1.8173076923076923,1.3523187787240016,SLC29A4,LumA,Suppressed
GO_Biological_Process_2023,Nucleoside Triphosphate Biosynthetic Process (GO:0009142),1/5,0.4751460328637452,0.9999961806440713,0,0,1.8173076923076923,1.3523187787240016,AK5,LumA,Suppressed
GO_Biological_Process_2023,"Nucleotide-Binding Domain, Leucine Rich Repeat Containing Receptor Signaling Pathway (GO:0035872)",1/5,0.4751460328637452,0.9999961806440713,0,0,1.8173076923076923,1.3523187787240016,MAP2K6,LumA,Suppressed
GO_Biological_Process_2023,Ornithine Transport (GO:0015822),1/5,0.4751460328637452,0.9999961806440713,0,0,1.8173076923076923,1.3523187787240016,SLC7A3,LumA,Suppressed
GO_Biological_Process_2023,Phosphatidylinositol Acyl-Chain Remodeling (GO:0036149),1/5,0.4751460328637452,0.9999961806440713,0,0,1.8173076923076923,1.3523187787240016,PLA2G4E,LumA,Suppressed
GO_Biological_Process_2023,Photoreceptor Cell Differentiation (GO:0046530),1/5,0.4751460328637452,0.9999961806440713,0,0,1.8173076923076923,1.3523187787240016,RP1L1,LumA,Suppressed
GO_Biological_Process_2023,Podocyte Cell Migration (GO:0090521),1/5,0.4751460328637452,0.9999961806440713,0,0,1.8173076923076923,1.3523187787240016,KANK1,LumA,Suppressed
GO_Biological_Process_2023,poly-N-acetyllactosamine Metabolic Process (GO:0030309),1/5,0.4751460328637452,0.9999961806440713,0,0,1.8173076923076923,1.3523187787240016,B3GNT3,LumA,Suppressed
GO_Biological_Process_2023,Polyamine Transport (GO:0015846),1/5,0.4751460328637452,0.9999961806440713,0,0,1.8173076923076923,1.3523187787240016,SLC22A3,LumA,Suppressed
GO_Biological_Process_2023,Positive Regulation Of I-kappaB Phosphorylation (GO:1903721),1/5,0.4751460328637452,0.9999961806440713,0,0,1.8173076923076923,1.3523187787240016,CX3CL1,LumA,Suppressed
GO_Biological_Process_2023,"Positive Regulation Of Wnt Signaling Pathway, Planar Cell Polarity Pathway (GO:2000096)",1/5,0.4751460328637452,0.9999961806440713,0,0,1.8173076923076923,1.3523187787240016,RSPO3,LumA,Suppressed
GO_Biological_Process_2023,Positive Regulation Of Activin Receptor Signaling Pathway (GO:0032927),1/5,0.4751460328637452,0.9999961806440713,0,0,1.8173076923076923,1.3523187787240016,NODAL,LumA,Suppressed
GO_Biological_Process_2023,Positive Regulation Of Animal Organ Morphogenesis (GO:0110110),1/5,0.4751460328637452,0.9999961806440713,0,0,1.8173076923076923,1.3523187787240016,CD34,LumA,Suppressed
GO_Biological_Process_2023,Positive Regulation Of Antigen Processing And Presentation (GO:0002579),1/5,0.4751460328637452,0.9999961806440713,0,0,1.8173076923076923,1.3523187787240016,CCL21,LumA,Suppressed
GO_Biological_Process_2023,Positive Regulation Of Cardiac Muscle Cell Differentiation (GO:2000727),1/5,0.4751460328637452,0.9999961806440713,0,0,1.8173076923076923,1.3523187787240016,MYOCD,LumA,Suppressed
GO_Biological_Process_2023,Positive Regulation Of Cholesterol Biosynthetic Process (GO:0045542),1/5,0.4751460328637452,0.9999961806440713,0,0,1.8173076923076923,1.3523187787240016,FGF1,LumA,Suppressed
GO_Biological_Process_2023,Positive Regulation Of Dendritic Cell Antigen Processing And Presentation (GO:0002606),1/5,0.4751460328637452,0.9999961806440713,0,0,1.8173076923076923,1.3523187787240016,CCL21,LumA,Suppressed
GO_Biological_Process_2023,Positive Regulation Of Endothelial Cell Development (GO:1901552),1/5,0.4751460328637452,0.9999961806440713,0,0,1.8173076923076923,1.3523187787240016,CLDN5,LumA,Suppressed
GO_Biological_Process_2023,Positive Regulation Of Epithelial Cell Differentiation Involved In Kidney Development (GO:2000698),1/5,0.4751460328637452,0.9999961806440713,0,0,1.8173076923076923,1.3523187787240016,PROM1,LumA,Suppressed
GO_Biological_Process_2023,Positive Regulation Of Establishment Of Endothelial Barrier (GO:1903142),1/5,0.4751460328637452,0.9999961806440713,0,0,1.8173076923076923,1.3523187787240016,CLDN5,LumA,Suppressed
GO_Biological_Process_2023,Positive Regulation Of Extrinsic Apoptotic Signaling Pathway Via Death Domain Receptors (GO:1902043),1/5,0.4751460328637452,0.9999961806440713,0,0,1.8173076923076923,1.3523187787240016,SFRP1,LumA,Suppressed
GO_Biological_Process_2023,Positive Regulation Of Fever Generation (GO:0031622),1/5,0.4751460328637452,0.9999961806440713,0,0,1.8173076923076923,1.3523187787240016,PTGS2,LumA,Suppressed
GO_Biological_Process_2023,Positive Regulation Of Gap Junction Assembly (GO:1903598),1/5,0.4751460328637452,0.9999961806440713,0,0,1.8173076923076923,1.3523187787240016,CAV1,LumA,Suppressed
GO_Biological_Process_2023,Positive Regulation Of Granulocyte Differentiation (GO:0030854),1/5,0.4751460328637452,0.9999961806440713,0,0,1.8173076923076923,1.3523187787240016,TESC,LumA,Suppressed
GO_Biological_Process_2023,Positive Regulation Of Growth Hormone Secretion (GO:0060124),1/5,0.4751460328637452,0.9999961806440713,0,0,1.8173076923076923,1.3523187787240016,DRD2,LumA,Suppressed
GO_Biological_Process_2023,Positive Regulation Of Hemoglobin Biosynthetic Process (GO:0046985),1/5,0.4751460328637452,0.9999961806440713,0,0,1.8173076923076923,1.3523187787240016,KLF4,LumA,Suppressed
GO_Biological_Process_2023,Positive Regulation Of Killing Of Cells Of Another Organism (GO:0051712),1/5,0.4751460328637452,0.9999961806440713,0,0,1.8173076923076923,1.3523187787240016,FCER2,LumA,Suppressed
GO_Biological_Process_2023,Positive Regulation Of Osteoblast Proliferation (GO:0033690),1/5,0.4751460328637452,0.9999961806440713,0,0,1.8173076923076923,1.3523187787240016,SOX8,LumA,Suppressed
GO_Biological_Process_2023,Positive Regulation Of Sterol Biosynthetic Process (GO:0106120),1/5,0.4751460328637452,0.9999961806440713,0,0,1.8173076923076923,1.3523187787240016,FGF1,LumA,Suppressed
GO_Biological_Process_2023,Positive Regulation Of Sterol Transport (GO:0032373),1/5,0.4751460328637452,0.9999961806440713,0,0,1.8173076923076923,1.3523187787240016,CETP,LumA,Suppressed
GO_Biological_Process_2023,Positive Regulation Of Tau-Protein Kinase Activity (GO:1902949),1/5,0.4751460328637452,0.9999961806440713,0,0,1.8173076923076923,1.3523187787240016,EGR1,LumA,Suppressed
GO_Biological_Process_2023,Positive Regulation Of Vascular Associated Smooth Muscle Cell Differentiation (GO:1905065),1/5,0.4751460328637452,0.9999961806440713,0,0,1.8173076923076923,1.3523187787240016,KIT,LumA,Suppressed
GO_Biological_Process_2023,Prepulse Inhibition (GO:0060134),1/5,0.4751460328637452,0.9999961806440713,0,0,1.8173076923076923,1.3523187787240016,DRD2,LumA,Suppressed
GO_Biological_Process_2023,Protection From Natural Killer Cell Mediated Cytotoxicity (GO:0042270),1/5,0.4751460328637452,0.9999961806440713,0,0,1.8173076923076923,1.3523187787240016,SERPINB4,LumA,Suppressed
GO_Biological_Process_2023,Protein Import (GO:0017038),1/5,0.4751460328637452,0.9999961806440713,0,0,1.8173076923076923,1.3523187787240016,GPIHBP1,LumA,Suppressed
GO_Biological_Process_2023,Protein Localization To Non-Motile Cilium (GO:0097499),1/5,0.4751460328637452,0.9999961806440713,0,0,1.8173076923076923,1.3523187787240016,PCARE,LumA,Suppressed
GO_Biological_Process_2023,Purine-Containing Compound Catabolic Process (GO:0072523),1/5,0.4751460328637452,0.9999961806440713,0,0,1.8173076923076923,1.3523187787240016,URAD,LumA,Suppressed
GO_Biological_Process_2023,Regulation Of Blood Vessel Remodeling (GO:0060312),1/5,0.4751460328637452,0.9999961806440713,0,0,1.8173076923076923,1.3523187787240016,NRG1,LumA,Suppressed
GO_Biological_Process_2023,Regulation Of Enamel Mineralization (GO:0070173),1/5,0.4751460328637452,0.9999961806440713,0,0,1.8173076923076923,1.3523187787240016,MMP20,LumA,Suppressed
GO_Biological_Process_2023,Regulation Of Establishment Of T Cell Polarity (GO:1903903),1/5,0.4751460328637452,0.9999961806440713,0,0,1.8173076923076923,1.3523187787240016,GSN,LumA,Suppressed
GO_Biological_Process_2023,Regulation Of Excitatory Synapse Assembly (GO:1904889),1/5,0.4751460328637452,0.9999961806440713,0,0,1.8173076923076923,1.3523187787240016,VSTM5,LumA,Suppressed
GO_Biological_Process_2023,Regulation Of Fat Cell Proliferation (GO:0070344),1/5,0.4751460328637452,0.9999961806440713,0,0,1.8173076923076923,1.3523187787240016,PID1,LumA,Suppressed
GO_Biological_Process_2023,Regulation Of Glutamate Receptor Signaling Pathway (GO:1900449),1/5,0.4751460328637452,0.9999961806440713,0,0,1.8173076923076923,1.3523187787240016,PRNP,LumA,Suppressed
GO_Biological_Process_2023,Regulation Of Guanylate Cyclase Activity (GO:0031282),1/5,0.4751460328637452,0.9999961806440713,0,0,1.8173076923076923,1.3523187787240016,NOS1,LumA,Suppressed
GO_Biological_Process_2023,Regulation Of Hepatocyte Proliferation (GO:2000345),1/5,0.4751460328637452,0.9999961806440713,0,0,1.8173076923076923,1.3523187787240016,PTN,LumA,Suppressed
GO_Biological_Process_2023,Regulation Of Interleukin-1-Mediated Signaling Pathway (GO:2000659),1/5,0.4751460328637452,0.9999961806440713,0,0,1.8173076923076923,1.3523187787240016,IL6,LumA,Suppressed
GO_Biological_Process_2023,Regulation Of Keratinocyte Apoptotic Process (GO:1902172),1/5,0.4751460328637452,0.9999961806440713,0,0,1.8173076923076923,1.3523187787240016,ZFP36,LumA,Suppressed
GO_Biological_Process_2023,Regulation Of mRNA Binding (GO:1902415),1/5,0.4751460328637452,0.9999961806440713,0,0,1.8173076923076923,1.3523187787240016,LARP6,LumA,Suppressed
GO_Biological_Process_2023,Regulation Of Mast Cell Chemotaxis (GO:0060753),1/5,0.4751460328637452,0.9999961806440713,0,0,1.8173076923076923,1.3523187787240016,VEGFD,LumA,Suppressed
GO_Biological_Process_2023,Regulation Of Mitotic Spindle Checkpoint (GO:1903504),1/5,0.4751460328637452,0.9999961806440713,0,0,1.8173076923076923,1.3523187787240016,USP44,LumA,Suppressed
GO_Biological_Process_2023,Regulation Of Natural Killer Cell Mediated Immunity (GO:0002715),1/5,0.4751460328637452,0.9999961806440713,0,0,1.8173076923076923,1.3523187787240016,LEP,LumA,Suppressed
GO_Biological_Process_2023,Regulation Of Neutrophil Activation (GO:1902563),1/5,0.4751460328637452,0.9999961806440713,0,0,1.8173076923076923,1.3523187787240016,PLA2G2A,LumA,Suppressed
GO_Biological_Process_2023,Regulation Of Nitric Oxide Mediated Signal Transduction (GO:0010749),1/5,0.4751460328637452,0.9999961806440713,0,0,1.8173076923076923,1.3523187787240016,EGFR,LumA,Suppressed
GO_Biological_Process_2023,Regulation Of Peptidyl-Cysteine S-nitrosylation (GO:2000169),1/5,0.4751460328637452,0.9999961806440713,0,0,1.8173076923076923,1.3523187787240016,DMD,LumA,Suppressed
GO_Biological_Process_2023,Regulation Of Resting Membrane Potential (GO:0060075),1/5,0.4751460328637452,0.9999961806440713,0,0,1.8173076923076923,1.3523187787240016,KCNJ2,LumA,Suppressed
GO_Biological_Process_2023,Regulation Of Superoxide Metabolic Process (GO:0090322),1/5,0.4751460328637452,0.9999961806440713,0,0,1.8173076923076923,1.3523187787240016,FBLN5,LumA,Suppressed
GO_Biological_Process_2023,Regulation Of Type B Pancreatic Cell Proliferation (GO:0061469),1/5,0.4751460328637452,0.9999961806440713,0,0,1.8173076923076923,1.3523187787240016,NR4A3,LumA,Suppressed
GO_Biological_Process_2023,Regulation Of Very-Low-Density Lipoprotein Particle Remodeling (GO:0010901),1/5,0.4751460328637452,0.9999961806440713,0,0,1.8173076923076923,1.3523187787240016,NR1H4,LumA,Suppressed
GO_Biological_Process_2023,Reproductive System Development (GO:0061458),1/5,0.4751460328637452,0.9999961806440713,0,0,1.8173076923076923,1.3523187787240016,LHCGR,LumA,Suppressed
GO_Biological_Process_2023,Response To cGMP (GO:0070305),1/5,0.4751460328637452,0.9999961806440713,0,0,1.8173076923076923,1.3523187787240016,PDE2A,LumA,Suppressed
GO_Biological_Process_2023,Response To Gonadotropin (GO:0034698),1/5,0.4751460328637452,0.9999961806440713,0,0,1.8173076923076923,1.3523187787240016,TGFBR3,LumA,Suppressed
GO_Biological_Process_2023,Response To Lithium Ion (GO:0010226),1/5,0.4751460328637452,0.9999961806440713,0,0,1.8173076923076923,1.3523187787240016,SLC13A2,LumA,Suppressed
GO_Biological_Process_2023,Response To Peptidoglycan (GO:0032494),1/5,0.4751460328637452,0.9999961806440713,0,0,1.8173076923076923,1.3523187787240016,IL6,LumA,Suppressed
GO_Biological_Process_2023,Retinal Ganglion Cell Axon Guidance (GO:0031290),1/5,0.4751460328637452,0.9999961806440713,0,0,1.8173076923076923,1.3523187787240016,EPHB1,LumA,Suppressed
GO_Biological_Process_2023,Ruffle Assembly (GO:0097178),1/5,0.4751460328637452,0.9999961806440713,0,0,1.8173076923076923,1.3523187787240016,AIF1L,LumA,Suppressed
GO_Biological_Process_2023,Short-Chain Fatty Acid Catabolic Process (GO:0019626),1/5,0.4751460328637452,0.9999961806440713,0,0,1.8173076923076923,1.3523187787240016,PCK1,LumA,Suppressed
GO_Biological_Process_2023,Striated Muscle Hypertrophy (GO:0014897),1/5,0.4751460328637452,0.9999961806440713,0,0,1.8173076923076923,1.3523187787240016,MYOC,LumA,Suppressed
GO_Biological_Process_2023,Synaptic Vesicle Uncoating (GO:0016191),1/5,0.4751460328637452,0.9999961806440713,0,0,1.8173076923076923,1.3523187787240016,SH3GL3,LumA,Suppressed
GO_Biological_Process_2023,Thiamine Transmembrane Transport (GO:0071934),1/5,0.4751460328637452,0.9999961806440713,0,0,1.8173076923076923,1.3523187787240016,SLC19A3,LumA,Suppressed
GO_Biological_Process_2023,Transmembrane Receptor Protein Tyrosine Phosphatase Signaling Pathway (GO:0007185),1/5,0.4751460328637452,0.9999961806440713,0,0,1.8173076923076923,1.3523187787240016,PTN,LumA,Suppressed
GO_Biological_Process_2023,Tripartite Regional Subdivision (GO:0007351),1/5,0.4751460328637452,0.9999961806440713,0,0,1.8173076923076923,1.3523187787240016,TBXT,LumA,Suppressed
GO_Biological_Process_2023,Urea Cycle (GO:0000050),1/5,0.4751460328637452,0.9999961806440713,0,0,1.8173076923076923,1.3523187787240016,OTC,LumA,Suppressed
GO_Biological_Process_2023,Venous Blood Vessel Morphogenesis (GO:0048845),1/5,0.4751460328637452,0.9999961806440713,0,0,1.8173076923076923,1.3523187787240016,PROX1,LumA,Suppressed
GO_Biological_Process_2023,Ventricular Cardiac Muscle Cell Development (GO:0055015),1/5,0.4751460328637452,0.9999961806440713,0,0,1.8173076923076923,1.3523187787240016,PROX1,LumA,Suppressed
GO_Biological_Process_2023,Ventricular Compact Myocardium Morphogenesis (GO:0003223),1/5,0.4751460328637452,0.9999961806440713,0,0,1.8173076923076923,1.3523187787240016,TGFBR3,LumA,Suppressed
GO_Biological_Process_2023,Xenobiotic Transport Across Blood-Brain Barrier (GO:1990962),1/5,0.4751460328637452,0.9999961806440713,0,0,1.8173076923076923,1.3523187787240016,ABCC2,LumA,Suppressed
GO_Biological_Process_2023,Zymogen Inhibition (GO:0097341),1/5,0.4751460328637452,0.9999961806440713,0,0,1.8173076923076923,1.3523187787240016,CARD18,LumA,Suppressed
GO_Biological_Process_2023,Endocardial Cushion Morphogenesis (GO:0003203),3/21,0.4752686255720046,0.9999961806440713,0,0,1.2115756070640176,0.9012609346800452,ADAMTS5;BMP2;TGFBR2,LumA,Suppressed
GO_Biological_Process_2023,Negative Regulation Of Interleukin-2 Production (GO:0032703),3/21,0.4752686255720046,0.9999961806440713,0,0,1.2115756070640176,0.9012609346800452,PRNP;ZFP36;CR1,LumA,Suppressed
GO_Biological_Process_2023,Negative Regulation Of miRNA Metabolic Process (GO:2000629),3/21,0.4752686255720046,0.9999961806440713,0,0,1.2115756070640176,0.9012609346800452,NFIB;PPARG;PPARA,LumA,Suppressed
GO_Biological_Process_2023,Peptide Catabolic Process (GO:0043171),3/21,0.4752686255720046,0.9999961806440713,0,0,1.2115756070640176,0.9012609346800452,MME;LVRN;TRHDE,LumA,Suppressed
GO_Biological_Process_2023,Regulation Of Lipid Storage (GO:0010883),3/21,0.4752686255720046,0.9999961806440713,0,0,1.2115756070640176,0.9012609346800452,IL6;PPARG;APOB,LumA,Suppressed
GO_Biological_Process_2023,Regulation Of Membrane Protein Ectodomain Proteolysis (GO:0051043),3/21,0.4752686255720046,0.9999961806440713,0,0,1.2115756070640176,0.9012609346800452,GPLD1;TIMP4;SH3D19,LumA,Suppressed
GO_Biological_Process_2023,Response To Cadmium Ion (GO:0046686),3/21,0.4752686255720046,0.9999961806440713,0,0,1.2115756070640176,0.9012609346800452,MT1X;FOS;EGFR,LumA,Suppressed
GO_Biological_Process_2023,Sulfur Compound Transport (GO:0072348),3/21,0.4752686255720046,0.9999961806440713,0,0,1.2115756070640176,0.9012609346800452,SLC35F3;SLC19A3;SLC26A7,LumA,Suppressed
GO_Biological_Process_2023,Negative Regulation Of Epithelial Cell Proliferation (GO:0050680),9/70,0.4764647603098688,0.9999961806440713,0,0,1.0725800965920689,0.7951696041896318,CDKN1C;TGFBR3;SFRP1;CAV2;NFIB;TNMD;CAV1;ATOH8;GDF5,LumA,Suppressed
GO_Biological_Process_2023,Positive Regulation Of Protein Polymerization (GO:0032273),9/70,0.4764647603098688,0.9999961806440713,0,0,1.0725800965920689,0.7951696041896318,TENM1;CCL24;CSF3;TPPP2;CAV3;CCL21;LMOD1;ANKRD53;MET,LumA,Suppressed
GO_Biological_Process_2023,Regulation Of G Protein-Coupled Receptor Signaling Pathway (GO:0008277),9/70,0.4764647603098688,0.9999961806440713,0,0,1.0725800965920689,0.7951696041896318,KCTD8;RGS2;EDN1;KLK5;NMT2;MRAP2;RGS6;MGLL;KLK6,LumA,Suppressed
GO_Biological_Process_2023,Atrioventricular Valve Development (GO:0003171),2/13,0.4781629645828087,0.9999961806440713,0,0,1.3216985744912928,0.9751540648471416,BMP2;TGFBR2,LumA,Suppressed
GO_Biological_Process_2023,Cardiac Left Ventricle Morphogenesis (GO:0003214),2/13,0.4781629645828087,0.9999961806440713,0,0,1.3216985744912928,0.9751540648471416,NPY2R;TGFBR2,LumA,Suppressed
GO_Biological_Process_2023,Catecholamine Metabolic Process (GO:0006584),2/13,0.4781629645828087,0.9999961806440713,0,0,1.3216985744912928,0.9751540648471416,DDC;DRD2,LumA,Suppressed
GO_Biological_Process_2023,Chondroitin Sulfate Biosynthetic Process (GO:0030206),2/13,0.4781629645828087,0.9999961806440713,0,0,1.3216985744912928,0.9751540648471416,CHST9;CHST3,LumA,Suppressed
GO_Biological_Process_2023,Embryonic Hemopoiesis (GO:0035162),2/13,0.4781629645828087,0.9999961806440713,0,0,1.3216985744912928,0.9751540648471416,KIT;TGFBR2,LumA,Suppressed
GO_Biological_Process_2023,Glomerular Filtration (GO:0003094),2/13,0.4781629645828087,0.9999961806440713,0,0,1.3216985744912928,0.9751540648471416,MCAM;JCHAIN,LumA,Suppressed
GO_Biological_Process_2023,Immune Response-Regulating Cell Surface Receptor Signaling Pathway (GO:0002768),2/13,0.4781629645828087,0.9999961806440713,0,0,1.3216985744912928,0.9751540648471416,PIGR;KIT,LumA,Suppressed
GO_Biological_Process_2023,Killing By Host Of Symbiont Cells (GO:0051873),2/13,0.4781629645828087,0.9999961806440713,0,0,1.3216985744912928,0.9751540648471416,NRG1;PF4,LumA,Suppressed
GO_Biological_Process_2023,Mature B Cell Differentiation Involved In Immune Response (GO:0002313),2/13,0.4781629645828087,0.9999961806440713,0,0,1.3216985744912928,0.9751540648471416,DOCK11;IL6,LumA,Suppressed
GO_Biological_Process_2023,Negative Regulation Of Cartilage Development (GO:0061037),2/13,0.4781629645828087,0.9999961806440713,0,0,1.3216985744912928,0.9751540648471416,EFEMP1;GDF5,LumA,Suppressed
GO_Biological_Process_2023,Negative Regulation Of Cell Migration Involved In Sprouting Angiogenesis (GO:0090051),2/13,0.4781629645828087,0.9999961806440713,0,0,1.3216985744912928,0.9751540648471416,KLF4;MEOX2,LumA,Suppressed
GO_Biological_Process_2023,Negative Regulation Of Fibroblast Growth Factor Receptor Signaling Pathway (GO:0040037),2/13,0.4781629645828087,0.9999961806440713,0,0,1.3216985744912928,0.9751540648471416,SPRY2;FGF2,LumA,Suppressed
GO_Biological_Process_2023,Negative Regulation Of Lyase Activity (GO:0051350),2/13,0.4781629645828087,0.9999961806440713,0,0,1.3216985744912928,0.9751540648471416,GABBR2;EDNRB,LumA,Suppressed
GO_Biological_Process_2023,Negative Regulation Of Myoblast Differentiation (GO:0045662),2/13,0.4781629645828087,0.9999961806440713,0,0,1.3216985744912928,0.9751540648471416,SOSTDC1;SOX8,LumA,Suppressed
GO_Biological_Process_2023,Negative Regulation Of Neuroinflammatory Response (GO:0150079),2/13,0.4781629645828087,0.9999961806440713,0,0,1.3216985744912928,0.9751540648471416,IGF1;CX3CL1,LumA,Suppressed
GO_Biological_Process_2023,Negative Regulation Of Secretion (GO:0051048),2/13,0.4781629645828087,0.9999961806440713,0,0,1.3216985744912928,0.9751540648471416,NRG1;SPX,LumA,Suppressed
GO_Biological_Process_2023,Peptidyl-Tyrosine Autophosphorylation (GO:0038083),2/13,0.4781629645828087,0.9999961806440713,0,0,1.3216985744912928,0.9751540648471416,ALK;EGFR,LumA,Suppressed
GO_Biological_Process_2023,Positive Regulation Of Cardiac Muscle Cell Proliferation (GO:0060045),2/13,0.4781629645828087,0.9999961806440713,0,0,1.3216985744912928,0.9751540648471416,TGFBR3;FGF2,LumA,Suppressed
GO_Biological_Process_2023,Positive Regulation Of Fatty Acid Biosynthetic Process (GO:0045723),2/13,0.4781629645828087,0.9999961806440713,0,0,1.3216985744912928,0.9751540648471416,MLXIPL;ABCD2,LumA,Suppressed
GO_Biological_Process_2023,Positive Regulation Of Glycogen Biosynthetic Process (GO:0045725),2/13,0.4781629645828087,0.9999961806440713,0,0,1.3216985744912928,0.9751540648471416,IGF1;SORBS1,LumA,Suppressed
GO_Biological_Process_2023,Purine Ribonucleoside Bisphosphate Metabolic Process (GO:0034035),2/13,0.4781629645828087,0.9999961806440713,0,0,1.3216985744912928,0.9751540648471416,SULT1C3;SULT1E1,LumA,Suppressed
GO_Biological_Process_2023,Regulation Of cAMP-dependent Protein Kinase Activity (GO:2000479),2/13,0.4781629645828087,0.9999961806440713,0,0,1.3216985744912928,0.9751540648471416,PRKAR2B;ADRB2,LumA,Suppressed
GO_Biological_Process_2023,Regulation Of Fatty Acid Beta-Oxidation (GO:0031998),2/13,0.4781629645828087,0.9999961806440713,0,0,1.3216985744912928,0.9751540648471416,ABCD2;PPARA,LumA,Suppressed
GO_Biological_Process_2023,Regulation Of Flagellated Sperm Motility (GO:1901317),2/13,0.4781629645828087,0.9999961806440713,0,0,1.3216985744912928,0.9751540648471416,TPPP2;TACR1,LumA,Suppressed
GO_Biological_Process_2023,Regulation Of Leukocyte Migration (GO:0002685),2/13,0.4781629645828087,0.9999961806440713,0,0,1.3216985744912928,0.9751540648471416,ANXA1;HOXA7,LumA,Suppressed
GO_Biological_Process_2023,Regulation Of Trophoblast Cell Migration (GO:1901163),2/13,0.4781629645828087,0.9999961806440713,0,0,1.3216985744912928,0.9751540648471416,ACVR1C;NODAL,LumA,Suppressed
GO_Biological_Process_2023,Regulation Of Vasculogenesis (GO:2001212),2/13,0.4781629645828087,0.9999961806440713,0,0,1.3216985744912928,0.9751540648471416,TMEM100;CD34,LumA,Suppressed
GO_Biological_Process_2023,Response To UV-A (GO:0070141),2/13,0.4781629645828087,0.9999961806440713,0,0,1.3216985744912928,0.9751540648471416,MME;EGFR,LumA,Suppressed
GO_Biological_Process_2023,Response To Progesterone (GO:0032570),2/13,0.4781629645828087,0.9999961806440713,0,0,1.3216985744912928,0.9751540648471416,CAV1;CSN1S1,LumA,Suppressed
GO_Biological_Process_2023,Secondary Palate Development (GO:0062009),2/13,0.4781629645828087,0.9999961806440713,0,0,1.3216985744912928,0.9751540648471416,TGFBR3;TGFBR2,LumA,Suppressed
GO_Biological_Process_2023,Inorganic Cation Transmembrane Transport (GO:0098662),35/284,0.4800277353229676,0.9999961806440713,0,0,1.0219064176167758,0.7499887643354455,KCNE1;LRRC38;KCNA1;KCNA2;KCNA4;SLC1A3;ATP1A2;KCNA6;SLC6A2;RYR3;AQP1;TRPM1;SCN9A;SCN5A;SCN3B;TRPM6;TRPM3;KCNJ2;KCNH5;SLC36A2;SCARA5;KCNB1;SLC6A15;KCNB2;KCNH8;SLC6A14;ABCC9;ATP4A;KCNS1;FXYD2;KCNQ4;SCN4A;SCN2A;SCN4B;SCN2B,LumA,Suppressed
GO_Biological_Process_2023,Transmembrane Receptor Protein Tyrosine Kinase Signaling Pathway (GO:0007169),35/284,0.4800277353229676,0.9999961806440713,0,0,1.0219064176167758,0.7499887643354455,EPHB6;ALK;FOXC1;SHC3;ADRB2;FGF1;FGF2;EGFR;ART4;NTF4;GHR;FGF7;FGF9;PDK4;ALKAL2;PAK3;EPHB1;KL;NTRK2;ANGPT1;CAV2;VEGFD;NRG1;IGF1;SORBS1;GFRA2;FGF17;NR4A3;GFRAL;KIT;TYRO3;MET;GPLD1;ANGPTL1;DDR2,LumA,Suppressed
GO_Biological_Process_2023,Positive Regulation Of Epithelial Cell Migration (GO:0010634),12/95,0.4828543982957067,0.9999961806440713,0,0,1.0510308788122995,0.765192650896392,ANGPT4;FGF7;EDN1;ANGPT1;HYAL1;ATOH8;ENPP2;PROX1;FGF1;PLPP3;FGF2;GPLD1,LumA,Suppressed
GO_Biological_Process_2023,Positive Regulation Of Transmembrane Receptor Protein Serine/Threonine Kinase Signaling Pathway (GO:0090100),12/95,0.4828543982957067,0.9999961806440713,0,0,1.0510308788122995,0.765192650896392,CDKN1C;CRB2;GDF10;BMP3;BMP2;TNXB;PPARG;GDF5;BMP6;NODAL;TGFBR2;BMP5,LumA,Suppressed
GO_Biological_Process_2023,Apical Junction Assembly (GO:0043297),7/54,0.4838365285942736,0.9999961806440713,0,0,1.0826893899297838,0.7860413536554473,CLDN11;CLDN10;CLDN5;CLDN8;CLDN19;CLDN16;CLDN2,LumA,Suppressed
GO_Biological_Process_2023,Regulation Of Focal Adhesion Assembly (GO:0051893),7/54,0.4838365285942736,0.9999961806440713,0,0,1.0826893899297838,0.7860413536554473,SFRP1;MYOC;FAM107A;NRG1;APOD;GPM6B;FERMT2,LumA,Suppressed
GO_Biological_Process_2023,Amino Acid Transport (GO:0006865),6/46,0.4882220274924766,0.9999961806440713,0,0,1.0904061334438455,0.781804844017333,SLC36A2;SLC6A15;SLC6A14;SLC7A14;SLC7A10;SLC7A3,LumA,Suppressed
GO_Biological_Process_2023,Epithelial Cell Migration (GO:0010631),6/46,0.4882220274924766,0.9999961806440713,0,0,1.0904061334438455,0.781804844017333,KANK1;FERMT1;KRT16;KIT;S100A12;FAT2,LumA,Suppressed
GO_Biological_Process_2023,Response To Glucose (GO:0009749),6/46,0.4882220274924766,0.9999961806440713,0,0,1.0904061334438455,0.781804844017333,GYS2;KCNB1;ADIPOQ;PCK1;CYP7A1;GPLD1,LumA,Suppressed
GO_Biological_Process_2023,Calcium-Dependent Cell-Cell Adhesion Via Plasma Membrane Cell Adhesion Molecules (GO:0016339),5/38,0.4933164339292056,0.9999961806440713,0,0,1.1014034294895936,0.7782565722629718,NLGN1;CDH23;CDH12;DSG1;CDH8,LumA,Suppressed
GO_Biological_Process_2023,Connective Tissue Development (GO:0061448),5/38,0.4933164339292056,0.9999961806440713,0,0,1.1014034294895936,0.7782565722629718,SNORC;HYAL1;ZBTB16;SOX8;SOX6,LumA,Suppressed
GO_Biological_Process_2023,Negative Regulation Of Cellular Response To Growth Factor Stimulus (GO:0090288),9/71,0.4941686497623681,0.9999961806440713,0,0,1.0552201847142284,0.7438019405385834,BMPER;RBPMS2;VWC2;SOSTDC1;SPRY2;PPARG;CHRDL1;FGF2;CER1,LumA,Suppressed
GO_Biological_Process_2023,Cellular Response To Transforming Growth Factor Beta Stimulus (GO:0071560),12/96,0.4980608954469137,0.9999961806440713,0,0,1.0384592557421806,0.7238402971124466,TGFBR3;GDF10;CLDN5;SFRP1;CLEC3B;WFIKKN2;PDE2A;FOS;SOX6;GDF5;FERMT2;TGFBR2,LumA,Suppressed
GO_Biological_Process_2023,Lamellipodium Organization (GO:0097581),4/30,0.4994696926811542,0.9999961806440713,0,0,1.118330944417901,0.7763546886778985,P2RY12;KIT;S1PR1;ARHGEF4,LumA,Suppressed
GO_Biological_Process_2023,Negative Regulation Of Interleukin-1 Production (GO:0032692),4/30,0.4994696926811542,0.9999961806440713,0,0,1.118330944417901,0.7763546886778985,FFAR4;CARD18;IGF1;CX3CL1,LumA,Suppressed
GO_Biological_Process_2023,"Phagocytosis, Engulfment (GO:0006911)",4/30,0.4994696926811542,0.9999961806440713,0,0,1.118330944417901,0.7763546886778985,MARCO;GSN;CD36;XKR4,LumA,Suppressed
GO_Biological_Process_2023,Positive Regulation Of Lipid Kinase Activity (GO:0090218),4/30,0.4994696926811542,0.9999961806440713,0,0,1.118330944417901,0.7763546886778985,P2RY12;CCL21;KIT;FGF2,LumA,Suppressed
GO_Biological_Process_2023,Regulation Of Endothelial Cell Migration (GO:0010594),11/88,0.5021811727640827,0.9999961806440713,0,0,1.0384432842904605,0.7152738384360865,ANGPT4;EDN1;BMPER;ANGPT1;ATOH8;PROX1;PTN;FGF1;PLPP3;FGF2;GPLD1,LumA,Suppressed
GO_Biological_Process_2023,Response To Peptide Hormone (GO:0043434),7/55,0.5039543653071883,0.9999961806440713,0,0,1.0600728993919293,0.7264356893720092,TGFBR3;ANXA1;CYP11A1;CAV1;LEP;PCK1;GNAI1,LumA,Suppressed
GO_Biological_Process_2023,Response To Type II Interferon (GO:0034341),10/80,0.5066981967327269,0.9999961806440713,0,0,1.038427326098559,0.7059641481734952,CCL14;CCL13;CCL24;CCL23;CCL21;AQP4;CCL18;CX3CL1;CCL16;SNCA,LumA,Suppressed
GO_Biological_Process_2023,NAD Metabolic Process (GO:0019674),3/22,0.5073717854001376,0.9999961806440713,0,0,1.1477431160683165,0.7787566044150869,KRT17;NMRK2;ME1,LumA,Suppressed
GO_Biological_Process_2023,Cellular Response To Cadmium Ion (GO:0071276),3/22,0.5073717854001376,0.9999961806440713,0,0,1.1477431160683165,0.7787566044150869,MT1X;FOS;EGFR,LumA,Suppressed
GO_Biological_Process_2023,Cellular Response To Low-Density Lipoprotein Particle Stimulus (GO:0071404),3/22,0.5073717854001376,0.9999961806440713,0,0,1.1477431160683165,0.7787566044150869,PPARG;CD36;CES1,LumA,Suppressed
GO_Biological_Process_2023,Glucose Transmembrane Transport (GO:1904659),3/22,0.5073717854001376,0.9999961806440713,0,0,1.1477431160683165,0.7787566044150869,SLC2A12;PPBP;SLC2A4,LumA,Suppressed
GO_Biological_Process_2023,Hexose Transmembrane Transport (GO:0008645),3/22,0.5073717854001376,0.9999961806440713,0,0,1.1477431160683165,0.7787566044150869,SLC2A12;PPBP;SLC2A4,LumA,Suppressed
GO_Biological_Process_2023,Modulation By Host Of Viral Process (GO:0044788),3/22,0.5073717854001376,0.9999961806440713,0,0,1.1477431160683165,0.7787566044150869,KRT17;CAV2;PIK3C2G,LumA,Suppressed
GO_Biological_Process_2023,Oxoacid Metabolic Process (GO:0043436),3/22,0.5073717854001376,0.9999961806440713,0,0,1.1477431160683165,0.7787566044150869,SULT1C3;SULT1E1;MTARC1,LumA,Suppressed
GO_Biological_Process_2023,Placenta Development (GO:0001890),3/22,0.5073717854001376,0.9999961806440713,0,0,1.1477431160683165,0.7787566044150869,LEP;PPARG;NODAL,LumA,Suppressed
GO_Biological_Process_2023,Positive Regulation Of Excitatory Postsynaptic Potential (GO:2000463),3/22,0.5073717854001376,0.9999961806440713,0,0,1.1477431160683165,0.7787566044150869,NLGN1;RELN;GRIN2B,LumA,Suppressed
GO_Biological_Process_2023,"Positive Regulation Of Synaptic Transmission, Glutamatergic (GO:0051968)",3/22,0.5073717854001376,0.9999961806440713,0,0,1.1477431160683165,0.7787566044150869,NLGN1;RELN;GRIN2B,LumA,Suppressed
GO_Biological_Process_2023,Regulation Of Dopamine Secretion (GO:0014059),3/22,0.5073717854001376,0.9999961806440713,0,0,1.1477431160683165,0.7787566044150869,KCNA2;SYT8;SNCA,LumA,Suppressed
GO_Biological_Process_2023,Regulation Of Histone Acetylation (GO:0035065),3/22,0.5073717854001376,0.9999961806440713,0,0,1.1477431160683165,0.7787566044150869,MYOCD;NOS1;PPARGC1A,LumA,Suppressed
GO_Biological_Process_2023,Regulation Of Neural Precursor Cell Proliferation (GO:2000177),3/22,0.5073717854001376,0.9999961806440713,0,0,1.1477431160683165,0.7787566044150869,PTPRZ1;FZD9;PROX1,LumA,Suppressed
GO_Biological_Process_2023,Cognition (GO:0050890),6/47,0.5099828745074013,0.9999961806440713,0,0,1.0637502147918287,0.7163061338540214,LHCGR;PTCHD1;CHRNA7;FAM107A;MGAT3;SOBP,LumA,Suppressed
GO_Biological_Process_2023,Negative Regulation Of Tumor Necrosis Factor Production (GO:0032720),6/47,0.5099828745074013,0.9999961806440713,0,0,1.0637502147918287,0.7163061338540214,CHRNA7;CIDEA;NR1H4;BPI;IGF1;CX3CL1,LumA,Suppressed
GO_Biological_Process_2023,Response To Organonitrogen Compound (GO:0010243),6/47,0.5099828745074013,0.9999961806440713,0,0,1.0637502147918287,0.7163061338540214,IL6;CHRNA7;NR1H4;SEL1L2;DRD2;GPIHBP1,LumA,Suppressed
GO_Biological_Process_2023,Cellular Response To Hypoxia (GO:0071456),9/72,0.5117078702050919,0.9999961806440713,0,0,1.0384113811499704,0.6957370612681205,ANGPT4;SFRP1;PTGIS;EPAS1;PPARG;MGARP;PTGS2;SCN2A;AQP1,LumA,Suppressed
GO_Biological_Process_2023,Regulation Of Protein Tyrosine Kinase Activity (GO:0061097),5/39,0.5171985307512305,0.9999961806440713,0,0,1.0689482918270872,0.7047880448202429,PRNP;GPRC5B;RELN;CAV1;IL34,LumA,Suppressed
GO_Biological_Process_2023,L-glutamate Transmembrane Transport (GO:0015813),2/14,0.5186656389637894,0.9999961806440713,0,0,1.2114880706109503,0.7953368838310308,SLC1A3;SLC17A7,LumA,Suppressed
GO_Biological_Process_2023,Aorta Development (GO:0035904),2/14,0.5186656389637894,0.9999961806440713,0,0,1.2114880706109503,0.7953368838310308,PDE2A;TGFBR2,LumA,Suppressed
GO_Biological_Process_2023,Cardiac Cell Development (GO:0055006),2/14,0.5186656389637894,0.9999961806440713,0,0,1.2114880706109503,0.7953368838310308,ALPK3;MYH11,LumA,Suppressed
GO_Biological_Process_2023,Cellular Response To ATP (GO:0071318),2/14,0.5186656389637894,0.9999961806440713,0,0,1.2114880706109503,0.7953368838310308,P2RY12;RYR3,LumA,Suppressed
GO_Biological_Process_2023,Contractile Actin Filament Bundle Assembly (GO:0030038),2/14,0.5186656389637894,0.9999961806440713,0,0,1.2114880706109503,0.7953368838310308,FAM171A1;SORBS1,LumA,Suppressed
GO_Biological_Process_2023,Endoderm Development (GO:0007492),2/14,0.5186656389637894,0.9999961806440713,0,0,1.2114880706109503,0.7953368838310308,SOX17;SOX7,LumA,Suppressed
GO_Biological_Process_2023,Establishment Of Spindle Localization (GO:0051293),2/14,0.5186656389637894,0.9999961806440713,0,0,1.2114880706109503,0.7953368838310308,KIF25;OOEP,LumA,Suppressed
GO_Biological_Process_2023,Glucosamine-Containing Compound Metabolic Process (GO:1901071),2/14,0.5186656389637894,0.9999961806440713,0,0,1.2114880706109503,0.7953368838310308,MGAT3;CHST3,LumA,Suppressed
GO_Biological_Process_2023,Myotube Cell Development (GO:0014904),2/14,0.5186656389637894,0.9999961806440713,0,0,1.2114880706109503,0.7953368838310308,CAV2;IGF1,LumA,Suppressed
GO_Biological_Process_2023,Negative Regulation Of Chondrocyte Differentiation (GO:0032331),2/14,0.5186656389637894,0.9999961806440713,0,0,1.2114880706109503,0.7953368838310308,EFEMP1;GDF5,LumA,Suppressed
GO_Biological_Process_2023,Neuron Cell-Cell Adhesion (GO:0007158),2/14,0.5186656389637894,0.9999961806440713,0,0,1.2114880706109503,0.7953368838310308,NLGN1;PHOX2A,LumA,Suppressed
GO_Biological_Process_2023,Pancreas Development (GO:0031016),2/14,0.5186656389637894,0.9999961806440713,0,0,1.2114880706109503,0.7953368838310308,PROX1;MET,LumA,Suppressed
GO_Biological_Process_2023,Photoreceptor Cell Development (GO:0042461),2/14,0.5186656389637894,0.9999961806440713,0,0,1.2114880706109503,0.7953368838310308,RP1L1;PCARE,LumA,Suppressed
GO_Biological_Process_2023,Positive Regulation Of Endothelial Cell Chemotaxis (GO:2001028),2/14,0.5186656389637894,0.9999961806440713,0,0,1.2114880706109503,0.7953368838310308,FGF2;MET,LumA,Suppressed
GO_Biological_Process_2023,Positive Regulation Of Glycogen Metabolic Process (GO:0070875),2/14,0.5186656389637894,0.9999961806440713,0,0,1.2114880706109503,0.7953368838310308,IGF1;SORBS1,LumA,Suppressed
GO_Biological_Process_2023,Positive Regulation Of Histone Acetylation (GO:0035066),2/14,0.5186656389637894,0.9999961806440713,0,0,1.2114880706109503,0.7953368838310308,NOS1;PPARGC1A,LumA,Suppressed
GO_Biological_Process_2023,Positive Regulation Of Lyase Activity (GO:0051349),2/14,0.5186656389637894,0.9999961806440713,0,0,1.2114880706109503,0.7953368838310308,FTMT;NOS1,LumA,Suppressed
GO_Biological_Process_2023,Positive Regulation Of Membrane Protein Ectodomain Proteolysis (GO:0051044),2/14,0.5186656389637894,0.9999961806440713,0,0,1.2114880706109503,0.7953368838310308,GPLD1;SH3D19,LumA,Suppressed
GO_Biological_Process_2023,Positive Regulation Of Transporter Activity (GO:0032411),2/14,0.5186656389637894,0.9999961806440713,0,0,1.2114880706109503,0.7953368838310308,PPARGC1A;SGK2,LumA,Suppressed
GO_Biological_Process_2023,Protein Homotrimerization (GO:0070207),2/14,0.5186656389637894,0.9999961806440713,0,0,1.2114880706109503,0.7953368838310308,SCARA5;ITLN1,LumA,Suppressed
GO_Biological_Process_2023,Protein Trimerization (GO:0070206),2/14,0.5186656389637894,0.9999961806440713,0,0,1.2114880706109503,0.7953368838310308,SCARA5;ITLN1,LumA,Suppressed
GO_Biological_Process_2023,Regulation Of Establishment Of Protein Localization (GO:0070201),2/14,0.5186656389637894,0.9999961806440713,0,0,1.2114880706109503,0.7953368838310308,CORO2B;OOEP,LumA,Suppressed
GO_Biological_Process_2023,Regulation Of Exit From Mitosis (GO:0007096),2/14,0.5186656389637894,0.9999961806440713,0,0,1.2114880706109503,0.7953368838310308,NPM2;CDC14B,LumA,Suppressed
GO_Biological_Process_2023,Regulation Of Extracellular Matrix Disassembly (GO:0010715),2/14,0.5186656389637894,0.9999961806440713,0,0,1.2114880706109503,0.7953368838310308,IL6;DDR2,LumA,Suppressed
GO_Biological_Process_2023,Regulation Of Feeding Behavior (GO:0060259),2/14,0.5186656389637894,0.9999961806440713,0,0,1.2114880706109503,0.7953368838310308,NR4A3;LEPR,LumA,Suppressed
GO_Biological_Process_2023,Regulation Of Hemopoiesis (GO:1903706),2/14,0.5186656389637894,0.9999961806440713,0,0,1.2114880706109503,0.7953368838310308,PTN;IL17D,LumA,Suppressed
GO_Biological_Process_2023,Regulation Of Integrin Activation (GO:0033623),2/14,0.5186656389637894,0.9999961806440713,0,0,1.2114880706109503,0.7953368838310308,FERMT1;FERMT2,LumA,Suppressed
GO_Biological_Process_2023,Regulation Of Macrophage Differentiation (GO:0045649),2/14,0.5186656389637894,0.9999961806440713,0,0,1.2114880706109503,0.7953368838310308,IL34;PF4,LumA,Suppressed
GO_Biological_Process_2023,Regulation Of Microglial Cell Activation (GO:1903978),2/14,0.5186656389637894,0.9999961806440713,0,0,1.2114880706109503,0.7953368838310308,IL6;CX3CL1,LumA,Suppressed
GO_Biological_Process_2023,Renal Water Homeostasis (GO:0003091),2/14,0.5186656389637894,0.9999961806440713,0,0,1.2114880706109503,0.7953368838310308,AQP4;AQP1,LumA,Suppressed
GO_Biological_Process_2023,Serine Family Amino Acid Metabolic Process (GO:0009069),2/14,0.5186656389637894,0.9999961806440713,0,0,1.2114880706109503,0.7953368838310308,GLYAT;CDO1,LumA,Suppressed
GO_Biological_Process_2023,Stress Fiber Assembly (GO:0043149),2/14,0.5186656389637894,0.9999961806440713,0,0,1.2114880706109503,0.7953368838310308,FAM171A1;SORBS1,LumA,Suppressed
GO_Biological_Process_2023,Synaptic Vesicle Membrane Organization (GO:0048499),2/14,0.5186656389637894,0.9999961806440713,0,0,1.2114880706109503,0.7953368838310308,STX19;STX11,LumA,Suppressed
GO_Biological_Process_2023,Vascular Endothelial Growth Factor Signaling Pathway (GO:0038084),2/14,0.5186656389637894,0.9999961806440713,0,0,1.2114880706109503,0.7953368838310308,FOXC1;VEGFD,LumA,Suppressed
GO_Biological_Process_2023,Response To Calcium Ion (GO:0051592),13/106,0.5231982917231646,0.9999961806440713,0,0,1.0160262426371347,0.6581764596443874,NLGN1;KCNIP2;CAV1;AKR1C3;ADCY8;SYT8;RYR3;CRHBP;KCNMB1;KCNMB2;CASQ2;SCN5A;GPLD1,LumA,Suppressed
GO_Biological_Process_2023,Peptide Metabolic Process (GO:0006518),7/56,0.5238048022338557,0.9999961806440713,0,0,1.0383795309168444,0.6714537721022475,CPM;MME;LVRN;MGAT3;DMD;GGT3P;TRHDE,LumA,Suppressed
GO_Biological_Process_2023,Positive Regulation Of Cellular Metabolic Process (GO:0031325),7/56,0.5238048022338557,0.9999961806440713,0,0,1.0383795309168444,0.6714537721022475,SLCO1C1;ACE2;PID1;AKR1C1;ADIPOQ;AKR1C3;TGFBR2,LumA,Suppressed
GO_Biological_Process_2023,Modulation Of Excitatory Postsynaptic Potential (GO:0098815),4/31,0.5262407331515807,0.9999961806440713,0,0,1.0768499348209493,0.6913338927917503,NLGN1;RELN;CHRNA7;GRIN2B,LumA,Suppressed
GO_Biological_Process_2023,Negative Chemotaxis (GO:0050919),4/31,0.5262407331515807,0.9999961806440713,0,0,1.0768499348209493,0.6913338927917503,SEMA3D;SEMA3A;SEMA3G;LGR6,LumA,Suppressed
GO_Biological_Process_2023,Negative Regulation Of Cell-Matrix Adhesion (GO:0001953),4/31,0.5262407331515807,0.9999961806440713,0,0,1.0768499348209493,0.6913338927917503,MYOC;FAM107A;APOD;HOXA7,LumA,Suppressed
GO_Biological_Process_2023,Negative Regulation Of Intracellular Steroid Hormone Receptor Signaling Pathway (GO:0033144),4/31,0.5262407331515807,0.9999961806440713,0,0,1.0768499348209493,0.6913338927917503,PER1;SFRP1;TCF21;NODAL,LumA,Suppressed
GO_Biological_Process_2023,Positive Regulation Of G1/S Transition Of Mitotic Cell Cycle (GO:1900087),4/31,0.5262407331515807,0.9999961806440713,0,0,1.0768499348209493,0.6913338927917503,ANXA1;ADAMTS1;HYAL1;EGFR,LumA,Suppressed
GO_Biological_Process_2023,Positive Regulation Of Glucose Transmembrane Transport (GO:0010828),4/31,0.5262407331515807,0.9999961806440713,0,0,1.0768499348209493,0.6913338927917503,NR4A3;ITLN1;IGF1;SORBS1,LumA,Suppressed
GO_Biological_Process_2023,Positive Regulation Of Leukocyte Migration (GO:0002687),4/31,0.5262407331515807,0.9999961806440713,0,0,1.0768499348209493,0.6913338927917503,IL6;EDN3;PTN;LYVE1,LumA,Suppressed
GO_Biological_Process_2023,Presynaptic Endocytosis (GO:0140238),4/31,0.5262407331515807,0.9999961806440713,0,0,1.0768499348209493,0.6913338927917503,NLGN1;SNCG;SYT8;SNCA,LumA,Suppressed
GO_Biological_Process_2023,Cellular Response To Decreased Oxygen Levels (GO:0036294),9/73,0.5290532417714368,0.9999961806440713,0,0,1.0221278526970954,0.6507542621437323,ANGPT4;SFRP1;PTGIS;EPAS1;PPARG;MGARP;PTGS2;SCN2A;AQP1,LumA,Suppressed
GO_Biological_Process_2023,Positive Regulation Of Secretion By Cell (GO:1903532),9/73,0.5290532417714368,0.9999961806440713,0,0,1.0221278526970954,0.6507542621437323,MYOM1;EDN1;NMB;BMP2;EDN3;KCNB1;IGF1;BMP6;SNCA,LumA,Suppressed
GO_Biological_Process_2023,Chloride Transmembrane Transport (GO:1902476),6/48,0.531389378031987,0.9999961806440713,0,0,1.0383636255994315,0.6565160294230378,GABRA4;SLC1A3;SLC4A1;GABRE;GABRG3;GABRG1,LumA,Suppressed
GO_Biological_Process_2023,Cellular Lipid Catabolic Process (GO:0044242),3/23,0.5384146943751678,0.9999961806440713,0,0,1.0902938741721857,0.6750295123045602,ACADL;ENPP2;LPIN1,LumA,Suppressed
GO_Biological_Process_2023,Cellular Response To Interleukin-6 (GO:0071354),3/23,0.5384146943751678,0.9999961806440713,0,0,1.0902938741721857,0.6750295123045602,IL6;PID1;PTGIS,LumA,Suppressed
GO_Biological_Process_2023,Positive Regulation Of Oxidoreductase Activity (GO:0051353),3/23,0.5384146943751678,0.9999961806440713,0,0,1.0902938741721857,0.6750295123045602,EDN1;EDN3;FTMT,LumA,Suppressed
GO_Biological_Process_2023,Regulation Of Axon Extension Involved In Axon Guidance (GO:0048841),3/23,0.5384146943751678,0.9999961806440713,0,0,1.0902938741721857,0.6750295123045602,SEMA3D;SEMA3A;SEMA3G,LumA,Suppressed
GO_Biological_Process_2023,Regulation Of Cellular Response To Transforming Growth Factor Beta Stimulus (GO:1903844),3/23,0.5384146943751678,0.9999961806440713,0,0,1.0902938741721857,0.6750295123045602,LTBP4;PPARG;FOLR1,LumA,Suppressed
GO_Biological_Process_2023,Regulation Of Cholesterol Metabolic Process (GO:0090181),3/23,0.5384146943751678,0.9999961806440713,0,0,1.0902938741721857,0.6750295123045602,ACADL;NR1H4;CES1,LumA,Suppressed
GO_Biological_Process_2023,Regulation Of Extracellular Matrix Organization (GO:1903053),3/23,0.5384146943751678,0.9999961806440713,0,0,1.0902938741721857,0.6750295123045602,ANGPTL7;LAMA1;DDR2,LumA,Suppressed
GO_Biological_Process_2023,AV Node Cell To Bundle Of His Cell Communication (GO:0086067),1/6,0.5386428649753271,0.9999961806440713,0,0,1.4537634408602151,0.8994470983162445,SCN5A,LumA,Suppressed
GO_Biological_Process_2023,G Protein-Coupled Receptor Internalization (GO:0002031),1/6,0.5386428649753271,0.9999961806440713,0,0,1.4537634408602151,0.8994470983162445,DMBT1,LumA,Suppressed
GO_Biological_Process_2023,L-methionine Salvage (GO:0071267),1/6,0.5386428649753271,0.9999961806440713,0,0,1.4537634408602151,0.8994470983162445,BHMT2,LumA,Suppressed
GO_Biological_Process_2023,Adherens Junction Maintenance (GO:0034334),1/6,0.5386428649753271,0.9999961806440713,0,0,1.4537634408602151,0.8994470983162445,FERMT2,LumA,Suppressed
GO_Biological_Process_2023,Adult Feeding Behavior (GO:0008343),1/6,0.5386428649753271,0.9999961806440713,0,0,1.4537634408602151,0.8994470983162445,LEP,LumA,Suppressed
GO_Biological_Process_2023,Aggrephagy (GO:0035973),1/6,0.5386428649753271,0.9999961806440713,0,0,1.4537634408602151,0.8994470983162445,MAP1LC3C,LumA,Suppressed
GO_Biological_Process_2023,Aldehyde Biosynthetic Process (GO:0046184),1/6,0.5386428649753271,0.9999961806440713,0,0,1.4537634408602151,0.8994470983162445,DDR2,LumA,Suppressed
GO_Biological_Process_2023,Amino-Acid Betaine Metabolic Process (GO:0006577),1/6,0.5386428649753271,0.9999961806440713,0,0,1.4537634408602151,0.8994470983162445,BHMT2,LumA,Suppressed
GO_Biological_Process_2023,Angiotensin-Activated Signaling Pathway (GO:0038166),1/6,0.5386428649753271,0.9999961806440713,0,0,1.4537634408602151,0.8994470983162445,CAV1,LumA,Suppressed
GO_Biological_Process_2023,Axon Extension Involved In Axon Guidance (GO:0048846),1/6,0.5386428649753271,0.9999961806440713,0,0,1.4537634408602151,0.8994470983162445,SEMA3A,LumA,Suppressed
GO_Biological_Process_2023,Cellular Hyperosmotic Response (GO:0071474),1/6,0.5386428649753271,0.9999961806440713,0,0,1.4537634408602151,0.8994470983162445,AQP1,LumA,Suppressed
GO_Biological_Process_2023,Cellular Hypotonic Response (GO:0071476),1/6,0.5386428649753271,0.9999961806440713,0,0,1.4537634408602151,0.8994470983162445,MYLK,LumA,Suppressed
GO_Biological_Process_2023,Cellular Response To Bacterial Lipopeptide (GO:0071221),1/6,0.5386428649753271,0.9999961806440713,0,0,1.4537634408602151,0.8994470983162445,CD36,LumA,Suppressed
GO_Biological_Process_2023,Cellular Response To Gonadotropin Stimulus (GO:0071371),1/6,0.5386428649753271,0.9999961806440713,0,0,1.4537634408602151,0.8994470983162445,LHCGR,LumA,Suppressed
GO_Biological_Process_2023,Cellular Response To Laminar Fluid Shear Stress (GO:0071499),1/6,0.5386428649753271,0.9999961806440713,0,0,1.4537634408602151,0.8994470983162445,KLF4,LumA,Suppressed
GO_Biological_Process_2023,Cholesterol Catabolic Process (GO:0006707),1/6,0.5386428649753271,0.9999961806440713,0,0,1.4537634408602151,0.8994470983162445,CYP7A1,LumA,Suppressed
GO_Biological_Process_2023,Citrulline Metabolic Process (GO:0000052),1/6,0.5386428649753271,0.9999961806440713,0,0,1.4537634408602151,0.8994470983162445,OTC,LumA,Suppressed
GO_Biological_Process_2023,Clathrin Coat Disassembly (GO:0072318),1/6,0.5386428649753271,0.9999961806440713,0,0,1.4537634408602151,0.8994470983162445,SH3GL3,LumA,Suppressed
GO_Biological_Process_2023,Cytolysis By Host Of Symbiont Cells (GO:0051838),1/6,0.5386428649753271,0.9999961806440713,0,0,1.4537634408602151,0.8994470983162445,NRG1,LumA,Suppressed
GO_Biological_Process_2023,Ethanol Catabolic Process (GO:0006068),1/6,0.5386428649753271,0.9999961806440713,0,0,1.4537634408602151,0.8994470983162445,SULT1E1,LumA,Suppressed
GO_Biological_Process_2023,Excitatory Chemical Synaptic Transmission (GO:0098976),1/6,0.5386428649753271,0.9999961806440713,0,0,1.4537634408602151,0.8994470983162445,GRIN2B,LumA,Suppressed
GO_Biological_Process_2023,"Fatty Acid Elongation, Monounsaturated Fatty Acid (GO:0034625)",1/6,0.5386428649753271,0.9999961806440713,0,0,1.4537634408602151,0.8994470983162445,ELOVL3,LumA,Suppressed
GO_Biological_Process_2023,"Fatty Acid Elongation, Polyunsaturated Fatty Acid (GO:0034626)",1/6,0.5386428649753271,0.9999961806440713,0,0,1.4537634408602151,0.8994470983162445,ELOVL3,LumA,Suppressed
GO_Biological_Process_2023,"Fatty Acid Elongation, Saturated Fatty Acid (GO:0019367)",1/6,0.5386428649753271,0.9999961806440713,0,0,1.4537634408602151,0.8994470983162445,ELOVL3,LumA,Suppressed
GO_Biological_Process_2023,"Fatty Acid Elongation, Unsaturated Fatty Acid (GO:0019368)",1/6,0.5386428649753271,0.9999961806440713,0,0,1.4537634408602151,0.8994470983162445,ELOVL3,LumA,Suppressed
GO_Biological_Process_2023,Glucan Catabolic Process (GO:0009251),1/6,0.5386428649753271,0.9999961806440713,0,0,1.4537634408602151,0.8994470983162445,PYGM,LumA,Suppressed
GO_Biological_Process_2023,Glycogen Catabolic Process (GO:0005980),1/6,0.5386428649753271,0.9999961806440713,0,0,1.4537634408602151,0.8994470983162445,PYGM,LumA,Suppressed
GO_Biological_Process_2023,Heart Trabecula Formation (GO:0060347),1/6,0.5386428649753271,0.9999961806440713,0,0,1.4537634408602151,0.8994470983162445,TGFBR3,LumA,Suppressed
GO_Biological_Process_2023,Hypotonic Response (GO:0006971),1/6,0.5386428649753271,0.9999961806440713,0,0,1.4537634408602151,0.8994470983162445,MYLK,LumA,Suppressed
GO_Biological_Process_2023,Intracellular Sequestering Of Iron Ion (GO:0006880),1/6,0.5386428649753271,0.9999961806440713,0,0,1.4537634408602151,0.8994470983162445,FTMT,LumA,Suppressed
GO_Biological_Process_2023,Leukotriene Transport (GO:0071716),1/6,0.5386428649753271,0.9999961806440713,0,0,1.4537634408602151,0.8994470983162445,ABCC2,LumA,Suppressed
GO_Biological_Process_2023,Lipid Hydroxylation (GO:0002933),1/6,0.5386428649753271,0.9999961806440713,0,0,1.4537634408602151,0.8994470983162445,CYP3A4,LumA,Suppressed
GO_Biological_Process_2023,Locomotor Rhythm (GO:0045475),1/6,0.5386428649753271,0.9999961806440713,0,0,1.4537634408602151,0.8994470983162445,EGR1,LumA,Suppressed
GO_Biological_Process_2023,Macrophage Derived Foam Cell Differentiation (GO:0010742),1/6,0.5386428649753271,0.9999961806440713,0,0,1.4537634408602151,0.8994470983162445,PPARG,LumA,Suppressed
GO_Biological_Process_2023,Maintenance Of Lens Transparency (GO:0036438),1/6,0.5386428649753271,0.9999961806440713,0,0,1.4537634408602151,0.8994470983162445,FOXC1,LumA,Suppressed
GO_Biological_Process_2023,Marginal Zone B Cell Differentiation (GO:0002315),1/6,0.5386428649753271,0.9999961806440713,0,0,1.4537634408602151,0.8994470983162445,DOCK11,LumA,Suppressed
GO_Biological_Process_2023,Meiotic DNA Double-Strand Break Formation (GO:0042138),1/6,0.5386428649753271,0.9999961806440713,0,0,1.4537634408602151,0.8994470983162445,IHO1,LumA,Suppressed
GO_Biological_Process_2023,Membrane Biogenesis (GO:0044091),1/6,0.5386428649753271,0.9999961806440713,0,0,1.4537634408602151,0.8994470983162445,SPTBN1,LumA,Suppressed
GO_Biological_Process_2023,Metanephric Nephron Tubule Development (GO:0072234),1/6,0.5386428649753271,0.9999961806440713,0,0,1.4537634408602151,0.8994470983162445,POU3F3,LumA,Suppressed
GO_Biological_Process_2023,Mitotic Nuclear Membrane Disassembly (GO:0007077),1/6,0.5386428649753271,0.9999961806440713,0,0,1.4537634408602151,0.8994470983162445,LPIN1,LumA,Suppressed
GO_Biological_Process_2023,Monoacylglycerol Catabolic Process (GO:0052651),1/6,0.5386428649753271,0.9999961806440713,0,0,1.4537634408602151,0.8994470983162445,MGLL,LumA,Suppressed
GO_Biological_Process_2023,Negative Regulation Of Blood Vessel Endothelial Cell Proliferation Involved In Sprouting Angiogenesis (GO:1903588),1/6,0.5386428649753271,0.9999961806440713,0,0,1.4537634408602151,0.8994470983162445,NGFR,LumA,Suppressed
GO_Biological_Process_2023,Negative Regulation Of Dendritic Cell Apoptotic Process (GO:2000669),1/6,0.5386428649753271,0.9999961806440713,0,0,1.4537634408602151,0.8994470983162445,CCL21,LumA,Suppressed
GO_Biological_Process_2023,Negative Regulation Of Dendritic Spine Development (GO:0061000),1/6,0.5386428649753271,0.9999961806440713,0,0,1.4537634408602151,0.8994470983162445,NLGN1,LumA,Suppressed
GO_Biological_Process_2023,Negative Regulation Of Epidermal Cell Differentiation (GO:0045605),1/6,0.5386428649753271,0.9999961806440713,0,0,1.4537634408602151,0.8994470983162445,HOXA7,LumA,Suppressed
GO_Biological_Process_2023,Negative Regulation Of Heart Rate (GO:0010459),1/6,0.5386428649753271,0.9999961806440713,0,0,1.4537634408602151,0.8994470983162445,SPX,LumA,Suppressed
GO_Biological_Process_2023,Negative Regulation Of Hematopoietic Progenitor Cell Differentiation (GO:1901533),1/6,0.5386428649753271,0.9999961806440713,0,0,1.4537634408602151,0.8994470983162445,TCF15,LumA,Suppressed
GO_Biological_Process_2023,Negative Regulation Of Low-Density Lipoprotein Receptor Activity (GO:1905598),1/6,0.5386428649753271,0.9999961806440713,0,0,1.4537634408602151,0.8994470983162445,ADIPOQ,LumA,Suppressed
GO_Biological_Process_2023,Negative Regulation Of Lymphocyte Differentiation (GO:0045620),1/6,0.5386428649753271,0.9999961806440713,0,0,1.4537634408602151,0.8994470983162445,SFRP1,LumA,Suppressed
GO_Biological_Process_2023,Negative Regulation Of Membrane Protein Ectodomain Proteolysis (GO:0051045),1/6,0.5386428649753271,0.9999961806440713,0,0,1.4537634408602151,0.8994470983162445,TIMP4,LumA,Suppressed
GO_Biological_Process_2023,Negative Regulation Of miRNA Processing (GO:1903799),1/6,0.5386428649753271,0.9999961806440713,0,0,1.4537634408602151,0.8994470983162445,IL6,LumA,Suppressed
GO_Biological_Process_2023,Negative Regulation Of Response To Type II Interferon (GO:0060331),1/6,0.5386428649753271,0.9999961806440713,0,0,1.4537634408602151,0.8994470983162445,PPARG,LumA,Suppressed
GO_Biological_Process_2023,Negative Regulation Of Retinoic Acid Receptor Signaling Pathway (GO:0048387),1/6,0.5386428649753271,0.9999961806440713,0,0,1.4537634408602151,0.8994470983162445,CYP26B1,LumA,Suppressed
GO_Biological_Process_2023,Negative Regulation Of Ruffle Assembly (GO:1900028),1/6,0.5386428649753271,0.9999961806440713,0,0,1.4537634408602151,0.8994470983162445,KANK1,LumA,Suppressed
GO_Biological_Process_2023,Negative Regulation Of Type II Interferon-Mediated Signaling Pathway (GO:0060336),1/6,0.5386428649753271,0.9999961806440713,0,0,1.4537634408602151,0.8994470983162445,PPARG,LumA,Suppressed
GO_Biological_Process_2023,Neuron Projection Extension Involved In Neuron Projection Guidance (GO:1902284),1/6,0.5386428649753271,0.9999961806440713,0,0,1.4537634408602151,0.8994470983162445,SEMA3A,LumA,Suppressed
GO_Biological_Process_2023,"Neurotransmitter Receptor Transport, Postsynaptic Endosome To Lysosome (GO:0098943)",1/6,0.5386428649753271,0.9999961806440713,0,0,1.4537634408602151,0.8994470983162445,CACNG2,LumA,Suppressed
GO_Biological_Process_2023,Noradrenergic Neuron Differentiation (GO:0003357),1/6,0.5386428649753271,0.9999961806440713,0,0,1.4537634408602151,0.8994470983162445,PHOX2A,LumA,Suppressed
GO_Biological_Process_2023,Norepinephrine Biosynthetic Process (GO:0042421),1/6,0.5386428649753271,0.9999961806440713,0,0,1.4537634408602151,0.8994470983162445,MOXD2P,LumA,Suppressed
GO_Biological_Process_2023,Nose Development (GO:0043584),1/6,0.5386428649753271,0.9999961806440713,0,0,1.4537634408602151,0.8994470983162445,PROX1,LumA,Suppressed
GO_Biological_Process_2023,"Nuclear-Transcribed mRNA Catabolic Process, Deadenylation-Independent Decay (GO:0031086)",1/6,0.5386428649753271,0.9999961806440713,0,0,1.4537634408602151,0.8994470983162445,ZFP36,LumA,Suppressed
GO_Biological_Process_2023,Nucleobase Catabolic Process (GO:0046113),1/6,0.5386428649753271,0.9999961806440713,0,0,1.4537634408602151,0.8994470983162445,DPYS,LumA,Suppressed
GO_Biological_Process_2023,Pharyngeal Arch Artery Morphogenesis (GO:0061626),1/6,0.5386428649753271,0.9999961806440713,0,0,1.4537634408602151,0.8994470983162445,FOLR1,LumA,Suppressed
GO_Biological_Process_2023,Phospholipase C-activating Dopamine Receptor Signaling Pathway (GO:0060158),1/6,0.5386428649753271,0.9999961806440713,0,0,1.4537634408602151,0.8994470983162445,DRD2,LumA,Suppressed
GO_Biological_Process_2023,Positive Regulation Of ER-associated Ubiquitin-Dependent Protein Catabolic Process (GO:1903071),1/6,0.5386428649753271,0.9999961806440713,0,0,1.4537634408602151,0.8994470983162445,CAV1,LumA,Suppressed
GO_Biological_Process_2023,Positive Regulation Of RNA Binding (GO:1905216),1/6,0.5386428649753271,0.9999961806440713,0,0,1.4537634408602151,0.8994470983162445,LARP6,LumA,Suppressed
GO_Biological_Process_2023,Positive Regulation Of Blood Circulation (GO:1903524),1/6,0.5386428649753271,0.9999961806440713,0,0,1.4537634408602151,0.8994470983162445,ATP1A2,LumA,Suppressed
GO_Biological_Process_2023,Positive Regulation Of cAMP-mediated Signaling (GO:0043950),1/6,0.5386428649753271,0.9999961806440713,0,0,1.4537634408602151,0.8994470983162445,SCTR,LumA,Suppressed
GO_Biological_Process_2023,Positive Regulation Of Catecholamine Secretion (GO:0033605),1/6,0.5386428649753271,0.9999961806440713,0,0,1.4537634408602151,0.8994470983162445,KCNB1,LumA,Suppressed
GO_Biological_Process_2023,Positive Regulation Of Cell Killing (GO:0031343),1/6,0.5386428649753271,0.9999961806440713,0,0,1.4537634408602151,0.8994470983162445,FCER2,LumA,Suppressed
GO_Biological_Process_2023,Positive Regulation Of Cilium Movement (GO:0003353),1/6,0.5386428649753271,0.9999961806440713,0,0,1.4537634408602151,0.8994470983162445,TACR1,LumA,Suppressed
GO_Biological_Process_2023,Positive Regulation Of Cilium-Dependent Cell Motility (GO:2000155),1/6,0.5386428649753271,0.9999961806440713,0,0,1.4537634408602151,0.8994470983162445,TACR1,LumA,Suppressed
GO_Biological_Process_2023,Positive Regulation Of Cysteine-Type Endopeptidase Activity Involved In Apoptotic Signaling Pathway (GO:2001269),1/6,0.5386428649753271,0.9999961806440713,0,0,1.4537634408602151,0.8994470983162445,GSN,LumA,Suppressed
GO_Biological_Process_2023,Positive Regulation Of Flagellated Sperm Motility (GO:1902093),1/6,0.5386428649753271,0.9999961806440713,0,0,1.4537634408602151,0.8994470983162445,TACR1,LumA,Suppressed
GO_Biological_Process_2023,Positive Regulation Of Immune Response To Tumor Cell (GO:0002839),1/6,0.5386428649753271,0.9999961806440713,0,0,1.4537634408602151,0.8994470983162445,NRG1,LumA,Suppressed
GO_Biological_Process_2023,Positive Regulation Of Interleukin-5 Production (GO:0032754),1/6,0.5386428649753271,0.9999961806440713,0,0,1.4537634408602151,0.8994470983162445,TSLP,LumA,Suppressed
GO_Biological_Process_2023,Positive Regulation Of Kidney Development (GO:0090184),1/6,0.5386428649753271,0.9999961806440713,0,0,1.4537634408602151,0.8994470983162445,SOX8,LumA,Suppressed
GO_Biological_Process_2023,Positive Regulation Of Lamellipodium Morphogenesis (GO:2000394),1/6,0.5386428649753271,0.9999961806440713,0,0,1.4537634408602151,0.8994470983162445,ENPP2,LumA,Suppressed
GO_Biological_Process_2023,Positive Regulation Of Lipoprotein Lipase Activity (GO:0051006),1/6,0.5386428649753271,0.9999961806440713,0,0,1.4537634408602151,0.8994470983162445,GPIHBP1,LumA,Suppressed
GO_Biological_Process_2023,Positive Regulation Of mRNA Binding (GO:1902416),1/6,0.5386428649753271,0.9999961806440713,0,0,1.4537634408602151,0.8994470983162445,LARP6,LumA,Suppressed
GO_Biological_Process_2023,Positive Regulation Of Membrane Depolarization (GO:1904181),1/6,0.5386428649753271,0.9999961806440713,0,0,1.4537634408602151,0.8994470983162445,MYOC,LumA,Suppressed
GO_Biological_Process_2023,Positive Regulation Of Multicellular Organism Growth (GO:0040018),1/6,0.5386428649753271,0.9999961806440713,0,0,1.4537634408602151,0.8994470983162445,GHR,LumA,Suppressed
GO_Biological_Process_2023,Positive Regulation Of Neurotransmitter Secretion (GO:0001956),1/6,0.5386428649753271,0.9999961806440713,0,0,1.4537634408602151,0.8994470983162445,NLGN1,LumA,Suppressed
GO_Biological_Process_2023,Positive Regulation Of Steroid Metabolic Process (GO:0045940),1/6,0.5386428649753271,0.9999961806440713,0,0,1.4537634408602151,0.8994470983162445,CES1,LumA,Suppressed
GO_Biological_Process_2023,Positive Regulation Of Striated Muscle Contraction (GO:0045989),1/6,0.5386428649753271,0.9999961806440713,0,0,1.4537634408602151,0.8994470983162445,RGS2,LumA,Suppressed
GO_Biological_Process_2023,Protein Catabolic Process In The Vacuole (GO:0007039),1/6,0.5386428649753271,0.9999961806440713,0,0,1.4537634408602151,0.8994470983162445,CPA2,LumA,Suppressed
GO_Biological_Process_2023,Protein Localization To Basolateral Plasma Membrane (GO:1903361),1/6,0.5386428649753271,0.9999961806440713,0,0,1.4537634408602151,0.8994470983162445,CAV1,LumA,Suppressed
GO_Biological_Process_2023,Receptor-Mediated Virion Attachment To Host Cell (GO:0046813),1/6,0.5386428649753271,0.9999961806440713,0,0,1.4537634408602151,0.8994470983162445,CLEC4M,LumA,Suppressed
GO_Biological_Process_2023,Regulation Of I-kappaB Phosphorylation (GO:1903719),1/6,0.5386428649753271,0.9999961806440713,0,0,1.4537634408602151,0.8994470983162445,CX3CL1,LumA,Suppressed
GO_Biological_Process_2023,Regulation Of T Cell Tolerance Induction (GO:0002664),1/6,0.5386428649753271,0.9999961806440713,0,0,1.4537634408602151,0.8994470983162445,TGFBR2,LumA,Suppressed
GO_Biological_Process_2023,Regulation Of Anion Channel Activity (GO:0010359),1/6,0.5386428649753271,0.9999961806440713,0,0,1.4537634408602151,0.8994470983162445,PRNP,LumA,Suppressed
GO_Biological_Process_2023,Regulation Of Axon Guidance (GO:1902667),1/6,0.5386428649753271,0.9999961806440713,0,0,1.4537634408602151,0.8994470983162445,TUBB2B,LumA,Suppressed
GO_Biological_Process_2023,Regulation Of Cell Adhesion Molecule Production (GO:0060353),1/6,0.5386428649753271,0.9999961806440713,0,0,1.4537634408602151,0.8994470983162445,CAV1,LumA,Suppressed
GO_Biological_Process_2023,Regulation Of Collagen Fibril Organization (GO:1904026),1/6,0.5386428649753271,0.9999961806440713,0,0,1.4537634408602151,0.8994470983162445,TNXB,LumA,Suppressed
GO_Biological_Process_2023,Regulation Of Cortisol Biosynthetic Process (GO:2000064),1/6,0.5386428649753271,0.9999961806440713,0,0,1.4537634408602151,0.8994470983162445,BMP5,LumA,Suppressed
GO_Biological_Process_2023,Regulation Of Digestive System Process (GO:0044058),1/6,0.5386428649753271,0.9999961806440713,0,0,1.4537634408602151,0.8994470983162445,OPRK1,LumA,Suppressed
GO_Biological_Process_2023,Regulation Of Growth Hormone Secretion (GO:0060123),1/6,0.5386428649753271,0.9999961806440713,0,0,1.4537634408602151,0.8994470983162445,DRD2,LumA,Suppressed
GO_Biological_Process_2023,Regulation Of Hemoglobin Biosynthetic Process (GO:0046984),1/6,0.5386428649753271,0.9999961806440713,0,0,1.4537634408602151,0.8994470983162445,KLF4,LumA,Suppressed
GO_Biological_Process_2023,Regulation Of Intestinal Cholesterol Absorption (GO:0030300),1/6,0.5386428649753271,0.9999961806440713,0,0,1.4537634408602151,0.8994470983162445,CYP8B1,LumA,Suppressed
GO_Biological_Process_2023,Regulation Of Ketone Biosynthetic Process (GO:0010566),1/6,0.5386428649753271,0.9999961806440713,0,0,1.4537634408602151,0.8994470983162445,EGR1,LumA,Suppressed
GO_Biological_Process_2023,Regulation Of Lens Fiber Cell Differentiation (GO:1902746),1/6,0.5386428649753271,0.9999961806440713,0,0,1.4537634408602151,0.8994470983162445,SPRY2,LumA,Suppressed
GO_Biological_Process_2023,Regulation Of Phospholipid Transport (GO:2001138),1/6,0.5386428649753271,0.9999961806440713,0,0,1.4537634408602151,0.8994470983162445,CETP,LumA,Suppressed
GO_Biological_Process_2023,Regulation Of Prostaglandin Biosynthetic Process (GO:0031392),1/6,0.5386428649753271,0.9999961806440713,0,0,1.4537634408602151,0.8994470983162445,PTGS2,LumA,Suppressed
GO_Biological_Process_2023,Regulation Of Respiratory Gaseous Exchange (GO:0043576),1/6,0.5386428649753271,0.9999961806440713,0,0,1.4537634408602151,0.8994470983162445,NMB,LumA,Suppressed
GO_Biological_Process_2023,Regulation Of Saliva Secretion (GO:0046877),1/6,0.5386428649753271,0.9999961806440713,0,0,1.4537634408602151,0.8994470983162445,OPRK1,LumA,Suppressed
GO_Biological_Process_2023,Regulation Of Striated Muscle Cell Differentiation (GO:0051153),1/6,0.5386428649753271,0.9999961806440713,0,0,1.4537634408602151,0.8994470983162445,NRG1,LumA,Suppressed
GO_Biological_Process_2023,Regulation Of Systemic Arterial Blood Pressure By Renin-Angiotensin (GO:0003081),1/6,0.5386428649753271,0.9999961806440713,0,0,1.4537634408602151,0.8994470983162445,ACE2,LumA,Suppressed
GO_Biological_Process_2023,Regulation Of Vascular Associated Smooth Muscle Cell Differentiation (GO:1905063),1/6,0.5386428649753271,0.9999961806440713,0,0,1.4537634408602151,0.8994470983162445,KIT,LumA,Suppressed
GO_Biological_Process_2023,Response To Alkaloid (GO:0043279),1/6,0.5386428649753271,0.9999961806440713,0,0,1.4537634408602151,0.8994470983162445,DRD2,LumA,Suppressed
GO_Biological_Process_2023,Retinal Rod Cell Differentiation (GO:0060221),1/6,0.5386428649753271,0.9999961806440713,0,0,1.4537634408602151,0.8994470983162445,SOX8,LumA,Suppressed
GO_Biological_Process_2023,Serine Transport (GO:0032329),1/6,0.5386428649753271,0.9999961806440713,0,0,1.4537634408602151,0.8994470983162445,SLC7A10,LumA,Suppressed
GO_Biological_Process_2023,Short-Chain Fatty Acid Metabolic Process (GO:0046459),1/6,0.5386428649753271,0.9999961806440713,0,0,1.4537634408602151,0.8994470983162445,ACSM1,LumA,Suppressed
GO_Biological_Process_2023,Skeletal Muscle Thin Filament Assembly (GO:0030240),1/6,0.5386428649753271,0.9999961806440713,0,0,1.4537634408602151,0.8994470983162445,PROX1,LumA,Suppressed
GO_Biological_Process_2023,Spinal Cord Dorsal/Ventral Patterning (GO:0021513),1/6,0.5386428649753271,0.9999961806440713,0,0,1.4537634408602151,0.8994470983162445,RFX4,LumA,Suppressed
GO_Biological_Process_2023,Spontaneous Synaptic Transmission (GO:0098814),1/6,0.5386428649753271,0.9999961806440713,0,0,1.4537634408602151,0.8994470983162445,NSG1,LumA,Suppressed
GO_Biological_Process_2023,Sterol Catabolic Process (GO:0016127),1/6,0.5386428649753271,0.9999961806440713,0,0,1.4537634408602151,0.8994470983162445,CYP7A1,LumA,Suppressed
GO_Biological_Process_2023,"Substrate-Dependent Cell Migration, Cell Extension (GO:0006930)",1/6,0.5386428649753271,0.9999961806440713,0,0,1.4537634408602151,0.8994470983162445,P2RY12,LumA,Suppressed
GO_Biological_Process_2023,Synaptic Vesicle Docking (GO:0016081),1/6,0.5386428649753271,0.9999961806440713,0,0,1.4537634408602151,0.8994470983162445,UNC13C,LumA,Suppressed
GO_Biological_Process_2023,Very Long-Chain Fatty Acid Catabolic Process (GO:0042760),1/6,0.5386428649753271,0.9999961806440713,0,0,1.4537634408602151,0.8994470983162445,ABCD2,LumA,Suppressed
GO_Biological_Process_2023,Xenobiotic Glucuronidation (GO:0052697),1/6,0.5386428649753271,0.9999961806440713,0,0,1.4537634408602151,0.8994470983162445,UGT2B28,LumA,Suppressed
GO_Biological_Process_2023,Skeletal System Development (GO:0001501),18/149,0.539922227577176,0.9999961806440713,0,0,0.9986297058159608,0.615485619150118,GDF10;PKDCC;MYOC;ZBTB16;NPR3;PRELP;IGF1;PTH1R;BMP6;BMP5;BMP3;BMP2;SNORC;HYAL1;SHOX;ALX4;ALPL;SOX6,LumA,Suppressed
GO_Biological_Process_2023,Regulation Of Small Molecule Metabolic Process (GO:0062012),5/40,0.5405917281267436,0.9999961806440713,0,0,1.038347733459581,0.638678290210527,ACADL;ADIPOQ;PDK4;NR1H4;PPARA,LumA,Suppressed
GO_Biological_Process_2023,Enzyme-Linked Receptor Protein Signaling Pathway (GO:0007167),15/124,0.5410711583806553,0.9999961806440713,0,0,1.0001679158588896,0.6143076122548228,ALK;NTRK2;SHC3;NPR1;LIFR;PTN;GFRA2;EGFR;ART4;NTF4;TYRO3;ALKAL2;MET;ANGPTL1;DDR2,LumA,Suppressed
GO_Biological_Process_2023,Positive Regulation Of MAP Kinase Activity (GO:0043406),11/91,0.5489491003531396,0.9999961806440713,0,0,0.9993303571428572,0.5993479371473343,GHR;TENM1;EDN1;EDN3;IL34;KIT;S100A12;FGF1;FGF2;EGFR;ELANE,LumA,Suppressed
GO_Biological_Process_2023,Gluconeogenesis (GO:0006094),4/32,0.5522955887579923,0.9999961806440713,0,0,1.0383318544809228,0.6164284336107384,PFKFB1;KRT17;PCK1;PPARGC1A,LumA,Suppressed
GO_Biological_Process_2023,Negative Regulation Of Fat Cell Differentiation (GO:0045599),4/32,0.5522955887579923,0.9999961806440713,0,0,1.0383318544809228,0.6164284336107384,WNT10B;BMP2;IL6;FERMT2,LumA,Suppressed
GO_Biological_Process_2023,Negative Regulation Of Osteoblast Differentiation (GO:0045668),4/32,0.5522955887579923,0.9999961806440713,0,0,1.0383318544809228,0.6164284336107384,GDF10;PTCH1;TWIST2;PPARG,LumA,Suppressed
GO_Biological_Process_2023,Positive Regulation Of Synapse Assembly (GO:0051965),4/32,0.5522955887579923,0.9999961806440713,0,0,1.0383318544809228,0.6164284336107384,NLGN1;SLITRK2;EPHB1;VSTM5,LumA,Suppressed
GO_Biological_Process_2023,Regulation Of Transmembrane Transport (GO:0034762),4/32,0.5522955887579923,0.9999961806440713,0,0,1.0383318544809228,0.6164284336107384,FFAR4;KCNJ16;KCNJ2;SNCA,LumA,Suppressed
GO_Biological_Process_2023,Antibacterial Humoral Response (GO:0019731),6/49,0.5523950654164905,0.9999961806440713,0,0,1.0141578079973783,0.6018943332941861,DMBT1;SLPI;RNASE7;DEFB1;PI3;JCHAIN,LumA,Suppressed
GO_Biological_Process_2023,Negative Regulation Of Tumor Necrosis Factor Superfamily Cytokine Production (GO:1903556),6/49,0.5523950654164905,0.9999961806440713,0,0,1.0141578079973783,0.6018943332941861,CHRNA7;CIDEA;NR1H4;BPI;IGF1;CX3CL1,LumA,Suppressed
GO_Biological_Process_2023,Phospholipase C-activating G Protein-Coupled Receptor Signaling Pathway (GO:0007200),10/83,0.5555980039722951,0.9999961806440713,0,0,0.9955816373530768,0.5851135436079038,P2RY12;GPR17;LHCGR;CXCR2;OPRK1;NMUR1;HTR2A;PTH1R;TACR1;DRD2,LumA,Suppressed
GO_Biological_Process_2023,3'-Phosphoadenosine 5'-Phosphosulfate Metabolic Process (GO:0050427),2/15,0.5570089415505345,0.9999961806440713,0,0,1.118233028866045,0.6543608789245248,SULT1C3;SULT1E1,LumA,Suppressed
GO_Biological_Process_2023,L-glutamate Import (GO:0051938),2/15,0.5570089415505345,0.9999961806440713,0,0,1.118233028866045,0.6543608789245248,SLC1A3;SLC17A7,LumA,Suppressed
GO_Biological_Process_2023,N-acetylglucosamine Metabolic Process (GO:0006044),2/15,0.5570089415505345,0.9999961806440713,0,0,1.118233028866045,0.6543608789245248,MGAT3;CHST3,LumA,Suppressed
GO_Biological_Process_2023,Amyloid-Beta Metabolic Process (GO:0050435),2/15,0.5570089415505345,0.9999961806440713,0,0,1.118233028866045,0.6543608789245248,MME;MGAT3,LumA,Suppressed
GO_Biological_Process_2023,Cardiac Myofibril Assembly (GO:0055003),2/15,0.5570089415505345,0.9999961806440713,0,0,1.118233028866045,0.6543608789245248,MYL2;PROX1,LumA,Suppressed
GO_Biological_Process_2023,Cellular Glucuronidation (GO:0052695),2/15,0.5570089415505345,0.9999961806440713,0,0,1.118233028866045,0.6543608789245248,UGT2B28;UGT2B7,LumA,Suppressed
GO_Biological_Process_2023,Cellular Response To Zinc Ion (GO:0071294),2/15,0.5570089415505345,0.9999961806440713,0,0,1.118233028866045,0.6543608789245248,MT1M;MT1X,LumA,Suppressed
GO_Biological_Process_2023,Dendritic Cell Chemotaxis (GO:0002407),2/15,0.5570089415505345,0.9999961806440713,0,0,1.118233028866045,0.6543608789245248,CCL21;CXCR2,LumA,Suppressed
GO_Biological_Process_2023,Dendritic Spine Morphogenesis (GO:0060997),2/15,0.5570089415505345,0.9999961806440713,0,0,1.118233028866045,0.6543608789245248,PAK3;EPHB1,LumA,Suppressed
GO_Biological_Process_2023,Ganglioside Biosynthetic Process (GO:0001574),2/15,0.5570089415505345,0.9999961806440713,0,0,1.118233028866045,0.6543608789245248,ST8SIA2;ST6GALNAC3,LumA,Suppressed
GO_Biological_Process_2023,Gas Transport (GO:0015669),2/15,0.5570089415505345,0.9999961806440713,0,0,1.118233028866045,0.6543608789245248,HBB;HBA1,LumA,Suppressed
GO_Biological_Process_2023,Glucuronate Metabolic Process (GO:0019585),2/15,0.5570089415505345,0.9999961806440713,0,0,1.118233028866045,0.6543608789245248,UGT2B28;UGT2B7,LumA,Suppressed
GO_Biological_Process_2023,Glycosaminoglycan Catabolic Process (GO:0006027),2/15,0.5570089415505345,0.9999961806440713,0,0,1.118233028866045,0.6543608789245248,HYAL1;FGF2,LumA,Suppressed
GO_Biological_Process_2023,High-Density Lipoprotein Particle Remodeling (GO:0034375),2/15,0.5570089415505345,0.9999961806440713,0,0,1.118233028866045,0.6543608789245248,CETP;PLTP,LumA,Suppressed
GO_Biological_Process_2023,Negative Regulation Of Cell-Substrate Junction Organization (GO:0150118),2/15,0.5570089415505345,0.9999961806440713,0,0,1.118233028866045,0.6543608789245248,FAM107A;APOD,LumA,Suppressed
GO_Biological_Process_2023,Negative Regulation Of Focal Adhesion Assembly (GO:0051895),2/15,0.5570089415505345,0.9999961806440713,0,0,1.118233028866045,0.6543608789245248,FAM107A;APOD,LumA,Suppressed
GO_Biological_Process_2023,Negative Regulation Of Immune Effector Process (GO:0002698),2/15,0.5570089415505345,0.9999961806440713,0,0,1.118233028866045,0.6543608789245248,CR1;ENPP3,LumA,Suppressed
GO_Biological_Process_2023,Negative Regulation Of Macrophage Activation (GO:0043031),2/15,0.5570089415505345,0.9999961806440713,0,0,1.118233028866045,0.6543608789245248,LRFN5;CX3CL1,LumA,Suppressed
GO_Biological_Process_2023,Negative Regulation Of Synaptic Transmission (GO:0050805),2/15,0.5570089415505345,0.9999961806440713,0,0,1.118233028866045,0.6543608789245248,ADIPOQ;DRD2,LumA,Suppressed
GO_Biological_Process_2023,Nitric Oxide Biosynthetic Process (GO:0006809),2/15,0.5570089415505345,0.9999961806440713,0,0,1.118233028866045,0.6543608789245248,MTARC1;NOS1,LumA,Suppressed
GO_Biological_Process_2023,Oogenesis (GO:0048477),2/15,0.5570089415505345,0.9999961806440713,0,0,1.118233028866045,0.6543608789245248,IHO1;PTN,LumA,Suppressed
GO_Biological_Process_2023,Positive Regulation Of Cyclin-Dependent Protein Serine/Threonine Kinase Activity (GO:0045737),2/15,0.5570089415505345,0.9999961806440713,0,0,1.118233028866045,0.6543608789245248,PROX1;EGFR,LumA,Suppressed
GO_Biological_Process_2023,Positive Regulation Of Glucose Metabolic Process (GO:0010907),2/15,0.5570089415505345,0.9999961806440713,0,0,1.118233028866045,0.6543608789245248,PPARGC1A;GPLD1,LumA,Suppressed
GO_Biological_Process_2023,Regulation Of Activin Receptor Signaling Pathway (GO:0032925),2/15,0.5570089415505345,0.9999961806440713,0,0,1.118233028866045,0.6543608789245248,CER1;NODAL,LumA,Suppressed
GO_Biological_Process_2023,Regulation Of Amyloid Fibril Formation (GO:1905906),2/15,0.5570089415505345,0.9999961806440713,0,0,1.118233028866045,0.6543608789245248,CHRNA7;CRYAB,LumA,Suppressed
GO_Biological_Process_2023,Regulation Of Dephosphorylation (GO:0035303),2/15,0.5570089415505345,0.9999961806440713,0,0,1.118233028866045,0.6543608789245248,PPP1R16B;PPP1R17,LumA,Suppressed
GO_Biological_Process_2023,Regulation Of Lipoprotein Lipase Activity (GO:0051004),2/15,0.5570089415505345,0.9999961806440713,0,0,1.118233028866045,0.6543608789245248,ANGPTL4;GPIHBP1,LumA,Suppressed
GO_Biological_Process_2023,Regulation Of miRNA-mediated Gene Silencing (GO:0060964),2/15,0.5570089415505345,0.9999961806440713,0,0,1.118233028866045,0.6543608789245248,ZFP36;PPARG,LumA,Suppressed
GO_Biological_Process_2023,Regulation Of Monocyte Differentiation (GO:0045655),2/15,0.5570089415505345,0.9999961806440713,0,0,1.118233028866045,0.6543608789245248,IL34;HOXA7,LumA,Suppressed
GO_Biological_Process_2023,Regulation Of Multicellular Organism Growth (GO:0040014),2/15,0.5570089415505345,0.9999961806440713,0,0,1.118233028866045,0.6543608789245248,GHR;PTCH1,LumA,Suppressed
GO_Biological_Process_2023,Renal Filtration (GO:0097205),2/15,0.5570089415505345,0.9999961806440713,0,0,1.118233028866045,0.6543608789245248,MCAM;JCHAIN,LumA,Suppressed
GO_Biological_Process_2023,Retrograde Axonal Transport (GO:0008090),2/15,0.5570089415505345,0.9999961806440713,0,0,1.118233028866045,0.6543608789245248,DST;MGARP,LumA,Suppressed
GO_Biological_Process_2023,Stem Cell Development (GO:0048864),2/15,0.5570089415505345,0.9999961806440713,0,0,1.118233028866045,0.6543608789245248,NRG1;SOX8,LumA,Suppressed
GO_Biological_Process_2023,Glycosaminoglycan Biosynthetic Process (GO:0006024),7/58,0.5625497142680578,0.9999961806440713,0,0,0.9975449549637434,0.5738634399695018,CHST9;ANGPT1;HYAL1;HAS1;B3GNT3;HAS3;CHST3,LumA,Suppressed
GO_Biological_Process_2023,Regulation Of Neuron Death (GO:1901214),7/58,0.5625497142680578,0.9999961806440713,0,0,0.9975449549637434,0.5738634399695018,EGR1;PRNP;TRIM2;CHRNA7;SNCG;GRIN2B;SNCA,LumA,Suppressed
GO_Biological_Process_2023,Defense Response To Gram-negative Bacterium (GO:0050829),9/75,0.5630551750081431,0.9999961806440713,0,0,0.9910411165597888,0.569231871402109,IL6;DMBT1;NLRP10;RNASE7;DEFB1;BPI;DEFB132;ELANE;AQP1,LumA,Suppressed
GO_Biological_Process_2023,Regulation Of BMP Signaling Pathway (GO:0030510),9/75,0.5630551750081431,0.9999961806440713,0,0,0.9910411165597888,0.569231871402109,CRB2;BMPER;RBPMS2;VWC2;SOSTDC1;PPARG;CHRDL1;GDF5;CER1,LumA,Suppressed
GO_Biological_Process_2023,Cellular Response To Retinoic Acid (GO:0071300),5/41,0.5634405939153527,0.9999961806440713,0,0,1.009447206112492,0.5791131740113911,WNT6;WNT10B;FZD4;TESC;AQP1,LumA,Suppressed
GO_Biological_Process_2023,Positive Regulation Of Actin Filament Polymerization (GO:0030838),5/41,0.5634405939153527,0.9999961806440713,0,0,1.009447206112492,0.5791131740113911,TENM1;CCL24;CSF3;CCL21;LMOD1,LumA,Suppressed
GO_Biological_Process_2023,Visual System Development (GO:0150063),5/41,0.5634405939153527,0.9999961806440713,0,0,1.009447206112492,0.5791131740113911,FOXC1;MAB21L1;CPAMD8;CHRDL1;MEIS2,LumA,Suppressed
GO_Biological_Process_2023,Positive Regulation Of Neuron Projection Development (GO:0010976),11/92,0.564181008590675,0.9999961806440713,0,0,0.9869365489520529,0.5649028817932565,ALK;NTRK2;TUBB2B;NLGN1;RELN;ALKAL2;VLDLR;PTN;CX3CL1;DDR2;BMP5,LumA,Suppressed
GO_Biological_Process_2023,Acylglycerol Catabolic Process (GO:0046464),3/24,0.5683022158739495,0.9999961806440713,0,0,1.0383159886471145,0.5867543707536276,LIPE;MGLL;GPIHBP1,LumA,Suppressed
GO_Biological_Process_2023,Amyloid Fibril Formation (GO:1990000),3/24,0.5683022158739495,0.9999961806440713,0,0,1.0383159886471145,0.5867543707536276,GSN;CD36;SNCA,LumA,Suppressed
GO_Biological_Process_2023,Cell Morphogenesis Involved In Differentiation (GO:0000904),3/24,0.5683022158739495,0.9999961806440713,0,0,1.0383159886471145,0.5867543707536276,RELN;DACT2;PROX1,LumA,Suppressed
GO_Biological_Process_2023,Gliogenesis (GO:0042063),3/24,0.5683022158739495,0.9999961806440713,0,0,1.0383159886471145,0.5867543707536276,ANXA1;RELN;NFIB,LumA,Suppressed
GO_Biological_Process_2023,Regulation Of AMPA Receptor Activity (GO:2000311),3/24,0.5683022158739495,0.9999961806440713,0,0,1.0383159886471145,0.5867543707536276,NLGN1;RELN;CACNG2,LumA,Suppressed
GO_Biological_Process_2023,"G Protein-Coupled Receptor Signaling Pathway, Coupled To Cyclic Nucleotide Second Messenger (GO:0007187)",6/50,0.5729585012708898,0.9999961806440713,0,0,0.9910522548317824,0.5519586135145379,CHRM3;LHCGR;ANXA1;HTR2A;PTH1R;HTR4,LumA,Suppressed
GO_Biological_Process_2023,Steroid Biosynthetic Process (GO:0006694),6/50,0.5729585012708898,0.9999961806440713,0,0,0.9910522548317824,0.5519586135145379,CYP39A1;AKR1D1;HSD3B1;AKR1C3;CYP7A1;CYP8B1,LumA,Suppressed
GO_Biological_Process_2023,Positive Regulation Of Release Of Sequestered Calcium Ion Into Cytosol (GO:0051281),4/33,0.5775686246968461,0.9999961806440713,0,0,1.0024701934746911,0.5502839713978938,JPH2;CX3CL1;SNCA;TRDN,LumA,Suppressed
GO_Biological_Process_2023,Vasculogenesis (GO:0001570),4/33,0.5775686246968461,0.9999961806440713,0,0,1.0024701934746911,0.5502839713978938,TGFBR3;SOX17;CAV1;TGFBR2,LumA,Suppressed
GO_Biological_Process_2023,Ventricular Cardiac Muscle Tissue Morphogenesis (GO:0055010),4/33,0.5775686246968461,0.9999961806440713,0,0,1.0024701934746911,0.5502839713978938,TGFBR3;MYL2;NRG1;PROX1,LumA,Suppressed
GO_Biological_Process_2023,Regulation Of Peptidyl-Serine Phosphorylation (GO:0033135),11/93,0.5792033869147162,0.9999961806440713,0,0,0.9748450287659024,0.5323644205577278,NTF4;TENM1;MLXIPL;CSF3;IL6;CAV1;SPRY2;DMD;NOS1;EGFR;SNCA,LumA,Suppressed
GO_Biological_Process_2023,Response To Lipid (GO:0033993),13/110,0.5794320313141758,0.9999961806440713,0,0,0.9739054425791192,0.5314669312420632,ANXA1;GPX3;SLPI;SCD;ALDH1A2;HSD17B2;ALPL;PPARG;CD36;CSN1S1;NOS1;RXRG;SNCA,LumA,Suppressed
GO_Biological_Process_2023,Anterior/Posterior Pattern Specification (GO:0009952),7/59,0.5813760578875815,0.9999961806440713,0,0,0.9783055874473784,0.5305913450647786,BMP2;HOXA3;HOXA7;HOXA6;CER1;HOXA5;HOXA4,LumA,Suppressed
GO_Biological_Process_2023,Regulation Of Cell Death (GO:0010941),7/59,0.5813760578875815,0.9999961806440713,0,0,0.9783055874473784,0.5305913450647786,CHRNA7;HBB;SNCG;HBA1;OLFM4;CRYAB;SNCA,LumA,Suppressed
GO_Biological_Process_2023,Cardiac Ventricle Morphogenesis (GO:0003208),5/42,0.5856973236991041,0.9999961806440713,0,0,0.9821088694328132,0.5253812368026091,TGFBR3;MYL2;NPY2R;PROX1;TGFBR2,LumA,Suppressed
GO_Biological_Process_2023,Positive Regulation Of Calcium Ion Transmembrane Transport (GO:1904427),5/42,0.5856973236991041,0.9999961806440713,0,0,0.9821088694328132,0.5253812368026091,CAV1;AKAP6;ANK2;CX3CL1;SNCA,LumA,Suppressed
GO_Biological_Process_2023,Positive Regulation Of Neuron Differentiation (GO:0045666),5/42,0.5856973236991041,0.9999961806440713,0,0,0.9821088694328132,0.5253812368026091,BMP2;GPRC5B;MMD;VWC2;PROX1,LumA,Suppressed
GO_Biological_Process_2023,Regulation Of Neurotransmitter Receptor Activity (GO:0099601),5/42,0.5856973236991041,0.9999961806440713,0,0,0.9821088694328132,0.5253812368026091,CRHBP;NLGN1;RELN;CACNG2;DLGAP2,LumA,Suppressed
GO_Biological_Process_2023,Positive Regulation Of Canonical Wnt Signaling Pathway (GO:0090263),10/85,0.5871051824339032,0.9999961806440713,0,0,0.968922097689221,0.5160007118487875,KANK1;SCEL;GPRC5B;SFRP1;CAV1;GPC3;FZD9;RSPO1;LGR6;EGFR,LumA,Suppressed
GO_Biological_Process_2023,Positive Regulation Of Actin Filament Bundle Assembly (GO:0032233),6/51,0.5930432107854382,0.9999961806440713,0,0,0.9689736151402129,0.5062771003119508,SFRP1;MYOC;SYNPO2;SYNPO;CX3CL1;FERMT2,LumA,Suppressed
GO_Biological_Process_2023,Regulation Of Stress-Activated MAPK Cascade (GO:0032872),6/51,0.5930432107854382,0.9999961806440713,0,0,0.9689736151402129,0.5062771003119508,TGFBR3;PER1;IGFBP6;EPHB1;MID1;EGFR,LumA,Suppressed
GO_Biological_Process_2023,Negative Regulation Of Transmembrane Receptor Protein Serine/Threonine Kinase Signaling Pathway (GO:0090101),13/111,0.5930645095441823,0.9999961806440713,0,0,0.9639124976673962,0.5035981094274461,CAV1;WFIKKN2;CIDEA;CHRDL1;BMP2;BMPER;RBPMS2;VWC2;SOSTDC1;SPRY2;PPARG;PPARA;CER1,LumA,Suppressed
GO_Biological_Process_2023,acetyl-CoA Metabolic Process (GO:0006084),2/16,0.5931225492838635,0.9999961806440713,0,0,1.0383001359418405,0.5423604799568933,ACSS2;ACACB,LumA,Suppressed
GO_Biological_Process_2023,Apoptotic Nuclear Changes (GO:0030262),2/16,0.5931225492838635,0.9999961806440713,0,0,1.0383001359418405,0.5423604799568933,ACVR1C;DNASE1L3,LumA,Suppressed
GO_Biological_Process_2023,Chondroitin Sulfate Metabolic Process (GO:0030204),2/16,0.5931225492838635,0.9999961806440713,0,0,1.0383001359418405,0.5423604799568933,CHST9;CHST3,LumA,Suppressed
GO_Biological_Process_2023,Dicarboxylic Acid Catabolic Process (GO:0043649),2/16,0.5931225492838635,0.9999961806440713,0,0,1.0383001359418405,0.5423604799568933,ALDH1L1;ASPA,LumA,Suppressed
GO_Biological_Process_2023,Lymphocyte Mediated Immunity (GO:0002449),2/16,0.5931225492838635,0.9999961806440713,0,0,1.0383001359418405,0.5423604799568933,CR1;C4BPA,LumA,Suppressed
GO_Biological_Process_2023,Negative Regulation Of Anoikis (GO:2000811),2/16,0.5931225492838635,0.9999961806440713,0,0,1.0383001359418405,0.5423604799568933,CAV1;PDK4,LumA,Suppressed
GO_Biological_Process_2023,Negative Regulation Of Receptor Signaling Pathway Via JAK-STAT (GO:0046426),2/16,0.5931225492838635,0.9999961806440713,0,0,1.0383001359418405,0.5423604799568933,SOCS3;CAV1,LumA,Suppressed
GO_Biological_Process_2023,Nitric Oxide Metabolic Process (GO:0046209),2/16,0.5931225492838635,0.9999961806440713,0,0,1.0383001359418405,0.5423604799568933,MTARC1;NOS1,LumA,Suppressed
GO_Biological_Process_2023,Positive Regulation Of Lymphocyte Migration (GO:2000403),2/16,0.5931225492838635,0.9999961806440713,0,0,1.0383001359418405,0.5423604799568933,CCL21;JAM2,LumA,Suppressed
GO_Biological_Process_2023,Reverse Cholesterol Transport (GO:0043691),2/16,0.5931225492838635,0.9999961806440713,0,0,1.0383001359418405,0.5423604799568933,CETP;CES1,LumA,Suppressed
GO_Biological_Process_2023,Ruffle Organization (GO:0031529),2/16,0.5931225492838635,0.9999961806440713,0,0,1.0383001359418405,0.5423604799568933,CCL21;AIF1L,LumA,Suppressed
GO_Biological_Process_2023,Sulfation (GO:0051923),2/16,0.5931225492838635,0.9999961806440713,0,0,1.0383001359418405,0.5423604799568933,SULT1C3;SULT1E1,LumA,Suppressed
GO_Biological_Process_2023,L-alanine Transport (GO:0015808),1/7,0.5944606204282081,0.9999961806440713,0,0,1.211400606561897,0.6300504304846584,SLC36A2,LumA,Suppressed
GO_Biological_Process_2023,NADH Metabolic Process (GO:0006734),1/7,0.5944606204282081,0.9999961806440713,0,0,1.211400606561897,0.6300504304846584,ME1,LumA,Suppressed
GO_Biological_Process_2023,UV Protection (GO:0009650),1/7,0.5944606204282081,0.9999961806440713,0,0,1.211400606561897,0.6300504304846584,MFAP4,LumA,Suppressed
GO_Biological_Process_2023,Adenylate Cyclase-Inhibiting G Protein-Coupled Acetylcholine Receptor Signaling Pathway (GO:0007197),1/7,0.5944606204282081,0.9999961806440713,0,0,1.211400606561897,0.6300504304846584,CHRM3,LumA,Suppressed
GO_Biological_Process_2023,Aldehyde Catabolic Process (GO:0046185),1/7,0.5944606204282081,0.9999961806440713,0,0,1.211400606561897,0.6300504304846584,ALDH2,LumA,Suppressed
GO_Biological_Process_2023,Arginine Catabolic Process (GO:0006527),1/7,0.5944606204282081,0.9999961806440713,0,0,1.211400606561897,0.6300504304846584,NOS1,LumA,Suppressed
GO_Biological_Process_2023,Benzene-Containing Compound Metabolic Process (GO:0042537),1/7,0.5944606204282081,0.9999961806440713,0,0,1.211400606561897,0.6300504304846584,ACSM1,LumA,Suppressed
GO_Biological_Process_2023,Cell Migration Involved In Heart Development (GO:0060973),1/7,0.5944606204282081,0.9999961806440713,0,0,1.211400606561897,0.6300504304846584,FOLR1,LumA,Suppressed
GO_Biological_Process_2023,Cellular Biogenic Amine Catabolic Process (GO:0042402),1/7,0.5944606204282081,0.9999961806440713,0,0,1.211400606561897,0.6300504304846584,DMGDH,LumA,Suppressed
GO_Biological_Process_2023,Cellular Response To Epinephrine Stimulus (GO:0071872),1/7,0.5944606204282081,0.9999961806440713,0,0,1.211400606561897,0.6300504304846584,SNCA,LumA,Suppressed
GO_Biological_Process_2023,Cellular Response To Potassium Ion (GO:0035865),1/7,0.5944606204282081,0.9999961806440713,0,0,1.211400606561897,0.6300504304846584,CRHBP,LumA,Suppressed
GO_Biological_Process_2023,Cobalamin Metabolic Process (GO:0009235),1/7,0.5944606204282081,0.9999961806440713,0,0,1.211400606561897,0.6300504304846584,CUBN,LumA,Suppressed
GO_Biological_Process_2023,Coronary Vasculature Morphogenesis (GO:0060977),1/7,0.5944606204282081,0.9999961806440713,0,0,1.211400606561897,0.6300504304846584,TGFBR3,LumA,Suppressed
GO_Biological_Process_2023,Dendritic Spine Maintenance (GO:0097062),1/7,0.5944606204282081,0.9999961806440713,0,0,1.211400606561897,0.6300504304846584,PRNP,LumA,Suppressed
GO_Biological_Process_2023,Foam Cell Differentiation (GO:0090077),1/7,0.5944606204282081,0.9999961806440713,0,0,1.211400606561897,0.6300504304846584,PPARG,LumA,Suppressed
GO_Biological_Process_2023,Fructose Metabolic Process (GO:0006000),1/7,0.5944606204282081,0.9999961806440713,0,0,1.211400606561897,0.6300504304846584,ALDOC,LumA,Suppressed
GO_Biological_Process_2023,Glucocorticoid Metabolic Process (GO:0008211),1/7,0.5944606204282081,0.9999961806440713,0,0,1.211400606561897,0.6300504304846584,CYP11A1,LumA,Suppressed
GO_Biological_Process_2023,Glutathione Catabolic Process (GO:0006751),1/7,0.5944606204282081,0.9999961806440713,0,0,1.211400606561897,0.6300504304846584,GGT3P,LumA,Suppressed
GO_Biological_Process_2023,Glycine Metabolic Process (GO:0006544),1/7,0.5944606204282081,0.9999961806440713,0,0,1.211400606561897,0.6300504304846584,GLYAT,LumA,Suppressed
GO_Biological_Process_2023,Hair Cell Differentiation (GO:0035315),1/7,0.5944606204282081,0.9999961806440713,0,0,1.211400606561897,0.6300504304846584,SPINK5,LumA,Suppressed
GO_Biological_Process_2023,Immunological Synapse Formation (GO:0001771),1/7,0.5944606204282081,0.9999961806440713,0,0,1.211400606561897,0.6300504304846584,CCL21,LumA,Suppressed
GO_Biological_Process_2023,Inhibition Of Cysteine-Type Endopeptidase Activity (GO:0097340),1/7,0.5944606204282081,0.9999961806440713,0,0,1.211400606561897,0.6300504304846584,CARD18,LumA,Suppressed
GO_Biological_Process_2023,Lactate Metabolic Process (GO:0006089),1/7,0.5944606204282081,0.9999961806440713,0,0,1.211400606561897,0.6300504304846584,LDHB,LumA,Suppressed
GO_Biological_Process_2023,Lens Fiber Cell Development (GO:0070307),1/7,0.5944606204282081,0.9999961806440713,0,0,1.211400606561897,0.6300504304846584,PROX1,LumA,Suppressed
GO_Biological_Process_2023,Leukocyte Aggregation (GO:0070486),1/7,0.5944606204282081,0.9999961806440713,0,0,1.211400606561897,0.6300504304846584,JAM2,LumA,Suppressed
GO_Biological_Process_2023,Lymphatic Endothelial Cell Differentiation (GO:0060836),1/7,0.5944606204282081,0.9999961806440713,0,0,1.211400606561897,0.6300504304846584,PROX1,LumA,Suppressed
GO_Biological_Process_2023,Malate Metabolic Process (GO:0006108),1/7,0.5944606204282081,0.9999961806440713,0,0,1.211400606561897,0.6300504304846584,ME1,LumA,Suppressed
GO_Biological_Process_2023,Monosaccharide Biosynthetic Process (GO:0046364),1/7,0.5944606204282081,0.9999961806440713,0,0,1.211400606561897,0.6300504304846584,RGN,LumA,Suppressed
GO_Biological_Process_2023,Myeloid Leukocyte Mediated Immunity (GO:0002444),1/7,0.5944606204282081,0.9999961806440713,0,0,1.211400606561897,0.6300504304846584,IL6,LumA,Suppressed
GO_Biological_Process_2023,Myoblast Migration (GO:0051451),1/7,0.5944606204282081,0.9999961806440713,0,0,1.211400606561897,0.6300504304846584,ANXA1,LumA,Suppressed
GO_Biological_Process_2023,Negative Regulation Of RNA Catabolic Process (GO:1902369),1/7,0.5944606204282081,0.9999961806440713,0,0,1.211400606561897,0.6300504304846584,PKP1,LumA,Suppressed
GO_Biological_Process_2023,Negative Regulation Of SMAD Protein Signal Transduction (GO:0060392),1/7,0.5944606204282081,0.9999961806440713,0,0,1.211400606561897,0.6300504304846584,PPARG,LumA,Suppressed
GO_Biological_Process_2023,Negative Regulation Of Amyloid-Beta Clearance (GO:1900222),1/7,0.5944606204282081,0.9999961806440713,0,0,1.211400606561897,0.6300504304846584,MYOCD,LumA,Suppressed
GO_Biological_Process_2023,Negative Regulation Of cAMP-dependent Protein Kinase Activity (GO:2000480),1/7,0.5944606204282081,0.9999961806440713,0,0,1.211400606561897,0.6300504304846584,PRKAR2B,LumA,Suppressed
GO_Biological_Process_2023,Negative Regulation Of Cell Cycle G2/M Phase Transition (GO:1902750),1/7,0.5944606204282081,0.9999961806440713,0,0,1.211400606561897,0.6300504304846584,FHL1,LumA,Suppressed
GO_Biological_Process_2023,Negative Regulation Of Inflammatory Response To Wounding (GO:0106015),1/7,0.5944606204282081,0.9999961806440713,0,0,1.211400606561897,0.6300504304846584,IL33,LumA,Suppressed
GO_Biological_Process_2023,Negative Regulation Of Intracellular Transport (GO:0032387),1/7,0.5944606204282081,0.9999961806440713,0,0,1.211400606561897,0.6300504304846584,CRYAB,LumA,Suppressed
GO_Biological_Process_2023,Negative Regulation Of miRNA-mediated Gene Silencing (GO:0060965),1/7,0.5944606204282081,0.9999961806440713,0,0,1.211400606561897,0.6300504304846584,PPARG,LumA,Suppressed
GO_Biological_Process_2023,Negative Regulation Of Microglial Cell Activation (GO:1903979),1/7,0.5944606204282081,0.9999961806440713,0,0,1.211400606561897,0.6300504304846584,CX3CL1,LumA,Suppressed
GO_Biological_Process_2023,Negative Regulation Of Muscle Cell Differentiation (GO:0051148),1/7,0.5944606204282081,0.9999961806440713,0,0,1.211400606561897,0.6300504304846584,RBPMS2,LumA,Suppressed
GO_Biological_Process_2023,Negative Regulation Of Neural Precursor Cell Proliferation (GO:2000178),1/7,0.5944606204282081,0.9999961806440713,0,0,1.211400606561897,0.6300504304846584,PTN,LumA,Suppressed
GO_Biological_Process_2023,Negative Regulation Of Osteoblast Proliferation (GO:0033689),1/7,0.5944606204282081,0.9999961806440713,0,0,1.211400606561897,0.6300504304846584,SFRP1,LumA,Suppressed
GO_Biological_Process_2023,Negative Regulation Of Peptidyl-Lysine Acetylation (GO:2000757),1/7,0.5944606204282081,0.9999961806440713,0,0,1.211400606561897,0.6300504304846584,KLF15,LumA,Suppressed
GO_Biological_Process_2023,Negative Regulation Of Vascular Associated Smooth Muscle Cell Differentiation (GO:1905064),1/7,0.5944606204282081,0.9999961806440713,0,0,1.211400606561897,0.6300504304846584,FGF9,LumA,Suppressed
GO_Biological_Process_2023,Norepinephrine Metabolic Process (GO:0042415),1/7,0.5944606204282081,0.9999961806440713,0,0,1.211400606561897,0.6300504304846584,MOXD2P,LumA,Suppressed
GO_Biological_Process_2023,Nucleobase-Containing Small Molecule Interconversion (GO:0015949),1/7,0.5944606204282081,0.9999961806440713,0,0,1.211400606561897,0.6300504304846584,AK5,LumA,Suppressed
GO_Biological_Process_2023,Pericardium Development (GO:0060039),1/7,0.5944606204282081,0.9999961806440713,0,0,1.211400606561897,0.6300504304846584,BMP5,LumA,Suppressed
GO_Biological_Process_2023,Peroxisome Proliferator Activated Receptor Signaling Pathway (GO:0035357),1/7,0.5944606204282081,0.9999961806440713,0,0,1.211400606561897,0.6300504304846584,PPARG,LumA,Suppressed
GO_Biological_Process_2023,Plasma Membrane Phospholipid Scrambling (GO:0017121),1/7,0.5944606204282081,0.9999961806440713,0,0,1.211400606561897,0.6300504304846584,PLSCR4,LumA,Suppressed
GO_Biological_Process_2023,Platelet Activating Factor Metabolic Process (GO:0046469),1/7,0.5944606204282081,0.9999961806440713,0,0,1.211400606561897,0.6300504304846584,PLA2G4A,LumA,Suppressed
GO_Biological_Process_2023,Positive Regulation Of Arp2/3 Complex-Mediated Actin Nucleation (GO:2000601),1/7,0.5944606204282081,0.9999961806440713,0,0,1.211400606561897,0.6300504304846584,WASF3,LumA,Suppressed
GO_Biological_Process_2023,Positive Regulation Of CoA-transferase Activity (GO:1905920),1/7,0.5944606204282081,0.9999961806440713,0,0,1.211400606561897,0.6300504304846584,CHRNA7,LumA,Suppressed
GO_Biological_Process_2023,Positive Regulation Of DNA Demethylation (GO:1901537),1/7,0.5944606204282081,0.9999961806440713,0,0,1.211400606561897,0.6300504304846584,STPG4,LumA,Suppressed
GO_Biological_Process_2023,Positive Regulation Of T-helper 2 Cell Cytokine Production (GO:2000553),1/7,0.5944606204282081,0.9999961806440713,0,0,1.211400606561897,0.6300504304846584,IL6,LumA,Suppressed
GO_Biological_Process_2023,Positive Regulation Of Adipose Tissue Development (GO:1904179),1/7,0.5944606204282081,0.9999961806440713,0,0,1.211400606561897,0.6300504304846584,PPARG,LumA,Suppressed
GO_Biological_Process_2023,Positive Regulation Of Astrocyte Differentiation (GO:0048711),1/7,0.5944606204282081,0.9999961806440713,0,0,1.211400606561897,0.6300504304846584,BMP2,LumA,Suppressed
GO_Biological_Process_2023,Positive Regulation Of Cardiac Epithelial To Mesenchymal Transition (GO:0062043),1/7,0.5944606204282081,0.9999961806440713,0,0,1.211400606561897,0.6300504304846584,TGFBR2,LumA,Suppressed
GO_Biological_Process_2023,Positive Regulation Of Dendritic Cell Chemotaxis (GO:2000510),1/7,0.5944606204282081,0.9999961806440713,0,0,1.211400606561897,0.6300504304846584,CCL21,LumA,Suppressed
GO_Biological_Process_2023,Positive Regulation Of Endocytic Recycling (GO:2001137),1/7,0.5944606204282081,0.9999961806440713,0,0,1.211400606561897,0.6300504304846584,PLA2G4E,LumA,Suppressed
GO_Biological_Process_2023,Positive Regulation Of Epithelial Tube Formation (GO:1905278),1/7,0.5944606204282081,0.9999961806440713,0,0,1.211400606561897,0.6300504304846584,FGF2,LumA,Suppressed
GO_Biological_Process_2023,Positive Regulation Of Execution Phase Of Apoptosis (GO:1900119),1/7,0.5944606204282081,0.9999961806440713,0,0,1.211400606561897,0.6300504304846584,PTGIS,LumA,Suppressed
GO_Biological_Process_2023,Positive Regulation Of Fibroblast Migration (GO:0010763),1/7,0.5944606204282081,0.9999961806440713,0,0,1.211400606561897,0.6300504304846584,DDR2,LumA,Suppressed
GO_Biological_Process_2023,Positive Regulation Of Gluconeogenesis (GO:0045722),1/7,0.5944606204282081,0.9999961806440713,0,0,1.211400606561897,0.6300504304846584,PPARGC1A,LumA,Suppressed
GO_Biological_Process_2023,Positive Regulation Of Insulin-Like Growth Factor Receptor Signaling Pathway (GO:0043568),1/7,0.5944606204282081,0.9999961806440713,0,0,1.211400606561897,0.6300504304846584,IGF1,LumA,Suppressed
GO_Biological_Process_2023,Positive Regulation Of Intracellular Steroid Hormone Receptor Signaling Pathway (GO:0033145),1/7,0.5944606204282081,0.9999961806440713,0,0,1.211400606561897,0.6300504304846584,LMO3,LumA,Suppressed
GO_Biological_Process_2023,Positive Regulation Of Myotube Differentiation (GO:0010831),1/7,0.5944606204282081,0.9999961806440713,0,0,1.211400606561897,0.6300504304846584,SMYD1,LumA,Suppressed
GO_Biological_Process_2023,Positive Regulation Of Neuron Projection Arborization (GO:0150012),1/7,0.5944606204282081,0.9999961806440713,0,0,1.211400606561897,0.6300504304846584,FZD4,LumA,Suppressed
GO_Biological_Process_2023,Positive Regulation Of Plasminogen Activation (GO:0010756),1/7,0.5944606204282081,0.9999961806440713,0,0,1.211400606561897,0.6300504304846584,CLEC3B,LumA,Suppressed
GO_Biological_Process_2023,"Positive Regulation Of Synaptic Transmission, GABAergic (GO:0032230)",1/7,0.5944606204282081,0.9999961806440713,0,0,1.211400606561897,0.6300504304846584,NLGN1,LumA,Suppressed
GO_Biological_Process_2023,Positive Regulation Of Tooth Mineralization (GO:0070172),1/7,0.5944606204282081,0.9999961806440713,0,0,1.211400606561897,0.6300504304846584,WNT6,LumA,Suppressed
GO_Biological_Process_2023,Positive Regulation Of Triglyceride Lipase Activity (GO:0061365),1/7,0.5944606204282081,0.9999961806440713,0,0,1.211400606561897,0.6300504304846584,GPIHBP1,LumA,Suppressed
GO_Biological_Process_2023,Postsynapse Organization (GO:0099173),1/7,0.5944606204282081,0.9999961806440713,0,0,1.211400606561897,0.6300504304846584,CHRNA7,LumA,Suppressed
GO_Biological_Process_2023,Postsynaptic Density Organization (GO:0097106),1/7,0.5944606204282081,0.9999961806440713,0,0,1.211400606561897,0.6300504304846584,NLGN1,LumA,Suppressed
GO_Biological_Process_2023,Postsynaptic Membrane Assembly (GO:0097104),1/7,0.5944606204282081,0.9999961806440713,0,0,1.211400606561897,0.6300504304846584,NLGN1,LumA,Suppressed
GO_Biological_Process_2023,Pyrimidine Nucleobase Catabolic Process (GO:0006208),1/7,0.5944606204282081,0.9999961806440713,0,0,1.211400606561897,0.6300504304846584,DPYS,LumA,Suppressed
GO_Biological_Process_2023,Regulation Of CoA-transferase Activity (GO:1905918),1/7,0.5944606204282081,0.9999961806440713,0,0,1.211400606561897,0.6300504304846584,CHRNA7,LumA,Suppressed
GO_Biological_Process_2023,Regulation Of Golgi To Plasma Membrane Protein Transport (GO:0042996),1/7,0.5944606204282081,0.9999961806440713,0,0,1.211400606561897,0.6300504304846584,PKDCC,LumA,Suppressed
GO_Biological_Process_2023,Regulation Of Chemokine (C-C Motif) Ligand 5 Production (GO:0071649),1/7,0.5944606204282081,0.9999961806440713,0,0,1.211400606561897,0.6300504304846584,DEFB124,LumA,Suppressed
GO_Biological_Process_2023,Regulation Of Chemokine-Mediated Signaling Pathway (GO:0070099),1/7,0.5944606204282081,0.9999961806440713,0,0,1.211400606561897,0.6300504304846584,PADI2,LumA,Suppressed
GO_Biological_Process_2023,Regulation Of Dopamine Receptor Signaling Pathway (GO:0060159),1/7,0.5944606204282081,0.9999961806440713,0,0,1.211400606561897,0.6300504304846584,DRD2,LumA,Suppressed
GO_Biological_Process_2023,Regulation Of Epithelial To Mesenchymal Transition Involved In Endocardial Cushion Formation (GO:1905005),1/7,0.5944606204282081,0.9999961806440713,0,0,1.211400606561897,0.6300504304846584,TGFBR2,LumA,Suppressed
GO_Biological_Process_2023,Regulation Of Extracellular Matrix Constituent Secretion (GO:0003330),1/7,0.5944606204282081,0.9999961806440713,0,0,1.211400606561897,0.6300504304846584,BMP2,LumA,Suppressed
GO_Biological_Process_2023,Regulation Of Lipase Activity (GO:0060191),1/7,0.5944606204282081,0.9999961806440713,0,0,1.211400606561897,0.6300504304846584,SNCA,LumA,Suppressed
GO_Biological_Process_2023,Regulation Of Mesenchymal Stem Cell Differentiation (GO:2000739),1/7,0.5944606204282081,0.9999961806440713,0,0,1.211400606561897,0.6300504304846584,SOX6,LumA,Suppressed
GO_Biological_Process_2023,Regulation Of Transforming Growth Factor Beta Activation (GO:1901388),1/7,0.5944606204282081,0.9999961806440713,0,0,1.211400606561897,0.6300504304846584,TNXB,LumA,Suppressed
GO_Biological_Process_2023,Regulation Of Triglyceride Metabolic Process (GO:0090207),1/7,0.5944606204282081,0.9999961806440713,0,0,1.211400606561897,0.6300504304846584,CIDEC,LumA,Suppressed
GO_Biological_Process_2023,Response To Epinephrine (GO:0071871),1/7,0.5944606204282081,0.9999961806440713,0,0,1.211400606561897,0.6300504304846584,SNCA,LumA,Suppressed
GO_Biological_Process_2023,Response To Potassium Ion (GO:0035864),1/7,0.5944606204282081,0.9999961806440713,0,0,1.211400606561897,0.6300504304846584,CRHBP,LumA,Suppressed
GO_Biological_Process_2023,Spleen Development (GO:0048536),1/7,0.5944606204282081,0.9999961806440713,0,0,1.211400606561897,0.6300504304846584,TCF21,LumA,Suppressed
GO_Biological_Process_2023,Sulfur Amino Acid Biosynthetic Process (GO:0000097),1/7,0.5944606204282081,0.9999961806440713,0,0,1.211400606561897,0.6300504304846584,CDO1,LumA,Suppressed
GO_Biological_Process_2023,Terpenoid Metabolic Process (GO:0006721),1/7,0.5944606204282081,0.9999961806440713,0,0,1.211400606561897,0.6300504304846584,CYP3A4,LumA,Suppressed
GO_Biological_Process_2023,Thyroid Hormone Transport (GO:0070327),1/7,0.5944606204282081,0.9999961806440713,0,0,1.211400606561897,0.6300504304846584,SLCO1C1,LumA,Suppressed
GO_Biological_Process_2023,Ventricular Cardiac Muscle Cell Membrane Repolarization (GO:0099625),1/7,0.5944606204282081,0.9999961806440713,0,0,1.211400606561897,0.6300504304846584,KCNE1,LumA,Suppressed
GO_Biological_Process_2023,Ventricular Trabecula Myocardium Morphogenesis (GO:0003222),1/7,0.5944606204282081,0.9999961806440713,0,0,1.211400606561897,0.6300504304846584,NRG1,LumA,Suppressed
GO_Biological_Process_2023,Very-Low-Density Lipoprotein Particle Remodeling (GO:0034372),1/7,0.5944606204282081,0.9999961806440713,0,0,1.211400606561897,0.6300504304846584,CETP,LumA,Suppressed
GO_Biological_Process_2023,Activation Of Protein Kinase B Activity (GO:0032148),3/25,0.5969634190079561,0.9999961806440713,0,0,0.9910633654425044,0.5112890373774428,NRG1;IGF1;FGF1,LumA,Suppressed
GO_Biological_Process_2023,Cellular Response To Hexose Stimulus (GO:0071331),3/25,0.5969634190079561,0.9999961806440713,0,0,0.9910633654425044,0.5112890373774428,KCNB1;PCK1;CYP7A1,LumA,Suppressed
GO_Biological_Process_2023,fatty-acyl-CoA Biosynthetic Process (GO:0046949),3/25,0.5969634190079561,0.9999961806440713,0,0,0.9910633654425044,0.5112890373774428,ACSL1;ELOVL3;ACSBG1,LumA,Suppressed
GO_Biological_Process_2023,Negative Regulation Of Protein Localization To Membrane (GO:1905476),3/25,0.5969634190079561,0.9999961806440713,0,0,0.9910633654425044,0.5112890373774428,KCNE1;PID1;MRAP2,LumA,Suppressed
GO_Biological_Process_2023,Negative Regulation Of Signaling Receptor Activity (GO:2000272),3/25,0.5969634190079561,0.9999961806440713,0,0,0.9910633654425044,0.5112890373774428,CRHBP;PPARG;PPARA,LumA,Suppressed
GO_Biological_Process_2023,Negative Regulation Of Smoothened Signaling Pathway (GO:0045879),3/25,0.5969634190079561,0.9999961806440713,0,0,0.9910633654425044,0.5112890373774428,PTCH1;RFX4;GPC3,LumA,Suppressed
GO_Biological_Process_2023,Negative Regulation Of Stress Fiber Assembly (GO:0051497),3/25,0.5969634190079561,0.9999961806440713,0,0,0.9910633654425044,0.5112890373774428,TMEFF2;MYOC;MET,LumA,Suppressed
GO_Biological_Process_2023,Phosphatidylethanolamine Metabolic Process (GO:0046337),3/25,0.5969634190079561,0.9999961806440713,0,0,0.9910633654425044,0.5112890373774428,PLA2G4E;PLA2G2A;PLAAT5,LumA,Suppressed
GO_Biological_Process_2023,Positive Regulation Of Glucose Import (GO:0046326),3/25,0.5969634190079561,0.9999961806440713,0,0,0.9910633654425044,0.5112890373774428,ITLN1;IGF1;SORBS1,LumA,Suppressed
GO_Biological_Process_2023,Proteoglycan Metabolic Process (GO:0006029),3/25,0.5969634190079561,0.9999961806440713,0,0,0.9910633654425044,0.5112890373774428,CHST9;IGF1;HS3ST4,LumA,Suppressed
GO_Biological_Process_2023,Regulation Of Hippo Signaling (GO:0035330),3/25,0.5969634190079561,0.9999961806440713,0,0,0.9910633654425044,0.5112890373774428,SCHIP1;FRMD1;MOB3B,LumA,Suppressed
GO_Biological_Process_2023,Regulation Of Protein Processing (GO:0070613),3/25,0.5969634190079561,0.9999961806440713,0,0,0.9910633654425044,0.5112890373774428,CCBE1;PRNP;ANGPTL8,LumA,Suppressed
GO_Biological_Process_2023,Sodium Ion Homeostasis (GO:0055078),3/25,0.5969634190079561,0.9999961806440713,0,0,0.9910633654425044,0.5112890373774428,ATP4A;FXYD2;ATP1A2,LumA,Suppressed
GO_Biological_Process_2023,Ventricular Cardiac Muscle Tissue Development (GO:0003229),3/25,0.5969634190079561,0.9999961806440713,0,0,0.9910633654425044,0.5112890373774428,TGFBR3;MYL2;PROX1,LumA,Suppressed
GO_Biological_Process_2023,Homophilic Cell Adhesion Via Plasma Membrane Adhesion Molecules (GO:0007156),7/60,0.5997987168143828,0.9999961806440713,0,0,0.9597922337995556,0.4906085039339465,ROBO3;CADM3;CNTN6;HMCN2;FAT2;NECTIN3;MYPN,LumA,Suppressed
GO_Biological_Process_2023,Cellular Response To Glucose Stimulus (GO:0071333),4/34,0.6020065238231402,0.9999961806440713,0,0,0.9689993098688752,0.4917545496826355,MLXIPL;KCNB1;PCK1;CYP7A1,LumA,Suppressed
GO_Biological_Process_2023,Negative Regulation Of Ras Protein Signal Transduction (GO:0046580),4/34,0.6020065238231402,0.9999961806440713,0,0,0.9689993098688752,0.4917545496826355,KANK1;MYOC;SPRY2;MET,LumA,Suppressed
GO_Biological_Process_2023,Purine Nucleotide Metabolic Process (GO:0006163),4/34,0.6020065238231402,0.9999961806440713,0,0,0.9689993098688752,0.4917545496826355,KRT17;NMRK2;ME1;FMO2,LumA,Suppressed
GO_Biological_Process_2023,Regulation Of Metal Ion Transport (GO:0010959),4/34,0.6020065238231402,0.9999961806440713,0,0,0.9689993098688752,0.4917545496826355,PER1;CACNA2D1;NOS1;DRD2,LumA,Suppressed
GO_Biological_Process_2023,Regulation Of Phosphatidylinositol 3-Kinase Activity (GO:0043551),4/34,0.6020065238231402,0.9999961806440713,0,0,0.9689993098688752,0.4917545496826355,P2RY12;CCL21;KIT;FGF2,LumA,Suppressed
GO_Biological_Process_2023,Negative Regulation Of Response To External Stimulus (GO:0032102),17/146,0.6047088435427367,0.9999961806440713,0,0,0.9574837506212523,0.4816221656083364,PTGIS;ADIPOQ;NR1H4;KLF4;FGF2;IL22RA1;LRFN5;MMRN1;TYRO3;FFAR4;CLDN19;SAA1;PPARG;ENPP3;DRD2;PPARA;ELANE,LumA,Suppressed
GO_Biological_Process_2023,Cellular Response To Calcium Ion (GO:0071277),8/69,0.6060849492428312,0.9999961806440713,0,0,0.9530090908472778,0.4772051238189674,CRHBP;NLGN1;AKR1C3;SCN5A;ADCY8;SYT8;RYR3;GPLD1,LumA,Suppressed
GO_Biological_Process_2023,Phagocytosis (GO:0006909),8/69,0.6060849492428312,0.9999961806440713,0,0,0.9530090908472778,0.4772051238189674,SRPX;MARCO;ANXA1;GSN;TYRO3;CD36;MET;ELANE,LumA,Suppressed
GO_Biological_Process_2023,Positive Regulation Of Phosphatidylinositol 3-Kinase Signaling (GO:0014068),8/69,0.6060849492428312,0.9999961806440713,0,0,0.9530090908472778,0.4772051238189674,NTRK2;CSF3;MYOC;LEP;KIT;IGF1;FGF2;DDR2,LumA,Suppressed
GO_Biological_Process_2023,Negative Regulation Of Defense Response (GO:0031348),13/112,0.6065003733536223,0.9999961806440713,0,0,0.9541214304306572,0.4771083592794961,PTGIS;ADIPOQ;NR1H4;KLF4;IL22RA1;LRFN5;TYRO3;FFAR4;SAA1;PPARG;ENPP3;PPARA;ELANE,LumA,Suppressed
GO_Biological_Process_2023,Intracellular Glucose Homeostasis (GO:0001678),5/43,0.6073214527355862,0.9999961806440713,0,0,0.9562093925783804,0.4768588051046629,NGFR;KCNB1;PCK1;CYP7A1;PPARGC1A,LumA,Suppressed
GO_Biological_Process_2023,Learning (GO:0007612),5/43,0.6073214527355862,0.9999961806440713,0,0,0.9562093925783804,0.4768588051046629,NPAS4;NTRK2;CLDN5;PTN;DRD2,LumA,Suppressed
GO_Biological_Process_2023,Regulation Of Protein Phosphorylation (GO:0001932),31/265,0.6074431301243521,0.9999961806440713,0,0,0.962356297155292,0.4797314586747747,ROPN1B;PID1;CHRNA7;ITLN1;FGF1;FGF2;EGFR;KLHL31;RELN;BMPER;FGF9;LEPR;RSPO1;PRNP;NTRK2;ANGPT1;ODAM;IL34;ADIPOQ;VEGFD;NRG1;IGF1;MOB3B;FGF17;MARCO;BMP2;LEP;CLDN19;CCNYL2;PLPP3;ROPN1,LumA,Suppressed
GO_Biological_Process_2023,Cell Junction Assembly (GO:0034329),11/95,0.6085543347913039,0.9999961806440713,0,0,0.9515256684068976,0.4725933759829211,CLDN5;NLGN1;ADGRF1;DNER;CDH12;DSG1;PKP1;TLN2;DRD2;CDH8;ADGRL3,LumA,Suppressed
GO_Biological_Process_2023,Cellular Response To Growth Factor Stimulus (GO:0071363),18/155,0.610251196415221,0.9999961806440713,0,0,0.9545657679130046,0.4714453412204678,FOXC1;ANXA1;PDE2A;KLF4;BMP6;EGFR;TGFBR2;TMEM100;ZFP36;SFRP1;BMP2;CLEC3B;ACVR1C;HYAL1;HAS1;SPRY2;NOS1;SOX6,LumA,Suppressed
GO_Biological_Process_2023,Cellular Response To Nutrient Levels (GO:0031669),9/78,0.6119850201149195,0.9999961806440713,0,0,0.9477900054122316,0.4654098877612659,SFRP1;MAP1LC3C;KCNB1;RRAGD;ALB;FAM107A;PDK4;PPARA;PRKAG3,LumA,Suppressed
GO_Biological_Process_2023,Positive Regulation Of Inflammatory Response (GO:0050729),12/104,0.6142899021745094,0.9999961806440713,0,0,0.9477249327143658,0.461815279751148,CEBPA;IL33;IL6;GPRC5B;TSLP;NLRP10;PDE2A;PLA2G2A;S100A12;C2CD4B;CX3CL1;SNCA,LumA,Suppressed
GO_Biological_Process_2023,Positive Regulation Of Peptidyl-Tyrosine Phosphorylation (GO:0050731),15/130,0.6176782984628469,0.9999961806440713,0,0,0.9476596976054402,0.4565706057600834,PRNP;ANGPT4;CSF3;TSLP;ANGPT1;IL34;IGF1;BMP6;GHR;FGF7;IL6;GPRC5B;RELN;KIT;ENPP2,LumA,Suppressed
GO_Biological_Process_2023,Negative Regulation Of Cell Differentiation (GO:0045596),24/207,0.6198796313884744,0.9999961806440713,0,0,0.9526951641055478,0.4556073728070439,GDF10;CETP;WNT10B;MYOCD;CAV1;PTCH1;ZBTB16;ADIPOQ;TWIST2;DTX1;GDF5;MEIS2;EGFR;BMP5;SFRP1;BMP2;IL6;EFEMP1;SOSTDC1;SPRY2;SOX8;PPARG;PPARA;FERMT2,LumA,Suppressed
GO_Biological_Process_2023,Sulfur Compound Biosynthetic Process (GO:0044272),8/70,0.6228101239289393,0.9999961806440713,0,0,0.9375844583294308,0.4439589768369223,CHST9;ANGPT1;GSTA1;B3GNT3;GGT3P;CDO1;GGTA1;CHST3,LumA,Suppressed
GO_Biological_Process_2023,Fc Receptor Signaling Pathway (GO:0038093),3/26,0.6243488480674708,0.9999961806440713,0,0,0.9479196659948173,0.4465137816179535,MAPK10;PIGR;KIT,LumA,Suppressed
GO_Biological_Process_2023,Acute Inflammatory Response (GO:0002526),3/26,0.6243488480674708,0.9999961806440713,0,0,0.9479196659948173,0.4465137816179535,IL6;C2CD4B;ELANE,LumA,Suppressed
GO_Biological_Process_2023,cAMP-mediated Signaling (GO:0019933),3/26,0.6243488480674708,0.9999961806440713,0,0,0.9479196659948173,0.4465137816179535,PDE2A;AKAP6;DEFB1,LumA,Suppressed
GO_Biological_Process_2023,Cardiac Muscle Cell Development (GO:0055013),3/26,0.6243488480674708,0.9999961806440713,0,0,0.9479196659948173,0.4465137816179535,MYL2;MYH11;ALPK3,LumA,Suppressed
GO_Biological_Process_2023,Cellular Response To Xenobiotic Stimulus (GO:0071466),3/26,0.6243488480674708,0.9999961806440713,0,0,0.9479196659948173,0.4465137816179535,CRHBP;ADIPOQ;GPLD1,LumA,Suppressed
GO_Biological_Process_2023,Plasma Membrane Invagination (GO:0099024),3/26,0.6243488480674708,0.9999961806440713,0,0,0.9479196659948173,0.4465137816179535,MARCO;GSN;CD36,LumA,Suppressed
GO_Biological_Process_2023,Positive Regulation Of Microtubule Polymerization Or Depolymerization (GO:0031112),3/26,0.6243488480674708,0.9999961806440713,0,0,0.9479196659948173,0.4465137816179535,CAV3;ANKRD53;MET,LumA,Suppressed
GO_Biological_Process_2023,Regulation Of Actin Filament Bundle Assembly (GO:0032231),3/26,0.6243488480674708,0.9999961806440713,0,0,0.9479196659948173,0.4465137816179535,SYNPO2;SYNPO;CX3CL1,LumA,Suppressed
GO_Biological_Process_2023,Regulation Of Keratinocyte Differentiation (GO:0045616),3/26,0.6243488480674708,0.9999961806440713,0,0,0.9479196659948173,0.4465137816179535,FOXC1;ZFP36;HOXA7,LumA,Suppressed
GO_Biological_Process_2023,Dendrite Morphogenesis (GO:0048813),4/35,0.6255674230544319,0.9999961806440713,0,0,0.9376878381085956,0.4398657681014873,CHRNA7;PTN;PAK3;EPHB1,LumA,Suppressed
GO_Biological_Process_2023,Glutamate Receptor Signaling Pathway (GO:0007215),4/35,0.6255674230544319,0.9999961806440713,0,0,0.9376878381085956,0.4398657681014873,TRPM1;KCNB1;GRIN2B;GRIA4,LumA,Suppressed
GO_Biological_Process_2023,Hexose Biosynthetic Process (GO:0019319),4/35,0.6255674230544319,0.9999961806440713,0,0,0.9376878381085956,0.4398657681014873,PFKFB1;KRT17;PCK1;PPARGC1A,LumA,Suppressed
GO_Biological_Process_2023,Neutral Amino Acid Transport (GO:0015804),4/35,0.6255674230544319,0.9999961806440713,0,0,0.9376878381085956,0.4398657681014873,SLC36A2;SLC6A15;SLC6A14;SLC7A10,LumA,Suppressed
GO_Biological_Process_2023,Positive Regulation Of Substrate Adhesion-Dependent Cell Spreading (GO:1900026),4/35,0.6255674230544319,0.9999961806440713,0,0,0.9376878381085956,0.4398657681014873,MYOC;OLFM4;FERMT2;LIMS2,LumA,Suppressed
GO_Biological_Process_2023,Response To Nutrient Levels (GO:0031667),4/35,0.6255674230544319,0.9999961806440713,0,0,0.9376878381085956,0.4398657681014873,KCNB1;FAM107A;SCTR;PRKAG3,LumA,Suppressed
GO_Biological_Process_2023,T Cell Migration (GO:0072678),2/17,0.6269847158702283,0.9999961806440713,0,0,0.9690249620741966,0.4523729417989836,S1PR1;XG,LumA,Suppressed
GO_Biological_Process_2023,Amyloid Precursor Protein Metabolic Process (GO:0042982),2/17,0.6269847158702283,0.9999961806440713,0,0,0.9690249620741966,0.4523729417989836,NSG1;KLK6,LumA,Suppressed
GO_Biological_Process_2023,Carbohydrate Derivative Transport (GO:1901264),2/17,0.6269847158702283,0.9999961806440713,0,0,0.9690249620741966,0.4523729417989836,VLDLR;PLTP,LumA,Suppressed
GO_Biological_Process_2023,Carboxylic Acid Biosynthetic Process (GO:0046394),2/17,0.6269847158702283,0.9999961806440713,0,0,0.9690249620741966,0.4523729417989836,RGN;CDO1,LumA,Suppressed
GO_Biological_Process_2023,Cell Migration Involved In Sprouting Angiogenesis (GO:0002042),2/17,0.6269847158702283,0.9999961806440713,0,0,0.9690249620741966,0.4523729417989836,FGF2;GPLD1,LumA,Suppressed
GO_Biological_Process_2023,Central Nervous System Neuron Development (GO:0021954),2/17,0.6269847158702283,0.9999961806440713,0,0,0.9690249620741966,0.4523729417989836,NTRK2;LHX6,LumA,Suppressed
GO_Biological_Process_2023,Detection Of Visible Light (GO:0009584),2/17,0.6269847158702283,0.9999961806440713,0,0,0.9690249620741966,0.4523729417989836,RPE65;CNGB1,LumA,Suppressed
GO_Biological_Process_2023,Embryo Development Ending In Birth Or Egg Hatching (GO:0009792),2/17,0.6269847158702283,0.9999961806440713,0,0,0.9690249620741966,0.4523729417989836,SCEL;STOX2,LumA,Suppressed
GO_Biological_Process_2023,Embryonic Axis Specification (GO:0000578),2/17,0.6269847158702283,0.9999961806440713,0,0,0.9690249620741966,0.4523729417989836,PTCH1;TBXT,LumA,Suppressed
GO_Biological_Process_2023,Epoxygenase P450 Pathway (GO:0019373),2/17,0.6269847158702283,0.9999961806440713,0,0,0.9690249620741966,0.4523729417989836,CYP1A2;CYP2C18,LumA,Suppressed
GO_Biological_Process_2023,Filopodium Assembly (GO:0046847),2/17,0.6269847158702283,0.9999961806440713,0,0,0.9690249620741966,0.4523729417989836,MRAP;VSTM5,LumA,Suppressed
GO_Biological_Process_2023,Intracellular Estrogen Receptor Signaling Pathway (GO:0030520),2/17,0.6269847158702283,0.9999961806440713,0,0,0.9690249620741966,0.4523729417989836,PADI2;ESR2,LumA,Suppressed
GO_Biological_Process_2023,Long-Chain fatty-acyl-CoA Biosynthetic Process (GO:0035338),2/17,0.6269847158702283,0.9999961806440713,0,0,0.9690249620741966,0.4523729417989836,ACSL1;ELOVL3,LumA,Suppressed
GO_Biological_Process_2023,Membrane Lipid Metabolic Process (GO:0006643),2/17,0.6269847158702283,0.9999961806440713,0,0,0.9690249620741966,0.4523729417989836,GAL3ST1;AGMO,LumA,Suppressed
GO_Biological_Process_2023,Myeloid Cell Activation Involved In Immune Response (GO:0002275),2/17,0.6269847158702283,0.9999961806440713,0,0,0.9690249620741966,0.4523729417989836,ENPP3;DNASE1L3,LumA,Suppressed
GO_Biological_Process_2023,Negative Regulation Of Striated Muscle Cell Differentiation (GO:0051154),2/17,0.6269847158702283,0.9999961806440713,0,0,0.9690249620741966,0.4523729417989836,BMP2;SOX6,LumA,Suppressed
GO_Biological_Process_2023,Negative Regulation Of Vascular Associated Smooth Muscle Cell Proliferation (GO:1904706),2/17,0.6269847158702283,0.9999961806440713,0,0,0.9690249620741966,0.4523729417989836,CNN1;PPARG,LumA,Suppressed
GO_Biological_Process_2023,Neuron Maturation (GO:0042551),2/17,0.6269847158702283,0.9999961806440713,0,0,0.9690249620741966,0.4523729417989836,LGI4;CX3CL1,LumA,Suppressed
GO_Biological_Process_2023,Positive Regulation By Host Of Viral Process (GO:0044794),2/17,0.6269847158702283,0.9999961806440713,0,0,0.9690249620741966,0.4523729417989836,KRT17;CAV2,LumA,Suppressed
GO_Biological_Process_2023,Positive Regulation Of Amyloid-Beta Formation (GO:1902004),2/17,0.6269847158702283,0.9999961806440713,0,0,0.9690249620741966,0.4523729417989836,CHRNA7;PSG1,LumA,Suppressed
GO_Biological_Process_2023,Positive Regulation Of Cell Adhesion Mediated By Integrin (GO:0033630),2/17,0.6269847158702283,0.9999961806440713,0,0,0.9690249620741966,0.4523729417989836,P2RY12;CCL21,LumA,Suppressed
GO_Biological_Process_2023,Positive Regulation Of Leukocyte Proliferation (GO:0070665),2/17,0.6269847158702283,0.9999961806440713,0,0,0.9690249620741966,0.4523729417989836,NMB;IL34,LumA,Suppressed
GO_Biological_Process_2023,Positive Regulation Of Macrophage Activation (GO:0043032),2/17,0.6269847158702283,0.9999961806440713,0,0,0.9690249620741966,0.4523729417989836,CEBPA;IL33,LumA,Suppressed
GO_Biological_Process_2023,Positive Regulation Of Nitric-Oxide Synthase Activity (GO:0051000),2/17,0.6269847158702283,0.9999961806440713,0,0,0.9690249620741966,0.4523729417989836,FCER2;NPR3,LumA,Suppressed
GO_Biological_Process_2023,Positive Regulation Of Peptidyl-Lysine Acetylation (GO:2000758),2/17,0.6269847158702283,0.9999961806440713,0,0,0.9690249620741966,0.4523729417989836,NOS1;PPARGC1A,LumA,Suppressed
GO_Biological_Process_2023,Positive Regulation Of Small GTPase Mediated Signal Transduction (GO:0051057),2/17,0.6269847158702283,0.9999961806440713,0,0,0.9690249620741966,0.4523729417989836,RELN;IGF1,LumA,Suppressed
GO_Biological_Process_2023,Regulation Of Adenylate Cyclase Activity (GO:0045761),2/17,0.6269847158702283,0.9999961806440713,0,0,0.9690249620741966,0.4523729417989836,GABBR2;EDNRB,LumA,Suppressed
GO_Biological_Process_2023,Regulation Of Brown Fat Cell Differentiation (GO:0090335),2/17,0.6269847158702283,0.9999961806440713,0,0,0.9690249620741966,0.4523729417989836,LEP;PTGS2,LumA,Suppressed
GO_Biological_Process_2023,Regulation Of Establishment Of Cell Polarity (GO:2000114),2/17,0.6269847158702283,0.9999961806440713,0,0,0.9690249620741966,0.4523729417989836,KANK1;GSN,LumA,Suppressed
GO_Biological_Process_2023,Regulation Of Glucose Transmembrane Transport (GO:0010827),2/17,0.6269847158702283,0.9999961806440713,0,0,0.9690249620741966,0.4523729417989836,NR4A3;FFAR4,LumA,Suppressed
GO_Biological_Process_2023,Regulation Of Oxidative Phosphorylation (GO:0002082),2/17,0.6269847158702283,0.9999961806440713,0,0,0.9690249620741966,0.4523729417989836,MLXIPL;COX7A1,LumA,Suppressed
GO_Biological_Process_2023,Regulation Of Ubiquitin Protein Ligase Activity (GO:1904666),2/17,0.6269847158702283,0.9999961806440713,0,0,0.9690249620741966,0.4523729417989836,USP44;CDC14B,LumA,Suppressed
GO_Biological_Process_2023,Regulation Of Neuron Differentiation (GO:0045664),9/79,0.6276623468771713,0.9999961806440713,0,0,0.9341967990515708,0.435104888241854,ALK;NTF4;GPRC5B;NLGN1;BMP2;RELN;MMD;VWC2;DTX1,LumA,Suppressed
GO_Biological_Process_2023,Response To Insulin (GO:0032868),9/79,0.6276623468771713,0.9999961806440713,0,0,0.9341967990515708,0.435104888241854,TRARG1;LEP;PDE3B;PPARG;SLC2A4;SORBS1;PCK1;LPIN1;GPLD1,LumA,Suppressed
GO_Biological_Process_2023,Regulation Of Cell-Substrate Adhesion (GO:0010810),5/44,0.6282795114824586,0.9999961806440713,0,0,0.9316380940241752,0.4329975576580867,VIT;ECM2;FZD4;CORO2B;CX3CL1,LumA,Suppressed
GO_Biological_Process_2023,Regulation Of Insulin Receptor Signaling Pathway (GO:0046626),5/44,0.6282795114824586,0.9999961806440713,0,0,0.9316380940241752,0.4329975576580867,KANK1;PID1;FFAR3;SORBS1;SIK2,LumA,Suppressed
GO_Biological_Process_2023,Synapse Organization (GO:0050808),15/131,0.6298580030261177,0.9999961806440713,0,0,0.9394364277927592,0.4342647070190166,UNC13C;NLGN1;CHRNA7;KY;CX3CL1;LRFN5;ADGRF1;SLITRK2;DNER;HMCN2;SNCG;DRD2;PAK3;SNCA;ADGRL3,LumA,Suppressed
GO_Biological_Process_2023,Positive Regulation Of Cellular Biosynthetic Process (GO:0031328),20/174,0.6312087070722947,0.9999961806440713,0,0,0.9434125690899346,0.4340817790716151,EGR1;EDN1;PSG1;NR1H4;SAMD4A;HBB;IGF1;HTR2A;PTH1R;SORBS1;PTGS2;KLF4;FGF2;LARP6;MLXIPL;IL6;CD36;PPARGC1A;GPLD1;SNCA,LumA,Suppressed
GO_Biological_Process_2023,Regulation Of Receptor Signaling Pathway Via JAK-STAT (GO:0046425),6/53,0.6316545861090948,0.9999961806440713,0,0,0.9276348855049332,0.426167131604322,GHR;SOCS3;IL6;CAV1;LEP;KIT,LumA,Suppressed
GO_Biological_Process_2023,Phosphatidylinositol-Mediated Signaling (GO:0048015),7/62,0.6353346449712138,0.9999961806440713,0,0,0.9247851650836726,0.4194857126766431,EDN1;NYAP1;TYRO3;PIK3C2G;HTR2A;IGF1;PIRT,LumA,Suppressed
GO_Biological_Process_2023,Positive Regulation Of Multicellular Organismal Process (GO:0051240),45/387,0.6355001307674677,0.9999961806440713,0,0,0.9554715558905688,0.4331563249193639,CRB2;OXTR;FOXC1;TNXB;EPAS1;NPR1;PTN;ADRB2;FGF2;HCAR2;GHR;ACADL;LEPR;FFAR4;ALX1;SOX8;CD36;SOX6;PPARGC1A;IL33;NMB;ACSL1;ZBTB16;CAV1;ELOVL3;ADIPOQ;AVPR2;G0S2;EBF2;PTH2R;TGFBR2;CNKSR2;BMP2;IL6;FABP4;FABP5;ADRB3;SCD;LEP;SAA1;ALPL;PPARG;LPIN1;FERMT2;NODAL,LumA,Suppressed
GO_Biological_Process_2023,Monocarboxylic Acid Metabolic Process (GO:0032787),11/97,0.6368842358232188,0.9999961806440713,0,0,0.9292909294599396,0.4192657477010749,LDHB;GPAM;KRT17;ACSM1;AKR1C1;CYP1A2;CYP1A1;ME1;GLYAT;IGF1;CD36,LumA,Suppressed
GO_Biological_Process_2023,Myeloid Leukocyte Differentiation (GO:0002573),8/71,0.6391455379552702,0.9999961806440713,0,0,0.9226494966851664,0.4129992201779733,CEBPA;IL33;CSF3;BMP2;PDE1B;KIT;PPARG;TGFBR2,LumA,Suppressed
GO_Biological_Process_2023,Negative Regulation Of Protein Serine/Threonine Kinase Activity (GO:0071901),9/80,0.6429958202492738,0.9999961806440713,0,0,0.920986499912337,0.4067233459293285,CEBPA;RGS2;MYOCD;BMP2;CAV3;PRKAR2B;ADIPOQ;SPRY2;PPARG,LumA,Suppressed
GO_Biological_Process_2023,Androgen Biosynthetic Process (GO:0006702),1/8,0.6435276400752699,0.9999961806440713,0,0,1.0382842963488126,0.4576656466270415,HSD3B1,LumA,Suppressed
GO_Biological_Process_2023,Apoptotic DNA Fragmentation (GO:0006309),1/8,0.6435276400752699,0.9999961806440713,0,0,1.0382842963488126,0.4576656466270415,DNASE1L3,LumA,Suppressed
GO_Biological_Process_2023,Cobalamin Transport (GO:0015889),1/8,0.6435276400752699,0.9999961806440713,0,0,1.0382842963488126,0.4576656466270415,CUBN,LumA,Suppressed
GO_Biological_Process_2023,Collagen-Activated Signaling Pathway (GO:0038065),1/8,0.6435276400752699,0.9999961806440713,0,0,1.0382842963488126,0.4576656466270415,DDR2,LumA,Suppressed
GO_Biological_Process_2023,"Complement Activation, Lectin Pathway (GO:0001867)",1/8,0.6435276400752699,0.9999961806440713,0,0,1.0382842963488126,0.4576656466270415,MASP1,LumA,Suppressed
GO_Biological_Process_2023,Dehydroascorbic Acid Transport (GO:0070837),1/8,0.6435276400752699,0.9999961806440713,0,0,1.0382842963488126,0.4576656466270415,SLC2A4,LumA,Suppressed
GO_Biological_Process_2023,Endochondral Ossification (GO:0001958),1/8,0.6435276400752699,0.9999961806440713,0,0,1.0382842963488126,0.4576656466270415,FOXC1,LumA,Suppressed
GO_Biological_Process_2023,"Fructose 1,6-Bisphosphate Metabolic Process (GO:0030388)",1/8,0.6435276400752699,0.9999961806440713,0,0,1.0382842963488126,0.4576656466270415,ALDOC,LumA,Suppressed
GO_Biological_Process_2023,Glucan Metabolic Process (GO:0044042),1/8,0.6435276400752699,0.9999961806440713,0,0,1.0382842963488126,0.4576656466270415,PYGM,LumA,Suppressed
GO_Biological_Process_2023,Maintenance Of Apical/Basal Cell Polarity (GO:0035090),1/8,0.6435276400752699,0.9999961806440713,0,0,1.0382842963488126,0.4576656466270415,CRB2,LumA,Suppressed
GO_Biological_Process_2023,Maintenance Of Epithelial Cell Apical/Basal Polarity (GO:0045199),1/8,0.6435276400752699,0.9999961806440713,0,0,1.0382842963488126,0.4576656466270415,CRB2,LumA,Suppressed
GO_Biological_Process_2023,Membrane Lipid Catabolic Process (GO:0046466),1/8,0.6435276400752699,0.9999961806440713,0,0,1.0382842963488126,0.4576656466270415,ENPP2,LumA,Suppressed
GO_Biological_Process_2023,Negative Regulation Of Glycoprotein Biosynthetic Process (GO:0010561),1/8,0.6435276400752699,0.9999961806440713,0,0,1.0382842963488126,0.4576656466270415,ITM2A,LumA,Suppressed
GO_Biological_Process_2023,Negative Regulation Of Mitotic Nuclear Division (GO:0045839),1/8,0.6435276400752699,0.9999961806440713,0,0,1.0382842963488126,0.4576656466270415,USP44,LumA,Suppressed
GO_Biological_Process_2023,Negative Regulation Of Platelet Aggregation (GO:0090331),1/8,0.6435276400752699,0.9999961806440713,0,0,1.0382842963488126,0.4576656466270415,C1QTNF1,LumA,Suppressed
GO_Biological_Process_2023,Negative Regulation Of Production Of Molecular Mediator Of Immune Response (GO:0002701),1/8,0.6435276400752699,0.9999961806440713,0,0,1.0382842963488126,0.4576656466270415,CR1,LumA,Suppressed
GO_Biological_Process_2023,Negative Regulation Of Smooth Muscle Cell Differentiation (GO:0051151),1/8,0.6435276400752699,0.9999961806440713,0,0,1.0382842963488126,0.4576656466270415,RBPMS2,LumA,Suppressed
GO_Biological_Process_2023,Negative Regulation Of Transporter Activity (GO:0032410),1/8,0.6435276400752699,0.9999961806440713,0,0,1.0382842963488126,0.4576656466270415,SNCA,LumA,Suppressed
GO_Biological_Process_2023,Negative Regulation Of Ubiquitin Protein Ligase Activity (GO:1904667),1/8,0.6435276400752699,0.9999961806440713,0,0,1.0382842963488126,0.4576656466270415,USP44,LumA,Suppressed
GO_Biological_Process_2023,Nuclear Membrane Disassembly (GO:0051081),1/8,0.6435276400752699,0.9999961806440713,0,0,1.0382842963488126,0.4576656466270415,LPIN1,LumA,Suppressed
GO_Biological_Process_2023,"Phototransduction, Visible Light (GO:0007603)",1/8,0.6435276400752699,0.9999961806440713,0,0,1.0382842963488126,0.4576656466270415,DMBT1,LumA,Suppressed
GO_Biological_Process_2023,Positive Regulation Of Blood Pressure (GO:0045777),1/8,0.6435276400752699,0.9999961806440713,0,0,1.0382842963488126,0.4576656466270415,SPX,LumA,Suppressed
GO_Biological_Process_2023,Positive Regulation Of Calcium Ion-Dependent Exocytosis (GO:0045956),1/8,0.6435276400752699,0.9999961806440713,0,0,1.0382842963488126,0.4576656466270415,KCNB1,LumA,Suppressed
GO_Biological_Process_2023,Positive Regulation Of Dendritic Cell Cytokine Production (GO:0002732),1/8,0.6435276400752699,0.9999961806440713,0,0,1.0382842963488126,0.4576656466270415,KIT,LumA,Suppressed
GO_Biological_Process_2023,Positive Regulation Of Dendritic Spine Morphogenesis (GO:0061003),1/8,0.6435276400752699,0.9999961806440713,0,0,1.0382842963488126,0.4576656466270415,RELN,LumA,Suppressed
GO_Biological_Process_2023,Positive Regulation Of Epithelial Cell Proliferation Involved In Wound Healing (GO:0060054),1/8,0.6435276400752699,0.9999961806440713,0,0,1.0382842963488126,0.4576656466270415,ODAM,LumA,Suppressed
GO_Biological_Process_2023,Positive Regulation Of Macrophage Cytokine Production (GO:0060907),1/8,0.6435276400752699,0.9999961806440713,0,0,1.0382842963488126,0.4576656466270415,GPRC5B,LumA,Suppressed
GO_Biological_Process_2023,Positive Regulation Of Memory T Cell Differentiation (GO:0043382),1/8,0.6435276400752699,0.9999961806440713,0,0,1.0382842963488126,0.4576656466270415,PCK1,LumA,Suppressed
GO_Biological_Process_2023,Positive Regulation Of Peptide Secretion (GO:0002793),1/8,0.6435276400752699,0.9999961806440713,0,0,1.0382842963488126,0.4576656466270415,RASL10B,LumA,Suppressed
GO_Biological_Process_2023,Positive Regulation Of Protein Localization To Early Endosome (GO:1902966),1/8,0.6435276400752699,0.9999961806440713,0,0,1.0382842963488126,0.4576656466270415,MGAT3,LumA,Suppressed
GO_Biological_Process_2023,Positive Regulation Of Protein Localization To Endosome (GO:1905668),1/8,0.6435276400752699,0.9999961806440713,0,0,1.0382842963488126,0.4576656466270415,MGAT3,LumA,Suppressed
GO_Biological_Process_2023,Positive Regulation Of Respiratory Burst (GO:0060267),1/8,0.6435276400752699,0.9999961806440713,0,0,1.0382842963488126,0.4576656466270415,JCHAIN,LumA,Suppressed
GO_Biological_Process_2023,Positive Regulation Of Sequestering Of Triglyceride (GO:0010890),1/8,0.6435276400752699,0.9999961806440713,0,0,1.0382842963488126,0.4576656466270415,CIDEA,LumA,Suppressed
GO_Biological_Process_2023,Positive Regulation Of Smooth Muscle Cell Apoptotic Process (GO:0034393),1/8,0.6435276400752699,0.9999961806440713,0,0,1.0382842963488126,0.4576656466270415,PPARG,LumA,Suppressed
GO_Biological_Process_2023,Positive Regulation Of Synapse Maturation (GO:0090129),1/8,0.6435276400752699,0.9999961806440713,0,0,1.0382842963488126,0.4576656466270415,RELN,LumA,Suppressed
GO_Biological_Process_2023,Positive Regulation Of Ubiquitin Protein Ligase Activity (GO:1904668),1/8,0.6435276400752699,0.9999961806440713,0,0,1.0382842963488126,0.4576656466270415,CDC14B,LumA,Suppressed
GO_Biological_Process_2023,Presynaptic Membrane Assembly (GO:0097105),1/8,0.6435276400752699,0.9999961806440713,0,0,1.0382842963488126,0.4576656466270415,NLGN1,LumA,Suppressed
GO_Biological_Process_2023,Proline Transport (GO:0015824),1/8,0.6435276400752699,0.9999961806440713,0,0,1.0382842963488126,0.4576656466270415,SLC6A15,LumA,Suppressed
GO_Biological_Process_2023,Protein K29-linked Ubiquitination (GO:0035519),1/8,0.6435276400752699,0.9999961806440713,0,0,1.0382842963488126,0.4576656466270415,RNF186,LumA,Suppressed
GO_Biological_Process_2023,Pyrimidine-Containing Compound Catabolic Process (GO:0072529),1/8,0.6435276400752699,0.9999961806440713,0,0,1.0382842963488126,0.4576656466270415,DPYS,LumA,Suppressed
GO_Biological_Process_2023,Regulation Of DNA Demethylation (GO:1901535),1/8,0.6435276400752699,0.9999961806440713,0,0,1.0382842963488126,0.4576656466270415,STPG4,LumA,Suppressed
GO_Biological_Process_2023,Regulation Of DNA-templated Transcription Initiation (GO:2000142),1/8,0.6435276400752699,0.9999961806440713,0,0,1.0382842963488126,0.4576656466270415,FOSL1,LumA,Suppressed
GO_Biological_Process_2023,Regulation Of ER-associated Ubiquitin-Dependent Protein Catabolic Process (GO:1903069),1/8,0.6435276400752699,0.9999961806440713,0,0,1.0382842963488126,0.4576656466270415,CAV1,LumA,Suppressed
GO_Biological_Process_2023,Regulation Of T-helper 1 Type Immune Response (GO:0002825),1/8,0.6435276400752699,0.9999961806440713,0,0,1.0382842963488126,0.4576656466270415,NLRP10,LumA,Suppressed
GO_Biological_Process_2023,"Regulation Of Wnt Signaling Pathway, Planar Cell Polarity Pathway (GO:2000095)",1/8,0.6435276400752699,0.9999961806440713,0,0,1.0382842963488126,0.4576656466270415,RSPO3,LumA,Suppressed
GO_Biological_Process_2023,Regulation Of Dendritic Cell Antigen Processing And Presentation (GO:0002604),1/8,0.6435276400752699,0.9999961806440713,0,0,1.0382842963488126,0.4576656466270415,CCL21,LumA,Suppressed
GO_Biological_Process_2023,Regulation Of Glial Cell Proliferation (GO:0060251),1/8,0.6435276400752699,0.9999961806440713,0,0,1.0382842963488126,0.4576656466270415,IL6,LumA,Suppressed
GO_Biological_Process_2023,Regulation Of Lysosomal Protein Catabolic Process (GO:1905165),1/8,0.6435276400752699,0.9999961806440713,0,0,1.0382842963488126,0.4576656466270415,MGAT3,LumA,Suppressed
GO_Biological_Process_2023,Regulation Of Macrophage Migration (GO:1905521),1/8,0.6435276400752699,0.9999961806440713,0,0,1.0382842963488126,0.4576656466270415,P2RY12,LumA,Suppressed
GO_Biological_Process_2023,Regulation Of Mitotic Centrosome Separation (GO:0046602),1/8,0.6435276400752699,0.9999961806440713,0,0,1.0382842963488126,0.4576656466270415,KIF25,LumA,Suppressed
GO_Biological_Process_2023,Regulation Of Mitotic Sister Chromatid Segregation (GO:0033047),1/8,0.6435276400752699,0.9999961806440713,0,0,1.0382842963488126,0.4576656466270415,USP44,LumA,Suppressed
GO_Biological_Process_2023,Regulation Of Morphogenesis Of An Epithelium (GO:1905330),1/8,0.6435276400752699,0.9999961806440713,0,0,1.0382842963488126,0.4576656466270415,FGF1,LumA,Suppressed
GO_Biological_Process_2023,Regulation Of Necrotic Cell Death (GO:0010939),1/8,0.6435276400752699,0.9999961806440713,0,0,1.0382842963488126,0.4576656466270415,OLFM4,LumA,Suppressed
GO_Biological_Process_2023,Regulation Of Nephron Tubule Epithelial Cell Differentiation (GO:0072182),1/8,0.6435276400752699,0.9999961806440713,0,0,1.0382842963488126,0.4576656466270415,PROM1,LumA,Suppressed
GO_Biological_Process_2023,Regulation Of Neutrophil Migration (GO:1902622),1/8,0.6435276400752699,0.9999961806440713,0,0,1.0382842963488126,0.4576656466270415,OLFM4,LumA,Suppressed
GO_Biological_Process_2023,Regulation Of Pattern Recognition Receptor Signaling Pathway (GO:0062207),1/8,0.6435276400752699,0.9999961806440713,0,0,1.0382842963488126,0.4576656466270415,CD36,LumA,Suppressed
GO_Biological_Process_2023,Regulation Of Pinocytosis (GO:0048548),1/8,0.6435276400752699,0.9999961806440713,0,0,1.0382842963488126,0.4576656466270415,CAV1,LumA,Suppressed
GO_Biological_Process_2023,Regulation Of Podosome Assembly (GO:0071801),1/8,0.6435276400752699,0.9999961806440713,0,0,1.0382842963488126,0.4576656466270415,GSN,LumA,Suppressed
GO_Biological_Process_2023,Regulation Of Protein Localization To Early Endosome (GO:1902965),1/8,0.6435276400752699,0.9999961806440713,0,0,1.0382842963488126,0.4576656466270415,MGAT3,LumA,Suppressed
GO_Biological_Process_2023,Regulation Of Rhodopsin Mediated Signaling Pathway (GO:0022400),1/8,0.6435276400752699,0.9999961806440713,0,0,1.0382842963488126,0.4576656466270415,NMT2,LumA,Suppressed
GO_Biological_Process_2023,Regulation Of Skeletal Muscle Cell Differentiation (GO:2001014),1/8,0.6435276400752699,0.9999961806440713,0,0,1.0382842963488126,0.4576656466270415,MYOCD,LumA,Suppressed
GO_Biological_Process_2023,Regulation Of Tumor Necrosis Factor Superfamily Cytokine Production (GO:1903555),1/8,0.6435276400752699,0.9999961806440713,0,0,1.0382842963488126,0.4576656466270415,ZFP36,LumA,Suppressed
GO_Biological_Process_2023,Regulation Of Vesicle Fusion (GO:0031338),1/8,0.6435276400752699,0.9999961806440713,0,0,1.0382842963488126,0.4576656466270415,ANXA1,LumA,Suppressed
GO_Biological_Process_2023,Response To Vitamin D (GO:0033280),1/8,0.6435276400752699,0.9999961806440713,0,0,1.0382842963488126,0.4576656466270415,SFRP1,LumA,Suppressed
GO_Biological_Process_2023,Semaphorin-Plexin Signaling Pathway Involved In Axon Guidance (GO:1902287),1/8,0.6435276400752699,0.9999961806440713,0,0,1.0382842963488126,0.4576656466270415,PLXNA4,LumA,Suppressed
GO_Biological_Process_2023,Sphingosine-1-Phosphate Receptor Signaling Pathway (GO:0003376),1/8,0.6435276400752699,0.9999961806440713,0,0,1.0382842963488126,0.4576656466270415,S1PR1,LumA,Suppressed
GO_Biological_Process_2023,Sympathetic Ganglion Development (GO:0061549),1/8,0.6435276400752699,0.9999961806440713,0,0,1.0382842963488126,0.4576656466270415,SEMA3A,LumA,Suppressed
GO_Biological_Process_2023,Synapse Pruning (GO:0098883),1/8,0.6435276400752699,0.9999961806440713,0,0,1.0382842963488126,0.4576656466270415,CX3CL1,LumA,Suppressed
GO_Biological_Process_2023,Tricarboxylic Acid Metabolic Process (GO:0072350),1/8,0.6435276400752699,0.9999961806440713,0,0,1.0382842963488126,0.4576656466270415,PCK1,LumA,Suppressed
GO_Biological_Process_2023,Triglyceride-Rich Lipoprotein Particle Remodeling (GO:0034370),1/8,0.6435276400752699,0.9999961806440713,0,0,1.0382842963488126,0.4576656466270415,CETP,LumA,Suppressed
GO_Biological_Process_2023,Tyrosine Phosphorylation Of STAT Protein (GO:0007260),1/8,0.6435276400752699,0.9999961806440713,0,0,1.0382842963488126,0.4576656466270415,LEP,LumA,Suppressed
GO_Biological_Process_2023,Unsaturated Fatty Acid Biosynthetic Process (GO:0006636),1/8,0.6435276400752699,0.9999961806440713,0,0,1.0382842963488126,0.4576656466270415,SCD,LumA,Suppressed
GO_Biological_Process_2023,Vascular Associated Smooth Muscle Cell Differentiation (GO:0035886),1/8,0.6435276400752699,0.9999961806440713,0,0,1.0382842963488126,0.4576656466270415,MYOCD,LumA,Suppressed
GO_Biological_Process_2023,Organic Anion Transport (GO:0015711),10/89,0.6468351386957094,0.9999961806440713,0,0,0.9196525686901966,0.4006593564520584,SLC22A12;SLCO1C1;SLC22A3;SLCO1B1;CA4;SLCO1A2;SLC26A7;SLC4A1;SLC2A4;SLCO1B7,LumA,Suppressed
GO_Biological_Process_2023,Positive Regulation Of Peptidyl-Serine Phosphorylation (GO:0033138),10/89,0.6468351386957094,0.9999961806440713,0,0,0.9196525686901966,0.4006593564520584,NTF4;TENM1;CSF3;IL6;IFNE;CAV1;SPRY2;NOS1;EGFR;SNCA,LumA,Suppressed
GO_Biological_Process_2023,Negative Regulation Of Sequestering Of Calcium Ion (GO:0051283),4/36,0.6482200045631857,0.9999961806440713,0,0,0.9083333333333332,0.3937853237249473,CCL21;HTR2A;DRD2;FGF2,LumA,Suppressed
GO_Biological_Process_2023,Positive Regulation Of Myeloid Cell Differentiation (GO:0045639),4/36,0.6482200045631857,0.9999961806440713,0,0,0.9083333333333332,0.3937853237249473,CSF3;TESC;HOXA5;MTURN,LumA,Suppressed
GO_Biological_Process_2023,Protein Destabilization (GO:0031648),4/36,0.6482200045631857,0.9999961806440713,0,0,0.9083333333333332,0.3937853237249473,PRNP;GSN;SOX17;SNCA,LumA,Suppressed
GO_Biological_Process_2023,Regulation Of Trans-Synaptic Signaling (GO:0099177),4/36,0.6482200045631857,0.9999961806440713,0,0,0.9083333333333332,0.3937853237249473,NLGN1;RELN;FABP5;GRIA4,LumA,Suppressed
GO_Biological_Process_2023,Monoatomic Anion Transmembrane Transport (GO:0098656),6/54,0.650131829263425,0.9999961806440713,0,0,0.9082573559883962,0.3910775635167807,GABRA4;SLC1A3;SLC4A1;GABRE;GABRG3;GABRG1,LumA,Suppressed
GO_Biological_Process_2023,Positive Regulation Of Leukocyte Chemotaxis (GO:0002690),6/54,0.650131829263425,0.9999961806440713,0,0,0.9082573559883962,0.3910775635167807,IL6;EDN3;IL34;DEFB124;VEGFD;PTN,LumA,Suppressed
GO_Biological_Process_2023,Regulation Of Blood Vessel Endothelial Cell Migration (GO:0043535),6/54,0.650131829263425,0.9999961806440713,0,0,0.9082573559883962,0.3910775635167807,ANGPT4;ANGPT1;PSG1;NRG1;PPARG;FGF2,LumA,Suppressed
GO_Biological_Process_2023,Cell Surface Receptor Signaling Pathway Involved In Cell-Cell Signaling (GO:1905114),3/27,0.6504278890225939,0.9999961806440713,0,0,0.9083712748344372,0.3907130509445172,BMP2;FZD4;FERMT2,LumA,Suppressed
GO_Biological_Process_2023,Cellular Response To Epidermal Growth Factor Stimulus (GO:0071364),3/27,0.6504278890225939,0.9999961806440713,0,0,0.9083712748344372,0.3907130509445172,FOXC1;ZFP36;EGFR,LumA,Suppressed
GO_Biological_Process_2023,Dorsal/Ventral Pattern Formation (GO:0009953),3/27,0.6504278890225939,0.9999961806440713,0,0,0.9083712748344372,0.3907130509445172,SFRP1;PTCH1;CER1,LumA,Suppressed
GO_Biological_Process_2023,Positive Regulation Of Immune System Process (GO:0002684),3/27,0.6504278890225939,0.9999961806440713,0,0,0.9083712748344372,0.3907130509445172,HCAR2;C6;C8B,LumA,Suppressed
GO_Biological_Process_2023,Regulation Of Androgen Receptor Signaling Pathway (GO:0060765),3/27,0.6504278890225939,0.9999961806440713,0,0,0.9083712748344372,0.3907130509445172,SFRP1;TCF21;NODAL,LumA,Suppressed
GO_Biological_Process_2023,Regulation Of Insulin Secretion Involved In Cellular Response To Glucose Stimulus (GO:0061178),3/27,0.6504278890225939,0.9999961806440713,0,0,0.9083712748344372,0.3907130509445172,NR1H4;ADCY8;GPLD1,LumA,Suppressed
GO_Biological_Process_2023,Ventricular Septum Morphogenesis (GO:0060412),3/27,0.6504278890225939,0.9999961806440713,0,0,0.9083712748344372,0.3907130509445172,TGFBR3;PROX1;TGFBR2,LumA,Suppressed
GO_Biological_Process_2023,Protein Polymerization (GO:0051258),7/63,0.652406990056794,0.9999961806440713,0,0,0.908219320066335,0.3878883867613181,GSN;TPPP2;MAP7D3;FAM107A;CASQ2;KRT5;WASF3,LumA,Suppressed
GO_Biological_Process_2023,Positive Regulation Of Macromolecule Metabolic Process (GO:0010604),42/364,0.6528660020836177,0.9999961806440713,0,0,0.9470651716632218,0.4038128435853648,MYOM1;PID1;RHOXF1;CHRNA7;FGF1;FGF2;ACTG2;WNT6;FGF7;C1QTNF1;FGF9;CD36;PPARGC1A;CD34;HOXA5;SNCA;EGR1;IL33;NTRK2;GSN;ANGPT1;ODAM;TESC;PDE2A;AVPR2;PSG1;ANK2;IGF1;KLF4;POU3F3;BMP6;FGF17;ACTA2;CLDN5;BMP2;IL6;CLDN19;PKP1;SPRY2;PPARG;PF4;RBMS3,LumA,Suppressed
GO_Biological_Process_2023,Positive Regulation Of Cell Population Proliferation (GO:0008284),56/483,0.6546989044200143,0.9999961806440713,0,0,0.9520545569330456,0.4032711139876223,CSF3;PID1;LAMC2;FGF1;FGF2;CX3CL1;CXCL5;AQP1;FGF7;FGF9;HYAL1;RBPMS2;SOX8;SCN5A;EDN1;CR1;EDN3;GLP2R;NRG1;LIFR;PROX1;POU3F3;TGFBR2;TGFBR3;CLDN5;SFRP1;DDR2;CCL14;PTGFR;TNXB;CHRNA7;PTN;EGFR;FTMT;CXCR2;ELANE;NTRK2;TSLP;IL34;FZD9;AKR1C3;AKR1C2;VEGFD;IGF1;S100B;MEIS2;BMP6;BMP5;FOSL1;FGF17;MLXIPL;BMP2;IL6;NR4A3;FOLR2;NODAL,LumA,Suppressed
GO_Biological_Process_2023,Negative Regulation Of Catabolic Process (GO:0009895),8/72,0.6550752348231825,0.9999961806440713,0,0,0.9081812525922852,0.3841653811435752,ALK;HCAR2;SERPINB12;PDE3B;CIDEA;PPARA;EGFR;CIDEC,LumA,Suppressed
GO_Biological_Process_2023,Negative Regulation Of Cell Adhesion (GO:0007162),8/72,0.6550752348231825,0.9999961806440713,0,0,0.9081812525922852,0.3841653811435752,ANGPT1;FZD4;PDE3B;DACT2;NRG1;CORO2B;CX3CL1;PLXNA4,LumA,Suppressed
GO_Biological_Process_2023,Plasma Membrane Organization (GO:0007009),8/72,0.6550752348231825,0.9999961806440713,0,0,0.9081812525922852,0.3841653811435752,ABCD2;CR1;MYMX;CAV3;CAVIN2;PLSCR4;ANK2;SPTBN1,LumA,Suppressed
GO_Biological_Process_2023,Transforming Growth Factor Beta Receptor Signaling Pathway (GO:0007179),8/72,0.6550752348231825,0.9999961806440713,0,0,0.9081812525922852,0.3841653811435752,TGFBR3;GDF10;CLDN5;WFIKKN2;FOS;GDF5;FERMT2;TGFBR2,LumA,Suppressed
GO_Biological_Process_2023,Actin Filament Capping (GO:0051693),2/18,0.6586115575536585,0.9999961806440713,0,0,0.9084091849400084,0.3793710797275638,GSN;CAPZA3,LumA,Suppressed
GO_Biological_Process_2023,Barbed-End Actin Filament Capping (GO:0051016),2/18,0.6586115575536585,0.9999961806440713,0,0,0.9084091849400084,0.3793710797275638,GSN;CAPZA3,LumA,Suppressed
GO_Biological_Process_2023,Cardiac Atrium Morphogenesis (GO:0003209),2/18,0.6586115575536585,0.9999961806440713,0,0,0.9084091849400084,0.3793710797275638,BMP2;PROX1,LumA,Suppressed
GO_Biological_Process_2023,Dendritic Cell Migration (GO:0036336),2/18,0.6586115575536585,0.9999961806440713,0,0,0.9084091849400084,0.3793710797275638,CCL21;CXCR2,LumA,Suppressed
GO_Biological_Process_2023,fatty-acyl-CoA Metabolic Process (GO:0035337),2/18,0.6586115575536585,0.9999961806440713,0,0,0.9084091849400084,0.3793710797275638,DGAT2;ACSM2A,LumA,Suppressed
GO_Biological_Process_2023,Mesenchyme Morphogenesis (GO:0072132),2/18,0.6586115575536585,0.9999961806440713,0,0,0.9084091849400084,0.3793710797275638,ADAMTS5;BMP2,LumA,Suppressed
GO_Biological_Process_2023,Neural Crest Cell Differentiation (GO:0014033),2/18,0.6586115575536585,0.9999961806440713,0,0,0.9084091849400084,0.3793710797275638,NRG1;SOX8,LumA,Suppressed
GO_Biological_Process_2023,Nitric Oxide Mediated Signal Transduction (GO:0007263),2/18,0.6586115575536585,0.9999961806440713,0,0,0.9084091849400084,0.3793710797275638,CD36;NOS1,LumA,Suppressed
GO_Biological_Process_2023,Positive Regulation Of CREB Transcription Factor Activity (GO:0032793),2/18,0.6586115575536585,0.9999961806440713,0,0,0.9084091849400084,0.3793710797275638,RELN;ADCY8,LumA,Suppressed
GO_Biological_Process_2023,Positive Regulation Of DNA Replication (GO:0045740),2/18,0.6586115575536585,0.9999961806440713,0,0,0.9084091849400084,0.3793710797275638,NPM2;EGFR,LumA,Suppressed
GO_Biological_Process_2023,Positive Regulation Of Cyclin-Dependent Protein Kinase Activity (GO:1904031),2/18,0.6586115575536585,0.9999961806440713,0,0,0.9084091849400084,0.3793710797275638,PROX1;EGFR,LumA,Suppressed
GO_Biological_Process_2023,Positive Regulation Of Cytokine Production Involved In Inflammatory Response (GO:1900017),2/18,0.6586115575536585,0.9999961806440713,0,0,0.9084091849400084,0.3793710797275638,IL6;IL17D,LumA,Suppressed
GO_Biological_Process_2023,Positive Regulation Of Glycolytic Process (GO:0045821),2/18,0.6586115575536585,0.9999961806440713,0,0,0.9084091849400084,0.3793710797275638,MLXIPL;IGF1,LumA,Suppressed
GO_Biological_Process_2023,Positive Regulation Of Nervous System Process (GO:0031646),2/18,0.6586115575536585,0.9999961806440713,0,0,0.9084091849400084,0.3793710797275638,EGR2;NCMAP,LumA,Suppressed
GO_Biological_Process_2023,Positive Regulation Of Stress-Activated Protein Kinase Signaling Cascade (GO:0070304),2/18,0.6586115575536585,0.9999961806440713,0,0,0.9084091849400084,0.3793710797275638,IGFBP6;MID1,LumA,Suppressed
GO_Biological_Process_2023,Regulation Of Collagen Biosynthetic Process (GO:0032965),2/18,0.6586115575536585,0.9999961806440713,0,0,0.9084091849400084,0.3793710797275638,IL6;LARP6,LumA,Suppressed
GO_Biological_Process_2023,Regulation Of Dendrite Extension (GO:1903859),2/18,0.6586115575536585,0.9999961806440713,0,0,0.9084091849400084,0.3793710797275638,RNF157;OSTN,LumA,Suppressed
GO_Biological_Process_2023,Regulation Of Epithelial Cell Differentiation (GO:0030856),2/18,0.6586115575536585,0.9999961806440713,0,0,0.9084091849400084,0.3793710797275638,CAV1;APOLD1,LumA,Suppressed
GO_Biological_Process_2023,Regulation Of Lymphocyte Proliferation (GO:0050670),2/18,0.6586115575536585,0.9999961806440713,0,0,0.9084091849400084,0.3793710797275638,CD209;LEP,LumA,Suppressed
GO_Biological_Process_2023,Regulation Of Nervous System Process (GO:0031644),2/18,0.6586115575536585,0.9999961806440713,0,0,0.9084091849400084,0.3793710797275638,CHRNA7;DLGAP2,LumA,Suppressed
GO_Biological_Process_2023,Regulation Of Synaptic Vesicle Exocytosis (GO:2000300),2/18,0.6586115575536585,0.9999961806440713,0,0,0.9084091849400084,0.3793710797275638,NLGN1;RIMS3,LumA,Suppressed
GO_Biological_Process_2023,Renal Absorption (GO:0070293),2/18,0.6586115575536585,0.9999961806440713,0,0,0.9084091849400084,0.3793710797275638,GSN;HBB,LumA,Suppressed
GO_Biological_Process_2023,Response To Axon Injury (GO:0048678),2/18,0.6586115575536585,0.9999961806440713,0,0,0.9084091849400084,0.3793710797275638,P2RY12;FOLR1,LumA,Suppressed
GO_Biological_Process_2023,Ureteric Bud Morphogenesis (GO:0060675),2/18,0.6586115575536585,0.9999961806440713,0,0,0.9084091849400084,0.3793710797275638,TCF21;FGF2,LumA,Suppressed
GO_Biological_Process_2023,Regulation Of Phosphatidylinositol 3-Kinase Signaling (GO:0014066),10/90,0.6609988280902444,0.9999961806440713,0,0,0.9081050228310502,0.3759583963458677,PPP1R16B;NTRK2;CSF3;MYOC;LEP;KIT;IGF1;FGF2;EGFR;DDR2,LumA,Suppressed
GO_Biological_Process_2023,Neuron Migration (GO:0001764),6/55,0.6680310961263005,0.9999961806440713,0,0,0.8896707460439626,0.3589114665292721,NTRK2;TUBB2B;RELN;SEMA3A;DNER;ASTN1,LumA,Suppressed
GO_Biological_Process_2023,"Regulation Of Synaptic Transmission, Glutamatergic (GO:0051966)",6/55,0.6680310961263005,0.9999961806440713,0,0,0.8896707460439626,0.3589114665292721,NLGN1;RELN;ATP1A2;CACNG2;DRD2;GRIN2B,LumA,Suppressed
GO_Biological_Process_2023,T Cell Differentiation (GO:0030217),5/46,0.6680961595851647,0.9999961806440713,0,0,0.886091296704185,0.3573811456726368,ANXA1;USP44;LEP;KIT;LEPR,LumA,Suppressed
GO_Biological_Process_2023,Development Of Primary Male Sexual Characteristics (GO:0046546),5/46,0.6680961595851647,0.9999961806440713,0,0,0.886091296704185,0.3573811456726368,LHCGR;FGF9;KIT;AKR1C3;SOX8,LumA,Suppressed
GO_Biological_Process_2023,Homotypic Cell-Cell Adhesion (GO:0034109),5/46,0.6680961595851647,0.9999961806440713,0,0,0.886091296704185,0.3573811456726368,P2RY12;TYRO3;HBB;PLPP3;XG,LumA,Suppressed
GO_Biological_Process_2023,Male Gonad Development (GO:0008584),5/46,0.6680961595851647,0.9999961806440713,0,0,0.886091296704185,0.3573811456726368,LHCGR;FGF9;KIT;AKR1C3;SOX8,LumA,Suppressed
GO_Biological_Process_2023,Muscle Cell Differentiation (GO:0042692),4/37,0.6699425663615227,0.9999961806440713,0,0,0.8807578894535416,0.3527992797601089,FBXO40;MYOCD;DMD;SGCZ,LumA,Suppressed
GO_Biological_Process_2023,Negative Regulation Of Endothelial Cell Migration (GO:0010596),4/37,0.6699425663615227,0.9999961806440713,0,0,0.8807578894535416,0.3527992797601089,ANGPT4;NRG1;PPARG;FGF2,LumA,Suppressed
GO_Biological_Process_2023,Positive Regulation Of Receptor Signaling Pathway Via JAK-STAT (GO:0046427),4/37,0.6699425663615227,0.9999961806440713,0,0,0.8807578894535416,0.3527992797601089,GHR;IL6;LEP;KIT,LumA,Suppressed
GO_Biological_Process_2023,Ventricular Septum Development (GO:0003281),4/37,0.6699425663615227,0.9999961806440713,0,0,0.8807578894535416,0.3527992797601089,TGFBR3;PDE2A;PROX1;TGFBR2,LumA,Suppressed
GO_Biological_Process_2023,Apoptotic Cell Clearance (GO:0043277),3/28,0.675186275556436,0.9999961806440713,0,0,0.8719867549668874,0.3424873273995057,ANXA1;TYRO3;XKR4,LumA,Suppressed
GO_Biological_Process_2023,Fatty Acid Derivative Biosynthetic Process (GO:1901570),3/28,0.675186275556436,0.9999961806440713,0,0,0.8719867549668874,0.3424873273995057,AWAT2;GGT3P;GGTA1,LumA,Suppressed
GO_Biological_Process_2023,Glycosaminoglycan Metabolic Process (GO:0030203),3/28,0.675186275556436,0.9999961806440713,0,0,0.8719867549668874,0.3424873273995057,CHST9;HYAL1;HAS1,LumA,Suppressed
GO_Biological_Process_2023,Hematopoietic Progenitor Cell Differentiation (GO:0002244),3/28,0.675186275556436,0.9999961806440713,0,0,0.8719867549668874,0.3424873273995057,SFRP1;KIT;MEOX1,LumA,Suppressed
GO_Biological_Process_2023,Mucosal Immune Response (GO:0002385),3/28,0.675186275556436,0.9999961806440713,0,0,0.8719867549668874,0.3424873273995057,PIGR;FFAR3;DEFB1,LumA,Suppressed
GO_Biological_Process_2023,Negative Regulation Of Actin Filament Bundle Assembly (GO:0032232),3/28,0.675186275556436,0.9999961806440713,0,0,0.8719867549668874,0.3424873273995057,TMEFF2;MYOC;MET,LumA,Suppressed
GO_Biological_Process_2023,Negative Regulation Of Cation Channel Activity (GO:2001258),3/28,0.675186275556436,0.9999961806440713,0,0,0.8719867549668874,0.3424873273995057,CASQ2;KCNAB1;TRDN,LumA,Suppressed
GO_Biological_Process_2023,Negative Regulation Of Type II Interferon Production (GO:0032689),3/28,0.675186275556436,0.9999961806440713,0,0,0.8719867549668874,0.3424873273995057,PRNP;CR1;NR1H4,LumA,Suppressed
GO_Biological_Process_2023,Positive Regulation Of Fibroblast Proliferation (GO:0048146),3/28,0.675186275556436,0.9999961806440713,0,0,0.8719867549668874,0.3424873273995057,IGF1;AQP1;DDR2,LumA,Suppressed
GO_Biological_Process_2023,Regulation Of Cardiac Muscle Cell Action Potential (GO:0098901),3/28,0.675186275556436,0.9999961806440713,0,0,0.8719867549668874,0.3424873273995057,CAV3;CAV1;ANK2,LumA,Suppressed
GO_Biological_Process_2023,Regulation Of Chemotaxis (GO:0050920),3/28,0.675186275556436,0.9999961806440713,0,0,0.8719867549668874,0.3424873273995057,P2RY12;CCL21;ELANE,LumA,Suppressed
GO_Biological_Process_2023,Regulation Of Monoatomic Ion Transport (GO:0043269),3/28,0.675186275556436,0.9999961806440713,0,0,0.8719867549668874,0.3424873273995057,CLDN10;KCNJ16;KCNJ2,LumA,Suppressed
GO_Biological_Process_2023,Regulation Of Platelet Activation (GO:0010543),3/28,0.675186275556436,0.9999961806440713,0,0,0.8719867549668874,0.3424873273995057,C1QTNF1;PLA2G4A;NRG1,LumA,Suppressed
GO_Biological_Process_2023,Regulation Of Protein Localization To Membrane (GO:1905475),3/28,0.675186275556436,0.9999961806440713,0,0,0.8719867549668874,0.3424873273995057,GSN;GPC3;SPTBN1,LumA,Suppressed
GO_Biological_Process_2023,Regulation Of Protein Targeting To Membrane (GO:0090313),3/28,0.675186275556436,0.9999961806440713,0,0,0.8719867549668874,0.3424873273995057,PRNP;KCNE1;KCNB1,LumA,Suppressed
GO_Biological_Process_2023,Positive Regulation Of Wnt Signaling Pathway (GO:0030177),12/109,0.6797935225420069,0.9999961806440713,0,0,0.898616149632301,0.3468354337907688,KANK1;SCEL;SFRP1;BMP2;GPRC5B;CAV1;FZD9;GPC3;RSPO3;RSPO1;LGR6;EGFR,LumA,Suppressed
GO_Biological_Process_2023,Negative Regulation Of Multicellular Organismal Process (GO:0051241),26/231,0.6828869033126245,0.9999961806440713,0,0,0.920929948121044,0.3512666459568483,NPR3;ADM;EGFR;CRHBP;ADAMTS5;RGS2;ACVR1C;FFAR4;SOSTDC1;SPX;HOXA7;MAP2K6;WNT10B;MYOCD;PTCH1;ADIPOQ;CIDEA;NR1H4;BMP5;SFRP1;BMP2;NFIB;ALDH1A1;SPRY2;IL17D;NODAL,LumA,Suppressed
GO_Biological_Process_2023,Canonical Wnt Signaling Pathway (GO:0060070),7/65,0.6850816589170965,0.9999961806440713,0,0,0.8768013381369018,0.3316213801454059,CCL14;WNT6;WNT10B;SFRP1;FZD4;CAV1;FZD9,LumA,Suppressed
GO_Biological_Process_2023,Regulation Of Cell-Matrix Adhesion (GO:0001952),7/65,0.6850816589170965,0.9999961806440713,0,0,0.8768013381369018,0.3316213801454059,SFRP1;MYOC;CCL21;CD36;HOXA7;CX3CL1;GPM6B,LumA,Suppressed
GO_Biological_Process_2023,Regulation Of Tyrosine Phosphorylation Of STAT Protein (GO:0042509),7/65,0.6850816589170965,0.9999961806440713,0,0,0.8768013381369018,0.3316213801454059,GHR;SOCS3;IL6;TSLP;KIT;IGF1;IL22RA2,LumA,Suppressed
GO_Biological_Process_2023,Regulation Of Mitotic Nuclear Division (GO:0007088),6/56,0.6853382365235916,0.9999961806440713,0,0,0.8718276004973062,0.3294137700418201,EDN1;EDN3;CAV2;USP44;CCDC8;IGF1,LumA,Suppressed
GO_Biological_Process_2023,Regulation Of Reactive Oxygen Species Metabolic Process (GO:2000377),6/56,0.6853382365235916,0.9999961806440713,0,0,0.8718276004973062,0.3294137700418201,ACE2;PID1;AKR1C1;AKR1C3;TGFBR2;SNCA,LumA,Suppressed
GO_Biological_Process_2023,Gland Development (GO:0048732),8/74,0.685665386282941,0.9999961806440713,0,0,0.8805600593240577,0.332293027004634,TGFBR3;CEBPA;ANXA1;CAV1;TCF21;NRG1;PROX1;MET,LumA,Suppressed
GO_Biological_Process_2023,Negative Regulation Of Neuron Apoptotic Process (GO:0043524),8/74,0.685665386282941,0.9999961806440713,0,0,0.8805600593240577,0.332293027004634,NTF4;CNTFR;NTRK2;PTPRZ1;TYRO3;FZD9;PPARGC1A;CX3CL1,LumA,Suppressed
GO_Biological_Process_2023,B Cell Homeostasis (GO:0001782),1/9,0.6866600765071563,0.9999961806440713,0,0,0.9084470636889992,0.3414996984854261,DOCK11,LumA,Suppressed
GO_Biological_Process_2023,G Protein-Coupled Serotonin Receptor Signaling Pathway (GO:0098664),1/9,0.6866600765071563,0.9999961806440713,0,0,0.9084470636889992,0.3414996984854261,HTR2A,LumA,Suppressed
GO_Biological_Process_2023,IMP Metabolic Process (GO:0046040),1/9,0.6866600765071563,0.9999961806440713,0,0,0.9084470636889992,0.3414996984854261,AMPD1,LumA,Suppressed
GO_Biological_Process_2023,NAD Biosynthesis Via Nicotinamide Riboside Salvage Pathway (GO:0034356),1/9,0.6866600765071563,0.9999961806440713,0,0,0.9084470636889992,0.3414996984854261,PTGIS,LumA,Suppressed
GO_Biological_Process_2023,Alpha-Linolenic Acid Metabolic Process (GO:0036109),1/9,0.6866600765071563,0.9999961806440713,0,0,0.9084470636889992,0.3414996984854261,ELOVL3,LumA,Suppressed
GO_Biological_Process_2023,Aminoglycan Metabolic Process (GO:0006022),1/9,0.6866600765071563,0.9999961806440713,0,0,0.9084470636889992,0.3414996984854261,CHST9,LumA,Suppressed
GO_Biological_Process_2023,Aspartate Transmembrane Transport (GO:0015810),1/9,0.6866600765071563,0.9999961806440713,0,0,0.9084470636889992,0.3414996984854261,SLC1A3,LumA,Suppressed
GO_Biological_Process_2023,Axon Regeneration (GO:0031103),1/9,0.6866600765071563,0.9999961806440713,0,0,0.9084470636889992,0.3414996984854261,FOLR1,LumA,Suppressed
GO_Biological_Process_2023,Biomineral Tissue Development (GO:0031214),1/9,0.6866600765071563,0.9999961806440713,0,0,0.9084470636889992,0.3414996984854261,DDR2,LumA,Suppressed
GO_Biological_Process_2023,cAMP Biosynthetic Process (GO:0006171),1/9,0.6866600765071563,0.9999961806440713,0,0,0.9084470636889992,0.3414996984854261,ADCY8,LumA,Suppressed
GO_Biological_Process_2023,cGMP Biosynthetic Process (GO:0006182),1/9,0.6866600765071563,0.9999961806440713,0,0,0.9084470636889992,0.3414996984854261,NPR1,LumA,Suppressed
GO_Biological_Process_2023,Calcium Import Into The Mitochondrion (GO:0036444),1/9,0.6866600765071563,0.9999961806440713,0,0,0.9084470636889992,0.3414996984854261,MICU3,LumA,Suppressed
GO_Biological_Process_2023,Carnitine Metabolic Process (GO:0009437),1/9,0.6866600765071563,0.9999961806440713,0,0,0.9084470636889992,0.3414996984854261,BBOX1,LumA,Suppressed
GO_Biological_Process_2023,Cell Differentiation In Spinal Cord (GO:0021515),1/9,0.6866600765071563,0.9999961806440713,0,0,0.9084470636889992,0.3414996984854261,SOX6,LumA,Suppressed
GO_Biological_Process_2023,Cellular Response To Oxidised Low-Density Lipoprotein Particle Stimulus (GO:0140052),1/9,0.6866600765071563,0.9999961806440713,0,0,0.9084470636889992,0.3414996984854261,CD36,LumA,Suppressed
GO_Biological_Process_2023,Ectoderm Development (GO:0007398),1/9,0.6866600765071563,0.9999961806440713,0,0,0.9084470636889992,0.3414996984854261,KRT6B,LumA,Suppressed
GO_Biological_Process_2023,Endodermal Cell Fate Commitment (GO:0001711),1/9,0.6866600765071563,0.9999961806440713,0,0,0.9084470636889992,0.3414996984854261,SOX17,LumA,Suppressed
GO_Biological_Process_2023,Ether Lipid Biosynthetic Process (GO:0008611),1/9,0.6866600765071563,0.9999961806440713,0,0,0.9084470636889992,0.3414996984854261,PLA2G4A,LumA,Suppressed
GO_Biological_Process_2023,Excitatory Synapse Assembly (GO:1904861),1/9,0.6866600765071563,0.9999961806440713,0,0,0.9084470636889992,0.3414996984854261,NLGN1,LumA,Suppressed
GO_Biological_Process_2023,Glycerolipid Metabolic Process (GO:0046486),1/9,0.6866600765071563,0.9999961806440713,0,0,0.9084470636889992,0.3414996984854261,GAL3ST1,LumA,Suppressed
GO_Biological_Process_2023,Glycosphingolipid Catabolic Process (GO:0046479),1/9,0.6866600765071563,0.9999961806440713,0,0,0.9084470636889992,0.3414996984854261,LCT,LumA,Suppressed
GO_Biological_Process_2023,Granulocyte Migration (GO:0097530),1/9,0.6866600765071563,0.9999961806440713,0,0,0.9084470636889992,0.3414996984854261,ANXA1,LumA,Suppressed
GO_Biological_Process_2023,Histone Methylation (GO:0016571),1/9,0.6866600765071563,0.9999961806440713,0,0,0.9084470636889992,0.3414996984854261,SMYD1,LumA,Suppressed
GO_Biological_Process_2023,Iron Ion Transmembrane Transport (GO:0034755),1/9,0.6866600765071563,0.9999961806440713,0,0,0.9084470636889992,0.3414996984854261,SCARA5,LumA,Suppressed
GO_Biological_Process_2023,Leucine Transport (GO:0015820),1/9,0.6866600765071563,0.9999961806440713,0,0,0.9084470636889992,0.3414996984854261,SLC6A15,LumA,Suppressed
GO_Biological_Process_2023,Mitochondrion Morphogenesis (GO:0070584),1/9,0.6866600765071563,0.9999961806440713,0,0,0.9084470636889992,0.3414996984854261,PID1,LumA,Suppressed
GO_Biological_Process_2023,Morphogenesis Of An Epithelial Sheet (GO:0002011),1/9,0.6866600765071563,0.9999961806440713,0,0,0.9084470636889992,0.3414996984854261,BMP5,LumA,Suppressed
GO_Biological_Process_2023,Motor Neuron Axon Guidance (GO:0008045),1/9,0.6866600765071563,0.9999961806440713,0,0,0.9084470636889992,0.3414996984854261,SEMA3A,LumA,Suppressed
GO_Biological_Process_2023,Muscle Cell Fate Commitment (GO:0042693),1/9,0.6866600765071563,0.9999961806440713,0,0,0.9084470636889992,0.3414996984854261,MYL2,LumA,Suppressed
GO_Biological_Process_2023,Myelin Assembly (GO:0032288),1/9,0.6866600765071563,0.9999961806440713,0,0,0.9084470636889992,0.3414996984854261,NCMAP,LumA,Suppressed
GO_Biological_Process_2023,Myelin Maintenance (GO:0043217),1/9,0.6866600765071563,0.9999961806440713,0,0,0.9084470636889992,0.3414996984854261,ABCD2,LumA,Suppressed
GO_Biological_Process_2023,Myeloid Dendritic Cell Differentiation (GO:0043011),1/9,0.6866600765071563,0.9999961806440713,0,0,0.9084470636889992,0.3414996984854261,TGFBR2,LumA,Suppressed
GO_Biological_Process_2023,Negative Regulation Of Bone Resorption (GO:0045779),1/9,0.6866600765071563,0.9999961806440713,0,0,0.9084470636889992,0.3414996984854261,IL6,LumA,Suppressed
GO_Biological_Process_2023,Negative Regulation Of Heterotypic Cell-Cell Adhesion (GO:0034115),1/9,0.6866600765071563,0.9999961806440713,0,0,0.9084470636889992,0.3414996984854261,KLF4,LumA,Suppressed
GO_Biological_Process_2023,Negative Regulation Of Necroptotic Process (GO:0060546),1/9,0.6866600765071563,0.9999961806440713,0,0,0.9084470636889992,0.3414996984854261,FZD9,LumA,Suppressed
GO_Biological_Process_2023,Negative Regulation Of Protein Autophosphorylation (GO:0031953),1/9,0.6866600765071563,0.9999961806440713,0,0,0.9084470636889992,0.3414996984854261,CAV1,LumA,Suppressed
GO_Biological_Process_2023,Negative Regulation Of Protein Maturation (GO:1903318),1/9,0.6866600765071563,0.9999961806440713,0,0,0.9084470636889992,0.3414996984854261,PRNP,LumA,Suppressed
GO_Biological_Process_2023,Negative Regulation Of Receptor Binding (GO:1900121),1/9,0.6866600765071563,0.9999961806440713,0,0,0.9084470636889992,0.3414996984854261,ADIPOQ,LumA,Suppressed
GO_Biological_Process_2023,Negative Regulation Of Tyrosine Phosphorylation Of STAT Protein (GO:0042532),1/9,0.6866600765071563,0.9999961806440713,0,0,0.9084470636889992,0.3414996984854261,SOCS3,LumA,Suppressed
GO_Biological_Process_2023,Nerve Growth Factor Signaling Pathway (GO:0038180),1/9,0.6866600765071563,0.9999961806440713,0,0,0.9084470636889992,0.3414996984854261,NTF4,LumA,Suppressed
GO_Biological_Process_2023,Neuron Remodeling (GO:0016322),1/9,0.6866600765071563,0.9999961806440713,0,0,0.9084470636889992,0.3414996984854261,CX3CL1,LumA,Suppressed
GO_Biological_Process_2023,Ornithine Metabolic Process (GO:0006591),1/9,0.6866600765071563,0.9999961806440713,0,0,0.9084470636889992,0.3414996984854261,OTC,LumA,Suppressed
GO_Biological_Process_2023,Peptidyl-Cysteine Modification (GO:0018198),1/9,0.6866600765071563,0.9999961806440713,0,0,0.9084470636889992,0.3414996984854261,NOS1,LumA,Suppressed
GO_Biological_Process_2023,Phosphatidylcholine Catabolic Process (GO:0034638),1/9,0.6866600765071563,0.9999961806440713,0,0,0.9084470636889992,0.3414996984854261,PLA2G4A,LumA,Suppressed
GO_Biological_Process_2023,Phosphatidylglycerol Biosynthetic Process (GO:0006655),1/9,0.6866600765071563,0.9999961806440713,0,0,0.9084470636889992,0.3414996984854261,GPAM,LumA,Suppressed
GO_Biological_Process_2023,Positive Regulation Of Cardiocyte Differentiation (GO:1905209),1/9,0.6866600765071563,0.9999961806440713,0,0,0.9084470636889992,0.3414996984854261,MYOCD,LumA,Suppressed
GO_Biological_Process_2023,Positive Regulation Of Keratinocyte Migration (GO:0051549),1/9,0.6866600765071563,0.9999961806440713,0,0,0.9084470636889992,0.3414996984854261,FGF7,LumA,Suppressed
GO_Biological_Process_2023,Positive Regulation Of Leukocyte Apoptotic Process (GO:2000108),1/9,0.6866600765071563,0.9999961806440713,0,0,0.9084470636889992,0.3414996984854261,HCAR2,LumA,Suppressed
GO_Biological_Process_2023,Positive Regulation Of Mesenchymal Cell Proliferation (GO:0002053),1/9,0.6866600765071563,0.9999961806440713,0,0,0.9084470636889992,0.3414996984854261,TGFBR2,LumA,Suppressed
GO_Biological_Process_2023,Positive Regulation Of miRNA-mediated Gene Silencing (GO:2000637),1/9,0.6866600765071563,0.9999961806440713,0,0,0.9084470636889992,0.3414996984854261,ZFP36,LumA,Suppressed
GO_Biological_Process_2023,Positive Regulation Of Monocyte Differentiation (GO:0045657),1/9,0.6866600765071563,0.9999961806440713,0,0,0.9084470636889992,0.3414996984854261,IL34,LumA,Suppressed
GO_Biological_Process_2023,Positive Regulation Of Myoblast Fusion (GO:1901741),1/9,0.6866600765071563,0.9999961806440713,0,0,0.9084470636889992,0.3414996984854261,SCGB3A1,LumA,Suppressed
GO_Biological_Process_2023,Positive Regulation Of Platelet Activation (GO:0010572),1/9,0.6866600765071563,0.9999961806440713,0,0,0.9084470636889992,0.3414996984854261,PLA2G4A,LumA,Suppressed
GO_Biological_Process_2023,Positive Regulation Of Receptor Recycling (GO:0001921),1/9,0.6866600765071563,0.9999961806440713,0,0,0.9084470636889992,0.3414996984854261,SNCA,LumA,Suppressed
GO_Biological_Process_2023,Positive Regulation Of Tissue Remodeling (GO:0034105),1/9,0.6866600765071563,0.9999961806440713,0,0,0.9084470636889992,0.3414996984854261,NRG1,LumA,Suppressed
GO_Biological_Process_2023,Postsynapse Assembly (GO:0099068),1/9,0.6866600765071563,0.9999961806440713,0,0,0.9084470636889992,0.3414996984854261,NLGN1,LumA,Suppressed
GO_Biological_Process_2023,Presynaptic Membrane Organization (GO:0097090),1/9,0.6866600765071563,0.9999961806440713,0,0,0.9084470636889992,0.3414996984854261,NLGN1,LumA,Suppressed
GO_Biological_Process_2023,Protein Localization To Microtubule (GO:0035372),1/9,0.6866600765071563,0.9999961806440713,0,0,0.9084470636889992,0.3414996984854261,MID1,LumA,Suppressed
GO_Biological_Process_2023,Protein Localization To Microtubule Cytoskeleton (GO:0072698),1/9,0.6866600765071563,0.9999961806440713,0,0,0.9084470636889992,0.3414996984854261,MID1,LumA,Suppressed
GO_Biological_Process_2023,Quinone Metabolic Process (GO:1901661),1/9,0.6866600765071563,0.9999961806440713,0,0,0.9084470636889992,0.3414996984854261,AIFM2,LumA,Suppressed
GO_Biological_Process_2023,Receptor Guanylyl Cyclase Signaling Pathway (GO:0007168),1/9,0.6866600765071563,0.9999961806440713,0,0,0.9084470636889992,0.3414996984854261,NPR1,LumA,Suppressed
GO_Biological_Process_2023,"Regulation Of CD4-positive, Alpha-Beta T Cell Proliferation (GO:2000561)",1/9,0.6866600765071563,0.9999961806440713,0,0,0.9084470636889992,0.3414996984854261,TGFBR2,LumA,Suppressed
GO_Biological_Process_2023,Regulation Of Actin Filament-Based Movement (GO:1903115),1/9,0.6866600765071563,0.9999961806440713,0,0,0.9084470636889992,0.3414996984854261,SCN5A,LumA,Suppressed
GO_Biological_Process_2023,Regulation Of Cell-Cell Adhesion Involved In Gastrulation (GO:0070587),1/9,0.6866600765071563,0.9999961806440713,0,0,0.9084470636889992,0.3414996984854261,KLF4,LumA,Suppressed
GO_Biological_Process_2023,Regulation Of Complement Activation (GO:0030449),1/9,0.6866600765071563,0.9999961806440713,0,0,0.9084470636889992,0.3414996984854261,CR1,LumA,Suppressed
GO_Biological_Process_2023,Regulation Of Complement-Dependent Cytotoxicity (GO:1903659),1/9,0.6866600765071563,0.9999961806440713,0,0,0.9084470636889992,0.3414996984854261,CR1,LumA,Suppressed
GO_Biological_Process_2023,Regulation Of Dendritic Cell Apoptotic Process (GO:2000668),1/9,0.6866600765071563,0.9999961806440713,0,0,0.9084470636889992,0.3414996984854261,CCL21,LumA,Suppressed
GO_Biological_Process_2023,Regulation Of Granulocyte Differentiation (GO:0030852),1/9,0.6866600765071563,0.9999961806440713,0,0,0.9084470636889992,0.3414996984854261,TESC,LumA,Suppressed
GO_Biological_Process_2023,Regulation Of Hair Cycle (GO:0042634),1/9,0.6866600765071563,0.9999961806440713,0,0,0.9084470636889992,0.3414996984854261,PER1,LumA,Suppressed
GO_Biological_Process_2023,Regulation Of Inflammatory Response To Wounding (GO:0106014),1/9,0.6866600765071563,0.9999961806440713,0,0,0.9084470636889992,0.3414996984854261,IL33,LumA,Suppressed
GO_Biological_Process_2023,Regulation Of Long-Term Synaptic Depression (GO:1900452),1/9,0.6866600765071563,0.9999961806440713,0,0,0.9084470636889992,0.3414996984854261,KCNB1,LumA,Suppressed
GO_Biological_Process_2023,Regulation Of Mast Cell Activation (GO:0033003),1/9,0.6866600765071563,0.9999961806440713,0,0,0.9084470636889992,0.3414996984854261,TSLP,LumA,Suppressed
GO_Biological_Process_2023,Regulation Of Mast Cell Activation Involved In Immune Response (GO:0033006),1/9,0.6866600765071563,0.9999961806440713,0,0,0.9084470636889992,0.3414996984854261,ENPP3,LumA,Suppressed
GO_Biological_Process_2023,Regulation Of Memory T Cell Differentiation (GO:0043380),1/9,0.6866600765071563,0.9999961806440713,0,0,0.9084470636889992,0.3414996984854261,PCK1,LumA,Suppressed
GO_Biological_Process_2023,Regulation Of Myeloid Leukocyte Mediated Immunity (GO:0002886),1/9,0.6866600765071563,0.9999961806440713,0,0,0.9084470636889992,0.3414996984854261,DNASE1L3,LumA,Suppressed
GO_Biological_Process_2023,Regulation Of Natural Killer Cell Proliferation (GO:0032817),1/9,0.6866600765071563,0.9999961806440713,0,0,0.9084470636889992,0.3414996984854261,LEP,LumA,Suppressed
GO_Biological_Process_2023,Regulation Of Postsynaptic Neurotransmitter Receptor Activity (GO:0098962),1/9,0.6866600765071563,0.9999961806440713,0,0,0.9084470636889992,0.3414996984854261,DLGAP2,LumA,Suppressed
GO_Biological_Process_2023,Regulation Of Sequestering Of Calcium Ion (GO:0051282),1/9,0.6866600765071563,0.9999961806440713,0,0,0.9084470636889992,0.3414996984854261,TRDN,LumA,Suppressed
GO_Biological_Process_2023,Regulation Of Tau-Protein Kinase Activity (GO:1902947),1/9,0.6866600765071563,0.9999961806440713,0,0,0.9084470636889992,0.3414996984854261,EGR1,LumA,Suppressed
GO_Biological_Process_2023,Response To Histamine (GO:0034776),1/9,0.6866600765071563,0.9999961806440713,0,0,0.9084470636889992,0.3414996984854261,DRD2,LumA,Suppressed
GO_Biological_Process_2023,Response To Laminar Fluid Shear Stress (GO:0034616),1/9,0.6866600765071563,0.9999961806440713,0,0,0.9084470636889992,0.3414996984854261,KLF4,LumA,Suppressed
GO_Biological_Process_2023,Tetrapyrrole Metabolic Process (GO:0033013),1/9,0.6866600765071563,0.9999961806440713,0,0,0.9084470636889992,0.3414996984854261,CUBN,LumA,Suppressed
GO_Biological_Process_2023,Regulation Of Interleukin-2 Production (GO:0032663),5/47,0.6869191529733494,0.9999961806440713,0,0,0.8649445693770466,0.3248201374858289,PRNP;ZFP36;CR1;CD34;SPTBN1,LumA,Suppressed
GO_Biological_Process_2023,Positive Regulation Of Signal Transduction (GO:0009967),30/266,0.6873254935035366,0.9999961806440713,0,0,0.9229271165156686,0.3460490390104655,KANK1;NLGN1;TNXB;LAMA1;CHRNA7;KLK5;SLC2A4;FGF1;KLK6;RELN;ADAMTS3;RSPO3;RSPO1;TP63;CCBE1;PTGIS;TSLP;VWF;CAV2;LMO3;ADIPOQ;IGF1;SORBS1;GRIN2B;BMP6;SFRP1;BMP2;IL6;LGR6;LIMS2,LumA,Suppressed
GO_Biological_Process_2023,N-glycan Processing (GO:0006491),2/19,0.6880482191964368,0.9999961806440713,0,0,0.8549246757039597,0.3196532221512657,ST8SIA1;ST8SIA2,LumA,Suppressed
GO_Biological_Process_2023,Atrioventricular Valve Morphogenesis (GO:0003181),2/19,0.6880482191964368,0.9999961806440713,0,0,0.8549246757039597,0.3196532221512657,BMP2;TGFBR2,LumA,Suppressed
GO_Biological_Process_2023,Bicarbonate Transport (GO:0015701),2/19,0.6880482191964368,0.9999961806440713,0,0,0.8549246757039597,0.3196532221512657,SLC26A7;SLC4A1,LumA,Suppressed
GO_Biological_Process_2023,Cardiac Epithelial To Mesenchymal Transition (GO:0060317),2/19,0.6880482191964368,0.9999961806440713,0,0,0.8549246757039597,0.3196532221512657,TGFBR3;BMP2,LumA,Suppressed
GO_Biological_Process_2023,Cardiac Ventricle Development (GO:0003231),2/19,0.6880482191964368,0.9999961806440713,0,0,0.8549246757039597,0.3196532221512657,PDE2A;SCN5A,LumA,Suppressed
GO_Biological_Process_2023,Chondroitin Sulfate Proteoglycan Biosynthetic Process (GO:0050650),2/19,0.6880482191964368,0.9999961806440713,0,0,0.8549246757039597,0.3196532221512657,CHST9;CHST3,LumA,Suppressed
GO_Biological_Process_2023,Cyclic Nucleotide Biosynthetic Process (GO:0009190),2/19,0.6880482191964368,0.9999961806440713,0,0,0.8549246757039597,0.3196532221512657,NPR1;ADCY8,LumA,Suppressed
GO_Biological_Process_2023,Dopaminergic Neuron Differentiation (GO:0071542),2/19,0.6880482191964368,0.9999961806440713,0,0,0.8549246757039597,0.3196532221512657,LMX1A;PHOX2A,LumA,Suppressed
GO_Biological_Process_2023,Ganglioside Metabolic Process (GO:0001573),2/19,0.6880482191964368,0.9999961806440713,0,0,0.8549246757039597,0.3196532221512657,ST8SIA2;ST6GALNAC3,LumA,Suppressed
GO_Biological_Process_2023,Linoleic Acid Metabolic Process (GO:0043651),2/19,0.6880482191964368,0.9999961806440713,0,0,0.8549246757039597,0.3196532221512657,ELOVL3;GSTA1,LumA,Suppressed
GO_Biological_Process_2023,Multicellular Organismal-Level Water Homeostasis (GO:0050891),2/19,0.6880482191964368,0.9999961806440713,0,0,0.8549246757039597,0.3196532221512657,AQP4;AQP1,LumA,Suppressed
GO_Biological_Process_2023,Negative Regulation Of Axon Extension Involved In Axon Guidance (GO:0048843),2/19,0.6880482191964368,0.9999961806440713,0,0,0.8549246757039597,0.3196532221512657,SEMA3D;SEMA3G,LumA,Suppressed
GO_Biological_Process_2023,Negative Regulation Of Calcium Ion Transmembrane Transport (GO:1903170),2/19,0.6880482191964368,0.9999961806440713,0,0,0.8549246757039597,0.3196532221512657,ATP1A2;NOS1,LumA,Suppressed
GO_Biological_Process_2023,Negative Regulation Of Cyclin-Dependent Protein Serine/Threonine Kinase Activity (GO:0045736),2/19,0.6880482191964368,0.9999961806440713,0,0,0.8549246757039597,0.3196532221512657,CEBPA;MYOCD,LumA,Suppressed
GO_Biological_Process_2023,Negative Regulation Of Peptidyl-Serine Phosphorylation (GO:0033137),2/19,0.6880482191964368,0.9999961806440713,0,0,0.8549246757039597,0.3196532221512657,MLXIPL;DMD,LumA,Suppressed
GO_Biological_Process_2023,Neuron Apoptotic Process (GO:0051402),2/19,0.6880482191964368,0.9999961806440713,0,0,0.8549246757039597,0.3196532221512657,NGFR;SCN2A,LumA,Suppressed
GO_Biological_Process_2023,Phosphate Ion Transport (GO:0006817),2/19,0.6880482191964368,0.9999961806440713,0,0,0.8549246757039597,0.3196532221512657,SLC34A2;SLC17A7,LumA,Suppressed
GO_Biological_Process_2023,Regulation Of Behavior (GO:0050795),2/19,0.6880482191964368,0.9999961806440713,0,0,0.8549246757039597,0.3196532221512657,RELN;LEPR,LumA,Suppressed
GO_Biological_Process_2023,Regulation Of Fibroblast Growth Factor Receptor Signaling Pathway (GO:0040036),2/19,0.6880482191964368,0.9999961806440713,0,0,0.8549246757039597,0.3196532221512657,SPRY2;FGF2,LumA,Suppressed
GO_Biological_Process_2023,Regulation Of Integrin-Mediated Signaling Pathway (GO:2001044),2/19,0.6880482191964368,0.9999961806440713,0,0,0.8549246757039597,0.3196532221512657,LAMA1;LIMS2,LumA,Suppressed
GO_Biological_Process_2023,Regulation Of Nuclear Division (GO:0051783),2/19,0.6880482191964368,0.9999961806440713,0,0,0.8549246757039597,0.3196532221512657,CAV2;CCDC8,LumA,Suppressed
GO_Biological_Process_2023,Vesicle Docking (GO:0048278),2/19,0.6880482191964368,0.9999961806440713,0,0,0.8549246757039597,0.3196532221512657,STX19;STX11,LumA,Suppressed
GO_Biological_Process_2023,Positive Regulation Of Protein Tyrosine Kinase Activity (GO:0061098),4/38,0.6907220918191117,0.9999961806440713,0,0,0.8548045305078553,0.3162928223281468,PRNP;GPRC5B;RELN;IL34,LumA,Suppressed
GO_Biological_Process_2023,Response To Peptide (GO:1901652),4/38,0.6907220918191117,0.9999961806440713,0,0,0.8548045305078553,0.3162928223281468,PRNP;ANXA1;CHRNA7;GNAI1,LumA,Suppressed
GO_Biological_Process_2023,Response To Transforming Growth Factor Beta (GO:0071559),4/38,0.6907220918191117,0.9999961806440713,0,0,0.8548045305078553,0.3162928223281468,CLEC3B;SFRP1;PDE2A;SOX6,LumA,Suppressed
GO_Biological_Process_2023,Cellular Response To Tumor Necrosis Factor (GO:0071356),13/119,0.6941862687109005,0.9999961806440713,0,0,0.8907565990683668,0.3251394806098386,CCL14;CCL13;CCL24;CCL23;PID1;CCL21;CX3CL1;CRHBP;ZFP36;SFRP1;HYAL1;CCL18;CCL16,LumA,Suppressed
GO_Biological_Process_2023,Integrated Stress Response Signaling (GO:0140467),3/29,0.6986237596593735,0.9999961806440713,0,0,0.8384010443199185,0.300686612748089,FOSL1;CEBPA;FOS,LumA,Suppressed
GO_Biological_Process_2023,Modified Amino Acid Transport (GO:0072337),3/29,0.6986237596593735,0.9999961806440713,0,0,0.8384010443199185,0.300686612748089,FOLR2;FOLR1;SLC7A3,LumA,Suppressed
GO_Biological_Process_2023,Morphogenesis Of An Epithelium (GO:0002009),3/29,0.6986237596593735,0.9999961806440713,0,0,0.8384010443199185,0.300686612748089,KRT16;SOX8;SOX10,LumA,Suppressed
GO_Biological_Process_2023,Negative Regulation Of Plasma Membrane Bounded Cell Projection Assembly (GO:0120033),3/29,0.6986237596593735,0.9999961806440713,0,0,0.8384010443199185,0.300686612748089,KANK1;CCL21;NRG1,LumA,Suppressed
GO_Biological_Process_2023,Positive Regulation Of Microtubule Polymerization (GO:0031116),3/29,0.6986237596593735,0.9999961806440713,0,0,0.8384010443199185,0.300686612748089,CAV3;ANKRD53;MET,LumA,Suppressed
GO_Biological_Process_2023,Regulation Of Developmental Growth (GO:0048638),3/29,0.6986237596593735,0.9999961806440713,0,0,0.8384010443199185,0.300686612748089,GHR;SPAAR;LEP,LumA,Suppressed
GO_Biological_Process_2023,Regulation Of Monoatomic Ion Transmembrane Transport (GO:0034765),3/29,0.6986237596593735,0.9999961806440713,0,0,0.8384010443199185,0.300686612748089,KCNJ16;GRIN2B;KCNJ2,LumA,Suppressed
GO_Biological_Process_2023,Regulation Of Voltage-Gated Calcium Channel Activity (GO:1901385),3/29,0.6986237596593735,0.9999961806440713,0,0,0.8384010443199185,0.300686612748089,STAC;STAC2;DMD,LumA,Suppressed
GO_Biological_Process_2023,Positive Regulation Of Neurogenesis (GO:0050769),8/75,0.7003053989717599,0.9999961806440713,0,0,0.8673678476138593,0.3089900420201826,CHODL;NTRK2;MME;DCT;SOX8;DRD2;CX3CL1;PLXNA4,LumA,Suppressed
GO_Biological_Process_2023,Response To Reactive Oxygen Species (GO:0000302),7/66,0.700661311416856,0.9999961806440713,0,0,0.8618911094246283,0.3066010926179361,HYAL1;CAT;HBB;APOD;FOS;HBA1;EGFR,LumA,Suppressed
GO_Biological_Process_2023,Positive Regulation Of Reactive Oxygen Species Metabolic Process (GO:2000379),5/48,0.7050039932014524,0.9999961806440713,0,0,0.8447814107627984,0.2952948729355032,PID1;AKR1C1;AKR1C3;CD36;TGFBR2,LumA,Suppressed
GO_Biological_Process_2023,Carboxylic Acid Transmembrane Transport (GO:1905039),4/39,0.7105533359320524,0.9999961806440713,0,0,0.8303342206447797,0.2837345578196135,SLC13A2;SLC6A14;SLC16A7;SLC7A10,LumA,Suppressed
GO_Biological_Process_2023,Digestive Tract Development (GO:0048565),4/39,0.7105533359320524,0.9999961806440713,0,0,0.8303342206447797,0.2837345578196135,PKDCC;CLMP;EDNRB;KIT,LumA,Suppressed
GO_Biological_Process_2023,Negative Regulation Of Protein Secretion (GO:0050709),4/39,0.7105533359320524,0.9999961806440713,0,0,0.8303342206447797,0.2837345578196135,SFRP1;KCNB1;FAM3D;DRD2,LumA,Suppressed
GO_Biological_Process_2023,Neuron Projection Extension (GO:1990138),4/39,0.7105533359320524,0.9999961806440713,0,0,0.8303342206447797,0.2837345578196135,NRN1;SEMA3A;SLC39A12;S100B,LumA,Suppressed
GO_Biological_Process_2023,Release Of Sequestered Calcium Ion Into Cytosol (GO:0051209),4/39,0.7105533359320524,0.9999961806440713,0,0,0.8303342206447797,0.2837345578196135,CCL21;HTR2A;DRD2;FGF2,LumA,Suppressed
GO_Biological_Process_2023,T Cell Mediated Immunity (GO:0002456),2/20,0.7153616215150583,0.9999961806440713,0,0,0.807382889716361,0.2704467049860082,CR1;C4BPA,LumA,Suppressed
GO_Biological_Process_2023,Anterior/Posterior Axis Specification (GO:0009948),2/20,0.7153616215150583,0.9999961806440713,0,0,0.807382889716361,0.2704467049860082,TBXT;CER1,LumA,Suppressed
GO_Biological_Process_2023,Cell Projection Organization (GO:0030030),2/20,0.7153616215150583,0.9999961806440713,0,0,0.807382889716361,0.2704467049860082,P2RY12;GSN,LumA,Suppressed
GO_Biological_Process_2023,Cellular Response To pH (GO:0071467),2/20,0.7153616215150583,0.9999961806440713,0,0,0.807382889716361,0.2704467049860082,HYAL1;GPLD1,LumA,Suppressed
GO_Biological_Process_2023,Leukotriene Metabolic Process (GO:0006691),2/20,0.7153616215150583,0.9999961806440713,0,0,0.807382889716361,0.2704467049860082,CPA1;PLA2G4A,LumA,Suppressed
GO_Biological_Process_2023,Limb Morphogenesis (GO:0035108),2/20,0.7153616215150583,0.9999961806440713,0,0,0.807382889716361,0.2704467049860082,CYP26B1;PTCH1,LumA,Suppressed
GO_Biological_Process_2023,Mesoderm Formation (GO:0001707),2/20,0.7153616215150583,0.9999961806440713,0,0,0.807382889716361,0.2704467049860082,CRB2;TBXT,LumA,Suppressed
GO_Biological_Process_2023,Microglial Cell Activation (GO:0001774),2/20,0.7153616215150583,0.9999961806440713,0,0,0.807382889716361,0.2704467049860082,CX3CL1;SNCA,LumA,Suppressed
GO_Biological_Process_2023,Monocarboxylic Acid Catabolic Process (GO:0072329),2/20,0.7153616215150583,0.9999961806440713,0,0,0.807382889716361,0.2704467049860082,CYP26B1;LPIN1,LumA,Suppressed
GO_Biological_Process_2023,Negative Regulation Of Phosphate Metabolic Process (GO:0045936),2/20,0.7153616215150583,0.9999961806440713,0,0,0.807382889716361,0.2704467049860082,CDKN1C;CDKN2C,LumA,Suppressed
GO_Biological_Process_2023,Negative Regulation Of Protein Localization To Cell Periphery (GO:1904376),2/20,0.7153616215150583,0.9999961806440713,0,0,0.807382889716361,0.2704467049860082,PID1;MRAP2,LumA,Suppressed
GO_Biological_Process_2023,Negative Regulation Of Reproductive Process (GO:2000242),2/20,0.7153616215150583,0.9999961806440713,0,0,0.807382889716361,0.2704467049860082,IGF1;NODAL,LumA,Suppressed
GO_Biological_Process_2023,Nuclear-Transcribed mRNA poly(A) Tail Shortening (GO:0000289),2/20,0.7153616215150583,0.9999961806440713,0,0,0.807382889716361,0.2704467049860082,ZFP36;SAMD4A,LumA,Suppressed
GO_Biological_Process_2023,Phosphatidylglycerol Metabolic Process (GO:0046471),2/20,0.7153616215150583,0.9999961806440713,0,0,0.807382889716361,0.2704467049860082,GPAM;PLA2G4A,LumA,Suppressed
GO_Biological_Process_2023,Positive Regulation Of Lipid Catabolic Process (GO:0050996),2/20,0.7153616215150583,0.9999961806440713,0,0,0.807382889716361,0.2704467049860082,ABCD2;PPARA,LumA,Suppressed
GO_Biological_Process_2023,Positive Regulation Of Phospholipase Activity (GO:0010518),2/20,0.7153616215150583,0.9999961806440713,0,0,0.807382889716361,0.2704467049860082,KIT;FGF2,LumA,Suppressed
GO_Biological_Process_2023,Regulation Of Cardiac Muscle Cell Proliferation (GO:0060043),2/20,0.7153616215150583,0.9999961806440713,0,0,0.807382889716361,0.2704467049860082,TGFBR3;FGF2,LumA,Suppressed
GO_Biological_Process_2023,Regulation Of Toll-Like Receptor Signaling Pathway (GO:0034121),2/20,0.7153616215150583,0.9999961806440713,0,0,0.807382889716361,0.2704467049860082,TYRO3;CD36,LumA,Suppressed
GO_Biological_Process_2023,Response To ATP (GO:0033198),2/20,0.7153616215150583,0.9999961806440713,0,0,0.807382889716361,0.2704467049860082,P2RY12;RYR3,LumA,Suppressed
GO_Biological_Process_2023,Negative Regulation Of Cellular Catabolic Process (GO:0031330),7/67,0.7157252882591214,0.9999961806440713,0,0,0.8474778883360973,0.2834464894755516,LEP;RRAGD;LEPR;KIF25;MET;TIMP4;GPLD1,LumA,Suppressed
GO_Biological_Process_2023,Peptidyl-Tyrosine Phosphorylation (GO:0018108),7/67,0.7157252882591214,0.9999961806440713,0,0,0.8474778883360973,0.2834464894755516,ALK;EFEMP1;PKDCC;RELN;LEP;EGFR;DDR2,LumA,Suppressed
GO_Biological_Process_2023,Eye Development (GO:0001654),6/58,0.7181382445876717,0.9999961806440713,0,0,0.8382001338901464,0.277522353890723,FOXC1;EFEMP1;MAB21L1;CPAMD8;CHRDL1;MEIS2,LumA,Suppressed
GO_Biological_Process_2023,Renal System Development (GO:0072001),6/58,0.7181382445876717,0.9999961806440713,0,0,0.8382001338901464,0.277522353890723,MYOCD;FOXC1;SOX17;MME;TCF21;PROX1,LumA,Suppressed
GO_Biological_Process_2023,Response To Organic Cyclic Compound (GO:0014070),6/58,0.7181382445876717,0.9999961806440713,0,0,0.8382001338901464,0.277522353890723,SFRP1;ANXA1;CYP1A1;ALPL;CSN1S1;DRD2,LumA,Suppressed
GO_Biological_Process_2023,Embryonic Skeletal System Morphogenesis (GO:0048704),3/30,0.7207519651216905,0.9999961806440713,0,0,0.8073031640912436,0.2643596684680044,HOXA3;HOXA4;TGFBR2,LumA,Suppressed
GO_Biological_Process_2023,Negative Regulation Of Axon Extension (GO:0030517),3/30,0.7207519651216905,0.9999961806440713,0,0,0.8073031640912436,0.2643596684680044,SEMA3D;SEMA3A;SEMA3G,LumA,Suppressed
GO_Biological_Process_2023,Negative Regulation Of Blood Coagulation (GO:0030195),3/30,0.7207519651216905,0.9999961806440713,0,0,0.8073031640912436,0.2643596684680044,EDN1;C1QTNF1;TFPI,LumA,Suppressed
GO_Biological_Process_2023,Negative Regulation Of Calcium Ion Transmembrane Transporter Activity (GO:1901020),3/30,0.7207519651216905,0.9999961806440713,0,0,0.8073031640912436,0.2643596684680044,CASQ2;ATP1A2;TRDN,LumA,Suppressed
GO_Biological_Process_2023,Negative Regulation Of Epithelial To Mesenchymal Transition (GO:0010719),3/30,0.7207519651216905,0.9999961806440713,0,0,0.8073031640912436,0.2643596684680044,SFRP1;SPRY2;BMP5,LumA,Suppressed
GO_Biological_Process_2023,Negative Regulation Of Peptidyl-Tyrosine Phosphorylation (GO:0050732),3/30,0.7207519651216905,0.9999961806440713,0,0,0.8073031640912436,0.2643596684680044,SOCS3;SFRP1;CAV1,LumA,Suppressed
GO_Biological_Process_2023,Positive Regulation Of Locomotion (GO:0040017),3/30,0.7207519651216905,0.9999961806440713,0,0,0.8073031640912436,0.2643596684680044,P2RY12;CAVIN1;CCL21,LumA,Suppressed
GO_Biological_Process_2023,Positive Regulation Of Phosphate Metabolic Process (GO:0045937),3/30,0.7207519651216905,0.9999961806440713,0,0,0.8073031640912436,0.2643596684680044,PTH1R;EGFR;SNCA,LumA,Suppressed
GO_Biological_Process_2023,Response To Epidermal Growth Factor (GO:0070849),3/30,0.7207519651216905,0.9999961806440713,0,0,0.8073031640912436,0.2643596684680044,FOXC1;ZFP36;EGFR,LumA,Suppressed
GO_Biological_Process_2023,Unsaturated Fatty Acid Metabolic Process (GO:0033559),5/49,0.7223458992314221,0.9999961806440713,0,0,0.8255347593582888,0.2685061463616848,SCD;ELOVL3;GSTA1;PLA2G4A;MGLL,LumA,Suppressed
GO_Biological_Process_2023,CRD-mediated mRNA Stabilization (GO:0070934),1/10,0.7245754468383275,0.9999961806440713,0,0,0.8074625493980333,0.2601397139355307,IGF2BP2,LumA,Suppressed
GO_Biological_Process_2023,L-serine Metabolic Process (GO:0006563),1/10,0.7245754468383275,0.9999961806440713,0,0,0.8074625493980333,0.2601397139355307,PSAT1,LumA,Suppressed
GO_Biological_Process_2023,Acidic Amino Acid Transport (GO:0015800),1/10,0.7245754468383275,0.9999961806440713,0,0,0.8074625493980333,0.2601397139355307,SLC1A3,LumA,Suppressed
GO_Biological_Process_2023,Alpha-Amino Acid Biosynthetic Process (GO:1901607),1/10,0.7245754468383275,0.9999961806440713,0,0,0.8074625493980333,0.2601397139355307,OTC,LumA,Suppressed
GO_Biological_Process_2023,Aromatic Amino Acid Family Catabolic Process (GO:0009074),1/10,0.7245754468383275,0.9999961806440713,0,0,0.8074625493980333,0.2601397139355307,HPD,LumA,Suppressed
GO_Biological_Process_2023,Branched-Chain Amino Acid Transport (GO:0015803),1/10,0.7245754468383275,0.9999961806440713,0,0,0.8074625493980333,0.2601397139355307,SLC6A15,LumA,Suppressed
GO_Biological_Process_2023,Cellular Response To UV-A (GO:0071492),1/10,0.7245754468383275,0.9999961806440713,0,0,0.8074625493980333,0.2601397139355307,MME,LumA,Suppressed
GO_Biological_Process_2023,Cellular Response To Increased Oxygen Levels (GO:0036295),1/10,0.7245754468383275,0.9999961806440713,0,0,0.8074625493980333,0.2601397139355307,CAV1,LumA,Suppressed
GO_Biological_Process_2023,Cellular Response To Leucine (GO:0071233),1/10,0.7245754468383275,0.9999961806440713,0,0,0.8074625493980333,0.2601397139355307,RRAGD,LumA,Suppressed
GO_Biological_Process_2023,Diol Metabolic Process (GO:0034311),1/10,0.7245754468383275,0.9999961806440713,0,0,0.8074625493980333,0.2601397139355307,PLPP3,LumA,Suppressed
GO_Biological_Process_2023,Embryonic Appendage Morphogenesis (GO:0035113),1/10,0.7245754468383275,0.9999961806440713,0,0,0.8074625493980333,0.2601397139355307,PTCH1,LumA,Suppressed
GO_Biological_Process_2023,Engulfment Of Apoptotic Cell (GO:0043652),1/10,0.7245754468383275,0.9999961806440713,0,0,0.8074625493980333,0.2601397139355307,XKR4,LumA,Suppressed
GO_Biological_Process_2023,Fatty Acid Beta-Oxidation Using acyl-CoA Dehydrogenase (GO:0033539),1/10,0.7245754468383275,0.9999961806440713,0,0,0.8074625493980333,0.2601397139355307,ACADL,LumA,Suppressed
GO_Biological_Process_2023,Induction Of Positive Chemotaxis (GO:0050930),1/10,0.7245754468383275,0.9999961806440713,0,0,0.8074625493980333,0.2601397139355307,VEGFD,LumA,Suppressed
GO_Biological_Process_2023,Maintenance Of Synapse Structure (GO:0099558),1/10,0.7245754468383275,0.9999961806440713,0,0,0.8074625493980333,0.2601397139355307,NLGN1,LumA,Suppressed
GO_Biological_Process_2023,Megakaryocyte Development (GO:0035855),1/10,0.7245754468383275,0.9999961806440713,0,0,0.8074625493980333,0.2601397139355307,KIT,LumA,Suppressed
GO_Biological_Process_2023,Meiotic Sister Chromatid Cohesion (GO:0051177),1/10,0.7245754468383275,0.9999961806440713,0,0,0.8074625493980333,0.2601397139355307,HORMAD2,LumA,Suppressed
GO_Biological_Process_2023,Metanephric Mesenchyme Development (GO:0072075),1/10,0.7245754468383275,0.9999961806440713,0,0,0.8074625493980333,0.2601397139355307,TCF21,LumA,Suppressed
GO_Biological_Process_2023,Midbrain Dopaminergic Neuron Differentiation (GO:1904948),1/10,0.7245754468383275,0.9999961806440713,0,0,0.8074625493980333,0.2601397139355307,LMX1A,LumA,Suppressed
GO_Biological_Process_2023,Negative Regulation Of Activated T Cell Proliferation (GO:0046007),1/10,0.7245754468383275,0.9999961806440713,0,0,0.8074625493980333,0.2601397139355307,PRNP,LumA,Suppressed
GO_Biological_Process_2023,Negative Regulation Of Dephosphorylation (GO:0035305),1/10,0.7245754468383275,0.9999961806440713,0,0,0.8074625493980333,0.2601397139355307,PPP1R16B,LumA,Suppressed
GO_Biological_Process_2023,Negative Regulation Of Glycolytic Process (GO:0045820),1/10,0.7245754468383275,0.9999961806440713,0,0,0.8074625493980333,0.2601397139355307,PPARA,LumA,Suppressed
GO_Biological_Process_2023,Negative Regulation Of Homotypic Cell-Cell Adhesion (GO:0034111),1/10,0.7245754468383275,0.9999961806440713,0,0,0.8074625493980333,0.2601397139355307,C1QTNF1,LumA,Suppressed
GO_Biological_Process_2023,Negative Regulation Of Hydrogen Peroxide-Induced Cell Death (GO:1903206),1/10,0.7245754468383275,0.9999961806440713,0,0,0.8074625493980333,0.2601397139355307,MET,LumA,Suppressed
GO_Biological_Process_2023,Negative Regulation Of Interleukin-17 Production (GO:0032700),1/10,0.7245754468383275,0.9999961806440713,0,0,0.8074625493980333,0.2601397139355307,PRNP,LumA,Suppressed
GO_Biological_Process_2023,Negative Regulation Of Mitochondrial Outer Membrane Permeabilization Involved In Apoptotic Signaling Pathway (GO:1901029),1/10,0.7245754468383275,0.9999961806440713,0,0,0.8074625493980333,0.2601397139355307,FZD9,LumA,Suppressed
GO_Biological_Process_2023,Negative Regulation Of Oxidoreductase Activity (GO:0051354),1/10,0.7245754468383275,0.9999961806440713,0,0,0.8074625493980333,0.2601397139355307,SNCA,LumA,Suppressed
GO_Biological_Process_2023,Negative Regulation Of Pathway-Restricted SMAD Protein Phosphorylation (GO:0060394),1/10,0.7245754468383275,0.9999961806440713,0,0,0.8074625493980333,0.2601397139355307,PPARG,LumA,Suppressed
GO_Biological_Process_2023,Negative Regulation Of Programmed Necrotic Cell Death (GO:0062099),1/10,0.7245754468383275,0.9999961806440713,0,0,0.8074625493980333,0.2601397139355307,FZD9,LumA,Suppressed
GO_Biological_Process_2023,Negative Regulation Of Response To Cytokine Stimulus (GO:0060761),1/10,0.7245754468383275,0.9999961806440713,0,0,0.8074625493980333,0.2601397139355307,KLF4,LumA,Suppressed
GO_Biological_Process_2023,Neuron Projection Fasciculation (GO:0106030),1/10,0.7245754468383275,0.9999961806440713,0,0,0.8074625493980333,0.2601397139355307,CRTAC1,LumA,Suppressed
GO_Biological_Process_2023,Omega-Hydroxylase P450 Pathway (GO:0097267),1/10,0.7245754468383275,0.9999961806440713,0,0,0.8074625493980333,0.2601397139355307,CYP1A2,LumA,Suppressed
GO_Biological_Process_2023,Peptidyl-Proline Hydroxylation (GO:0019511),1/10,0.7245754468383275,0.9999961806440713,0,0,0.8074625493980333,0.2601397139355307,P3H2,LumA,Suppressed
GO_Biological_Process_2023,Positive Regulation Of Actin Filament Depolymerization (GO:0030836),1/10,0.7245754468383275,0.9999961806440713,0,0,0.8074625493980333,0.2601397139355307,CFL2,LumA,Suppressed
GO_Biological_Process_2023,Positive Regulation Of Interleukin-13 Production (GO:0032736),1/10,0.7245754468383275,0.9999961806440713,0,0,0.8074625493980333,0.2601397139355307,TSLP,LumA,Suppressed
GO_Biological_Process_2023,Positive Regulation Of Phospholipid Transport (GO:2001140),1/10,0.7245754468383275,0.9999961806440713,0,0,0.8074625493980333,0.2601397139355307,CETP,LumA,Suppressed
GO_Biological_Process_2023,Positive Regulation Of Post-Transcriptional Gene Silencing By RNA (GO:1900370),1/10,0.7245754468383275,0.9999961806440713,0,0,0.8074625493980333,0.2601397139355307,ZFP36,LumA,Suppressed
GO_Biological_Process_2023,Prostaglandin Transport (GO:0015732),1/10,0.7245754468383275,0.9999961806440713,0,0,0.8074625493980333,0.2601397139355307,LEP,LumA,Suppressed
GO_Biological_Process_2023,Protein Oxidation (GO:0018158),1/10,0.7245754468383275,0.9999961806440713,0,0,0.8074625493980333,0.2601397139355307,LOXL4,LumA,Suppressed
GO_Biological_Process_2023,Regulation Of T-helper 2 Cell Cytokine Production (GO:2000551),1/10,0.7245754468383275,0.9999961806440713,0,0,0.8074625493980333,0.2601397139355307,IL6,LumA,Suppressed
GO_Biological_Process_2023,Regulation Of Amyloid Precursor Protein Biosynthetic Process (GO:0042984),1/10,0.7245754468383275,0.9999961806440713,0,0,0.8074625493980333,0.2601397139355307,ITM2A,LumA,Suppressed
GO_Biological_Process_2023,Regulation Of Axon Regeneration (GO:0048679),1/10,0.7245754468383275,0.9999961806440713,0,0,0.8074625493980333,0.2601397139355307,PTN,LumA,Suppressed
GO_Biological_Process_2023,Regulation Of Calcium Ion Import Across Plasma Membrane (GO:1905664),1/10,0.7245754468383275,0.9999961806440713,0,0,0.8074625493980333,0.2601397139355307,PRNP,LumA,Suppressed
GO_Biological_Process_2023,Regulation Of Coagulation (GO:0050818),1/10,0.7245754468383275,0.9999961806440713,0,0,0.8074625493980333,0.2601397139355307,NRG1,LumA,Suppressed
GO_Biological_Process_2023,Regulation Of Cysteine-Type Endopeptidase Activity Involved In Apoptotic Signaling Pathway (GO:2001267),1/10,0.7245754468383275,0.9999961806440713,0,0,0.8074625493980333,0.2601397139355307,GSN,LumA,Suppressed
GO_Biological_Process_2023,Regulation Of Lipid Transport (GO:0032368),1/10,0.7245754468383275,0.9999961806440713,0,0,0.8074625493980333,0.2601397139355307,PPARA,LumA,Suppressed
GO_Biological_Process_2023,Regulation Of Long-Term Neuronal Synaptic Plasticity (GO:0048169),1/10,0.7245754468383275,0.9999961806440713,0,0,0.8074625493980333,0.2601397139355307,DRD2,LumA,Suppressed
GO_Biological_Process_2023,Regulation Of Low-Density Lipoprotein Particle Clearance (GO:0010988),1/10,0.7245754468383275,0.9999961806440713,0,0,0.8074625493980333,0.2601397139355307,NR1H4,LumA,Suppressed
GO_Biological_Process_2023,Regulation Of Mitotic Sister Chromatid Separation (GO:0010965),1/10,0.7245754468383275,0.9999961806440713,0,0,0.8074625493980333,0.2601397139355307,USP44,LumA,Suppressed
GO_Biological_Process_2023,Regulation Of Respiratory Burst (GO:0060263),1/10,0.7245754468383275,0.9999961806440713,0,0,0.8074625493980333,0.2601397139355307,JCHAIN,LumA,Suppressed
GO_Biological_Process_2023,Regulation Of Synapse Maturation (GO:0090128),1/10,0.7245754468383275,0.9999961806440713,0,0,0.8074625493980333,0.2601397139355307,RELN,LumA,Suppressed
GO_Biological_Process_2023,Regulation Of Triglyceride Catabolic Process (GO:0010896),1/10,0.7245754468383275,0.9999961806440713,0,0,0.8074625493980333,0.2601397139355307,GPLD1,LumA,Suppressed
GO_Biological_Process_2023,Removal Of Superoxide Radicals (GO:0019430),1/10,0.7245754468383275,0.9999961806440713,0,0,0.8074625493980333,0.2601397139355307,SOD3,LumA,Suppressed
GO_Biological_Process_2023,Response To Leucine (GO:0043201),1/10,0.7245754468383275,0.9999961806440713,0,0,0.8074625493980333,0.2601397139355307,RRAGD,LumA,Suppressed
GO_Biological_Process_2023,Response To Sterol (GO:0036314),1/10,0.7245754468383275,0.9999961806440713,0,0,0.8074625493980333,0.2601397139355307,TGFBR2,LumA,Suppressed
GO_Biological_Process_2023,Serine Family Amino Acid Biosynthetic Process (GO:0009070),1/10,0.7245754468383275,0.9999961806440713,0,0,0.8074625493980333,0.2601397139355307,PSAT1,LumA,Suppressed
GO_Biological_Process_2023,Urogenital System Development (GO:0001655),1/10,0.7245754468383275,0.9999961806440713,0,0,0.8074625493980333,0.2601397139355307,ANXA1,LumA,Suppressed
GO_Biological_Process_2023,Very-Low-Density Lipoprotein Particle Assembly (GO:0034379),1/10,0.7245754468383275,0.9999961806440713,0,0,0.8074625493980333,0.2601397139355307,APOB,LumA,Suppressed
GO_Biological_Process_2023,Monoatomic Cation Homeostasis (GO:0055080),8/77,0.7282399599476593,0.9999961806440713,0,0,0.8421305730378278,0.2670603798895689,JPH2;KCNA1;CAV1;ALPL;SLC39A12;CLDN16;BMP6;SNCA,LumA,Suppressed
GO_Biological_Process_2023,Positive Regulation Of Endothelial Cell Proliferation (GO:0001938),8/77,0.7282399599476593,0.9999961806440713,0,0,0.8421305730378278,0.2670603798895689,PPP1R16B;CCL24;FGFBP1;BMP2;PSG1;VEGFD;PROX1;FGF2,LumA,Suppressed
GO_Biological_Process_2023,L-alpha-amino Acid Transmembrane Transport (GO:1902475),4/40,0.7294379385224818,0.9999961806440713,0,0,0.8072233724407637,0.2546636275834841,SLC1A3;SLC17A7;SLC6A2;SLC7A3,LumA,Suppressed
GO_Biological_Process_2023,Negative Regulation Of Cell-Cell Adhesion (GO:0022408),4/40,0.7294379385224818,0.9999961806440713,0,0,0.8072233724407637,0.2546636275834841,BMP2;KLF4;PPARA;BMP6,LumA,Suppressed
GO_Biological_Process_2023,Negative Regulation Of Mitotic Cell Cycle Phase Transition (GO:1901991),4/40,0.7294379385224818,0.9999961806440713,0,0,0.8072233724407637,0.2546636275834841,USP44;FHL1;FAM107A;KLF4,LumA,Suppressed
GO_Biological_Process_2023,Negative Regulation Of Secretion By Cell (GO:1903531),4/40,0.7294379385224818,0.9999961806440713,0,0,0.8072233724407637,0.2546636275834841,ANXA1;STXBP6;DRD2;SNCA,LumA,Suppressed
GO_Biological_Process_2023,Positive Regulation Of Cell Cycle G1/S Phase Transition (GO:1902808),4/40,0.7294379385224818,0.9999961806440713,0,0,0.8072233724407637,0.2546636275834841,ANXA1;ADAMTS1;HYAL1;EGFR,LumA,Suppressed
GO_Biological_Process_2023,Regulation Of Microtubule Polymerization (GO:0031113),4/40,0.7294379385224818,0.9999961806440713,0,0,0.8072233724407637,0.2546636275834841,CAV3;ANKRD53;MET;SNCA,LumA,Suppressed
GO_Biological_Process_2023,Cell-Cell Junction Organization (GO:0045216),7/68,0.730268850437959,0.9999961806440713,0,0,0.8335372318734198,0.2620161976234748,CLDN5;CDH12;DSG1;PKP1;TLN2;CDH8;LIMS2,LumA,Suppressed
GO_Biological_Process_2023,Neuropeptide Signaling Pathway (GO:0007218),7/68,0.730268850437959,0.9999961806440713,0,0,0.8335372318734198,0.2620161976234748,GALR1;PENK;GPR149;OPRK1;NMUR1;SSTR1;HCRTR1,LumA,Suppressed
GO_Biological_Process_2023,Chordate Embryonic Development (GO:0043009),6/59,0.7336207403769883,0.9999961806440713,0,0,0.8223381213395992,0.2547299945206787,BMP2;ALDH1A2;PTCH1;SOX8;PROX1;BMP5,LumA,Suppressed
GO_Biological_Process_2023,Glucose Metabolic Process (GO:0006006),6/59,0.7336207403769883,0.9999961806440713,0,0,0.8223381213395992,0.2547299945206787,TKTL1;PFKFB1;KRT17;APOD;PCK1;PPARGC1A,LumA,Suppressed
GO_Biological_Process_2023,Regulation Of Neuron Apoptotic Process (GO:0043523),11/105,0.7383384109310103,0.9999961806440713,0,0,0.8498135647133668,0.2577935011691017,NTF4;CNTFR;EGR1;PRNP;NTRK2;PTPRZ1;KCNB1;TRIM2;TYRO3;FZD9;PPARGC1A,LumA,Suppressed
GO_Biological_Process_2023,Negative Regulation Of Cell Projection Organization (GO:0031345),5/50,0.7389444809593114,0.9999961806440713,0,0,0.8071435146828685,0.2441871357589434,KANK1;PRNP;SEMA3A;SPRY2;GRIN2B,LumA,Suppressed
GO_Biological_Process_2023,Positive Regulation Of Cell Death (GO:0010942),5/50,0.7389444809593114,0.9999961806440713,0,0,0.8071435146828685,0.2441871357589434,PRNP;HBB;HBA1;GRIN2B;SNCA,LumA,Suppressed
GO_Biological_Process_2023,Positive Regulation Of Transport (GO:0051050),5/50,0.7389444809593114,0.9999961806440713,0,0,0.8071435146828685,0.2441871357589434,ANXA1;GPC3;SGK2;GPLD1;SNCA,LumA,Suppressed
GO_Biological_Process_2023,Aminoglycan Biosynthetic Process (GO:0006023),2/21,0.7406345371864548,0.9999961806440713,0,0,0.7648455022537726,0.229643315172909,HAS1;B3GNT3,LumA,Suppressed
GO_Biological_Process_2023,Cellular Response To Nerve Growth Factor Stimulus (GO:1990090),2/21,0.7406345371864548,0.9999961806440713,0,0,0.7648455022537726,0.229643315172909,NTF4;NTRK2,LumA,Suppressed
GO_Biological_Process_2023,Focal Adhesion Assembly (GO:0048041),2/21,0.7406345371864548,0.9999961806440713,0,0,0.7648455022537726,0.229643315172909,SORBS1;FERMT2,LumA,Suppressed
GO_Biological_Process_2023,Negative Regulation Of Reactive Oxygen Species Metabolic Process (GO:2000378),2/21,0.7406345371864548,0.9999961806440713,0,0,0.7648455022537726,0.229643315172909,ABCD2;PPARA,LumA,Suppressed
GO_Biological_Process_2023,Positive Regulation Of Amyloid Precursor Protein Catabolic Process (GO:1902993),2/21,0.7406345371864548,0.9999961806440713,0,0,0.7648455022537726,0.229643315172909,CHRNA7;PSG1,LumA,Suppressed
GO_Biological_Process_2023,Positive Regulation Of Blood Coagulation (GO:0030194),2/21,0.7406345371864548,0.9999961806440713,0,0,0.7648455022537726,0.229643315172909,EMILIN2;NRG1,LumA,Suppressed
GO_Biological_Process_2023,Positive Regulation Of Dendritic Spine Development (GO:0060999),2/21,0.7406345371864548,0.9999961806440713,0,0,0.7648455022537726,0.229643315172909,NLGN1;RELN,LumA,Suppressed
GO_Biological_Process_2023,Positive Regulation Of Transcription Regulatory Region DNA Binding (GO:2000679),2/21,0.7406345371864548,0.9999961806440713,0,0,0.7648455022537726,0.229643315172909,FOXC1;IGF1,LumA,Suppressed
GO_Biological_Process_2023,Regulation Of Anoikis (GO:2000209),2/21,0.7406345371864548,0.9999961806440713,0,0,0.7648455022537726,0.229643315172909,CAV1;PDK4,LumA,Suppressed
GO_Biological_Process_2023,Regulation Of Lipopolysaccharide-Mediated Signaling Pathway (GO:0031664),2/21,0.7406345371864548,0.9999961806440713,0,0,0.7648455022537726,0.229643315172909,CD36;CX3CL1,LumA,Suppressed
GO_Biological_Process_2023,Regulation Of Steroid Metabolic Process (GO:0019218),2/21,0.7406345371864548,0.9999961806440713,0,0,0.7648455022537726,0.229643315172909,ACADL;NR1H4,LumA,Suppressed
GO_Biological_Process_2023,Actin Filament Polymerization (GO:0030041),3/31,0.7415924295971018,0.9999961806440713,0,0,0.7784265610217597,0.232714880734342,GSN;FAM107A;WASF3,LumA,Suppressed
GO_Biological_Process_2023,Endodermal Cell Differentiation (GO:0035987),3/31,0.7415924295971018,0.9999961806440713,0,0,0.7784265610217597,0.232714880734342,LAMB3;ITGA7;NODAL,LumA,Suppressed
GO_Biological_Process_2023,Leukocyte Cell-Cell Adhesion (GO:0007159),3/31,0.7415924295971018,0.9999961806440713,0,0,0.7784265610217597,0.232714880734342,CLEC4M;CD209;JAM2,LumA,Suppressed
GO_Biological_Process_2023,Negative Regulation Of Developmental Growth (GO:0048640),3/31,0.7415924295971018,0.9999961806440713,0,0,0.7784265610217597,0.232714880734342,PTCH1;SEMA3G;OSTN,LumA,Suppressed
GO_Biological_Process_2023,Positive Regulation Of Extrinsic Apoptotic Signaling Pathway (GO:2001238),3/31,0.7415924295971018,0.9999961806440713,0,0,0.7784265610217597,0.232714880734342,SFRP1;CAV1;G0S2,LumA,Suppressed
GO_Biological_Process_2023,Regulation Of Protein Localization To Cell Surface (GO:2000008),3/31,0.7415924295971018,0.9999961806440713,0,0,0.7784265610217597,0.232714880734342,CAV3;GPM6B;TMEM35A,LumA,Suppressed
GO_Biological_Process_2023,Response To Light Stimulus (GO:0009416),6/60,0.7484898378918062,0.9999961806440713,0,0,0.8070635907353686,0.2338044271260102,TRPM1;MAPK10;DCT;RGR;DRD2;ELANE,LumA,Suppressed
GO_Biological_Process_2023,Regulation Of MAPK Cascade (GO:0043408),22/204,0.7487514900160087,0.9999961806440713,0,0,0.8774200351171565,0.2538798547648447,NTRK2;MYOC;CAV3;CAV2;CHRNA7;CAV1;IGF1;ADRB2;FGF2;CX3CL1;EGFR;ART4;TGFBR3;BMP2;IL6;ADRB3;LEP;GFRAL;KIT;IGFBP6;PAK3;EPHB1,LumA,Suppressed
GO_Biological_Process_2023,Positive Regulation Of Cell Adhesion (GO:0045785),9/88,0.7520198572042087,0.9999961806440713,0,0,0.827343873102579,0.2357868397287841,VIT;P2RY12;ECM2;CCL21;HYAL1;LAMA1;SAA1;PLPP3;NODAL,LumA,Suppressed
GO_Biological_Process_2023,Positive Regulation Of Phosphorylation (GO:0042327),25/231,0.7533413128546734,0.9999961806440713,0,0,0.8807921908330697,0.2494728348388651,ALK;CHRNA7;ITLN1;FGF1;FGF2;EGFR;RELN;FGF9;LEPR;RSPO1;NTRK2;ANGPT1;ODAM;IL34;ADIPOQ;VEGFD;MOB3B;FGF17;MARCO;BMP2;LEP;TYRO3;CLDN19;MET;DDR2,LumA,Suppressed
GO_Biological_Process_2023,Negative Regulation Of MAP Kinase Activity (GO:0043407),5/51,0.7548032963651485,0.9999961806440713,0,0,0.789551889341162,0.2220994449759841,RGS2;BMP2;CAV3;SPRY2;PPARG,LumA,Suppressed
GO_Biological_Process_2023,Positive Regulation Of Protein Localization To Plasma Membrane (GO:1903078),5/51,0.7548032963651485,0.9999961806440713,0,0,0.789551889341162,0.2220994449759841,STAC;STAC2;SORBS1;EGFR;SPTBN1,LumA,Suppressed
GO_Biological_Process_2023,Regulation Of Substrate Adhesion-Dependent Cell Spreading (GO:1900024),5/51,0.7548032963651485,0.9999961806440713,0,0,0.789551889341162,0.2220994449759841,KANK1;MYOC;OLFM4;FERMT2;LIMS2,LumA,Suppressed
GO_Biological_Process_2023,Regulation Of Synapse Assembly (GO:0051963),5/51,0.7548032963651485,0.9999961806440713,0,0,0.789551889341162,0.2220994449759841,NLGN1;LRFN5;SLITRK2;EPHB1;SNCA,LumA,Suppressed
GO_Biological_Process_2023,Cellular Response To Oxygen-Containing Compound (GO:1901701),45/406,0.7576811613999204,0.9999961806440713,0,0,0.9041859292847024,0.2509049163616422,CXCL6;KCNE1;NLGN1;PID1;SPAAR;DEFB124;AKAP6;CXCL1;ADCY8;CXCL3;CXCL2;EGFR;RYR3;CXCL5;AQP1;CRHBP;WNT6;ZFP36;GNG2;PDK4;FFAR3;SCN5A;PF4V1;P2RY12;WNT10B;SLC13A2;EGR1;FZD4;TESC;PDE2A;NR1H4;AKR1C3;GPBAR1;FOS;PPBP;SSTR1;SYT8;SFRP1;IL6;NR4A3;RRAGD;SLC26A3;FOLR1;GPLD1;PF4,LumA,Suppressed
GO_Biological_Process_2023,Regulation Of Actin Filament Polymerization (GO:0030833),7/70,0.7577873034875783,0.9999961806440713,0,0,0.8069836005159389,0.2238189472864105,TENM1;KANK1;CCL24;CSF3;CCL21;LMOD1;PAK3,LumA,Suppressed
GO_Biological_Process_2023,AMP Metabolic Process (GO:0046033),1/11,0.75790454870408,0.9999961806440713,0,0,0.7266749379652605,0.2014327133480263,AMPD1,LumA,Suppressed
GO_Biological_Process_2023,Aspartate Family Amino Acid Catabolic Process (GO:0009068),1/11,0.75790454870408,0.9999961806440713,0,0,0.7266749379652605,0.2014327133480263,ASPA,LumA,Suppressed
GO_Biological_Process_2023,Biogenic Amine Biosynthetic Process (GO:0042401),1/11,0.75790454870408,0.9999961806440713,0,0,0.7266749379652605,0.2014327133480263,MOXD2P,LumA,Suppressed
GO_Biological_Process_2023,Cell Differentiation In Hindbrain (GO:0021533),1/11,0.75790454870408,0.9999961806440713,0,0,0.7266749379652605,0.2014327133480263,PROX1,LumA,Suppressed
GO_Biological_Process_2023,Cell Part Morphogenesis (GO:0032990),1/11,0.75790454870408,0.9999961806440713,0,0,0.7266749379652605,0.2014327133480263,PID1,LumA,Suppressed
GO_Biological_Process_2023,Cellular Response To Fluid Shear Stress (GO:0071498),1/11,0.75790454870408,0.9999961806440713,0,0,0.7266749379652605,0.2014327133480263,KLF4,LumA,Suppressed
GO_Biological_Process_2023,Cellular Response To Growth Hormone Stimulus (GO:0071378),1/11,0.75790454870408,0.9999961806440713,0,0,0.7266749379652605,0.2014327133480263,GHR,LumA,Suppressed
GO_Biological_Process_2023,Cellular Response To Nitrogen Levels (GO:0043562),1/11,0.75790454870408,0.9999961806440713,0,0,0.7266749379652605,0.2014327133480263,MAP1LC3C,LumA,Suppressed
GO_Biological_Process_2023,Cellular Response To Nitrogen Starvation (GO:0006995),1/11,0.75790454870408,0.9999961806440713,0,0,0.7266749379652605,0.2014327133480263,MAP1LC3C,LumA,Suppressed
GO_Biological_Process_2023,Cellular Response To Superoxide (GO:0071451),1/11,0.75790454870408,0.9999961806440713,0,0,0.7266749379652605,0.2014327133480263,SOD3,LumA,Suppressed
GO_Biological_Process_2023,Central Nervous System Neuron Axonogenesis (GO:0021955),1/11,0.75790454870408,0.9999961806440713,0,0,0.7266749379652605,0.2014327133480263,EPHB1,LumA,Suppressed
GO_Biological_Process_2023,Endoplasmic Reticulum Membrane Organization (GO:0090158),1/11,0.75790454870408,0.9999961806440713,0,0,0.7266749379652605,0.2014327133480263,TRDN,LumA,Suppressed
GO_Biological_Process_2023,Epithelial Cell-Cell Adhesion (GO:0090136),1/11,0.75790454870408,0.9999961806440713,0,0,0.7266749379652605,0.2014327133480263,KIT,LumA,Suppressed
GO_Biological_Process_2023,Erythrocyte Development (GO:0048821),1/11,0.75790454870408,0.9999961806440713,0,0,0.7266749379652605,0.2014327133480263,ALAS2,LumA,Suppressed
GO_Biological_Process_2023,Ganglion Development (GO:0061548),1/11,0.75790454870408,0.9999961806440713,0,0,0.7266749379652605,0.2014327133480263,SEMA3A,LumA,Suppressed
GO_Biological_Process_2023,Intracellular Copper Ion Homeostasis (GO:0006878),1/11,0.75790454870408,0.9999961806440713,0,0,0.7266749379652605,0.2014327133480263,PRNP,LumA,Suppressed
GO_Biological_Process_2023,Negative Regulation Of Amyloid Fibril Formation (GO:1905907),1/11,0.75790454870408,0.9999961806440713,0,0,0.7266749379652605,0.2014327133480263,CRYAB,LumA,Suppressed
GO_Biological_Process_2023,Negative Regulation Of Cell Division (GO:0051782),1/11,0.75790454870408,0.9999961806440713,0,0,0.7266749379652605,0.2014327133480263,TXNIP,LumA,Suppressed
GO_Biological_Process_2023,Negative Regulation Of Fibrinolysis (GO:0051918),1/11,0.75790454870408,0.9999961806440713,0,0,0.7266749379652605,0.2014327133480263,NRG1,LumA,Suppressed
GO_Biological_Process_2023,Negative Regulation Of Leukocyte Apoptotic Process (GO:2000107),1/11,0.75790454870408,0.9999961806440713,0,0,0.7266749379652605,0.2014327133480263,CCL21,LumA,Suppressed
GO_Biological_Process_2023,Negative Regulation Of Leukocyte Chemotaxis (GO:0002689),1/11,0.75790454870408,0.9999961806440713,0,0,0.7266749379652605,0.2014327133480263,PADI2,LumA,Suppressed
GO_Biological_Process_2023,Negative Regulation Of Microtubule Polymerization (GO:0031115),1/11,0.75790454870408,0.9999961806440713,0,0,0.7266749379652605,0.2014327133480263,SNCA,LumA,Suppressed
GO_Biological_Process_2023,Neutrophil Activation Involved In Immune Response (GO:0002283),1/11,0.75790454870408,0.9999961806440713,0,0,0.7266749379652605,0.2014327133480263,DNASE1L3,LumA,Suppressed
GO_Biological_Process_2023,Nucleoside Phosphate Catabolic Process (GO:1901292),1/11,0.75790454870408,0.9999961806440713,0,0,0.7266749379652605,0.2014327133480263,ENPP3,LumA,Suppressed
GO_Biological_Process_2023,Nucleotide-Binding Oligomerization Domain Containing Signaling Pathway (GO:0070423),1/11,0.75790454870408,0.9999961806440713,0,0,0.7266749379652605,0.2014327133480263,MAP2K6,LumA,Suppressed
GO_Biological_Process_2023,Phosphatidylinositol-3-Phosphate Biosynthetic Process (GO:0036092),1/11,0.75790454870408,0.9999961806440713,0,0,0.7266749379652605,0.2014327133480263,PIK3C2G,LumA,Suppressed
GO_Biological_Process_2023,Positive Regulation Of Branching Involved In Ureteric Bud Morphogenesis (GO:0090190),1/11,0.75790454870408,0.9999961806440713,0,0,0.7266749379652605,0.2014327133480263,SOX8,LumA,Suppressed
GO_Biological_Process_2023,Positive Regulation Of Circadian Rhythm (GO:0042753),1/11,0.75790454870408,0.9999961806440713,0,0,0.7266749379652605,0.2014327133480263,NLGN1,LumA,Suppressed
GO_Biological_Process_2023,Positive Regulation Of Coagulation (GO:0050820),1/11,0.75790454870408,0.9999961806440713,0,0,0.7266749379652605,0.2014327133480263,EMILIN2,LumA,Suppressed
GO_Biological_Process_2023,Positive Regulation Of Hemostasis (GO:1900048),1/11,0.75790454870408,0.9999961806440713,0,0,0.7266749379652605,0.2014327133480263,EMILIN2,LumA,Suppressed
GO_Biological_Process_2023,Positive Regulation Of Keratinocyte Proliferation (GO:0010838),1/11,0.75790454870408,0.9999961806440713,0,0,0.7266749379652605,0.2014327133480263,FGF7,LumA,Suppressed
GO_Biological_Process_2023,Positive Regulation Of Pseudopodium Assembly (GO:0031274),1/11,0.75790454870408,0.9999961806440713,0,0,0.7266749379652605,0.2014327133480263,CCL21,LumA,Suppressed
GO_Biological_Process_2023,Positive Regulation Of Triglyceride Biosynthetic Process (GO:0010867),1/11,0.75790454870408,0.9999961806440713,0,0,0.7266749379652605,0.2014327133480263,GPLD1,LumA,Suppressed
GO_Biological_Process_2023,Presynapse Organization (GO:0099172),1/11,0.75790454870408,0.9999961806440713,0,0,0.7266749379652605,0.2014327133480263,NLGN1,LumA,Suppressed
GO_Biological_Process_2023,Purine Ribonucleoside Monophosphate Biosynthetic Process (GO:0009168),1/11,0.75790454870408,0.9999961806440713,0,0,0.7266749379652605,0.2014327133480263,AMPD1,LumA,Suppressed
GO_Biological_Process_2023,Purine Ribonucleoside Monophosphate Metabolic Process (GO:0009167),1/11,0.75790454870408,0.9999961806440713,0,0,0.7266749379652605,0.2014327133480263,AMPD1,LumA,Suppressed
GO_Biological_Process_2023,Pyrimidine Nucleobase Metabolic Process (GO:0006206),1/11,0.75790454870408,0.9999961806440713,0,0,0.7266749379652605,0.2014327133480263,DPYS,LumA,Suppressed
GO_Biological_Process_2023,Regulation Of Adipose Tissue Development (GO:1904177),1/11,0.75790454870408,0.9999961806440713,0,0,0.7266749379652605,0.2014327133480263,PPARG,LumA,Suppressed
GO_Biological_Process_2023,Regulation Of Endocytic Recycling (GO:2001135),1/11,0.75790454870408,0.9999961806440713,0,0,0.7266749379652605,0.2014327133480263,PLA2G4E,LumA,Suppressed
GO_Biological_Process_2023,Regulation Of Epithelial Cell Apoptotic Process (GO:1904035),1/11,0.75790454870408,0.9999961806440713,0,0,0.7266749379652605,0.2014327133480263,ZFP36,LumA,Suppressed
GO_Biological_Process_2023,Regulation Of Keratinocyte Migration (GO:0051547),1/11,0.75790454870408,0.9999961806440713,0,0,0.7266749379652605,0.2014327133480263,FGF7,LumA,Suppressed
GO_Biological_Process_2023,Regulation Of Leukocyte Cell-Cell Adhesion (GO:1903037),1/11,0.75790454870408,0.9999961806440713,0,0,0.7266749379652605,0.2014327133480263,PPARA,LumA,Suppressed
GO_Biological_Process_2023,Regulation Of Mesenchymal Cell Proliferation (GO:0010464),1/11,0.75790454870408,0.9999961806440713,0,0,0.7266749379652605,0.2014327133480263,TGFBR2,LumA,Suppressed
GO_Biological_Process_2023,Regulation Of Mitochondrial Fusion (GO:0010635),1/11,0.75790454870408,0.9999961806440713,0,0,0.7266749379652605,0.2014327133480263,PID1,LumA,Suppressed
GO_Biological_Process_2023,Regulation Of Monocyte Chemotactic Protein-1 Production (GO:0071637),1/11,0.75790454870408,0.9999961806440713,0,0,0.7266749379652605,0.2014327133480263,APOD,LumA,Suppressed
GO_Biological_Process_2023,Regulation Of Pseudopodium Assembly (GO:0031272),1/11,0.75790454870408,0.9999961806440713,0,0,0.7266749379652605,0.2014327133480263,CCL21,LumA,Suppressed
GO_Biological_Process_2023,Regulation Of Response To Oxidative Stress (GO:1902882),1/11,0.75790454870408,0.9999961806440713,0,0,0.7266749379652605,0.2014327133480263,AIFM2,LumA,Suppressed
GO_Biological_Process_2023,Regulation Of Type II Interferon-Mediated Signaling Pathway (GO:0060334),1/11,0.75790454870408,0.9999961806440713,0,0,0.7266749379652605,0.2014327133480263,PPARG,LumA,Suppressed
GO_Biological_Process_2023,Regulation Of Ventricular Cardiac Muscle Cell Action Potential (GO:0098911),1/11,0.75790454870408,0.9999961806440713,0,0,0.7266749379652605,0.2014327133480263,CAV1,LumA,Suppressed
GO_Biological_Process_2023,Skeletal Muscle Fiber Development (GO:0048741),1/11,0.75790454870408,0.9999961806440713,0,0,0.7266749379652605,0.2014327133480263,CAV2,LumA,Suppressed
GO_Biological_Process_2023,Sphingoid Metabolic Process (GO:0046519),1/11,0.75790454870408,0.9999961806440713,0,0,0.7266749379652605,0.2014327133480263,PLPP3,LumA,Suppressed
GO_Biological_Process_2023,Sulfate Transport (GO:0008272),1/11,0.75790454870408,0.9999961806440713,0,0,0.7266749379652605,0.2014327133480263,SLC26A7,LumA,Suppressed
GO_Biological_Process_2023,Visual Learning (GO:0008542),1/11,0.75790454870408,0.9999961806440713,0,0,0.7266749379652605,0.2014327133480263,DRD2,LumA,Suppressed
GO_Biological_Process_2023,Monoatomic Ion Transport (GO:0006811),11/107,0.7604860700087218,0.9999961806440713,0,0,0.8320139465669989,0.2278033255023912,SLC15A1;CHRNA2;SLC36A2;CHRNA7;SLC1A3;SLC26A7;SLC4A1;SLC17A7;SLC26A3;TRPM3;CNGB1,LumA,Suppressed
GO_Biological_Process_2023,Cellular Nitrogen Compound Biosynthetic Process (GO:0044271),3/32,0.7611748361193168,0.9999961806440713,0,0,0.7515414478191368,0.2050898007991485,PM20D1;MTARC1;NOS1,LumA,Suppressed
GO_Biological_Process_2023,Glycosphingolipid Metabolic Process (GO:0006687),3/32,0.7611748361193168,0.9999961806440713,0,0,0.7515414478191368,0.2050898007991485,UGT8;ST8SIA1;ST6GALNAC3,LumA,Suppressed
GO_Biological_Process_2023,Negative Regulation Of G1/S Transition Of Mitotic Cell Cycle (GO:2000134),3/32,0.7611748361193168,0.9999961806440713,0,0,0.7515414478191368,0.2050898007991485,FHL1;FAM107A;KLF4,LumA,Suppressed
GO_Biological_Process_2023,Proteoglycan Biosynthetic Process (GO:0030166),3/32,0.7611748361193168,0.9999961806440713,0,0,0.7515414478191368,0.2050898007991485,CHST9;B3GAT1;IGF1,LumA,Suppressed
GO_Biological_Process_2023,Negative Regulation Of Autophagy (GO:0010507),6/61,0.7627477376681985,0.9999961806440713,0,0,0.7923444976076555,0.2145890133275875,LEP;RRAGD;LEPR;KIF25;MET;SNCA,LumA,Suppressed
GO_Biological_Process_2023,Fc-epsilon Receptor Signaling Pathway (GO:0038095),2/22,0.7639607804765375,0.9999961806440713,0,0,0.7265618535374431,0.1956186601635115,MAPK10;NR4A3,LumA,Suppressed
GO_Biological_Process_2023,Acetylcholine Receptor Signaling Pathway (GO:0095500),2/22,0.7639607804765375,0.9999961806440713,0,0,0.7265618535374431,0.1956186601635115,CHRM3;CHRNA7,LumA,Suppressed
GO_Biological_Process_2023,Blood Vessel Endothelial Cell Migration (GO:0043534),2/22,0.7639607804765375,0.9999961806440713,0,0,0.7265618535374431,0.1956186601635115,FGF2;GPLD1,LumA,Suppressed
GO_Biological_Process_2023,Homologous Chromosome Segregation (GO:0045143),2/22,0.7639607804765375,0.9999961806440713,0,0,0.7265618535374431,0.1956186601635115,TERB2;IHO1,LumA,Suppressed
GO_Biological_Process_2023,Positive Regulation Of Phosphatase Activity (GO:0010922),2/22,0.7639607804765375,0.9999961806440713,0,0,0.7265618535374431,0.1956186601635115,BMP2;GPLD1,LumA,Suppressed
GO_Biological_Process_2023,Positive Regulation Of Receptor Internalization (GO:0002092),2/22,0.7639607804765375,0.9999961806440713,0,0,0.7265618535374431,0.1956186601635115,CCL14;ANGPT1,LumA,Suppressed
GO_Biological_Process_2023,Positive Regulation Of Viral Life Cycle (GO:1903902),2/22,0.7639607804765375,0.9999961806440713,0,0,0.7265618535374431,0.1956186601635115,CD209;TYRO3,LumA,Suppressed
GO_Biological_Process_2023,Regulation Of Mononuclear Cell Migration (GO:0071675),2/22,0.7639607804765375,0.9999961806440713,0,0,0.7265618535374431,0.1956186601635115,IL34;BMP5,LumA,Suppressed
GO_Biological_Process_2023,Branching Morphogenesis Of An Epithelial Tube (GO:0048754),4/42,0.7644031607456161,0.9999961806440713,0,0,0.7646507573281028,0.2054310202288419,TCF21;FGF2;MET;TGFBR2,LumA,Suppressed
GO_Biological_Process_2023,Collagen Fibril Organization (GO:0030199),4/42,0.7644031607456161,0.9999961806440713,0,0,0.7646507573281028,0.2054310202288419,ADAMTS3;DPT;LOXL4;DDR2,LumA,Suppressed
GO_Biological_Process_2023,Determination Of Heart Left/Right Asymmetry (GO:0061371),4/42,0.7644031607456161,0.9999961806440713,0,0,0.7646507573281028,0.2054310202288419,SOX17;FOLR1;CER1;TGFBR2,LumA,Suppressed
GO_Biological_Process_2023,Lipid Modification (GO:0030258),4/42,0.7644031607456161,0.9999961806440713,0,0,0.7646507573281028,0.2054310202288419,PLPPR1;CYP1A1;CYP3A4;PLPP3,LumA,Suppressed
GO_Biological_Process_2023,Regulation Of Axonogenesis (GO:0050770),4/42,0.7644031607456161,0.9999961806440713,0,0,0.7646507573281028,0.2054310202288419,CHODL;NTRK2;PAK3;PLXNA4,LumA,Suppressed
GO_Biological_Process_2023,Substantia Nigra Development (GO:0021762),4/42,0.7644031607456161,0.9999961806440713,0,0,0.7646507573281028,0.2054310202288419,FGF9;PLP1;PADI2;NDRG2,LumA,Suppressed
GO_Biological_Process_2023,Wound Healing (GO:0042060),8/80,0.7667292782800733,0.9999961806440713,0,0,0.8069035439421172,0.2143309311058851,SFTA3;DST;ODAM;NRG1;IGF1;FGF1;PLPP3;FGF2,LumA,Suppressed
GO_Biological_Process_2023,Fatty Acid Oxidation (GO:0019395),5/52,0.7699294200822953,0.9999961806440713,0,0,0.7727088438012304,0.2020296961673842,ADH4;ABCD2;ACSM1;ADIPOQ;PPARGC1A,LumA,Suppressed
GO_Biological_Process_2023,Cell-Cell Junction Assembly (GO:0007043),7/71,0.770763731558724,0.9999961806440713,0,0,0.7943291355721394,0.2068221749952474,CLDN11;CLDN5;CDH12;DSG1;PKP1;TLN2;CDH8,LumA,Suppressed
GO_Biological_Process_2023,Cellular Response To Insulin Stimulus (GO:0032869),10/99,0.7728227452376258,0.9999961806440713,0,0,0.8158544036641621,0.2102502194614103,TRARG1;CAV2;PDE3B;PDK4;PPARG;SLC2A4;SORBS1;PCK1;LPIN1;GPLD1,LumA,Suppressed
GO_Biological_Process_2023,Cell Junction Organization (GO:0034330),6/62,0.7763991237293699,0.9999961806440713,0,0,0.7781510863773607,0.1969411350507696,CHRNA7;HMCN2;SNCG;PAK3;LIMS2;SNCA,LumA,Suppressed
GO_Biological_Process_2023,Glycerophospholipid Metabolic Process (GO:0006650),6/62,0.7763991237293699,0.9999961806440713,0,0,0.7781510863773607,0.1969411350507696,CETP;PLA2G4E;PLA2G2A;PLA2G4A;ENPP6;GPLD1,LumA,Suppressed
GO_Biological_Process_2023,Activation Of Protein Kinase Activity (GO:0032147),8/81,0.7786478937677694,0.9999961806440713,0,0,0.7958046169667562,0.1991073969685513,ANGPT1;LEP;NRG1;ADRB2;IGF1;FGF1;ADCY8;TGFBR2,LumA,Suppressed
GO_Biological_Process_2023,Regulation Of Interleukin-8 Production (GO:0032677),8/81,0.7786478937677694,0.9999961806440713,0,0,0.7958046169667562,0.1991073969685513,IL6;ANXA1;NLRP10;LEP;BPI;KLF4;IL17D;ELANE,LumA,Suppressed
GO_Biological_Process_2023,Glycolipid Metabolic Process (GO:0006664),3/33,0.7795354315871427,0.9999961806440713,0,0,0.7264486754966888,0.1809272274915233,UGT8;B3GNT5;ST6GALNAC3,LumA,Suppressed
GO_Biological_Process_2023,Phosphatidic Acid Metabolic Process (GO:0046473),3/33,0.7795354315871427,0.9999961806440713,0,0,0.7264486754966888,0.1809272274915233,GPAM;PLA2G2A;GPAT3,LumA,Suppressed
GO_Biological_Process_2023,Positive Regulation Of DNA Binding (GO:0043388),3/33,0.7795354315871427,0.9999961806440713,0,0,0.7264486754966888,0.1809272274915233,FOXC1;PPARG;IGF1,LumA,Suppressed
GO_Biological_Process_2023,Positive Regulation Of Nitrogen Compound Metabolic Process (GO:0051173),3/33,0.7795354315871427,0.9999961806440713,0,0,0.7264486754966888,0.1809272274915233,SLCO1C1;CHRNA7;KLF4,LumA,Suppressed
GO_Biological_Process_2023,Positive Regulation Of Cell Division (GO:0051781),4/43,0.7805140834905951,0.9999961806440713,0,0,0.7450018580453363,0.18461331920257,MRGPRX2;FGF1;DRD2;CDC14B,LumA,Suppressed
GO_Biological_Process_2023,Cellular Response To Salt (GO:1902075),11/109,0.7813066665675367,0.9999961806440713,0,0,0.8149408434470133,0.2011172519940984,P2RY12;CRHBP;EGR1;SLC13A2;NLGN1;AKR1C3;SCN5A;ADCY8;SYT8;GPLD1;RYR3,LumA,Suppressed
GO_Biological_Process_2023,Blood Vessel Morphogenesis (GO:0048514),5/53,0.784333029739663,0.9999961806440713,0,0,0.7565675918254626,0.1837865841874677,CCBE1;SOX17;CAV1;PROX1;TGFBR2,LumA,Suppressed
GO_Biological_Process_2023,Gonad Development (GO:0008406),5/53,0.784333029739663,0.9999961806440713,0,0,0.7565675918254626,0.1837865841874677,LHCGR;FGF9;KIT;AKR1C3;SOX8,LumA,Suppressed
GO_Biological_Process_2023,Negative Regulation Of Cysteine-Type Endopeptidase Activity (GO:2000117),5/53,0.784333029739663,0.9999961806440713,0,0,0.7565675918254626,0.1837865841874677,CARD18;CSN2;KLF4;AQP1;SNCA,LumA,Suppressed
GO_Biological_Process_2023,Adaptive Immune Response Based On Somatic Recombination Of Immune Receptors Built From Immunoglobulin Superfamily Domains (GO:0002460),2/23,0.7854413277292602,0.9999961806440713,0,0,0.6919242666036212,0.1671062962904828,CR1;C4BPA,LumA,Suppressed
GO_Biological_Process_2023,Artery Development (GO:0060840),2/23,0.7854413277292602,0.9999961806440713,0,0,0.6919242666036212,0.1671062962904828,PDE2A;TGFBR2,LumA,Suppressed
GO_Biological_Process_2023,Cell-Cell Signaling By Wnt (GO:0198738),2/23,0.7854413277292602,0.9999961806440713,0,0,0.6919242666036212,0.1671062962904828,FZD4;FERMT2,LumA,Suppressed
GO_Biological_Process_2023,Endocardial Cushion Development (GO:0003197),2/23,0.7854413277292602,0.9999961806440713,0,0,0.6919242666036212,0.1671062962904828,ADAMTS5;BMP2,LumA,Suppressed
GO_Biological_Process_2023,Glial Cell Development (GO:0021782),2/23,0.7854413277292602,0.9999961806440713,0,0,0.6919242666036212,0.1671062962904828,SOX10;ZNF488,LumA,Suppressed
GO_Biological_Process_2023,Immune Response-Activating Cell Surface Receptor Signaling Pathway (GO:0002429),2/23,0.7854413277292602,0.9999961806440713,0,0,0.6919242666036212,0.1671062962904828,CR1;GPLD1,LumA,Suppressed
GO_Biological_Process_2023,Negative Regulation Of Actin Filament Polymerization (GO:0030837),2/23,0.7854413277292602,0.9999961806440713,0,0,0.6919242666036212,0.1671062962904828,KANK1;GSN,LumA,Suppressed
GO_Biological_Process_2023,Positive Regulation Of Epithelial Cell Apoptotic Process (GO:1904037),2/23,0.7854413277292602,0.9999961806440713,0,0,0.6919242666036212,0.1671062962904828,IL6;GSN,LumA,Suppressed
GO_Biological_Process_2023,Positive Regulation Of Morphogenesis Of An Epithelium (GO:1905332),2/23,0.7854413277292602,0.9999961806440713,0,0,0.6919242666036212,0.1671062962904828,SOX8;FGF2,LumA,Suppressed
GO_Biological_Process_2023,Positive Regulation Of Neutrophil Migration (GO:1902624),2/23,0.7854413277292602,0.9999961806440713,0,0,0.6919242666036212,0.1671062962904828,CCL21;XG,LumA,Suppressed
GO_Biological_Process_2023,Positive Regulation Of Protein Targeting To Membrane (GO:0090314),2/23,0.7854413277292602,0.9999961806440713,0,0,0.6919242666036212,0.1671062962904828,PRNP;KCNB1,LumA,Suppressed
GO_Biological_Process_2023,Protein Localization To Cell Junction (GO:1902414),2/23,0.7854413277292602,0.9999961806440713,0,0,0.6919242666036212,0.1671062962904828,NLGN1;FERMT2,LumA,Suppressed
GO_Biological_Process_2023,Regulation Of T Cell Migration (GO:2000404),2/23,0.7854413277292602,0.9999961806440713,0,0,0.6919242666036212,0.1671062962904828,CCL21;APOD,LumA,Suppressed
GO_Biological_Process_2023,Regulation Of Cholesterol Transport (GO:0032374),2/23,0.7854413277292602,0.9999961806440713,0,0,0.6919242666036212,0.1671062962904828,CETP;ABCA8,LumA,Suppressed
GO_Biological_Process_2023,Positive Regulation Of Response To External Stimulus (GO:0032103),16/155,0.7858748757137279,0.9999961806440713,0,0,0.8355023846091666,0.2013207249434334,P2RY12;CEBPA;IL33;TSLP;CCL21;PDE2A;PLA2G2A;NRG1;PTN;BMP6;CX3CL1;GPRC5B;NLRP10;S100A12;EMILIN2;SNCA,LumA,Suppressed
GO_Biological_Process_2023,Protein Localization To Plasma Membrane (GO:0072659),14/137,0.7869525579472277,0.9999961806440713,0,0,0.8262326115984653,0.1979548525922102,TRARG1;CAV3;KCNB1;PTCH1;TESC;KCNB2;ADIPOQ;ANK2;DPP6;TMEM88;SCN3B;MRAP2;NECTIN3;SPTBN1,LumA,Suppressed
GO_Biological_Process_2023,C-terminal Protein Amino Acid Modification (GO:0018410),1/12,0.7872019377068648,0.9999961806440713,0,0,0.6605759831566284,0.1580563271029036,GPLD1,LumA,Suppressed
GO_Biological_Process_2023,C4-dicarboxylate Transport (GO:0015740),1/12,0.7872019377068648,0.9999961806440713,0,0,0.6605759831566284,0.1580563271029036,SLC13A2,LumA,Suppressed
GO_Biological_Process_2023,G Protein-Coupled Glutamate Receptor Signaling Pathway (GO:0007216),1/12,0.7872019377068648,0.9999961806440713,0,0,0.6605759831566284,0.1580563271029036,TRPM1,LumA,Suppressed
GO_Biological_Process_2023,NADPH Regeneration (GO:0006740),1/12,0.7872019377068648,0.9999961806440713,0,0,0.6605759831566284,0.1580563271029036,DDR2,LumA,Suppressed
GO_Biological_Process_2023,acetyl-CoA Biosynthetic Process (GO:0006085),1/12,0.7872019377068648,0.9999961806440713,0,0,0.6605759831566284,0.1580563271029036,ACSS2,LumA,Suppressed
GO_Biological_Process_2023,Aspartate Family Amino Acid Metabolic Process (GO:0009066),1/12,0.7872019377068648,0.9999961806440713,0,0,0.6605759831566284,0.1580563271029036,NAT8L,LumA,Suppressed
GO_Biological_Process_2023,Atrial Cardiac Muscle Tissue Development (GO:0003228),1/12,0.7872019377068648,0.9999961806440713,0,0,0.6605759831566284,0.1580563271029036,PROX1,LumA,Suppressed
GO_Biological_Process_2023,Axonal Fasciculation (GO:0007413),1/12,0.7872019377068648,0.9999961806440713,0,0,0.6605759831566284,0.1580563271029036,CRTAC1,LumA,Suppressed
GO_Biological_Process_2023,Axonal Transport Of Mitochondrion (GO:0019896),1/12,0.7872019377068648,0.9999961806440713,0,0,0.6605759831566284,0.1580563271029036,MGARP,LumA,Suppressed
GO_Biological_Process_2023,cAMP Metabolic Process (GO:0046058),1/12,0.7872019377068648,0.9999961806440713,0,0,0.6605759831566284,0.1580563271029036,ADCY8,LumA,Suppressed
GO_Biological_Process_2023,Cell Projection Assembly (GO:0030031),1/12,0.7872019377068648,0.9999961806440713,0,0,0.6605759831566284,0.1580563271029036,GSN,LumA,Suppressed
GO_Biological_Process_2023,Cell-Cell Junction Maintenance (GO:0045217),1/12,0.7872019377068648,0.9999961806440713,0,0,0.6605759831566284,0.1580563271029036,FERMT2,LumA,Suppressed
GO_Biological_Process_2023,Cellular Component Maintenance (GO:0043954),1/12,0.7872019377068648,0.9999961806440713,0,0,0.6605759831566284,0.1580563271029036,PRNP,LumA,Suppressed
GO_Biological_Process_2023,Cellular Response To Leucine Starvation (GO:1990253),1/12,0.7872019377068648,0.9999961806440713,0,0,0.6605759831566284,0.1580563271029036,RRAGD,LumA,Suppressed
GO_Biological_Process_2023,Endochondral Bone Morphogenesis (GO:0060350),1/12,0.7872019377068648,0.9999961806440713,0,0,0.6605759831566284,0.1580563271029036,FOXC1,LumA,Suppressed
GO_Biological_Process_2023,Endothelium Development (GO:0003158),1/12,0.7872019377068648,0.9999961806440713,0,0,0.6605759831566284,0.1580563271029036,CD34,LumA,Suppressed
GO_Biological_Process_2023,Eye Photoreceptor Cell Differentiation (GO:0001754),1/12,0.7872019377068648,0.9999961806440713,0,0,0.6605759831566284,0.1580563271029036,PROM1,LumA,Suppressed
GO_Biological_Process_2023,Fatty Acid Elongation (GO:0030497),1/12,0.7872019377068648,0.9999961806440713,0,0,0.6605759831566284,0.1580563271029036,ELOVL3,LumA,Suppressed
GO_Biological_Process_2023,Ionotropic Glutamate Receptor Signaling Pathway (GO:0035235),1/12,0.7872019377068648,0.9999961806440713,0,0,0.6605759831566284,0.1580563271029036,GRIN2B,LumA,Suppressed
GO_Biological_Process_2023,Negative Regulation Of Mitochondrial Membrane Permeability (GO:0035795),1/12,0.7872019377068648,0.9999961806440713,0,0,0.6605759831566284,0.1580563271029036,FZD9,LumA,Suppressed
GO_Biological_Process_2023,Negative Regulation Of Mononuclear Cell Migration (GO:0071676),1/12,0.7872019377068648,0.9999961806440713,0,0,0.6605759831566284,0.1580563271029036,BMP5,LumA,Suppressed
GO_Biological_Process_2023,Negative Regulation Of Stem Cell Differentiation (GO:2000737),1/12,0.7872019377068648,0.9999961806440713,0,0,0.6605759831566284,0.1580563271029036,TCF15,LumA,Suppressed
GO_Biological_Process_2023,Negative Regulation Of Substrate Adhesion-Dependent Cell Spreading (GO:1900025),1/12,0.7872019377068648,0.9999961806440713,0,0,0.6605759831566284,0.1580563271029036,KANK1,LumA,Suppressed
GO_Biological_Process_2023,Neutrophil Mediated Immunity (GO:0002446),1/12,0.7872019377068648,0.9999961806440713,0,0,0.6605759831566284,0.1580563271029036,IL6,LumA,Suppressed
GO_Biological_Process_2023,Organophosphate Catabolic Process (GO:0046434),1/12,0.7872019377068648,0.9999961806440713,0,0,0.6605759831566284,0.1580563271029036,ENPP2,LumA,Suppressed
GO_Biological_Process_2023,Phosphate Ion Homeostasis (GO:0055062),1/12,0.7872019377068648,0.9999961806440713,0,0,0.6605759831566284,0.1580563271029036,SLC34A2,LumA,Suppressed
GO_Biological_Process_2023,Phosphatidylcholine Acyl-Chain Remodeling (GO:0036151),1/12,0.7872019377068648,0.9999961806440713,0,0,0.6605759831566284,0.1580563271029036,PLA2G4A,LumA,Suppressed
GO_Biological_Process_2023,Phospholipid Homeostasis (GO:0055091),1/12,0.7872019377068648,0.9999961806440713,0,0,0.6605759831566284,0.1580563271029036,CETP,LumA,Suppressed
GO_Biological_Process_2023,"Positive Regulation Of CD4-positive, Alpha-Beta T Cell Activation (GO:2000516)",1/12,0.7872019377068648,0.9999961806440713,0,0,0.6605759831566284,0.1580563271029036,TGFBR2,LumA,Suppressed
GO_Biological_Process_2023,Positive Regulation Of ERAD Pathway (GO:1904294),1/12,0.7872019377068648,0.9999961806440713,0,0,0.6605759831566284,0.1580563271029036,CAV1,LumA,Suppressed
GO_Biological_Process_2023,Positive Regulation Of T Cell Chemotaxis (GO:0010820),1/12,0.7872019377068648,0.9999961806440713,0,0,0.6605759831566284,0.1580563271029036,CCL21,LumA,Suppressed
GO_Biological_Process_2023,Positive Regulation Of T-helper 1 Type Immune Response (GO:0002827),1/12,0.7872019377068648,0.9999961806440713,0,0,0.6605759831566284,0.1580563271029036,NLRP10,LumA,Suppressed
GO_Biological_Process_2023,Positive Regulation Of Insulin Receptor Signaling Pathway (GO:0046628),1/12,0.7872019377068648,0.9999961806440713,0,0,0.6605759831566284,0.1580563271029036,SORBS1,LumA,Suppressed
GO_Biological_Process_2023,Positive Regulation Of Neuron Migration (GO:2001224),1/12,0.7872019377068648,0.9999961806440713,0,0,0.6605759831566284,0.1580563271029036,SEMA3A,LumA,Suppressed
GO_Biological_Process_2023,Positive Regulation Of Nuclear-Transcribed mRNA poly(A) Tail Shortening (GO:0060213),1/12,0.7872019377068648,0.9999961806440713,0,0,0.6605759831566284,0.1580563271029036,ZFP36,LumA,Suppressed
GO_Biological_Process_2023,Positive Regulation Of Protein Localization To Cell Surface (GO:2000010),1/12,0.7872019377068648,0.9999961806440713,0,0,0.6605759831566284,0.1580563271029036,TMEM35A,LumA,Suppressed
GO_Biological_Process_2023,Positive Regulation Of Reactive Oxygen Species Biosynthetic Process (GO:1903428),1/12,0.7872019377068648,0.9999961806440713,0,0,0.6605759831566284,0.1580563271029036,CD36,LumA,Suppressed
GO_Biological_Process_2023,Protein Heterotetramerization (GO:0051290),1/12,0.7872019377068648,0.9999961806440713,0,0,0.6605759831566284,0.1580563271029036,GRIN2B,LumA,Suppressed
GO_Biological_Process_2023,Quaternary Ammonium Group Transport (GO:0015697),1/12,0.7872019377068648,0.9999961806440713,0,0,0.6605759831566284,0.1580563271029036,SLC22A3,LumA,Suppressed
GO_Biological_Process_2023,Regulation Of SNARE Complex Assembly (GO:0035542),1/12,0.7872019377068648,0.9999961806440713,0,0,0.6605759831566284,0.1580563271029036,SNCA,LumA,Suppressed
GO_Biological_Process_2023,Regulation Of Acrosome Reaction (GO:0060046),1/12,0.7872019377068648,0.9999961806440713,0,0,0.6605759831566284,0.1580563271029036,ZP2,LumA,Suppressed
GO_Biological_Process_2023,Regulation Of Actin Filament Organization (GO:0110053),1/12,0.7872019377068648,0.9999961806440713,0,0,0.6605759831566284,0.1580563271029036,CSF3,LumA,Suppressed
GO_Biological_Process_2023,Regulation Of Chemokine (C-X-C Motif) Ligand 2 Production (GO:2000341),1/12,0.7872019377068648,0.9999961806440713,0,0,0.6605759831566284,0.1580563271029036,KLF4,LumA,Suppressed
GO_Biological_Process_2023,Regulation Of Interleukin-5 Production (GO:0032674),1/12,0.7872019377068648,0.9999961806440713,0,0,0.6605759831566284,0.1580563271029036,TSLP,LumA,Suppressed
GO_Biological_Process_2023,Regulation Of Leukocyte Adhesion To Vascular Endothelial Cell (GO:1904994),1/12,0.7872019377068648,0.9999961806440713,0,0,0.6605759831566284,0.1580563271029036,IL6,LumA,Suppressed
GO_Biological_Process_2023,Regulation Of Lymphocyte Migration (GO:2000401),1/12,0.7872019377068648,0.9999961806440713,0,0,0.6605759831566284,0.1580563271029036,JAM2,LumA,Suppressed
GO_Biological_Process_2023,Regulation Of Retinoic Acid Receptor Signaling Pathway (GO:0048385),1/12,0.7872019377068648,0.9999961806440713,0,0,0.6605759831566284,0.1580563271029036,CYP26B1,LumA,Suppressed
GO_Biological_Process_2023,Sphingomyelin Metabolic Process (GO:0006684),1/12,0.7872019377068648,0.9999961806440713,0,0,0.6605759831566284,0.1580563271029036,ABCA8,LumA,Suppressed
GO_Biological_Process_2023,Very Long-Chain Fatty Acid Biosynthetic Process (GO:0042761),1/12,0.7872019377068648,0.9999961806440713,0,0,0.6605759831566284,0.1580563271029036,ELOVL3,LumA,Suppressed
GO_Biological_Process_2023,Inorganic Anion Transmembrane Transport (GO:0098661),6/63,0.7894509103489205,0.9999961806440713,0,0,0.7644556895761991,0.1807307988314731,GABRA4;SLC1A3;SLC4A1;GABRE;GABRG3;GABRG1,LumA,Suppressed
GO_Biological_Process_2023,Supramolecular Fiber Organization (GO:0097435),34/316,0.792182204642012,0.9999961806440713,0,0,0.8745052559584876,0.2037281176226197,KRT81;TNXB;LMOD1;LOXL4;DPT;FBLN5;KRT83;CNN1;ADAMTS3;MYH11;PGM5;CD36;KRT6B;SNCA;TMOD1;GSN;KRT79;KRT77;KRT5;KRT74;OOEP;KRT9;GFAP;TRDN;MFAP4;TPPP2;DES;KRT17;MAP7D3;KRT16;KRT15;KRT14;MYO1H;DDR2,LumA,Suppressed
GO_Biological_Process_2023,Cellular Response To Reactive Oxygen Species (GO:0034614),7/73,0.7951687952542703,0.9999961806440713,0,0,0.7701706115885221,0.1765237709822422,EDN1;IL6;ANXA1;FOS;SLC6A2;EGFR;AQP1,LumA,Suppressed
GO_Biological_Process_2023,Negative Regulation Of Immune System Process (GO:0002683),4/44,0.7957375187915243,0.9999961806440713,0,0,0.7263354037267081,0.1659573968093367,SPINK5;TYRO3;HOXA7;IL17D,LumA,Suppressed
GO_Biological_Process_2023,Regulation Of Transport (GO:0051049),4/44,0.7957375187915243,0.9999961806440713,0,0,0.7263354037267081,0.1659573968093367,CLDN10;LEPR;CLDN19;SNCA,LumA,Suppressed
GO_Biological_Process_2023,Synaptic Vesicle Recycling (GO:0036465),4/44,0.7957375187915243,0.9999961806440713,0,0,0.7263354037267081,0.1659573968093367,NLGN1;SNCG;SYT8;SNCA,LumA,Suppressed
GO_Biological_Process_2023,Cellular Response To Vascular Endothelial Growth Factor Stimulus (GO:0035924),3/34,0.7967156224398078,0.9999961806440713,0,0,0.7029747917111728,0.1597562753455276,FOXC1;SPRY2;VEGFD,LumA,Suppressed
GO_Biological_Process_2023,Negative Regulation Of Interleukin-6 Production (GO:0032715),3/34,0.7967156224398078,0.9999961806440713,0,0,0.7029747917111728,0.1597562753455276,NMB;BPI;CX3CL1,LumA,Suppressed
GO_Biological_Process_2023,Positive Regulation Of Neuron Death (GO:1901216),3/34,0.7967156224398078,0.9999961806440713,0,0,0.7029747917111728,0.1597562753455276,PRNP;GRIN2B;SNCA,LumA,Suppressed
GO_Biological_Process_2023,Positive Regulation Of Organelle Organization (GO:0010638),3/34,0.7967156224398078,0.9999961806440713,0,0,0.7029747917111728,0.1597562753455276,ANXA1;MGARP;PPARGC1A,LumA,Suppressed
GO_Biological_Process_2023,Regulation Of Interleukin-17 Production (GO:0032660),3/34,0.7967156224398078,0.9999961806440713,0,0,0.7029747917111728,0.1597562753455276,PRNP;IL6;NR1H4,LumA,Suppressed
GO_Biological_Process_2023,Sensory Perception Of Sound (GO:0007605),9/92,0.7969306108443868,0.9999961806440713,0,0,0.7872919062140679,0.1787055529707243,CLIC5;KCNE1;GRXCR2;TMIE;COL4A3;KIT;CDH23;PAX3;TMC2,LumA,Suppressed
GO_Biological_Process_2023,ERBB Signaling Pathway (GO:0038127),5/54,0.7980270105737326,0.9999961806440713,0,0,0.7410851664609506,0.1671983248395209,PIGR;EFEMP1;SHC3;NRG1;EGFR,LumA,Suppressed
GO_Biological_Process_2023,Negative Regulation Of Neuron Projection Development (GO:0010977),5/54,0.7980270105737326,0.9999961806440713,0,0,0.7410851664609506,0.1671983248395209,KANK1;NLGN1;BCL11A;SEMA3A;MGARP,LumA,Suppressed
GO_Biological_Process_2023,Peptidyl-Tyrosine Modification (GO:0018212),5/54,0.7980270105737326,0.9999961806440713,0,0,0.7410851664609506,0.1671983248395209,EFEMP1;PKDCC;RELN;EGFR;DDR2,LumA,Suppressed
GO_Biological_Process_2023,Regulation Of Transforming Growth Factor Beta Receptor Signaling Pathway (GO:0017015),11/111,0.800805332694544,0.9999961806440713,0,0,0.7985506644518272,0.1773879618169561,CDKN1C;BMP2;TNXB;CAV1;WFIKKN2;LTBP4;CIDEA;SPRY2;PPARG;PPARA;FOLR1,LumA,Suppressed
GO_Biological_Process_2023,Ear Morphogenesis (GO:0042471),2/24,0.8051812141104535,0.9999961806440713,0,0,0.6604355512092376,0.1431084033765681,TMIE;SOBP,LumA,Suppressed
GO_Biological_Process_2023,Iron Ion Transport (GO:0006826),2/24,0.8051812141104535,0.9999961806440713,0,0,0.6604355512092376,0.1431084033765681,SCARA5;TTYH1,LumA,Suppressed
GO_Biological_Process_2023,Mononuclear Cell Differentiation (GO:1903131),2/24,0.8051812141104535,0.9999961806440713,0,0,0.6604355512092376,0.1431084033765681,PDE1B;PPARG,LumA,Suppressed
GO_Biological_Process_2023,Negative Regulation Of Cell Junction Assembly (GO:1901889),2/24,0.8051812141104535,0.9999961806440713,0,0,0.6604355512092376,0.1431084033765681,FAM107A;APOD,LumA,Suppressed
GO_Biological_Process_2023,Negative Regulation Of Ion Transmembrane Transporter Activity (GO:0032413),2/24,0.8051812141104535,0.9999961806440713,0,0,0.6604355512092376,0.1431084033765681,CAV3;CASQ2,LumA,Suppressed
GO_Biological_Process_2023,Neuromuscular Junction Development (GO:0007528),2/24,0.8051812141104535,0.9999961806440713,0,0,0.6604355512092376,0.1431084033765681,UNC13C;KY,LumA,Suppressed
GO_Biological_Process_2023,Positive Regulation Of BMP Signaling Pathway (GO:0030513),2/24,0.8051812141104535,0.9999961806440713,0,0,0.6604355512092376,0.1431084033765681,CRB2;GDF5,LumA,Suppressed
GO_Biological_Process_2023,Positive Regulation Of Cellular Response To Transforming Growth Factor Beta Stimulus (GO:1903846),2/24,0.8051812141104535,0.9999961806440713,0,0,0.6604355512092376,0.1431084033765681,CDKN1C;TNXB,LumA,Suppressed
GO_Biological_Process_2023,Positive Regulation Of Interleukin-17 Production (GO:0032740),2/24,0.8051812141104535,0.9999961806440713,0,0,0.6604355512092376,0.1431084033765681,IL6;NR1H4,LumA,Suppressed
GO_Biological_Process_2023,Positive Regulation Of p38MAPK Cascade (GO:1900745),2/24,0.8051812141104535,0.9999961806440713,0,0,0.6604355512092376,0.1431084033765681,BMP2;LEP,LumA,Suppressed
GO_Biological_Process_2023,Positive Regulation Of Transforming Growth Factor Beta Receptor Signaling Pathway (GO:0030511),2/24,0.8051812141104535,0.9999961806440713,0,0,0.6604355512092376,0.1431084033765681,CDKN1C;TNXB,LumA,Suppressed
GO_Biological_Process_2023,Protein Kinase B Signaling (GO:0043491),2/24,0.8051812141104535,0.9999961806440713,0,0,0.6604355512092376,0.1431084033765681,TYRO3;IGF1,LumA,Suppressed
GO_Biological_Process_2023,Regulation Of Cysteine-Type Endopeptidase Activity (GO:2000116),2/24,0.8051812141104535,0.9999961806440713,0,0,0.6604355512092376,0.1431084033765681,CSN2;GRIN2B,LumA,Suppressed
GO_Biological_Process_2023,Regulation Of Execution Phase Of Apoptosis (GO:1900117),2/24,0.8051812141104535,0.9999961806440713,0,0,0.6604355512092376,0.1431084033765681,PTGIS;CIDEA,LumA,Suppressed
GO_Biological_Process_2023,Regulation Of Muscle Cell Differentiation (GO:0051147),2/24,0.8051812141104535,0.9999961806440713,0,0,0.6604355512092376,0.1431084033765681,MYOCD;LAMA1,LumA,Suppressed
GO_Biological_Process_2023,Regulation Of Supramolecular Fiber Organization (GO:1902903),2/24,0.8051812141104535,0.9999961806440713,0,0,0.6604355512092376,0.1431084033765681,CSF3;CHRNA7,LumA,Suppressed
GO_Biological_Process_2023,Regulation Of Viral Life Cycle (GO:1903900),2/24,0.8051812141104535,0.9999961806440713,0,0,0.6604355512092376,0.1431084033765681,CD209;TYRO3,LumA,Suppressed
GO_Biological_Process_2023,Response To Hexose (GO:0009746),2/24,0.8051812141104535,0.9999961806440713,0,0,0.6604355512092376,0.1431084033765681,GYS2;GPLD1,LumA,Suppressed
GO_Biological_Process_2023,Positive Regulation Of Cell Motility (GO:2000147),23/221,0.8083809327278113,0.9999961806440713,0,0,0.8427534948820424,0.1792721079456922,CCL24;EDN1;MMP7;MYOC;CAVIN1;CCL21;F10;FZD4;SEMA3D;CAV1;TWIST2;FAM107A;SEMA3G;LAMC2;IGF1;FGF1;EGFR;MYLK;BMP2;KIT;SPRY2;LGR6;FERMT2,LumA,Suppressed
GO_Biological_Process_2023,Positive Regulation Of Hydrolase Activity (GO:0051345),18/176,0.8087439852049116,0.9999961806440713,0,0,0.8266966822895524,0.1754852776540557,CCL14;CCL13;CCL24;CCL23;CCL21;CAV2;ODAM;SLC6A2;CX3CL1;PREX2;DOCK11;SFRP1;BMP2;RASGEF1C;CCL18;RGS6;FERMT2;CCL16,LumA,Suppressed
GO_Biological_Process_2023,Epidermal Growth Factor Receptor Signaling Pathway (GO:0007173),4/45,0.8100977775935511,0.9999961806440713,0,0,0.70857950815533,0.1492270750760371,PIGR;SHC3;EFEMP1;EGFR,LumA,Suppressed
GO_Biological_Process_2023,Regulation Of Cellular Metabolic Process (GO:0031323),4/45,0.8100977775935511,0.9999961806440713,0,0,0.70857950815533,0.1492270750760371,PID1;ANGPTL8;PDK4;PPARA,LumA,Suppressed
GO_Biological_Process_2023,Regulation Of Protein Modification Process (GO:0031399),4/45,0.8100977775935511,0.9999961806440713,0,0,0.70857950815533,0.1492270750760371,ROPN1B;PPP1R16B;IGF1;ROPN1,LumA,Suppressed
GO_Biological_Process_2023,Phosphatidylcholine Metabolic Process (GO:0046470),5/55,0.8110265826341112,0.9999961806440713,0,0,0.726222038111019,0.152110435975107,CETP;PLA2G2A;ENPP2;PLA2G4A;GPLD1,LumA,Suppressed
GO_Biological_Process_2023,Positive Regulation Of Tyrosine Phosphorylation Of STAT Protein (GO:0042531),5/55,0.8110265826341112,0.9999961806440713,0,0,0.726222038111019,0.152110435975107,GHR;IL6;TSLP;KIT;IGF1,LumA,Suppressed
GO_Biological_Process_2023,Adherens Junction Organization (GO:0034332),3/35,0.8127607397928046,0.9999961806440713,0,0,0.6809680256622517,0.1411772735402771,CDH12;CDH8;FERMT2,LumA,Suppressed
GO_Biological_Process_2023,Macrophage Activation (GO:0042116),3/35,0.8127607397928046,0.9999961806440713,0,0,0.6809680256622517,0.1411772735402771,FCER2;CX3CL1;SNCA,LumA,Suppressed
GO_Biological_Process_2023,Negative Regulation Of Cell Cycle G1/S Phase Transition (GO:1902807),3/35,0.8127607397928046,0.9999961806440713,0,0,0.6809680256622517,0.1411772735402771,FHL1;FAM107A;KLF4,LumA,Suppressed
GO_Biological_Process_2023,Platelet Aggregation (GO:0070527),3/35,0.8127607397928046,0.9999961806440713,0,0,0.6809680256622517,0.1411772735402771,P2RY12;TYRO3;HBB,LumA,Suppressed
GO_Biological_Process_2023,Positive Regulation Of Mitotic Nuclear Division (GO:0045840),3/35,0.8127607397928046,0.9999961806440713,0,0,0.6809680256622517,0.1411772735402771,EDN1;EDN3;IGF1,LumA,Suppressed
GO_Biological_Process_2023,Regulation Of Cell Migration (GO:0030334),47/434,0.8128363417106242,0.9999961806440713,0,0,0.880337355277549,0.182428341051491,KANK1;TNXB;SEMA3D;FAM107A;SEMA3G;TWIST2;LAMC2;LDB2;FGF1;FGF2;EGFR;CX3CL1;MYLK;ADGRG3;FGF7;RELN;FGF9;MGAT3;ENPP2;EMILIN2;DRD2;PLXNA4;NGFR;CCL24;EDN1;ANXA1;MMP7;MYOC;F10;FZD4;CAV1;ADIPOQ;KRT5;IGF1;FGF17;CLDN5;IGSF10;TMEFF2;SFRP1;BMP2;SST;KRT16;KIT;CLDN19;SPRY2;LGR6;FERMT2,LumA,Suppressed
GO_Biological_Process_2023,ATP Transport (GO:0015867),1/13,0.8129551387664979,0.9999961806440713,0,0,0.6054935208161014,0.1253852052198248,CR1,LumA,Suppressed
GO_Biological_Process_2023,N-terminal Protein Amino Acid Modification (GO:0031365),1/13,0.8129551387664979,0.9999961806440713,0,0,0.6054935208161014,0.1253852052198248,NAA11,LumA,Suppressed
GO_Biological_Process_2023,Acute-Phase Response (GO:0006953),1/13,0.8129551387664979,0.9999961806440713,0,0,0.6054935208161014,0.1253852052198248,IL6,LumA,Suppressed
GO_Biological_Process_2023,acyl-CoA Biosynthetic Process (GO:0071616),1/13,0.8129551387664979,0.9999961806440713,0,0,0.6054935208161014,0.1253852052198248,ACSS2,LumA,Suppressed
GO_Biological_Process_2023,Antigen Processing And Presentation Of Endogenous Peptide Antigen Via MHC Class I Via ER Pathway (GO:0002484),1/13,0.8129551387664979,0.9999961806440713,0,0,0.6054935208161014,0.1253852052198248,ULBP3,LumA,Suppressed
GO_Biological_Process_2023,"Antigen Processing And Presentation Of Endogenous Peptide Antigen Via MHC Class I Via ER Pathway, TAP-independent (GO:0002486)",1/13,0.8129551387664979,0.9999961806440713,0,0,0.6054935208161014,0.1253852052198248,ULBP3,LumA,Suppressed
GO_Biological_Process_2023,Antigen Processing And Presentation Of Endogenous Peptide Antigen Via MHC Class Ib (GO:0002476),1/13,0.8129551387664979,0.9999961806440713,0,0,0.6054935208161014,0.1253852052198248,ULBP3,LumA,Suppressed
GO_Biological_Process_2023,Antigen Processing And Presentation Of Peptide Antigen Via MHC Class Ib (GO:0002428),1/13,0.8129551387664979,0.9999961806440713,0,0,0.6054935208161014,0.1253852052198248,ULBP3,LumA,Suppressed
GO_Biological_Process_2023,Branching Involved In Blood Vessel Morphogenesis (GO:0001569),1/13,0.8129551387664979,0.9999961806440713,0,0,0.6054935208161014,0.1253852052198248,TGFBR2,LumA,Suppressed
GO_Biological_Process_2023,Cellular Modified Amino Acid Catabolic Process (GO:0042219),1/13,0.8129551387664979,0.9999961806440713,0,0,0.6054935208161014,0.1253852052198248,CDO1,LumA,Suppressed
GO_Biological_Process_2023,Clathrin Coat Assembly (GO:0048268),1/13,0.8129551387664979,0.9999961806440713,0,0,0.6054935208161014,0.1253852052198248,NSG1,LumA,Suppressed
GO_Biological_Process_2023,Endothelial Cell Differentiation (GO:0045446),1/13,0.8129551387664979,0.9999961806440713,0,0,0.6054935208161014,0.1253852052198248,PROX1,LumA,Suppressed
GO_Biological_Process_2023,Ether Lipid Metabolic Process (GO:0046485),1/13,0.8129551387664979,0.9999961806440713,0,0,0.6054935208161014,0.1253852052198248,LIPE,LumA,Suppressed
GO_Biological_Process_2023,Eye Photoreceptor Cell Development (GO:0042462),1/13,0.8129551387664979,0.9999961806440713,0,0,0.6054935208161014,0.1253852052198248,CRB2,LumA,Suppressed
GO_Biological_Process_2023,Heparan Sulfate Proteoglycan Metabolic Process (GO:0030201),1/13,0.8129551387664979,0.9999961806440713,0,0,0.6054935208161014,0.1253852052198248,HS3ST4,LumA,Suppressed
GO_Biological_Process_2023,Inhibitory Synapse Assembly (GO:1904862),1/13,0.8129551387664979,0.9999961806440713,0,0,0.6054935208161014,0.1253852052198248,NPAS4,LumA,Suppressed
GO_Biological_Process_2023,Interleukin-6-Mediated Signaling Pathway (GO:0070102),1/13,0.8129551387664979,0.9999961806440713,0,0,0.6054935208161014,0.1253852052198248,IL6,LumA,Suppressed
GO_Biological_Process_2023,Membrane Protein Intracellular Domain Proteolysis (GO:0031293),1/13,0.8129551387664979,0.9999961806440713,0,0,0.6054935208161014,0.1253852052198248,MMP7,LumA,Suppressed
GO_Biological_Process_2023,Myeloid Dendritic Cell Activation (GO:0001773),1/13,0.8129551387664979,0.9999961806440713,0,0,0.6054935208161014,0.1253852052198248,TGFBR2,LumA,Suppressed
GO_Biological_Process_2023,ncRNA Transcription (GO:0098781),1/13,0.8129551387664979,0.9999961806440713,0,0,0.6054935208161014,0.1253852052198248,CAVIN1,LumA,Suppressed
GO_Biological_Process_2023,Negative Regulation Of Cell Activation (GO:0050866),1/13,0.8129551387664979,0.9999961806440713,0,0,0.6054935208161014,0.1253852052198248,C1QTNF1,LumA,Suppressed
GO_Biological_Process_2023,Negative Regulation Of Toll-Like Receptor Signaling Pathway (GO:0034122),1/13,0.8129551387664979,0.9999961806440713,0,0,0.6054935208161014,0.1253852052198248,TYRO3,LumA,Suppressed
GO_Biological_Process_2023,Negative Regulation Of Translational Initiation (GO:0045947),1/13,0.8129551387664979,0.9999961806440713,0,0,0.6054935208161014,0.1253852052198248,C8ORF88,LumA,Suppressed
GO_Biological_Process_2023,Negative Regulation Of Viral Transcription (GO:0032897),1/13,0.8129551387664979,0.9999961806440713,0,0,0.6054935208161014,0.1253852052198248,ZFP36,LumA,Suppressed
GO_Biological_Process_2023,Plasma Membrane Tubulation (GO:0097320),1/13,0.8129551387664979,0.9999961806440713,0,0,0.6054935208161014,0.1253852052198248,CAVIN2,LumA,Suppressed
GO_Biological_Process_2023,Positive Regulation Of T-helper 17 Type Immune Response (GO:2000318),1/13,0.8129551387664979,0.9999961806440713,0,0,0.6054935208161014,0.1253852052198248,NLRP10,LumA,Suppressed
GO_Biological_Process_2023,Positive Regulation Of Alpha-Beta T Cell Differentiation (GO:0046638),1/13,0.8129551387664979,0.9999961806440713,0,0,0.6054935208161014,0.1253852052198248,TGFBR2,LumA,Suppressed
GO_Biological_Process_2023,Positive Regulation Of Brown Fat Cell Differentiation (GO:0090336),1/13,0.8129551387664979,0.9999961806440713,0,0,0.6054935208161014,0.1253852052198248,PTGS2,LumA,Suppressed
GO_Biological_Process_2023,Positive Regulation Of Cellular Response To Insulin Stimulus (GO:1900078),1/13,0.8129551387664979,0.9999961806440713,0,0,0.6054935208161014,0.1253852052198248,SORBS1,LumA,Suppressed
GO_Biological_Process_2023,Positive Regulation Of Cyclase Activity (GO:0031281),1/13,0.8129551387664979,0.9999961806440713,0,0,0.6054935208161014,0.1253852052198248,NOS1,LumA,Suppressed
GO_Biological_Process_2023,Positive Regulation Of Granulocyte Macrophage Colony-Stimulating Factor Production (GO:0032725),1/13,0.8129551387664979,0.9999961806440713,0,0,0.6054935208161014,0.1253852052198248,IL17D,LumA,Suppressed
GO_Biological_Process_2023,Positive Regulation Of Insulin Secretion Involved In Cellular Response To Glucose Stimulus (GO:0035774),1/13,0.8129551387664979,0.9999961806440713,0,0,0.6054935208161014,0.1253852052198248,GPLD1,LumA,Suppressed
GO_Biological_Process_2023,Positive Regulation Of Keratinocyte Differentiation (GO:0045618),1/13,0.8129551387664979,0.9999961806440713,0,0,0.6054935208161014,0.1253852052198248,FOXC1,LumA,Suppressed
GO_Biological_Process_2023,Positive Regulation Of Macrophage Chemotaxis (GO:0010759),1/13,0.8129551387664979,0.9999961806440713,0,0,0.6054935208161014,0.1253852052198248,IL34,LumA,Suppressed
GO_Biological_Process_2023,Positive Regulation Of Type 2 Immune Response (GO:0002830),1/13,0.8129551387664979,0.9999961806440713,0,0,0.6054935208161014,0.1253852052198248,IL6,LumA,Suppressed
GO_Biological_Process_2023,Protein Hydroxylation (GO:0018126),1/13,0.8129551387664979,0.9999961806440713,0,0,0.6054935208161014,0.1253852052198248,P3H2,LumA,Suppressed
GO_Biological_Process_2023,Protein Localization To Synapse (GO:0035418),1/13,0.8129551387664979,0.9999961806440713,0,0,0.6054935208161014,0.1253852052198248,NLGN1,LumA,Suppressed
GO_Biological_Process_2023,Regulation Of ERBB Signaling Pathway (GO:1901184),1/13,0.8129551387664979,0.9999961806440713,0,0,0.6054935208161014,0.1253852052198248,SH3TC2,LumA,Suppressed
GO_Biological_Process_2023,Regulation Of T Cell Chemotaxis (GO:0010819),1/13,0.8129551387664979,0.9999961806440713,0,0,0.6054935208161014,0.1253852052198248,CCL21,LumA,Suppressed
GO_Biological_Process_2023,Regulation Of T-helper 17 Type Immune Response (GO:2000316),1/13,0.8129551387664979,0.9999961806440713,0,0,0.6054935208161014,0.1253852052198248,NLRP10,LumA,Suppressed
GO_Biological_Process_2023,Regulation Of Cell Projection Organization (GO:0031344),1/13,0.8129551387664979,0.9999961806440713,0,0,0.6054935208161014,0.1253852052198248,SPRY2,LumA,Suppressed
GO_Biological_Process_2023,Regulation Of Gastrulation (GO:0010470),1/13,0.8129551387664979,0.9999961806440713,0,0,0.6054935208161014,0.1253852052198248,CRB2,LumA,Suppressed
GO_Biological_Process_2023,Regulation Of Immune Effector Process (GO:0002697),1/13,0.8129551387664979,0.9999961806440713,0,0,0.6054935208161014,0.1253852052198248,C4BPA,LumA,Suppressed
GO_Biological_Process_2023,Regulation Of Macrophage Cytokine Production (GO:0010935),1/13,0.8129551387664979,0.9999961806440713,0,0,0.6054935208161014,0.1253852052198248,GPRC5B,LumA,Suppressed
GO_Biological_Process_2023,Regulation Of Myoblast Fusion (GO:1901739),1/13,0.8129551387664979,0.9999961806440713,0,0,0.6054935208161014,0.1253852052198248,SCGB3A1,LumA,Suppressed
GO_Biological_Process_2023,Regulation Of Nitrogen Compound Metabolic Process (GO:0051171),1/13,0.8129551387664979,0.9999961806440713,0,0,0.6054935208161014,0.1253852052198248,ALDH2,LumA,Suppressed
GO_Biological_Process_2023,Response To Chemokine (GO:1990868),1/13,0.8129551387664979,0.9999961806440713,0,0,0.6054935208161014,0.1253852052198248,FOXC1,LumA,Suppressed
GO_Biological_Process_2023,Spliceosomal tri-snRNP Complex Assembly (GO:0000244),1/13,0.8129551387664979,0.9999961806440713,0,0,0.6054935208161014,0.1253852052198248,SRSF12,LumA,Suppressed
GO_Biological_Process_2023,Substrate-Dependent Cell Migration (GO:0006929),1/13,0.8129551387664979,0.9999961806440713,0,0,0.6054935208161014,0.1253852052198248,P2RY12,LumA,Suppressed
GO_Biological_Process_2023,Synaptic Vesicle Localization (GO:0097479),1/13,0.8129551387664979,0.9999961806440713,0,0,0.6054935208161014,0.1253852052198248,NLGN1,LumA,Suppressed
GO_Biological_Process_2023,Regulation Of Kinase Activity (GO:0043549),8/85,0.8218546784955604,0.9999961806440713,0,0,0.7542917472407311,0.1479857724228758,CDKN1C;NTRK2;TYRO3;CCNYL2;LDB2;MET;EGFR;DDR2,LumA,Suppressed
GO_Biological_Process_2023,Inner Ear Morphogenesis (GO:0042472),2/25,0.8232870761630732,0.9999961806440713,0,0,0.631684984979583,0.1228313489873131,TMIE;SOBP,LumA,Suppressed
GO_Biological_Process_2023,Metanephros Development (GO:0001656),2/25,0.8232870761630732,0.9999961806440713,0,0,0.631684984979583,0.1228313489873131,SOX17;PTCH1,LumA,Suppressed
GO_Biological_Process_2023,Negative Regulation Of Intracellular Protein Transport (GO:0090317),2/25,0.8232870761630732,0.9999961806440713,0,0,0.631684984979583,0.1228313489873131,KCNE1;APOD,LumA,Suppressed
GO_Biological_Process_2023,Negative Regulation Of Protein Transport (GO:0051224),2/25,0.8232870761630732,0.9999961806440713,0,0,0.631684984979583,0.1228313489873131,PKDCC;DRD2,LumA,Suppressed
GO_Biological_Process_2023,Purine Ribonucleotide Catabolic Process (GO:0009154),2/25,0.8232870761630732,0.9999961806440713,0,0,0.631684984979583,0.1228313489873131,PDE2A;PDE9A,LumA,Suppressed
GO_Biological_Process_2023,Regulation Of Biomineral Tissue Development (GO:0070167),2/25,0.8232870761630732,0.9999961806440713,0,0,0.631684984979583,0.1228313489873131,S1PR1;DDR2,LumA,Suppressed
GO_Biological_Process_2023,Regulation Of Cell Size (GO:0008361),2/25,0.8232870761630732,0.9999961806440713,0,0,0.631684984979583,0.1228313489873131,EDN1;CAV3,LumA,Suppressed
GO_Biological_Process_2023,Regulation Of Glycogen Biosynthetic Process (GO:0005979),2/25,0.8232870761630732,0.9999961806440713,0,0,0.631684984979583,0.1228313489873131,IGF1;SORBS1,LumA,Suppressed
GO_Biological_Process_2023,Regulation Of Keratinocyte Proliferation (GO:0010837),2/25,0.8232870761630732,0.9999961806440713,0,0,0.631684984979583,0.1228313489873131,FGF7;ZFP36,LumA,Suppressed
GO_Biological_Process_2023,Regulation Of Synapse Organization (GO:0050807),2/25,0.8232870761630732,0.9999961806440713,0,0,0.631684984979583,0.1228313489873131,SLITRK2;KLK8,LumA,Suppressed
GO_Biological_Process_2023,Response To Zinc Ion (GO:0010043),2/25,0.8232870761630732,0.9999961806440713,0,0,0.631684984979583,0.1228313489873131,MT1M;MT1X,LumA,Suppressed
GO_Biological_Process_2023,Positive Regulation Of Peptide Hormone Secretion (GO:0090277),4/46,0.8236217188123818,0.9999961806440713,0,0,0.6916691314206842,0.1342141990056745,RASL10B;NNAT;FFAR4;DRD2,LumA,Suppressed
GO_Biological_Process_2023,Regulation Of Fibroblast Proliferation (GO:0048145),4/46,0.8236217188123818,0.9999961806440713,0,0,0.6916691314206842,0.1342141990056745,SFRP1;IGF1;AQP1;DDR2,LumA,Suppressed
GO_Biological_Process_2023,Regulation Of Nervous System Development (GO:0051960),4/46,0.8236217188123818,0.9999961806440713,0,0,0.6916691314206842,0.1342141990056745,PTPRZ1;LGI4;PTN;CX3CL1,LumA,Suppressed
GO_Biological_Process_2023,Brain Development (GO:0007420),17/169,0.8239615754065363,0.9999961806440713,0,0,0.8115304132521145,0.1571377554109562,CCL14;EGR2;PTCH1;SCTR;PROX1;PCDH18;GRIN2B;MEIS2;AFF2;TGFBR2;RELN;NFIB;B3GNT5;NNAT;APOD;SOX6;ADGRL3,LumA,Suppressed
GO_Biological_Process_2023,Negative Regulation Of T Cell Proliferation (GO:0042130),3/36,0.8277189618751565,0.9999961806440713,0,0,0.6602950030102348,0.1248496357979248,PRNP;CR1;PLA2G2A,LumA,Suppressed
GO_Biological_Process_2023,Positive Regulation Of Signaling Receptor Activity (GO:2000273),3/36,0.8277189618751565,0.9999961806440713,0,0,0.6602950030102348,0.1248496357979248,EDN1;RELN;ADRB2,LumA,Suppressed
GO_Biological_Process_2023,Regulation Of Intracellular Protein Transport (GO:0033157),3/36,0.8277189618751565,0.9999961806440713,0,0,0.6602950030102348,0.1248496357979248,TENM1;SH3TC2;PTPN14,LumA,Suppressed
GO_Biological_Process_2023,Regulation Of Receptor Internalization (GO:0002090),3/36,0.8277189618751565,0.9999961806440713,0,0,0.6602950030102348,0.1248496357979248,CCL14;ANGPT1;RSPO1,LumA,Suppressed
GO_Biological_Process_2023,Protein Localization To Cell Periphery (GO:1990778),14/142,0.8281841315492595,0.9999961806440713,0,0,0.7937305093555094,0.1496338916542314,TRARG1;CAV3;KCNB1;CAV1;PTCH1;TESC;KCNB2;ADIPOQ;ANK2;DPP6;TMEM88;SCN3B;MRAP2;SPTBN1,LumA,Suppressed
GO_Biological_Process_2023,Negative Regulation Of Growth (GO:0045926),12/124,0.832827136249282,0.9999961806440713,0,0,0.7775980770372128,0.1422453769372438,SFRP1;CDKN2C;SOX17;NPR1;HYAL1;MYL2;MT1M;FHL1;SCGB3A1;MT1X;NRG1;ESR2,LumA,Suppressed
GO_Biological_Process_2023,Positive Regulation Of Protein Modification Process (GO:0031401),23/225,0.8335890659039225,0.9999961806440713,0,0,0.8258752210780343,0.1503214510729235,PPP1R16B;EGR1;NTRK2;ANGPT1;ODAM;IL34;CHRNA7;ADIPOQ;ITLN1;VEGFD;FGF1;FGF2;EGFR;MOB3B;FGF17;MARCO;BMP2;RELN;FGF9;LEP;CLDN19;LEPR;RSPO1,LumA,Suppressed
GO_Biological_Process_2023,Regulation Of Calcium Ion Transport (GO:0051924),5/57,0.8350129741221124,0.9999961806440713,0,0,0.698210757759225,0.1258929967475802,CAV3;CACNA2D1;ANK2;NOS1;MYLK,LumA,Suppressed
GO_Biological_Process_2023,"RNA Phosphodiester Bond Hydrolysis, Endonucleolytic (GO:0090502)",1/14,0.8355927457451486,0.9999961806440713,0,0,0.5588852834510403,0.1003835826434418,ZC3H12C,LumA,Suppressed
GO_Biological_Process_2023,Aminoglycan Catabolic Process (GO:0006026),1/14,0.8355927457451486,0.9999961806440713,0,0,0.5588852834510403,0.1003835826434418,HYAL1,LumA,Suppressed
GO_Biological_Process_2023,Bone Morphogenesis (GO:0060349),1/14,0.8355927457451486,0.9999961806440713,0,0,0.5588852834510403,0.1003835826434418,CYP26B1,LumA,Suppressed
GO_Biological_Process_2023,Copper Ion Homeostasis (GO:0055070),1/14,0.8355927457451486,0.9999961806440713,0,0,0.5588852834510403,0.1003835826434418,PRNP,LumA,Suppressed
GO_Biological_Process_2023,Electron Transport Chain (GO:0022900),1/14,0.8355927457451486,0.9999961806440713,0,0,0.5588852834510403,0.1003835826434418,PPARGC1A,LumA,Suppressed
GO_Biological_Process_2023,Embryonic Cranial Skeleton Morphogenesis (GO:0048701),1/14,0.8355927457451486,0.9999961806440713,0,0,0.5588852834510403,0.1003835826434418,TGFBR2,LumA,Suppressed
GO_Biological_Process_2023,Genitalia Development (GO:0048806),1/14,0.8355927457451486,0.9999961806440713,0,0,0.5588852834510403,0.1003835826434418,LHCGR,LumA,Suppressed
GO_Biological_Process_2023,Icosanoid Transport (GO:0071715),1/14,0.8355927457451486,0.9999961806440713,0,0,0.5588852834510403,0.1003835826434418,ABCC2,LumA,Suppressed
GO_Biological_Process_2023,Membrane Raft Organization (GO:0031579),1/14,0.8355927457451486,0.9999961806440713,0,0,0.5588852834510403,0.1003835826434418,CAV3,LumA,Suppressed
GO_Biological_Process_2023,miRNA-mediated Gene Silencing By Inhibition Of Translation (GO:0035278),1/14,0.8355927457451486,0.9999961806440713,0,0,0.5588852834510403,0.1003835826434418,ZFP36,LumA,Suppressed
GO_Biological_Process_2023,Mitochondrial Calcium Ion Transmembrane Transport (GO:0006851),1/14,0.8355927457451486,0.9999961806440713,0,0,0.5588852834510403,0.1003835826434418,MICU3,LumA,Suppressed
GO_Biological_Process_2023,Mitochondrion Transport Along Microtubule (GO:0047497),1/14,0.8355927457451486,0.9999961806440713,0,0,0.5588852834510403,0.1003835826434418,MGARP,LumA,Suppressed
GO_Biological_Process_2023,Monosaccharide Transmembrane Transport (GO:0015749),1/14,0.8355927457451486,0.9999961806440713,0,0,0.5588852834510403,0.1003835826434418,SLC2A12,LumA,Suppressed
GO_Biological_Process_2023,"Negative Regulation Of mRNA Splicing, Via Spliceosome (GO:0048025)",1/14,0.8355927457451486,0.9999961806440713,0,0,0.5588852834510403,0.1003835826434418,SRSF12,LumA,Suppressed
GO_Biological_Process_2023,Negative Regulation Of Peptidyl-Threonine Phosphorylation (GO:0010801),1/14,0.8355927457451486,0.9999961806440713,0,0,0.5588852834510403,0.1003835826434418,SPRY2,LumA,Suppressed
GO_Biological_Process_2023,Phagolysosome Assembly (GO:0001845),1/14,0.8355927457451486,0.9999961806440713,0,0,0.5588852834510403,0.1003835826434418,SRPX,LumA,Suppressed
GO_Biological_Process_2023,Positive Regulation Of Adaptive Immune Response Based On Somatic Recombination Of Immune Receptors Built From Immunoglobulin Superfamily Domains (GO:0002824),1/14,0.8355927457451486,0.9999961806440713,0,0,0.5588852834510403,0.1003835826434418,NLRP10,LumA,Suppressed
GO_Biological_Process_2023,"Positive Regulation Of Nuclear-Transcribed mRNA Catabolic Process, Deadenylation-Dependent Decay (GO:1900153)",1/14,0.8355927457451486,0.9999961806440713,0,0,0.5588852834510403,0.1003835826434418,ZFP36,LumA,Suppressed
GO_Biological_Process_2023,Positive Regulation Of Response To Cytokine Stimulus (GO:0060760),1/14,0.8355927457451486,0.9999961806440713,0,0,0.5588852834510403,0.1003835826434418,TSLP,LumA,Suppressed
GO_Biological_Process_2023,Positive Regulation Of Transcription From RNA Polymerase II Promoter Involved In Cellular Response To Chemical Stimulus (GO:1901522),1/14,0.8355927457451486,0.9999961806440713,0,0,0.5588852834510403,0.1003835826434418,BMP2,LumA,Suppressed
GO_Biological_Process_2023,Regulation Of MHC Class II Biosynthetic Process (GO:0045346),1/14,0.8355927457451486,0.9999961806440713,0,0,0.5588852834510403,0.1003835826434418,PF4,LumA,Suppressed
GO_Biological_Process_2023,Regulation Of Branching Involved In Ureteric Bud Morphogenesis (GO:0090189),1/14,0.8355927457451486,0.9999961806440713,0,0,0.5588852834510403,0.1003835826434418,SOX8,LumA,Suppressed
GO_Biological_Process_2023,Regulation Of Cell Fate Specification (GO:0042659),1/14,0.8355927457451486,0.9999961806440713,0,0,0.5588852834510403,0.1003835826434418,FGF2,LumA,Suppressed
GO_Biological_Process_2023,Regulation Of Leukocyte Activation (GO:0002694),1/14,0.8355927457451486,0.9999961806440713,0,0,0.5588852834510403,0.1003835826434418,PLA2G2A,LumA,Suppressed
GO_Biological_Process_2023,Regulation Of Neuron Projection Arborization (GO:0150011),1/14,0.8355927457451486,0.9999961806440713,0,0,0.5588852834510403,0.1003835826434418,FZD4,LumA,Suppressed
GO_Biological_Process_2023,Regulation Of Nuclear-Transcribed mRNA poly(A) Tail Shortening (GO:0060211),1/14,0.8355927457451486,0.9999961806440713,0,0,0.5588852834510403,0.1003835826434418,ZFP36,LumA,Suppressed
GO_Biological_Process_2023,Regulation Of Transposition (GO:0010528),1/14,0.8355927457451486,0.9999961806440713,0,0,0.5588852834510403,0.1003835826434418,PIWIL4,LumA,Suppressed
GO_Biological_Process_2023,Resolution Of Meiotic Recombination Intermediates (GO:0000712),1/14,0.8355927457451486,0.9999961806440713,0,0,0.5588852834510403,0.1003835826434418,HFM1,LumA,Suppressed
GO_Biological_Process_2023,Respiratory Electron Transport Chain (GO:0022904),1/14,0.8355927457451486,0.9999961806440713,0,0,0.5588852834510403,0.1003835826434418,PPARGC1A,LumA,Suppressed
GO_Biological_Process_2023,Telomere Capping (GO:0016233),1/14,0.8355927457451486,0.9999961806440713,0,0,0.5588852834510403,0.1003835826434418,TENM1,LumA,Suppressed
GO_Biological_Process_2023,Cholesterol Metabolic Process (GO:0008203),6/67,0.8358649440248531,0.9999961806440713,0,0,0.7141643964047203,0.1280412699587956,CETP;CYP11A1;AKR1D1;APOB;CYP7A1;CES1,LumA,Suppressed
GO_Biological_Process_2023,Insulin Receptor Signaling Pathway (GO:0008286),4/47,0.8363382140327602,0.9999961806440713,0,0,0.675545283836487,0.1207349295115663,CAV2;PDK4;SORBS1;GPLD1,LumA,Suppressed
GO_Biological_Process_2023,Secondary Alcohol Metabolic Process (GO:1902652),4/47,0.8363382140327602,0.9999961806440713,0,0,0.675545283836487,0.1207349295115663,CETP;CYP11A1;APOB;CES1,LumA,Suppressed
GO_Biological_Process_2023,Negative Regulation Of Transforming Growth Factor Beta Receptor Signaling Pathway (GO:0030512),7/77,0.8379839139500337,0.9999961806440713,0,0,0.7259950248756218,0.1283242484642845,BMP2;CAV1;WFIKKN2;CIDEA;SPRY2;PPARG;PPARA,LumA,Suppressed
GO_Biological_Process_2023,Positive Regulation Of Synaptic Transmission (GO:0050806),7/77,0.8379839139500337,0.9999961806440713,0,0,0.7259950248756218,0.1283242484642845,NLGN1;RIMS3;RELN;CHRNA7;ADCY8;CACNG2;GRIN2B,LumA,Suppressed
GO_Biological_Process_2023,L-amino Acid Transport (GO:0015807),2/26,0.8398652285457303,0.9999961806440713,0,0,0.6053302992690663,0.1056385163403327,SLC36A2;SLC1A3,LumA,Suppressed
GO_Biological_Process_2023,Calcium-Ion Regulated Exocytosis (GO:0017156),2/26,0.8398652285457303,0.9999961806440713,0,0,0.6053302992690663,0.1056385163403327,RIMS3;SYT8,LumA,Suppressed
GO_Biological_Process_2023,Cell-Cell Adhesion Mediated By Cadherin (GO:0044331),2/26,0.8398652285457303,0.9999961806440713,0,0,0.6053302992690663,0.1056385163403327,CDH12;CDH8,LumA,Suppressed
GO_Biological_Process_2023,Establishment Or Maintenance Of Apical/Basal Cell Polarity (GO:0035088),2/26,0.8398652285457303,0.9999961806440713,0,0,0.6053302992690663,0.1056385163403327,CRB2;OOEP,LumA,Suppressed
GO_Biological_Process_2023,Negative Regulation Of Insulin Receptor Signaling Pathway (GO:0046627),2/26,0.8398652285457303,0.9999961806440713,0,0,0.6053302992690663,0.1056385163403327,KANK1;PID1,LumA,Suppressed
GO_Biological_Process_2023,Negative Regulation Of Protein Polymerization (GO:0032272),2/26,0.8398652285457303,0.9999961806440713,0,0,0.6053302992690663,0.1056385163403327,KANK1;SNCA,LumA,Suppressed
GO_Biological_Process_2023,Nucleic Acid Phosphodiester Bond Hydrolysis (GO:0090305),2/26,0.8398652285457303,0.9999961806440713,0,0,0.6053302992690663,0.1056385163403327,IHO1;RNASE1,LumA,Suppressed
GO_Biological_Process_2023,Organelle Fusion (GO:0048284),2/26,0.8398652285457303,0.9999961806440713,0,0,0.6053302992690663,0.1056385163403327,CIDEA;CIDEC,LumA,Suppressed
GO_Biological_Process_2023,Positive Regulation Of Monooxygenase Activity (GO:0032770),2/26,0.8398652285457303,0.9999961806440713,0,0,0.6053302992690663,0.1056385163403327,FCER2;NPR3,LumA,Suppressed
GO_Biological_Process_2023,Regulation Of Fatty Acid Biosynthetic Process (GO:0042304),2/26,0.8398652285457303,0.9999961806440713,0,0,0.6053302992690663,0.1056385163403327,MLXIPL;PDK4,LumA,Suppressed
GO_Biological_Process_2023,Negative Regulation Of Cell Growth (GO:0030308),12/125,0.840645131992211,0.9999961806440713,0,0,0.770672559018497,0.133777710689349,SFRP1;CDKN2C;SOX17;NPR1;HYAL1;MYL2;FHL1;SEMA3G;SCGB3A1;NRG1;OSTN;ESR2,LumA,Suppressed
GO_Biological_Process_2023,Regulation Of Cellular Component Biogenesis (GO:0044087),3/37,0.8416403818726215,0.9999961806440713,0,0,0.6408380405142189,0.1104820520102768,NRG1;CD36;GFAP,LumA,Suppressed
GO_Biological_Process_2023,Regulation Of p38MAPK Cascade (GO:1900744),3/37,0.8416403818726215,0.9999961806440713,0,0,0.6408380405142189,0.1104820520102768,PER1;BMP2;LEP,LumA,Suppressed
GO_Biological_Process_2023,Synaptic Vesicle Cycle (GO:0099504),3/37,0.8416403818726215,0.9999961806440713,0,0,0.6408380405142189,0.1104820520102768,NLGN1;SLC17A7;SNCA,LumA,Suppressed
GO_Biological_Process_2023,Cellular Response To Cytokine Stimulus (GO:0071345),32/308,0.8448002687952346,0.9999961806440713,0,0,0.8405432809359878,0.1417618672696284,CCL14;CCL13;CEBPA;FOXC1;CSF3;PID1;PDE1B;AQP4;MT1X;AKAP6;CX3CL1;GHR;CRHBP;ZFP36;HYAL1;LEPR;CCL18;CCL16;EGR1;CCL24;CCL23;PTGIS;MME;CCL21;PDE2A;LIFR;GREM2;SFRP1;IL6;IFNE;KIT;PF4,LumA,Suppressed
GO_Biological_Process_2023,Negative Regulation Of Protein Modification Process (GO:0031400),7/78,0.8474938107952006,0.9999961806440713,0,0,0.7157288674000888,0.1184329029541162,PPP1R16B;PRNP;PID1;FXYD1;DMD;PLPP3;KLHL31,LumA,Suppressed
GO_Biological_Process_2023,Oligosaccharide Metabolic Process (GO:0009311),4/48,0.8482776658449099,0.9999961806440713,0,0,0.660154338415208,0.108626587991037,ST8SIA1;ST8SIA2;B3GALT1;ST6GALNAC3,LumA,Suppressed
GO_Biological_Process_2023,Negative Regulation Of Neuron Death (GO:1901215),8/88,0.8497486718287515,0.9999961806440713,0,0,0.7258813770219826,0.1181841248247761,NTF4;CNTFR;NTRK2;PTPRZ1;TYRO3;FZD9;PPARGC1A;SNCA,LumA,Suppressed
GO_Biological_Process_2023,Cellular Response To Molecule Of Bacterial Origin (GO:0071219),11/117,0.8515912996102156,0.9999961806440713,0,0,0.7530911113897073,0.1209830045038392,CXCL6;ZFP36;IL6;DEFB124;CXCL1;PPBP;CXCL3;CXCL2;CXCL5;PF4V1;PF4,LumA,Suppressed
GO_Biological_Process_2023,Protein Localization To Membrane (GO:0072657),19/192,0.8541861301378821,0.9999961806440713,0,0,0.7966088631984586,0.1255504623258353,TRARG1;PIGR;NLGN1;CAV3;KCNB1;CAV1;PTCH1;TESC;KCNB2;ADIPOQ;ANK2;PTN;SYNE3;DPP6;TMEM88;SCN3B;MRAP2;SPTBN1;FERMT2,LumA,Suppressed
GO_Biological_Process_2023,Establishment Of Protein Localization To Plasma Membrane (GO:0061951),3/38,0.8545762083545191,0.9999961806440713,0,0,0.6224929044465468,0.0978245082412273,TRARG1;NECTIN3;SPTBN1,LumA,Suppressed
GO_Biological_Process_2023,Heart Looping (GO:0001947),3/38,0.8545762083545191,0.9999961806440713,0,0,0.6224929044465468,0.0978245082412273,SOX17;FOLR1;TGFBR2,LumA,Suppressed
GO_Biological_Process_2023,Positive Regulation Of Axonogenesis (GO:0050772),3/38,0.8545762083545191,0.9999961806440713,0,0,0.6224929044465468,0.0978245082412273,CHODL;NTRK2;PLXNA4,LumA,Suppressed
GO_Biological_Process_2023,GPI Anchor Metabolic Process (GO:0006505),2/27,0.8550201821738426,0.9999961806440713,0,0,0.581083988415391,0.0910153044847224,PGAP4;GPLD1,LumA,Suppressed
GO_Biological_Process_2023,Cellular Response To Acid Chemical (GO:0071229),2/27,0.8550201821738426,0.9999961806440713,0,0,0.581083988415391,0.0910153044847224,SPAAR;RRAGD,LumA,Suppressed
GO_Biological_Process_2023,In Utero Embryonic Development (GO:0001701),2/27,0.8550201821738426,0.9999961806440713,0,0,0.581083988415391,0.0910153044847224,BMP2;SOX8,LumA,Suppressed
GO_Biological_Process_2023,Microtubule Polymerization Or Depolymerization (GO:0031109),2/27,0.8550201821738426,0.9999961806440713,0,0,0.581083988415391,0.0910153044847224,TPPP2;MAP7D3,LumA,Suppressed
GO_Biological_Process_2023,Myeloid Cell Development (GO:0061515),2/27,0.8550201821738426,0.9999961806440713,0,0,0.581083988415391,0.0910153044847224,ALAS2;KIT,LumA,Suppressed
GO_Biological_Process_2023,Negative Regulation Of Notch Signaling Pathway (GO:0045746),2/27,0.8550201821738426,0.9999961806440713,0,0,0.581083988415391,0.0910153044847224,DLK1;DLK2,LumA,Suppressed
GO_Biological_Process_2023,Negative Regulation Of Cellular Response To Insulin Stimulus (GO:1900077),2/27,0.8550201821738426,0.9999961806440713,0,0,0.581083988415391,0.0910153044847224,KANK1;PID1,LumA,Suppressed
GO_Biological_Process_2023,Negative Regulation Of Neurogenesis (GO:0050768),2/27,0.8550201821738426,0.9999961806440713,0,0,0.581083988415391,0.0910153044847224,IL6;PTN,LumA,Suppressed
GO_Biological_Process_2023,Positive Regulation Of Cytosolic Calcium Ion Concentration Involved In Phospholipase C-activating G Protein-Coupled Signaling Pathway (GO:0051482),2/27,0.8550201821738426,0.9999961806440713,0,0,0.581083988415391,0.0910153044847224,GPR17;DRD2,LumA,Suppressed
GO_Biological_Process_2023,Regulation Of Immunoglobulin Production (GO:0002637),2/27,0.8550201821738426,0.9999961806440713,0,0,0.581083988415391,0.0910153044847224,IL6;CR1,LumA,Suppressed
GO_Biological_Process_2023,Regulation Of Peptidase Activity (GO:0052547),2/27,0.8550201821738426,0.9999961806440713,0,0,0.581083988415391,0.0910153044847224,SERPINB4;CAV1,LumA,Suppressed
GO_Biological_Process_2023,Regulation Of Response To External Stimulus (GO:0032101),12/127,0.8554344031564455,0.9999961806440713,0,0,0.7571828543559546,0.1182309719110563,P2RY12;SPAAR;ANXA1;CMA1;CAV1;NMT2;NRG1;CD36;GGT3P;PTGS2;CX3CL1;MGLL,LumA,Suppressed
GO_Biological_Process_2023,3'-UTR-mediated mRNA Destabilization (GO:0061158),1/15,0.8554915420749002,0.9999961806440713,0,0,0.5189353657095592,0.0809949504258429,ZFP36,LumA,Suppressed
GO_Biological_Process_2023,DNA Alkylation (GO:0006305),1/15,0.8554915420749002,0.9999961806440713,0,0,0.5189353657095592,0.0809949504258429,FOS,LumA,Suppressed
GO_Biological_Process_2023,N-terminal Protein Amino Acid Acetylation (GO:0006474),1/15,0.8554915420749002,0.9999961806440713,0,0,0.5189353657095592,0.0809949504258429,NAA11,LumA,Suppressed
GO_Biological_Process_2023,Ceramide Catabolic Process (GO:0046514),1/15,0.8554915420749002,0.9999961806440713,0,0,0.5189353657095592,0.0809949504258429,LCT,LumA,Suppressed
GO_Biological_Process_2023,Defense Response To Protozoan (GO:0042832),1/15,0.8554915420749002,0.9999961806440713,0,0,0.5189353657095592,0.0809949504258429,PF4,LumA,Suppressed
GO_Biological_Process_2023,Epiboly Involved In Wound Healing (GO:0090505),1/15,0.8554915420749002,0.9999961806440713,0,0,0.5189353657095592,0.0809949504258429,TMEFF2,LumA,Suppressed
GO_Biological_Process_2023,Glutamine Family Amino Acid Catabolic Process (GO:0009065),1/15,0.8554915420749002,0.9999961806440713,0,0,0.5189353657095592,0.0809949504258429,NOS1,LumA,Suppressed
GO_Biological_Process_2023,Keratan Sulfate Biosynthetic Process (GO:0018146),1/15,0.8554915420749002,0.9999961806440713,0,0,0.5189353657095592,0.0809949504258429,B3GNT3,LumA,Suppressed
GO_Biological_Process_2023,Negative Regulation Of DNA Replication (GO:0008156),1/15,0.8554915420749002,0.9999961806440713,0,0,0.5189353657095592,0.0809949504258429,GMNC,LumA,Suppressed
GO_Biological_Process_2023,Negative Regulation Of Epithelial Cell Differentiation (GO:0030857),1/15,0.8554915420749002,0.9999961806440713,0,0,0.5189353657095592,0.0809949504258429,SPRY2,LumA,Suppressed
GO_Biological_Process_2023,Negative Regulation Of mRNA Processing (GO:0050686),1/15,0.8554915420749002,0.9999961806440713,0,0,0.5189353657095592,0.0809949504258429,SRSF12,LumA,Suppressed
GO_Biological_Process_2023,Negative Regulation Of Platelet Activation (GO:0010544),1/15,0.8554915420749002,0.9999961806440713,0,0,0.5189353657095592,0.0809949504258429,C1QTNF1,LumA,Suppressed
GO_Biological_Process_2023,Negative Regulation Of Protein Processing (GO:0010955),1/15,0.8554915420749002,0.9999961806440713,0,0,0.5189353657095592,0.0809949504258429,PRNP,LumA,Suppressed
GO_Biological_Process_2023,Neurotrophin Signaling Pathway (GO:0038179),1/15,0.8554915420749002,0.9999961806440713,0,0,0.5189353657095592,0.0809949504258429,NTF4,LumA,Suppressed
GO_Biological_Process_2023,Phagosome Maturation (GO:0090382),1/15,0.8554915420749002,0.9999961806440713,0,0,0.5189353657095592,0.0809949504258429,SRPX,LumA,Suppressed
GO_Biological_Process_2023,Platelet-Derived Growth Factor Receptor Signaling Pathway (GO:0048008),1/15,0.8554915420749002,0.9999961806440713,0,0,0.5189353657095592,0.0809949504258429,NR4A3,LumA,Suppressed
GO_Biological_Process_2023,Polyol Biosynthetic Process (GO:0046173),1/15,0.8554915420749002,0.9999961806440713,0,0,0.5189353657095592,0.0809949504258429,FGF2,LumA,Suppressed
GO_Biological_Process_2023,Positive Regulation Of Cell Activation (GO:0050867),1/15,0.8554915420749002,0.9999961806440713,0,0,0.5189353657095592,0.0809949504258429,PLA2G4A,LumA,Suppressed
GO_Biological_Process_2023,Positive Regulation Of Collagen Biosynthetic Process (GO:0032967),1/15,0.8554915420749002,0.9999961806440713,0,0,0.5189353657095592,0.0809949504258429,LARP6,LumA,Suppressed
GO_Biological_Process_2023,Positive Regulation Of Syncytium Formation By Plasma Membrane Fusion (GO:0060143),1/15,0.8554915420749002,0.9999961806440713,0,0,0.5189353657095592,0.0809949504258429,SCGB3A1,LumA,Suppressed
GO_Biological_Process_2023,Positive Regulation Of Transmembrane Transport (GO:0034764),1/15,0.8554915420749002,0.9999961806440713,0,0,0.5189353657095592,0.0809949504258429,NR4A3,LumA,Suppressed
GO_Biological_Process_2023,Presynapse Assembly (GO:0099054),1/15,0.8554915420749002,0.9999961806440713,0,0,0.5189353657095592,0.0809949504258429,NLGN1,LumA,Suppressed
GO_Biological_Process_2023,Receptor Catabolic Process (GO:0032801),1/15,0.8554915420749002,0.9999961806440713,0,0,0.5189353657095592,0.0809949504258429,GPRASP1,LumA,Suppressed
GO_Biological_Process_2023,Regulation Of Amyloid-Beta Clearance (GO:1900221),1/15,0.8554915420749002,0.9999961806440713,0,0,0.5189353657095592,0.0809949504258429,MYOCD,LumA,Suppressed
GO_Biological_Process_2023,Regulation Of Bicellular Tight Junction Assembly (GO:2000810),1/15,0.8554915420749002,0.9999961806440713,0,0,0.5189353657095592,0.0809949504258429,CLDN5,LumA,Suppressed
GO_Biological_Process_2023,Regulation Of Carbohydrate Metabolic Process (GO:0006109),1/15,0.8554915420749002,0.9999961806440713,0,0,0.5189353657095592,0.0809949504258429,PDK4,LumA,Suppressed
GO_Biological_Process_2023,Regulation Of Cholesterol Biosynthetic Process (GO:0045540),1/15,0.8554915420749002,0.9999961806440713,0,0,0.5189353657095592,0.0809949504258429,FGF1,LumA,Suppressed
GO_Biological_Process_2023,Regulation Of Clathrin-Dependent Endocytosis (GO:2000369),1/15,0.8554915420749002,0.9999961806440713,0,0,0.5189353657095592,0.0809949504258429,CCL14,LumA,Suppressed
GO_Biological_Process_2023,Regulation Of Granulocyte Macrophage Colony-Stimulating Factor Production (GO:0032645),1/15,0.8554915420749002,0.9999961806440713,0,0,0.5189353657095592,0.0809949504258429,IL17D,LumA,Suppressed
GO_Biological_Process_2023,Regulation Of Interleukin-13 Production (GO:0032656),1/15,0.8554915420749002,0.9999961806440713,0,0,0.5189353657095592,0.0809949504258429,TSLP,LumA,Suppressed
GO_Biological_Process_2023,Sphingolipid Catabolic Process (GO:0030149),1/15,0.8554915420749002,0.9999961806440713,0,0,0.5189353657095592,0.0809949504258429,ENPP2,LumA,Suppressed
GO_Biological_Process_2023,Sympathetic Nervous System Development (GO:0048485),1/15,0.8554915420749002,0.9999961806440713,0,0,0.5189353657095592,0.0809949504258429,SEMA3A,LumA,Suppressed
GO_Biological_Process_2023,Heart Morphogenesis (GO:0003007),5/59,0.8564479385613817,0.9999961806440713,0,0,0.6722743870631195,0.1041768134815694,TGFBR3;ADAMTS5;BMP2;SOX17;TBXT,LumA,Suppressed
GO_Biological_Process_2023,Positive Regulation Of Protein Localization To Membrane (GO:1905477),7/79,0.8565488649920439,0.9999961806440713,0,0,0.7057478809655426,0.1092807619973996,PRNP;KCNB1;STAC;STAC2;SORBS1;EGFR;SPTBN1,LumA,Suppressed
GO_Biological_Process_2023,Positive Regulation Of Nervous System Development (GO:0051962),4/49,0.8594715779013214,0.9999961806440713,0,0,0.6454474350126524,0.0977449607099113,NLGN1;MME;SLITRK2;EPHB1,LumA,Suppressed
GO_Biological_Process_2023,Proton Transmembrane Transport (GO:1902600),4/49,0.8594715779013214,0.9999961806440713,0,0,0.6454474350126524,0.0977449607099113,ATP4A;SLC36A2;FXYD2;ATP1A2,LumA,Suppressed
GO_Biological_Process_2023,Regulation Of Cell Communication (GO:0010646),4/49,0.8594715779013214,0.9999961806440713,0,0,0.6454474350126524,0.0977449607099113,ANXA1;CASQ2;MGLL;TRDN,LumA,Suppressed
GO_Biological_Process_2023,Regulation Of Signal Transduction (GO:0009966),19/193,0.8599894388080971,0.9999961806440713,0,0,0.7919851532567049,0.1194592154393737,IGFBP1;PRNP;CAV3;CHRNA7;PTCH1;ADIPOQ;AKR1C3;DTX1;CX3CL1;KCTD8;RGS2;SH3TC2;FFAR3;NCAM1;SIK2;CD36;IGFBP6;MGLL;RGS6,LumA,Suppressed
GO_Biological_Process_2023,Axon Development (GO:0061564),9/99,0.8605061429481887,0.9999961806440713,0,0,0.7257676348547718,0.1090353555514573,SLITRK2;CRTAC1;PLP1;MGARP;DRD2;PAK3;S100B;FOLR1;GPM6B,LumA,Suppressed
GO_Biological_Process_2023,Cell-Matrix Adhesion (GO:0007160),10/109,0.8631642111752055,0.9999961806440713,0,0,0.7330255649060132,0.1078649512367168,COL17A1;FERMT1;ECM2;CCL21;ITGA7;SORBS1;CD34;LYVE1;FBLN5;FERMT2,LumA,Suppressed
GO_Biological_Process_2023,Regulation Of Actin Filament-Based Process (GO:0032970),6/70,0.8649652453012251,0.9999961806440713,0,0,0.6805713841690841,0.0987277355442495,ODAM;FAM107A;NRG1;PAK3;CORO2B;GPM6B,LumA,Suppressed
GO_Biological_Process_2023,Sensory Organ Development (GO:0007423),6/70,0.8649652453012251,0.9999961806440713,0,0,0.6805713841690841,0.0987277355442495,NTF4;FOXC1;MAB21L1;CPAMD8;CHRDL1;MEIS2,LumA,Suppressed
GO_Biological_Process_2023,Regulation Of Protein Localization To Plasma Membrane (GO:1903076),7/80,0.8651616858752526,0.9999961806440713,0,0,0.6960403462141348,0.1008136968237689,PID1;STAC;STAC2;SORBS1;MRAP2;EGFR;SPTBN1,LumA,Suppressed
GO_Biological_Process_2023,RNA Transport (GO:0050658),3/39,0.8665780874322893,0.9999961806440713,0,0,0.6051669426048565,0.0866617553733279,NPAP1;ZFP36;TGFBR2,LumA,Suppressed
GO_Biological_Process_2023,Negative Regulation Of Mitochondrion Organization (GO:0010823),3/39,0.8665780874322893,0.9999961806440713,0,0,0.6051669426048565,0.0866617553733279,FZD9;PPARG;IGF1,LumA,Suppressed
GO_Biological_Process_2023,Negative Regulation Of Transport (GO:0051051),3/39,0.8665780874322893,0.9999961806440713,0,0,0.6051669426048565,0.0866617553733279,NRG1;CRYAB;SNCA,LumA,Suppressed
GO_Biological_Process_2023,Positive Regulation Of ATP-dependent Activity (GO:0032781),3/39,0.8665780874322893,0.9999961806440713,0,0,0.6051669426048565,0.0866617553733279,FXYD2;TNNT3;RGN,LumA,Suppressed
GO_Biological_Process_2023,Positive Regulation Of Cytokinesis (GO:0032467),3/39,0.8665780874322893,0.9999961806440713,0,0,0.6051669426048565,0.0866617553733279,MRGPRX2;DRD2;CDC14B,LumA,Suppressed
GO_Biological_Process_2023,RNA Phosphodiester Bond Hydrolysis (GO:0090501),2/28,0.8688535260645522,0.9999961806440713,0,0,0.5587027783966138,0.078542840255291,ZC3H12C;RNASE1,LumA,Suppressed
GO_Biological_Process_2023,Cellular Response To Osmotic Stress (GO:0071470),2/28,0.8688535260645522,0.9999961806440713,0,0,0.5587027783966138,0.078542840255291,SCN2A;MYLK,LumA,Suppressed
GO_Biological_Process_2023,Establishment Of Endothelial Barrier (GO:0061028),2/28,0.8688535260645522,0.9999961806440713,0,0,0.5587027783966138,0.078542840255291,PPP1R16B;PDE2A,LumA,Suppressed
GO_Biological_Process_2023,Membrane Fusion (GO:0061025),2/28,0.8688535260645522,0.9999961806440713,0,0,0.5587027783966138,0.078542840255291,MYMX;STX11,LumA,Suppressed
GO_Biological_Process_2023,Negative Regulation Of Cytoskeleton Organization (GO:0051494),2/28,0.8688535260645522,0.9999961806440713,0,0,0.5587027783966138,0.078542840255291,KANK1;CAV3,LumA,Suppressed
GO_Biological_Process_2023,Protein Depolymerization (GO:0051261),2/28,0.8688535260645522,0.9999961806440713,0,0,0.5587027783966138,0.078542840255291,GSN;CFL2,LumA,Suppressed
GO_Biological_Process_2023,Regulation Of Bone Resorption (GO:0045124),2/28,0.8688535260645522,0.9999961806440713,0,0,0.5587027783966138,0.078542840255291,IL6;S1PR1,LumA,Suppressed
GO_Biological_Process_2023,Regulation Of Calcium Ion-Dependent Exocytosis (GO:0017158),2/28,0.8688535260645522,0.9999961806440713,0,0,0.5587027783966138,0.078542840255291,KCNB1;SYT8,LumA,Suppressed
GO_Biological_Process_2023,Regulation Of Glucose Metabolic Process (GO:0010906),2/28,0.8688535260645522,0.9999961806440713,0,0,0.5587027783966138,0.078542840255291,PDK4;GPLD1,LumA,Suppressed
GO_Biological_Process_2023,Regulation Of Protein Transport (GO:0051223),2/28,0.8688535260645522,0.9999961806440713,0,0,0.5587027783966138,0.078542840255291,SH3TC2;SAA1,LumA,Suppressed
GO_Biological_Process_2023,Protein Homooligomerization (GO:0051260),12/129,0.8691276720872071,0.9999961806440713,0,0,0.7441543361776016,0.1043789911084814,ALDH1A3;SCARA5;ALDH1A2;ME1;KIF25;ITLN1;AQP4;ADCY8;VSTM5;ACACB;RYR3;KCNJ2,LumA,Suppressed
GO_Biological_Process_2023,Cell Chemotaxis (GO:0060326),4/50,0.8699521721191759,0.9999961806440713,0,0,0.6313799621928167,0.0879619896075397,CCL21;KIT;EPHB1;CX3CL1,LumA,Suppressed
GO_Biological_Process_2023,Intracellular Iron Ion Homeostasis (GO:0006879),4/50,0.8699521721191759,0.9999961806440713,0,0,0.6313799621928167,0.0879619896075397,ALAS2;SCARA5;FTMT;BMP6,LumA,Suppressed
GO_Biological_Process_2023,Plasma Membrane Bounded Cell Projection Morphogenesis (GO:0120039),4/50,0.8699521721191759,0.9999961806440713,0,0,0.6313799621928167,0.0879619896075397,NTF4;NLGN1;NYAP1;KLK8,LumA,Suppressed
GO_Biological_Process_2023,Regulation Of Epithelial Cell Migration (GO:0010632),4/50,0.8699521721191759,0.9999961806440713,0,0,0.6313799621928167,0.0879619896075397,BMPER;HYAL1;ENPP2;PTN,LumA,Suppressed
GO_Biological_Process_2023,Regulation Of Mitochondrion Organization (GO:0010821),4/50,0.8699521721191759,0.9999961806440713,0,0,0.6313799621928167,0.0879619896075397,PID1;PDE2A;MGARP;PPARGC1A,LumA,Suppressed
GO_Biological_Process_2023,Activin Receptor Signaling Pathway (GO:0032924),1/16,0.8729827614087474,0.9999961806440713,0,0,0.4843121036669424,0.0657886993407221,ACVR1C,LumA,Suppressed
GO_Biological_Process_2023,Cell Communication By Electrical Coupling Involved In Cardiac Conduction (GO:0086064),1/16,0.8729827614087474,0.9999961806440713,0,0,0.4843121036669424,0.0657886993407221,ATP1A2,LumA,Suppressed
GO_Biological_Process_2023,Cell Surface Receptor Signaling Pathway Involved In Heart Development (GO:0061311),1/16,0.8729827614087474,0.9999961806440713,0,0,0.4843121036669424,0.0657886993407221,BMP2,LumA,Suppressed
GO_Biological_Process_2023,Cell Surface Toll-Like Receptor Signaling Pathway (GO:0140895),1/16,0.8729827614087474,0.9999961806440713,0,0,0.4843121036669424,0.0657886993407221,NR1H4,LumA,Suppressed
GO_Biological_Process_2023,Cellular Response To Gamma Radiation (GO:0071480),1/16,0.8729827614087474,0.9999961806440713,0,0,0.4843121036669424,0.0657886993407221,CRYAB,LumA,Suppressed
GO_Biological_Process_2023,Cellular Response To Nitrogen Compound (GO:1901699),1/16,0.8729827614087474,0.9999961806440713,0,0,0.4843121036669424,0.0657886993407221,NR1H4,LumA,Suppressed
GO_Biological_Process_2023,Negative Regulation Of Natural Killer Cell Mediated Cytotoxicity (GO:0045953),1/16,0.8729827614087474,0.9999961806440713,0,0,0.4843121036669424,0.0657886993407221,SERPINB4,LumA,Suppressed
GO_Biological_Process_2023,Negative Regulation Of Release Of Cytochrome C From Mitochondria (GO:0090201),1/16,0.8729827614087474,0.9999961806440713,0,0,0.4843121036669424,0.0657886993407221,IGF1,LumA,Suppressed
GO_Biological_Process_2023,Nuclear Migration (GO:0007097),1/16,0.8729827614087474,0.9999961806440713,0,0,0.4843121036669424,0.0657886993407221,SYNE3,LumA,Suppressed
GO_Biological_Process_2023,Positive Regulation By Host Of Viral Transcription (GO:0043923),1/16,0.8729827614087474,0.9999961806440713,0,0,0.4843121036669424,0.0657886993407221,PSG1,LumA,Suppressed
GO_Biological_Process_2023,Positive Regulation Of Collagen Metabolic Process (GO:0010714),1/16,0.8729827614087474,0.9999961806440713,0,0,0.4843121036669424,0.0657886993407221,LARP6,LumA,Suppressed
GO_Biological_Process_2023,Positive Regulation Of Positive Chemotaxis (GO:0050927),1/16,0.8729827614087474,0.9999961806440713,0,0,0.4843121036669424,0.0657886993407221,VEGFD,LumA,Suppressed
GO_Biological_Process_2023,Positive Regulation Of Stem Cell Proliferation (GO:2000648),1/16,0.8729827614087474,0.9999961806440713,0,0,0.4843121036669424,0.0657886993407221,FERMT2,LumA,Suppressed
GO_Biological_Process_2023,Protein O-linked Mannosylation (GO:0035269),1/16,0.8729827614087474,0.9999961806440713,0,0,0.4843121036669424,0.0657886993407221,TMTC1,LumA,Suppressed
GO_Biological_Process_2023,Protein Kinase A Signaling (GO:0010737),1/16,0.8729827614087474,0.9999961806440713,0,0,0.4843121036669424,0.0657886993407221,MYOM1,LumA,Suppressed
GO_Biological_Process_2023,Protein Localization To Mitochondrion (GO:0070585),1/16,0.8729827614087474,0.9999961806440713,0,0,0.4843121036669424,0.0657886993407221,RNF186,LumA,Suppressed
GO_Biological_Process_2023,Regulation Of Establishment Of Endothelial Barrier (GO:1903140),1/16,0.8729827614087474,0.9999961806440713,0,0,0.4843121036669424,0.0657886993407221,CLDN5,LumA,Suppressed
GO_Biological_Process_2023,Regulation Of Fibrinolysis (GO:0051917),1/16,0.8729827614087474,0.9999961806440713,0,0,0.4843121036669424,0.0657886993407221,NRG1,LumA,Suppressed
GO_Biological_Process_2023,Regulation Of Interleukin-1 Production (GO:0032652),1/16,0.8729827614087474,0.9999961806440713,0,0,0.4843121036669424,0.0657886993407221,SAA1,LumA,Suppressed
GO_Biological_Process_2023,Regulation Of Natural Killer Cell Activation (GO:0032814),1/16,0.8729827614087474,0.9999961806440713,0,0,0.4843121036669424,0.0657886993407221,LEP,LumA,Suppressed
GO_Biological_Process_2023,Regulation Of Nucleocytoplasmic Transport (GO:0046822),1/16,0.8729827614087474,0.9999961806440713,0,0,0.4843121036669424,0.0657886993407221,PTPN14,LumA,Suppressed
GO_Biological_Process_2023,Regulation Of Plasminogen Activation (GO:0010755),1/16,0.8729827614087474,0.9999961806440713,0,0,0.4843121036669424,0.0657886993407221,CLEC3B,LumA,Suppressed
GO_Biological_Process_2023,Regulation Of Response To Cytokine Stimulus (GO:0060759),1/16,0.8729827614087474,0.9999961806440713,0,0,0.4843121036669424,0.0657886993407221,KLF4,LumA,Suppressed
GO_Biological_Process_2023,Regulation Of Transforming Growth Factor Beta Production (GO:0071634),1/16,0.8729827614087474,0.9999961806440713,0,0,0.4843121036669424,0.0657886993407221,PTGS2,LumA,Suppressed
GO_Biological_Process_2023,Regulation Of Triglyceride Biosynthetic Process (GO:0010866),1/16,0.8729827614087474,0.9999961806440713,0,0,0.4843121036669424,0.0657886993407221,GPLD1,LumA,Suppressed
GO_Biological_Process_2023,"Synaptic Transmission, Cholinergic (GO:0007271)",1/16,0.8729827614087474,0.9999961806440713,0,0,0.4843121036669424,0.0657886993407221,CHRNA7,LumA,Suppressed
GO_Biological_Process_2023,Vasculature Development (GO:0001944),1/16,0.8729827614087474,0.9999961806440713,0,0,0.4843121036669424,0.0657886993407221,TCF21,LumA,Suppressed
GO_Biological_Process_2023,Kidney Development (GO:0001822),6/71,0.8736607517482526,0.9999961806440713,0,0,0.6700628008543467,0.0905007822441841,FOXC1;SOX17;MME;ZBTB16;TCF21;PROX1,LumA,Suppressed
GO_Biological_Process_2023,Negative Regulation Of Protein Binding (GO:0032091),6/71,0.8736607517482526,0.9999961806440713,0,0,0.6700628008543467,0.0905007822441841,ADRB3;SLPI;CAV1;ADIPOQ;CARD18;ADRB2,LumA,Suppressed
GO_Biological_Process_2023,Regulation Of Hydrolase Activity (GO:0051336),6/71,0.8736607517482526,0.9999961806440713,0,0,0.6700628008543467,0.0905007822441841,MRAP;NTRK2;PPP1R17;CAV1;NOS1;PLXNA4,LumA,Suppressed
GO_Biological_Process_2023,Synapse Assembly (GO:0007416),6/71,0.8736607517482526,0.9999961806440713,0,0,0.6700628008543467,0.0905007822441841,NPAS4;NLGN1;ADGRF1;DNER;DRD2;ADGRL3,LumA,Suppressed
GO_Biological_Process_2023,Positive Regulation Of Binding (GO:0051099),8/91,0.8740375390937587,0.9999961806440713,0,0,0.6995247685057943,0.0941783859941883,CLDN5;CSF3;FOXC1;BMP2;CAV1;PPARG;IGF1;MET,LumA,Suppressed
GO_Biological_Process_2023,Hemopoiesis (GO:0030097),9/101,0.875409197925793,0.9999961806440713,0,0,0.7099088941006675,0.0944632085882415,TGFBR3;MFAP5;WNT10B;CEBPA;SFRP1;ZBTB16;KIT;CD34;TGFBR2,LumA,Suppressed
GO_Biological_Process_2023,Axon Guidance (GO:0007411),14/149,0.8754630567176033,0.9999961806440713,0,0,0.7522722722722722,0.1000539611912778,EPHB6;ROBO3;CNTN6;SEMA3D;SEMA3A;SEMA3G;MYPN;RELN;NFIB;BOC;NCAM1;LGR6;EPHB1;PLXNA4,LumA,Suppressed
GO_Biological_Process_2023,Fatty Acid Catabolic Process (GO:0009062),5/61,0.8755046422093875,0.9999961806440713,0,0,0.6481906142738786,0.0861800696343044,ABCD2;GLYATL2;ACADL;ADIPOQ;LPIN1,LumA,Suppressed
GO_Biological_Process_2023,Positive Regulation Of Interleukin-8 Production (GO:0032757),5/61,0.8755046422093875,0.9999961806440713,0,0,0.6481906142738786,0.0861800696343044,IL6;NLRP10;LEP;IL17D;ELANE,LumA,Suppressed
GO_Biological_Process_2023,Negative Regulation Of Protein Localization (GO:1903828),3/40,0.8776975319722347,0.9999961806440713,0,0,0.5887775192410954,0.0768079357980392,CAV3;CORO2B;GPM6B,LumA,Suppressed
GO_Biological_Process_2023,Positive Regulation Of Insulin Secretion (GO:0032024),3/40,0.8776975319722347,0.9999961806440713,0,0,0.5887775192410954,0.0768079357980392,NNAT;ADCY8;GPLD1,LumA,Suppressed
GO_Biological_Process_2023,Positive Regulation Of Myeloid Leukocyte Differentiation (GO:0002763),3/40,0.8776975319722347,0.9999961806440713,0,0,0.5887775192410954,0.0768079357980392,IL34;TESC;PF4,LumA,Suppressed
GO_Biological_Process_2023,Regulation Of Glycolytic Process (GO:0006110),3/40,0.8776975319722347,0.9999961806440713,0,0,0.5887775192410954,0.0768079357980392,MLXIPL;IGF1;PPARA,LumA,Suppressed
GO_Biological_Process_2023,Negative Regulation Of Wnt Signaling Pathway (GO:0030178),13/140,0.8783967381689115,0.9999961806440713,0,0,0.7425727021030102,0.0962796906274828,IGFBP1;CCL14;CAV1;APCDD1;SFRP1;BMP2;SOX17;TMEM88;WIF1;SOSTDC1;IGFBP6;CER1;RBMS3,LumA,Suppressed
GO_Biological_Process_2023,Amide Biosynthetic Process (GO:0043604),4/51,0.8797520536099173,0.9999961806440713,0,0,0.6179111052376547,0.0791637853484749,PM20D1;DMD;ABCA8;OTC,LumA,Suppressed
GO_Biological_Process_2023,Negative Regulation Of Cytokine Production (GO:0001818),17/178,0.8797670303714632,0.9999961806440713,0,0,0.7657697260564437,0.0980936812315251,PRNP;NMB;ABCD2;ANXA1;CR1;CIDEA;NR1H4;KLF4;CX3CL1;ZFP36;IL6;FFAR4;APOD;BPI;PPARA;CD34;ELANE,LumA,Suppressed
GO_Biological_Process_2023,Regulation Of Phosphorylation (GO:0042325),7/82,0.8811135759741262,0.9999961806440713,0,0,0.6774018794914317,0.0857379052363037,CDKN1C;ROPN1B;CDKN2C;LDB2;IGF1;ROPN1;EGFR,LumA,Suppressed
GO_Biological_Process_2023,Alpha-Amino Acid Catabolic Process (GO:1901606),2/29,0.8814631048574844,0.9999961806440713,0,0,0.5379794357866348,0.0678780129097768,HPD;OTC,LumA,Suppressed
GO_Biological_Process_2023,Carbohydrate Derivative Biosynthetic Process (GO:1901137),2/29,0.8814631048574844,0.9999961806440713,0,0,0.5379794357866348,0.0678780129097768,B3GNT5;DDR2,LumA,Suppressed
GO_Biological_Process_2023,Glycolytic Process (GO:0006096),2/29,0.8814631048574844,0.9999961806440713,0,0,0.5379794357866348,0.0678780129097768,PFKFB1;ALDOC,LumA,Suppressed
GO_Biological_Process_2023,Lipid Droplet Organization (GO:0034389),2/29,0.8814631048574844,0.9999961806440713,0,0,0.5379794357866348,0.0678780129097768,CIDEA;CIDEC,LumA,Suppressed
GO_Biological_Process_2023,mRNA Splice Site Recognition (GO:0006376),2/29,0.8814631048574844,0.9999961806440713,0,0,0.5379794357866348,0.0678780129097768,CELF2;SRSF12,LumA,Suppressed
GO_Biological_Process_2023,Phosphatidic Acid Biosynthetic Process (GO:0006654),2/29,0.8814631048574844,0.9999961806440713,0,0,0.5379794357866348,0.0678780129097768,GPAM;GPAT3,LumA,Suppressed
GO_Biological_Process_2023,Positive Regulation Of Dephosphorylation (GO:0035306),2/29,0.8814631048574844,0.9999961806440713,0,0,0.5379794357866348,0.0678780129097768,PPP1R16B;BMP2,LumA,Suppressed
GO_Biological_Process_2023,Positive Regulation Of Endopeptidase Activity (GO:0010950),2/29,0.8814631048574844,0.9999961806440713,0,0,0.5379794357866348,0.0678780129097768,CR1;GRIN2B,LumA,Suppressed
GO_Biological_Process_2023,Regulation Of Protein Modification By Small Protein Conjugation Or Removal (GO:1903320),2/29,0.8814631048574844,0.9999961806440713,0,0,0.5379794357866348,0.0678780129097768,EGR1;EPAS1,LumA,Suppressed
GO_Biological_Process_2023,Calcium Ion Transport (GO:0006816),10/112,0.8838313976288732,0.9999961806440713,0,0,0.7113438982899096,0.0878431190552867,TRPM1;CACNA2D1;CHRNA7;CAV1;CDH23;NMUR1;CSN2;TRPM6;TRPM3;RYR3,LumA,Suppressed
GO_Biological_Process_2023,Regulation Of Canonical Wnt Signaling Pathway (GO:0060828),20/207,0.8848558306458092,0.9999961806440713,0,0,0.7754567968382547,0.0948620568225028,CCL14;IGFBP1;KANK1;CAV1;FZD9;EGFR;SCEL;SFRP1;GPRC5B;BMP2;SOX17;TMEM88;GPC3;CCNYL2;RSPO1;IGFBP6;LGR6;SOX7;FOLR1;RBMS3,LumA,Suppressed
GO_Biological_Process_2023,O-glycan Processing (GO:0016266),3/41,0.8879854488934249,0.9999961806440713,0,0,0.5732506971070059,0.0681021383925381,B3GNT5;B3GNT3;GALNT8,LumA,Suppressed
GO_Biological_Process_2023,Negative Regulation Of Proteolysis (GO:0045861),3/41,0.8879854488934249,0.9999961806440713,0,0,0.5732506971070059,0.0681021383925381,PRNP;SERPINB4;TIMP4,LumA,Suppressed
GO_Biological_Process_2023,Non-Canonical Wnt Signaling Pathway (GO:0035567),3/41,0.8879854488934249,0.9999961806440713,0,0,0.5732506971070059,0.0681021383925381,SFRP1;FZD4;FZD9,LumA,Suppressed
GO_Biological_Process_2023,Positive Regulation Of Response To Biotic Stimulus (GO:0002833),3/41,0.8879854488934249,0.9999961806440713,0,0,0.5732506971070059,0.0681021383925381,NLRP10;EMILIN2;BMP6,LumA,Suppressed
GO_Biological_Process_2023,Positive Regulation Of Viral Process (GO:0048524),3/41,0.8879854488934249,0.9999961806440713,0,0,0.5732506971070059,0.0681021383925381,CD209;TYRO3;PPARA,LumA,Suppressed
GO_Biological_Process_2023,Stem Cell Differentiation (GO:0048863),3/41,0.8879854488934249,0.9999961806440713,0,0,0.5732506971070059,0.0681021383925381,SFRP1;KIT;MEOX1,LumA,Suppressed
GO_Biological_Process_2023,Endocytosis (GO:0006897),18/189,0.8881006143320669,0.9999961806440713,0,0,0.763278458537013,0.0905784363199197,CUBN;ANXA1;SCARA5;CAV3;EQTN;CAV1;STAB2;ADRB2;VLDLR;MARCO;ADRB3;DNER;MRC1;TYRO3;CD36;MET;FOLR1;ELANE,LumA,Suppressed
GO_Biological_Process_2023,G Protein-Coupled Acetylcholine Receptor Signaling Pathway (GO:0007213),1/17,0.88835759273963,0.9999961806440713,0,0,0.4540167493796526,0.0537469216324736,CHRM3,LumA,Suppressed
GO_Biological_Process_2023,NAD Biosynthetic Process (GO:0009435),1/17,0.88835759273963,0.9999961806440713,0,0,0.4540167493796526,0.0537469216324736,PTGIS,LumA,Suppressed
GO_Biological_Process_2023,Androgen Receptor Signaling Pathway (GO:0030521),1/17,0.88835759273963,0.9999961806440713,0,0,0.4540167493796526,0.0537469216324736,RHOXF1,LumA,Suppressed
GO_Biological_Process_2023,Embryonic Heart Tube Development (GO:0035050),1/17,0.88835759273963,0.9999961806440713,0,0,0.4540167493796526,0.0537469216324736,SOX17,LumA,Suppressed
GO_Biological_Process_2023,Growth Hormone Receptor Signaling Pathway (GO:0060396),1/17,0.88835759273963,0.9999961806440713,0,0,0.4540167493796526,0.0537469216324736,GHR,LumA,Suppressed
GO_Biological_Process_2023,Keratan Sulfate Metabolic Process (GO:0042339),1/17,0.88835759273963,0.9999961806440713,0,0,0.4540167493796526,0.0537469216324736,B3GNT3,LumA,Suppressed
GO_Biological_Process_2023,Leukocyte Tethering Or Rolling (GO:0050901),1/17,0.88835759273963,0.9999961806440713,0,0,0.4540167493796526,0.0537469216324736,JAM2,LumA,Suppressed
GO_Biological_Process_2023,"mRNA Cis Splicing, Via Spliceosome (GO:0045292)",1/17,0.88835759273963,0.9999961806440713,0,0,0.4540167493796526,0.0537469216324736,SRSF12,LumA,Suppressed
GO_Biological_Process_2023,Megakaryocyte Differentiation (GO:0030219),1/17,0.88835759273963,0.9999961806440713,0,0,0.4540167493796526,0.0537469216324736,KIT,LumA,Suppressed
GO_Biological_Process_2023,Mesenchyme Development (GO:0060485),1/17,0.88835759273963,0.9999961806440713,0,0,0.4540167493796526,0.0537469216324736,MEOX1,LumA,Suppressed
GO_Biological_Process_2023,Negative Regulation Of Fibroblast Proliferation (GO:0048147),1/17,0.88835759273963,0.9999961806440713,0,0,0.4540167493796526,0.0537469216324736,SFRP1,LumA,Suppressed
GO_Biological_Process_2023,Negative Regulation Of Leukocyte Activation (GO:0002695),1/17,0.88835759273963,0.9999961806440713,0,0,0.4540167493796526,0.0537469216324736,LRFN5,LumA,Suppressed
GO_Biological_Process_2023,Negative Regulation Of Ubiquitin-Protein Transferase Activity (GO:0051444),1/17,0.88835759273963,0.9999961806440713,0,0,0.4540167493796526,0.0537469216324736,USP44,LumA,Suppressed
GO_Biological_Process_2023,Peroxisomal Membrane Transport (GO:0015919),1/17,0.88835759273963,0.9999961806440713,0,0,0.4540167493796526,0.0537469216324736,ABCD2,LumA,Suppressed
GO_Biological_Process_2023,Positive Regulation Of Alpha-Beta T Cell Proliferation (GO:0046641),1/17,0.88835759273963,0.9999961806440713,0,0,0.4540167493796526,0.0537469216324736,TGFBR2,LumA,Suppressed
GO_Biological_Process_2023,Positive Regulation Of Dendrite Extension (GO:1903861),1/17,0.88835759273963,0.9999961806440713,0,0,0.4540167493796526,0.0537469216324736,RNF157,LumA,Suppressed
GO_Biological_Process_2023,Positive Regulation Of Dendrite Morphogenesis (GO:0050775),1/17,0.88835759273963,0.9999961806440713,0,0,0.4540167493796526,0.0537469216324736,RELN,LumA,Suppressed
GO_Biological_Process_2023,Positive Regulation Of Leukocyte Adhesion To Vascular Endothelial Cell (GO:1904996),1/17,0.88835759273963,0.9999961806440713,0,0,0.4540167493796526,0.0537469216324736,IL6,LumA,Suppressed
GO_Biological_Process_2023,Positive Regulation Of Lymphocyte Chemotaxis (GO:0140131),1/17,0.88835759273963,0.9999961806440713,0,0,0.4540167493796526,0.0537469216324736,CCL21,LumA,Suppressed
GO_Biological_Process_2023,Positive Regulation Of Peptidyl-Serine Phosphorylation Of STAT Protein (GO:0033141),1/17,0.88835759273963,0.9999961806440713,0,0,0.4540167493796526,0.0537469216324736,IFNE,LumA,Suppressed
GO_Biological_Process_2023,Positive Regulation Of Regulatory T Cell Differentiation (GO:0045591),1/17,0.88835759273963,0.9999961806440713,0,0,0.4540167493796526,0.0537469216324736,CR1,LumA,Suppressed
GO_Biological_Process_2023,Postsynaptic Membrane Organization (GO:0001941),1/17,0.88835759273963,0.9999961806440713,0,0,0.4540167493796526,0.0537469216324736,NLGN1,LumA,Suppressed
GO_Biological_Process_2023,rRNA Transcription (GO:0009303),1/17,0.88835759273963,0.9999961806440713,0,0,0.4540167493796526,0.0537469216324736,CAVIN1,LumA,Suppressed
GO_Biological_Process_2023,Receptor Recycling (GO:0001881),1/17,0.88835759273963,0.9999961806440713,0,0,0.4540167493796526,0.0537469216324736,NSG1,LumA,Suppressed
GO_Biological_Process_2023,Regulation Of Aerobic Respiration (GO:1903715),1/17,0.88835759273963,0.9999961806440713,0,0,0.4540167493796526,0.0537469216324736,COX7A1,LumA,Suppressed
GO_Biological_Process_2023,Regulation Of Hematopoietic Progenitor Cell Differentiation (GO:1901532),1/17,0.88835759273963,0.9999961806440713,0,0,0.4540167493796526,0.0537469216324736,FOXC1,LumA,Suppressed
GO_Biological_Process_2023,Regulation Of Mitotic Cell Cycle Spindle Assembly Checkpoint (GO:0090266),1/17,0.88835759273963,0.9999961806440713,0,0,0.4540167493796526,0.0537469216324736,USP44,LumA,Suppressed
GO_Biological_Process_2023,Regulation Of Protein Sumoylation (GO:0033233),1/17,0.88835759273963,0.9999961806440713,0,0,0.4540167493796526,0.0537469216324736,EGR1,LumA,Suppressed
GO_Biological_Process_2023,Regulation Of Receptor Recycling (GO:0001919),1/17,0.88835759273963,0.9999961806440713,0,0,0.4540167493796526,0.0537469216324736,SNCA,LumA,Suppressed
GO_Biological_Process_2023,Regulation Of Vacuole Organization (GO:0044088),1/17,0.88835759273963,0.9999961806440713,0,0,0.4540167493796526,0.0537469216324736,RNF186,LumA,Suppressed
GO_Biological_Process_2023,Regulation Of Viral Transcription (GO:0046782),1/17,0.88835759273963,0.9999961806440713,0,0,0.4540167493796526,0.0537469216324736,ZFP36,LumA,Suppressed
GO_Biological_Process_2023,Sensory Perception Of Taste (GO:0050909),1/17,0.88835759273963,0.9999961806440713,0,0,0.4540167493796526,0.0537469216324736,CD36,LumA,Suppressed
GO_Biological_Process_2023,Sulfur Amino Acid Metabolic Process (GO:0000096),1/17,0.88835759273963,0.9999961806440713,0,0,0.4540167493796526,0.0537469216324736,CDO1,LumA,Suppressed
GO_Biological_Process_2023,Toll-Like Receptor 4 Signaling Pathway (GO:0034142),1/17,0.88835759273963,0.9999961806440713,0,0,0.4540167493796526,0.0537469216324736,NR1H4,LumA,Suppressed
GO_Biological_Process_2023,Icosanoid Metabolic Process (GO:0006690),4/52,0.8889039168103943,0.9999961806440713,0,0,0.6050034506556246,0.0712489146498557,CPA1;PTGIS;PLA2G4A;MGLL,LumA,Suppressed
GO_Biological_Process_2023,Regulation Of Peptide Hormone Secretion (GO:0090276),4/52,0.8889039168103943,0.9999961806440713,0,0,0.6050034506556246,0.0712489146498557,CRHBP;IL6;RASL10B;FFAR3,LumA,Suppressed
GO_Biological_Process_2023,Regulation Of Rho Protein Signal Transduction (GO:0035023),6/73,0.889647774180576,0.9999961806440713,0,0,0.6499867013873855,0.0760027200568907,KANK1;GPR17;MYOC;SLC6A2;MET;ABRA,LumA,Suppressed
GO_Biological_Process_2023,Artery Morphogenesis (GO:0048844),2/30,0.8929424385121306,0.9999961806440713,0,0,0.5187363319345115,0.0587381534161876,FOLR1;TGFBR2,LumA,Suppressed
GO_Biological_Process_2023,Homologous Chromosome Pairing At Meiosis (GO:0007129),2/30,0.8929424385121306,0.9999961806440713,0,0,0.5187363319345115,0.0587381534161876,TERB2;IHO1,LumA,Suppressed
GO_Biological_Process_2023,Intrinsic Apoptotic Signaling Pathway In Response To Endoplasmic Reticulum Stress (GO:0070059),2/30,0.8929424385121306,0.9999961806440713,0,0,0.5187363319345115,0.0587381534161876,TMEM238L;RNF186,LumA,Suppressed
GO_Biological_Process_2023,Negative Regulation Of Carbohydrate Metabolic Process (GO:0045912),2/30,0.8929424385121306,0.9999961806440713,0,0,0.5187363319345115,0.0587381534161876,ADIPOQ;PPARA,LumA,Suppressed
GO_Biological_Process_2023,Negative Regulation Of Myeloid Leukocyte Differentiation (GO:0002762),2/30,0.8929424385121306,0.9999961806440713,0,0,0.5187363319345115,0.0587381534161876,TMEM178A;HOXA7,LumA,Suppressed
GO_Biological_Process_2023,Phospholipid Dephosphorylation (GO:0046839),2/30,0.8929424385121306,0.9999961806440713,0,0,0.5187363319345115,0.0587381534161876,PLPPR1;PLPP3,LumA,Suppressed
GO_Biological_Process_2023,Positive Regulation Of Interleukin-10 Production (GO:0032733),2/30,0.8929424385121306,0.9999961806440713,0,0,0.5187363319345115,0.0587381534161876,IL6;TSLP,LumA,Suppressed
GO_Biological_Process_2023,Regulation Of Dendritic Spine Morphogenesis (GO:0061001),2/30,0.8929424385121306,0.9999961806440713,0,0,0.5187363319345115,0.0587381534161876,NLGN1;RELN,LumA,Suppressed
GO_Biological_Process_2023,Response To Amino Acid (GO:0043200),2/30,0.8929424385121306,0.9999961806440713,0,0,0.5187363319345115,0.0587381534161876,SPAAR;RRAGD,LumA,Suppressed
GO_Biological_Process_2023,Negative Regulation Of Cell Motility (GO:2000146),12/133,0.8934046170402922,0.9999961806440713,0,0,0.7193893842683358,0.0810864795558784,CLDN5;NGFR;KANK1;SFRP1;TMEFF2;KRT16;ADIPOQ;SPOCK3;CLDN19;EMILIN2;DRD2;CX3CL1,LumA,Suppressed
GO_Biological_Process_2023,Positive Regulation Of Kinase Activity (GO:0033674),9/104,0.8953027934382292,0.9999961806440713,0,0,0.6873727888185194,0.0760188258929745,ALK;NTRK2;RELN;CCL21;MMD;TYRO3;MET;EGFR;DDR2,LumA,Suppressed
GO_Biological_Process_2023,Regulation Of Interleukin-1 Beta Production (GO:0032651),7/84,0.8954589330612709,0.9999961806440713,0,0,0.6597316448062717,0.0728468542321921,EGR1;IL6;FFAR4;CARD18;CD36;IGF1;CX3CL1,LumA,Suppressed
GO_Biological_Process_2023,Generation Of Neurons (GO:0048699),16/172,0.8971299248788618,0.9999961806440713,0,0,0.7437284590842643,0.080735133204502,IRX1;WNT10B;NTRK2;FZD4;IRX6;SEMA3A;WNT6;TUBB2B;RELN;LMX1A;DNER;NOTO;LHX6;MET;ASTN1;ADGRL3,LumA,Suppressed
GO_Biological_Process_2023,Cellular Response To Lipopolysaccharide (GO:0071222),11/124,0.8973581133049718,0.9999961806440713,0,0,0.7061564695851587,0.0764769307697002,CXCL6;ZFP36;IL6;CXCL1;BPI;PPBP;CXCL3;CXCL2;CXCL5;PF4V1;PF4,LumA,Suppressed
GO_Biological_Process_2023,Neuron Projection Guidance (GO:0097485),11/124,0.8973581133049718,0.9999961806440713,0,0,0.7061564695851587,0.0764769307697002,EPHB6;ROBO3;RELN;CNTN6;SEMA3D;SEMA3A;BOC;SEMA3G;LGR6;EPHB1;MYPN,LumA,Suppressed
GO_Biological_Process_2023,Positive Regulation Of Defense Response (GO:0031349),11/124,0.8973581133049718,0.9999961806440713,0,0,0.7061564695851587,0.0764769307697002,CEBPA;IL33;GPRC5B;TSLP;NLRP10;PDE2A;PLA2G2A;S100A12;EMILIN2;CX3CL1;SNCA,LumA,Suppressed
GO_Biological_Process_2023,Actin Cytoskeleton Reorganization (GO:0031532),4/53,0.897440292923523,0.9999961806440713,0,0,0.5926226391177589,0.0641269175606073,FGF7;ANXA1;KIT;S1PR1,LumA,Suppressed
GO_Biological_Process_2023,Actin Polymerization Or Depolymerization (GO:0008154),4/53,0.897440292923523,0.9999961806440713,0,0,0.5926226391177589,0.0641269175606073,GSN;CFL2;FAM107A;WASF3,LumA,Suppressed
GO_Biological_Process_2023,Amino Acid Transmembrane Transport (GO:0003333),3/42,0.8974917518375887,0.9999961806440713,0,0,0.5585201222618441,0.060404704562958,SLC36A2;SLC6A14;SLC7A10,LumA,Suppressed
GO_Biological_Process_2023,Embryonic Heart Tube Morphogenesis (GO:0003143),3/42,0.8974917518375887,0.9999961806440713,0,0,0.5585201222618441,0.060404704562958,SOX17;FOLR1;TGFBR2,LumA,Suppressed
GO_Biological_Process_2023,Lysosome Localization (GO:0032418),3/42,0.8974917518375887,0.9999961806440713,0,0,0.5585201222618441,0.060404704562958,NR4A3;MRGPRX2;KIT,LumA,Suppressed
GO_Biological_Process_2023,Stress-Activated MAPK Cascade (GO:0051403),3/42,0.8974917518375887,0.9999961806440713,0,0,0.5585201222618441,0.060404704562958,MAPK10;ZFP36;MAP2K6,LumA,Suppressed
GO_Biological_Process_2023,Negative Regulation Of Cell Migration (GO:0030336),15/163,0.8996240220439692,0.9999961806440713,0,0,0.7349659351531231,0.0777434885022478,NGFR;KANK1;ADIPOQ;FGF2;CX3CL1;CLDN5;SFRP1;TMEFF2;KRT16;HAS1;CLDN19;EMILIN2;HOXA7;DRD2;NODAL,LumA,Suppressed
GO_Biological_Process_2023,Positive Regulation Of Interleukin-1 Production (GO:0032732),5/64,0.9000314962663386,0.9999961806440713,0,0,0.6151264516310224,0.0647885136413331,EGR1;IL6;NLRP10;SAA1;CD36,LumA,Suppressed
GO_Biological_Process_2023,Neuron Differentiation (GO:0030182),16/173,0.9018544037051462,0.9999961806440713,0,0,0.7389489253083328,0.0763350399986613,ALK;IRX1;WNT10B;TENM1;NTRK2;TENM2;FZD4;IRX6;SPINK5;PHOX2A;WNT6;LMX1A;NOTO;LHX6;DMD;MET,LumA,Suppressed
GO_Biological_Process_2023,3'-UTR-mediated mRNA Stabilization (GO:0070935),1/18,0.9018720191994876,0.9999961806440713,0,0,0.4272855544202792,0.0441311863218108,ZFP36,LumA,Suppressed
GO_Biological_Process_2023,T-helper Cell Differentiation (GO:0042093),1/18,0.9018720191994876,0.9999961806440713,0,0,0.4272855544202792,0.0441311863218108,IL6,LumA,Suppressed
GO_Biological_Process_2023,Associative Learning (GO:0008306),1/18,0.9018720191994876,0.9999961806440713,0,0,0.4272855544202792,0.0441311863218108,DRD2,LumA,Suppressed
GO_Biological_Process_2023,Cell Junction Maintenance (GO:0034331),1/18,0.9018720191994876,0.9999961806440713,0,0,0.4272855544202792,0.0441311863218108,NLGN1,LumA,Suppressed
GO_Biological_Process_2023,Cellular Response To Inorganic Substance (GO:0071241),1/18,0.9018720191994876,0.9999961806440713,0,0,0.4272855544202792,0.0441311863218108,AQP1,LumA,Suppressed
GO_Biological_Process_2023,Detection Of Mechanical Stimulus (GO:0050982),1/18,0.9018720191994876,0.9999961806440713,0,0,0.4272855544202792,0.0441311863218108,PKD1L2,LumA,Suppressed
GO_Biological_Process_2023,Epithelial Cell Development (GO:0002064),1/18,0.9018720191994876,0.9999961806440713,0,0,0.4272855544202792,0.0441311863218108,DACT2,LumA,Suppressed
GO_Biological_Process_2023,Icosanoid Biosynthetic Process (GO:0046456),1/18,0.9018720191994876,0.9999961806440713,0,0,0.4272855544202792,0.0441311863218108,PLA2G4A,LumA,Suppressed
GO_Biological_Process_2023,Intracellular Lipid Transport (GO:0032365),1/18,0.9018720191994876,0.9999961806440713,0,0,0.4272855544202792,0.0441311863218108,ABCD2,LumA,Suppressed
GO_Biological_Process_2023,Negative Regulation Of ERBB Signaling Pathway (GO:1901185),1/18,0.9018720191994876,0.9999961806440713,0,0,0.4272855544202792,0.0441311863218108,EGFR,LumA,Suppressed
GO_Biological_Process_2023,Negative Regulation Of T Cell Receptor Signaling Pathway (GO:0050860),1/18,0.9018720191994876,0.9999961806440713,0,0,0.4272855544202792,0.0441311863218108,PRNP,LumA,Suppressed
GO_Biological_Process_2023,Negative Regulation Of Nervous System Development (GO:0051961),1/18,0.9018720191994876,0.9999961806440713,0,0,0.4272855544202792,0.0441311863218108,IL6,LumA,Suppressed
GO_Biological_Process_2023,Negative Regulation Of Viral Entry Into Host Cell (GO:0046597),1/18,0.9018720191994876,0.9999961806440713,0,0,0.4272855544202792,0.0441311863218108,GSN,LumA,Suppressed
GO_Biological_Process_2023,Neuromuscular Process (GO:0050905),1/18,0.9018720191994876,0.9999961806440713,0,0,0.4272855544202792,0.0441311863218108,KCNA1,LumA,Suppressed
GO_Biological_Process_2023,Positive Regulation Of NLRP3 Inflammasome Complex Assembly (GO:1900227),1/18,0.9018720191994876,0.9999961806440713,0,0,0.4272855544202792,0.0441311863218108,CD36,LumA,Suppressed
GO_Biological_Process_2023,Positive Regulation Of Epidermal Cell Differentiation (GO:0045606),1/18,0.9018720191994876,0.9999961806440713,0,0,0.4272855544202792,0.0441311863218108,FOXC1,LumA,Suppressed
GO_Biological_Process_2023,Positive Regulation Of Establishment Of Protein Localization (GO:1904951),1/18,0.9018720191994876,0.9999961806440713,0,0,0.4272855544202792,0.0441311863218108,CORO2B,LumA,Suppressed
GO_Biological_Process_2023,Positive Regulation Of Monocyte Chemotaxis (GO:0090026),1/18,0.9018720191994876,0.9999961806440713,0,0,0.4272855544202792,0.0441311863218108,DEFB124,LumA,Suppressed
GO_Biological_Process_2023,Positive Regulation Of Neutrophil Chemotaxis (GO:0090023),1/18,0.9018720191994876,0.9999961806440713,0,0,0.4272855544202792,0.0441311863218108,CCL21,LumA,Suppressed
GO_Biological_Process_2023,Positive Regulation Of Triglyceride Metabolic Process (GO:0090208),1/18,0.9018720191994876,0.9999961806440713,0,0,0.4272855544202792,0.0441311863218108,GPLD1,LumA,Suppressed
GO_Biological_Process_2023,Protein Autoprocessing (GO:0016540),1/18,0.9018720191994876,0.9999961806440713,0,0,0.4272855544202792,0.0441311863218108,KLK6,LumA,Suppressed
GO_Biological_Process_2023,Regulation Of Cell Cycle G2/M Phase Transition (GO:1902749),1/18,0.9018720191994876,0.9999961806440713,0,0,0.4272855544202792,0.0441311863218108,KCNH5,LumA,Suppressed
GO_Biological_Process_2023,Regulation Of Cell-Cell Adhesion Mediated By Cadherin (GO:2000047),1/18,0.9018720191994876,0.9999961806440713,0,0,0.4272855544202792,0.0441311863218108,BMP6,LumA,Suppressed
GO_Biological_Process_2023,Regulation Of Epidermal Cell Differentiation (GO:0045604),1/18,0.9018720191994876,0.9999961806440713,0,0,0.4272855544202792,0.0441311863218108,ZFP36,LumA,Suppressed
GO_Biological_Process_2023,Regulation Of Establishment Or Maintenance Of Cell Polarity (GO:0032878),1/18,0.9018720191994876,0.9999961806440713,0,0,0.4272855544202792,0.0441311863218108,KANK1,LumA,Suppressed
GO_Biological_Process_2023,Regulation Of Histone Modification (GO:0031056),1/18,0.9018720191994876,0.9999961806440713,0,0,0.4272855544202792,0.0441311863218108,MYOCD,LumA,Suppressed
GO_Biological_Process_2023,Regulation Of Lymphocyte Activation (GO:0051249),1/18,0.9018720191994876,0.9999961806440713,0,0,0.4272855544202792,0.0441311863218108,LEP,LumA,Suppressed
GO_Biological_Process_2023,Regulation Of Mitochondrial Outer Membrane Permeabilization Involved In Apoptotic Signaling Pathway (GO:1901028),1/18,0.9018720191994876,0.9999961806440713,0,0,0.4272855544202792,0.0441311863218108,FZD9,LumA,Suppressed
GO_Biological_Process_2023,Regulation Of Peptidyl-Serine Phosphorylation Of STAT Protein (GO:0033139),1/18,0.9018720191994876,0.9999961806440713,0,0,0.4272855544202792,0.0441311863218108,IFNE,LumA,Suppressed
GO_Biological_Process_2023,Regulation Of Protein Neddylation (GO:2000434),1/18,0.9018720191994876,0.9999961806440713,0,0,0.4272855544202792,0.0441311863218108,EPAS1,LumA,Suppressed
GO_Biological_Process_2023,Response To Organophosphorus (GO:0046683),1/18,0.9018720191994876,0.9999961806440713,0,0,0.4272855544202792,0.0441311863218108,AKR1C1,LumA,Suppressed
GO_Biological_Process_2023,Vesicle Transport Along Actin Filament (GO:0030050),1/18,0.9018720191994876,0.9999961806440713,0,0,0.4272855544202792,0.0441311863218108,MYO1H,LumA,Suppressed
GO_Biological_Process_2023,Vesicle-Mediated Transport In Synapse (GO:0099003),1/18,0.9018720191994876,0.9999961806440713,0,0,0.4272855544202792,0.0441311863218108,SNCA,LumA,Suppressed
GO_Biological_Process_2023,Defense Response To Gram-positive Bacterium (GO:0050830),7/85,0.902064426802182,0.9999961806440713,0,0,0.6512363396691755,0.0671224963665675,IL6;DMBT1;RNASE7;PLA2G2A;STAB2;DEFB1;RNASE1,LumA,Suppressed
GO_Biological_Process_2023,Negative Regulation Of Cell Cycle (GO:0045786),7/85,0.902064426802182,0.9999961806440713,0,0,0.6512363396691755,0.0671224963665675,CDKN1C;CEBPA;MYOCD;FOXC1;BMP2;BRINP1;GMNC,LumA,Suppressed
GO_Biological_Process_2023,Central Nervous System Neuron Differentiation (GO:0021953),2/31,0.9033803369906706,0.9999961806440713,0,0,0.5008203386928795,0.0508891667254085,NTRK2;PROX1,LumA,Suppressed
GO_Biological_Process_2023,Negative Regulation Of DNA Biosynthetic Process (GO:2000279),2/31,0.9033803369906706,0.9999961806440713,0,0,0.5008203386928795,0.0508891667254085,TENM1;ADIPOQ,LumA,Suppressed
GO_Biological_Process_2023,Phospholipid Translocation (GO:0045332),2/31,0.9033803369906706,0.9999961806440713,0,0,0.5008203386928795,0.0508891667254085,ABCB1;PLSCR4,LumA,Suppressed
GO_Biological_Process_2023,Positive Regulation Of Rho Protein Signal Transduction (GO:0035025),2/31,0.9033803369906706,0.9999961806440713,0,0,0.5008203386928795,0.0508891667254085,GPR17;SLC6A2,LumA,Suppressed
GO_Biological_Process_2023,Positive Regulation Of Mononuclear Cell Migration (GO:0071677),2/31,0.9033803369906706,0.9999961806440713,0,0,0.5008203386928795,0.0508891667254085,DEFB124;JAM2,LumA,Suppressed
GO_Biological_Process_2023,Regulation Of Cell Morphogenesis (GO:0022604),2/31,0.9033803369906706,0.9999961806440713,0,0,0.5008203386928795,0.0508891667254085,FERMT2;SH3D19,LumA,Suppressed
GO_Biological_Process_2023,Regulation Of Extrinsic Apoptotic Signaling Pathway Via Death Domain Receptors (GO:1902041),2/31,0.9033803369906706,0.9999961806440713,0,0,0.5008203386928795,0.0508891667254085,SFRP1;BMP5,LumA,Suppressed
GO_Biological_Process_2023,Regulation Of Response To Biotic Stimulus (GO:0002831),2/31,0.9033803369906706,0.9999961806440713,0,0,0.5008203386928795,0.0508891667254085,CD36;CX3CL1,LumA,Suppressed
GO_Biological_Process_2023,Regulation Of Transmembrane Receptor Protein Serine/Threonine Kinase Signaling Pathway (GO:0090092),2/31,0.9033803369906706,0.9999961806440713,0,0,0.5008203386928795,0.0508891667254085,LTBP4;FOLR1,LumA,Suppressed
GO_Biological_Process_2023,Negative Regulation Of Signal Transduction (GO:0009968),26/267,0.9034358299444976,0.9999961806440713,0,0,0.7817406578315383,0.0793859165001527,KANK1;PID1;APCDD1;FGF2;CX3CL1;CRHBP;RGS2;CYP26B1;WIF1;GPC3;SOSTDC1;APOD;DRD2;CER1;SNCA;PTCH1;ADIPOQ;NRG1;DLK1;BMP5;DLK2;SFRP1;BMP2;TYRO3;SPRY2;PPARG,LumA,Suppressed
GO_Biological_Process_2023,Negative Regulation Of Phosphorylation (GO:0042326),6/75,0.9038809278304242,0.9999961806440713,0,0,0.6310744337735815,0.0637748956343835,CDKN1C;PRNP;PID1;CDKN2C;PLPP3;KLHL31,LumA,Suppressed
GO_Biological_Process_2023,Mesenchymal Cell Differentiation (GO:0048762),4/54,0.9053933326567816,0.9999961806440713,0,0,0.5807370600414079,0.0577170219376973,TGFBR3;FOXC1;BMP2;IGF1,LumA,Suppressed
GO_Biological_Process_2023,Negative Regulation Of Protein Catabolic Process (GO:0042177),4/54,0.9053933326567816,0.9999961806440713,0,0,0.5807370600414079,0.0577170219376973,SERPINB12;TIMP4;EGFR;SNCA,LumA,Suppressed
GO_Biological_Process_2023,Regulation Of Myoblast Differentiation (GO:0045661),4/54,0.9053933326567816,0.9999961806440713,0,0,0.5807370600414079,0.0577170219376973,BOC;SOSTDC1;SMYD1;SOX8,LumA,Suppressed
GO_Biological_Process_2023,Ephrin Receptor Signaling Pathway (GO:0048013),3/43,0.9062650501386555,0.9999961806440713,0,0,0.5445260761589404,0.0535941436893599,EPHB6;PAK3;EPHB1,LumA,Suppressed
GO_Biological_Process_2023,Glycolipid Biosynthetic Process (GO:0009247),3/43,0.9062650501386555,0.9999961806440713,0,0,0.5445260761589404,0.0535941436893599,ST8SIA1;PGAP4;B3GNT5,LumA,Suppressed
GO_Biological_Process_2023,Intracellular Steroid Hormone Receptor Signaling Pathway (GO:0030518),3/43,0.9062650501386555,0.9999961806440713,0,0,0.5445260761589404,0.0535941436893599,RHOXF1;PADI2;ESR2,LumA,Suppressed
GO_Biological_Process_2023,Positive Regulation Of Receptor-Mediated Endocytosis (GO:0048260),3/43,0.9062650501386555,0.9999961806440713,0,0,0.5445260761589404,0.0535941436893599,CCL14;ANGPT1;CCL21,LumA,Suppressed
GO_Biological_Process_2023,Positive Regulation Of Stress Fiber Assembly (GO:0051496),3/43,0.9062650501386555,0.9999961806440713,0,0,0.5445260761589404,0.0535941436893599,SFRP1;MYOC;FERMT2,LumA,Suppressed
GO_Biological_Process_2023,Skeletal System Morphogenesis (GO:0048705),3/43,0.9062650501386555,0.9999961806440713,0,0,0.5445260761589404,0.0535941436893599,CYP26B1;HOXA3;HOXA4,LumA,Suppressed
GO_Biological_Process_2023,Positive Regulation Of T Cell Proliferation (GO:0042102),5/65,0.907218015105278,0.9999961806440713,0,0,0.6048398232532449,0.0588947586043518,IL6;ANXA1;CD209;LEP;IGF1,LumA,Suppressed
GO_Biological_Process_2023,Wnt Signaling Pathway (GO:0016055),6/76,0.9103843718688048,0.9999961806440713,0,0,0.6220235628441182,0.0584007858703386,WNT6;WNT10B;SFRP1;FZD4;FZD9;FERMT2,LumA,Suppressed
GO_Biological_Process_2023,Positive Regulation Of Interleukin-6 Production (GO:0032755),6/76,0.9103843718688048,0.9999961806440713,0,0,0.6220235628441182,0.0584007858703386,IL33;IL6;TSLP;NLRP10;LEP;IL17D,LumA,Suppressed
GO_Biological_Process_2023,Positive Regulation Of Protein Secretion (GO:0050714),6/76,0.9103843718688048,0.9999961806440713,0,0,0.6220235628441182,0.0584007858703386,HCAR2;MYOM1;NNAT;PPARG;IGF1;BMP6,LumA,Suppressed
GO_Biological_Process_2023,Defense Response To Bacterium (GO:0042742),19/204,0.9126616486561407,0.9999961806440713,0,0,0.7444234234234234,0.0680329013338215,PLA2G2A;STAB2;DEFB1;DEFB132;RNASE1;MPO;AQP1;JCHAIN;IL6;SLPI;NLRP10;DMBT1;IFNE;RNASE7;S100A12;BPI;PI3;LALBA;ELANE,LumA,Suppressed
GO_Biological_Process_2023,Purine Ribonucleotide Biosynthetic Process (GO:0009152),4/55,0.9127946236311348,0.9999961806440713,0,0,0.5693175821053059,0.0519470243518062,NPR1;AMPD1;AK5;ADCY8,LumA,Suppressed
GO_Biological_Process_2023,Female Gamete Generation (GO:0007292),2/32,0.912860670580543,0.9999961806440713,0,0,0.4840987450006895,0.0441362586156041,IHO1;PTN,LumA,Suppressed
GO_Biological_Process_2023,Purine Ribonucleoside Triphosphate Metabolic Process (GO:0009205),2/32,0.912860670580543,0.9999961806440713,0,0,0.4840987450006895,0.0441362586156041,ATP1A2;ENPP3,LumA,Suppressed
GO_Biological_Process_2023,DNA Catabolic Process (GO:0006308),1/19,0.91375107342431,0.9999961806440713,0,0,0.4035244922341696,0.0363967362235005,DNASE1L3,LumA,Suppressed
GO_Biological_Process_2023,Cellular Response To Lectin (GO:1990858),1/19,0.91375107342431,0.9999961806440713,0,0,0.4035244922341696,0.0363967362235005,PAK3,LumA,Suppressed
GO_Biological_Process_2023,Epithelial Structure Maintenance (GO:0010669),1/19,0.91375107342431,0.9999961806440713,0,0,0.4035244922341696,0.0363967362235005,PIWIL4,LumA,Suppressed
GO_Biological_Process_2023,Establishment Of Epithelial Cell Polarity (GO:0090162),1/19,0.91375107342431,0.9999961806440713,0,0,0.4035244922341696,0.0363967362235005,FERMT1,LumA,Suppressed
GO_Biological_Process_2023,Heme Biosynthetic Process (GO:0006783),1/19,0.91375107342431,0.9999961806440713,0,0,0.4035244922341696,0.0363967362235005,ALAS2,LumA,Suppressed
GO_Biological_Process_2023,Insulin Secretion (GO:0030073),1/19,0.91375107342431,0.9999961806440713,0,0,0.4035244922341696,0.0363967362235005,ANXA1,LumA,Suppressed
GO_Biological_Process_2023,Leukocyte Adhesion To Vascular Endothelial Cell (GO:0061756),1/19,0.91375107342431,0.9999961806440713,0,0,0.4035244922341696,0.0363967362235005,JAM2,LumA,Suppressed
GO_Biological_Process_2023,Negative Regulation Of RNA Splicing (GO:0033119),1/19,0.91375107342431,0.9999961806440713,0,0,0.4035244922341696,0.0363967362235005,SRSF12,LumA,Suppressed
GO_Biological_Process_2023,Negative Regulation Of Execution Phase Of Apoptosis (GO:1900118),1/19,0.91375107342431,0.9999961806440713,0,0,0.4035244922341696,0.0363967362235005,CIDEA,LumA,Suppressed
GO_Biological_Process_2023,Negative Regulation Of Leukocyte Cell-Cell Adhesion (GO:1903038),1/19,0.91375107342431,0.9999961806440713,0,0,0.4035244922341696,0.0363967362235005,PPARA,LumA,Suppressed
GO_Biological_Process_2023,Negative Regulation Of Protein Dephosphorylation (GO:0035308),1/19,0.91375107342431,0.9999961806440713,0,0,0.4035244922341696,0.0363967362235005,PPP1R16B,LumA,Suppressed
GO_Biological_Process_2023,Negative Regulation Of Telomere Maintenance Via Telomerase (GO:0032211),1/19,0.91375107342431,0.9999961806440713,0,0,0.4035244922341696,0.0363967362235005,TENM1,LumA,Suppressed
GO_Biological_Process_2023,Nucleotide Biosynthetic Process (GO:0009165),1/19,0.91375107342431,0.9999961806440713,0,0,0.4035244922341696,0.0363967362235005,ME1,LumA,Suppressed
GO_Biological_Process_2023,piRNA Processing (GO:0034587),1/19,0.91375107342431,0.9999961806440713,0,0,0.4035244922341696,0.0363967362235005,PIWIL4,LumA,Suppressed
GO_Biological_Process_2023,Positive Regulation Of Activated T Cell Proliferation (GO:0042104),1/19,0.91375107342431,0.9999961806440713,0,0,0.4035244922341696,0.0363967362235005,IGF1,LumA,Suppressed
GO_Biological_Process_2023,Protein Heterooligomerization (GO:0051291),1/19,0.91375107342431,0.9999961806440713,0,0,0.4035244922341696,0.0363967362235005,GRIN2B,LumA,Suppressed
GO_Biological_Process_2023,Protein Insertion Into Membrane (GO:0051205),1/19,0.91375107342431,0.9999961806440713,0,0,0.4035244922341696,0.0363967362235005,EGFR,LumA,Suppressed
GO_Biological_Process_2023,Regulation Of B Cell Differentiation (GO:0045577),1/19,0.91375107342431,0.9999961806440713,0,0,0.4035244922341696,0.0363967362235005,SFRP1,LumA,Suppressed
GO_Biological_Process_2023,Regulation Of Centriole Replication (GO:0046599),1/19,0.91375107342431,0.9999961806440713,0,0,0.4035244922341696,0.0363967362235005,C10ORF90,LumA,Suppressed
GO_Biological_Process_2023,Regulation Of Granulocyte Chemotaxis (GO:0071622),1/19,0.91375107342431,0.9999961806440713,0,0,0.4035244922341696,0.0363967362235005,IL34,LumA,Suppressed
GO_Biological_Process_2023,Regulation Of Lymphocyte Differentiation (GO:0045619),1/19,0.91375107342431,0.9999961806440713,0,0,0.4035244922341696,0.0363967362235005,SPINK5,LumA,Suppressed
GO_Biological_Process_2023,Regulation Of Smooth Muscle Cell Migration (GO:0014910),1/19,0.91375107342431,0.9999961806440713,0,0,0.4035244922341696,0.0363967362235005,IGF1,LumA,Suppressed
GO_Biological_Process_2023,Release Of Cytochrome C From Mitochondria (GO:0001836),1/19,0.91375107342431,0.9999961806440713,0,0,0.4035244922341696,0.0363967362235005,FZD9,LumA,Suppressed
GO_Biological_Process_2023,Sphingosine Metabolic Process (GO:0006670),1/19,0.91375107342431,0.9999961806440713,0,0,0.4035244922341696,0.0363967362235005,PLPP3,LumA,Suppressed
GO_Biological_Process_2023,Stimulatory C-type Lectin Receptor Signaling Pathway (GO:0002223),1/19,0.91375107342431,0.9999961806440713,0,0,0.4035244922341696,0.0363967362235005,PAK3,LumA,Suppressed
GO_Biological_Process_2023,Regulation Of Insulin Secretion (GO:0050796),7/87,0.9142123770011048,0.9999961806440713,0,0,0.6348828772802654,0.056944152831981,SFRP1;IL6;KCNB1;NNAT;NR1H4;FAM3D;ADCY8,LumA,Suppressed
GO_Biological_Process_2023,Bone Development (GO:0060348),3/44,0.9143524038405622,0.9999961806440713,0,0,0.5312146664513002,0.0475645467002535,CYP26B1;MYOC;BMP6,LumA,Suppressed
GO_Biological_Process_2023,Regulation Of GTPase Activity (GO:0043087),20/214,0.9147594743998948,0.9999961806440713,0,0,0.7471755843285217,0.0665689495059099,CCL14;CCL13;CCL24;NTRK2;CCL23;CCL21;ODAM;CAV2;SLC6A2;CX3CL1;PREX2;MRAP;DOCK11;SFRP1;RASGEF1C;CCL18;FERMT2;CCL16;RGS6;PLXNA4,LumA,Suppressed
GO_Biological_Process_2023,Regulation Of T Cell Proliferation (GO:0042129),6/77,0.9165027026685308,0.9999961806440713,0,0,0.613227646025344,0.0534674796161747,IL6;ANXA1;CR1;CD209;LEP;PLA2G2A,LumA,Suppressed
GO_Biological_Process_2023,Positive Regulation Of Cell Projection Organization (GO:0031346),10/118,0.9175107611303376,0.9999961806440713,0,0,0.6715941761603862,0.0578181943203416,CHODL;NTRK2;NLGN1;RELN;FZD4;ALKAL2;PTN;PLXNA4;CX3CL1;DDR2,LumA,Suppressed
GO_Biological_Process_2023,Positive Regulation Of Cell Migration (GO:0030335),26/272,0.9207164744308352,0.9999961806440713,0,0,0.765630786270253,0.0632435035605107,SEMA3D;SEMA3A;TWIST2;FAM107A;SEMA3G;LAMC2;FGF1;EGFR;MYLK;HYAL1;ENPP2;CCL24;EDN1;MMP7;MYOC;F10;FZD4;CAV1;IGF1;FERMT1;BMP2;KIT;SPRY2;LGR6;FERMT2;DDR2,LumA,Suppressed
GO_Biological_Process_2023,Actin Filament Bundle Assembly (GO:0051017),2/33,0.9214622660885112,0.9999961806440713,0,0,0.46845596380477,0.0383166299530826,FAM107A;AIF1L,LumA,Suppressed
GO_Biological_Process_2023,Actin Filament Bundle Organization (GO:0061572),2/33,0.9214622660885112,0.9999961806440713,0,0,0.46845596380477,0.0383166299530826,FAM107A;AIF1L,LumA,Suppressed
GO_Biological_Process_2023,Epithelial Tube Morphogenesis (GO:0060562),2/33,0.9214622660885112,0.9999961806440713,0,0,0.46845596380477,0.0383166299530826,SOX17;MET,LumA,Suppressed
GO_Biological_Process_2023,Inositol Lipid-Mediated Signaling (GO:0048017),2/33,0.9214622660885112,0.9999961806440713,0,0,0.46845596380477,0.0383166299530826,IGF1;PIRT,LumA,Suppressed
GO_Biological_Process_2023,Negative Regulation Of Endocytosis (GO:0045806),2/33,0.9214622660885112,0.9999961806440713,0,0,0.46845596380477,0.0383166299530826,CAV1;ADIPOQ,LumA,Suppressed
GO_Biological_Process_2023,Negative Regulation Of Small Molecule Metabolic Process (GO:0062014),2/33,0.9214622660885112,0.9999961806440713,0,0,0.46845596380477,0.0383166299530826,ADIPOQ;PPARA,LumA,Suppressed
GO_Biological_Process_2023,Positive Regulation Of Cytokine Production Involved In Immune Response (GO:0002720),2/33,0.9214622660885112,0.9999961806440713,0,0,0.46845596380477,0.0383166299530826,KIT;FFAR3,LumA,Suppressed
GO_Biological_Process_2023,Regulation Of Activated T Cell Proliferation (GO:0046006),2/33,0.9214622660885112,0.9999961806440713,0,0,0.46845596380477,0.0383166299530826,PRNP;IGF1,LumA,Suppressed
GO_Biological_Process_2023,Regulation Of Protein Polymerization (GO:0032271),2/33,0.9214622660885112,0.9999961806440713,0,0,0.46845596380477,0.0383166299530826,TPPP2;PAK3,LumA,Suppressed
GO_Biological_Process_2023,Hexose Metabolic Process (GO:0019318),3/45,0.921799136267208,0.9999961806440713,0,0,0.518537133396405,0.042223408357761,APOD;ALDOC;PCK1,LumA,Suppressed
GO_Biological_Process_2023,Organonitrogen Compound Catabolic Process (GO:1901565),6/78,0.9222534258444453,0.9999961806440713,0,0,0.6046760602293134,0.0489395947119461,LVRN;ENPP2;PLA2G4A;CYP3A4;TRHDE;ELANE,LumA,Suppressed
GO_Biological_Process_2023,Negative Regulation Of Developmental Process (GO:0051093),9/109,0.9225431500881112,0.9999961806440713,0,0,0.6528174273858921,0.0526308780254951,KANK1;SFRP1;BMP2;FOXC1;BCL11A;NFIB;PPARG;MGARP;CER1,LumA,Suppressed
GO_Biological_Process_2023,DNA Methylation (GO:0006306),1/20,0.9241925783175952,0.9999961806440713,0,0,0.3822645944887031,0.03013575704469,FOS,LumA,Suppressed
GO_Biological_Process_2023,Actin Filament-Based Transport (GO:0099515),1/20,0.9241925783175952,0.9999961806440713,0,0,0.3822645944887031,0.03013575704469,MYO1H,LumA,Suppressed
GO_Biological_Process_2023,Epithelial Cilium Movement Involved In Extracellular Fluid Movement (GO:0003351),1/20,0.9241925783175952,0.9999961806440713,0,0,0.3822645944887031,0.03013575704469,AQP4,LumA,Suppressed
GO_Biological_Process_2023,Lipopolysaccharide-Mediated Signaling Pathway (GO:0031663),1/20,0.9241925783175952,0.9999961806440713,0,0,0.3822645944887031,0.03013575704469,BPI,LumA,Suppressed
GO_Biological_Process_2023,Long-Term Synaptic Potentiation (GO:0060291),1/20,0.9241925783175952,0.9999961806440713,0,0,0.3822645944887031,0.03013575704469,GRIN2B,LumA,Suppressed
GO_Biological_Process_2023,Negative Regulation Of B Cell Activation (GO:0050869),1/20,0.9241925783175952,0.9999961806440713,0,0,0.3822645944887031,0.03013575704469,SFRP1,LumA,Suppressed
GO_Biological_Process_2023,Negative Regulation Of Small GTPase Mediated Signal Transduction (GO:0051058),1/20,0.9241925783175952,0.9999961806440713,0,0,0.3822645944887031,0.03013575704469,SPRY2,LumA,Suppressed
GO_Biological_Process_2023,Negative Regulation Of Viral Life Cycle (GO:1903901),1/20,0.9241925783175952,0.9999961806440713,0,0,0.3822645944887031,0.03013575704469,GSN,LumA,Suppressed
GO_Biological_Process_2023,Positive Regulation Of Lipid Storage (GO:0010884),1/20,0.9241925783175952,0.9999961806440713,0,0,0.3822645944887031,0.03013575704469,CIDEA,LumA,Suppressed
GO_Biological_Process_2023,Receptor Metabolic Process (GO:0043112),1/20,0.9241925783175952,0.9999961806440713,0,0,0.3822645944887031,0.03013575704469,NSG1,LumA,Suppressed
GO_Biological_Process_2023,Regulation Of Macrophage Chemotaxis (GO:0010758),1/20,0.9241925783175952,0.9999961806440713,0,0,0.3822645944887031,0.03013575704469,IL34,LumA,Suppressed
GO_Biological_Process_2023,Regulation Of Meiotic Cell Cycle (GO:0051445),1/20,0.9241925783175952,0.9999961806440713,0,0,0.3822645944887031,0.03013575704469,SPATA22,LumA,Suppressed
GO_Biological_Process_2023,Regulation Of Necroptotic Process (GO:0060544),1/20,0.9241925783175952,0.9999961806440713,0,0,0.3822645944887031,0.03013575704469,FZD9,LumA,Suppressed
GO_Biological_Process_2023,Regulation Of Phosphatase Activity (GO:0010921),1/20,0.9241925783175952,0.9999961806440713,0,0,0.3822645944887031,0.03013575704469,PPP1R17,LumA,Suppressed
GO_Biological_Process_2023,Regulation Of Protein Localization To Cell Periphery (GO:1904375),1/20,0.9241925783175952,0.9999961806440713,0,0,0.3822645944887031,0.03013575704469,SPTBN1,LumA,Suppressed
GO_Biological_Process_2023,Regulation Of Spindle Organization (GO:0090224),1/20,0.9241925783175952,0.9999961806440713,0,0,0.3822645944887031,0.03013575704469,GNAI1,LumA,Suppressed
GO_Biological_Process_2023,Stress-Activated Protein Kinase Signaling Cascade (GO:0031098),1/20,0.9241925783175952,0.9999961806440713,0,0,0.3822645944887031,0.03013575704469,MAP2K6,LumA,Suppressed
GO_Biological_Process_2023,Sensory Perception Of Mechanical Stimulus (GO:0050954),7/89,0.9250376469726698,0.9999961806440713,0,0,0.619327144763985,0.0482584931310402,CLIC5;KCNE1;GRXCR2;TMIE;COL4A3;CDH23;PAX3,LumA,Suppressed
GO_Biological_Process_2023,Myeloid Cell Differentiation (GO:0030099),4/57,0.926064604597798,0.9999961806440713,0,0,0.5477713973202079,0.04207502183887,CEBPA;ALAS2;ZBTB16;KIT,LumA,Suppressed
GO_Biological_Process_2023,Regulation Of JNK Cascade (GO:0046328),9/110,0.9271932469832914,0.9999961806440713,0,0,0.6463169138490612,0.0488572091159802,EDAR;TGFBR3;PER1;CCL21;SEMA3A;EPHB1;MTURN;EGFR;KLHL31,LumA,Suppressed
GO_Biological_Process_2023,Positive Regulation Of Cell-Cell Adhesion (GO:0022409),3/46,0.9286486971767504,0.9999961806440713,0,0,0.5064492530417373,0.0374897860654346,PLPP3;CX3CL1;NODAL,LumA,Suppressed
GO_Biological_Process_2023,ATP Metabolic Process (GO:0046034),2/34,0.9292588988012536,0.9999961806440713,0,0,0.4537908564335953,0.0332936792371145,ATP1A2;ENPP3,LumA,Suppressed
GO_Biological_Process_2023,Embryonic Limb Morphogenesis (GO:0030326),2/34,0.9292588988012536,0.9999961806440713,0,0,0.4537908564335953,0.0332936792371145,CYP26B1;PTCH1,LumA,Suppressed
GO_Biological_Process_2023,Embryonic Skeletal System Development (GO:0048706),2/34,0.9292588988012536,0.9999961806440713,0,0,0.4537908564335953,0.0332936792371145,HOXA3;HOXA4,LumA,Suppressed
GO_Biological_Process_2023,Microtubule Polymerization (GO:0046785),2/34,0.9292588988012536,0.9999961806440713,0,0,0.4537908564335953,0.0332936792371145,TPPP2;MAP7D3,LumA,Suppressed
GO_Biological_Process_2023,Negative Regulation Of JNK Cascade (GO:0046329),2/34,0.9292588988012536,0.9999961806440713,0,0,0.4537908564335953,0.0332936792371145,PER1;KLHL31,LumA,Suppressed
GO_Biological_Process_2023,Negative Regulation Of Mitotic Cell Cycle (GO:0045930),2/34,0.9292588988012536,0.9999961806440713,0,0,0.4537908564335953,0.0332936792371145,CDKN1C;FOXC1,LumA,Suppressed
GO_Biological_Process_2023,Organophosphate Biosynthetic Process (GO:0090407),2/34,0.9292588988012536,0.9999961806440713,0,0,0.4537908564335953,0.0332936792371145,FGF2;DDR2,LumA,Suppressed
GO_Biological_Process_2023,Regulation Of DNA Biosynthetic Process (GO:2000278),2/34,0.9292588988012536,0.9999961806440713,0,0,0.4537908564335953,0.0332936792371145,ADIPOQ;FGF2,LumA,Suppressed
GO_Biological_Process_2023,Regulation Of Neuronal Synaptic Plasticity (GO:0048168),2/34,0.9292588988012536,0.9999961806440713,0,0,0.4537908564335953,0.0332936792371145,DRD2;GRIN2B,LumA,Suppressed
GO_Biological_Process_2023,Smoothened Signaling Pathway (GO:0007224),2/34,0.9292588988012536,0.9999961806440713,0,0,0.4537908564335953,0.0332936792371145,PTCHD1;PTCH1,LumA,Suppressed
GO_Biological_Process_2023,Cytoskeleton Organization (GO:0007010),9/111,0.9316004295023834,0.9999961806440713,0,0,0.6399438613619721,0.0453408416638628,MRAP;CCL13;CCL24;DES;DST;KRT16;SYNE3;WASF3;SH3D19,LumA,Suppressed
GO_Biological_Process_2023,Response To Molecule Of Bacterial Origin (GO:0002237),5/69,0.9316276233807272,0.9999961806440713,0,0,0.5669078811101905,0.040149600901186,IL6;SLPI;NOS1;CXCL2;SNCA,LumA,Suppressed
GO_Biological_Process_2023,Heart Development (GO:0007507),15/171,0.9326987976188904,0.9999961806440713,0,0,0.6969553948547293,0.0485589470134989,MYOCD;FOXC1;TBXT;SGCZ;BMP5;TGFBR2;TGFBR3;BMP2;PDLIM3;SOX17;MYL2;GPC3;ALPK3;CER1;SGCG,LumA,Suppressed
GO_Biological_Process_2023,Calcium Ion Transmembrane Transport (GO:0070588),6/80,0.9327206922275348,0.9999961806440713,0,0,0.5882662604585522,0.0409724439646852,TRPM1;CACNA2D1;TRPM6;GRIN2B;RYR3;TRPM3,LumA,Suppressed
GO_Biological_Process_2023,Anaphase-Promoting Complex-Dependent Catabolic Process (GO:0031145),1/21,0.9333704357194174,0.9999961806440713,0,0,0.3631306865177833,0.0250389937016643,ECRG4,LumA,Suppressed
GO_Biological_Process_2023,Antigen Processing And Presentation Of Endogenous Peptide Antigen (GO:0002483),1/21,0.9333704357194174,0.9999961806440713,0,0,0.3631306865177833,0.0250389937016643,ULBP3,LumA,Suppressed
GO_Biological_Process_2023,Chaperone-Mediated Protein Complex Assembly (GO:0051131),1/21,0.9333704357194174,0.9999961806440713,0,0,0.3631306865177833,0.0250389937016643,TMEM35A,LumA,Suppressed
GO_Biological_Process_2023,Innate Immune Response In Mucosa (GO:0002227),1/21,0.9333704357194174,0.9999961806440713,0,0,0.3631306865177833,0.0250389937016643,DEFB1,LumA,Suppressed
GO_Biological_Process_2023,Macrophage Differentiation (GO:0030225),1/21,0.9333704357194174,0.9999961806440713,0,0,0.3631306865177833,0.0250389937016643,IL33,LumA,Suppressed
GO_Biological_Process_2023,Mitochondrial Calcium Ion Homeostasis (GO:0051560),1/21,0.9333704357194174,0.9999961806440713,0,0,0.3631306865177833,0.0250389937016643,MICU3,LumA,Suppressed
GO_Biological_Process_2023,Negative Regulation Of Osteoclast Differentiation (GO:0045671),1/21,0.9333704357194174,0.9999961806440713,0,0,0.3631306865177833,0.0250389937016643,TMEM178A,LumA,Suppressed
GO_Biological_Process_2023,Negative Regulation Of Tumor Necrosis Factor-Mediated Signaling Pathway (GO:0010804),1/21,0.9333704357194174,0.9999961806440713,0,0,0.3631306865177833,0.0250389937016643,CCDC3,LumA,Suppressed
GO_Biological_Process_2023,Porphyrin-Containing Compound Biosynthetic Process (GO:0006779),1/21,0.9333704357194174,0.9999961806440713,0,0,0.3631306865177833,0.0250389937016643,ALAS2,LumA,Suppressed
GO_Biological_Process_2023,Positive Regulation Of T Cell Cytokine Production (GO:0002726),1/21,0.9333704357194174,0.9999961806440713,0,0,0.3631306865177833,0.0250389937016643,IL6,LumA,Suppressed
GO_Biological_Process_2023,Positive Regulation Of Granulocyte Chemotaxis (GO:0071624),1/21,0.9333704357194174,0.9999961806440713,0,0,0.3631306865177833,0.0250389937016643,CCL21,LumA,Suppressed
GO_Biological_Process_2023,Positive Regulation Of Interferon-Alpha Production (GO:0032727),1/21,0.9333704357194174,0.9999961806440713,0,0,0.3631306865177833,0.0250389937016643,NMB,LumA,Suppressed
GO_Biological_Process_2023,Positive Regulation Of Smoothened Signaling Pathway (GO:0045880),1/21,0.9333704357194174,0.9999961806440713,0,0,0.3631306865177833,0.0250389937016643,SFRP1,LumA,Suppressed
GO_Biological_Process_2023,Protein Mannosylation (GO:0035268),1/21,0.9333704357194174,0.9999961806440713,0,0,0.3631306865177833,0.0250389937016643,TMTC1,LumA,Suppressed
GO_Biological_Process_2023,Regulation Of Cardiac Conduction (GO:1903779),1/21,0.9333704357194174,0.9999961806440713,0,0,0.3631306865177833,0.0250389937016643,ANK2,LumA,Suppressed
GO_Biological_Process_2023,Regulation Of Cell-Substrate Junction Assembly (GO:0090109),1/21,0.9333704357194174,0.9999961806440713,0,0,0.3631306865177833,0.0250389937016643,GPM6B,LumA,Suppressed
GO_Biological_Process_2023,Regulation Of Dendritic Spine Development (GO:0060998),1/21,0.9333704357194174,0.9999961806440713,0,0,0.3631306865177833,0.0250389937016643,NLGN1,LumA,Suppressed
GO_Biological_Process_2023,Regulation Of Transferase Activity (GO:0051338),1/21,0.9333704357194174,0.9999961806440713,0,0,0.3631306865177833,0.0250389937016643,LDB2,LumA,Suppressed
GO_Biological_Process_2023,Zinc Ion Transmembrane Transport (GO:0071577),1/21,0.9333704357194174,0.9999961806440713,0,0,0.3631306865177833,0.0250389937016643,SLC39A12,LumA,Suppressed
GO_Biological_Process_2023,Regulation Of Actin Cytoskeleton Organization (GO:0032956),7/91,0.9346519385737628,0.9999961806440713,0,0,0.6045121614151465,0.0408535830541448,CSF3;ODAM;FAM107A;NRG1;PAK3;CORO2B;GPM6B,LumA,Suppressed
GO_Biological_Process_2023,Epithelial To Mesenchymal Transition (GO:0001837),3/47,0.9349425676695622,0.9999961806440713,0,0,0.4949108217940999,0.0332927383498741,TGFBR3;BMP2;IGF1,LumA,Suppressed
GO_Biological_Process_2023,Positive Regulation Of Macromolecule Biosynthetic Process (GO:0010557),10/122,0.9350272692486168,0.9999961806440713,0,0,0.6474604162960327,0.0434961221658434,FCER2;IL33;IL6;CCL21;SAMD4A;IGF1;SORBS1;KLF4;FGF2;LARP6,LumA,Suppressed
GO_Biological_Process_2023,Cellular Response To Amino Acid Stimulus (GO:0071230),2/35,0.9363193611033784,0.9999961806440713,0,0,0.4400145434485525,0.0289523686327367,SPAAR;RRAGD,LumA,Suppressed
GO_Biological_Process_2023,Regulation Of G2/M Transition Of Mitotic Cell Cycle (GO:0010389),2/35,0.9363193611033784,0.9999961806440713,0,0,0.4400145434485525,0.0289523686327367,KCNH5;FHL1,LumA,Suppressed
GO_Biological_Process_2023,Regulation Of Axon Extension (GO:0030516),2/35,0.9363193611033784,0.9999961806440713,0,0,0.4400145434485525,0.0289523686327367,SEMA3A;SEMA3G,LumA,Suppressed
GO_Biological_Process_2023,Regulation Of Regulated Secretory Pathway (GO:1903305),2/35,0.9363193611033784,0.9999961806440713,0,0,0.4400145434485525,0.0289523686327367,RIMS3;SYT8,LumA,Suppressed
GO_Biological_Process_2023,Regulation Of Cellular Biosynthetic Process (GO:0031326),5/70,0.9367554789677626,0.9999961806440713,0,0,0.5581543560002549,0.0364658943064257,PDK4;NR1H4;FFAR3;CYP7A1;CES1,LumA,Suppressed
GO_Biological_Process_2023,Sensory Perception Of Light Stimulus (GO:0050953),8/102,0.9370599376291966,0.9999961806440713,0,0,0.6172771958311639,0.0401279752071001,TRPM1;EFEMP1;AOC2;CRYBG3;CDH23;POU6F2;RPE65;CNGB1,LumA,Suppressed
GO_Biological_Process_2023,Negative Regulation Of Cytokine-Mediated Signaling Pathway (GO:0001960),4/59,0.9374865357517532,0.9999961806440713,0,0,0.5277922077922078,0.0340705086936043,IL6;PADI2;PPARG;CCDC3,LumA,Suppressed
GO_Biological_Process_2023,Positive Regulation Of Protein Binding (GO:0032092),4/59,0.9374865357517532,0.9999961806440713,0,0,0.5277922077922078,0.0340705086936043,CLDN5;CSF3;BMP2;CAV1,LumA,Suppressed
GO_Biological_Process_2023,Positive Regulation Of Proteolysis (GO:0045862),4/59,0.9374865357517532,0.9999961806440713,0,0,0.5277922077922078,0.0340705086936043,CCBE1;ANGPTL8;GPLD1;SH3D19,LumA,Suppressed
GO_Biological_Process_2023,Modulation Of Chemical Synaptic Transmission (GO:0050804),10/123,0.9388674040979592,0.9999961806440713,0,0,0.6416939427001253,0.0404787080728647,NPAS4;NLGN1;RIMS3;RELN;CHRNA7;ADIPOQ;ATP1A2;DRD2;DLGAP2;GRIA4,LumA,Suppressed
GO_Biological_Process_2023,Cellular Response To Radiation (GO:0071478),3/48,0.9407202017810518,0.9999961806440713,0,0,0.4838852097130243,0.0295699953058627,TRPM1;RGR;SLC6A2,LumA,Suppressed
GO_Biological_Process_2023,Regulation Of DNA Binding (GO:0051101),3/48,0.9407202017810518,0.9999961806440713,0,0,0.4838852097130243,0.0295699953058627,FOXC1;PPARG;IGF1,LumA,Suppressed
GO_Biological_Process_2023,Fc Receptor Mediated Stimulatory Signaling Pathway (GO:0002431),1/22,0.9414375182875196,0.9999961806440713,0,0,0.3458190554964748,0.0208692452828126,NR4A3,LumA,Suppressed
GO_Biological_Process_2023,Dendritic Cell Differentiation (GO:0097028),1/22,0.9414375182875196,0.9999961806440713,0,0,0.3458190554964748,0.0208692452828126,TGFBR2,LumA,Suppressed
GO_Biological_Process_2023,Membrane Protein Ectodomain Proteolysis (GO:0006509),1/22,0.9414375182875196,0.9999961806440713,0,0,0.3458190554964748,0.0208692452828126,MMP7,LumA,Suppressed
GO_Biological_Process_2023,Natural Killer Cell Activation Involved In Immune Response (GO:0002323),1/22,0.9414375182875196,0.9999961806440713,0,0,0.3458190554964748,0.0208692452828126,IFNE,LumA,Suppressed
GO_Biological_Process_2023,Natural Killer Cell Mediated Immunity (GO:0002228),1/22,0.9414375182875196,0.9999961806440713,0,0,0.3458190554964748,0.0208692452828126,ULBP3,LumA,Suppressed
GO_Biological_Process_2023,Negative Regulation Of Axonogenesis (GO:0050771),1/22,0.9414375182875196,0.9999961806440713,0,0,0.3458190554964748,0.0208692452828126,SEMA3G,LumA,Suppressed
GO_Biological_Process_2023,Negative Regulation Of Cell Communication (GO:0010648),1/22,0.9414375182875196,0.9999961806440713,0,0,0.3458190554964748,0.0208692452828126,ADIPOQ,LumA,Suppressed
GO_Biological_Process_2023,Negative Regulation Of Extrinsic Apoptotic Signaling Pathway In Absence Of Ligand (GO:2001240),1/22,0.9414375182875196,0.9999961806440713,0,0,0.3458190554964748,0.0208692452828126,PF4,LumA,Suppressed
GO_Biological_Process_2023,Negative Regulation Of Signal Transduction In Absence Of Ligand (GO:1901099),1/22,0.9414375182875196,0.9999961806440713,0,0,0.3458190554964748,0.0208692452828126,PF4,LumA,Suppressed
GO_Biological_Process_2023,Regulation Of Protein Export From Nucleus (GO:0046825),1/22,0.9414375182875196,0.9999961806440713,0,0,0.3458190554964748,0.0208692452828126,PTPN14,LumA,Suppressed
GO_Biological_Process_2023,Regulation Of Regulatory T Cell Differentiation (GO:0045589),1/22,0.9414375182875196,0.9999961806440713,0,0,0.3458190554964748,0.0208692452828126,CR1,LumA,Suppressed
GO_Biological_Process_2023,Response To Gamma Radiation (GO:0010332),1/22,0.9414375182875196,0.9999961806440713,0,0,0.3458190554964748,0.0208692452828126,CRYAB,LumA,Suppressed
GO_Biological_Process_2023,Negative Regulation Of Protein Kinase B Signaling (GO:0051898),2/36,0.9427075880462878,0.9999961806440713,0,0,0.4270486018155711,0.025195496548362,DRD2;PPARA,LumA,Suppressed
GO_Biological_Process_2023,Receptor Signaling Pathway Via JAK-STAT (GO:0007259),2/36,0.9427075880462878,0.9999961806440713,0,0,0.4270486018155711,0.025195496548362,GHR;LEP,LumA,Suppressed
GO_Biological_Process_2023,Regulation Of Erythrocyte Differentiation (GO:0045646),2/36,0.9427075880462878,0.9999961806440713,0,0,0.4270486018155711,0.025195496548362,ZFP36;HOXA5,LumA,Suppressed
GO_Biological_Process_2023,Substrate Adhesion-Dependent Cell Spreading (GO:0034446),2/36,0.9427075880462878,0.9999961806440713,0,0,0.4270486018155711,0.025195496548362,TYRO3;FERMT2,LumA,Suppressed
GO_Biological_Process_2023,Positive Regulation Of Cellular Component Biogenesis (GO:0044089),7/93,0.9431634055350818,0.9999961806440713,0,0,0.5903862470592772,0.0345468814696836,HYAL1;SYNPO2;CLDN19;HAS3;NRG1;SYNPO;CX3CL1,LumA,Suppressed
GO_Biological_Process_2023,Negative Regulation Of Canonical Wnt Signaling Pathway (GO:0090090),9/114,0.943460889352004,0.9999961806440713,0,0,0.6215530527563723,0.0361746162526448,IGFBP1;CCL14;SFRP1;BMP2;SOX17;TMEM88;CAV1;IGFBP6;RBMS3,LumA,Suppressed
GO_Biological_Process_2023,Regulation Of Interleukin-6 Production (GO:0032675),9/114,0.943460889352004,0.9999961806440713,0,0,0.6215530527563723,0.0361746162526448,IL33;NMB;IL6;TSLP;NLRP10;LEP;BPI;IL17D;CX3CL1,LumA,Suppressed
GO_Biological_Process_2023,Response To Cytokine (GO:0034097),10/125,0.9459588188335374,0.9999961806440713,0,0,0.6304618550002707,0.0350260918712472,CSF3;PID1;ANXA1;MME;ALDH1A2;ADIPOQ;LIFR;AKAP6;TIMP4;SNCA,LumA,Suppressed
GO_Biological_Process_2023,Erythrocyte Differentiation (GO:0030218),3/49,0.9460189994937394,0.9999961806440713,0,0,0.4733389720702562,0.0262668225958912,TGFBR3;ALAS2;KIT,LumA,Suppressed
GO_Biological_Process_2023,Fatty Acid Beta-Oxidation (GO:0006635),3/49,0.9460189994937394,0.9999961806440713,0,0,0.4733389720702562,0.0262668225958912,ABCD2;ACADL;ADIPOQ,LumA,Suppressed
GO_Biological_Process_2023,Negative Regulation Of Cysteine-Type Endopeptidase Activity Involved In Apoptotic Process (GO:0043154),3/49,0.9460189994937394,0.9999961806440713,0,0,0.4733389720702562,0.0262668225958912,KLF4;AQP1;SNCA,LumA,Suppressed
GO_Biological_Process_2023,Negative Regulation Of Stress-Activated MAPK Cascade (GO:0032873),2/37,0.9484828256497267,0.9999961806440713,0,0,0.4148235711330457,0.0219406809945845,PER1;KLHL31,LumA,Suppressed
GO_Biological_Process_2023,Negative Regulation Of Transferase Activity (GO:0051348),2/37,0.9484828256497267,0.9999961806440713,0,0,0.4148235711330457,0.0219406809945845,CDKN1C;ZFP36,LumA,Suppressed
GO_Biological_Process_2023,Negative Regulation Of MAPK Cascade (GO:0043409),8/105,0.9485218857485992,0.9999961806440713,0,0,0.5980835261067188,0.0316089630441113,RGS2;BMP2;CAV3;LMO3;CAV1;ADIPOQ;SPRY2;PPARG,LumA,Suppressed
GO_Biological_Process_2023,Positive Regulation Of Stress-Activated MAPK Cascade (GO:0032874),8/105,0.9485218857485992,0.9999961806440713,0,0,0.5980835261067188,0.0316089630441113,EDAR;BMP2;CCL21;SEMA3A;LEP;IGFBP6;MID1;MTURN,LumA,Suppressed
GO_Biological_Process_2023,Actin Nucleation (GO:0045010),1/23,0.9485282110817824,0.9999961806440713,0,0,0.3300812091134671,0.017442727973639,LMOD1,LumA,Suppressed
GO_Biological_Process_2023,Axon Extension (GO:0048675),1/23,0.9485282110817824,0.9999961806440713,0,0,0.3300812091134671,0.017442727973639,SEMA3A,LumA,Suppressed
GO_Biological_Process_2023,Cholesterol Efflux (GO:0033344),1/23,0.9485282110817824,0.9999961806440713,0,0,0.3300812091134671,0.017442727973639,ABCA8,LumA,Suppressed
GO_Biological_Process_2023,Cytosolic Pattern Recognition Receptor Signaling Pathway (GO:0002753),1/23,0.9485282110817824,0.9999961806440713,0,0,0.3300812091134671,0.017442727973639,MAP2K6,LumA,Suppressed
GO_Biological_Process_2023,Entrainment Of Circadian Clock By Photoperiod (GO:0043153),1/23,0.9485282110817824,0.9999961806440713,0,0,0.3300812091134671,0.017442727973639,PER1,LumA,Suppressed
GO_Biological_Process_2023,Lymphocyte Activation Involved In Immune Response (GO:0002285),1/23,0.9485282110817824,0.9999961806440713,0,0,0.3300812091134671,0.017442727973639,IFNE,LumA,Suppressed
GO_Biological_Process_2023,Negative Regulation Of Epidermal Growth Factor Receptor Signaling Pathway (GO:0042059),1/23,0.9485282110817824,0.9999961806440713,0,0,0.3300812091134671,0.017442727973639,EGFR,LumA,Suppressed
GO_Biological_Process_2023,Negative Regulation Of Extrinsic Apoptotic Signaling Pathway Via Death Domain Receptors (GO:1902042),1/23,0.9485282110817824,0.9999961806440713,0,0,0.3300812091134671,0.017442727973639,BMP5,LumA,Suppressed
GO_Biological_Process_2023,Negative Regulation Of Neuron Differentiation (GO:0045665),1/23,0.9485282110817824,0.9999961806440713,0,0,0.3300812091134671,0.017442727973639,DTX1,LumA,Suppressed
GO_Biological_Process_2023,Positive Regulation Of Neuron Apoptotic Process (GO:0043525),1/23,0.9485282110817824,0.9999961806440713,0,0,0.3300812091134671,0.017442727973639,PRNP,LumA,Suppressed
GO_Biological_Process_2023,Regulation Of Cell Junction Assembly (GO:1901888),1/23,0.9485282110817824,0.9999961806440713,0,0,0.3300812091134671,0.017442727973639,CLDN19,LumA,Suppressed
GO_Biological_Process_2023,Regulation Of Myotube Differentiation (GO:0010830),1/23,0.9485282110817824,0.9999961806440713,0,0,0.3300812091134671,0.017442727973639,SMYD1,LumA,Suppressed
GO_Biological_Process_2023,"Regulation Of Nuclear-Transcribed mRNA Catabolic Process, Deadenylation-Dependent Decay (GO:1900151)",1/23,0.9485282110817824,0.9999961806440713,0,0,0.3300812091134671,0.017442727973639,ZFP36,LumA,Suppressed
GO_Biological_Process_2023,Positive Regulation Of Developmental Growth (GO:0048639),3/50,0.950874303484362,0.9999961806440713,0,0,0.4632415104973932,0.0233350490546675,GHR;RNF157;LEP,LumA,Suppressed
GO_Biological_Process_2023,Regulation Of G1/S Transition Of Mitotic Cell Cycle (GO:2000045),8/106,0.951908414369438,0.9999961806440713,0,0,0.5919467745621683,0.0291749564165427,ANXA1;CDKN2C;ADAMTS1;HYAL1;FHL1;FAM107A;KLF4;EGFR,LumA,Suppressed
GO_Biological_Process_2023,Regulation Of Anatomical Structure Morphogenesis (GO:0022603),10/127,0.9523182600462802,0.9999961806440713,0,0,0.6196137702987018,0.0302718462025724,CRB2;SFRP1;IL6;PID1;BMPER;LEP;PAK3;FGF2;FERMT2;SH3D19,LumA,Suppressed
GO_Biological_Process_2023,Regulation Of Tumor Necrosis Factor Production (GO:0032680),10/127,0.9523182600462802,0.9999961806440713,0,0,0.6196137702987018,0.0302718462025724,IL33;ZFP36;IL6;CHRNA7;CIDEA;NR1H4;BPI;IGF1;CX3CL1;PF4,LumA,Suppressed
GO_Biological_Process_2023,Integrin-Mediated Signaling Pathway (GO:0007229),6/85,0.9536172876482036,0.9999961806440713,0,0,0.5508768432593494,0.0261627134942185,DST;ADAMTS1;ITGA7;PTN;PLPP3;FERMT2,LumA,Suppressed
GO_Biological_Process_2023,Positive Regulation Of Amide Metabolic Process (GO:0034250),6/85,0.9536172876482036,0.9999961806440713,0,0,0.5508768432593494,0.0261627134942185,IL6;CHRNA7;PSG1;NR1H4;SAMD4A;LARP6,LumA,Suppressed
GO_Biological_Process_2023,Import Into Cell (GO:0098657),2/38,0.9536998288852792,0.9999961806440713,0,0,0.4032777088217717,0.019117904781378,SLC6A14;SLC1A3,LumA,Suppressed
GO_Biological_Process_2023,Membrane Assembly (GO:0071709),2/38,0.9536998288852792,0.9999961806440713,0,0,0.4032777088217717,0.019117904781378,NLGN1;SPTBN1,LumA,Suppressed
GO_Biological_Process_2023,Positive Regulation Of Myoblast Differentiation (GO:0045663),2/38,0.9536998288852792,0.9999961806440713,0,0,0.4032777088217717,0.019117904781378,BOC;SMYD1,LumA,Suppressed
GO_Biological_Process_2023,Positive Regulation Of Production Of Molecular Mediator Of Immune Response (GO:0002702),2/38,0.9536998288852792,0.9999961806440713,0,0,0.4032777088217717,0.019117904781378,IL6;FFAR3,LumA,Suppressed
GO_Biological_Process_2023,Regulation Of Intracellular Transport (GO:0032386),2/38,0.9536998288852792,0.9999961806440713,0,0,0.4032777088217717,0.019117904781378,SH3TC2;CRYAB,LumA,Suppressed
GO_Biological_Process_2023,Signal Release From Synapse (GO:0099643),2/38,0.9536998288852792,0.9999961806440713,0,0,0.4032777088217717,0.019117904781378,SYN2;SNCA,LumA,Suppressed
GO_Biological_Process_2023,Negative Regulation Of Cell Population Proliferation (GO:0008285),36/379,0.953738020113333,0.9999961806440713,0,0,0.7592262490992441,0.0359617058540099,CDKN1C;TENM1;CEBPA;CXCL1;ACVR1C;ADAMTS1;APOD;IGFBP6;DRD2;SOX7;PPARGC1A;CER1;FGFBP1;CCL23;MYOCD;CDKN2C;TESC;AVPR2;P3H2;NRG1;PROX1;GDF5;PTPN14;BMP5;TGFBR3;SFRP1;BMP2;IL6;SST;FABP7;ALDH1A2;COL4A3;CLDN19;PPARG;GPLD1;NODAL,LumA,Suppressed
GO_Biological_Process_2023,ERK1 And ERK2 Cascade (GO:0070371),1/24,0.954760646788334,0.9999961806440713,0,0,0.3157118711115906,0.0146157552777211,IGF1,LumA,Suppressed
GO_Biological_Process_2023,Lipid Translocation (GO:0034204),1/24,0.954760646788334,0.9999961806440713,0,0,0.3157118711115906,0.0146157552777211,ABCB1,LumA,Suppressed
GO_Biological_Process_2023,Natural Killer Cell Mediated Cytotoxicity (GO:0042267),1/24,0.954760646788334,0.9999961806440713,0,0,0.3157118711115906,0.0146157552777211,ULBP3,LumA,Suppressed
GO_Biological_Process_2023,Negative Regulation Of Antigen Receptor-Mediated Signaling Pathway (GO:0050858),1/24,0.954760646788334,0.9999961806440713,0,0,0.3157118711115906,0.0146157552777211,PRNP,LumA,Suppressed
GO_Biological_Process_2023,Negative Regulation Of Ossification (GO:0030279),1/24,0.954760646788334,0.9999961806440713,0,0,0.3157118711115906,0.0146157552777211,SFRP1,LumA,Suppressed
GO_Biological_Process_2023,Outflow Tract Septum Morphogenesis (GO:0003148),1/24,0.954760646788334,0.9999961806440713,0,0,0.3157118711115906,0.0146157552777211,TGFBR2,LumA,Suppressed
GO_Biological_Process_2023,Peroxisome Organization (GO:0007031),1/24,0.954760646788334,0.9999961806440713,0,0,0.3157118711115906,0.0146157552777211,ABCD2,LumA,Suppressed
GO_Biological_Process_2023,Photoperiodism (GO:0009648),1/24,0.954760646788334,0.9999961806440713,0,0,0.3157118711115906,0.0146157552777211,PER1,LumA,Suppressed
GO_Biological_Process_2023,Protein Exit From Endoplasmic Reticulum (GO:0032527),1/24,0.954760646788334,0.9999961806440713,0,0,0.3157118711115906,0.0146157552777211,MAP1LC3C,LumA,Suppressed
GO_Biological_Process_2023,Regulation Of Actin Nucleation (GO:0051125),1/24,0.954760646788334,0.9999961806440713,0,0,0.3157118711115906,0.0146157552777211,GSN,LumA,Suppressed
GO_Biological_Process_2023,Regulation Of Cytokine Production Involved In Immune Response (GO:0002718),1/24,0.954760646788334,0.9999961806440713,0,0,0.3157118711115906,0.0146157552777211,FFAR3,LumA,Suppressed
GO_Biological_Process_2023,Regulation Of Heterotypic Cell-Cell Adhesion (GO:0034114),1/24,0.954760646788334,0.9999961806440713,0,0,0.3157118711115906,0.0146157552777211,KLF4,LumA,Suppressed
GO_Biological_Process_2023,Secondary Alcohol Biosynthetic Process (GO:1902653),1/24,0.954760646788334,0.9999961806440713,0,0,0.3157118711115906,0.0146157552777211,CES1,LumA,Suppressed
GO_Biological_Process_2023,Microtubule Bundle Formation (GO:0001578),3/51,0.9553194190886448,0.9999961806440713,0,0,0.4535647764900662,0.020732230115548,RP1L1;TPPP2;CAPN6,LumA,Suppressed
GO_Biological_Process_2023,Positive Regulation Of Ras Protein Signal Transduction (GO:0046579),3/51,0.9553194190886448,0.9999961806440713,0,0,0.4535647764900662,0.020732230115548,GPR17;IGF1;SLC6A2,LumA,Suppressed
GO_Biological_Process_2023,Regulated Exocytosis (GO:0045055),3/51,0.9553194190886448,0.9999961806440713,0,0,0.4535647764900662,0.020732230115548,CRHBP;RIMS3;SNCA,LumA,Suppressed
GO_Biological_Process_2023,Regulation Of Smoothened Signaling Pathway (GO:0008589),3/51,0.9553194190886448,0.9999961806440713,0,0,0.4535647764900662,0.020732230115548,SFRP1;PTCH1;GPC3,LumA,Suppressed
GO_Biological_Process_2023,Positive Regulation Of Mitotic Cell Cycle Phase Transition (GO:1901992),4/63,0.9556490029858656,0.9999961806440713,0,0,0.4918973927080043,0.0223147211004121,ANXA1;ADAMTS1;HYAL1;EGFR,LumA,Suppressed
GO_Biological_Process_2023,Response To Lipopolysaccharide (GO:0032496),13/159,0.956169245254335,0.9999961806440713,0,0,0.6452333777428575,0.0289195837668389,CXCL6;CXCL1;PPBP;CXCL3;CXCL2;CXCL5;ZFP36;IL6;SLPI;NOS1;PF4V1;SNCA;PF4,LumA,Suppressed
GO_Biological_Process_2023,Negative Regulation Of Protein Phosphorylation (GO:0001933),12/149,0.9565251488589094,0.9999961806440713,0,0,0.6347908624177051,0.0282153098531318,PRNP;MLXIPL;SFRP1;PID1;CAV3;CAV1;SPRY2;PPARG;DMD;PLPP3;KLHL31;SNCA,LumA,Suppressed
GO_Biological_Process_2023,Regulation Of Stress Fiber Assembly (GO:0051492),5/75,0.957560011244436,0.9999961806440713,0,0,0.5181382412119777,0.0224700415012664,SFRP1;TMEFF2;MYOC;MET;FERMT2,LumA,Suppressed
GO_Biological_Process_2023,Axonal Transport (GO:0098930),2/39,0.958409081658652,0.9999961806440713,0,0,0.392355947175972,0.0166675065591651,DST;MGARP,LumA,Suppressed
GO_Biological_Process_2023,Negative Regulation Of Lymphocyte Proliferation (GO:0050672),2/39,0.958409081658652,0.9999961806440713,0,0,0.392355947175972,0.0166675065591651,CR1;PLA2G2A,LumA,Suppressed
GO_Biological_Process_2023,"Nuclear-Transcribed mRNA Catabolic Process, Deadenylation-Dependent Decay (GO:0000288)",2/39,0.958409081658652,0.9999961806440713,0,0,0.392355947175972,0.0166675065591651,ZFP36;SAMD4A,LumA,Suppressed
GO_Biological_Process_2023,Positive Regulation Of Intracellular Transport (GO:0032388),2/39,0.958409081658652,0.9999961806440713,0,0,0.392355947175972,0.0166675065591651,TENM1;PLA2G4E,LumA,Suppressed
GO_Biological_Process_2023,Regulation Of Receptor-Mediated Endocytosis (GO:0048259),2/39,0.958409081658652,0.9999961806440713,0,0,0.392355947175972,0.0166675065591651,CCL21;RSPO1,LumA,Suppressed
GO_Biological_Process_2023,Neuron Development (GO:0048666),12/150,0.9590491898141948,0.9999961806440713,0,0,0.6301548021170138,0.026348607661812,ALK;RP1L1;TENM1;NTRK2;IL6;TENM2;NLGN1;ADGRF1;TNXB;MYOC;LGI4;DMD,LumA,Suppressed
GO_Biological_Process_2023,Cardiac Conduction System Development (GO:0003161),1/25,0.9602386706559104,0.9999961806440713,0,0,0.3025399779432037,0.0122750786128707,SCN5A,LumA,Suppressed
GO_Biological_Process_2023,Cholesterol Biosynthetic Process (GO:0006695),1/25,0.9602386706559104,0.9999961806440713,0,0,0.3025399779432037,0.0122750786128707,CES1,LumA,Suppressed
GO_Biological_Process_2023,Negative Regulation Of TORC1 Signaling (GO:1904262),1/25,0.9602386706559104,0.9999961806440713,0,0,0.3025399779432037,0.0122750786128707,SPAAR,LumA,Suppressed
GO_Biological_Process_2023,Negative Regulation Of Telomere Maintenance Via Telomere Lengthening (GO:1904357),1/25,0.9602386706559104,0.9999961806440713,0,0,0.3025399779432037,0.0122750786128707,TENM1,LumA,Suppressed
GO_Biological_Process_2023,Negative Regulation Of Transposition (GO:0010529),1/25,0.9602386706559104,0.9999961806440713,0,0,0.3025399779432037,0.0122750786128707,PIWIL4,LumA,Suppressed
GO_Biological_Process_2023,Organophosphate Ester Transport (GO:0015748),1/25,0.9602386706559104,0.9999961806440713,0,0,0.3025399779432037,0.0122750786128707,PLTP,LumA,Suppressed
GO_Biological_Process_2023,Osteoclast Differentiation (GO:0030316),1/25,0.9602386706559104,0.9999961806440713,0,0,0.3025399779432037,0.0122750786128707,BMP2,LumA,Suppressed
GO_Biological_Process_2023,Positive Regulation Of T Cell Migration (GO:2000406),1/25,0.9602386706559104,0.9999961806440713,0,0,0.3025399779432037,0.0122750786128707,CCL21,LumA,Suppressed
GO_Biological_Process_2023,Positive Regulation Of Interleukin-2 Production (GO:0032743),1/25,0.9602386706559104,0.9999961806440713,0,0,0.3025399779432037,0.0122750786128707,SPTBN1,LumA,Suppressed
GO_Biological_Process_2023,Regulation Of B Cell Activation (GO:0050864),1/25,0.9602386706559104,0.9999961806440713,0,0,0.3025399779432037,0.0122750786128707,IL6,LumA,Suppressed
GO_Biological_Process_2023,Regulation Of Lysosomal Lumen pH (GO:0035751),1/25,0.9602386706559104,0.9999961806440713,0,0,0.3025399779432037,0.0122750786128707,OCA2,LumA,Suppressed
GO_Biological_Process_2023,Regulation Of Monocyte Chemotaxis (GO:0090025),1/25,0.9602386706559104,0.9999961806440713,0,0,0.3025399779432037,0.0122750786128707,DEFB124,LumA,Suppressed
GO_Biological_Process_2023,Regulation Of Neutrophil Chemotaxis (GO:0090022),1/25,0.9602386706559104,0.9999961806440713,0,0,0.3025399779432037,0.0122750786128707,CCL21,LumA,Suppressed
GO_Biological_Process_2023,Response To dsRNA (GO:0043331),1/25,0.9602386706559104,0.9999961806440713,0,0,0.3025399779432037,0.0122750786128707,IFNE,LumA,Suppressed
GO_Biological_Process_2023,"Wound Healing, Spreading Of Cells (GO:0044319)",1/25,0.9602386706559104,0.9999961806440713,0,0,0.3025399779432037,0.0122750786128707,TMEFF2,LumA,Suppressed
GO_Biological_Process_2023,Positive Regulation Of Cysteine-Type Endopeptidase Activity Involved In Apoptotic Process (GO:0043280),8/109,0.960906990902816,0.9999961806440713,0,0,0.574265638923909,0.0229003689543715,NGFR;ACVR1C;GSN;COL4A3;PPARG;SOX7;NODAL;SNCA,LumA,Suppressed
GO_Biological_Process_2023,Notch Signaling Pathway (GO:0007219),2/40,0.9626570278732732,0.9999961806440713,0,0,0.3820090150904775,0.0145385297657816,BMP2;DTX1,LumA,Suppressed
GO_Biological_Process_2023,Aortic Valve Development (GO:0003176),2/40,0.9626570278732732,0.9999961806440713,0,0,0.3820090150904775,0.0145385297657816,BMP2;TGFBR2,LumA,Suppressed
GO_Biological_Process_2023,Positive Regulation Of Catalytic Activity (GO:0043085),2/40,0.9626570278732732,0.9999961806440713,0,0,0.3820090150904775,0.0145385297657816,FTMT;CAV1,LumA,Suppressed
GO_Biological_Process_2023,Protein Localization To Cilium (GO:0061512),2/40,0.9626570278732732,0.9999961806440713,0,0,0.3820090150904775,0.0145385297657816,ROPN1B;ROPN1,LumA,Suppressed
GO_Biological_Process_2023,Regulation Of Microtubule Cytoskeleton Organization (GO:0070507),2/40,0.9626570278732732,0.9999961806440713,0,0,0.3820090150904775,0.0145385297657816,FAM107A;MID1,LumA,Suppressed
GO_Biological_Process_2023,Water-Soluble Vitamin Metabolic Process (GO:0006767),2/40,0.9626570278732732,0.9999961806440713,0,0,0.3820090150904775,0.0145385297657816,CUBN;SLC19A3,LumA,Suppressed
GO_Biological_Process_2023,Glycoprotein Metabolic Process (GO:0009100),3/53,0.9631023464740964,0.9999961806440713,0,0,0.4353725165562914,0.0163680883894513,ST8SIA1;ST8SIA2;ST6GALNAC3,LumA,Suppressed
GO_Biological_Process_2023,Positive Regulation Of Plasma Membrane Bounded Cell Projection Assembly (GO:0120034),6/88,0.9631420884417836,0.9999961806440713,0,0,0.5306318417514884,0.0199275234852879,P2RY12;TENM1;DOCK11;TENM2;NLGN1;CCL21,LumA,Suppressed
GO_Biological_Process_2023,Camera-Type Eye Development (GO:0043010),1/26,0.9650535677214688,0.9999961806440713,0,0,0.2904218362282878,0.0103307893100799,EFEMP1,LumA,Suppressed
GO_Biological_Process_2023,miRNA-mediated Gene Silencing (GO:0035195),1/26,0.9650535677214688,0.9999961806440713,0,0,0.2904218362282878,0.0103307893100799,ZFP36,LumA,Suppressed
GO_Biological_Process_2023,Negative Regulation Of Catalytic Activity (GO:0043086),1/26,0.9650535677214688,0.9999961806440713,0,0,0.2904218362282878,0.0103307893100799,NOS1,LumA,Suppressed
GO_Biological_Process_2023,Negative Regulation Of Receptor-Mediated Endocytosis (GO:0048261),1/26,0.9650535677214688,0.9999961806440713,0,0,0.2904218362282878,0.0103307893100799,ADIPOQ,LumA,Suppressed
GO_Biological_Process_2023,Organelle Membrane Fusion (GO:0090174),1/26,0.9650535677214688,0.9999961806440713,0,0,0.2904218362282878,0.0103307893100799,CAV2,LumA,Suppressed
GO_Biological_Process_2023,Protein Export From Nucleus (GO:0006611),1/26,0.9650535677214688,0.9999961806440713,0,0,0.2904218362282878,0.0103307893100799,EGR2,LumA,Suppressed
GO_Biological_Process_2023,Regulation Of Interferon-Alpha Production (GO:0032647),1/26,0.9650535677214688,0.9999961806440713,0,0,0.2904218362282878,0.0103307893100799,NMB,LumA,Suppressed
GO_Biological_Process_2023,Regulation Of Transcription By RNA Polymerase III (GO:0006359),1/26,0.9650535677214688,0.9999961806440713,0,0,0.2904218362282878,0.0103307893100799,TENM1,LumA,Suppressed
GO_Biological_Process_2023,Telomere Maintenance Via Telomere Lengthening (GO:0010833),1/26,0.9650535677214688,0.9999961806440713,0,0,0.2904218362282878,0.0103307893100799,ZSCAN4,LumA,Suppressed
GO_Biological_Process_2023,Circulatory System Development (GO:0072359),10/132,0.9654106399158556,0.9999961806440713,0,0,0.5940496362683653,0.0209115776145515,CRB2;BMP2;FOXC1;PDLIM3;SOX17;MYL2;SLC2A12;TCF21;ALPK3;TGFBR2,LumA,Suppressed
GO_Biological_Process_2023,Negative Regulation Of Immune Response (GO:0050777),4/66,0.9659258572766972,0.9999961806440713,0,0,0.4680157617044012,0.0162252640377753,CR1;SPINK5;TYRO3;ENPP3,LumA,Suppressed
GO_Biological_Process_2023,Carbohydrate Catabolic Process (GO:0016052),2/41,0.9664863100486292,0.9999961806440713,0,0,0.3721926949068033,0.0126873585127975,PFKFB1;ALDOC,LumA,Suppressed
GO_Biological_Process_2023,Detection Of Chemical Stimulus Involved In Sensory Perception Of Bitter Taste (GO:0001580),2/41,0.9664863100486292,0.9999961806440713,0,0,0.3721926949068033,0.0126873585127975,PIGR;CA6,LumA,Suppressed
GO_Biological_Process_2023,Regulation Of Microtubule-Based Process (GO:0032886),2/41,0.9664863100486292,0.9999961806440713,0,0,0.3721926949068033,0.0126873585127975,FAM107A;MID1,LumA,Suppressed
GO_Biological_Process_2023,Visual Perception (GO:0007601),7/101,0.968164305839884,0.9999961806440713,0,0,0.5398936170212766,0.0174674312242042,TRPM1;EFEMP1;AOC2;CRYBG3;POU6F2;RPE65;CNGB1,LumA,Suppressed
GO_Biological_Process_2023,Regulation Of Cell Population Proliferation (GO:0042127),77/766,0.9684413243726756,0.9999961806440713,0,0,0.8060568727310586,0.025848133647123,ALK;TENM1;CSF3;CXCL1;LAMC2;FGF1;FGF2;CX3CL1;CXCL5;FGF7;FGF9;ADAMTS1;EMILIN2;SOX7;CER1;FGFBP1;EDN1;MYOCD;CR1;EDN3;TESC;GKN1;AVPR2;GLP2R;P3H2;NRG1;LIFR;PROX1;ECRG4;POU3F3;TGFBR2;ACE2;CLDN5;SFRP1;ALDH1A2;KIT;COL4A3;CLDN19;SGK2;GPLD1;CCL14;CEBPA;PTGFR;TNXB;CHRNA7;NPR3;PTN;EGFR;FTMT;CXCR2;IGFBP6;DRD2;NTRK2;CCL23;CDKN2C;TSLP;IL34;AKR1C3;AKR1C2;VEGFD;IGF1;S100B;PTPN14;MEIS2;BMP6;BMP5;FOSL1;FGF17;MLXIPL;BMP2;IL6;NR4A3;SST;FABP7;SCGB3A1;FOLR2;PF4,LumA,Suppressed
GO_Biological_Process_2023,Regulation Of Cell Adhesion (GO:0030155),11/144,0.9686631844648382,0.9999961806440713,0,0,0.599280593510354,0.0190800863271275,TNXB;ANGPT1;HYAL1;LAMA1;TESC;PDE3B;DACT2;SAA1;C2CD4B;NRG1;PLXNA4,LumA,Suppressed
GO_Biological_Process_2023,Activation Of Cysteine-Type Endopeptidase Activity Involved In Apoptotic Process (GO:0006919),4/67,0.9688261761602124,0.9999961806440713,0,0,0.4605606493805251,0.0145859870611271,NGFR;COL4A3;PPARG;SNCA,LumA,Suppressed
GO_Biological_Process_2023,T Cell Activation Involved In Immune Response (GO:0002286),1/27,0.9692855811409596,0.9999961806440713,0,0,0.2792358592606732,0.008711039947781,IFNE,LumA,Suppressed
GO_Biological_Process_2023,Clathrin-Dependent Endocytosis (GO:0072583),1/27,0.9692855811409596,0.9999961806440713,0,0,0.2792358592606732,0.008711039947781,ITSN1,LumA,Suppressed
GO_Biological_Process_2023,Cortical Cytoskeleton Organization (GO:0030865),1/27,0.9692855811409596,0.9999961806440713,0,0,0.2792358592606732,0.008711039947781,NLGN1,LumA,Suppressed
GO_Biological_Process_2023,Establishment Of Protein Localization To Vacuole (GO:0072666),1/27,0.9692855811409596,0.9999961806440713,0,0,0.2792358592606732,0.008711039947781,CACNG2,LumA,Suppressed
GO_Biological_Process_2023,Peptidyl-Lysine Methylation (GO:0018022),1/27,0.9692855811409596,0.9999961806440713,0,0,0.2792358592606732,0.008711039947781,SMYD1,LumA,Suppressed
GO_Biological_Process_2023,Peptidyl-Proline Modification (GO:0018208),1/27,0.9692855811409596,0.9999961806440713,0,0,0.2792358592606732,0.008711039947781,P3H2,LumA,Suppressed
GO_Biological_Process_2023,Positive Regulation Of TORC1 Signaling (GO:1904263),1/27,0.9692855811409596,0.9999961806440713,0,0,0.2792358592606732,0.008711039947781,RRAGD,LumA,Suppressed
GO_Biological_Process_2023,Positive Regulation Of Mitotic Cell Cycle (GO:0045931),1/27,0.9692855811409596,0.9999961806440713,0,0,0.2792358592606732,0.008711039947781,MEIS2,LumA,Suppressed
GO_Biological_Process_2023,Positive Regulation Of Ubiquitin-Protein Transferase Activity (GO:0051443),1/27,0.9692855811409596,0.9999961806440713,0,0,0.2792358592606732,0.008711039947781,CDC14B,LumA,Suppressed
GO_Biological_Process_2023,Regulation Of Actin Polymerization Or Depolymerization (GO:0008064),1/27,0.9692855811409596,0.9999961806440713,0,0,0.2792358592606732,0.008711039947781,PAK3,LumA,Suppressed
GO_Biological_Process_2023,Regulation Of Extrinsic Apoptotic Signaling Pathway In Absence Of Ligand (GO:2001239),1/27,0.9692855811409596,0.9999961806440713,0,0,0.2792358592606732,0.008711039947781,PF4,LumA,Suppressed
GO_Biological_Process_2023,Regulation Of Mitochondrial Fission (GO:0090140),1/27,0.9692855811409596,0.9999961806440713,0,0,0.2792358592606732,0.008711039947781,PPARG,LumA,Suppressed
GO_Biological_Process_2023,Regulation Of Transcription Regulatory Region DNA Binding (GO:2000677),1/27,0.9692855811409596,0.9999961806440713,0,0,0.2792358592606732,0.008711039947781,IGF1,LumA,Suppressed
GO_Biological_Process_2023,Negative Regulation Of Cellular Component Organization (GO:0051129),5/79,0.969467406438972,0.9999961806440713,0,0,0.4900188091985938,0.0151947109071776,TMEFF2;NR1H4;SPRY2;CRYAB;BMP6,LumA,Suppressed
GO_Biological_Process_2023,Positive Regulation Of Catabolic Process (GO:0009896),5/79,0.969467406438972,0.9999961806440713,0,0,0.4900188091985938,0.0151947109071776,CAV3;GPC3;C4BPA;ASB11;ASB5,LumA,Suppressed
GO_Biological_Process_2023,Regulation Of Cyclin-Dependent Protein Serine/Threonine Kinase Activity (GO:0000079),5/79,0.969467406438972,0.9999961806440713,0,0,0.4900188091985938,0.0151947109071776,CEBPA;MYOCD;CDKN2C;PROX1;EGFR,LumA,Suppressed
GO_Biological_Process_2023,Ceramide Biosynthetic Process (GO:0046513),2/42,0.96993600883825,0.9999961806440713,0,0,0.3628671907323127,0.011076586288047,ST8SIA2;ST6GALNAC3,LumA,Suppressed
GO_Biological_Process_2023,Modulation By Host Of Symbiont Process (GO:0051851),2/42,0.96993600883825,0.9999961806440713,0,0,0.3628671907323127,0.011076586288047,PSG1;PIK3C2G,LumA,Suppressed
GO_Biological_Process_2023,Negative Regulation Of I-kappaB kinase/NF-kappaB Signaling (GO:0043124),2/42,0.96993600883825,0.9999961806440713,0,0,0.3628671907323127,0.011076586288047,PER1;NR1H4,LumA,Suppressed
GO_Biological_Process_2023,Sensory Perception Of Bitter Taste (GO:0050913),2/42,0.96993600883825,0.9999961806440713,0,0,0.3628671907323127,0.011076586288047,PIGR;CA6,LumA,Suppressed
GO_Biological_Process_2023,Negative Regulation Of Macromolecule Metabolic Process (GO:0010605),15/186,0.9702859454788852,0.9999961806440713,0,0,0.635271623317862,0.0191626265970457,EDN1;IGF1;KLF4;FGF2;CLDN5;SFRP1;BMP2;EDNRB;KRT17;ATOH8;CLDN19;PPARG;CCDC3;CD34;RBMS3,LumA,Suppressed
GO_Biological_Process_2023,Regulation Of Protein Secretion (GO:0050708),7/102,0.9704561918790974,0.9999961806440713,0,0,0.5341799773064502,0.0160195324927409,MYOM1;IL6;SAA1;IGF1;DRD2;ADCY8;BMP6,LumA,Suppressed
GO_Biological_Process_2023,Positive Regulation Of Cellular Component Organization (GO:0051130),8/113,0.970542090572612,0.9999961806440713,0,0,0.5522624479074085,0.0165129273696888,RELN;FRMPD4;HYAL1;CLDN19;GPC3;HAS3;NRG1;SNCA,LumA,Suppressed
GO_Biological_Process_2023,Positive Regulation Of Protein Kinase Activity (GO:0045860),11/145,0.9706050309335256,0.9999961806440713,0,0,0.594774259929588,0.0177454818235335,EGR1;PRNP;GPRC5B;RELN;CCL21;MMD;IL34;ADRB2;TGFBR2;DDR2;SNCA,LumA,Suppressed
GO_Biological_Process_2023,Glycoprotein Biosynthetic Process (GO:0009101),5/80,0.9719171695196714,0.9999961806440713,0,0,0.4834576083954708,0.0137711423737879,CHST9;ST8SIA1;B3GNT5;ST8SIA2;IGF1,LumA,Suppressed
GO_Biological_Process_2023,Regulation Of Cytokinesis (GO:0032465),5/80,0.9719171695196714,0.9999961806440713,0,0,0.4834576083954708,0.0137711423737879,MRGPRX2;ANKRD53;KLHL13;DRD2;CDC14B,LumA,Suppressed
GO_Biological_Process_2023,Neuron Projection Morphogenesis (GO:0048812),11/146,0.9724377664508848,0.9999961806440713,0,0,0.5903346868463147,0.016499381582538,NTF4;NLGN1;NRN1;NYAP1;SLITRK2;SLC39A12;DRD2;PAK3;S100B;EPHB1;KLK8,LumA,Suppressed
GO_Biological_Process_2023,Regulation Of Cytoskeleton Organization (GO:0051493),8/114,0.9725859412912422,0.9999961806440713,0,0,0.5470211217454591,0.0152054563475328,CAPN6;ODAM;FAM107A;NRG1;PAK3;MID1;CORO2B;GPM6B,LumA,Suppressed
GO_Biological_Process_2023,Regulation Of Cytokine Production (GO:0001817),13/167,0.9727400867205354,0.9999961806440713,0,0,0.6114340771448004,0.016899034011184,BTNL9;IL33;ANXA1;BTN1A1;CIDEA;BTNL2;PER1;IL6;LEP;FFAR4;SAA1;IGF2BP2;ACKR1,LumA,Suppressed
GO_Biological_Process_2023,Golgi To Plasma Membrane Protein Transport (GO:0043001),1/28,0.973005247950993,0.9999961806440713,0,0,0.2688784731795484,0.007358075390645,SPTBN1,LumA,Suppressed
GO_Biological_Process_2023,Limb Development (GO:0060173),1/28,0.973005247950993,0.9999961806440713,0,0,0.2688784731795484,0.007358075390645,PTCH1,LumA,Suppressed
GO_Biological_Process_2023,Negative Regulation Of G2/M Transition Of Mitotic Cell Cycle (GO:0010972),1/28,0.973005247950993,0.9999961806440713,0,0,0.2688784731795484,0.007358075390645,FHL1,LumA,Suppressed
GO_Biological_Process_2023,Negative Regulation Of Mitotic Metaphase/Anaphase Transition (GO:0045841),1/28,0.973005247950993,0.9999961806440713,0,0,0.2688784731795484,0.007358075390645,USP44,LumA,Suppressed
GO_Biological_Process_2023,Negative Regulation Of Signaling (GO:0023057),1/28,0.973005247950993,0.9999961806440713,0,0,0.2688784731795484,0.007358075390645,ADIPOQ,LumA,Suppressed
GO_Biological_Process_2023,Pyroptosis (GO:0070269),1/28,0.973005247950993,0.9999961806440713,0,0,0.2688784731795484,0.007358075390645,ELANE,LumA,Suppressed
GO_Biological_Process_2023,Regulation Of Chromosome Segregation (GO:0051983),1/28,0.973005247950993,0.9999961806440713,0,0,0.2688784731795484,0.007358075390645,IHO1,LumA,Suppressed
GO_Biological_Process_2023,Sterol Biosynthetic Process (GO:0016126),1/28,0.973005247950993,0.9999961806440713,0,0,0.2688784731795484,0.007358075390645,CES1,LumA,Suppressed
GO_Biological_Process_2023,Vascular Endothelial Growth Factor Receptor Signaling Pathway (GO:0048010),1/28,0.973005247950993,0.9999961806440713,0,0,0.2688784731795484,0.007358075390645,VEGFD,LumA,Suppressed
GO_Biological_Process_2023,Lysosome Organization (GO:0007040),2/43,0.9730418806312114,0.9999961806440713,0,0,0.3539965892004803,0.0096740736364865,SRPX;CLVS1,LumA,Suppressed
GO_Biological_Process_2023,Neurotransmitter Secretion (GO:0007269),2/43,0.9730418806312114,0.9999961806440713,0,0,0.3539965892004803,0.0096740736364865,SYN2;SNCA,LumA,Suppressed
GO_Biological_Process_2023,Regulation Of Cell-Cell Adhesion (GO:0022407),2/43,0.9730418806312114,0.9999961806440713,0,0,0.3539965892004803,0.0096740736364865,PLPP3;NODAL,LumA,Suppressed
GO_Biological_Process_2023,Positive Regulation Of Protein Catabolic Process (GO:0045732),6/92,0.973067151371222,0.9999961806440713,0,0,0.5058356383542633,0.0138104178782484,GPC3;C4BPA;ASB11;ASB5;GPLD1;SH3D19,LumA,Suppressed
GO_Biological_Process_2023,Axonogenesis (GO:0007409),15/188,0.9735206249969196,0.9999961806440713,0,0,0.62785530858973,0.0168492932994123,EPHB6;ROBO3;CNTN6;SEMA3D;SEMA3A;SEMA3G;S100B;MYPN;RELN;SLITRK2;BOC;DRD2;PAK3;LGR6;EPHB1,LumA,Suppressed
GO_Biological_Process_2023,Phospholipid Metabolic Process (GO:0006644),4/69,0.9739479149322684,0.9999961806440713,0,0,0.4463385889472846,0.0117822015660132,PLPPR1;PLA2G2A;ENPP2;PLPP3,LumA,Suppressed
GO_Biological_Process_2023,Positive Regulation Of Growth (GO:0045927),5/81,0.974183367144164,0.9999961806440713,0,0,0.4770690707713775,0.012478090332972,SFRP1;HYAL1;LEP;AKAP6;EGFR,LumA,Suppressed
GO_Biological_Process_2023,Endosome To Lysosome Transport (GO:0008333),3/57,0.9749961234951038,0.9999961806440713,0,0,0.4030307211184694,0.0102054568230674,CCL14;GPRASP1;CACNG2,LumA,Suppressed
GO_Biological_Process_2023,Membrane Lipid Biosynthetic Process (GO:0046467),3/57,0.9749961234951038,0.9999961806440713,0,0,0.4030307211184694,0.0102054568230674,B3GNT5;ELOVL3;PLPP3,LumA,Suppressed
GO_Biological_Process_2023,Positive Regulation Of Interleukin-1 Beta Production (GO:0032731),3/57,0.9749961234951038,0.9999961806440713,0,0,0.4030307211184694,0.0102054568230674,EGR1;IL6;CD36,LumA,Suppressed
GO_Biological_Process_2023,Negative Regulation Of Amide Metabolic Process (GO:0034249),6/93,0.9751294628367272,0.9999961806440713,0,0,0.499992854795147,0.0125923372489942,NTRK2;PRNP;TRIM2;CHRNA7;IGF2BP2;IGF1,LumA,Suppressed
GO_Biological_Process_2023,Phosphatidylinositol Phosphate Biosynthetic Process (GO:0046854),2/44,0.9758365895430304,0.9999961806440713,0,0,0.3455483972654018,0.0084521605614537,SOCS3;PIK3C2G,LumA,Suppressed
GO_Biological_Process_2023,Positive Regulation Of Cytokine-Mediated Signaling Pathway (GO:0001961),2/44,0.9758365895430304,0.9999961806440713,0,0,0.3455483972654018,0.0084521605614537,EDN1;TSLP,LumA,Suppressed
GO_Biological_Process_2023,Positive Regulation Of Leukocyte Cell-Cell Adhesion (GO:1903039),2/44,0.9758365895430304,0.9999961806440713,0,0,0.3455483972654018,0.0084521605614537,IL6;NR4A3,LumA,Suppressed
GO_Biological_Process_2023,Response To Unfolded Protein (GO:0006986),2/44,0.9758365895430304,0.9999961806440713,0,0,0.3455483972654018,0.0084521605614537,HSPB7;HSPB3,LumA,Suppressed
GO_Biological_Process_2023,Positive Regulation Of Protein Transport (GO:0051222),4/70,0.9762019820850526,0.9999961806440713,0,0,0.4395507873768743,0.010586917024112,MYOM1;TENM1;IGF1;BMP6,LumA,Suppressed
GO_Biological_Process_2023,Regulation Of Notch Signaling Pathway (GO:0008593),4/70,0.9762019820850526,0.9999961806440713,0,0,0.4395507873768743,0.010586917024112,DTX1;TP63;DLK1;DLK2,LumA,Suppressed
GO_Biological_Process_2023,JNK Cascade (GO:0007254),1/29,0.9762745721259368,0.9999961806440713,0,0,0.2592609003899326,0.0062252193182908,MAPK10,LumA,Suppressed
GO_Biological_Process_2023,RNA-mediated Gene Silencing (GO:0031047),1/29,0.9762745721259368,0.9999961806440713,0,0,0.2592609003899326,0.0062252193182908,PIWIL4,LumA,Suppressed
GO_Biological_Process_2023,Alpha-Amino Acid Metabolic Process (GO:1901605),1/29,0.9762745721259368,0.9999961806440713,0,0,0.2592609003899326,0.0062252193182908,NAT8L,LumA,Suppressed
GO_Biological_Process_2023,Heterotypic Cell-Cell Adhesion (GO:0034113),1/29,0.9762745721259368,0.9999961806440713,0,0,0.2592609003899326,0.0062252193182908,ITGA7,LumA,Suppressed
GO_Biological_Process_2023,Organic Cyclic Compound Biosynthetic Process (GO:1901362),1/29,0.9762745721259368,0.9999961806440713,0,0,0.2592609003899326,0.0062252193182908,HSD3B1,LumA,Suppressed
GO_Biological_Process_2023,Peptidyl-Tyrosine Dephosphorylation (GO:0035335),1/29,0.9762745721259368,0.9999961806440713,0,0,0.2592609003899326,0.0062252193182908,PTPRZ1,LumA,Suppressed
GO_Biological_Process_2023,Positive Regulation Of Calcium Ion Transport (GO:0051928),1/29,0.9762745721259368,0.9999961806440713,0,0,0.2592609003899326,0.0062252193182908,MYLK,LumA,Suppressed
GO_Biological_Process_2023,Positive Regulation Of Viral Genome Replication (GO:0045070),1/29,0.9762745721259368,0.9999961806440713,0,0,0.2592609003899326,0.0062252193182908,PPARA,LumA,Suppressed
GO_Biological_Process_2023,Protein Acetylation (GO:0006473),1/29,0.9762745721259368,0.9999961806440713,0,0,0.2592609003899326,0.0062252193182908,NAA11,LumA,Suppressed
GO_Biological_Process_2023,Tube Closure (GO:0060606),1/29,0.9762745721259368,0.9999961806440713,0,0,0.2592609003899326,0.0062252193182908,FOLR1,LumA,Suppressed
GO_Biological_Process_2023,Sphingolipid Metabolic Process (GO:0006665),6/94,0.9770447661227248,0.9999961806440713,0,0,0.4942828617714652,0.0114786359999405,UGT8;GAL3ST1;ELOVL3;ENPP2;PLPP3;ST6GALNAC3,LumA,Suppressed
GO_Biological_Process_2023,Vesicle Organization (GO:0016050),6/94,0.9770447661227248,0.9999961806440713,0,0,0.4942828617714652,0.0114786359999405,SRPX;ANXA8L1;CAV2;CAV1;ANXA8;CD34,LumA,Suppressed
GO_Biological_Process_2023,Positive Regulation Of Cell Growth (GO:0030307),7/106,0.978190814582888,0.9999961806440713,0,0,0.5124796890966046,0.0113004441683984,RNF157;SFRP1;EDN1;HYAL1;AKAP6;IGF1;EGFR,LumA,Suppressed
GO_Biological_Process_2023,Regulation Of Cell Division (GO:0051302),5/83,0.9782138945911242,0.9999961806440713,0,0,0.4647834214942749,0.0102377503724899,TXNIP;KLHL13;FGF1;TP63;OOEP,LumA,Suppressed
GO_Biological_Process_2023,Negative Regulation Of Supramolecular Fiber Organization (GO:1902904),4/71,0.9782716114739786,0.9999961806440713,0,0,0.4329656067488643,0.0095113564794055,KANK1;CAV3;CRYAB;SNCA,LumA,Suppressed
GO_Biological_Process_2023,Detection Of Chemical Stimulus Involved In Sensory Perception Of Taste (GO:0050912),2/45,0.978349931770298,0.9999961806440713,0,0,0.3374931444900944,0.0073870059029322,PIGR;CA6,LumA,Suppressed
GO_Biological_Process_2023,Natural Killer Cell Activation (GO:0030101),2/45,0.978349931770298,0.9999961806440713,0,0,0.3374931444900944,0.0073870059029322,IFNE;ULBP3,LumA,Suppressed
GO_Biological_Process_2023,Regulation Of Stem Cell Differentiation (GO:2000736),2/45,0.978349931770298,0.9999961806440713,0,0,0.3374931444900944,0.0073870059029322,TCF15;PTN,LumA,Suppressed
GO_Biological_Process_2023,Zymogen Activation (GO:0031638),2/45,0.978349931770298,0.9999961806440713,0,0,0.3374931444900944,0.0073870059029322,MASP1;PRSS12,LumA,Suppressed
GO_Biological_Process_2023,GPI Anchor Biosynthetic Process (GO:0006506),1/30,0.9791480567602212,0.9999961806440713,0,0,0.2503066084823593,0.0052745647913434,PGAP4,LumA,Suppressed
GO_Biological_Process_2023,Innate Immune Response Activating Cell Surface Receptor Signaling Pathway (GO:0002220),1/30,0.9791480567602212,0.9999961806440713,0,0,0.2503066084823593,0.0052745647913434,PAK3,LumA,Suppressed
GO_Biological_Process_2023,Mitotic G2 DNA Damage Checkpoint Signaling (GO:0007095),1/30,0.9791480567602212,0.9999961806440713,0,0,0.2503066084823593,0.0052745647913434,CDC14B,LumA,Suppressed
GO_Biological_Process_2023,Nucleic Acid Metabolic Process (GO:0090304),1/30,0.9791480567602212,0.9999961806440713,0,0,0.2503066084823593,0.0052745647913434,DNASE1L3,LumA,Suppressed
GO_Biological_Process_2023,Positive Regulation Of JUN Kinase Activity (GO:0043507),1/30,0.9791480567602212,0.9999961806440713,0,0,0.2503066084823593,0.0052745647913434,EDN1,LumA,Suppressed
GO_Biological_Process_2023,Positive Regulation Of Protein Targeting To Mitochondrion (GO:1903955),1/30,0.9791480567602212,0.9999961806440713,0,0,0.2503066084823593,0.0052745647913434,UBL4B,LumA,Suppressed
GO_Biological_Process_2023,Regulation Of Arp2/3 Complex-Mediated Actin Nucleation (GO:0034315),1/30,0.9791480567602212,0.9999961806440713,0,0,0.2503066084823593,0.0052745647913434,WASF3,LumA,Suppressed
GO_Biological_Process_2023,Regulation Of Calcium-Mediated Signaling (GO:0050848),1/30,0.9791480567602212,0.9999961806440713,0,0,0.2503066084823593,0.0052745647913434,RGN,LumA,Suppressed
GO_Biological_Process_2023,Regulation Of Multicellular Organismal Development (GO:2000026),3/59,0.9794768362457692,0.9999961806440713,0,0,0.3885924195837275,0.0080581207070578,SPAAR;SOX17;PTN,LumA,Suppressed
GO_Biological_Process_2023,Positive Regulation Of Cell Cycle Process (GO:0090068),8/118,0.9795295299507654,0.9999961806440713,0,0,0.5270087854907431,0.010900066882966,EDN1;NPM2;EDN3;MRGPRX2;IGF1;DRD2;OOEP;CDC14B,LumA,Suppressed
GO_Biological_Process_2023,Regulation Of Small GTPase Mediated Signal Transduction (GO:0051056),8/118,0.9795295299507654,0.9999961806440713,0,0,0.5270087854907431,0.010900066882966,PREX2;MRAP;ARHGAP20;RELN;FAM13A;ITSN1;ARHGEF4;SLC6A2,LumA,Suppressed
GO_Biological_Process_2023,Regulation Of Cysteine-Type Endopeptidase Activity Involved In Apoptotic Process (GO:0043281),5/84,0.9800009418109208,0.9999961806440713,0,0,0.4588738686774407,0.009270053472494,KLF4;SOX7;NODAL;AQP1;SNCA,LumA,Suppressed
GO_Biological_Process_2023,Regulation Of Cellular Localization (GO:0060341),4/72,0.9801706836230156,0.9999961806440713,0,0,0.4265741079040311,0.0085436632037906,GSN;MMD;KRT5;OOEP,LumA,Suppressed
GO_Biological_Process_2023,Regulation Of Protein Metabolic Process (GO:0051246),6/96,0.9804714258889764,0.9999961806440713,0,0,0.4832435419256803,0.0095304209636404,SERPINB4;EDN1;EDNRB;CHRNA7;ANGPTL8;KLF4,LumA,Suppressed
GO_Biological_Process_2023,Antiviral Innate Immune Response (GO:0140374),2/46,0.9806090516501916,0.9999961806440713,0,0,0.32980403956821,0.0064580311134992,NMB;USP44,LumA,Suppressed
GO_Biological_Process_2023,Negative Regulation Of Cellular Metabolic Process (GO:0031324),2/46,0.9806090516501916,0.9999961806440713,0,0,0.32980403956821,0.0064580311134992,PPARA;CIDEC,LumA,Suppressed
GO_Biological_Process_2023,Regulation Of Interleukin-10 Production (GO:0032653),2/46,0.9806090516501916,0.9999961806440713,0,0,0.32980403956821,0.0064580311134992,IL6;TSLP,LumA,Suppressed
GO_Biological_Process_2023,Regulation Of mRNA Catabolic Process (GO:0061013),2/46,0.9806090516501916,0.9999961806440713,0,0,0.32980403956821,0.0064580311134992,ZFP36;PKP1,LumA,Suppressed
GO_Biological_Process_2023,Regulation Of Extrinsic Apoptotic Signaling Pathway (GO:2001236),3/60,0.9814190707467992,0.9999961806440713,0,0,0.3817532241199024,0.0071600578518092,CAV1;G0S2;IGF1,LumA,Suppressed
GO_Biological_Process_2023,B Cell Proliferation (GO:0042100),1/31,0.9816736112228392,0.9999961806440713,0,0,0.2419492693686242,0.0044751898220773,IFNE,LumA,Suppressed
GO_Biological_Process_2023,Glutamine Family Amino Acid Metabolic Process (GO:0009064),1/31,0.9816736112228392,0.9999961806440713,0,0,0.2419492693686242,0.0044751898220773,ART4,LumA,Suppressed
GO_Biological_Process_2023,Negative Regulation Of Microtubule Polymerization Or Depolymerization (GO:0031111),1/31,0.9816736112228392,0.9999961806440713,0,0,0.2419492693686242,0.0044751898220773,SNCA,LumA,Suppressed
GO_Biological_Process_2023,Positive Regulation Of Lamellipodium Organization (GO:1902745),1/31,0.9816736112228392,0.9999961806440713,0,0,0.2419492693686242,0.0044751898220773,ENPP2,LumA,Suppressed
GO_Biological_Process_2023,Positive Regulation Of Proteolysis Involved In Protein Catabolic Process (GO:1903052),1/31,0.9816736112228392,0.9999961806440713,0,0,0.2419492693686242,0.0044751898220773,CAV3,LumA,Suppressed
GO_Biological_Process_2023,Receptor Signaling Pathway Via STAT (GO:0097696),1/31,0.9816736112228392,0.9999961806440713,0,0,0.2419492693686242,0.0044751898220773,GHR,LumA,Suppressed
GO_Biological_Process_2023,Regulation Of Centrosome Duplication (GO:0010824),1/31,0.9816736112228392,0.9999961806440713,0,0,0.2419492693686242,0.0044751898220773,C10ORF90,LumA,Suppressed
GO_Biological_Process_2023,Regulation Of Gluconeogenesis (GO:0006111),1/31,0.9816736112228392,0.9999961806440713,0,0,0.2419492693686242,0.0044751898220773,PPARGC1A,LumA,Suppressed
GO_Biological_Process_2023,Positive Regulation Of DNA-binding Transcription Factor Activity (GO:0051091),20/246,0.9824826401506076,0.9999961806440713,0,0,0.6402003784762825,0.0113140080592969,ALK;EDN1;CSF3;MYOCD;FZD4;CAV1;ADCY8;CX3CL1;ESR2;BMP2;IL6;RELN;KIT;S100A12;PPARG;CD36;PLPP3;PPARGC1A;NODAL;DDR2,LumA,Suppressed
GO_Biological_Process_2023,Regulation Of Cellular Component Organization (GO:0051128),11/153,0.9826293327548332,0.9999961806440713,0,0,0.5610084928173693,0.0098307243355524,ANGPTL7;SLITRK2;FAM107A;LTBP4;NRG1;CD36;KLK8;SLC6A2;SGK2;GFAP;PAPPA2,LumA,Suppressed
GO_Biological_Process_2023,Negative Regulation Of Hydrolase Activity (GO:0051346),2/47,0.98263864655887,0.9999961806440713,0,0,0.3224566726428539,0.005647451058178,SERPINB4;NOS1,LumA,Suppressed
GO_Biological_Process_2023,Positive Regulation Of TOR Signaling (GO:0032008),2/47,0.98263864655887,0.9999961806440713,0,0,0.3224566726428539,0.005647451058178,LEP;RRAGD,LumA,Suppressed
GO_Biological_Process_2023,Negative Regulation Of Viral Process (GO:0048525),3/61,0.983184834191326,0.9999961806440713,0,0,0.3751498629824161,0.0063618460722084,ZFP36;SLPI;PROX1,LumA,Suppressed
GO_Biological_Process_2023,Positive Regulation Of Gene Expression (GO:0010628),44/480,0.9832474266935975,0.9999961806440713,0,0,0.7285176243360695,0.0123079299434081,MYOM1;PID1;RHOXF1;FGF1;FGF2;ACTG2;WNT6;FGF7;C1QTNF1;FGF9;CD36;PPARGC1A;CD34;HOXA5;NTRK2;EGR1;IL33;GSN;ANGPT1;ODAM;TESC;AVPR2;PDE2A;SAMD4A;PSG1;ANK2;IGF1;KLF4;LARP6;POU3F3;BMP6;FGF17;ACTA2;CLDN5;BMP2;IL6;CLDN19;SAA1;PADI2;PKP1;SPRY2;PPARG;PF4;RBMS3,LumA,Suppressed
GO_Biological_Process_2023,Negative Regulation Of Macromolecule Biosynthetic Process (GO:0010558),6/98,0.9834164624995896,0.9999961806440713,0,0,0.4726841925079731,0.0079045009985729,EDN1;TMEFF2;TRIM2;ADIPOQ;IGF2BP2;PF4,LumA,Suppressed
GO_Biological_Process_2023,Positive Regulation Of Protein-Containing Complex Assembly (GO:0031334),6/98,0.9834164624995896,0.9999961806440713,0,0,0.4726841925079731,0.0079045009985729,FERMT1;TPPP2;NRG1;CD36;FERMT2;SNCA,LumA,Suppressed
GO_Biological_Process_2023,Positive Regulation Of Lymphocyte Proliferation (GO:0050671),4/74,0.9835081989792052,0.9999961806440713,0,0,0.4143389529724933,0.0068901686797402,IL6;ANXA1;CD209;LEP,LumA,Suppressed
GO_Biological_Process_2023,Histone Lysine Methylation (GO:0034968),1/32,0.9838933480044876,0.9999961806440713,0,0,0.2341311134235171,0.00380176810108,SMYD1,LumA,Suppressed
GO_Biological_Process_2023,Neural Tube Closure (GO:0001843),1/32,0.9838933480044876,0.9999961806440713,0,0,0.2341311134235171,0.00380176810108,FOLR1,LumA,Suppressed
GO_Biological_Process_2023,Regulation Of Natural Killer Cell Mediated Cytotoxicity (GO:0042269),1/32,0.9838933480044876,0.9999961806440713,0,0,0.2341311134235171,0.00380176810108,LEP,LumA,Suppressed
GO_Biological_Process_2023,Transition Metal Ion Transport (GO:0000041),1/32,0.9838933480044876,0.9999961806440713,0,0,0.2341311134235171,0.00380176810108,TTYH1,LumA,Suppressed
GO_Biological_Process_2023,Positive Regulation Of Cellular Process (GO:0048522),56/594,0.9840421380819244,0.9999961806440713,0,0,0.7507374376029463,0.0120767825285342,CSF3;HBB;LAMC2;FGF1;FGF2;NCMAP;CX3CL1;CXCL5;FGF7;ZFP36;FGF9;HYAL1;EDN1;CR1;EDN3;GLP2R;NRG1;LIFR;HBA1;PROX1;POU3F3;TGFBR2;CLDN5;SFRP1;CCL14;PTGFR;TNXB;LAMA1;CHRNA7;AKAP6;PTN;EGFR;FTMT;CXCR2;NTRK2;EGR2;TSLP;CCL21;CAVIN1;IL34;CAV1;AKR1C3;AKR1C2;VEGFD;IGF1;S100B;MEIS2;BMP6;BMP5;FOSL1;FGF17;MLXIPL;BMP2;IL6;SAA1;FOLR2,LumA,Suppressed
GO_Biological_Process_2023,Cellular Defense Response (GO:0006968),2/48,0.9844611613655816,0.9999961806440713,0,0,0.3154287564533827,0.0049398766972626,FOSL1;CXCR2,LumA,Suppressed
GO_Biological_Process_2023,Cellular Response To Mechanical Stimulus (GO:0071260),2/48,0.9844611613655816,0.9999961806440713,0,0,0.3154287564533827,0.0049398766972626,PDE2A;AQP1,LumA,Suppressed
GO_Biological_Process_2023,Negative Regulation Of ERK1 And ERK2 Cascade (GO:0070373),2/48,0.9844611613655816,0.9999961806440713,0,0,0.3154287564533827,0.0049398766972626,LMO3;SPRY2,LumA,Suppressed
GO_Biological_Process_2023,Regulation Of Tumor Necrosis Factor-Mediated Signaling Pathway (GO:0010803),2/48,0.9844611613655816,0.9999961806440713,0,0,0.3154287564533827,0.0049398766972626,ADIPOQ;CCDC3,LumA,Suppressed
GO_Biological_Process_2023,"Retrograde Vesicle-Mediated Transport, Golgi To Endoplasmic Reticulum (GO:0006890)",2/48,0.9844611613655816,0.9999961806440713,0,0,0.3154287564533827,0.0049398766972626,CCL13;PLPP3,LumA,Suppressed
GO_Biological_Process_2023,Negative Regulation Of Kinase Activity (GO:0033673),3/62,0.984789242406268,0.9999961806440713,0,0,0.368770344595353,0.0056523745872982,CDKN1C;CAV3;SNCA,LumA,Suppressed
GO_Biological_Process_2023,Positive Regulation Of Notch Signaling Pathway (GO:0045747),1/33,0.9858442847334564,0.9999961806440713,0,0,0.2268015922249793,0.0032334792478068,TP63,LumA,Suppressed
GO_Biological_Process_2023,Positive Regulation Of T Cell Mediated Cytotoxicity (GO:0001916),1/33,0.9858442847334564,0.9999961806440713,0,0,0.2268015922249793,0.0032334792478068,ULBP3,LumA,Suppressed
GO_Biological_Process_2023,Positive Regulation Of Establishment Of Protein Localization To Mitochondrion (GO:1903749),1/33,0.9858442847334564,0.9999961806440713,0,0,0.2268015922249793,0.0032334792478068,UBL4B,LumA,Suppressed
GO_Biological_Process_2023,Positive Regulation Of Protein Dephosphorylation (GO:0035307),1/33,0.9858442847334564,0.9999961806440713,0,0,0.2268015922249793,0.0032334792478068,PPP1R16B,LumA,Suppressed
GO_Biological_Process_2023,Positive Regulation Of Reproductive Process (GO:2000243),1/33,0.9858442847334564,0.9999961806440713,0,0,0.2268015922249793,0.0032334792478068,TACR1,LumA,Suppressed
GO_Biological_Process_2023,Positive Regulation Of Telomerase Activity (GO:0051973),1/33,0.9858442847334564,0.9999961806440713,0,0,0.2268015922249793,0.0032334792478068,KLF4,LumA,Suppressed
GO_Biological_Process_2023,Regulation Of NLRP3 Inflammasome Complex Assembly (GO:1900225),1/33,0.9858442847334564,0.9999961806440713,0,0,0.2268015922249793,0.0032334792478068,CD36,LumA,Suppressed
GO_Biological_Process_2023,Regulation Of Lamellipodium Assembly (GO:0010591),1/33,0.9858442847334564,0.9999961806440713,0,0,0.2268015922249793,0.0032334792478068,NRG1,LumA,Suppressed
GO_Biological_Process_2023,Organonitrogen Compound Biosynthetic Process (GO:1901566),8/123,0.9859256787549996,0.9999961806440713,0,0,0.5039510937190053,0.0071431558708061,ALAS2;ELOVL3;GSTA1;PLA2G4A;DMD;PLPP3;CDO1;OTC,LumA,Suppressed
GO_Biological_Process_2023,Negative Regulation Of DNA Metabolic Process (GO:0051053),2/49,0.9860969724215168,0.9999961806440713,0,0,0.3086999005272933,0.0043219776235642,ADIPOQ;GMNC,LumA,Suppressed
GO_Biological_Process_2023,Negative Regulation Of T Cell Activation (GO:0050868),2/49,0.9860969724215168,0.9999961806440713,0,0,0.3086999005272933,0.0043219776235642,CR1;PLA2G2A,LumA,Suppressed
GO_Biological_Process_2023,Neurogenesis (GO:0022008),2/49,0.9860969724215168,0.9999961806440713,0,0,0.3086999005272933,0.0043219776235642,EPHB1;EGFR,LumA,Suppressed
GO_Biological_Process_2023,Nuclear Export (GO:0051168),2/49,0.9860969724215168,0.9999961806440713,0,0,0.3086999005272933,0.0043219776235642,NPAP1;EGR2,LumA,Suppressed
GO_Biological_Process_2023,Phosphatidylinositol Metabolic Process (GO:0046488),3/63,0.986246233253832,0.9999961806440713,0,0,0.362603476821192,0.0050217775316448,PLA2G4E;BMX;FGF2,LumA,Suppressed
GO_Biological_Process_2023,Small GTPase Mediated Signal Transduction (GO:0007264),7/112,0.9863498644507688,0.9999961806440713,0,0,0.4830292979546711,0.0066388296456176,CNKSR2;MRAS;RASL10A;RASGEF1C;IGF1;FGF2;ART4,LumA,Suppressed
GO_Biological_Process_2023,Cell Morphogenesis Involved In Neuron Differentiation (GO:0048667),4/77,0.9875325626845116,0.9999961806440713,0,0,0.3972432570407555,0.0049837375845095,SLITRK2;DRD2;PAK3;S100B,LumA,Suppressed
GO_Biological_Process_2023,Embryonic Organ Development (GO:0048568),4/77,0.9875325626845116,0.9999961806440713,0,0,0.3972432570407555,0.0049837375845095,PKDCC;SOX17;KIT;TGFBR2,LumA,Suppressed
GO_Biological_Process_2023,Positive Regulation Of JNK Cascade (GO:0046330),4/77,0.9875325626845116,0.9999961806440713,0,0,0.3972432570407555,0.0049837375845095,EDAR;CCL21;SEMA3A;MTURN,LumA,Suppressed
GO_Biological_Process_2023,Positive Regulation Of Response To Stimulus (GO:0048584),4/77,0.9875325626845116,0.9999961806440713,0,0,0.3972432570407555,0.0049837375845095,C6;ADIPOQ;C8B;EGFR,LumA,Suppressed
GO_Biological_Process_2023,Sphingolipid Biosynthetic Process (GO:0030148),4/77,0.9875325626845116,0.9999961806440713,0,0,0.3972432570407555,0.0049837375845095,ST8SIA1;ELOVL3;ABCA8;PLPP3,LumA,Suppressed
GO_Biological_Process_2023,Apoptotic Mitochondrial Changes (GO:0008637),1/34,0.9875589596338684,0.9999961806440713,0,0,0.2199162844324134,0.0027531491250622,FZD9,LumA,Suppressed
GO_Biological_Process_2023,Membrane Protein Proteolysis (GO:0033619),1/34,0.9875589596338684,0.9999961806440713,0,0,0.2199162844324134,0.0027531491250622,MMP7,LumA,Suppressed
GO_Biological_Process_2023,Negative Regulation Of Cell Cycle Process (GO:0010948),1/34,0.9875589596338684,0.9999961806440713,0,0,0.2199162844324134,0.0027531491250622,KIF25,LumA,Suppressed
GO_Biological_Process_2023,Positive Regulation Of Immunoglobulin Production (GO:0002639),1/34,0.9875589596338684,0.9999961806440713,0,0,0.2199162844324134,0.0027531491250622,IL6,LumA,Suppressed
GO_Biological_Process_2023,Regulation Of T Cell Receptor Signaling Pathway (GO:0050856),1/34,0.9875589596338684,0.9999961806440713,0,0,0.2199162844324134,0.0027531491250622,PRNP,LumA,Suppressed
GO_Biological_Process_2023,Sister Chromatid Segregation (GO:0000819),1/34,0.9875589596338684,0.9999961806440713,0,0,0.2199162844324134,0.0027531491250622,KIF25,LumA,Suppressed
GO_Biological_Process_2023,Superoxide Metabolic Process (GO:0006801),1/34,0.9875589596338684,0.9999961806440713,0,0,0.2199162844324134,0.0027531491250622,SOD3,LumA,Suppressed
GO_Biological_Process_2023,Transcription Initiation-Coupled Chromatin Remodeling (GO:0045815),1/34,0.9875589596338684,0.9999961806440713,0,0,0.2199162844324134,0.0027531491250622,PADI2,LumA,Suppressed
GO_Biological_Process_2023,Dicarboxylic Acid Metabolic Process (GO:0043648),2/50,0.9875645583671536,0.9999961806440713,0,0,0.3022514135981244,0.0037821954933131,ME1;PCK1,LumA,Suppressed
GO_Biological_Process_2023,Regulation Of TORC1 Signaling (GO:1903432),2/50,0.9875645583671536,0.9999961806440713,0,0,0.3022514135981244,0.0037821954933131,SPAAR;RRAGD,LumA,Suppressed
GO_Biological_Process_2023,Cellular Response To Virus (GO:0098586),3/64,0.9875686427886786,0.9999961806440713,0,0,0.3566388014330691,0.0044612921073887,IL6;IFNE;VWCE,LumA,Suppressed
GO_Biological_Process_2023,Positive Regulation Of Cysteine-Type Endopeptidase Activity (GO:2001056),3/64,0.9875686427886786,0.9999961806440713,0,0,0.3566388014330691,0.0044612921073887,SOX7;GRIN2B;NODAL,LumA,Suppressed
GO_Biological_Process_2023,Response To Metal Ion (GO:0010038),3/64,0.9875686427886786,0.9999961806440713,0,0,0.3566388014330691,0.0044612921073887,CAV1;MT1X;SNCA,LumA,Suppressed
GO_Biological_Process_2023,Cellular Response To Light Stimulus (GO:0071482),3/65,0.9887682792753468,0.9999961806440713,0,0,0.3508665349284341,0.0039631332333801,TRPM1;DMBT1;RGR,LumA,Suppressed
GO_Biological_Process_2023,Positive Regulation Of Cell Cycle (GO:0045787),3/65,0.9887682792753468,0.9999961806440713,0,0,0.3508665349284341,0.0039631332333801,PROX1;MEIS2;EGFR,LumA,Suppressed
GO_Biological_Process_2023,Establishment Of Spindle Orientation (GO:0051294),1/35,0.9890659736948824,0.9999961806440713,0,0,0.2134359947452926,0.0023465670006078,KIF25,LumA,Suppressed
GO_Biological_Process_2023,Positive Regulation Of Cell Development (GO:0010720),1/35,0.9890659736948824,0.9999961806440713,0,0,0.2134359947452926,0.0023465670006078,MME,LumA,Suppressed
GO_Biological_Process_2023,Response To Exogenous dsRNA (GO:0043330),1/35,0.9890659736948824,0.9999961806440713,0,0,0.2134359947452926,0.0023465670006078,IFNE,LumA,Suppressed
GO_Biological_Process_2023,Positive Regulation Of GTPase Activity (GO:0043547),18/234,0.98910915329928,0.9999961806440713,0,0,0.602700263778981,0.0065999211366887,CCL14;CCL13;CCL24;CCL23;CCL21;ODAM;CAV2;AGAP11;SLC6A2;CX3CL1;PREX2;DOCK11;SFRP1;RASGEF1C;CCL18;FERMT2;CCL16;RGS6,LumA,Suppressed
GO_Biological_Process_2023,Lymphocyte Differentiation (GO:0030098),5/91,0.9891505780036242,0.9999961806440713,0,0,0.4213550798635864,0.0045964387571314,ADGRG3;IFNE;LEP;KIT;LEPR,LumA,Suppressed
GO_Biological_Process_2023,Cellular Response To UV (GO:0034644),4/79,0.9896752548498234,0.9999961806440713,0,0,0.3866059351276742,0.0040123568632113,MFAP4;MME;HYAL1;AQP1,LumA,Suppressed
GO_Biological_Process_2023,Positive Regulation Of Endocytosis (GO:0045807),4/79,0.9896752548498234,0.9999961806440713,0,0,0.3866059351276742,0.0040123568632113,NLGN1;CCL21;GPC3;SNCA,LumA,Suppressed
GO_Biological_Process_2023,Regulation Of Endocytosis (GO:0030100),3/66,0.9898559934493216,0.9999961806440713,0,0,0.3452775149795017,0.0035203831100608,GPC3;OLFM4;SNCA,LumA,Suppressed
GO_Biological_Process_2023,Rho Protein Signal Transduction (GO:0007266),2/52,0.9900604379993476,0.9999961806440713,0,0,0.2901282581712867,0.0028981750854509,ROPN1B;NGFR,LumA,Suppressed
GO_Biological_Process_2023,Cellular Response To Ionizing Radiation (GO:0071479),2/52,0.9900604379993476,0.9999961806440713,0,0,0.2901282581712867,0.0028981750854509,SLC6A2;CRYAB,LumA,Suppressed
GO_Biological_Process_2023,Negative Regulation Of Innate Immune Response (GO:0045824),2/52,0.9900604379993476,0.9999961806440713,0,0,0.2901282581712867,0.0028981750854509,CR1;TYRO3,LumA,Suppressed
GO_Biological_Process_2023,Negative Regulation Of Response To Stimulus (GO:0048585),2/52,0.9900604379993476,0.9999961806440713,0,0,0.2901282581712867,0.0028981750854509,SPINK5;KLF4,LumA,Suppressed
GO_Biological_Process_2023,Regulation Of Cell Development (GO:0060284),2/52,0.9900604379993476,0.9999961806440713,0,0,0.2901282581712867,0.0028981750854509,PTN;CX3CL1,LumA,Suppressed
GO_Biological_Process_2023,Regulation Of Protein Localization To Nucleus (GO:1900180),2/52,0.9900604379993476,0.9999961806440713,0,0,0.2901282581712867,0.0028981750854509,NGFR;FERMT2,LumA,Suppressed
GO_Biological_Process_2023,Regulation Of Proteolysis (GO:0030162),2/52,0.9900604379993476,0.9999961806440713,0,0,0.2901282581712867,0.0028981750854509,SERPINB4;CAV1,LumA,Suppressed
GO_Biological_Process_2023,Regulation Of Intracellular Signal Transduction (GO:1902531),24/297,0.990165048864445,0.9999961806440713,0,0,0.6353162495124917,0.0062792331093292,PPP1R16B;NTRK2;NLGN1;MYOC;VWF;ITSN1;PDE2A;FAM13A;AKAP6;FGF1;GDF5;SLC6A2;EGFR;GNAI1;MOB3B;PREX2;AKAP12;MRAP;ARHGAP20;RGN;ARHGEF4;GPAT3;PAK3;MAP2K6,LumA,Suppressed
GO_Biological_Process_2023,Lytic Vacuole Organization (GO:0080171),1/36,0.990390466799352,0.9999961806440713,0,0,0.2073260073260073,0.0020019404874742,CLVS1,LumA,Suppressed
GO_Biological_Process_2023,Negative Regulation Of Organelle Assembly (GO:1902116),1/36,0.990390466799352,0.9999961806440713,0,0,0.2073260073260073,0.0020019404874742,CAV3,LumA,Suppressed
GO_Biological_Process_2023,Positive Regulation Of Double-Strand Break Repair Via Homologous Recombination (GO:1905168),1/36,0.990390466799352,0.9999961806440713,0,0,0.2073260073260073,0.0020019404874742,OOEP,LumA,Suppressed
GO_Biological_Process_2023,Regulation Of T Cell Mediated Cytotoxicity (GO:0001914),1/36,0.990390466799352,0.9999961806440713,0,0,0.2073260073260073,0.0020019404874742,ULBP3,LumA,Suppressed
GO_Biological_Process_2023,Regulation Of Peptidyl-Threonine Phosphorylation (GO:0010799),1/36,0.990390466799352,0.9999961806440713,0,0,0.2073260073260073,0.0020019404874742,SPRY2,LumA,Suppressed
GO_Biological_Process_2023,Positive Regulation Of Immune Response (GO:0050778),4/80,0.9906098736315796,0.9999961806440713,0,0,0.381497221314155,0.0035992323120743,C6;NRG1;C8B;PCK1,LumA,Suppressed
GO_Biological_Process_2023,Regulation Of Neurogenesis (GO:0050767),3/67,0.9908417462718456,0.9999961806440713,0,0,0.3398631519039735,0.0031268933754258,IL6;MME;CX3CL1,LumA,Suppressed
GO_Biological_Process_2023,Regulation Of Viral Genome Replication (GO:0045069),3/67,0.9908417462718456,0.9999961806440713,0,0,0.3398631519039735,0.0031268933754258,SLPI;PROX1;PPARA,LumA,Suppressed
GO_Biological_Process_2023,Protein Maturation (GO:0051604),7/117,0.9908658487251965,0.9999961806440713,0,0,0.460941504598221,0.0042296561340519,CPM;ADAMTS3;MME;PTCH1;TESC;NNAT;NAA11,LumA,Suppressed
GO_Biological_Process_2023,Protein Processing (GO:0016485),7/117,0.9908658487251965,0.9999961806440713,0,0,0.460941504598221,0.0042296561340519,CPM;ADAMTS3;MME;PTCH1;MASP1;PRSS12;KLK6,LumA,Suppressed
GO_Biological_Process_2023,Protein O-linked Glycosylation (GO:0006493),5/93,0.9909240544054502,0.9999961806440713,0,0,0.4117317541613316,0.0037539160552492,B3GNT5;B3GALT1;B3GNT3;TMTC1;GALNT8,LumA,Suppressed
GO_Biological_Process_2023,Endosome Organization (GO:0007032),2/53,0.9911175942559384,0.9999961806440713,0,0,0.2844232438527749,0.0025376496307289,ANXA8L1;ANXA8,LumA,Suppressed
GO_Biological_Process_2023,mRNA Stabilization (GO:0048255),2/53,0.9911175942559384,0.9999961806440713,0,0,0.2844232438527749,0.0025376496307289,ZFP36;IGF2BP2,LumA,Suppressed
GO_Biological_Process_2023,Negative Regulation Of Viral Genome Replication (GO:0045071),2/53,0.9911175942559384,0.9999961806440713,0,0,0.2844232438527749,0.0025376496307289,SLPI;PROX1,LumA,Suppressed
GO_Biological_Process_2023,Positive Regulation Of NIK/NF-kappaB Signaling (GO:1901224),2/53,0.9911175942559384,0.9999961806440713,0,0,0.2844232438527749,0.0025376496307289,EGFR;NR3C2,LumA,Suppressed
GO_Biological_Process_2023,"Regulation Of Alternative mRNA Splicing, Via Spliceosome (GO:0000381)",2/53,0.9911175942559384,0.9999961806440713,0,0,0.2844232438527749,0.0025376496307289,CELF2;SRSF12,LumA,Suppressed
GO_Biological_Process_2023,Regulation Of Cyclin-Dependent Protein Kinase Activity (GO:1904029),2/53,0.9911175942559384,0.9999961806440713,0,0,0.2844232438527749,0.0025376496307289,CDKN1C;CDKN2C,LumA,Suppressed
GO_Biological_Process_2023,Regulation Of Cell Growth (GO:0001558),17/227,0.9911181407711388,0.9999961806440713,0,0,0.5854387217001705,0.005223013839289,CDKN2C;NPR1;FHL1;FAM107A;LTBP4;AKAP6;NRG1;SLC6A2;EGFR;ESR2;SFRP1;SOX17;HYAL1;MYL2;SCGB3A1;SGK2;PAPPA2,LumA,Suppressed
GO_Biological_Process_2023,Negative Regulation Of NF-kappaB Transcription Factor Activity (GO:0032088),4/81,0.9914631816237456,0.9999961806440713,0,0,0.3765212013659219,0.0032280916154584,TCEAL7;PTGIS;KLF4;MTURN,LumA,Suppressed
GO_Biological_Process_2023,Aortic Valve Morphogenesis (GO:0003180),1/37,0.9915545366236884,0.9999961806440713,0,0,0.2015554636522378,0.0017094580731953,TGFBR2,LumA,Suppressed
GO_Biological_Process_2023,Mitochondrion Disassembly (GO:0061726),1/37,0.9915545366236884,0.9999961806440713,0,0,0.2015554636522378,0.0017094580731953,MAP1LC3C,LumA,Suppressed
GO_Biological_Process_2023,Positive Regulation Of Exocytosis (GO:0045921),1/37,0.9915545366236884,0.9999961806440713,0,0,0.2015554636522378,0.0017094580731953,SNCA,LumA,Suppressed
GO_Biological_Process_2023,Positive Regulation Of Immune Effector Process (GO:0002699),1/37,0.9915545366236884,0.9999961806440713,0,0,0.2015554636522378,0.0017094580731953,PCK1,LumA,Suppressed
GO_Biological_Process_2023,Spliceosomal snRNP Assembly (GO:0000387),1/37,0.9915545366236884,0.9999961806440713,0,0,0.2015554636522378,0.0017094580731953,SRSF12,LumA,Suppressed
GO_Biological_Process_2023,Type I Interferon-Mediated Signaling Pathway (GO:0060337),1/37,0.9915545366236884,0.9999961806440713,0,0,0.2015554636522378,0.0017094580731953,IFNE,LumA,Suppressed
GO_Biological_Process_2023,B Cell Differentiation (GO:0030183),3/68,0.9917346726875028,0.9999961806440713,0,0,0.3346153846153846,0.002777198782309,ADGRG3;IFNE;KIT,LumA,Suppressed
GO_Biological_Process_2023,Endoplasmic Reticulum Organization (GO:0007029),2/54,0.9920645178860582,0.9999961806440713,0,0,0.2789376531618981,0.0022223341124229,CAV2;TRDN,LumA,Suppressed
GO_Biological_Process_2023,Negative Regulation Of Protein Modification By Small Protein Conjugation Or Removal (GO:1903321),2/54,0.9920645178860582,0.9999961806440713,0,0,0.2789376531618981,0.0022223341124229,CAV1;SPRY2,LumA,Suppressed
GO_Biological_Process_2023,Negative Regulation Of Protein Ubiquitination (GO:0031397),2/54,0.9920645178860582,0.9999961806440713,0,0,0.2789376531618981,0.0022223341124229,CAV1;SPRY2,LumA,Suppressed
GO_Biological_Process_2023,Regulation Of Exocytosis (GO:0017157),2/54,0.9920645178860582,0.9999961806440713,0,0,0.2789376531618981,0.0022223341124229,STXBP6;SNCA,LumA,Suppressed
GO_Biological_Process_2023,Regulation Of Protein Kinase Activity (GO:0045859),7/119,0.992242552637794,0.9999961806440713,0,0,0.4526585820895522,0.003525166015539,RELN;CAV3;CCL21;MMD;CCNYL2;DDR2;SNCA,LumA,Suppressed
GO_Biological_Process_2023,Establishment Of Protein Localization To Membrane (GO:0090150),3/69,0.9925431424355474,0.9999961806440713,0,0,0.3295266405779651,0.0024664406423897,SYNE3;NECTIN3;EGFR,LumA,Suppressed
GO_Biological_Process_2023,Amino Acid Catabolic Process (GO:0009063),1/38,0.9925776060918142,0.9999961806440713,0,0,0.1960968412581316,0.0014609365554239,OTC,LumA,Suppressed
GO_Biological_Process_2023,Cellular Response To Type I Interferon (GO:0071357),1/38,0.9925776060918142,0.9999961806440713,0,0,0.1960968412581316,0.0014609365554239,IFNE,LumA,Suppressed
GO_Biological_Process_2023,Lymphocyte Proliferation (GO:0046651),1/38,0.9925776060918142,0.9999961806440713,0,0,0.1960968412581316,0.0014609365554239,IFNE,LumA,Suppressed
GO_Biological_Process_2023,mRNA Transcription By RNA Polymerase II (GO:0042789),1/38,0.9925776060918142,0.9999961806440713,0,0,0.1960968412581316,0.0014609365554239,PPARG,LumA,Suppressed
GO_Biological_Process_2023,Negative Regulation Of Epithelial Cell Apoptotic Process (GO:1904036),1/38,0.9925776060918142,0.9999961806440713,0,0,0.1960968412581316,0.0014609365554239,PPARA,LumA,Suppressed
GO_Biological_Process_2023,Regulation Of Neurotransmitter Secretion (GO:0046928),1/38,0.9925776060918142,0.9999961806440713,0,0,0.1960968412581316,0.0014609365554239,RIMS3,LumA,Suppressed
GO_Biological_Process_2023,Positive Regulation Of Transferase Activity (GO:0051347),9/143,0.9927153563672242,0.9999961806440713,0,0,0.4862296401808385,0.003554973789221,ALK;NTRK2;CHRNA7;ADIPOQ;TYRO3;KLF4;MET;EGFR;DDR2,LumA,Suppressed
GO_Biological_Process_2023,Ceramide Metabolic Process (GO:0006672),2/55,0.9929123952338288,0.9999961806440713,0,0,0.2736590658933185,0.0019464934652878,PLPP3;ST6GALNAC3,LumA,Suppressed
GO_Biological_Process_2023,Plasma Membrane Bounded Cell Projection Organization (GO:0120036),8/132,0.9930031382640117,0.9999961806440713,0,0,0.4671331665351012,0.0032799543000715,ROPN1B;IL6;NLGN1;ADGRF1;TNXB;MYOC;CCL21;ROPN1,LumA,Suppressed
GO_Biological_Process_2023,Negative Regulation Of Extrinsic Apoptotic Signaling Pathway (GO:2001237),3/70,0.9932748170945542,0.9999961806440713,0,0,0.3245897993476327,0.0021902991341329,IGF1;BMP5;PF4,LumA,Suppressed
GO_Biological_Process_2023,Anterograde Axonal Transport (GO:0008089),1/39,0.9934767478273462,0.9999961806440713,0,0,0.1909255147795046,0.0012495352412885,MGARP,LumA,Suppressed
GO_Biological_Process_2023,Positive Regulation Of Intrinsic Apoptotic Signaling Pathway (GO:2001244),1/39,0.9934767478273462,0.9999961806440713,0,0,0.1909255147795046,0.0012495352412885,CAV1,LumA,Suppressed
GO_Biological_Process_2023,Positive Regulation Of Pattern Recognition Receptor Signaling Pathway (GO:0062208),1/39,0.9934767478273462,0.9999961806440713,0,0,0.1909255147795046,0.0012495352412885,CAV1,LumA,Suppressed
GO_Biological_Process_2023,Regulation Of Mitochondrial Membrane Potential (GO:0051881),1/39,0.9934767478273462,0.9999961806440713,0,0,0.1909255147795046,0.0012495352412885,PID1,LumA,Suppressed
GO_Biological_Process_2023,Regulation Of Mitotic Spindle Organization (GO:0060236),1/39,0.9934767478273462,0.9999961806440713,0,0,0.1909255147795046,0.0012495352412885,GNAI1,LumA,Suppressed
GO_Biological_Process_2023,Regulation Of Protein Targeting To Mitochondrion (GO:1903214),1/39,0.9934767478273462,0.9999961806440713,0,0,0.1909255147795046,0.0012495352412885,UBL4B,LumA,Suppressed
GO_Biological_Process_2023,Vesicle Cytoskeletal Trafficking (GO:0099518),1/39,0.9934767478273462,0.9999961806440713,0,0,0.1909255147795046,0.0012495352412885,MYO1H,LumA,Suppressed
GO_Biological_Process_2023,Regulation Of Stem Cell Population Maintenance (GO:2000036),2/56,0.9936713205256256,0.9999961806440713,0,0,0.2685759818569086,0.0017051326319039,PTN;NODAL,LumA,Suppressed
GO_Biological_Process_2023,Regulation Of Defense Response (GO:0031347),5/97,0.9936777835131496,0.9999961806440713,0,0,0.3937403191527682,0.0024972138448462,ANXA1;CMA1;GGT3P;PTGS2;MGLL,LumA,Suppressed
GO_Biological_Process_2023,Regulation Of Protein Catabolic Process (GO:0042176),7/122,0.9939450226184546,0.9999961806440713,0,0,0.4407743889249405,0.0026769917211461,SERPINB12;GPC3;C4BPA;ASB11;ASB5;EGFR;GFAP,LumA,Suppressed
GO_Biological_Process_2023,Sensory Perception Of Chemical Stimulus (GO:0007606),6/110,0.993991925051726,0.9999961806440713,0,0,0.4178568013006471,0.002518087005036,OR2S2;OR1E1;OR7A5;CD36;DRD2;OR10A3,LumA,Suppressed
GO_Biological_Process_2023,Positive Regulation Of Protein Localization (GO:1903829),4/85,0.9941897727070346,0.9999961806440713,0,0,0.3578457684737878,0.0020852289610999,NGFR;CORO2B;FERMT2;TMEM35A,LumA,Suppressed
GO_Biological_Process_2023,Cellular Response To Heat (GO:0034605),1/40,0.99426696778322,0.9999961806440713,0,0,0.1860193845305507,0.0010695238696832,FGF1,LumA,Suppressed
GO_Biological_Process_2023,Endothelial Cell Migration (GO:0043542),1/40,0.99426696778322,0.9999961806440713,0,0,0.1860193845305507,0.0010695238696832,S100A12,LumA,Suppressed
GO_Biological_Process_2023,Establishment Or Maintenance Of Epithelial Cell Apical/Basal Polarity (GO:0045197),1/40,0.99426696778322,0.9999961806440713,0,0,0.1860193845305507,0.0010695238696832,CRB2,LumA,Suppressed
GO_Biological_Process_2023,Nucleic Acid-Templated Transcription (GO:0097659),1/40,0.99426696778322,0.9999961806440713,0,0,0.1860193845305507,0.0010695238696832,DTX1,LumA,Suppressed
GO_Biological_Process_2023,Regulation Of Autophagosome Assembly (GO:2000785),1/40,0.99426696778322,0.9999961806440713,0,0,0.1860193845305507,0.0010695238696832,RNF186,LumA,Suppressed
GO_Biological_Process_2023,Regulation Of Cytokine-Mediated Signaling Pathway (GO:0001959),1/40,0.99426696778322,0.9999961806440713,0,0,0.1860193845305507,0.0010695238696832,TSLP,LumA,Suppressed
GO_Biological_Process_2023,Regulation Of Protein Dephosphorylation (GO:0035304),1/40,0.99426696778322,0.9999961806440713,0,0,0.1860193845305507,0.0010695238696832,PPP1R16B,LumA,Suppressed
GO_Biological_Process_2023,Positive Regulation Of Intracellular Signal Transduction (GO:1902533),46/525,0.9943729400383426,0.9999961806440713,0,0,0.6921041958638722,0.0039055104148575,CSF3;NLGN1;SCHIP1;CHRNA7;ADRB2;FGF1;FGF2;EGFR;CX3CL1;ART4;NR3C2;RELN;FFAR4;S100A12;IGFBP6;P2RY12;NTRK2;MYOC;CCL21;F10;VWF;ANGPT1;CAV2;CAV1;ADIPOQ;SCTR;AKR1C3;AKR1C2;IGF1;S100B;FRMD1;BMP6;EDAR;GPRC5B;BMP2;IL6;ADRB3;LEP;RRAGD;GFRAL;KIT;SPRY2;PPARG;FERMT2;NODAL;DDR2,LumA,Suppressed
GO_Biological_Process_2023,Neuron Projection Development (GO:0031175),13/192,0.994661603566845,0.9999961806440713,0,0,0.5252836252014285,0.0028116838680121,NLGN1;NYAP1;TNXB;MYOC;KLK8;NTF4;IL6;ADGRF1;PLP1;MGARP;PAK3;EPHB1;GPM6B,LumA,Suppressed
GO_Biological_Process_2023,Exocytosis (GO:0006887),4/86,0.9947272801053622,0.9999961806440713,0,0,0.3534615967277685,0.0018686347275095,CRHBP;STX19;PRSS12;STX11,LumA,Suppressed
GO_Biological_Process_2023,Regulation Of Mitotic Cell Cycle Phase Transition (GO:1901990),4/86,0.9947272801053622,0.9999961806440713,0,0,0.3534615967277685,0.0018686347275095,KCNH5;CDKN2C;NPM2;CDC14B,LumA,Suppressed
GO_Biological_Process_2023,Positive Regulation Of Mitochondrion Organization (GO:0010822),2/58,0.9949578260629794,0.9999961806440713,0,0,0.258954429930847,0.0013089961508992,MGARP;PPARGC1A,LumA,Suppressed
GO_Biological_Process_2023,Regulation Of Phagocytosis (GO:0050764),2/58,0.9949578260629794,0.9999961806440713,0,0,0.258954429930847,0.0013089961508992,ADIPOQ;OLFM4,LumA,Suppressed
GO_Biological_Process_2023,Axoneme Assembly (GO:0035082),1/41,0.994961455667126,0.9999961806440713,0,0,0.1813585607940446,0.00091609297921519,RP1L1,LumA,Suppressed
GO_Biological_Process_2023,Negative Regulation Of DNA Recombination (GO:0045910),1/41,0.994961455667126,0.9999961806440713,0,0,0.1813585607940446,0.00091609297921519,ZSCAN4,LumA,Suppressed
GO_Biological_Process_2023,Negative Regulation Of mRNA Catabolic Process (GO:1902373),1/41,0.994961455667126,0.9999961806440713,0,0,0.1813585607940446,0.00091609297921519,PKP1,LumA,Suppressed
GO_Biological_Process_2023,Protein Localization To Lysosome (GO:0061462),1/41,0.994961455667126,0.9999961806440713,0,0,0.1813585607940446,0.00091609297921519,CACNG2,LumA,Suppressed
GO_Biological_Process_2023,Regulation Of Amide Metabolic Process (GO:0034248),1/41,0.994961455667126,0.9999961806440713,0,0,0.1813585607940446,0.00091609297921519,NR1H4,LumA,Suppressed
GO_Biological_Process_2023,Regulation Of Release Of Cytochrome C From Mitochondria (GO:0090199),1/41,0.994961455667126,0.9999961806440713,0,0,0.1813585607940446,0.00091609297921519,IGF1,LumA,Suppressed
GO_Biological_Process_2023,Response To UV (GO:0009411),5/100,0.995197610579506,0.9999961806440713,0,0,0.3812410064099769,0.0018352781718183,MFAP4;CAT;ELANE;EGFR;AQP1,LumA,Suppressed
GO_Biological_Process_2023,Negative Regulation Of Cellular Biosynthetic Process (GO:0031327),8/137,0.9953133933101632,0.9999961806440713,0,0,0.4488986203415225,0.0021087566023998,PTGIS;ACADL;CAV1;TRIM2;ADIPOQ;AKR1C3;PROX1;IGF2BP2,LumA,Suppressed
GO_Biological_Process_2023,Negative Regulation Of DNA-binding Transcription Factor Activity (GO:0043433),9/149,0.9954193950184456,0.9999961806440713,0,0,0.4652311796087729,0.0021359359415496,ADGRG3;PRNP;TCEAL7;PTGIS;PTCH1;PROX1;KLF4;TBXT;MTURN,LumA,Suppressed
GO_Biological_Process_2023,Phospholipid Transport (GO:0015914),2/59,0.9955009972801652,0.9999961806440713,0,0,0.2543968527027125,0.0011471145071335,ABCB1;PLTP,LumA,Suppressed
GO_Biological_Process_2023,Cellular Response To Amino Acid Starvation (GO:0034198),1/42,0.9955718044683184,0.9999961806440713,0,0,0.1769250943129778,0.0007851987047003379,RRAGD,LumA,Suppressed
GO_Biological_Process_2023,Regulation Of Osteoclast Differentiation (GO:0045670),1/42,0.9955718044683184,0.9999961806440713,0,0,0.1769250943129778,0.0007851987047003379,TMEM178A,LumA,Suppressed
GO_Biological_Process_2023,Regulation Of Ubiquitin-Dependent Protein Catabolic Process (GO:2000058),1/42,0.9955718044683184,0.9999961806440713,0,0,0.1769250943129778,0.0007851987047003379,CAV3,LumA,Suppressed
GO_Biological_Process_2023,Negative Regulation Of Protein Kinase Activity (GO:0006469),4/88,0.9956620722222094,0.9999961806440713,0,0,0.3450064083604456,0.0014998683998511,CDKN1C;CAV3;CAV1;SNCA,LumA,Suppressed
GO_Biological_Process_2023,Regulation Of Macromolecule Metabolic Process (GO:0060255),10/162,0.995905475873537,0.9999961806440713,0,0,0.4759837014703633,0.0019529276381632,ZNF462;PCBP3;EDN3;NRG1;IGF1;PROX1;IGF2BP2;TRIM43;NKAPL;AFF2,LumA,Suppressed
GO_Biological_Process_2023,Regulation Of DNA Replication (GO:0006275),3/75,0.9960063842108552,0.9999961806440713,0,0,0.3019626103752759,0.0012083370747285,NPM2;GMNC;EGFR,LumA,Suppressed
GO_Biological_Process_2023,Cellular Response To Chemical Stress (GO:0062197),4/89,0.996067263209098,0.9999961806440713,0,0,0.3409280233832663,0.0013434235811898,CAV1;MGAT3;PPARGC1A;SNCA,LumA,Suppressed
GO_Biological_Process_2023,DNA-templated DNA Replication Maintenance Of Fidelity (GO:0045005),1/43,0.9961082038870628,0.9999961806440713,0,0,0.1727027452833904,0.0006734351606074867,OOEP,LumA,Suppressed
GO_Biological_Process_2023,mRNA Catabolic Process (GO:0006402),1/43,0.9961082038870628,0.9999961806440713,0,0,0.1727027452833904,0.0006734351606074867,ZFP36,LumA,Suppressed
GO_Biological_Process_2023,mRNA Destabilization (GO:0061157),1/43,0.9961082038870628,0.9999961806440713,0,0,0.1727027452833904,0.0006734351606074867,ZFP36,LumA,Suppressed
GO_Biological_Process_2023,mRNA Transcription (GO:0009299),1/43,0.9961082038870628,0.9999961806440713,0,0,0.1727027452833904,0.0006734351606074867,PPARG,LumA,Suppressed
GO_Biological_Process_2023,Positive Regulation Of T Cell Mediated Immunity (GO:0002711),1/43,0.9961082038870628,0.9999961806440713,0,0,0.1727027452833904,0.0006734351606074867,ULBP3,LumA,Suppressed
GO_Biological_Process_2023,Regulation Of JUN Kinase Activity (GO:0043506),1/43,0.9961082038870628,0.9999961806440713,0,0,0.1727027452833904,0.0006734351606074867,EDN1,LumA,Suppressed
GO_Biological_Process_2023,Regulation Of Endothelial Cell Apoptotic Process (GO:2000351),1/43,0.9961082038870628,0.9999961806440713,0,0,0.1727027452833904,0.0006734351606074867,ANGPT1,LumA,Suppressed
GO_Biological_Process_2023,Regulation Of Ras Protein Signal Transduction (GO:0046578),3/76,0.9964049205128022,0.9999961806440713,0,0,0.297809126372131,0.0010725766377548,KANK1;SPRY2;IGF1,LumA,Suppressed
GO_Biological_Process_2023,Autophagosome Maturation (GO:0097352),1/44,0.9965796100947116,0.9999961806440713,0,0,0.1686767845807605,0.000577929307422879,MAP1LC3C,LumA,Suppressed
GO_Biological_Process_2023,Establishment Of Protein Localization To Mitochondrion (GO:0072655),1/44,0.9965796100947116,0.9999961806440713,0,0,0.1686767845807605,0.000577929307422879,MGARP,LumA,Suppressed
GO_Biological_Process_2023,Nucleobase-Containing Compound Catabolic Process (GO:0034655),1/44,0.9965796100947116,0.9999961806440713,0,0,0.1686767845807605,0.000577929307422879,DNASE1L3,LumA,Suppressed
GO_Biological_Process_2023,Regulation Of Viral Entry Into Host Cell (GO:0046596),1/44,0.9965796100947116,0.9999961806440713,0,0,0.1686767845807605,0.000577929307422879,GSN,LumA,Suppressed
GO_Biological_Process_2023,Negative Regulation Of Cellular Process (GO:0048523),46/537,0.996716600439516,0.9999961806440713,0,0,0.6747154641104139,0.0022190053958004,CEBPA;TENM1;PIWIL4;NPR1;FHL1;PDE3B;CXCL1;BRINP1;SOX17;ADAMTS1;HYAL1;SPOCK3;DACT2;IGFBP6;DRD2;SOX7;JAM2;PLXNA4;CER1;FGFBP1;CCL23;MYOCD;CDKN2C;ANGPT1;TESC;AVPR2;P3H2;NRG1;PROX1;PTPN14;ESR2;BMP5;SFRP1;BMP2;IL6;SST;MYL2;FABP7;ALDH1A2;COL4A3;CLDN19;TXNIP;SCGB3A1;GMNC;CRYAB;GPLD1,LumA,Suppressed
GO_Biological_Process_2023,Regulation Of Immune Response (GO:0050776),3/77,0.9967645936425712,0.9999961806440713,0,0,0.2937678986933953,0.0009519994113103638,C6;SPINK5;C8B,LumA,Suppressed
GO_Biological_Process_2023,Positive Regulation Of Apoptotic Signaling Pathway (GO:2001235),2/62,0.9968081841781103,0.9999961806440713,0,0,0.241635636463936,0.0007724899272566089,CAV1;G0S2,LumA,Suppressed
GO_Biological_Process_2023,Protein Lipidation (GO:0006497),2/62,0.9968081841781103,0.9999961806440713,0,0,0.241635636463936,0.0007724899272566089,PGAP4;GPLD1,LumA,Suppressed
GO_Biological_Process_2023,Regulation Of T Cell Activation (GO:0050863),2/62,0.9968081841781103,0.9999961806440713,0,0,0.241635636463936,0.0007724899272566089,CD209;SPINK5,LumA,Suppressed
GO_Biological_Process_2023,Regulation Of Embryonic Development (GO:0045995),2/62,0.9968081841781103,0.9999961806440713,0,0,0.241635636463936,0.0007724899272566089,CRB2;SOX17,LumA,Suppressed
GO_Biological_Process_2023,Positive Regulation Of Developmental Process (GO:0051094),16/233,0.9969440050121864,0.9999961806440713,0,0,0.5327902334063986,0.0016306972552126,ALK;NLGN1;TNXB;EDN3;FZD4;ZBTB16;VLDLR;PTN;BMP5;BMP2;RELN;LEP;ENPP2;SOX8;PPARG;SOX6,LumA,Suppressed
GO_Biological_Process_2023,I-kappaB kinase/NF-kappaB Signaling (GO:0007249),1/45,0.996993894745782,0.9999961806440713,0,0,0.1648338220918866,0.0004962540889451296,DEFB124,LumA,Suppressed
GO_Biological_Process_2023,Determination Of Left/Right Symmetry (GO:0007368),1/45,0.996993894745782,0.9999961806440713,0,0,0.1648338220918866,0.0004962540889451296,CER1,LumA,Suppressed
GO_Biological_Process_2023,Mitotic Nuclear Division (GO:0140014),1/45,0.996993894745782,0.9999961806440713,0,0,0.1648338220918866,0.0004962540889451296,KIF25,LumA,Suppressed
GO_Biological_Process_2023,Negative Regulation Of Response To Biotic Stimulus (GO:0002832),1/45,0.996993894745782,0.9999961806440713,0,0,0.1648338220918866,0.0004962540889451296,TYRO3,LumA,Suppressed
GO_Biological_Process_2023,Positive Regulation Of mRNA Catabolic Process (GO:0061014),1/45,0.996993894745782,0.9999961806440713,0,0,0.1648338220918866,0.0004962540889451296,ZFP36,LumA,Suppressed
GO_Biological_Process_2023,Regulation Of Apoptotic Signaling Pathway (GO:2001233),1/45,0.996993894745782,0.9999961806440713,0,0,0.1648338220918866,0.0004962540889451296,CX3CL1,LumA,Suppressed
GO_Biological_Process_2023,Regulation Of Telomerase Activity (GO:0051972),1/45,0.996993894745782,0.9999961806440713,0,0,0.1648338220918866,0.0004962540889451296,KLF4,LumA,Suppressed
GO_Biological_Process_2023,Regulation Of Protein Binding (GO:0043393),6/118,0.997033853856334,0.9999961806440713,0,0,0.3878322775442543,0.0011520766742407,CLDN5;CSF3;BMP2;SLPI;CAV1;CARD18,LumA,Suppressed
GO_Biological_Process_2023,Positive Regulation Of Tumor Necrosis Factor Production (GO:0032760),3/78,0.997089076883866,0.9999961806440713,0,0,0.2898344370860927,0.0008449161031579784,IL33;IL6;PF4,LumA,Suppressed
GO_Biological_Process_2023,Regulation Of TOR Signaling (GO:0032006),3/78,0.997089076883866,0.9999961806440713,0,0,0.2898344370860927,0.0008449161031579784,LEP;RRAGD;GPAT3,LumA,Suppressed
GO_Biological_Process_2023,B Cell Receptor Signaling Pathway (GO:0050853),1/46,0.9973579767482272,0.9999961806440713,0,0,0.1611616579358515,0.000426356317548658,BMX,LumA,Suppressed
GO_Biological_Process_2023,Mitotic G2/M Transition Checkpoint (GO:0044818),1/46,0.9973579767482272,0.9999961806440713,0,0,0.1611616579358515,0.000426356317548658,CDC14B,LumA,Suppressed
GO_Biological_Process_2023,Protein Sumoylation (GO:0016925),1/46,0.9973579767482272,0.9999961806440713,0,0,0.1611616579358515,0.000426356317548658,EGR2,LumA,Suppressed
GO_Biological_Process_2023,Regulation Of Epidermal Growth Factor Receptor Signaling Pathway (GO:0042058),1/46,0.9973579767482272,0.9999961806440713,0,0,0.1611616579358515,0.000426356317548658,EGFR,LumA,Suppressed
GO_Biological_Process_2023,Replication Fork Processing (GO:0031297),1/46,0.9973579767482272,0.9999961806440713,0,0,0.1611616579358515,0.000426356317548658,OOEP,LumA,Suppressed
GO_Biological_Process_2023,Ras Protein Signal Transduction (GO:0007265),8/144,0.9973617764181176,0.9999961806440713,0,0,0.4256227584356015,0.0011243718234386,ROPN1B;CNKSR2;NGFR;MRAS;RASGEF1C;IGF1;FGF2;ART4,LumA,Suppressed
GO_Biological_Process_2023,Positive Regulation Of Protein Modification By Small Protein Conjugation Or Removal (GO:1903322),3/79,0.9973817111190664,0.9999961806440713,0,0,0.2860044876263506,0.0007498244272556732,ANGPT1;CAV1;FAM107A,LumA,Suppressed
GO_Biological_Process_2023,Vesicle Fusion (GO:0006906),3/79,0.9973817111190664,0.9999961806440713,0,0,0.2860044876263506,0.0007498244272556732,CAV2;STXBP6;SNCA,LumA,Suppressed
GO_Biological_Process_2023,Negative Regulation Of Cell Death (GO:0060548),2/64,0.9974636577927276,0.9999961806440713,0,0,0.2338142458659762,0.0005937862817805661,ALB;SNCA,LumA,Suppressed
GO_Biological_Process_2023,Positive Regulation Of T Cell Differentiation (GO:0045582),2/64,0.9974636577927276,0.9999961806440713,0,0,0.2338142458659762,0.0005937862817805661,CR1;PCK1,LumA,Suppressed
GO_Biological_Process_2023,Protein N-linked Glycosylation (GO:0006487),2/64,0.9974636577927276,0.9999961806440713,0,0,0.2338142458659762,0.0005937862817805661,GAL3ST1;MGAT3,LumA,Suppressed
GO_Biological_Process_2023,Peptidyl-Lysine Modification (GO:0018205),4/94,0.997602425111138,0.9999961806440713,0,0,0.3218955601564297,0.0007726953799761016,EGR2;BCL11A;NNAT;LOXL4,LumA,Suppressed
GO_Biological_Process_2023,Regulation Of Organelle Assembly (GO:1902115),3/80,0.9976455325083364,0.9999961806440713,0,0,0.2822740173733551,0.0006653886233335279,C10ORF90;GSN;RNF186,LumA,Suppressed
GO_Biological_Process_2023,Golgi To Plasma Membrane Transport (GO:0006893),1/47,0.99767793714613,0.9999961806440713,0,0,0.1576491530909483,0.0003664969216505,SPTBN1,LumA,Suppressed
GO_Biological_Process_2023,Positive Regulation Of Lymphocyte Activation (GO:0051251),1/47,0.99767793714613,0.9999961806440713,0,0,0.1576491530909483,0.0003664969216505,IL6,LumA,Suppressed
GO_Biological_Process_2023,Regulation Of T Cell Differentiation (GO:0045580),1/47,0.99767793714613,0.9999961806440713,0,0,0.1576491530909483,0.0003664969216505,SPINK5,LumA,Suppressed
GO_Biological_Process_2023,Regulation Of Signal Transduction By P53 Class Mediator (GO:1901796),1/47,0.99767793714613,0.9999961806440713,0,0,0.1576491530909483,0.0003664969216505,MAP2K6,LumA,Suppressed
GO_Biological_Process_2023,Glycerophospholipid Biosynthetic Process (GO:0046474),5/108,0.9977260664640604,0.9999961806440713,0,0,0.3514691805889592,0.0008001276202706012,GPAM;PLA2G4A;GPAT3;BMX;FGF2,LumA,Suppressed
GO_Biological_Process_2023,Positive Regulation Of Apoptotic Process (GO:0043065),19/270,0.9977342481156244,0.9999961806440713,0,0,0.5465969455511288,0.0012398581959145,WNT10B;PRNP;CSRNP3;PTGIS;ADIPOQ;FZD9;NRG1;SLC6A2;SFRP1;BMP2;IL6;ACVR1C;ADAMTSL4;AIFM2;EMILIN2;HOXA5;TP63;GPLD1;SNCA,LumA,Suppressed
GO_Biological_Process_2023,Positive Regulation Of DNA Biosynthetic Process (GO:2000573),2/65,0.99773968220871,0.9999961806440713,0,0,0.230089774152662,0.0005206646658403321,KLF4;FGF2,LumA,Suppressed
GO_Biological_Process_2023,Macromolecule Modification (GO:0043412),3/81,0.9978832990512416,0.9999961806440713,0,0,0.2786392002037697,0.0005904209524059077,CHRM3;ST8SIA2;TGM5,LumA,Suppressed
GO_Biological_Process_2023,Negative Regulation Of Protein Metabolic Process (GO:0051248),8/147,0.9979468798226264,0.9999961806440713,0,0,0.4163650415213246,0.000855726223192424,PRNP;EDN1;SERPINB12;EDNRB;TRIM2;IGF2BP2;CRYAB;EGFR,LumA,Suppressed
GO_Biological_Process_2023,Protein Glycosylation (GO:0006486),8/147,0.9979468798226264,0.9999961806440713,0,0,0.4163650415213246,0.000855726223192424,GAL3ST1;ST8SIA1;ST8SIA2;B3GNT5;B3GALT1;B3GNT3;MGAT3;GALNT8,LumA,Suppressed
GO_Biological_Process_2023,Cytoplasmic Microtubule Organization (GO:0031122),1/48,0.9979591204547096,0.9999961806440713,0,0,0.1542861165373176,0.00031520113265324986,TRDN,LumA,Suppressed
GO_Biological_Process_2023,Regulation Of Intrinsic Apoptotic Signaling Pathway (GO:2001242),1/48,0.9979591204547096,0.9999961806440713,0,0,0.1542861165373176,0.00031520113265324986,CAV1,LumA,Suppressed
GO_Biological_Process_2023,Negative Regulation Of Apoptotic Signaling Pathway (GO:2001234),3/82,0.9980975143975462,0.9999961806440713,0,0,0.275096403722022,0.0005238654287451374,FZD9;IGF1;CX3CL1,LumA,Suppressed
GO_Biological_Process_2023,Positive Regulation Of Tumor Necrosis Factor Superfamily Cytokine Production (GO:1903557),3/82,0.9980975143975462,0.9999961806440713,0,0,0.275096403722022,0.0005238654287451374,IL33;IL6;PF4,LumA,Suppressed
GO_Biological_Process_2023,Phosphate-Containing Compound Metabolic Process (GO:0006796),11/184,0.9981619837597976,0.9999961806440713,0,0,0.4596623970195687,0.0008456443430395836,ALK;PFKFB1;SLC22A3;PFKFB3;PLPPR1;PLA2G2A;ALPL;SLC29A4;ALDOC;ENPP3;PLPP3,LumA,Suppressed
GO_Biological_Process_2023,Autophagy Of Mitochondrion (GO:0000422),1/49,0.9982062245060528,0.9999961806440713,0,0,0.1510632065067549,0.0002712168016833777,MAP1LC3C,LumA,Suppressed
GO_Biological_Process_2023,Interferon-Mediated Signaling Pathway (GO:0140888),1/49,0.9982062245060528,0.9999961806440713,0,0,0.1510632065067549,0.0002712168016833777,IFNE,LumA,Suppressed
GO_Biological_Process_2023,Regulation Of Mitotic Metaphase/Anaphase Transition (GO:0030071),1/49,0.9982062245060528,0.9999961806440713,0,0,0.1510632065067549,0.0002712168016833777,USP44,LumA,Suppressed
GO_Biological_Process_2023,Regulation Of Protein Localization (GO:0032880),4/97,0.998224411085134,0.9999961806440713,0,0,0.3114584029030032,0.0005535136395295743,MMD;GPC3;KRT5;OOEP,LumA,Suppressed
GO_Biological_Process_2023,T Cell Activation (GO:0042110),5/111,0.9982903879553856,0.9999961806440713,0,0,0.3414633193165653,0.0005842693829137628,CCL21;IFNE;LEP;KIT;LEPR,LumA,Suppressed
GO_Biological_Process_2023,Regulation Of NIK/NF-kappaB Signaling (GO:1901222),3/83,0.9982904504526732,0.9999961806440713,0,0,0.2716421771523178,0.0004647831591985333,ADGRG3;EGFR;NR3C2,LumA,Suppressed
GO_Biological_Process_2023,Protein Stabilization (GO:0050821),13/208,0.9982975118407368,0.9999961806440713,0,0,0.4817400942089221,0.0008208557532706791,WNT10B;TESC;CSN3;ANK2;IGF1;C10ORF90;SOX17;TMEM88;DSG1;PLPP3;PPARGC1A;CRYAB;GPIHBP1,LumA,Suppressed
GO_Biological_Process_2023,Protein Autophosphorylation (GO:0046777),9/162,0.9983860551119106,0.9999961806440713,0,0,0.4253844276299731,0.0006871016438074281,ALK;NTRK2;KIT;TYRO3;SIK2;BMX;EPHB1;EGFR;DDR2,LumA,Suppressed
GO_Biological_Process_2023,Regulation Of Neuron Projection Development (GO:0010975),10/174,0.9983946324360692,0.9999961806440713,0,0,0.440851886725592,0.0007082980110145828,KANK1;NTRK2;NLGN1;RELN;SEMA3A;ALKAL2;PTN;PAK3;CX3CL1;DDR2,LumA,Suppressed
GO_Biological_Process_2023,Telomere Maintenance (GO:0000723),2/68,0.9984019109796168,0.9999961806440713,0,0,0.2195935356878675,0.0003512107261384136,TENM1;ZSCAN4,LumA,Suppressed
GO_Biological_Process_2023,Positive Regulation Of Protein Ubiquitination (GO:0031398),3/84,0.9984641671623138,0.9999961806440713,0,0,0.2682732401275448,0.00041233957510413934,ANGPT1;CAV1;FAM107A,LumA,Suppressed
GO_Biological_Process_2023,Cellular Response To Starvation (GO:0009267),6/126,0.9985640366579824,0.9999961806440713,0,0,0.3618110236220472,0.0005199207496312797,SFRP1;MAP1LC3C;RRAGD;ALB;PDK4;PPARA,LumA,Suppressed
GO_Biological_Process_2023,Protein-Containing Complex Organization (GO:0043933),6/126,0.9985640366579824,0.9999961806440713,0,0,0.3618110236220472,0.0005199207496312797,DMD;ANKS4B;APBA1;PPARGC1A;WASF3;JCHAIN,LumA,Suppressed
GO_Biological_Process_2023,Positive Regulation Of DNA Recombination (GO:0045911),1/51,0.998614208901272,0.9999961806440713,0,0,0.1450041356492969,0.00020108480342976483,OOEP,LumA,Suppressed
GO_Biological_Process_2023,Positive Regulation Of Leukocyte Mediated Cytotoxicity (GO:0001912),1/51,0.998614208901272,0.9999961806440713,0,0,0.1450041356492969,0.00020108480342976483,ULBP3,LumA,Suppressed
GO_Biological_Process_2023,Regulation Of Telomere Maintenance Via Telomerase (GO:0032210),1/51,0.998614208901272,0.9999961806440713,0,0,0.1450041356492969,0.00020108480342976483,TENM1,LumA,Suppressed
GO_Biological_Process_2023,mRNA Metabolic Process (GO:0016071),3/85,0.9986205320287896,0.9999961806440713,0,0,0.2649864722984978,0.00036579270904954064,ZFP36;PCBP3;PPARGC1A,LumA,Suppressed
GO_Biological_Process_2023,Positive Regulation Of Programmed Cell Death (GO:0043068),16/245,0.998653342619844,0.9999961806440713,0,0,0.5045221856958279,0.0006798764079256848,WNT10B;CSRNP3;FZD9;NRG1;SLC6A2;FCER2;SFRP1;BMP2;IL6;ACVR1C;ADAMTSL4;AIFM2;EMILIN2;HOXA5;GPLD1;SNCA,LumA,Suppressed
GO_Biological_Process_2023,Response To Endoplasmic Reticulum Stress (GO:0034976),5/114,0.9987177357494108,0.9999961806440713,0,0,0.3320082393986151,0.0004259954740715863,TMEM238L;ANKS4B;SEL1L2;RNF186;ATF3,LumA,Suppressed
GO_Biological_Process_2023,Negative Regulation Of Binding (GO:0051100),3/86,0.9987612367542044,0.9999961806440713,0,0,0.2617789036942471,0.00032448310481309893,SLPI;CAV1;CARD18,LumA,Suppressed
GO_Biological_Process_2023,Positive Regulation Of B Cell Activation (GO:0050871),1/52,0.9987819071139072,0.9999961806440713,0,0,0.1421528081869638,0.00017326086974313155,IL6,LumA,Suppressed
GO_Biological_Process_2023,Protein Autoubiquitination (GO:0051865),2/71,0.9988717002135662,0.9999961806440713,0,0,0.210010013611316,0.00023708803186094795,RNF157;RNF186,LumA,Suppressed
GO_Biological_Process_2023,Regulation Of Type II Interferon Production (GO:0032649),3/87,0.998887813244972,0.9999961806440713,0,0,0.2586477057710501,0.0002878246396384173,PRNP;CR1;NR1H4,LumA,Suppressed
GO_Biological_Process_2023,Mitochondrial Transport (GO:0006839),1/53,0.9989292754494454,0.9999961806440713,0,0,0.1394111471654896,0.00014935090900979777,MGARP,LumA,Suppressed
GO_Biological_Process_2023,Spermatid Development (GO:0007286),1/53,0.9989292754494454,0.9999961806440713,0,0,0.1394111471654896,0.00014935090900979777,JAM2,LumA,Suppressed
GO_Biological_Process_2023,Membrane Organization (GO:0061024),9/167,0.9989326187304148,0.9999961806440713,0,0,0.411804716634277,0.000439787393451988,ACE2;CR1;CAV3;ANK2;SGCZ;SPTBN1;EGFR;STX11;TRDN,LumA,Suppressed
GO_Biological_Process_2023,Cellular Component Assembly (GO:0022607),17/260,0.998971623888925,0.9999961806440713,0,0,0.5049735645535443,0.0005195699529882353,NLGN1;GSN;FAM107A;AIF1L;JCHAIN;RP1L1;HAS1;KRT14;HAS3;PKP1;DMD;ANKS4B;APBA1;PPARGC1A;GPM6B;SPTBN1;WASF3,LumA,Suppressed
GO_Biological_Process_2023,Positive Regulation Of Protein Localization To Nucleus (GO:1900182),2/72,0.9989955825320244,0.9999961806440713,0,0,0.206998049530114,0.00020801694220712688,NGFR;FERMT2,LumA,Suppressed
GO_Biological_Process_2023,Response To Ionizing Radiation (GO:0010212),2/72,0.9989955825320244,0.9999961806440713,0,0,0.206998049530114,0.00020801694220712688,ANXA1;SLC6A2,LumA,Suppressed
GO_Biological_Process_2023,Cellular Response To Oxidative Stress (GO:0034599),5/117,0.9990403801081544,0.9999961806440713,0,0,0.3230596816191265,0.0003101633400035511,MGAT3;FOS;PPARGC1A;EGFR;SNCA,LumA,Suppressed
GO_Biological_Process_2023,Negative Regulation Of TOR Signaling (GO:0032007),1/54,0.9990587771973806,0.9999961806440713,0,0,0.1367729450504861,0.0001287944363058138,SPAAR,LumA,Suppressed
GO_Biological_Process_2023,Protein K63-linked Ubiquitination (GO:0070534),1/54,0.9990587771973806,0.9999961806440713,0,0,0.1367729450504861,0.0001287944363058138,RNF186,LumA,Suppressed
GO_Biological_Process_2023,Apoptotic Process (GO:0006915),14/228,0.999095998983715,0.9999961806440713,0,0,0.4724153340975771,0.0004272570916653517,NGFR;ZBTB16;PRUNE2;EMP1;PAX3;NSG1;CIDEC;TGFBR2;TP53AIP1;AIFM2;PLAGL1;LALBA;SCN2A;TP63,LumA,Suppressed
GO_Biological_Process_2023,Regulation Of Protein-Containing Complex Assembly (GO:0043254),5/119,0.9992098826225688,0.9999961806440713,0,0,0.3173556301690431,0.00025084731068703155,GSN;NRG1;CD36;CRYAB;GFAP,LumA,Suppressed
GO_Biological_Process_2023,Intrinsic Apoptotic Signaling Pathway (GO:0097193),4/105,0.9992113759592768,0.9999961806440713,0,0,0.2866572371522866,0.00022615397562217784,TMEM238L;LGALS12;RNF186;SCN2A,LumA,Suppressed
GO_Biological_Process_2023,Positive Regulation Of Cellular Catabolic Process (GO:0031331),7/146,0.9992458080829336,0.9999961806440713,0,0,0.364168366799098,0.00027475646127076586,MLXIPL;ABCD2;IGF1;PPARA;GPLD1;SH3D19;SNCA,LumA,Suppressed
GO_Biological_Process_2023,Mitotic DNA Damage Checkpoint Signaling (GO:0044773),1/56,0.999272579154588,0.9999961806440713,0,0,0.1317843446875705,9.589756259786324e-05,CDC14B,LumA,Suppressed
GO_Biological_Process_2023,Nucleotide-Excision Repair (GO:0006289),1/56,0.999272579154588,0.9999961806440713,0,0,0.1317843446875705,9.589756259786324e-05,USP44,LumA,Suppressed
GO_Biological_Process_2023,Positive Regulation Of DNA-templated Transcription Initiation (GO:2000144),1/56,0.999272579154588,0.9999961806440713,0,0,0.1317843446875705,9.589756259786324e-05,FOSL1,LumA,Suppressed
GO_Biological_Process_2023,Regulation Of Plasma Membrane Bounded Cell Projection Assembly (GO:0120032),2/75,0.9992919136131976,0.9999961806440713,0,0,0.1984572746697196,0.00014057466993619132,PPP1R16B;CAV1,LumA,Suppressed
GO_Biological_Process_2023,B Cell Activation (GO:0042113),3/92,0.9993529239395448,0.9999961806440713,0,0,0.2440471761291762,0.0001579681995286313,ADGRG3;IFNE;KIT,LumA,Suppressed
GO_Biological_Process_2023,Negative Regulation Of Translation (GO:0017148),4/107,0.9993575393256314,0.9999961806440713,0,0,0.2810589157571006,0.00018062732974755637,ZFP36;TRIM2;IGF2BP2;C8ORF88,LumA,Suppressed
GO_Biological_Process_2023,Positive Regulation Of T Cell Activation (GO:0050870),4/107,0.9993575393256314,0.9999961806440713,0,0,0.2810589157571006,0.00018062732974755637,IL6;ANXA1;CD209;LEP,LumA,Suppressed
GO_Biological_Process_2023,Regulation Of Cellular Response To Stress (GO:0080135),4/107,0.9993575393256314,0.9999961806440713,0,0,0.2810589157571006,0.00018062732974755637,CRHBP;AIFM2;ADCY8;CORO2B,LumA,Suppressed
GO_Biological_Process_2023,RNA Catabolic Process (GO:0006401),1/57,0.9993604544434592,0.9999961806440713,0,0,0.1294236677301193,8.27988112370046e-05,ZFP36,LumA,Suppressed
GO_Biological_Process_2023,Post-Transcriptional Regulation Of Gene Expression (GO:0010608),1/57,0.9993604544434592,0.9999961806440713,0,0,0.1294236677301193,8.27988112370046e-05,PER1,LumA,Suppressed
GO_Biological_Process_2023,Signal Transduction In Response To DNA Damage (GO:0042770),1/57,0.9993604544434592,0.9999961806440713,0,0,0.1294236677301193,8.27988112370046e-05,MAP2K6,LumA,Suppressed
GO_Biological_Process_2023,Positive Regulation Of DNA Metabolic Process (GO:0051054),4/108,0.9994202757949636,0.9999961806440713,0,0,0.2783405000796305,0.00016140751558175144,NPM2;STPG4;FGF2;EGFR,LumA,Suppressed
GO_Biological_Process_2023,mRNA Transport (GO:0051028),1/58,0.9994376730622504,0.9999961806440713,0,0,0.127145821543105,7.151763050617327e-05,ZFP36,LumA,Suppressed
GO_Biological_Process_2023,Peptidyl-Threonine Phosphorylation (GO:0018107),1/58,0.9994376730622504,0.9999961806440713,0,0,0.127145821543105,7.151763050617327e-05,TGFBR2,LumA,Suppressed
GO_Biological_Process_2023,Selective Autophagy (GO:0061912),1/58,0.9994376730622504,0.9999961806440713,0,0,0.127145821543105,7.151763050617327e-05,MAP1LC3C,LumA,Suppressed
GO_Biological_Process_2023,DNA-templated Transcription Initiation (GO:0006352),1/59,0.9995055266074132,0.9999961806440713,0,0,0.1249465217763326,6.179801051007094e-05,PPARGC1A,LumA,Suppressed
GO_Biological_Process_2023,Mitotic Cytokinesis (GO:0000281),1/59,0.9995055266074132,0.9999961806440713,0,0,0.1249465217763326,6.179801051007094e-05,SPTBN1,LumA,Suppressed
GO_Biological_Process_2023,Negative Regulation Of Protein-Containing Complex Assembly (GO:0031333),1/59,0.9995055266074132,0.9999961806440713,0,0,0.1249465217763326,6.179801051007094e-05,CRYAB,LumA,Suppressed
GO_Biological_Process_2023,Protein Targeting To Mitochondrion (GO:0006626),1/59,0.9995055266074132,0.9999961806440713,0,0,0.1249465217763326,6.179801051007094e-05,MGARP,LumA,Suppressed
GO_Biological_Process_2023,T Cell Receptor Signaling Pathway (GO:0050852),3/95,0.9995332873429412,0.9999961806440713,0,0,0.2360486251079758,0.0001101925971597976,BTNL9;BTN1A1;BTNL2,LumA,Suppressed
GO_Biological_Process_2023,Negative Regulation Of Programmed Cell Death (GO:0043069),27/381,0.9995397355402772,0.9999961806440713,0,0,0.5492992177314211,0.000252881108233932,MPO;CX3CL1;EGFR;AQP1;RNF157;SOCS3;AIFM2;FFAR4;PROK2;SOX8;SNCA;ANGPT4;ANXA1;TSLP;ANGPT1;NR1H4;IGF1;POU3F3;TNFRSF10D;SFRP1;IL6;ALB;CAT;SPRY2;ANGPTL4;CRYAB;MET,LumA,Suppressed
GO_Biological_Process_2023,Regulation Of Mitotic Cell Cycle (GO:0007346),5/125,0.9995610075435474,0.9999961806440713,0,0,0.3013842861088097,0.00013233447713941978,CDKN1C;FOXC1;CAV2;CCDC8;MEIS2,LumA,Suppressed
GO_Biological_Process_2023,Autophagosome Organization (GO:1905037),1/61,0.9996175416367744,0.9999961806440713,0,0,0.1207678522194651,4.6197509965397085e-05,MAP1LC3C,LumA,Suppressed
GO_Biological_Process_2023,Proteolysis (GO:0006508),22/330,0.99962185571046,0.9999961806440713,0,0,0.5147207819297932,0.00019467553443539804,CPA2;CPM;CPA1;TINAGL1;MMP7;MME;LVRN;PTCH1;ADAM33;KLK3;PRSS33;TRHDE;PGA5;ADAMTS5;CAPN11;ADAMTS3;CAPN6;ADAMTS1;NAALAD2;LPA;ELANE;PAPPA2,LumA,Suppressed
GO_Biological_Process_2023,Cytoskeleton-Dependent Cytokinesis (GO:0061640),2/81,0.9996488080397474,0.9999961806440713,0,0,0.1833217242842104,6.439242342089728e-05,ROPN1B;SPTBN1,LumA,Suppressed
GO_Biological_Process_2023,Spindle Assembly (GO:0051225),2/81,0.9996488080397474,0.9999961806440713,0,0,0.1833217242842104,6.439242342089728e-05,STARD9;GOLGA8M,LumA,Suppressed
GO_Biological_Process_2023,Regulation Of Protein Ubiquitination (GO:0031396),4/113,0.999653929228791,0.9999961806440713,0,0,0.2654966094934184,9.189651866761931e-05,ANGPT1;CAV1;FAM107A;SPRY2,LumA,Suppressed
GO_Biological_Process_2023,Protein-Containing Complex Disassembly (GO:0032984),1/62,0.9996635774063544,0.9999961806440713,0,0,0.1187812716104625,3.996742682142502e-05,MAP1LC3C,LumA,Suppressed
GO_Biological_Process_2023,Spliceosomal Complex Assembly (GO:0000245),1/62,0.9996635774063544,0.9999961806440713,0,0,0.1187812716104625,3.996742682142502e-05,CELF2,LumA,Suppressed
GO_Biological_Process_2023,MAPK Cascade (GO:0000165),3/98,0.9996636853358888,0.9999961806440713,0,0,0.2285552457302196,7.687940925972476e-05,ZFP36;IGF1;MAP2K6,LumA,Suppressed
GO_Biological_Process_2023,Phosphatidylinositol Biosynthetic Process (GO:0006661),3/98,0.9996636853358888,0.9999961806440713,0,0,0.2285552457302196,7.687940925972476e-05,SOCS3;PGAP4;FGF2,LumA,Suppressed
GO_Biological_Process_2023,Negative Regulation Of Apoptotic Process (GO:0043066),36/482,0.9996822691303576,0.9999961806440713,0,0,0.5804004072192981,0.0001844404288874058,CNTFR;MPO;EGFR;CX3CL1;AQP1;RNF157;NTF4;SOCS3;PTPRZ1;PDK4;FFAR4;PROK2;SOX8;PPARGC1A;SNCA;ANGPT4;NTRK2;ANXA1;TSLP;ANGPT1;CAV1;FZD9;NR1H4;CIDEA;IGF1;KLF4;POU3F3;TNFRSF10D;SFRP1;IL6;ALB;CAT;TYRO3;SPRY2;ANGPTL4;CRYAB,LumA,Suppressed
GO_Biological_Process_2023,Regulation Of Cellular Catabolic Process (GO:0031329),1/63,0.9997040281226506,0.9999961806440713,0,0,0.1168587742469116,3.459203018522559e-05,DEPP1,LumA,Suppressed
GO_Biological_Process_2023,Positive Regulation Of Proteasomal Ubiquitin-Dependent Protein Catabolic Process (GO:0032436),2/83,0.9997220567396158,0.9999961806440713,0,0,0.1787748305469999,4.969616595403969e-05,CEBPA;CAV1,LumA,Suppressed
GO_Biological_Process_2023,Positive Regulation Of Ubiquitin-Dependent Protein Catabolic Process (GO:2000060),2/83,0.9997220567396158,0.9999961806440713,0,0,0.1787748305469999,4.969616595403969e-05,CEBPA;CAV3,LumA,Suppressed
GO_Biological_Process_2023,Regulation Of Organelle Organization (GO:0033043),3/100,0.9997297605080802,0.9999961806440713,0,0,0.2238171639243531,6.0492410749223855e-05,CAPN6;PDE2A;MGARP,LumA,Suppressed
GO_Biological_Process_2023,Actin Filament Organization (GO:0007015),6/144,0.9997340973475424,0.9999961806440713,0,0,0.3142939512423647,8.3582708211176e-05,CNN1;GSN;LMOD1;PROX1;MYO1H;OOEP,LumA,Suppressed
GO_Biological_Process_2023,Positive Regulation Of Protein Metabolic Process (GO:0051247),10/196,0.9997359749929068,0.9999961806440713,0,0,0.3882171248499131,0.0001025125626778778,IL6;CHRNA7;GPC3;SAMD4A;C4BPA;ASB11;ASB5;IL17D;KLF4;LARP6,LumA,Suppressed
GO_Biological_Process_2023,Endocytic Recycling (GO:0032456),1/64,0.9997395708246696,0.9999961806440713,0,0,0.1149973085456956,2.9952554658640432e-05,TRARG1,LumA,Suppressed
GO_Biological_Process_2023,Positive Regulation Of Type I Interferon Production (GO:0032481),1/64,0.9997395708246696,0.9999961806440713,0,0,0.1149973085456956,2.9952554658640432e-05,NMB,LumA,Suppressed
GO_Biological_Process_2023,Regulation Of Secretion By Cell (GO:1903530),1/64,0.9997395708246696,0.9999961806440713,0,0,0.1149973085456956,2.9952554658640432e-05,SAA1,LumA,Suppressed
GO_Biological_Process_2023,RNA Export From Nucleus (GO:0006405),1/65,0.9997708006662632,0.9999961806440713,0,0,0.1131940136476426,2.594696613829501e-05,NPAP1,LumA,Suppressed
GO_Biological_Process_2023,Autophagosome Assembly (GO:0000045),1/65,0.9997708006662632,0.9999961806440713,0,0,0.1131940136476426,2.594696613829501e-05,MAP1LC3C,LumA,Suppressed
GO_Biological_Process_2023,Regulation Of Translational Initiation (GO:0006446),1/65,0.9997708006662632,0.9999961806440713,0,0,0.1131940136476426,2.594696613829501e-05,C8ORF88,LumA,Suppressed
GO_Biological_Process_2023,Cellular Respiration (GO:0045333),2/85,0.9997799886947898,0.9999961806440713,0,0,0.1744470642188115,3.838454896107916e-05,NR4A3;PPARGC1A,LumA,Suppressed
GO_Biological_Process_2023,Macromolecule Catabolic Process (GO:0009057),2/85,0.9997799886947898,0.9999961806440713,0,0,0.1744470642188115,3.838454896107916e-05,DNASE1L3;ELANE,LumA,Suppressed
GO_Biological_Process_2023,Nuclear-Transcribed mRNA Catabolic Process (GO:0000956),2/85,0.9997799886947898,0.9999961806440713,0,0,0.1744470642188115,3.838454896107916e-05,ZFP36;SAMD4A,LumA,Suppressed
GO_Biological_Process_2023,Peptidyl-Threonine Modification (GO:0018210),1/66,0.9997982404886484,0.9999961806440713,0,0,0.1114462047464528,2.248760043156257e-05,TGFBR2,LumA,Suppressed
GO_Biological_Process_2023,Extrinsic Apoptotic Signaling Pathway (GO:0097191),1/67,0.9998223499294618,0.9999961806440713,0,0,0.1097513597513597,1.949906885825346e-05,G0S2,LumA,Suppressed
GO_Biological_Process_2023,Protein Secretion (GO:0009306),1/67,0.9998223499294618,0.9999961806440713,0,0,0.1097513597513597,1.949906885825346e-05,ANXA1,LumA,Suppressed
GO_Biological_Process_2023,Non-Membrane-Bounded Organelle Assembly (GO:0140694),5/135,0.9998367265386652,0.9999961806440713,0,0,0.2780415524823147,4.5400513119054224e-05,TMOD1;STARD9;LMOD1;GOLGA8M;PGM5,LumA,Suppressed
GO_Biological_Process_2023,Positive Regulation Of DNA Repair (GO:0045739),2/89,0.999861948291722,0.9999961806440713,0,0,0.1663884648490814,2.297179749461143e-05,OOEP;EGFR,LumA,Suppressed
GO_Biological_Process_2023,Protein Localization To Organelle (GO:0033365),5/137,0.9998660495459218,0.9999961806440713,0,0,0.2737974190956792,3.667774516844906e-05,ROPN1B;ANK2;RNF186;ROPN1;SGCG,LumA,Suppressed
GO_Biological_Process_2023,Positive Regulation Of NF-kappaB Transcription Factor Activity (GO:0051092),6/152,0.9998758237950808,0.9999961806440713,0,0,0.2969361165831199,3.687468958760252e-05,ALK;IL6;CAV1;S100A12;CD36;CX3CL1,LumA,Suppressed
GO_Biological_Process_2023,Negative Regulation Of Intracellular Signal Transduction (GO:1902532),12/231,0.9998861282492524,0.9999961806440713,0,0,0.3952399109902055,4.500922331799908e-05,ADGRG3;PER1;PDE11A;CAV3;CAV1;PDE2A;ADIPOQ;PDE3B;NR1H4;PPARG;PPARA;DRD2,LumA,Suppressed
GO_Biological_Process_2023,Positive Regulation Of Translation (GO:0045727),3/108,0.9998871543947356,0.9999961806440713,0,0,0.2066698202459791,2.3323096934804805e-05,IL6;SAMD4A;LARP6,LumA,Suppressed
GO_Biological_Process_2023,Detection Of Chemical Stimulus Involved In Sensory Perception Of Smell (GO:0050911),5/139,0.999890056944484,0.9999961806440713,0,0,0.2696799762578986,2.9651070595804973e-05,OR2S2;OR2L13;OR2L3;OR10A3;OR10A6,LumA,Suppressed
GO_Biological_Process_2023,Regulation Of Double-Strand Break Repair Via Homologous Recombination (GO:0010569),1/71,0.9998928611761988,0.9999961806440713,0,0,0.1034562211981566,1.1084771669390545e-05,OOEP,LumA,Suppressed
GO_Biological_Process_2023,Protein Localization (GO:0008104),22/351,0.9999071491017636,0.9999961806440713,0,0,0.481280425252944,4.4689394545603306e-05,NGFR;CAV3;ANGPT1;STX19;CAV1;ITSN1;ANK2;PHYHIP;EGFR;STX11;FBLN5;FGF7;ARL4A;RRAGD;MGAT3;DMD;ANKS4B;TNS4;DRD2;FERMT2;GPIHBP1;AKAIN1,LumA,Suppressed
GO_Biological_Process_2023,Detection Of Chemical Stimulus Involved In Sensory Perception (GO:0050907),5/141,0.9999096940100016,0.9999961806440713,0,0,0.2656836346800526,2.3993907069191777e-05,OR2S2;OR2L13;OR2L3;OR10A3;OR10A6,LumA,Suppressed
GO_Biological_Process_2023,Positive Regulation Of Intracellular Protein Transport (GO:0090316),4/126,0.9999098010174208,0.9999961806440713,0,0,0.2370294946203713,2.1380783533009208e-05,PRNP;TENM1;UBL4B;KCNB1,LumA,Suppressed
GO_Biological_Process_2023,RNA Metabolic Process (GO:0016070),3/111,0.9999184137288476,0.9999961806440713,0,0,0.2008944996320824,1.6390901765401467e-05,PCBP3;CELF2;RNASE1,LumA,Suppressed
GO_Biological_Process_2023,"Regulation Of mRNA Splicing, Via Spliceosome (GO:0048024)",2/94,0.9999224436049536,0.9999961806440713,0,0,0.1573006421902826,1.2200143852442386e-05,CELF2;SRSF12,LumA,Suppressed
GO_Biological_Process_2023,Import Into Nucleus (GO:0051170),1/74,0.999926310289858,0.9999961806440713,0,0,0.0991875998504367,7.309374798821088e-06,NPAP1,LumA,Suppressed
GO_Biological_Process_2023,Regulation Of Cell Cycle G1/S Phase Transition (GO:1902806),1/74,0.999926310289858,0.9999961806440713,0,0,0.0991875998504367,7.309374798821088e-06,CDKN2C,LumA,Suppressed
GO_Biological_Process_2023,Regulation Of mRNA Stability (GO:0043488),1/74,0.999926310289858,0.9999961806440713,0,0,0.0991875998504367,7.309374798821088e-06,ZFP36,LumA,Suppressed
GO_Biological_Process_2023,Regulation Of Protein Serine/Threonine Kinase Activity (GO:0071900),3/112,0.99992671922616,0.9999961806440713,0,0,0.1990400388845009,1.4586342530350836e-05,CDKN2C;ADRB2;SNCA,LumA,Suppressed
GO_Biological_Process_2023,Protein Targeting (GO:0006605),4/129,0.9999335774570284,0.9999961806440713,0,0,0.2313010351966873,1.5364113217116936e-05,NLGN1;RASSF9;AKAP6;MGARP,LumA,Suppressed
GO_Biological_Process_2023,Regulation Of Cell Cycle Process (GO:0010564),4/130,0.9999399642880298,0.9999961806440713,0,0,0.2294521673403661,1.3775737751638356e-05,SFRP1;CAV2;CCDC8;KLHL13,LumA,Suppressed
GO_Biological_Process_2023,Transcription Initiation At RNA Polymerase II Promoter (GO:0006367),1/76,0.99994238348612,0.9999961806440713,0,0,0.0965315687896333,5.561972705306677e-06,PPARGC1A,LumA,Suppressed
GO_Biological_Process_2023,Dephosphorylation (GO:0016311),5/147,0.9999495344906691,0.9999961806440713,0,0,0.2543700479596719,1.2837237950370871e-05,PLPPR1;PTPRZ1;ALPL;PLPP3;CDC14B,LumA,Suppressed
GO_Biological_Process_2023,Mitochondrion Organization (GO:0007005),6/162,0.999951363772102,0.9999961806440713,0,0,0.2777423571041474,1.3508669085084307e-05,PID1;CAV2;AIFM2;MGARP;COX7A1;PPARGC1A,LumA,Suppressed
GO_Biological_Process_2023,Regulation Of Innate Immune Response (GO:0045088),1/78,0.9999547855864016,0.9999961806440713,0,0,0.094013513368352,4.250861978125211e-06,TYRO3,LumA,Suppressed
GO_Biological_Process_2023,Antigen Receptor-Mediated Signaling Pathway (GO:0050851),4/134,0.9999596741817872,0.9999961806440713,0,0,0.2223411371237458,8.966269064158884e-06,BTNL9;BTN1A1;BTNL2;BMX,LumA,Suppressed
GO_Biological_Process_2023,Protein Import Into Nucleus (GO:0006606),1/79,0.9999598794926472,0.9999961806440713,0,0,0.0928029098004284,3.723374517346432e-06,NPAP1,LumA,Suppressed
GO_Biological_Process_2023,Protein Complex Oligomerization (GO:0051259),2/100,0.9999604307197882,0.9999961806440713,0,0,0.1476193290721336,5.8413061656296365e-06,VSTM5;SNCA,LumA,Suppressed
GO_Biological_Process_2023,Regulation Of Cell Differentiation (GO:0045595),8/193,0.9999629025431443,0.9999961806440713,0,0,0.3120113892407546,1.1575043754466437e-05,NTF4;ALK;NLGN1;TNXB;RELN;EDN3;KLF4;KLK6,LumA,Suppressed
GO_Biological_Process_2023,Endosomal Transport (GO:0016197),7/180,0.9999653648517276,0.9999961806440713,0,0,0.2920273392191259,1.011458535450916e-05,ANXA8L1;TINAGL1;ITSN1;DENND2A;RASSF9;ANXA8;NSG1,LumA,Suppressed
GO_Biological_Process_2023,Positive Regulation Of Cytokine Production (GO:0001819),18/320,0.9999664684571054,0.9999961806440713,0,0,0.4289355152792297,1.4383110774919585e-05,CCBE1;EGR1;IL33;ANXA1;TSLP;ADIPOQ;NR1H4;PTGS2;IL6;NLRP10;LEP;SAA1;FFAR3;IL17D;DRD2;ELANE;SPTBN1;NODAL,LumA,Suppressed
GO_Biological_Process_2023,Activation Of GTPase Activity (GO:0090630),2/102,0.9999681326055758,0.9999961806440713,0,0,0.1446503930492345,4.609704578939553e-06,CCL21;AGAP11,LumA,Suppressed
GO_Biological_Process_2023,Protein Catabolic Process (GO:0030163),2/102,0.9999681326055758,0.9999961806440713,0,0,0.1446503930492345,4.609704578939553e-06,CPA2;ELANE,LumA,Suppressed
GO_Biological_Process_2023,Macroautophagy (GO:0016236),2/104,0.9999741904547432,0.9999961806440713,0,0,0.1417978858899786,3.659786182103695e-06,MAP1LC3C;TMEM74,LumA,Suppressed
GO_Biological_Process_2023,Negative Regulation Of Gene Expression (GO:0010629),19/336,0.9999742862934802,0.9999961806440713,0,0,0.4311461619348055,1.1086508413363411e-05,PIWIL4;CIDEA;IGF1;KLF4;FGF2;CLDN5;SFRP1;ZFP36;BMP2;KRT17;TRIM2;ATOH8;FFAR4;CLDN19;PPARG;CCDC3;IGF2BP2;CD34;RBMS3,LumA,Suppressed
GO_Biological_Process_2023,Epigenetic Regulation Of Gene Expression (GO:0040029),1/83,0.9999747630956156,0.9999961806440713,0,0,0.0882557646916419,2.227330400464321e-06,PADI2,LumA,Suppressed
GO_Biological_Process_2023,Lysosomal Transport (GO:0007041),2/105,0.9999767146681128,0.9999961806440713,0,0,0.1404131736767476,3.269605417457272e-06,CCL14;GPRASP1,LumA,Suppressed
GO_Biological_Process_2023,Positive Regulation Of Double-Strand Break Repair (GO:2000781),1/84,0.9999774235381113,0.9999961806440713,0,0,0.0871874595154812,1.968406576849155e-06,OOEP,LumA,Suppressed
GO_Biological_Process_2023,Protein-Containing Complex Assembly (GO:0065003),18/328,0.9999796964371768,0.9999961806440713,0,0,0.4176727438835969,8.480330885795346e-06,ANGPT1;NRG1;ADRB2;NSG1;ADCY8;COX7A1;CX3CL1;JCHAIN;CASQ2;DMD;ANKS4B;APBA1;STXBP6;PPARGC1A;FERMT2;TMEM35A;WASF3;SNCA,LumA,Suppressed
GO_Biological_Process_2023,Establishment Of Protein Localization To Organelle (GO:0072594),1/85,0.9999797593910188,0.9999961806440713,0,0,0.0861445901768482,1.7436366117990062e-06,NPAP1,LumA,Suppressed
GO_Biological_Process_2023,Positive Regulation Of I-kappaB kinase/NF-kappaB Signaling (GO:0043123),6/175,0.9999838781551598,0.9999961806440713,0,0,0.2561862887662243,4.130228891228422e-06,EDAR;GPRC5B;CCL21;S100A12;S100B;CX3CL1,LumA,Suppressed
GO_Biological_Process_2023,Regulation Of Double-Strand Break Repair (GO:2000779),1/88,0.999985189972892,0.9999961806440713,0,0,0.0831598262076571,1.2316084005325683e-06,OOEP,LumA,Suppressed
GO_Biological_Process_2023,ERAD Pathway (GO:0036503),1/89,0.9999865764546276,0.9999961806440713,0,0,0.0822101285810963,1.103558797929151e-06,SEL1L2,LumA,Suppressed
GO_Biological_Process_2023,Mitotic Sister Chromatid Segregation (GO:0000070),2/111,0.9999868510737598,0.9999961806440713,0,0,0.1326384592318174,1.7440647833621648e-06,KIF25;ANKRD53,LumA,Suppressed
GO_Biological_Process_2023,Positive Regulation Of Proteasomal Protein Catabolic Process (GO:1901800),1/90,0.9999877930531162,0.9999961806440713,0,0,0.0812817724742335,9.92208335139782e-07,CEBPA,LumA,Suppressed
GO_Biological_Process_2023,Defense Response To Symbiont (GO:0140546),4/148,0.9999881649091176,0.9999961806440713,0,0,0.2005636070853462,2.3737025640832047e-06,IL6;IFNE;OPRK1;RNASE1,LumA,Suppressed
GO_Biological_Process_2023,Positive Regulation Of Nucleic Acid-Templated Transcription (GO:1903508),37/557,0.9999882398169592,0.9999961806440713,0,0,0.5096371827165278,5.993461795276705e-06,CDKN1C;FOXC1;FGF2;EGFR;FGF7;SOX17;ATOH8;HAS3;ALX1;SOX8;NOS1;PPARGC1A;TP63;EGR1;EGR2;MYOCD;FZD4;IRX6;TESC;ZBTB16;NR1H4;PSG1;PAX3;FOS;IGF1;KLF4;SOX10;POU3F3;ESR2;MLXIPL;SFRP1;BMP2;IL6;NFIB;PPARG;PPARA;CREB5,LumA,Suppressed
GO_Biological_Process_2023,rRNA Metabolic Process (GO:0016072),1/91,0.999988860289488,0.9999961806440713,0,0,0.0803740465030787,8.953485976872789e-07,CAVIN1,LumA,Suppressed
GO_Biological_Process_2023,Regulation Of RNA Metabolic Process (GO:0051252),1/91,0.999988860289488,0.9999961806440713,0,0,0.0803740465030787,8.953485976872789e-07,PCBP3,LumA,Suppressed
GO_Biological_Process_2023,Endomembrane System Organization (GO:0010256),7/196,0.9999894305560426,0.9999961806440713,0,0,0.2670597629138259,2.822688114538853e-06,ANXA8L1;CR1;CAV3;CAV2;ANXA8;GOLGA8M;SPTBN1,LumA,Suppressed
GO_Biological_Process_2023,"Retrograde Transport, Endosome To Golgi (GO:0042147)",1/94,0.9999913370217994,0.9999961806440713,0,0,0.0777679945213764,6.737053593922656e-07,DENND2A,LumA,Suppressed
GO_Biological_Process_2023,Sensory Perception Of Smell (GO:0007608),9/230,0.9999918893605734,0.9999961806440713,0,0,0.293347853025666,2.3792483110923745e-06,OR2S2;OR2L13;OR1E1;OR7A5;OR2L3;DRD2;OR10A3;OR10A6;CNGB1,LumA,Suppressed
GO_Biological_Process_2023,Regulation Of Transcription By RNA Polymerase II (GO:0006357),121/2028,0.999991932068005,0.9999961806440713,0,0,0.4327773221556055,3.491632089289792e-06,CSF3;PID1;FGF1;FGF2;ABRA;NR3C2;ZFP36;EDNRB;SOX17;NKX1-2;HOXA3;SOX8;HOXA7;SOX6;HOXA6;MYOZ2;TP63;HOXA5;PKNOX2;HOXA4;MLIP;LMO3;EBF1;PSG1;SOX14;EBF2;SOX10;POU3F3;FOXP2;NPAS4;LMX1A;RFX4;ATF3;MAGEB4;EPAS1;TSHZ2;TWIST2;GALR1;ALX4;ALX1;PPARGC1A;ELANE;EGR1;EGR2;BCL11A;CAV1;ZBTB16;PTCH1;PDE2A;POU6F2;IGF1;BMP6;ESR2;BMP5;PHOX2A;FOSL1;MLXIPL;BMP2;IL6;NR4A3;ZSCAN4;ID4;CYP1A1;LHX6;SIM1;ZBTB8B;TENM2;CSRNP3;RHOXF1;TCF21;LDB2;NR2E1;HIF3A;MEOX2;MEOX1;CX3CL1;NOS1;MYOCD;EDN1;TCF15;FIGLA;PAX3;FOS;PROX1;KLF15;RGMA;ETV3L;ELF5;DMRTA1;PPARG;NCOA7;PPARA;VGLL1;MET;VGLL3;CREB5;CEBPA;FOXC1;TBXT;EGFR;PLAGL1;ATOH8;SHOX;RXRG;SNCA;IRX1;IL33;IRX6;DMRT2;NR1H4;DMRT3;KLF4;MEIS2;TBX15;PER1;KLF5;NFIB;ASXL3;FOSB;LPIN1;PF4,LumA,Suppressed
GO_Biological_Process_2023,Regulation Of DNA-templated Transcription (GO:0006355),103/1922,0.999992024111704,0.9999961806440713,0,0,0.3853694593909424,3.073676018429756e-06,FGF2;NR3C2;FGF7;EFEMP1;SOX17;NKX1-2;HOXA3;SOX8;HOXA7;SOX6;HOXA6;SOX7;TP63;HOXA5;PKNOX2;HOXA4;ADIPOQ;EBF1;PSG1;SOX14;EBF2;SOX10;POU3F3;FOXP2;NPAS4;SFRP1;LMX1A;RFX4;ATF3;EPAS1;TSHZ2;TWIST2;ALX4;ALX1;PPARGC1A;EGR1;EGR2;FZD4;BCL11A;ZBTB16;POU6F2;IGF1;ESR2;PHOX2A;FOSL1;MLXIPL;BMP2;IL6;NR4A3;ZSCAN4;ID4;CYP1A1;LHX6;SIM1;ZBTB8B;CDKN1C;TENM1;CSRNP3;RHOXF1;TCF21;HIF3A;MEOX2;MEOX1;NOS1;ZNF488;MYOCD;TCF15;FIGLA;TESC;PAX3;NRG1;FOS;PROX1;KLF15;ETV3L;ELF5;DMRTA1;PPARG;NCOA7;PPARA;CRYAB;VGLL1;VGLL3;CREB5;CEBPA;FOXC1;TBXT;EGFR;TCEAL7;ATOH8;SHOX;HAS3;IRX1;IRX6;DMRT2;NR1H4;DMRT3;KLF4;TBX15;PER1;KLF5;NFIB;FOSB,LumA,Suppressed
GO_Biological_Process_2023,Positive Regulation Of DNA-templated Transcription (GO:0045893),82/1243,0.9999927721725568,0.9999961806440713,0,0,0.4962449189295374,3.5867856059485086e-06,CDKN1C;CSF3;PID1;CSRNP3;TCF21;LDB2;FGF1;MEOX2;FGF2;ABRA;CX3CL1;FGF7;SOX17;SOX8;NOS1;HOXA7;TP63;HOXA5;MYOCD;EDN1;MLIP;TCF15;TESC;LMO3;PSG1;SOX14;PAX3;FOS;PROX1;SOX10;KLF15;POU3F3;RGMA;NPAS4;SFRP1;LMX1A;RFX4;PPARG;NCOA7;PPARA;MET;ATF3;CREB5;CEBPA;FOXC1;EPAS1;TBXT;EGFR;PLAGL1;GALR1;ATOH8;HAS3;SHOX;ALX1;PPARGC1A;RXRG;NGFR;EGR1;IL33;EGR2;FZD4;IRX6;ZBTB16;NR1H4;IGF1;KLF4;MEIS2;BMP6;ESR2;BMP5;PHOX2A;FOSL1;MLXIPL;PER1;BMP2;IL6;KLF5;NR4A3;NFIB;ASXL3;LPIN1;PF4,LumA,Suppressed
GO_Biological_Process_2023,Plasma Membrane Bounded Cell Projection Assembly (GO:0120031),12/275,0.999992846689173,0.9999961806440713,0,0,0.3282820544008998,2.3483119731726937e-06,MRAP;P2RY12;GSN;CCL21;KIT;S1PR1;EMP1;ARHGEF4;VSTM5;MYLK;AIF1L;CDC14B,LumA,Suppressed
GO_Biological_Process_2023,Defense Response To Virus (GO:0051607),6/189,0.999992910053586,0.9999961806440713,0,0,0.2363971112756721,1.67604879291522e-06,NMB;IL6;USP44;IFNE;OPRK1;RNASE1,LumA,Suppressed
GO_Biological_Process_2023,Regulation Of Gene Expression (GO:0010468),69/1127,0.9999929390068336,0.9999961806440713,0,0,0.4585476410730805,3.2378131912320483e-06,MYOM1;PID1;RHOXF1;FGF1;FGF2;ACTG2;AFF2;FGF7;EFEMP1;C1QTNF1;SOX17;FGF9;CD36;SOX6;ZNF488;CD34;SOX7;HOXA5;EDN3;BTN1A1;TESC;AVPR2;PSG1;NRG1;ANK2;PROX1;POU3F3;ACTA2;ACE2;CLDN5;SFRP1;CLDN19;PKP1;PPARG;VGLL1;RBMS3;CEBPA;FOXC1;NKAPL;WNT6;PCBP3;ATOH8;IGF2BP2;PPARGC1A;TRIM43;BTNL9;ZNF462;NTRK2;EGR1;IL33;GSN;ANGPT1;ODAM;PDE2A;POU6F2;IGF1;BTNL2;KLF4;BMP6;ESR2;FGF17;MLXIPL;PER1;BMP2;IL6;KRT17;SPRY2;CCDC3;PF4,LumA,Suppressed
GO_Biological_Process_2023,Positive Regulation Of Transcription By RNA Polymerase II (GO:0045944),68/938,0.9999929934357584,0.9999961806440713,0,0,0.5555708747072656,3.892656661535993e-06,CSF3;PID1;CSRNP3;TCF21;LDB2;FGF1;MEOX2;FGF2;ABRA;CX3CL1;SOX17;SOX8;NOS1;HOXA7;TP63;HOXA5;MYOCD;EDN1;MLIP;TCF15;LMO3;PSG1;SOX14;PAX3;FOS;PROX1;KLF15;RGMA;NPAS4;LMX1A;RFX4;PPARG;NCOA7;PPARA;MET;ATF3;CEBPA;FOXC1;EPAS1;TBXT;EGFR;PLAGL1;GALR1;ATOH8;SHOX;ALX1;PPARGC1A;RXRG;EGR1;IL33;EGR2;NR1H4;IGF1;KLF4;MEIS2;BMP6;BMP5;PHOX2A;MLXIPL;PER1;BMP2;IL6;KLF5;NR4A3;NFIB;ASXL3;LPIN1;PF4,LumA,Suppressed
GO_Biological_Process_2023,Negative Regulation Of DNA-templated Transcription (GO:0045892),55/1025,0.999993099446073,0.9999961806440713,0,0,0.3984182845779476,2.7493163441655417e-06,CDKN1C;TENM2;TCF21;LDB2;NR2E1;ZFP36;EDNRB;SOX8;HOXA7;MYOZ2;SOX7;TP63;EDN1;MLIP;ADIPOQ;SOX14;NRG1;PROX1;SOX10;FOXP2;POU3F3;SFRP1;PPARG;PPARA;CRYAB;ATF3;MAGEB4;CEBPA;FOXC1;TWIST2;TBXT;TCEAL7;ATOH8;ALX1;ELANE;SNCA;IRX1;IL33;BCL11A;ZBTB16;CAV1;PTCH1;PDE2A;NR1H4;KLF4;MEIS2;BMP6;ESR2;MLXIPL;PER1;BMP2;NR4A3;NFIB;ID4;FOSB,LumA,Suppressed
GO_Biological_Process_2023,Peptide Biosynthetic Process (GO:0043043),4/158,0.9999933668997378,0.9999961806440713,0,0,0.1874324433330644,1.2432623123572263e-06,DMD;GGT3P;RPS4Y1;GGTA1,LumA,Suppressed
GO_Biological_Process_2023,Peptidyl-Serine Phosphorylation (GO:0018105),4/158,0.9999933668997378,0.9999961806440713,0,0,0.1874324433330644,1.2432623123572263e-06,CAMKV;PCK1;SGK2;TGFBR2,LumA,Suppressed
GO_Biological_Process_2023,RNA Splicing (GO:0008380),1/98,0.999993428388707,0.9999961806440713,0,0,0.0745440126883425,4.898758852489707e-07,PPARGC1A,LumA,Suppressed
GO_Biological_Process_2023,Negative Regulation Of Transcription By RNA Polymerase II (GO:0000122),41/763,0.9999935923178382,0.9999961806440713,0,0,0.4025933709045754,2.5796986261403613e-06,CEBPA;TENM2;FOXC1;TCF21;LDB2;NR2E1;TBXT;ZFP36;EDNRB;ALX1;SOX8;HOXA7;MYOZ2;ELANE;SNCA;IRX1;IL33;EDN1;MLIP;BCL11A;ZBTB16;CAV1;PTCH1;PDE2A;NR1H4;SOX14;PROX1;KLF4;SOX10;MEIS2;BMP6;ESR2;PER1;BMP2;NR4A3;ID4;FOSB;PPARG;PPARA;ATF3;MAGEB4,LumA,Suppressed
GO_Biological_Process_2023,Regulation Of Apoptotic Process (GO:0042981),43/705,0.9999937000867192,0.9999961806440713,0,0,0.462528736509099,2.9139001085665504e-06,ALK;CSRNP3;SLC6A2;MPO;EGFR;CX3CL1;AQP1;RNF157;SOCS3;ACVR1C;ADAMTSL4;AIFM2;TRIM2;FFAR4;PROK2;EMILIN2;SOX8;HOXA5;SNCA;WNT10B;ANGPT4;EGR1;ANXA1;TSLP;ANGPT1;FZD9;NR1H4;CIDEA;NRG1;IGF1;OLFM4;CIDEC;POU3F3;TNFRSF10D;SFRP1;BMP2;IL6;ALB;CAT;SPRY2;ANGPTL4;CRYAB;GPLD1,LumA,Suppressed
GO_Biological_Process_2023,Protein Modification Process (GO:0036211),24/711,0.9999937084389916,0.9999961806440713,0,0,0.2464231340766334,1.5503910590915042e-06,EPHB6;CHRM3;ANXA1;EPB42;ST8SIA1;ST8SIA2;BMX;PRKAG3;CDC14B;TGFBR2;MAPK10;LIPE;BMP2;ACVR1C;PTPRZ1;B3GNT5;PDK4;TGM7;PI3;SIK2;PAK3;TGM5;EPHB1;SGK2,LumA,Suppressed
GO_Biological_Process_2023,Negative Regulation Of Nucleic Acid-Templated Transcription (GO:1903507),25/456,0.999993957883086,0.9999961806440713,0,0,0.4155303184488677,2.510690350383237e-06,CDKN1C;CEBPA;TWIST2;TCEAL7;ATOH8;ALX1;SOX8;HOXA7;SOX7;TP63;ZBTB16;ADIPOQ;SOX14;NRG1;PROX1;KLF4;FOXP2;POU3F3;MLXIPL;PER1;SFRP1;BMP2;ID4;PPARG;CRYAB,LumA,Suppressed
GO_Biological_Process_2023,Regulation Of Programmed Cell Death (GO:0043067),6/195,0.99999417819581,0.9999961806440713,0,0,0.228813503575211,1.332111291506891e-06,ALK;ALB;CIDEA;OLFM4;CRYAB;CIDEC,LumA,Suppressed
GO_Biological_Process_2023,Protein Phosphorylation (GO:0006468),25/500,0.9999942618473738,0.9999961806440713,0,0,0.3760717583432265,2.1579633391317878e-06,ALK;EPHB6;PKDCC;PRKAG3;EGFR;LIPE;EFEMP1;RELN;ACVR1C;CAMKV;PDK4;PCK1;PAK3;EPHB1;NTRK2;BMX;TGFBR2;TGFBR3;MAPK10;BMP2;KIT;TYRO3;SIK2;SGK2;DDR2,LumA,Suppressed
GO_Biological_Process_2023,Protein Dephosphorylation (GO:0006470),2/124,0.9999943153694802,0.9999961806440713,0,0,0.1184166796665694,6.731569846066156e-07,PTPRZ1;CDC14B,LumA,Suppressed
GO_Biological_Process_2023,Regulation Of Nucleic Acid-Templated Transcription (GO:1903506),15/452,0.9999944337870016,0.9999961806440713,0,0,0.2447865304583893,1.3625377597913392e-06,CEBPA;FOXC1;RHOXF1;POU6F2;PSG1;ESR2;MLXIPL;BMP2;EFEMP1;SOX17;SOX6;PPARGC1A;ZNF488;SOX7;VGLL1,LumA,Suppressed
GO_Biological_Process_2023,Vesicle-Mediated Transport (GO:0016192),20/411,0.9999944556646254,0.9999961806440713,0,0,0.3665210035298168,2.032120998784289e-06,CCL14;ANXA8L1;TINAGL1;SCARA5;CAV3;CAV2;EQTN;STX19;ITSN1;STAB2;RASSF9;NSG1;ADRB2;PRSS12;STX11;NCALD;ARL4A;DNER;ANXA8;GPRASP1,LumA,Suppressed
GO_Biological_Process_2023,Protein Ubiquitination (GO:0016567),11/434,0.9999944971452404,0.9999961806440713,0,0,0.1852944872489652,1.0196514565724245e-06,RNF157;C10ORF90;TRIM50;TRIM2;DAW1;DTX1;ASB11;KLHL13;ASB5;RNF186;TRIM43,LumA,Suppressed
GO_Biological_Process_2023,Phosphorylation (GO:0016310),14/429,0.9999945151021584,0.9999961806440713,0,0,0.2407875159682388,1.320698548591693e-06,ALK;EPHB6;BMX;PRKAG3;TGFBR2;MAPK10;LIPE;BMP2;ACVR1C;PDK4;SIK2;PAK3;EPHB1;SGK2,LumA,Suppressed
GO_Biological_Process_2023,Organelle Organization (GO:0006996),18/418,0.9999945481419812,0.9999961806440713,0,0,0.3220095793419408,1.7555552927931896e-06,ROPN1B;CCL13;CCL24;ABCD2;DST;CAV2;CAV1;KIF25;GOLGA8M;SYNE3;CIDEC;MRAP;DES;KRT16;PPARGC1A;WASF3;ROPN1;SH3D19,LumA,Suppressed
GO_Biological_Process_2023,DNA Damage Response (GO:0006974),1/384,0.9999946859919324,0.9999961806440713,0,0,0.018570469088451,9.86838847564363e-08,MAP2K6,LumA,Suppressed
GO_Biological_Process_2023,Regulation Of I-kappaB kinase/NF-kappaB Signaling (GO:0043122),8/232,0.9999947114857116,0.9999961806440713,0,0,0.2571102684126325,1.3597349236533076e-06,EDAR;PER1;GPRC5B;CCL21;NR1H4;S100A12;S100B;CX3CL1,LumA,Suppressed
GO_Biological_Process_2023,Ubiquitin-Dependent Protein Catabolic Process (GO:0006511),4/367,0.999994755123756,0.9999961806440713,0,0,0.0785631584050556,4.120551237695732e-07,TRIM2;USP44;RNF150;RNF186,LumA,Suppressed
GO_Biological_Process_2023,Protein Modification By Small Protein Conjugation (GO:0032446),10/364,0.999994767618688,0.9999961806440713,0,0,0.2020084757488983,1.0569881386597823e-06,RNF157;C10ORF90;TRIM50;EGR2;BCL11A;DTX1;ASB11;KLHL13;ASB5;TRIM43,LumA,Suppressed
GO_Biological_Process_2023,Peptidyl-Serine Modification (GO:0018209),4/166,0.9999948385220824,0.9999961806440713,0,0,0.1780947268869974,9.19234372398582e-07,CAMKV;PCK1;SGK2;TGFBR2,LumA,Suppressed
GO_Biological_Process_2023,Intracellular Protein Transport (GO:0006886),13/325,0.9999948593009688,0.9999961806440713,0,0,0.299061374341923,1.5373884689556314e-06,TRARG1;NGFR;EGR2;NLGN1;STX19;RASSF9;AKAP6;STX11;NPAP1;ARL4A;MAP1LC3C;CACNG2;GPIHBP1,LumA,Suppressed
GO_Biological_Process_2023,Organelle Assembly (GO:0070925),6/322,0.9999949523215588,0.9999961806440713,0,0,0.1358543123481983,6.857506143135922e-07,SRPX;GSN;MAP1LC3C;SYNPO;CD34;CDC14B,LumA,Suppressed
GO_Biological_Process_2023,Proteasome-Mediated Ubiquitin-Dependent Protein Catabolic Process (GO:0043161),4/319,0.9999949663985092,0.9999961806440713,0,0,0.0907870781162706,4.56987121901993e-07,TRIM2;USP44;RNF186;ECRG4,LumA,Suppressed
GO_Biological_Process_2023,Protein Transport (GO:0015031),11/313,0.9999949777669528,0.9999961806440713,0,0,0.2613652614903962,1.3126405498468855e-06,NGFR;ARL4A;STX19;TXNIP;PPARG;VLDLR;CD36;APOB;SPTBN1;STX11;GPIHBP1,LumA,Suppressed
GO_Biological_Process_2023,Regulation Of Cell Cycle (GO:0051726),10/298,0.9999950499071244,0.9999961806440713,0,0,0.2492533785342004,1.233830427091415e-06,SFRP1;BMP2;BRINP1;SPATA22;PLAGL1;LEP;FZD9;GMNC;PROX1;MAP2K6,LumA,Suppressed
GO_Biological_Process_2023,Gene Expression (GO:0010467),3/296,0.999995077624892,0.9999961806440713,0,0,0.0732658273625206,3.606427724756835e-07,TESC;CELF2;RPS4Y1,LumA,Suppressed
GO_Biological_Process_2023,DNA Repair (GO:0006281),1/291,0.999995102776965,0.9999961806440713,0,0,0.0246584524115113,1.2075823684693846e-07,USP44,LumA,Suppressed
GO_Biological_Process_2023,DNA Metabolic Process (GO:0006259),1/288,0.9999951180585596,0.9999961806440713,0,0,0.0249205292478305,1.2166086142623385e-07,DNASE1L3,LumA,Suppressed
GO_Biological_Process_2023,Chromatin Organization (GO:0006325),4/268,0.9999952235189512,0.9999961806440713,0,0,0.1086454608193738,5.189442239940002e-07,PER1;NPM2;KDM4E;PADI2,LumA,Suppressed
GO_Biological_Process_2023,Regulation Of Autophagy (GO:0010506),7/241,0.9999953174511867,0.9999961806440713,0,0,0.2151440092982381,1.0074246840769322e-06,LEP;RRAGD;KIF25;LEPR;MET;DEPP1;GFAP,LumA,Suppressed
GO_Biological_Process_2023,Cilium Assembly (GO:0060271),3/243,0.999995365350643,0.9999961806440713,0,0,0.0897195778145695,4.1581974721516427e-07,RP1L1;GSN;CDC14B,LumA,Suppressed
GO_Biological_Process_2023,Translation (GO:0006412),1/234,0.9999954194691018,0.9999961806440713,0,0,0.0307919502160122,1.410438024096926e-07,RPS4Y1,LumA,Suppressed
GO_Biological_Process_2023,Chromatin Remodeling (GO:0006338),4/228,0.9999954557108104,0.9999961806440713,0,0,0.1283422064477965,5.832254265194154e-07,PER1;NPM2;KDM4E;PADI2,LumA,Suppressed
GO_Biological_Process_2023,Cilium Organization (GO:0044782),4/228,0.9999954557108104,0.9999961806440713,0,0,0.1283422064477965,5.832254265194154e-07,ROPN1B;GSN;ROPN1;CDC14B,LumA,Suppressed
GO_Biological_Process_2023,Protein Polyubiquitination (GO:0000209),4/226,0.9999954679930694,0.9999961806440713,0,0,0.129513364295973,5.869567946449517e-07,C10ORF90;TRIM2;DAW1;RNF186,LumA,Suppressed
GO_Biological_Process_2023,Regulation Of Translation (GO:0006417),5/202,0.9999955028988576,0.9999961806440713,0,0,0.1827747614381421,8.219584366956499e-07,IL6;TRIM2;SAMD4A;IGF2BP2;LARP6,LumA,Suppressed
GO_Biological_Process_2023,Proteasomal Protein Catabolic Process (GO:0010498),4/220,0.9999955051387808,0.9999961806440713,0,0,0.1331569664902998,5.98523429888255e-07,TRIM2;USP44;SEL1L2;RNF186,LumA,Suppressed
GO_Biological_Process_2023,mRNA Processing (GO:0006397),2/214,0.9999955464147704,0.9999961806440713,0,0,0.0677941624187164,3.019277527397759e-07,PPARGC1A;SRSF12,LumA,Suppressed
GO_Biological_Process_2023,"mRNA Splicing, Via Spliceosome (GO:0000398)",1/211,0.9999955663675772,0.9999961806440713,0,0,0.0342096971129229,1.5167355852880267e-07,SRSF12,LumA,Suppressed
GO_Biological_Process_2023,DNA-templated Transcription (GO:0006351),1/199,0.9999956484913348,0.9999961806440713,0,0,0.0363080766306572,1.579952538333987e-07,DTX1,LumA,Suppressed
GO_Biological_Process_2023,Golgi Vesicle Transport (GO:0048193),2/197,0.999995662350906,0.9999961806440713,0,0,0.0737765613231066,3.200175284455812e-07,CCL13;PLPP3,LumA,Suppressed
GO_Biological_Process_2023,Regulation Of Proteasomal Ubiquitin-Dependent Protein Catabolic Process (GO:0032434),1/109,0.9999956918860704,0.9999961806440713,0,0,0.0669094445976166,2.882541312162443e-07,CEBPA,LumA,Suppressed
GO_Biological_Process_2023,Transcription By RNA Polymerase II (GO:0006366),3/192,0.999995692349134,0.9999961806440713,0,0,0.1142646904236308,4.922134528002095e-07,DTX1;PPARG;PPARGC1A,LumA,Suppressed
GO_Biological_Process_2023,Modification-Dependent Protein Catabolic Process (GO:0019941),1/192,0.999995698328808,0.9999961806440713,0,0,0.0376538959548586,1.619750278744628e-07,RNF150,LumA,Suppressed
GO_Biological_Process_2023,RNA Processing (GO:0006396),2/183,0.9999957634190064,0.9999961806440713,0,0,0.0795470390443383,3.370081875923465e-07,CELF2;PPARGC1A,LumA,Suppressed
GO_Biological_Process_2023,Macromolecule Biosynthetic Process (GO:0009059),2/183,0.9999957634190064,0.9999961806440713,0,0,0.0795470390443383,3.370081875923465e-07,ALAS2;RPS4Y1,LumA,Suppressed
GO_Biological_Process_2023,"RNA Splicing, Via Transesterification Reactions With Bulged Adenosine As Nucleophile (GO:0000377)",1/180,0.999995787468928,0.9999961806440713,0,0,0.0402059045057783,1.693689787479112e-07,SRSF12,LumA,Suppressed
GO_Biological_Process_2023,Protein Deubiquitination (GO:0016579),1/112,0.9999959018583926,0.9999961806440713,0,0,0.0650899037995812,2.667481895690542e-07,USP44,LumA,Suppressed
GO_Biological_Process_2023,Protein Modification By Small Protein Removal (GO:0070646),1/114,0.9999959966667143,0.9999961806440713,0,0,0.0639305503707445,2.559358125677419e-07,USP44,LumA,Suppressed
GO_Biological_Process_2023,protein-RNA Complex Assembly (GO:0022618),1/150,0.9999960310152164,0.9999961806440713,0,0,0.0483843211706385,1.9203701558775657e-07,CELF2,LumA,Suppressed
GO_Biological_Process_2023,Protein Localization To Nucleus (GO:0034504),1/122,0.9999961656040588,0.9999961806440713,0,0,0.0596763939872444,2.2882336159038175e-07,NPAP1,LumA,Suppressed
GO_Biological_Process_2023,Golgi Organization (GO:0007030),1/130,0.9999961739530328,0.9999961806440713,0,0,0.0559498849071242,2.1406729698280322e-07,GOLGA8M,LumA,Suppressed
GO_Biological_Process_2023,Regulation Of DNA Repair (GO:0006282),1/129,0.9999961770877612,0.9999961806440713,0,0,0.0563902243589743,2.155752909119474e-07,EGFR,LumA,Suppressed
GO_Biological_Process_2023,Cytosolic Transport (GO:0016482),1/127,0.9999961806440713,0.9999961806440713,0,0,0.0572918718080008,2.188184681319703e-07,DENND2A,LumA,Suppressed
